model,preset,q_idx,q_label,q_text,cand_idx,cand_label,rank,score,sim,z,jacc,lenpen,bm25,mnn
/home/jovyan/Joel_Pardo/AI4LABOUR/Mejoras/results_coursera/models/simcse_coursera_sup/sentence-transformers/all-MiniLM-L6-v2,D_char_jaccard,0,d52ebdd6c51c,train personnel on proper operational procedures,3978,6918d9132472,1,0.9513952612876893,0.4888518452644348,4.943495273590088,0.1599999964237213,0.4285714328289032,1.0,1
/home/jovyan/Joel_Pardo/AI4LABOUR/Mejoras/results_coursera/models/simcse_coursera_sup/sentence-transformers/all-MiniLM-L6-v2,D_char_jaccard,0,d52ebdd6c51c,train personnel on proper operational procedures,3211,bf363c434df6,2,0.47863860726356505,0.2996816039085388,2.7239911556243896,0.0891089141368866,0.6363636255264282,0.26207441091537476,1
/home/jovyan/Joel_Pardo/AI4LABOUR/Mejoras/results_coursera/models/simcse_coursera_sup/sentence-transformers/all-MiniLM-L6-v2,D_char_jaccard,0,d52ebdd6c51c,train personnel on proper operational procedures,4059,966ff254f415,3,0.540787935256958,0.21116474270820618,1.6854368448257446,0.1803278625011444,0.7142857313156128,0.6748585104942322,0
/home/jovyan/Joel_Pardo/AI4LABOUR/Mejoras/results_coursera/models/simcse_coursera_sup/sentence-transformers/all-MiniLM-L6-v2,D_char_jaccard,0,d52ebdd6c51c,train personnel on proper operational procedures,1844,3e122c78f945,4,0.36592991948127745,0.3044062554836273,2.7794246673583984,0.0535714291036129,0.5714285969734192,0.0,1
/home/jovyan/Joel_Pardo/AI4LABOUR/Mejoras/results_coursera/models/simcse_coursera_sup/sentence-transformers/all-MiniLM-L6-v2,D_char_jaccard,0,d52ebdd6c51c,train personnel on proper operational procedures,824,b2b3f57d7c91,5,0.3579305410385132,0.10074180364608765,0.3898620009422302,0.19607843458652496,0.7142857313156128,0.45632249116897583,0
/home/jovyan/Joel_Pardo/AI4LABOUR/Mejoras/results_coursera/models/simcse_coursera_sup/sentence-transformers/all-MiniLM-L6-v2,D_char_jaccard,0,d52ebdd6c51c,train personnel on proper operational procedures,2449,b23da12a1f47,6,0.44456796646118163,0.17818579077720642,1.2984999418258667,0.06382978707551956,0.7142857313156128,0.45632249116897583,1
/home/jovyan/Joel_Pardo/AI4LABOUR/Mejoras/results_coursera/models/simcse_coursera_sup/sentence-transformers/all-MiniLM-L6-v2,D_char_jaccard,0,d52ebdd6c51c,train personnel on proper operational procedures,3844,9d3455eb929f,7,0.3652033984661102,0.2948909103870392,2.667782783508301,0.02777777798473835,0.8571428656578064,0.0,1
/home/jovyan/Joel_Pardo/AI4LABOUR/Mejoras/results_coursera/models/simcse_coursera_sup/sentence-transformers/all-MiniLM-L6-v2,D_char_jaccard,0,d52ebdd6c51c,train personnel on proper operational procedures,4855,0e550c83c7ff,8,0.44709067344665526,0.39214980602264404,3.808905839920044,0.09090909361839294,0.4285714328289032,0.0,1
/home/jovyan/Joel_Pardo/AI4LABOUR/Mejoras/results_coursera/models/simcse_coursera_sup/sentence-transformers/all-MiniLM-L6-v2,D_char_jaccard,0,d52ebdd6c51c,train personnel on proper operational procedures,3595,8639c05835d2,9,0.3575041174888611,0.30584025382995605,2.7962496280670166,0.014705882407724857,0.5714285969734192,0.0,1
/home/jovyan/Joel_Pardo/AI4LABOUR/Mejoras/results_coursera/models/simcse_coursera_sup/sentence-transformers/all-MiniLM-L6-v2,D_char_jaccard,0,d52ebdd6c51c,train personnel on proper operational procedures,2473,ffc92c458b8c,10,0.3627728700637817,0.31930673122406006,2.954249620437622,0.04444444552063942,0.2857142984867096,0.0,1
/home/jovyan/Joel_Pardo/AI4LABOUR/Mejoras/results_coursera/models/simcse_coursera_sup/sentence-transformers/all-MiniLM-L6-v2,D_char_jaccard,1,06d678da6c8d,prepare procedural documents,2820,21f64da1e579,1,0.9804075241088868,0.48677757382392883,5.1094441413879395,0.26923078298568726,0.5,1.0,1
/home/jovyan/Joel_Pardo/AI4LABOUR/Mejoras/results_coursera/models/simcse_coursera_sup/sentence-transformers/all-MiniLM-L6-v2,D_char_jaccard,1,06d678da6c8d,prepare procedural documents,3956,915401041266,2,0.39021899104118346,0.33357667922973633,3.272902488708496,0.0,0.800000011920929,0.0,1
/home/jovyan/Joel_Pardo/AI4LABOUR/Mejoras/results_coursera/models/simcse_coursera_sup/sentence-transformers/all-MiniLM-L6-v2,D_char_jaccard,1,06d678da6c8d,prepare procedural documents,4590,5d45850c5baa,3,0.8514851808547974,0.4217913746833801,4.330402851104736,0.20000000298023224,0.75,0.8359322547912598,1
/home/jovyan/Joel_Pardo/AI4LABOUR/Mejoras/results_coursera/models/simcse_coursera_sup/sentence-transformers/all-MiniLM-L6-v2,D_char_jaccard,1,06d678da6c8d,prepare procedural documents,1422,5ead8f447a6a,4,0.395676988363266,0.32607901096343994,3.1830220222473145,0.05882352963089943,0.75,0.0,1
/home/jovyan/Joel_Pardo/AI4LABOUR/Mejoras/results_coursera/models/simcse_coursera_sup/sentence-transformers/all-MiniLM-L6-v2,D_char_jaccard,1,06d678da6c8d,prepare procedural documents,2857,c5e2c93f8e5c,5,0.3830467343330383,0.32838526368141174,3.2106688022613525,0.0,0.75,0.0,1
/home/jovyan/Joel_Pardo/AI4LABOUR/Mejoras/results_coursera/models/simcse_coursera_sup/sentence-transformers/all-MiniLM-L6-v2,D_char_jaccard,1,06d678da6c8d,prepare procedural documents,3498,9e69de35c497,6,0.5658169269561768,0.22759126126766205,2.0023703575134277,0.2142857164144516,0.6666666865348816,0.560200035572052,1
/home/jovyan/Joel_Pardo/AI4LABOUR/Mejoras/results_coursera/models/simcse_coursera_sup/sentence-transformers/all-MiniLM-L6-v2,D_char_jaccard,1,06d678da6c8d,prepare procedural documents,3006,a912f5be80d2,7,0.3591199696063995,0.25675493478775024,2.3519787788391113,0.1621621549129486,0.75,0.0,1
/home/jovyan/Joel_Pardo/AI4LABOUR/Mejoras/results_coursera/models/simcse_coursera_sup/sentence-transformers/all-MiniLM-L6-v2,D_char_jaccard,1,06d678da6c8d,prepare procedural documents,4310,506583358173,8,0.41904157400131226,0.1774900108575821,1.4017666578292847,0.11538461595773697,0.5714285969734192,0.5047074556350708,0
/home/jovyan/Joel_Pardo/AI4LABOUR/Mejoras/results_coursera/models/simcse_coursera_sup/sentence-transformers/all-MiniLM-L6-v2,D_char_jaccard,1,06d678da6c8d,prepare procedural documents,3044,f8e5c752972c,9,0.40272881388664244,0.3360092341899872,3.302063465118408,0.05128205195069313,0.75,0.0,1
/home/jovyan/Joel_Pardo/AI4LABOUR/Mejoras/results_coursera/models/simcse_coursera_sup/sentence-transformers/all-MiniLM-L6-v2,D_char_jaccard,1,06d678da6c8d,prepare procedural documents,4558,7b0342e1d11a,10,0.5578688979148865,0.292855829000473,2.7847490310668945,0.14754098653793335,0.6666666865348816,0.560200035572052,0
/home/jovyan/Joel_Pardo/AI4LABOUR/Mejoras/results_coursera/models/simcse_coursera_sup/sentence-transformers/all-MiniLM-L6-v2,D_char_jaccard,2,771b010da2fa,"recommend technical design or process changes to improve efficiency, quality, or performance",2365,103eab151086,1,0.8694108605384827,0.4172438383102417,3.9627480506896973,0.12941177189350128,0.23076923191547394,1.0,1
/home/jovyan/Joel_Pardo/AI4LABOUR/Mejoras/results_coursera/models/simcse_coursera_sup/sentence-transformers/all-MiniLM-L6-v2,D_char_jaccard,2,771b010da2fa,"recommend technical design or process changes to improve efficiency, quality, or performance",3310,1b5b70c37d4d,2,0.5857592701911927,0.16052156686782837,1.0255310535430908,0.06451612710952759,0.23076923191547394,0.9090558886528015,1
/home/jovyan/Joel_Pardo/AI4LABOUR/Mejoras/results_coursera/models/simcse_coursera_sup/sentence-transformers/all-MiniLM-L6-v2,D_char_jaccard,2,771b010da2fa,"recommend technical design or process changes to improve efficiency, quality, or performance",3215,d4793dfe8103,3,0.5871515274047852,0.2921408712863922,2.53141713142395,0.11009174585342407,0.5384615659713745,0.6744468212127686,0
/home/jovyan/Joel_Pardo/AI4LABOUR/Mejoras/results_coursera/models/simcse_coursera_sup/sentence-transformers/all-MiniLM-L6-v2,D_char_jaccard,2,771b010da2fa,"recommend technical design or process changes to improve efficiency, quality, or performance",1719,2af2d91166d4,4,0.6888716101646424,0.28298118710517883,2.426619052886963,0.10000000149011612,0.23076923191547394,0.8691253662109375,1
/home/jovyan/Joel_Pardo/AI4LABOUR/Mejoras/results_coursera/models/simcse_coursera_sup/sentence-transformers/all-MiniLM-L6-v2,D_char_jaccard,2,771b010da2fa,"recommend technical design or process changes to improve efficiency, quality, or performance",4130,a7c4c4994d02,5,0.7806719422340394,0.45661208033561707,4.413168907165527,0.14772726595401764,0.23076923191547394,0.6781270503997803,1
/home/jovyan/Joel_Pardo/AI4LABOUR/Mejoras/results_coursera/models/simcse_coursera_sup/sentence-transformers/all-MiniLM-L6-v2,D_char_jaccard,2,771b010da2fa,"recommend technical design or process changes to improve efficiency, quality, or performance",4450,58319ec211bf,6,0.5991594672203064,0.367179274559021,3.3899483680725098,0.1551724076271057,0.5384615659713745,0.38245493173599243,1
/home/jovyan/Joel_Pardo/AI4LABOUR/Mejoras/results_coursera/models/simcse_coursera_sup/sentence-transformers/all-MiniLM-L6-v2,D_char_jaccard,2,771b010da2fa,"recommend technical design or process changes to improve efficiency, quality, or performance",1898,9b8c872b9450,7,0.5617374062538147,0.3487212061882019,3.178765296936035,0.05319149047136307,0.23076923191547394,0.43262994289398193,1
/home/jovyan/Joel_Pardo/AI4LABOUR/Mejoras/results_coursera/models/simcse_coursera_sup/sentence-transformers/all-MiniLM-L6-v2,D_char_jaccard,2,771b010da2fa,"recommend technical design or process changes to improve efficiency, quality, or performance",4558,7b0342e1d11a,8,0.5600119233131409,0.35109788179397583,3.2059574127197266,0.13274335861206055,0.4615384638309479,0.4694025218486786,0
/home/jovyan/Joel_Pardo/AI4LABOUR/Mejoras/results_coursera/models/simcse_coursera_sup/sentence-transformers/all-MiniLM-L6-v2,D_char_jaccard,2,771b010da2fa,"recommend technical design or process changes to improve efficiency, quality, or performance",5097,b18de4af858c,9,0.6890253901481629,0.4113990068435669,3.895876169204712,0.1428571492433548,0.3076923191547394,0.5441684722900391,1
/home/jovyan/Joel_Pardo/AI4LABOUR/Mejoras/results_coursera/models/simcse_coursera_sup/sentence-transformers/all-MiniLM-L6-v2,D_char_jaccard,2,771b010da2fa,"recommend technical design or process changes to improve efficiency, quality, or performance",4183,3d50ffa95952,10,0.5504851818084717,0.24842092394828796,2.031207323074341,0.0833333358168602,0.3076923191547394,0.6017209887504578,1
/home/jovyan/Joel_Pardo/AI4LABOUR/Mejoras/results_coursera/models/simcse_coursera_sup/sentence-transformers/all-MiniLM-L6-v2,D_char_jaccard,3,33b4e36b0d81,confer with technical personnel to prepare designs or operational plans,3215,d4793dfe8103,1,0.9332024335861206,0.4466284513473511,3.678283929824829,0.19767442345619202,0.6363636255264282,1.0,1
/home/jovyan/Joel_Pardo/AI4LABOUR/Mejoras/results_coursera/models/simcse_coursera_sup/sentence-transformers/all-MiniLM-L6-v2,D_char_jaccard,3,33b4e36b0d81,confer with technical personnel to prepare designs or operational plans,2686,2e522a60ddc9,2,0.6609275817871094,0.28674858808517456,2.067138671875,0.08749999850988388,0.3636363744735718,0.7819926142692566,1
/home/jovyan/Joel_Pardo/AI4LABOUR/Mejoras/results_coursera/models/simcse_coursera_sup/sentence-transformers/all-MiniLM-L6-v2,D_char_jaccard,3,33b4e36b0d81,confer with technical personnel to prepare designs or operational plans,3978,6918d9132472,3,0.8101149082183838,0.36862683296203613,2.8922441005706787,0.10526315867900848,0.27272728085517883,0.9709965586662292,1
/home/jovyan/Joel_Pardo/AI4LABOUR/Mejoras/results_coursera/models/simcse_coursera_sup/sentence-transformers/all-MiniLM-L6-v2,D_char_jaccard,3,33b4e36b0d81,confer with technical personnel to prepare designs or operational plans,4590,5d45850c5baa,4,0.6205598711967468,0.2726491093635559,1.9250551462173462,0.10144927352666855,0.27272728085517883,0.8404425382614136,0
/home/jovyan/Joel_Pardo/AI4LABOUR/Mejoras/results_coursera/models/simcse_coursera_sup/sentence-transformers/all-MiniLM-L6-v2,D_char_jaccard,3,33b4e36b0d81,confer with technical personnel to prepare designs or operational plans,4828,0207b591a5d5,5,0.788184928894043,0.377005398273468,2.9766767024993896,0.0845070406794548,0.27272728085517883,0.910292387008667,1
/home/jovyan/Joel_Pardo/AI4LABOUR/Mejoras/results_coursera/models/simcse_coursera_sup/sentence-transformers/all-MiniLM-L6-v2,D_char_jaccard,3,33b4e36b0d81,confer with technical personnel to prepare designs or operational plans,3309,68232321735d,6,0.4391047239303589,0.1897001415491104,1.0891598463058472,0.06172839552164078,0.3636363744735718,0.4619016647338867,1
/home/jovyan/Joel_Pardo/AI4LABOUR/Mejoras/results_coursera/models/simcse_coursera_sup/sentence-transformers/all-MiniLM-L6-v2,D_char_jaccard,3,33b4e36b0d81,confer with technical personnel to prepare designs or operational plans,4558,7b0342e1d11a,7,0.6692824840545655,0.4016002118587494,3.2245242595672607,0.1702127605676651,0.5454545617103577,0.47004103660583496,1
/home/jovyan/Joel_Pardo/AI4LABOUR/Mejoras/results_coursera/models/simcse_coursera_sup/sentence-transformers/all-MiniLM-L6-v2,D_char_jaccard,3,33b4e36b0d81,confer with technical personnel to prepare designs or operational plans,4310,506583358173,8,0.6241612911224366,0.33831897377967834,2.586825132369995,0.13953489065170288,0.6363636255264282,0.5074306130409241,1
/home/jovyan/Joel_Pardo/AI4LABOUR/Mejoras/results_coursera/models/simcse_coursera_sup/sentence-transformers/all-MiniLM-L6-v2,D_char_jaccard,3,33b4e36b0d81,confer with technical personnel to prepare designs or operational plans,4058,74fe0528c27f,9,0.4850347340106964,0.21468596160411835,1.3409475088119507,0.125,0.5454545617103577,0.5832366347312927,0
/home/jovyan/Joel_Pardo/AI4LABOUR/Mejoras/results_coursera/models/simcse_coursera_sup/sentence-transformers/all-MiniLM-L6-v2,D_char_jaccard,3,33b4e36b0d81,confer with technical personnel to prepare designs or operational plans,3560,5f0ac5f58a14,10,0.43932591676712035,0.2758539319038391,1.9573508501052856,0.0520833320915699,0.7272727489471436,0.22918228805065155,1
/home/jovyan/Joel_Pardo/AI4LABOUR/Mejoras/results_coursera/models/simcse_coursera_sup/sentence-transformers/all-MiniLM-L6-v2,D_char_jaccard,4,9fc64a999e12,"communicate technical information to suppliers, contractors, or regulatory agencies",3621,917bf810d271,1,0.7790062904357911,0.4350041151046753,4.122834205627441,0.21111111342906952,0.5,0.6493121981620789,1
/home/jovyan/Joel_Pardo/AI4LABOUR/Mejoras/results_coursera/models/simcse_coursera_sup/sentence-transformers/all-MiniLM-L6-v2,D_char_jaccard,4,9fc64a999e12,"communicate technical information to suppliers, contractors, or regulatory agencies",1555,5f8ae87ccde0,2,0.7643363952636719,0.2831707000732422,2.3970227241516113,0.13793103396892548,0.5,1.0,1
/home/jovyan/Joel_Pardo/AI4LABOUR/Mejoras/results_coursera/models/simcse_coursera_sup/sentence-transformers/all-MiniLM-L6-v2,D_char_jaccard,4,9fc64a999e12,"communicate technical information to suppliers, contractors, or regulatory agencies",3150,7ca5740d8368,3,0.5977108359336853,0.2571691870689392,2.1014769077301025,0.16249999403953552,0.30000001192092896,0.6515839695930481,1
/home/jovyan/Joel_Pardo/AI4LABOUR/Mejoras/results_coursera/models/simcse_coursera_sup/sentence-transformers/all-MiniLM-L6-v2,D_char_jaccard,4,9fc64a999e12,"communicate technical information to suppliers, contractors, or regulatory agencies",1873,0084fa936ea8,4,0.5462232112884522,0.27370792627334595,2.289464235305786,0.1145833358168602,0.5,0.4906005263328552,1
/home/jovyan/Joel_Pardo/AI4LABOUR/Mejoras/results_coursera/models/simcse_coursera_sup/sentence-transformers/all-MiniLM-L6-v2,D_char_jaccard,4,9fc64a999e12,"communicate technical information to suppliers, contractors, or regulatory agencies",2899,02494e9ed104,5,0.6388912677764893,0.30961087346076965,2.697554349899292,0.1428571492433548,0.4000000059604645,0.6363181471824646,1
/home/jovyan/Joel_Pardo/AI4LABOUR/Mejoras/results_coursera/models/simcse_coursera_sup/sentence-transformers/all-MiniLM-L6-v2,D_char_jaccard,4,9fc64a999e12,"communicate technical information to suppliers, contractors, or regulatory agencies",1337,284a65d8619b,6,0.4498277008533478,0.15575721859931946,0.9487795829772949,0.24369747936725616,0.8333333134651184,0.5176379084587097,0
/home/jovyan/Joel_Pardo/AI4LABOUR/Mejoras/results_coursera/models/simcse_coursera_sup/sentence-transformers/all-MiniLM-L6-v2,D_char_jaccard,4,9fc64a999e12,"communicate technical information to suppliers, contractors, or regulatory agencies",2119,1be589451f51,7,0.47407280206680297,0.23483192920684814,1.847580909729004,0.11818181723356247,0.800000011920929,0.35794657468795776,1
/home/jovyan/Joel_Pardo/AI4LABOUR/Mejoras/results_coursera/models/simcse_coursera_sup/sentence-transformers/all-MiniLM-L6-v2,D_char_jaccard,4,9fc64a999e12,"communicate technical information to suppliers, contractors, or regulatory agencies",180,1984ba551855,8,0.4789281666278839,0.30243754386901855,2.616018772125244,0.11564625799655914,0.625,0.2414320707321167,1
/home/jovyan/Joel_Pardo/AI4LABOUR/Mejoras/results_coursera/models/simcse_coursera_sup/sentence-transformers/all-MiniLM-L6-v2,D_char_jaccard,4,9fc64a999e12,"communicate technical information to suppliers, contractors, or regulatory agencies",3420,8fee66db8c49,9,0.557815957069397,0.2615993320941925,2.151832103729248,0.20454545319080353,0.5,0.4906005263328552,1
/home/jovyan/Joel_Pardo/AI4LABOUR/Mejoras/results_coursera/models/simcse_coursera_sup/sentence-transformers/all-MiniLM-L6-v2,D_char_jaccard,4,9fc64a999e12,"communicate technical information to suppliers, contractors, or regulatory agencies",4558,7b0342e1d11a,10,0.6612979650497437,0.3882310390472412,3.591188907623291,0.13333334028720856,0.6000000238418579,0.49639177322387695,1
/home/jovyan/Joel_Pardo/AI4LABOUR/Mejoras/results_coursera/models/simcse_coursera_sup/sentence-transformers/all-MiniLM-L6-v2,D_char_jaccard,5,abdac161e57b,design medical devices or appliances,1421,c88a10398d0d,1,1.1417925834655762,0.7345607280731201,7.905409336090088,0.3636363744735718,0.5,0.7869473099708557,1
/home/jovyan/Joel_Pardo/AI4LABOUR/Mejoras/results_coursera/models/simcse_coursera_sup/sentence-transformers/all-MiniLM-L6-v2,D_char_jaccard,5,abdac161e57b,design medical devices or appliances,5204,ee58c6c9155a,2,0.5255111932754517,0.2652149498462677,2.3736069202423096,0.1538461595773697,0.6666666865348816,0.4125571548938751,1
/home/jovyan/Joel_Pardo/AI4LABOUR/Mejoras/results_coursera/models/simcse_coursera_sup/sentence-transformers/all-MiniLM-L6-v2,D_char_jaccard,5,abdac161e57b,design medical devices or appliances,1841,e649d3f24f2b,3,0.5408362030982972,0.2972000241279602,2.750589370727539,0.10000000149011612,0.6666666865348816,0.4125571548938751,1
/home/jovyan/Joel_Pardo/AI4LABOUR/Mejoras/results_coursera/models/simcse_coursera_sup/sentence-transformers/all-MiniLM-L6-v2,D_char_jaccard,5,abdac161e57b,design medical devices or appliances,3515,171adad99b61,4,0.7652701020240784,0.35224753618240356,3.399390459060669,0.13636364042758942,0.5,0.8478910326957703,1
/home/jovyan/Joel_Pardo/AI4LABOUR/Mejoras/results_coursera/models/simcse_coursera_sup/sentence-transformers/all-MiniLM-L6-v2,D_char_jaccard,5,abdac161e57b,design medical devices or appliances,1422,5ead8f447a6a,5,0.5824917435646058,0.29642540216445923,2.741459608078003,0.1944444477558136,0.5,0.4802444577217102,1
/home/jovyan/Joel_Pardo/AI4LABOUR/Mejoras/results_coursera/models/simcse_coursera_sup/sentence-transformers/all-MiniLM-L6-v2,D_char_jaccard,5,abdac161e57b,design medical devices or appliances,1176,6d2f97bbf35c,6,0.5810877561569214,0.34246861934661865,3.2841341495513916,0.09803921729326248,0.6666666865348816,0.4125571548938751,1
/home/jovyan/Joel_Pardo/AI4LABOUR/Mejoras/results_coursera/models/simcse_coursera_sup/sentence-transformers/all-MiniLM-L6-v2,D_char_jaccard,5,abdac161e57b,design medical devices or appliances,2117,541d0acdc4f9,7,0.6382640480995179,0.3529079258441925,3.4071738719940186,0.11764705926179886,1.0,0.47808778285980225,1
/home/jovyan/Joel_Pardo/AI4LABOUR/Mejoras/results_coursera/models/simcse_coursera_sup/sentence-transformers/all-MiniLM-L6-v2,D_char_jaccard,5,abdac161e57b,design medical devices or appliances,4412,a558f59f975e,8,1.009585189819336,0.5090398788452148,5.247375965118408,0.239130437374115,0.8333333134651184,1.0,1
/home/jovyan/Joel_Pardo/AI4LABOUR/Mejoras/results_coursera/models/simcse_coursera_sup/sentence-transformers/all-MiniLM-L6-v2,D_char_jaccard,5,abdac161e57b,design medical devices or appliances,4200,45cb8fc9e53f,9,0.6534413576126099,0.2541985809803009,2.2437658309936523,0.13953489065170288,0.5,0.7869473099708557,1
/home/jovyan/Joel_Pardo/AI4LABOUR/Mejoras/results_coursera/models/simcse_coursera_sup/sentence-transformers/all-MiniLM-L6-v2,D_char_jaccard,5,abdac161e57b,design medical devices or appliances,4318,856b865d27ae,10,0.7582015275955201,0.3666234016418457,3.5688271522521973,0.1538461595773697,0.5,0.7869473099708557,1
/home/jovyan/Joel_Pardo/AI4LABOUR/Mejoras/results_coursera/models/simcse_coursera_sup/sentence-transformers/all-MiniLM-L6-v2,D_char_jaccard,6,75e527217c38,research engineering aspects of biological or chemical processes,3797,74f3fd3bb3da,1,1.0760767936706543,0.5984187126159668,6.724069118499756,0.28333333134651184,0.3333333432674408,1.0,1
/home/jovyan/Joel_Pardo/AI4LABOUR/Mejoras/results_coursera/models/simcse_coursera_sup/sentence-transformers/all-MiniLM-L6-v2,D_char_jaccard,6,75e527217c38,research engineering aspects of biological or chemical processes,3782,0d6b3a3f8dee,2,0.5373302280902863,0.31026265025138855,3.3631083965301514,0.1304347813129425,1.0,0.31371286511421204,1
/home/jovyan/Joel_Pardo/AI4LABOUR/Mejoras/results_coursera/models/simcse_coursera_sup/sentence-transformers/all-MiniLM-L6-v2,D_char_jaccard,6,75e527217c38,research engineering aspects of biological or chemical processes,1611,3444f93619e5,3,0.5202339470386506,0.2185971438884735,2.2939507961273193,0.1267605572938919,0.4444444477558136,0.5489603877067566,1
/home/jovyan/Joel_Pardo/AI4LABOUR/Mejoras/results_coursera/models/simcse_coursera_sup/sentence-transformers/all-MiniLM-L6-v2,D_char_jaccard,6,75e527217c38,research engineering aspects of biological or chemical processes,80,5402ba93471c,4,0.453014075756073,0.269125759601593,2.883300542831421,0.10389610379934311,0.4444444477558136,0.4065115749835968,0
/home/jovyan/Joel_Pardo/AI4LABOUR/Mejoras/results_coursera/models/simcse_coursera_sup/sentence-transformers/all-MiniLM-L6-v2,D_char_jaccard,6,75e527217c38,research engineering aspects of biological or chemical processes,3304,ecdd6aedb4c3,5,0.5474599480628968,0.4188230633735657,4.629322528839111,0.03999999910593033,0.4444444477558136,0.22074240446090698,1
/home/jovyan/Joel_Pardo/AI4LABOUR/Mejoras/results_coursera/models/simcse_coursera_sup/sentence-transformers/all-MiniLM-L6-v2,D_char_jaccard,6,75e527217c38,research engineering aspects of biological or chemical processes,989,4ec4f7a20f54,6,0.5242737710475922,0.3044203221797943,3.2949652671813965,0.11999999731779099,0.5555555820465088,0.3562942147254944,1
/home/jovyan/Joel_Pardo/AI4LABOUR/Mejoras/results_coursera/models/simcse_coursera_sup/sentence-transformers/all-MiniLM-L6-v2,D_char_jaccard,6,75e527217c38,research engineering aspects of biological or chemical processes,3650,67d0281c5215,7,0.4606849253177643,0.29707008600234985,3.2092344760894775,0.13333334028720856,0.4444444477558136,0.34441572427749634,0
/home/jovyan/Joel_Pardo/AI4LABOUR/Mejoras/results_coursera/models/simcse_coursera_sup/sentence-transformers/all-MiniLM-L6-v2,D_char_jaccard,6,75e527217c38,research engineering aspects of biological or chemical processes,3142,ed60f88fd612,8,0.8242574214935303,0.593032717704773,6.661248683929443,0.2539682686328888,0.3333333432674408,0.4009232223033905,1
/home/jovyan/Joel_Pardo/AI4LABOUR/Mejoras/results_coursera/models/simcse_coursera_sup/sentence-transformers/all-MiniLM-L6-v2,D_char_jaccard,6,75e527217c38,research engineering aspects of biological or chemical processes,4354,4dcfda52ffc9,9,0.48810532689094543,0.2978895604610443,3.21879243850708,0.171875,0.3333333432674408,0.4009232223033905,0
/home/jovyan/Joel_Pardo/AI4LABOUR/Mejoras/results_coursera/models/simcse_coursera_sup/sentence-transformers/all-MiniLM-L6-v2,D_char_jaccard,6,75e527217c38,research engineering aspects of biological or chemical processes,5270,311596f0b69a,10,0.44078953862190245,0.2161879539489746,2.265850782394409,0.14492753148078918,0.4444444477558136,0.34441572427749634,1
/home/jovyan/Joel_Pardo/AI4LABOUR/Mejoras/results_coursera/models/simcse_coursera_sup/sentence-transformers/all-MiniLM-L6-v2,D_char_jaccard,7,bfcc3cdee21d,devise research or testing protocols,1893,e70f70131331,1,0.8841467380523682,0.5263494253158569,5.321537494659424,0.1428571492433548,0.5,0.7492950558662415,1
/home/jovyan/Joel_Pardo/AI4LABOUR/Mejoras/results_coursera/models/simcse_coursera_sup/sentence-transformers/all-MiniLM-L6-v2,D_char_jaccard,7,bfcc3cdee21d,devise research or testing protocols,2021,98c6c79cb397,2,0.8053724050521851,0.31979912519454956,2.878178596496582,0.1702127605676651,0.5,1.0,1
/home/jovyan/Joel_Pardo/AI4LABOUR/Mejoras/results_coursera/models/simcse_coursera_sup/sentence-transformers/all-MiniLM-L6-v2,D_char_jaccard,7,bfcc3cdee21d,devise research or testing protocols,3316,1a73e19bd661,3,0.5968676686286927,0.2822340130805969,2.433807134628296,0.12962962687015533,0.6666666865348816,0.567790687084198,1
/home/jovyan/Joel_Pardo/AI4LABOUR/Mejoras/results_coursera/models/simcse_coursera_sup/sentence-transformers/all-MiniLM-L6-v2,D_char_jaccard,7,bfcc3cdee21d,devise research or testing protocols,4899,ee82dbf27ce1,4,0.5669373750686646,0.2042318880558014,1.5110918283462524,0.17499999701976776,0.5,0.660946786403656,1
/home/jovyan/Joel_Pardo/AI4LABOUR/Mejoras/results_coursera/models/simcse_coursera_sup/sentence-transformers/all-MiniLM-L6-v2,D_char_jaccard,7,bfcc3cdee21d,devise research or testing protocols,2441,cf49acca1f31,5,0.7169933795928956,0.3697143495082855,3.4686436653137207,0.1794871836900711,0.5,0.660946786403656,1
/home/jovyan/Joel_Pardo/AI4LABOUR/Mejoras/results_coursera/models/simcse_coursera_sup/sentence-transformers/all-MiniLM-L6-v2,D_char_jaccard,7,bfcc3cdee21d,devise research or testing protocols,5205,cd8659de9085,6,0.6643574118614197,0.37193533778190613,3.4949166774749756,0.15555556118488312,0.8333333134651184,0.497650146484375,1
/home/jovyan/Joel_Pardo/AI4LABOUR/Mejoras/results_coursera/models/simcse_coursera_sup/sentence-transformers/all-MiniLM-L6-v2,D_char_jaccard,7,bfcc3cdee21d,devise research or testing protocols,5201,e357ec230fff,7,0.6645421862602234,0.3282579779624939,2.9782416820526123,0.11320754885673523,0.6666666865348816,0.643686830997467,1
/home/jovyan/Joel_Pardo/AI4LABOUR/Mejoras/results_coursera/models/simcse_coursera_sup/sentence-transformers/all-MiniLM-L6-v2,D_char_jaccard,7,bfcc3cdee21d,devise research or testing protocols,3874,c3a7f01ec4d8,8,0.6593098521232605,0.315001904964447,2.8214304447174072,0.14000000059604645,0.6666666865348816,0.643686830997467,1
/home/jovyan/Joel_Pardo/AI4LABOUR/Mejoras/results_coursera/models/simcse_coursera_sup/sentence-transformers/all-MiniLM-L6-v2,D_char_jaccard,7,bfcc3cdee21d,devise research or testing protocols,4655,d2cb89335985,9,0.7212673902511597,0.38012880086898804,3.5918405055999756,0.15909090638160706,0.5,0.660946786403656,1
/home/jovyan/Joel_Pardo/AI4LABOUR/Mejoras/results_coursera/models/simcse_coursera_sup/sentence-transformers/all-MiniLM-L6-v2,D_char_jaccard,7,bfcc3cdee21d,devise research or testing protocols,1578,e2ac28b6d5d5,10,0.5987130284309388,0.23764416575431824,1.9063377380371094,0.1818181872367859,0.5,0.660946786403656,1
/home/jovyan/Joel_Pardo/AI4LABOUR/Mejoras/results_coursera/models/simcse_coursera_sup/sentence-transformers/all-MiniLM-L6-v2,D_char_jaccard,8,04d0abdf0b41,develop operational methods or processes that use green materials or emphasize sustainability,331,ab3b66f24ad9,1,0.9502366662025452,0.5556069612503052,6.140778064727783,0.13636364042758942,0.1538461595773697,0.8960179090499878,1
/home/jovyan/Joel_Pardo/AI4LABOUR/Mejoras/results_coursera/models/simcse_coursera_sup/sentence-transformers/all-MiniLM-L6-v2,D_char_jaccard,8,04d0abdf0b41,develop operational methods or processes that use green materials or emphasize sustainability,83,09a461e089fd,2,0.4397579312324524,0.16413789987564087,1.4813270568847656,0.05882352963089943,0.3076923191547394,0.5298582315444946,1
/home/jovyan/Joel_Pardo/AI4LABOUR/Mejoras/results_coursera/models/simcse_coursera_sup/sentence-transformers/all-MiniLM-L6-v2,D_char_jaccard,8,04d0abdf0b41,develop operational methods or processes that use green materials or emphasize sustainability,989,4ec4f7a20f54,3,0.7600894451141358,0.27398645877838135,2.788796901702881,0.1770833283662796,0.38461539149284363,1.0,1
/home/jovyan/Joel_Pardo/AI4LABOUR/Mejoras/results_coursera/models/simcse_coursera_sup/sentence-transformers/all-MiniLM-L6-v2,D_char_jaccard,8,04d0abdf0b41,develop operational methods or processes that use green materials or emphasize sustainability,1337,284a65d8619b,4,0.4299396276473999,0.16827858984470367,1.530611515045166,0.11034482717514038,0.9230769276618958,0.5118721723556519,0
/home/jovyan/Joel_Pardo/AI4LABOUR/Mejoras/results_coursera/models/simcse_coursera_sup/sentence-transformers/all-MiniLM-L6-v2,D_char_jaccard,8,04d0abdf0b41,develop operational methods or processes that use green materials or emphasize sustainability,2382,2c9191489a0d,5,0.5256760716438293,0.21493378281593323,2.085923910140991,0.1538461595773697,0.8666666746139526,0.6261020302772522,0
/home/jovyan/Joel_Pardo/AI4LABOUR/Mejoras/results_coursera/models/simcse_coursera_sup/sentence-transformers/all-MiniLM-L6-v2,D_char_jaccard,8,04d0abdf0b41,develop operational methods or processes that use green materials or emphasize sustainability,4059,966ff254f415,6,0.4460601806640625,0.17625708878040314,1.6255754232406616,0.1111111119389534,0.38461539149284363,0.601050615310669,0
/home/jovyan/Joel_Pardo/AI4LABOUR/Mejoras/results_coursera/models/simcse_coursera_sup/sentence-transformers/all-MiniLM-L6-v2,D_char_jaccard,8,04d0abdf0b41,develop operational methods or processes that use green materials or emphasize sustainability,3802,53580bf7ebf9,7,0.8439164638519288,0.5460494756698608,6.027020454406738,0.04123711213469505,0.23076923191547394,0.7015606164932251,1
/home/jovyan/Joel_Pardo/AI4LABOUR/Mejoras/results_coursera/models/simcse_coursera_sup/sentence-transformers/all-MiniLM-L6-v2,D_char_jaccard,8,04d0abdf0b41,develop operational methods or processes that use green materials or emphasize sustainability,3757,0c29bb383513,8,0.5018259286880493,0.228001669049263,2.2414638996124268,0.08510638028383255,0.23076923191547394,0.6595234274864197,0
/home/jovyan/Joel_Pardo/AI4LABOUR/Mejoras/results_coursera/models/simcse_coursera_sup/sentence-transformers/all-MiniLM-L6-v2,D_char_jaccard,8,04d0abdf0b41,develop operational methods or processes that use green materials or emphasize sustainability,4082,c0d48f26a1da,9,0.39131059050559996,0.168003648519516,1.5273391008377075,0.03669724613428116,0.38461539149284363,0.40425556898117065,1
/home/jovyan/Joel_Pardo/AI4LABOUR/Mejoras/results_coursera/models/simcse_coursera_sup/sentence-transformers/all-MiniLM-L6-v2,D_char_jaccard,8,04d0abdf0b41,develop operational methods or processes that use green materials or emphasize sustainability,4849,c9f5b58019da,10,0.42703973054885863,0.18883386254310608,1.7752701044082642,0.028846153989434242,0.3076923191547394,0.4612327516078949,1
/home/jovyan/Joel_Pardo/AI4LABOUR/Mejoras/results_coursera/models/simcse_coursera_sup/sentence-transformers/all-MiniLM-L6-v2,D_char_jaccard,9,3cdbc3929112,develop technical methods or processes,1629,a9ac5a6cc3cb,1,0.9530207395553589,0.5018131732940674,4.582519054412842,0.1388888955116272,0.3333333432674408,1.0,1
/home/jovyan/Joel_Pardo/AI4LABOUR/Mejoras/results_coursera/models/simcse_coursera_sup/sentence-transformers/all-MiniLM-L6-v2,D_char_jaccard,9,3cdbc3929112,develop technical methods or processes,751,2a63b9d3beeb,2,0.5787618637084961,0.26829269528388977,2.0349910259246826,0.11428571492433548,0.8571428656578064,0.5396746397018433,1
/home/jovyan/Joel_Pardo/AI4LABOUR/Mejoras/results_coursera/models/simcse_coursera_sup/sentence-transformers/all-MiniLM-L6-v2,D_char_jaccard,9,3cdbc3929112,develop technical methods or processes,4184,1a65e7830d95,3,0.8964153409004212,0.47465792298316956,4.286276340484619,0.1818181872367859,0.5,0.8719217777252197,1
/home/jovyan/Joel_Pardo/AI4LABOUR/Mejoras/results_coursera/models/simcse_coursera_sup/sentence-transformers/all-MiniLM-L6-v2,D_char_jaccard,9,3cdbc3929112,develop technical methods or processes,2515,d7bcb433bafc,4,0.49890977144241333,0.07495307922363281,-0.07419472932815552,0.19565217196941376,0.5,0.8938474059104919,0
/home/jovyan/Joel_Pardo/AI4LABOUR/Mejoras/results_coursera/models/simcse_coursera_sup/sentence-transformers/all-MiniLM-L6-v2,D_char_jaccard,9,3cdbc3929112,develop technical methods or processes,3586,f77f2bcecc27,5,0.8749058723449707,0.37793195247650146,3.2310707569122314,0.19512194395065308,0.75,0.9962165355682373,1
/home/jovyan/Joel_Pardo/AI4LABOUR/Mejoras/results_coursera/models/simcse_coursera_sup/sentence-transformers/all-MiniLM-L6-v2,D_char_jaccard,9,3cdbc3929112,develop technical methods or processes,80,5402ba93471c,6,0.8877216458320618,0.47879505157470703,4.331408977508545,0.26530611515045166,0.6666666865348816,0.7678654789924622,1
/home/jovyan/Joel_Pardo/AI4LABOUR/Mejoras/results_coursera/models/simcse_coursera_sup/sentence-transformers/all-MiniLM-L6-v2,D_char_jaccard,9,3cdbc3929112,develop technical methods or processes,3592,fd4ea4fecf63,7,0.6769809603691102,0.26019173860549927,1.9466159343719482,0.17391304671764374,0.6666666865348816,0.7899919152259827,1
/home/jovyan/Joel_Pardo/AI4LABOUR/Mejoras/results_coursera/models/simcse_coursera_sup/sentence-transformers/all-MiniLM-L6-v2,D_char_jaccard,9,3cdbc3929112,develop technical methods or processes,2337,421e3510a425,8,0.6064774870872498,0.26281213760375977,1.9752024412155151,0.09375,1.0,0.6162726879119873,1
/home/jovyan/Joel_Pardo/AI4LABOUR/Mejoras/results_coursera/models/simcse_coursera_sup/sentence-transformers/all-MiniLM-L6-v2,D_char_jaccard,9,3cdbc3929112,develop technical methods or processes,161,0158362822fe,9,0.5588120818138123,0.23325732350349426,1.6527822017669678,0.11320754885673523,0.6666666865348816,0.7181130647659302,0
/home/jovyan/Joel_Pardo/AI4LABOUR/Mejoras/results_coursera/models/simcse_coursera_sup/sentence-transformers/all-MiniLM-L6-v2,D_char_jaccard,9,3cdbc3929112,develop technical methods or processes,989,4ec4f7a20f54,10,0.5089144110679626,0.17812025547027588,1.0512794256210327,0.15094339847564697,0.8333333134651184,0.6730092167854309,0
/home/jovyan/Joel_Pardo/AI4LABOUR/Mejoras/results_coursera/models/simcse_coursera_sup/sentence-transformers/all-MiniLM-L6-v2,D_char_jaccard,10,365ec2897755,create models of engineering designs or methods,2714,d9855438ae33,1,1.0102579474449158,0.6476719379425049,5.78073263168335,0.3636363744735718,0.375,0.669235110282898,1
/home/jovyan/Joel_Pardo/AI4LABOUR/Mejoras/results_coursera/models/simcse_coursera_sup/sentence-transformers/all-MiniLM-L6-v2,D_char_jaccard,10,365ec2897755,create models of engineering designs or methods,1329,41679eed8d74,2,0.6478926420211792,0.4236343502998352,3.521592855453491,0.07352941483259201,0.875,0.3862234950065613,1
/home/jovyan/Joel_Pardo/AI4LABOUR/Mejoras/results_coursera/models/simcse_coursera_sup/sentence-transformers/all-MiniLM-L6-v2,D_char_jaccard,10,365ec2897755,create models of engineering designs or methods,2393,f8e39ed822aa,3,0.6249437212944031,0.2593725919723511,1.8652178049087524,0.1090909093618393,0.375,0.7387140989303589,1
/home/jovyan/Joel_Pardo/AI4LABOUR/Mejoras/results_coursera/models/simcse_coursera_sup/sentence-transformers/all-MiniLM-L6-v2,D_char_jaccard,10,365ec2897755,create models of engineering designs or methods,2686,2e522a60ddc9,4,0.8086321830749512,0.39435768127441406,3.2263741493225098,0.14035087823867798,0.5,0.8590565323829651,1
/home/jovyan/Joel_Pardo/AI4LABOUR/Mejoras/results_coursera/models/simcse_coursera_sup/sentence-transformers/all-MiniLM-L6-v2,D_char_jaccard,10,365ec2897755,create models of engineering designs or methods,3897,a0ef2299b289,5,0.6061178922653199,0.3222692608833313,2.4994523525238037,0.19672131538391113,0.75,0.44848793745040894,1
/home/jovyan/Joel_Pardo/AI4LABOUR/Mejoras/results_coursera/models/simcse_coursera_sup/sentence-transformers/all-MiniLM-L6-v2,D_char_jaccard,10,365ec2897755,create models of engineering designs or methods,3610,084d36cdf1fc,6,0.65556960105896,0.3084706962108612,2.3603110313415527,0.1964285671710968,0.5,0.6345971822738647,1
/home/jovyan/Joel_Pardo/AI4LABOUR/Mejoras/results_coursera/models/simcse_coursera_sup/sentence-transformers/all-MiniLM-L6-v2,D_char_jaccard,10,365ec2897755,create models of engineering designs or methods,3608,6f667a1cbbc5,7,0.6086551427841187,0.23685497045516968,1.6381556987762451,0.125,0.375,0.7387140989303589,1
/home/jovyan/Joel_Pardo/AI4LABOUR/Mejoras/results_coursera/models/simcse_coursera_sup/sentence-transformers/all-MiniLM-L6-v2,D_char_jaccard,10,365ec2897755,create models of engineering designs or methods,3774,3bb46e004c8a,8,0.6034568428993226,0.23375004529953003,1.6068464517593384,0.11538461595773697,0.375,0.7387140989303589,1
/home/jovyan/Joel_Pardo/AI4LABOUR/Mejoras/results_coursera/models/simcse_coursera_sup/sentence-transformers/all-MiniLM-L6-v2,D_char_jaccard,10,365ec2897755,create models of engineering designs or methods,1391,a84bfbdb66b4,9,0.6275159597396851,0.33366262912750244,2.614340305328369,0.12962962687015533,0.5,0.5495305061340332,1
/home/jovyan/Joel_Pardo/AI4LABOUR/Mejoras/results_coursera/models/simcse_coursera_sup/sentence-transformers/all-MiniLM-L6-v2,D_char_jaccard,10,365ec2897755,create models of engineering designs or methods,482,5a5e54a2b902,10,0.6502292037010193,0.39684751629829407,3.251481056213379,0.13636364042758942,0.75,0.42868876457214355,1
/home/jovyan/Joel_Pardo/AI4LABOUR/Mejoras/results_coursera/models/simcse_coursera_sup/sentence-transformers/all-MiniLM-L6-v2,D_char_jaccard,11,810124c49b5c,maintain operational records or records systems,1321,9bc14bd09c21,1,0.8736441016197205,0.4081054627895355,3.8682219982147217,0.1111111119389534,0.5714285969734192,1.0,1
/home/jovyan/Joel_Pardo/AI4LABOUR/Mejoras/results_coursera/models/simcse_coursera_sup/sentence-transformers/all-MiniLM-L6-v2,D_char_jaccard,11,810124c49b5c,maintain operational records or records systems,4059,966ff254f415,2,0.5476416349411011,0.16118156909942627,1.0246938467025757,0.21052631735801697,0.7142857313156128,0.7855809926986694,0
/home/jovyan/Joel_Pardo/AI4LABOUR/Mejoras/results_coursera/models/simcse_coursera_sup/sentence-transformers/all-MiniLM-L6-v2,D_char_jaccard,11,810124c49b5c,maintain operational records or records systems,1873,0084fa936ea8,3,0.5923925518989563,0.3088088035583496,2.724740743637085,0.15000000596046448,0.7142857313156128,0.4781259596347809,1
/home/jovyan/Joel_Pardo/AI4LABOUR/Mejoras/results_coursera/models/simcse_coursera_sup/sentence-transformers/all-MiniLM-L6-v2,D_char_jaccard,11,810124c49b5c,maintain operational records or records systems,3649,78978c6ace8e,4,0.5121231555938721,0.20304131507873535,1.5067427158355713,0.1304347813129425,0.5714285969734192,0.545514702796936,1
/home/jovyan/Joel_Pardo/AI4LABOUR/Mejoras/results_coursera/models/simcse_coursera_sup/sentence-transformers/all-MiniLM-L6-v2,D_char_jaccard,11,810124c49b5c,maintain operational records or records systems,4476,70a120132f53,5,0.5296945750713349,0.18727248907089233,1.3251519203186035,0.1428571492433548,0.4285714328289032,0.6350160837173462,1
/home/jovyan/Joel_Pardo/AI4LABOUR/Mejoras/results_coursera/models/simcse_coursera_sup/sentence-transformers/all-MiniLM-L6-v2,D_char_jaccard,11,810124c49b5c,maintain operational records or records systems,4348,b75ac8ea7b39,6,0.49114577770233153,0.17238840460777283,1.1537495851516724,0.2916666567325592,0.8571428656578064,0.4255560338497162,1
/home/jovyan/Joel_Pardo/AI4LABOUR/Mejoras/results_coursera/models/simcse_coursera_sup/sentence-transformers/all-MiniLM-L6-v2,D_char_jaccard,11,810124c49b5c,maintain operational records or records systems,1090,83caa8224229,7,0.4680528223514557,0.4020519256591797,3.7985105514526367,0.08196721225976944,0.7142857313156128,0.0,1
/home/jovyan/Joel_Pardo/AI4LABOUR/Mejoras/results_coursera/models/simcse_coursera_sup/sentence-transformers/all-MiniLM-L6-v2,D_char_jaccard,11,810124c49b5c,maintain operational records or records systems,4107,0829be94901d,8,0.626688289642334,0.3311067521572113,2.9815196990966797,0.12765957415103912,0.5714285969734192,0.545514702796936,1
/home/jovyan/Joel_Pardo/AI4LABOUR/Mejoras/results_coursera/models/simcse_coursera_sup/sentence-transformers/all-MiniLM-L6-v2,D_char_jaccard,11,810124c49b5c,maintain operational records or records systems,518,92865b54ae84,9,0.5731040716171265,0.24499458074569702,1.989868402481079,0.10869564861059189,0.4285714328289032,0.6350160837173462,1
/home/jovyan/Joel_Pardo/AI4LABOUR/Mejoras/results_coursera/models/simcse_coursera_sup/sentence-transformers/all-MiniLM-L6-v2,D_char_jaccard,11,810124c49b5c,maintain operational records or records systems,4975,0181584577c0,10,0.4788864433765411,0.424017071723938,4.051456928253174,0.014084506779909134,0.875,0.0,1
/home/jovyan/Joel_Pardo/AI4LABOUR/Mejoras/results_coursera/models/simcse_coursera_sup/sentence-transformers/all-MiniLM-L6-v2,D_char_jaccard,12,9251af4a3821,supervise engineering or other technical personnel,3978,6918d9132472,1,0.9725370287895203,0.5232622623443604,5.423683166503906,0.12068965286016464,0.4285714328289032,1.0,1
/home/jovyan/Joel_Pardo/AI4LABOUR/Mejoras/results_coursera/models/simcse_coursera_sup/sentence-transformers/all-MiniLM-L6-v2,D_char_jaccard,12,9251af4a3821,supervise engineering or other technical personnel,5270,311596f0b69a,2,0.4745807647705078,0.20729123055934906,1.6183370351791382,0.17543859779834747,0.5714285969734192,0.5389689207077026,0
/home/jovyan/Joel_Pardo/AI4LABOUR/Mejoras/results_coursera/models/simcse_coursera_sup/sentence-transformers/all-MiniLM-L6-v2,D_char_jaccard,12,9251af4a3821,supervise engineering or other technical personnel,1694,d6c8c0983834,3,0.5154442667961121,0.1232185885310173,0.6058216094970703,0.019607843831181526,0.4285714328289032,0.8205423951148987,1
/home/jovyan/Joel_Pardo/AI4LABOUR/Mejoras/results_coursera/models/simcse_coursera_sup/sentence-transformers/all-MiniLM-L6-v2,D_char_jaccard,12,9251af4a3821,supervise engineering or other technical personnel,3215,d4793dfe8103,4,0.7209526181221009,0.45425546169281006,4.592610836029053,0.15068493783473969,1.0,0.436128705739975,1
/home/jovyan/Joel_Pardo/AI4LABOUR/Mejoras/results_coursera/models/simcse_coursera_sup/sentence-transformers/all-MiniLM-L6-v2,D_char_jaccard,12,9251af4a3821,supervise engineering or other technical personnel,3142,ed60f88fd612,5,0.6464286923408509,0.311313271522522,2.8711094856262207,0.17543859779834747,0.4285714328289032,0.627396285533905,1
/home/jovyan/Joel_Pardo/AI4LABOUR/Mejoras/results_coursera/models/simcse_coursera_sup/sentence-transformers/all-MiniLM-L6-v2,D_char_jaccard,12,9251af4a3821,supervise engineering or other technical personnel,1458,b36a6998874b,6,0.4247063100337982,0.156516432762146,1.0068387985229492,0.1587301641702652,0.5714285969734192,0.5389689207077026,0
/home/jovyan/Joel_Pardo/AI4LABOUR/Mejoras/results_coursera/models/simcse_coursera_sup/sentence-transformers/all-MiniLM-L6-v2,D_char_jaccard,12,9251af4a3821,supervise engineering or other technical personnel,2520,aa55370a0f5e,7,0.6409925103187561,0.2963539958000183,2.6909499168395996,0.2075471729040146,0.4285714328289032,0.627396285533905,1
/home/jovyan/Joel_Pardo/AI4LABOUR/Mejoras/results_coursera/models/simcse_coursera_sup/sentence-transformers/all-MiniLM-L6-v2,D_char_jaccard,12,9251af4a3821,supervise engineering or other technical personnel,1337,284a65d8619b,8,0.43809049129486083,0.2206881046295166,1.7796800136566162,0.1111111119389534,0.5833333134651184,0.33131682872772217,1
/home/jovyan/Joel_Pardo/AI4LABOUR/Mejoras/results_coursera/models/simcse_coursera_sup/sentence-transformers/all-MiniLM-L6-v2,D_char_jaccard,12,9251af4a3821,supervise engineering or other technical personnel,282,d8617ce89965,9,0.7060547947883606,0.36864542961120605,3.561580181121826,0.2075471729040146,0.4285714328289032,0.627396285533905,1
/home/jovyan/Joel_Pardo/AI4LABOUR/Mejoras/results_coursera/models/simcse_coursera_sup/sentence-transformers/all-MiniLM-L6-v2,D_char_jaccard,12,9251af4a3821,supervise engineering or other technical personnel,2912,65b13af81036,10,0.6768905997276307,0.3072478771209717,2.822148561477661,0.1599999964237213,0.4285714328289032,0.7223473191261292,1
/home/jovyan/Joel_Pardo/AI4LABOUR/Mejoras/results_coursera/models/simcse_coursera_sup/sentence-transformers/all-MiniLM-L6-v2,D_char_jaccard,13,f7e80a0049c6,estimate operational costs,1649,bd1d85f33bd2,1,1.2528400897979737,0.7680733799934387,7.933856010437012,0.29629629850387573,0.75,1.0,1
/home/jovyan/Joel_Pardo/AI4LABOUR/Mejoras/results_coursera/models/simcse_coursera_sup/sentence-transformers/all-MiniLM-L6-v2,D_char_jaccard,13,f7e80a0049c6,estimate operational costs,4059,966ff254f415,2,0.8698525905609131,0.4539714455604553,4.475921630859375,0.3333333432674408,0.800000011920929,0.7198624014854431,1
/home/jovyan/Joel_Pardo/AI4LABOUR/Mejoras/results_coursera/models/simcse_coursera_sup/sentence-transformers/all-MiniLM-L6-v2,D_char_jaccard,13,f7e80a0049c6,estimate operational costs,3425,71839a6aad3b,3,0.45804678201675414,0.3572613000869751,3.4112439155578613,0.1860465109348297,0.800000011920929,0.0,1
/home/jovyan/Joel_Pardo/AI4LABOUR/Mejoras/results_coursera/models/simcse_coursera_sup/sentence-transformers/all-MiniLM-L6-v2,D_char_jaccard,13,f7e80a0049c6,estimate operational costs,2558,057972302b68,4,0.9570859551429749,0.5308322906494141,5.322079658508301,0.1428571492433548,1.0,0.8590565323829651,1
/home/jovyan/Joel_Pardo/AI4LABOUR/Mejoras/results_coursera/models/simcse_coursera_sup/sentence-transformers/all-MiniLM-L6-v2,D_char_jaccard,13,f7e80a0049c6,estimate operational costs,3880,3815b0b5a181,5,0.9131863594055176,0.4333023428916931,4.248376369476318,0.1428571492433548,0.75,1.0,1
/home/jovyan/Joel_Pardo/AI4LABOUR/Mejoras/results_coursera/models/simcse_coursera_sup/sentence-transformers/all-MiniLM-L6-v2,D_char_jaccard,13,f7e80a0049c6,estimate operational costs,296,4a492d132662,6,0.41477401852607726,0.3124682307243347,2.918118953704834,0.18421052396297455,0.75,0.0,1
/home/jovyan/Joel_Pardo/AI4LABOUR/Mejoras/results_coursera/models/simcse_coursera_sup/sentence-transformers/all-MiniLM-L6-v2,D_char_jaccard,13,f7e80a0049c6,estimate operational costs,5082,12408b06820b,7,0.4506827473640442,0.3787047564983368,3.6473140716552734,0.10606060922145844,0.6666666865348816,0.0,1
/home/jovyan/Joel_Pardo/AI4LABOUR/Mejoras/results_coursera/models/simcse_coursera_sup/sentence-transformers/all-MiniLM-L6-v2,D_char_jaccard,13,f7e80a0049c6,estimate operational costs,5170,37ef07733dc2,8,0.3975540280342102,0.33581656217575073,3.1751596927642822,0.021276595070958138,0.800000011920929,0.0,1
/home/jovyan/Joel_Pardo/AI4LABOUR/Mejoras/results_coursera/models/simcse_coursera_sup/sentence-transformers/all-MiniLM-L6-v2,D_char_jaccard,13,f7e80a0049c6,estimate operational costs,4562,f45fd7dd887f,9,0.5089770734310151,0.42758601903915405,4.185445785522461,0.16326530277729034,0.6666666865348816,0.0,1
/home/jovyan/Joel_Pardo/AI4LABOUR/Mejoras/results_coursera/models/simcse_coursera_sup/sentence-transformers/all-MiniLM-L6-v2,D_char_jaccard,13,f7e80a0049c6,estimate operational costs,3863,cef93bb56d48,10,0.42284618616104125,0.3652969300746918,3.4997079372406006,0.02631578966975212,0.75,0.0,1
/home/jovyan/Joel_Pardo/AI4LABOUR/Mejoras/results_coursera/models/simcse_coursera_sup/sentence-transformers/all-MiniLM-L6-v2,D_char_jaccard,14,ccf9fc39d00f,estimate time requirements for development or production projects,1649,bd1d85f33bd2,1,0.8527262687683106,0.4020734429359436,4.479904651641846,0.09677419066429138,0.3333333432674408,1.0,1
/home/jovyan/Joel_Pardo/AI4LABOUR/Mejoras/results_coursera/models/simcse_coursera_sup/sentence-transformers/all-MiniLM-L6-v2,D_char_jaccard,14,ccf9fc39d00f,estimate time requirements for development or production projects,4046,4bf789ef117d,2,0.5312209308147431,0.3125697076320648,3.3851115703582764,0.08411215245723724,0.8999999761581421,0.33470046520233154,1
/home/jovyan/Joel_Pardo/AI4LABOUR/Mejoras/results_coursera/models/simcse_coursera_sup/sentence-transformers/all-MiniLM-L6-v2,D_char_jaccard,14,ccf9fc39d00f,estimate time requirements for development or production projects,1397,674593793bab,3,0.7844790697097779,0.3720457851886749,4.112611770629883,0.1875,0.3333333432674408,0.8402405977249146,1
/home/jovyan/Joel_Pardo/AI4LABOUR/Mejoras/results_coursera/models/simcse_coursera_sup/sentence-transformers/all-MiniLM-L6-v2,D_char_jaccard,14,ccf9fc39d00f,estimate time requirements for development or production projects,4848,fa8a9d937f48,4,0.5319570302963257,0.19297826290130615,1.92229163646698,0.14754098653793335,0.3333333432674408,0.7618117332458496,0
/home/jovyan/Joel_Pardo/AI4LABOUR/Mejoras/results_coursera/models/simcse_coursera_sup/sentence-transformers/all-MiniLM-L6-v2,D_char_jaccard,14,ccf9fc39d00f,estimate time requirements for development or production projects,1671,b4d96c440d85,5,0.5543244361877442,0.26019740104675293,2.7445034980773926,0.1492537260055542,0.3333333432674408,0.5404166579246521,1
/home/jovyan/Joel_Pardo/AI4LABOUR/Mejoras/results_coursera/models/simcse_coursera_sup/sentence-transformers/all-MiniLM-L6-v2,D_char_jaccard,14,ccf9fc39d00f,estimate time requirements for development or production projects,2300,754666b07e71,6,0.6112756609916687,0.3055751323699951,3.2995553016662598,0.1269841343164444,0.6428571343421936,0.55592280626297,1
/home/jovyan/Joel_Pardo/AI4LABOUR/Mejoras/results_coursera/models/simcse_coursera_sup/sentence-transformers/all-MiniLM-L6-v2,D_char_jaccard,14,ccf9fc39d00f,estimate time requirements for development or production projects,379,55cbbefb6882,7,0.6277395367622376,0.3070301115512848,3.317352294921875,0.08235294371843338,0.6666666865348816,0.6187271475791931,1
/home/jovyan/Joel_Pardo/AI4LABOUR/Mejoras/results_coursera/models/simcse_coursera_sup/sentence-transformers/all-MiniLM-L6-v2,D_char_jaccard,14,ccf9fc39d00f,estimate time requirements for development or production projects,295,873d3c697489,8,0.541899561882019,0.16766780614852905,1.6126987934112549,0.18571428954601288,0.5555555820465088,0.7919804453849792,0
/home/jovyan/Joel_Pardo/AI4LABOUR/Mejoras/results_coursera/models/simcse_coursera_sup/sentence-transformers/all-MiniLM-L6-v2,D_char_jaccard,14,ccf9fc39d00f,estimate time requirements for development or production projects,112,59eb32e7d575,9,0.5580208778381348,0.2104528248310089,2.1360371112823486,0.13846154510974884,0.4444444477558136,0.6544393301010132,1
/home/jovyan/Joel_Pardo/AI4LABOUR/Mejoras/results_coursera/models/simcse_coursera_sup/sentence-transformers/all-MiniLM-L6-v2,D_char_jaccard,14,ccf9fc39d00f,estimate time requirements for development or production projects,4432,2b45fccea3eb,10,0.5149241089820862,0.25185009837150574,2.6424007415771484,0.07575757801532745,0.4444444477558136,0.6177434921264648,0
/home/jovyan/Joel_Pardo/AI4LABOUR/Mejoras/results_coursera/models/simcse_coursera_sup/sentence-transformers/all-MiniLM-L6-v2,D_char_jaccard,15,c5e6a1a8c44d,prepare detailed work plans,4310,506583358173,1,1.0824164628982544,0.5449469089508057,5.131428241729736,0.42500001192092896,0.7142857313156128,1.0,1
/home/jovyan/Joel_Pardo/AI4LABOUR/Mejoras/results_coursera/models/simcse_coursera_sup/sentence-transformers/all-MiniLM-L6-v2,D_char_jaccard,15,c5e6a1a8c44d,prepare detailed work plans,335,d656c80ba945,2,0.7847666025161744,0.44239962100982666,4.020139694213867,0.08571428805589676,0.6000000238418579,0.7129458785057068,1
/home/jovyan/Joel_Pardo/AI4LABOUR/Mejoras/results_coursera/models/simcse_coursera_sup/sentence-transformers/all-MiniLM-L6-v2,D_char_jaccard,15,c5e6a1a8c44d,prepare detailed work plans,4590,5d45850c5baa,3,0.7436181783676148,0.32637566328048706,2.7628064155578613,0.25,0.6000000238418579,0.768450140953064,1
/home/jovyan/Joel_Pardo/AI4LABOUR/Mejoras/results_coursera/models/simcse_coursera_sup/sentence-transformers/all-MiniLM-L6-v2,D_char_jaccard,15,c5e6a1a8c44d,prepare detailed work plans,3331,bd1098fcfc05,4,0.9179878115653992,0.5509839057922363,5.196850299835205,0.10810811072587967,0.800000011920929,0.7626882791519165,1
/home/jovyan/Joel_Pardo/AI4LABOUR/Mejoras/results_coursera/models/simcse_coursera_sup/sentence-transformers/all-MiniLM-L6-v2,D_char_jaccard,15,c5e6a1a8c44d,prepare detailed work plans,4864,b4b65dd80416,5,0.4712265908718109,0.41276639699935913,3.6990091800689697,0.07894736528396606,0.6000000238418579,0.0,1
/home/jovyan/Joel_Pardo/AI4LABOUR/Mejoras/results_coursera/models/simcse_coursera_sup/sentence-transformers/all-MiniLM-L6-v2,D_char_jaccard,15,c5e6a1a8c44d,prepare detailed work plans,3373,f8d0bd176b39,6,0.4097707748413086,0.3384026885032654,2.893141269683838,0.02083333395421505,1.0,0.0,1
/home/jovyan/Joel_Pardo/AI4LABOUR/Mejoras/results_coursera/models/simcse_coursera_sup/sentence-transformers/all-MiniLM-L6-v2,D_char_jaccard,15,c5e6a1a8c44d,prepare detailed work plans,4311,dad8075f10c2,7,0.6111309409141541,0.3488544225692749,3.0064051151275635,0.1034482792019844,0.7142857313156128,0.4639640152454376,1
/home/jovyan/Joel_Pardo/AI4LABOUR/Mejoras/results_coursera/models/simcse_coursera_sup/sentence-transformers/all-MiniLM-L6-v2,D_char_jaccard,15,c5e6a1a8c44d,prepare detailed work plans,1652,ebcee30ccff3,8,0.767926561832428,0.4621075391769409,4.233711242675781,0.06818182021379471,0.800000011920929,0.6124608516693115,1
/home/jovyan/Joel_Pardo/AI4LABOUR/Mejoras/results_coursera/models/simcse_coursera_sup/sentence-transformers/all-MiniLM-L6-v2,D_char_jaccard,15,c5e6a1a8c44d,prepare detailed work plans,1207,cde3daee3654,9,0.5108171880245209,0.442574679851532,4.022036552429199,0.05000000074505806,1.0,0.0,1
/home/jovyan/Joel_Pardo/AI4LABOUR/Mejoras/results_coursera/models/simcse_coursera_sup/sentence-transformers/all-MiniLM-L6-v2,D_char_jaccard,15,c5e6a1a8c44d,prepare detailed work plans,3984,615b2ee6942c,10,0.4235554218292236,0.3595060110092163,3.1218347549438477,0.0,1.0,0.0,1
/home/jovyan/Joel_Pardo/AI4LABOUR/Mejoras/results_coursera/models/simcse_coursera_sup/sentence-transformers/all-MiniLM-L6-v2,D_char_jaccard,16,6e6ec1a475b8,prepare technical reports for internal use,4589,a8445719836f,1,0.9701130867004395,0.5254806876182556,5.39535665512085,0.1315789520740509,0.2857142984867096,1.0,1
/home/jovyan/Joel_Pardo/AI4LABOUR/Mejoras/results_coursera/models/simcse_coursera_sup/sentence-transformers/all-MiniLM-L6-v2,D_char_jaccard,16,6e6ec1a475b8,prepare technical reports for internal use,2899,02494e9ed104,2,0.7110906124114991,0.3415165841579437,3.262767791748047,0.3137255012989044,0.5714285969734192,0.616807222366333,1
/home/jovyan/Joel_Pardo/AI4LABOUR/Mejoras/results_coursera/models/simcse_coursera_sup/sentence-transformers/all-MiniLM-L6-v2,D_char_jaccard,16,6e6ec1a475b8,prepare technical reports for internal use,2632,88e59ccf33be,3,0.776095736026764,0.32559916377067566,3.0782463550567627,0.15555556118488312,0.4285714328289032,0.9318475723266602,1
/home/jovyan/Joel_Pardo/AI4LABOUR/Mejoras/results_coursera/models/simcse_coursera_sup/sentence-transformers/all-MiniLM-L6-v2,D_char_jaccard,16,6e6ec1a475b8,prepare technical reports for internal use,4501,7e31f9e44f69,4,0.5428642511367798,0.36951911449432373,3.5873847007751465,0.05494505539536476,0.699999988079071,0.27890196442604065,1
/home/jovyan/Joel_Pardo/AI4LABOUR/Mejoras/results_coursera/models/simcse_coursera_sup/sentence-transformers/all-MiniLM-L6-v2,D_char_jaccard,16,6e6ec1a475b8,prepare technical reports for internal use,3493,9d7055e96dda,5,0.3888618528842926,0.13605383038520813,0.8809575438499451,0.0517241396009922,0.8571428656578064,0.40156304836273193,1
/home/jovyan/Joel_Pardo/AI4LABOUR/Mejoras/results_coursera/models/simcse_coursera_sup/sentence-transformers/all-MiniLM-L6-v2,D_char_jaccard,16,6e6ec1a475b8,prepare technical reports for internal use,3633,d43a67d14f2f,6,0.41701396107673644,0.2063213735818863,1.695528268814087,0.04285714402794838,0.8571428656578064,0.31938326358795166,1
/home/jovyan/Joel_Pardo/AI4LABOUR/Mejoras/results_coursera/models/simcse_coursera_sup/sentence-transformers/all-MiniLM-L6-v2,D_char_jaccard,16,6e6ec1a475b8,prepare technical reports for internal use,587,38dbcea287e4,7,0.4480862498283386,0.1457313895225525,0.9931438565254211,0.023255813866853714,0.4285714328289032,0.5992136597633362,1
/home/jovyan/Joel_Pardo/AI4LABOUR/Mejoras/results_coursera/models/simcse_coursera_sup/sentence-transformers/all-MiniLM-L6-v2,D_char_jaccard,16,6e6ec1a475b8,prepare technical reports for internal use,4310,506583358173,8,0.5782528996467591,0.26966288685798645,2.4298095703125,0.1111111119389534,1.0,0.5194462537765503,1
/home/jovyan/Joel_Pardo/AI4LABOUR/Mejoras/results_coursera/models/simcse_coursera_sup/sentence-transformers/all-MiniLM-L6-v2,D_char_jaccard,16,6e6ec1a475b8,prepare technical reports for internal use,2079,047e0f25229c,9,0.3868265151977539,0.20452582836151123,1.6747136116027832,0.12857143580913544,0.8571428656578064,0.31938326358795166,0
/home/jovyan/Joel_Pardo/AI4LABOUR/Mejoras/results_coursera/models/simcse_coursera_sup/sentence-transformers/all-MiniLM-L6-v2,D_char_jaccard,16,6e6ec1a475b8,prepare technical reports for internal use,754,2af854050699,10,0.39391759037971497,0.2334991842508316,2.010584831237793,0.05263157933950424,0.8571428656578064,0.31938326358795166,0
/home/jovyan/Joel_Pardo/AI4LABOUR/Mejoras/results_coursera/models/simcse_coursera_sup/sentence-transformers/all-MiniLM-L6-v2,D_char_jaccard,17,e1dbddbff402,"prepare contracts, disclosures, or applications",3619,e9839443e2c0,1,0.9982241868972779,0.5453997850418091,5.546817779541016,0.1627907007932663,0.3333333432674408,1.0,1
/home/jovyan/Joel_Pardo/AI4LABOUR/Mejoras/results_coursera/models/simcse_coursera_sup/sentence-transformers/all-MiniLM-L6-v2,D_char_jaccard,17,e1dbddbff402,"prepare contracts, disclosures, or applications",4863,37c5c68a40e8,2,0.7361796379089356,0.36621975898742676,3.468125343322754,0.2063492089509964,0.8333333134651184,0.6583197116851807,1
/home/jovyan/Joel_Pardo/AI4LABOUR/Mejoras/results_coursera/models/simcse_coursera_sup/sentence-transformers/all-MiniLM-L6-v2,D_char_jaccard,17,e1dbddbff402,"prepare contracts, disclosures, or applications",4590,5d45850c5baa,3,0.7548373818397522,0.36113759875297546,3.4091665744781494,0.12765957415103912,0.5,0.8072468042373657,1
/home/jovyan/Joel_Pardo/AI4LABOUR/Mejoras/results_coursera/models/simcse_coursera_sup/sentence-transformers/all-MiniLM-L6-v2,D_char_jaccard,17,e1dbddbff402,"prepare contracts, disclosures, or applications",2813,0b516df2a352,4,0.5472292900085449,0.23090235888957977,1.898289442062378,0.25999999046325684,0.5,0.6235430240631104,0
/home/jovyan/Joel_Pardo/AI4LABOUR/Mejoras/results_coursera/models/simcse_coursera_sup/sentence-transformers/all-MiniLM-L6-v2,D_char_jaccard,17,e1dbddbff402,"prepare contracts, disclosures, or applications",4310,506583358173,5,0.6114702701568604,0.33102500438690186,3.059826135635376,0.10294117778539658,0.8571428656578064,0.48738816380500793,1
/home/jovyan/Joel_Pardo/AI4LABOUR/Mejoras/results_coursera/models/simcse_coursera_sup/sentence-transformers/all-MiniLM-L6-v2,D_char_jaccard,17,e1dbddbff402,"prepare contracts, disclosures, or applications",47,b9241dcb1d13,6,0.6921343684196473,0.34746354818344116,3.2505319118499756,0.2199999988079071,0.5,0.6235430240631104,1
/home/jovyan/Joel_Pardo/AI4LABOUR/Mejoras/results_coursera/models/simcse_coursera_sup/sentence-transformers/all-MiniLM-L6-v2,D_char_jaccard,17,e1dbddbff402,"prepare contracts, disclosures, or applications",146,e108b321d664,7,0.3768887102603912,0.32154303789138794,2.949824571609497,0.05000000074505806,0.5,0.0,1
/home/jovyan/Joel_Pardo/AI4LABOUR/Mejoras/results_coursera/models/simcse_coursera_sup/sentence-transformers/all-MiniLM-L6-v2,D_char_jaccard,17,e1dbddbff402,"prepare contracts, disclosures, or applications",2405,257dd3053641,8,0.8229859352111817,0.4384083151817322,4.3055949211120605,0.1785714328289032,0.6666666865348816,0.751105546951294,1
/home/jovyan/Joel_Pardo/AI4LABOUR/Mejoras/results_coursera/models/simcse_coursera_sup/sentence-transformers/all-MiniLM-L6-v2,D_char_jaccard,17,e1dbddbff402,"prepare contracts, disclosures, or applications",4311,dad8075f10c2,9,0.7137219786643982,0.4301968216896057,4.210331916809082,0.15492957830429077,0.8571428656578064,0.48738816380500793,1
/home/jovyan/Joel_Pardo/AI4LABOUR/Mejoras/results_coursera/models/simcse_coursera_sup/sentence-transformers/all-MiniLM-L6-v2,D_char_jaccard,17,e1dbddbff402,"prepare contracts, disclosures, or applications",4743,80198c4e31ae,10,0.44317625761032103,0.39086490869522095,3.7540371417999268,0.032258063554763794,0.6666666865348816,0.0,1
/home/jovyan/Joel_Pardo/AI4LABOUR/Mejoras/results_coursera/models/simcse_coursera_sup/sentence-transformers/all-MiniLM-L6-v2,D_char_jaccard,18,1c10b347eeee,update technical knowledge,1607,6544768291be,1,1.0650444507598877,0.570031464099884,6.106780052185059,0.25806450843811035,0.75,1.0,1
/home/jovyan/Joel_Pardo/AI4LABOUR/Mejoras/results_coursera/models/simcse_coursera_sup/sentence-transformers/all-MiniLM-L6-v2,D_char_jaccard,18,1c10b347eeee,update technical knowledge,2003,af05ac064c3c,2,0.698406207561493,0.23878592252731323,1.8567427396774292,0.11627907305955887,0.6666666865348816,0.9277393221855164,1
/home/jovyan/Joel_Pardo/AI4LABOUR/Mejoras/results_coursera/models/simcse_coursera_sup/sentence-transformers/all-MiniLM-L6-v2,D_char_jaccard,18,1c10b347eeee,update technical knowledge,489,a0c130bfaa58,3,0.8859745144844056,0.36431729793548584,3.467369794845581,0.3333333432674408,0.75,0.9681389331817627,1
/home/jovyan/Joel_Pardo/AI4LABOUR/Mejoras/results_coursera/models/simcse_coursera_sup/sentence-transformers/all-MiniLM-L6-v2,D_char_jaccard,18,1c10b347eeee,update technical knowledge,4389,9612532a8fac,4,0.8295569300651551,0.3880704939365387,3.77213454246521,0.190476194024086,1.0,0.8316860795021057,1
/home/jovyan/Joel_Pardo/AI4LABOUR/Mejoras/results_coursera/models/simcse_coursera_sup/sentence-transformers/all-MiniLM-L6-v2,D_char_jaccard,18,1c10b347eeee,update technical knowledge,4958,e875aba54876,5,0.8306029915809632,0.3786507844924927,3.651275157928467,0.22857142984867096,1.0,0.8316860795021057,1
/home/jovyan/Joel_Pardo/AI4LABOUR/Mejoras/results_coursera/models/simcse_coursera_sup/sentence-transformers/all-MiniLM-L6-v2,D_char_jaccard,18,1c10b347eeee,update technical knowledge,4368,2840909e1745,6,0.3676686465740204,0.30852073431015015,2.7514734268188477,0.0,0.800000011920929,0.0,1
/home/jovyan/Joel_Pardo/AI4LABOUR/Mejoras/results_coursera/models/simcse_coursera_sup/sentence-transformers/all-MiniLM-L6-v2,D_char_jaccard,18,1c10b347eeee,update technical knowledge,4415,859f5dcf8041,7,0.41955697536468506,0.2567240595817566,2.086897373199463,0.10588235408067703,0.3076923191547394,0.36662521958351135,0
/home/jovyan/Joel_Pardo/AI4LABOUR/Mejoras/results_coursera/models/simcse_coursera_sup/sentence-transformers/all-MiniLM-L6-v2,D_char_jaccard,18,1c10b347eeee,update technical knowledge,3213,e73f40d83ac6,8,0.6030926585197449,0.38227856159210205,3.6978211402893066,0.12345679104328156,0.3333333432674408,0.4037778079509735,1
/home/jovyan/Joel_Pardo/AI4LABOUR/Mejoras/results_coursera/models/simcse_coursera_sup/sentence-transformers/all-MiniLM-L6-v2,D_char_jaccard,18,1c10b347eeee,update technical knowledge,4183,3d50ffa95952,9,0.8362901091575623,0.37456876039505005,3.59890079498291,0.2222222238779068,1.0,0.8590565323829651,1
/home/jovyan/Joel_Pardo/AI4LABOUR/Mejoras/results_coursera/models/simcse_coursera_sup/sentence-transformers/all-MiniLM-L6-v2,D_char_jaccard,18,1c10b347eeee,update technical knowledge,2505,706a8c419d43,10,0.7527141451835633,0.2986195683479309,2.624436616897583,0.20512820780277252,1.0,0.8316860795021057,1
/home/jovyan/Joel_Pardo/AI4LABOUR/Mejoras/results_coursera/models/simcse_coursera_sup/sentence-transformers/all-MiniLM-L6-v2,D_char_jaccard,19,9d76ae41867e,evaluate characteristics of equipment or systems,2657,805fc5c1d17a,1,0.9430538296699524,0.44300949573516846,4.006991386413574,0.2916666567325592,0.4285714328289032,1.0,1
/home/jovyan/Joel_Pardo/AI4LABOUR/Mejoras/results_coursera/models/simcse_coursera_sup/sentence-transformers/all-MiniLM-L6-v2,D_char_jaccard,19,9d76ae41867e,evaluate characteristics of equipment or systems,3649,78978c6ace8e,2,0.5490932643413544,0.2785147428512573,2.2026567459106445,0.12962962687015533,0.5714285969734192,0.4686279594898224,1
/home/jovyan/Joel_Pardo/AI4LABOUR/Mejoras/results_coursera/models/simcse_coursera_sup/sentence-transformers/all-MiniLM-L6-v2,D_char_jaccard,19,9d76ae41867e,evaluate characteristics of equipment or systems,4507,4308d262ba90,3,0.6526132702827454,0.32374221086502075,2.6987545490264893,0.11249999701976776,0.8571428656578064,0.6006578207015991,1
/home/jovyan/Joel_Pardo/AI4LABOUR/Mejoras/results_coursera/models/simcse_coursera_sup/sentence-transformers/all-MiniLM-L6-v2,D_char_jaccard,19,9d76ae41867e,evaluate characteristics of equipment or systems,3059,49fffd4c8845,4,0.4823171377182007,0.24075442552566528,1.7884658575057983,0.07042253762483597,1.0,0.3700812757015228,1
/home/jovyan/Joel_Pardo/AI4LABOUR/Mejoras/results_coursera/models/simcse_coursera_sup/sentence-transformers/all-MiniLM-L6-v2,D_char_jaccard,19,9d76ae41867e,evaluate characteristics of equipment or systems,2641,414d1ab8da6a,5,0.6891464591026306,0.3179813325405121,2.635563850402832,0.1230769231915474,0.5714285969734192,0.8590565323829651,0
/home/jovyan/Joel_Pardo/AI4LABOUR/Mejoras/results_coursera/models/simcse_coursera_sup/sentence-transformers/all-MiniLM-L6-v2,D_char_jaccard,19,9d76ae41867e,evaluate characteristics of equipment or systems,3816,d4dcc2b4ce0a,6,0.5750848531723023,0.35307934880256653,3.020552158355713,0.10227272659540176,1.0,0.3293631970882416,1
/home/jovyan/Joel_Pardo/AI4LABOUR/Mejoras/results_coursera/models/simcse_coursera_sup/sentence-transformers/all-MiniLM-L6-v2,D_char_jaccard,19,9d76ae41867e,evaluate characteristics of equipment or systems,4167,75c9acad5c18,7,0.5249509990215302,0.22878305613994598,1.6571526527404785,0.11764705926179886,0.4285714328289032,0.545514702796936,1
/home/jovyan/Joel_Pardo/AI4LABOUR/Mejoras/results_coursera/models/simcse_coursera_sup/sentence-transformers/all-MiniLM-L6-v2,D_char_jaccard,19,9d76ae41867e,evaluate characteristics of equipment or systems,3663,9b1383e434a5,8,0.7460911750793457,0.3756573796272278,3.268209457397461,0.14754098653793335,0.7142857313156128,0.7134999632835388,1
/home/jovyan/Joel_Pardo/AI4LABOUR/Mejoras/results_coursera/models/simcse_coursera_sup/sentence-transformers/all-MiniLM-L6-v2,D_char_jaccard,19,9d76ae41867e,evaluate characteristics of equipment or systems,2088,ec09f4cecbe4,9,0.5406829297542572,0.37440964579582214,3.2545230388641357,0.08641975373029709,0.875,0.22089840471744537,1
/home/jovyan/Joel_Pardo/AI4LABOUR/Mejoras/results_coursera/models/simcse_coursera_sup/sentence-transformers/all-MiniLM-L6-v2,D_char_jaccard,19,9d76ae41867e,evaluate characteristics of equipment or systems,548,0586134e1b27,10,0.5142611145973206,0.3274589776992798,2.7395236492156982,0.08974359184503555,1.0,0.24278026819229126,1
/home/jovyan/Joel_Pardo/AI4LABOUR/Mejoras/results_coursera/models/simcse_coursera_sup/sentence-transformers/all-MiniLM-L6-v2,D_char_jaccard,20,1bd49058235f,advise customers on the use of products or services,3025,5653d4592b47,1,0.8287224650382996,0.313579261302948,2.5923757553100586,0.20481927692890167,1.0,0.9882408380508423,1
/home/jovyan/Joel_Pardo/AI4LABOUR/Mejoras/results_coursera/models/simcse_coursera_sup/sentence-transformers/all-MiniLM-L6-v2,D_char_jaccard,20,1bd49058235f,advise customers on the use of products or services,4501,7e31f9e44f69,2,0.5524610877037048,0.1855752319097519,1.1705111265182495,0.09375,1.0,0.78001469373703,0
/home/jovyan/Joel_Pardo/AI4LABOUR/Mejoras/results_coursera/models/simcse_coursera_sup/sentence-transformers/all-MiniLM-L6-v2,D_char_jaccard,20,1bd49058235f,advise customers on the use of products or services,3512,701a9321eaae,3,0.7128299951553345,0.32315999269485474,2.698798179626465,0.12727272510528564,0.30000001192092896,0.8129196166992188,1
/home/jovyan/Joel_Pardo/AI4LABOUR/Mejoras/results_coursera/models/simcse_coursera_sup/sentence-transformers/all-MiniLM-L6-v2,D_char_jaccard,20,1bd49058235f,advise customers on the use of products or services,1700,eac424af327b,4,0.5803901433944703,0.25349175930023193,1.924925684928894,0.03921568766236305,0.30000001192092896,0.6936091184616089,1
/home/jovyan/Joel_Pardo/AI4LABOUR/Mejoras/results_coursera/models/simcse_coursera_sup/sentence-transformers/all-MiniLM-L6-v2,D_char_jaccard,20,1bd49058235f,advise customers on the use of products or services,2067,9c7403fc6e17,5,0.6858146667480469,0.268656849861145,2.093379020690918,0.12727272510528564,0.4000000059604645,0.8555133938789368,1
/home/jovyan/Joel_Pardo/AI4LABOUR/Mejoras/results_coursera/models/simcse_coursera_sup/sentence-transformers/all-MiniLM-L6-v2,D_char_jaccard,20,1bd49058235f,advise customers on the use of products or services,4300,c825cd049c18,6,0.6838792443275452,0.45998555421829224,4.21865177154541,0.09756097197532654,0.5882353186607361,0.415225625038147,1
/home/jovyan/Joel_Pardo/AI4LABOUR/Mejoras/results_coursera/models/simcse_coursera_sup/sentence-transformers/all-MiniLM-L6-v2,D_char_jaccard,20,1bd49058235f,advise customers on the use of products or services,5261,063a4ccbc97a,7,0.5678478360176087,0.2436656355857849,1.8157774209976196,0.09322033822536469,0.7142857313156128,0.5988234877586365,1
/home/jovyan/Joel_Pardo/AI4LABOUR/Mejoras/results_coursera/models/simcse_coursera_sup/sentence-transformers/all-MiniLM-L6-v2,D_char_jaccard,20,1bd49058235f,advise customers on the use of products or services,1616,a34f9345ecdf,8,0.6471240401268006,0.30000966787338257,2.4416451454162598,0.1111111119389534,0.4000000059604645,0.6983439326286316,1
/home/jovyan/Joel_Pardo/AI4LABOUR/Mejoras/results_coursera/models/simcse_coursera_sup/sentence-transformers/all-MiniLM-L6-v2,D_char_jaccard,20,1bd49058235f,advise customers on the use of products or services,2539,8657d3271db0,9,0.6279025554656983,0.19499826431274414,1.2751818895339966,0.11666666716337204,0.5,0.870593786239624,1
/home/jovyan/Joel_Pardo/AI4LABOUR/Mejoras/results_coursera/models/simcse_coursera_sup/sentence-transformers/all-MiniLM-L6-v2,D_char_jaccard,20,1bd49058235f,advise customers on the use of products or services,3524,711b7667ca38,10,0.6474730253219605,0.3631494641304016,3.1429996490478516,0.09090909361839294,0.6000000238418579,0.5447781085968018,1
/home/jovyan/Joel_Pardo/AI4LABOUR/Mejoras/results_coursera/models/simcse_coursera_sup/sentence-transformers/all-MiniLM-L6-v2,D_char_jaccard,21,c9b70de179fe,develop software or computer applications,1618,a6ec7cc907d1,1,1.1263821601867676,0.6265358328819275,5.382237434387207,0.3499999940395355,0.5,1.0,1
/home/jovyan/Joel_Pardo/AI4LABOUR/Mejoras/results_coursera/models/simcse_coursera_sup/sentence-transformers/all-MiniLM-L6-v2,D_char_jaccard,21,c9b70de179fe,develop software or computer applications,336,96ef3ce52d7a,2,0.689559805393219,0.4194931387901306,3.257957696914673,0.25999999046325684,0.6666666865348816,0.4092065691947937,1
/home/jovyan/Joel_Pardo/AI4LABOUR/Mejoras/results_coursera/models/simcse_coursera_sup/sentence-transformers/all-MiniLM-L6-v2,D_char_jaccard,21,c9b70de179fe,develop software or computer applications,640,52ceaed184a1,3,0.689937698841095,0.36871951818466187,2.7370150089263916,0.23404255509376526,0.5,0.5614487528800964,1
/home/jovyan/Joel_Pardo/AI4LABOUR/Mejoras/results_coursera/models/simcse_coursera_sup/sentence-transformers/all-MiniLM-L6-v2,D_char_jaccard,21,c9b70de179fe,develop software or computer applications,2278,6f4fc391d1eb,4,0.6428597450256348,0.3119781017303467,2.1548421382904053,0.25,0.5,0.5614487528800964,1
/home/jovyan/Joel_Pardo/AI4LABOUR/Mejoras/results_coursera/models/simcse_coursera_sup/sentence-transformers/all-MiniLM-L6-v2,D_char_jaccard,21,c9b70de179fe,develop software or computer applications,3623,bd01707ee9b8,5,0.6778181076049805,0.43751680850982666,3.4428822994232178,0.14814814925193787,0.6666666865348816,0.4092065691947937,1
/home/jovyan/Joel_Pardo/AI4LABOUR/Mejoras/results_coursera/models/simcse_coursera_sup/sentence-transformers/all-MiniLM-L6-v2,D_char_jaccard,21,c9b70de179fe,develop software or computer applications,123,4a0d5cbe9087,6,0.8308251976966858,0.5792324542999268,4.896899700164795,0.25,0.6666666865348816,0.4092065691947937,1
/home/jovyan/Joel_Pardo/AI4LABOUR/Mejoras/results_coursera/models/simcse_coursera_sup/sentence-transformers/all-MiniLM-L6-v2,D_char_jaccard,21,c9b70de179fe,develop software or computer applications,1827,45edc3cf0101,7,0.7319297075271607,0.4124879240989685,3.1860833168029785,0.24444444477558136,0.5,0.5614487528800964,1
/home/jovyan/Joel_Pardo/AI4LABOUR/Mejoras/results_coursera/models/simcse_coursera_sup/sentence-transformers/all-MiniLM-L6-v2,D_char_jaccard,21,c9b70de179fe,develop software or computer applications,2813,0b516df2a352,8,0.669479238986969,0.347342312335968,2.5176825523376465,0.2291666716337204,0.5,0.5614487528800964,1
/home/jovyan/Joel_Pardo/AI4LABOUR/Mejoras/results_coursera/models/simcse_coursera_sup/sentence-transformers/all-MiniLM-L6-v2,D_char_jaccard,21,c9b70de179fe,develop software or computer applications,3417,e3e4522970de,9,0.7065524935722352,0.4764830470085144,3.842679977416992,0.12280701845884323,0.6666666865348816,0.4092065691947937,1
/home/jovyan/Joel_Pardo/AI4LABOUR/Mejoras/results_coursera/models/simcse_coursera_sup/sentence-transformers/all-MiniLM-L6-v2,D_char_jaccard,21,c9b70de179fe,develop software or computer applications,449,a3d51b184318,10,0.6713288307189942,0.4086085557937622,3.1462807655334473,0.15217390656471252,0.5,0.47634416818618774,1
/home/jovyan/Joel_Pardo/AI4LABOUR/Mejoras/results_coursera/models/simcse_coursera_sup/sentence-transformers/all-MiniLM-L6-v2,D_char_jaccard,22,bab0b2935945,"analyze operational data to evaluate operations, processes or products",4507,4308d262ba90,1,0.8424728393554688,0.445880264043808,3.699589967727661,0.1666666716337204,0.6000000238418579,0.7987847328186035,1
/home/jovyan/Joel_Pardo/AI4LABOUR/Mejoras/results_coursera/models/simcse_coursera_sup/sentence-transformers/all-MiniLM-L6-v2,D_char_jaccard,22,bab0b2935945,"analyze operational data to evaluate operations, processes or products",2795,0270e82e5a44,2,0.6080346703529358,0.3279029130935669,2.49680757522583,0.11764705926179886,0.30000001192092896,0.6712756752967834,0
/home/jovyan/Joel_Pardo/AI4LABOUR/Mejoras/results_coursera/models/simcse_coursera_sup/sentence-transformers/all-MiniLM-L6-v2,D_char_jaccard,22,bab0b2935945,"analyze operational data to evaluate operations, processes or products",4059,966ff254f415,3,0.6830000162124634,0.35038942098617554,2.7260584831237793,0.19178082048892975,0.5,0.6117609143257141,1
/home/jovyan/Joel_Pardo/AI4LABOUR/Mejoras/results_coursera/models/simcse_coursera_sup/sentence-transformers/all-MiniLM-L6-v2,D_char_jaccard,22,bab0b2935945,"analyze operational data to evaluate operations, processes or products",2536,62bb27f24dab,4,0.6950657844543457,0.4077811539173126,3.3111684322357178,0.10958904027938843,0.4000000059604645,0.5766637921333313,1
/home/jovyan/Joel_Pardo/AI4LABOUR/Mejoras/results_coursera/models/simcse_coursera_sup/sentence-transformers/all-MiniLM-L6-v2,D_char_jaccard,22,bab0b2935945,"analyze operational data to evaluate operations, processes or products",2067,9c7403fc6e17,5,0.7514343738555909,0.2609158158302307,1.8138723373413086,0.18644067645072937,0.4000000059604645,1.0,1
/home/jovyan/Joel_Pardo/AI4LABOUR/Mejoras/results_coursera/models/simcse_coursera_sup/sentence-transformers/all-MiniLM-L6-v2,D_char_jaccard,22,bab0b2935945,"analyze operational data to evaluate operations, processes or products",5227,443680839279,6,0.5857863306999207,0.25591379404067993,1.7628766298294067,0.14754098653793335,0.30000001192092896,0.6339467167854309,1
/home/jovyan/Joel_Pardo/AI4LABOUR/Mejoras/results_coursera/models/simcse_coursera_sup/sentence-transformers/all-MiniLM-L6-v2,D_char_jaccard,22,bab0b2935945,"analyze operational data to evaluate operations, processes or products",42,02d9739e2d83,7,0.8218899250030518,0.5158319473266602,4.412749767303467,0.15625,0.30000001192092896,0.6339467167854309,1
/home/jovyan/Joel_Pardo/AI4LABOUR/Mejoras/results_coursera/models/simcse_coursera_sup/sentence-transformers/all-MiniLM-L6-v2,D_char_jaccard,22,bab0b2935945,"analyze operational data to evaluate operations, processes or products",1452,41db1b32b4b9,8,0.7664008617401123,0.373208612203598,2.95870041847229,0.15625,0.5,0.7911267280578613,1
/home/jovyan/Joel_Pardo/AI4LABOUR/Mejoras/results_coursera/models/simcse_coursera_sup/sentence-transformers/all-MiniLM-L6-v2,D_char_jaccard,22,bab0b2935945,"analyze operational data to evaluate operations, processes or products",2728,b12a99169d3e,9,0.6575539588928223,0.4035879075527191,3.268418073654175,0.1428571492433548,0.7692307829856873,0.42537248134613037,1
/home/jovyan/Joel_Pardo/AI4LABOUR/Mejoras/results_coursera/models/simcse_coursera_sup/sentence-transformers/all-MiniLM-L6-v2,D_char_jaccard,22,bab0b2935945,"analyze operational data to evaluate operations, processes or products",751,2a63b9d3beeb,10,0.5456517338752747,0.23975789546966553,1.5981667041778564,0.1547619104385376,0.699999988079071,0.6404478549957275,0
/home/jovyan/Joel_Pardo/AI4LABOUR/Mejoras/results_coursera/models/simcse_coursera_sup/sentence-transformers/all-MiniLM-L6-v2,D_char_jaccard,23,9a8d83e8b2e2,conduct environmental audits,2486,efb61440c3a1,1,1.111427116394043,0.649849534034729,7.340031623840332,0.15625,0.75,1.0,1
/home/jovyan/Joel_Pardo/AI4LABOUR/Mejoras/results_coursera/models/simcse_coursera_sup/sentence-transformers/all-MiniLM-L6-v2,D_char_jaccard,23,9a8d83e8b2e2,conduct environmental audits,3000,60f525001b2f,2,0.8600426197052002,0.40761542320251465,4.4159698486328125,0.375,0.75,0.7798467874526978,1
/home/jovyan/Joel_Pardo/AI4LABOUR/Mejoras/results_coursera/models/simcse_coursera_sup/sentence-transformers/all-MiniLM-L6-v2,D_char_jaccard,23,9a8d83e8b2e2,conduct environmental audits,4106,7a6199e2dfd9,3,0.4009058356285095,0.34302932024002075,3.6363365650177,0.11538461595773697,0.2666666805744171,0.0,1
/home/jovyan/Joel_Pardo/AI4LABOUR/Mejoras/results_coursera/models/simcse_coursera_sup/sentence-transformers/all-MiniLM-L6-v2,D_char_jaccard,23,9a8d83e8b2e2,conduct environmental audits,1599,afa25b53b685,4,0.34370996356010436,0.2775552272796631,2.84598445892334,0.025641025975346565,0.75,0.0,1
/home/jovyan/Joel_Pardo/AI4LABOUR/Mejoras/results_coursera/models/simcse_coursera_sup/sentence-transformers/all-MiniLM-L6-v2,D_char_jaccard,23,9a8d83e8b2e2,conduct environmental audits,2947,48c7fe084bf6,5,0.34598766565322875,0.22270233929157257,2.1838431358337402,0.2222222238779068,0.800000011920929,0.0,1
/home/jovyan/Joel_Pardo/AI4LABOUR/Mejoras/results_coursera/models/simcse_coursera_sup/sentence-transformers/all-MiniLM-L6-v2,D_char_jaccard,23,9a8d83e8b2e2,conduct environmental audits,2277,e2ee4e5d252a,6,0.9620128750801087,0.5324897766113281,5.923355579376221,0.3333333432674408,0.75,0.7798467874526978,1
/home/jovyan/Joel_Pardo/AI4LABOUR/Mejoras/results_coursera/models/simcse_coursera_sup/sentence-transformers/all-MiniLM-L6-v2,D_char_jaccard,23,9a8d83e8b2e2,conduct environmental audits,2274,082c805e8003,7,0.3413093268871307,0.27615782618522644,2.829116106033325,0.03773584961891174,0.6666666865348816,0.0,1
/home/jovyan/Joel_Pardo/AI4LABOUR/Mejoras/results_coursera/models/simcse_coursera_sup/sentence-transformers/all-MiniLM-L6-v2,D_char_jaccard,23,9a8d83e8b2e2,conduct environmental audits,3298,22bd137c51e5,8,0.40883009433746337,0.342788428068161,3.6334288120269775,0.05128205195069313,0.75,0.0,1
/home/jovyan/Joel_Pardo/AI4LABOUR/Mejoras/results_coursera/models/simcse_coursera_sup/sentence-transformers/all-MiniLM-L6-v2,D_char_jaccard,23,9a8d83e8b2e2,conduct environmental audits,225,c30ebd0088ed,9,0.34681888222694396,0.2691926956176758,2.7450385093688965,0.0181818176060915,1.0,0.0,1
/home/jovyan/Joel_Pardo/AI4LABOUR/Mejoras/results_coursera/models/simcse_coursera_sup/sentence-transformers/all-MiniLM-L6-v2,D_char_jaccard,23,9a8d83e8b2e2,conduct environmental audits,1452,41db1b32b4b9,10,0.37680600881576537,0.31867337226867676,3.3423304557800293,0.0,0.800000011920929,0.0,1
/home/jovyan/Joel_Pardo/AI4LABOUR/Mejoras/results_coursera/models/simcse_coursera_sup/sentence-transformers/all-MiniLM-L6-v2,D_char_jaccard,24,2ae9204d54c8,design industrial processing systems,4723,66fe44b4fefa,1,1.0904483079910279,0.6144091486930847,5.595893859863281,0.2432432472705841,0.6000000238418579,0.9916732311248779,1
/home/jovyan/Joel_Pardo/AI4LABOUR/Mejoras/results_coursera/models/simcse_coursera_sup/sentence-transformers/all-MiniLM-L6-v2,D_char_jaccard,24,2ae9204d54c8,design industrial processing systems,107,20be59e19f80,2,0.9821869611740113,0.4904179573059082,4.323029041290283,0.2432432472705841,0.6000000238418579,1.0,1
/home/jovyan/Joel_Pardo/AI4LABOUR/Mejoras/results_coursera/models/simcse_coursera_sup/sentence-transformers/all-MiniLM-L6-v2,D_char_jaccard,24,2ae9204d54c8,design industrial processing systems,746,af043b3e36cc,3,0.6793559074401856,0.29103395342826843,2.2761993408203125,0.23076923191547394,0.6000000238418579,0.6993325352668762,1
/home/jovyan/Joel_Pardo/AI4LABOUR/Mejoras/results_coursera/models/simcse_coursera_sup/sentence-transformers/all-MiniLM-L6-v2,D_char_jaccard,24,2ae9204d54c8,design industrial processing systems,1284,294af0829fde,4,0.6896136283874512,0.4367910623550415,3.772507905960083,0.21276596188545227,0.800000011920929,0.38327541947364807,1
/home/jovyan/Joel_Pardo/AI4LABOUR/Mejoras/results_coursera/models/simcse_coursera_sup/sentence-transformers/all-MiniLM-L6-v2,D_char_jaccard,24,2ae9204d54c8,design industrial processing systems,870,e6a1f7662e45,5,0.6452522158622742,0.3162570297718048,2.5351336002349854,0.20000000298023224,1.0,0.526552140712738,1
/home/jovyan/Joel_Pardo/AI4LABOUR/Mejoras/results_coursera/models/simcse_coursera_sup/sentence-transformers/all-MiniLM-L6-v2,D_char_jaccard,24,2ae9204d54c8,design industrial processing systems,61,7e243ce316f8,6,0.6162980675697327,0.3976535499095917,3.3707315921783447,0.09615384787321091,1.0,0.3359284996986389,1
/home/jovyan/Joel_Pardo/AI4LABOUR/Mejoras/results_coursera/models/simcse_coursera_sup/sentence-transformers/all-MiniLM-L6-v2,D_char_jaccard,24,2ae9204d54c8,design industrial processing systems,2690,7cdbf2771715,7,0.6326944708824158,0.3484184145927429,2.8652946949005127,0.1666666716337204,0.800000011920929,0.4686279594898224,1
/home/jovyan/Joel_Pardo/AI4LABOUR/Mejoras/results_coursera/models/simcse_coursera_sup/sentence-transformers/all-MiniLM-L6-v2,D_char_jaccard,24,2ae9204d54c8,design industrial processing systems,4903,7ae5405b0851,8,0.7027088284492493,0.3616970479488373,3.001610517501831,0.1875,0.800000011920929,0.6007661819458008,1
/home/jovyan/Joel_Pardo/AI4LABOUR/Mejoras/results_coursera/models/simcse_coursera_sup/sentence-transformers/all-MiniLM-L6-v2,D_char_jaccard,24,2ae9204d54c8,design industrial processing systems,3873,09a84053a60b,9,0.6301289677619935,0.385354220867157,3.244469165802002,0.1599999964237213,0.800000011920929,0.38327541947364807,1
/home/jovyan/Joel_Pardo/AI4LABOUR/Mejoras/results_coursera/models/simcse_coursera_sup/sentence-transformers/all-MiniLM-L6-v2,D_char_jaccard,24,2ae9204d54c8,design industrial processing systems,2093,bc30fde7977a,10,0.6745362758636475,0.3269219398498535,2.6446168422698975,0.20000000298023224,0.800000011920929,0.6007661819458008,1
/home/jovyan/Joel_Pardo/AI4LABOUR/Mejoras/results_coursera/models/simcse_coursera_sup/sentence-transformers/all-MiniLM-L6-v2,D_char_jaccard,25,79d2ac46742b,direct operational or production activities,3033,fd89784e59c7,1,1.0419986128807068,0.5807783007621765,5.8113932609558105,0.21052631735801697,0.3333333432674408,1.0,1
/home/jovyan/Joel_Pardo/AI4LABOUR/Mejoras/results_coursera/models/simcse_coursera_sup/sentence-transformers/all-MiniLM-L6-v2,D_char_jaccard,25,79d2ac46742b,direct operational or production activities,1047,aa556f470629,2,0.6521502614021302,0.2259843647480011,1.641809344291687,0.16981132328510284,0.6666666865348816,0.8074454665184021,1
/home/jovyan/Joel_Pardo/AI4LABOUR/Mejoras/results_coursera/models/simcse_coursera_sup/sentence-transformers/all-MiniLM-L6-v2,D_char_jaccard,25,79d2ac46742b,direct operational or production activities,4059,966ff254f415,3,0.658506441116333,0.2269655168056488,1.6533399820327759,0.18644067645072937,0.8333333134651184,0.7899014353752136,1
/home/jovyan/Joel_Pardo/AI4LABOUR/Mejoras/results_coursera/models/simcse_coursera_sup/sentence-transformers/all-MiniLM-L6-v2,D_char_jaccard,25,79d2ac46742b,direct operational or production activities,3232,d7dbf48fa293,4,0.802190113067627,0.37338027358055115,3.3740248680114746,0.0892857164144516,0.6666666865348816,0.901232898235321,1
/home/jovyan/Joel_Pardo/AI4LABOUR/Mejoras/results_coursera/models/simcse_coursera_sup/sentence-transformers/all-MiniLM-L6-v2,D_char_jaccard,25,79d2ac46742b,direct operational or production activities,1694,d6c8c0983834,5,0.4149703085422516,-0.0001667812466621399,-1.0159478187561035,0.02380952425301075,0.5,0.9604200720787048,0
/home/jovyan/Joel_Pardo/AI4LABOUR/Mejoras/results_coursera/models/simcse_coursera_sup/sentence-transformers/all-MiniLM-L6-v2,D_char_jaccard,25,79d2ac46742b,direct operational or production activities,1675,8335d26464b5,6,0.6772037029266358,0.2842743396759033,2.32684063911438,0.18644067645072937,0.8333333134651184,0.7076997756958008,1
/home/jovyan/Joel_Pardo/AI4LABOUR/Mejoras/results_coursera/models/simcse_coursera_sup/sentence-transformers/all-MiniLM-L6-v2,D_char_jaccard,25,79d2ac46742b,direct operational or production activities,1245,e506448ed7d0,7,0.3933595597743988,0.28671345114707947,2.3555054664611816,0.1746031790971756,0.8333333134651184,0.0,1
/home/jovyan/Joel_Pardo/AI4LABOUR/Mejoras/results_coursera/models/simcse_coursera_sup/sentence-transformers/all-MiniLM-L6-v2,D_char_jaccard,25,79d2ac46742b,direct operational or production activities,147,575ea3efc7e8,8,0.7832724928855896,0.4344356656074524,4.091555595397949,0.15748031437397003,0.23999999463558197,0.7272757887840271,1
/home/jovyan/Joel_Pardo/AI4LABOUR/Mejoras/results_coursera/models/simcse_coursera_sup/sentence-transformers/all-MiniLM-L6-v2,D_char_jaccard,25,79d2ac46742b,direct operational or production activities,5169,69142a156a26,9,0.5201113998889924,0.16419047117233276,0.9155995845794678,0.10447761416435242,0.8571428656578064,0.6334085464477539,1
/home/jovyan/Joel_Pardo/AI4LABOUR/Mejoras/results_coursera/models/simcse_coursera_sup/sentence-transformers/all-MiniLM-L6-v2,D_char_jaccard,25,79d2ac46742b,direct operational or production activities,4737,cf83127a902d,10,0.42544167041778563,0.33283907175064087,2.8975794315338135,0.1702127605676651,0.6666666865348816,0.0,1
/home/jovyan/Joel_Pardo/AI4LABOUR/Mejoras/results_coursera/models/simcse_coursera_sup/sentence-transformers/all-MiniLM-L6-v2,D_char_jaccard,26,a86fc9314475,respond to emergencies to provide assistance,4514,4b7555920681,1,0.7634653329849244,0.2798611521720886,2.619396686553955,0.1320754736661911,0.5714285969734192,1.0,1
/home/jovyan/Joel_Pardo/AI4LABOUR/Mejoras/results_coursera/models/simcse_coursera_sup/sentence-transformers/all-MiniLM-L6-v2,D_char_jaccard,26,a86fc9314475,respond to emergencies to provide assistance,148,387ea797eb30,2,0.5667778134346009,0.17157551646232605,1.2406812906265259,0.02985074557363987,0.8571428656578064,0.7800999879837036,1
/home/jovyan/Joel_Pardo/AI4LABOUR/Mejoras/results_coursera/models/simcse_coursera_sup/sentence-transformers/all-MiniLM-L6-v2,D_char_jaccard,26,a86fc9314475,respond to emergencies to provide assistance,2264,603094eecd32,3,0.6097605109214783,0.18244436383247375,1.379065752029419,0.03703703731298447,0.7142857313156128,0.8764676451683044,1
/home/jovyan/Joel_Pardo/AI4LABOUR/Mejoras/results_coursera/models/simcse_coursera_sup/sentence-transformers/all-MiniLM-L6-v2,D_char_jaccard,26,a86fc9314475,respond to emergencies to provide assistance,1737,965d1ef43d33,4,0.712537157535553,0.6741033792495728,7.638970851898193,0.1090909093618393,0.5714285969734192,0.0,1
/home/jovyan/Joel_Pardo/AI4LABOUR/Mejoras/results_coursera/models/simcse_coursera_sup/sentence-transformers/all-MiniLM-L6-v2,D_char_jaccard,26,a86fc9314475,respond to emergencies to provide assistance,4406,c7378fb5d18b,5,0.5517555356025696,0.15191474556922913,0.9903562664985657,0.04054053872823715,0.8571428656578064,0.7800999879837036,1
/home/jovyan/Joel_Pardo/AI4LABOUR/Mejoras/results_coursera/models/simcse_coursera_sup/sentence-transformers/all-MiniLM-L6-v2,D_char_jaccard,26,a86fc9314475,respond to emergencies to provide assistance,2509,7f374572eafc,6,0.48993812799453734,0.14227887988090515,0.867670476436615,0.04938271641731262,0.875,0.6394786834716797,1
/home/jovyan/Joel_Pardo/AI4LABOUR/Mejoras/results_coursera/models/simcse_coursera_sup/sentence-transformers/all-MiniLM-L6-v2,D_char_jaccard,26,a86fc9314475,respond to emergencies to provide assistance,5171,ea4eaa54728e,7,0.6150264024734498,0.17543528974056244,1.2898247241973877,0.0833333358168602,0.7142857313156128,0.8764676451683044,1
/home/jovyan/Joel_Pardo/AI4LABOUR/Mejoras/results_coursera/models/simcse_coursera_sup/sentence-transformers/all-MiniLM-L6-v2,D_char_jaccard,26,a86fc9314475,respond to emergencies to provide assistance,1555,5f8ae87ccde0,8,0.6120594620704651,0.1816256046295166,1.3686411380767822,0.04918032884597778,0.7142857313156128,0.8764676451683044,1
/home/jovyan/Joel_Pardo/AI4LABOUR/Mejoras/results_coursera/models/simcse_coursera_sup/sentence-transformers/all-MiniLM-L6-v2,D_char_jaccard,26,a86fc9314475,respond to emergencies to provide assistance,3750,4e46877e9689,9,0.49640029668807983,0.12151143699884415,0.603255033493042,0.12857143580913544,0.8571428656578064,0.7800999879837036,0
/home/jovyan/Joel_Pardo/AI4LABOUR/Mejoras/results_coursera/models/simcse_coursera_sup/sentence-transformers/all-MiniLM-L6-v2,D_char_jaccard,26,a86fc9314475,respond to emergencies to provide assistance,2814,05eb79523820,10,0.43640726804733276,0.08996878564357758,0.20164746046066284,0.0972222238779068,1.0,0.7028244733810425,0
/home/jovyan/Joel_Pardo/AI4LABOUR/Mejoras/results_coursera/models/simcse_coursera_sup/sentence-transformers/all-MiniLM-L6-v2,D_char_jaccard,27,88a991273442,maintain regulatory or compliance documentation,3872,4e4ff7039f22,1,1.2308269023895264,0.7261712551116943,8.095976829528809,0.40909090638160706,0.5,1.0,1
/home/jovyan/Joel_Pardo/AI4LABOUR/Mejoras/results_coursera/models/simcse_coursera_sup/sentence-transformers/all-MiniLM-L6-v2,D_char_jaccard,27,88a991273442,maintain regulatory or compliance documentation,3251,fb35d872b6ae,2,0.6992812037467957,0.34349822998046875,3.617633581161499,0.25531914830207825,0.5,0.6282576322555542,1
/home/jovyan/Joel_Pardo/AI4LABOUR/Mejoras/results_coursera/models/simcse_coursera_sup/sentence-transformers/all-MiniLM-L6-v2,D_char_jaccard,27,88a991273442,maintain regulatory or compliance documentation,4553,ee0c03ef51a6,3,0.365189927816391,0.29607999324798584,3.0627079010009766,0.0615384615957737,0.6666666865348816,0.0,1
/home/jovyan/Joel_Pardo/AI4LABOUR/Mejoras/results_coursera/models/simcse_coursera_sup/sentence-transformers/all-MiniLM-L6-v2,D_char_jaccard,27,88a991273442,maintain regulatory or compliance documentation,1529,8c8790508d02,4,0.42811186909675597,0.3433268964290619,3.615628480911255,0.1764705926179886,0.5,0.0,1
/home/jovyan/Joel_Pardo/AI4LABOUR/Mejoras/results_coursera/models/simcse_coursera_sup/sentence-transformers/all-MiniLM-L6-v2,D_char_jaccard,27,88a991273442,maintain regulatory or compliance documentation,688,675b456b5403,5,0.35209437012672423,0.2953229248523712,3.0538480281829834,0.0746268630027771,0.3529411852359772,0.0,1
/home/jovyan/Joel_Pardo/AI4LABOUR/Mejoras/results_coursera/models/simcse_coursera_sup/sentence-transformers/all-MiniLM-L6-v2,D_char_jaccard,27,88a991273442,maintain regulatory or compliance documentation,1090,83caa8224229,6,0.3330044627189636,0.2602165937423706,2.6430060863494873,0.02857142873108387,0.8333333134651184,0.0,1
/home/jovyan/Joel_Pardo/AI4LABOUR/Mejoras/results_coursera/models/simcse_coursera_sup/sentence-transformers/all-MiniLM-L6-v2,D_char_jaccard,27,88a991273442,maintain regulatory or compliance documentation,1704,357ff6cf3fd9,7,0.3730549991130829,0.2903735935688019,2.995927095413208,0.046875,1.0,0.0,1
/home/jovyan/Joel_Pardo/AI4LABOUR/Mejoras/results_coursera/models/simcse_coursera_sup/sentence-transformers/all-MiniLM-L6-v2,D_char_jaccard,27,88a991273442,maintain regulatory or compliance documentation,3713,d58446f251ab,8,0.34645898938179015,0.25203925371170044,2.5473082065582275,0.14516128599643707,0.6666666865348816,0.0,1
/home/jovyan/Joel_Pardo/AI4LABOUR/Mejoras/results_coursera/models/simcse_coursera_sup/sentence-transformers/all-MiniLM-L6-v2,D_char_jaccard,27,88a991273442,maintain regulatory or compliance documentation,3844,9d3455eb929f,9,0.3772028863430023,0.3043482303619385,3.1594693660736084,0.01315789483487606,1.0,0.0,1
/home/jovyan/Joel_Pardo/AI4LABOUR/Mejoras/results_coursera/models/simcse_coursera_sup/sentence-transformers/all-MiniLM-L6-v2,D_char_jaccard,27,88a991273442,maintain regulatory or compliance documentation,995,dcdcd05e30eb,10,0.33589549660682677,0.2824764847755432,2.9035089015960693,0.05999999865889549,0.3333333432674408,0.0,1
/home/jovyan/Joel_Pardo/AI4LABOUR/Mejoras/results_coursera/models/simcse_coursera_sup/sentence-transformers/all-MiniLM-L6-v2,D_char_jaccard,28,ce1178bafa1d,monitor external affairs or events affecting business operations,1249,95d7d4c08187,1,1.0226640582084656,0.5349289178848267,5.345318794250488,0.2982456088066101,0.3333333432674408,1.0,1
/home/jovyan/Joel_Pardo/AI4LABOUR/Mejoras/results_coursera/models/simcse_coursera_sup/sentence-transformers/all-MiniLM-L6-v2,D_char_jaccard,28,ce1178bafa1d,monitor external affairs or events affecting business operations,860,fa8ac4b1b38c,2,0.6627516627311707,0.27217674255371094,2.35300350189209,0.0793650820851326,0.3333333432674408,0.8282116651535034,1
/home/jovyan/Joel_Pardo/AI4LABOUR/Mejoras/results_coursera/models/simcse_coursera_sup/sentence-transformers/all-MiniLM-L6-v2,D_char_jaccard,28,ce1178bafa1d,monitor external affairs or events affecting business operations,5120,399c4f53685e,3,0.7319072365760804,0.3636268973350525,3.39447021484375,0.16417910158634186,0.3333333432674408,0.7423290610313416,1
/home/jovyan/Joel_Pardo/AI4LABOUR/Mejoras/results_coursera/models/simcse_coursera_sup/sentence-transformers/all-MiniLM-L6-v2,D_char_jaccard,28,ce1178bafa1d,monitor external affairs or events affecting business operations,4106,7a6199e2dfd9,4,0.7487347602844239,0.5092246532440186,5.052589416503906,0.21487602591514587,0.6000000238418579,0.39178410172462463,1
/home/jovyan/Joel_Pardo/AI4LABOUR/Mejoras/results_coursera/models/simcse_coursera_sup/sentence-transformers/all-MiniLM-L6-v2,D_char_jaccard,28,ce1178bafa1d,monitor external affairs or events affecting business operations,754,2af854050699,5,0.6308081030845643,0.42942339181900024,4.143784046173096,0.1927710771560669,0.6666666865348816,0.28200221061706543,1
/home/jovyan/Joel_Pardo/AI4LABOUR/Mejoras/results_coursera/models/simcse_coursera_sup/sentence-transformers/all-MiniLM-L6-v2,D_char_jaccard,28,ce1178bafa1d,monitor external affairs or events affecting business operations,5201,e357ec230fff,6,0.5507020831108094,0.33673328161239624,3.088196277618408,0.12328767031431198,0.4444444477558136,0.3614949584007263,1
/home/jovyan/Joel_Pardo/AI4LABOUR/Mejoras/results_coursera/models/simcse_coursera_sup/sentence-transformers/all-MiniLM-L6-v2,D_char_jaccard,28,ce1178bafa1d,monitor external affairs or events affecting business operations,54,ac7e31a189e1,7,0.580828595161438,0.3620155155658722,3.376119613647461,0.1527777761220932,0.4444444477558136,0.3614949584007263,1
/home/jovyan/Joel_Pardo/AI4LABOUR/Mejoras/results_coursera/models/simcse_coursera_sup/sentence-transformers/all-MiniLM-L6-v2,D_char_jaccard,28,ce1178bafa1d,monitor external affairs or events affecting business operations,3127,1df2bc055e00,8,0.5347518205642701,0.24913251399993896,2.0905678272247314,0.15714286267757416,0.4444444477558136,0.49756157398223877,1
/home/jovyan/Joel_Pardo/AI4LABOUR/Mejoras/results_coursera/models/simcse_coursera_sup/sentence-transformers/all-MiniLM-L6-v2,D_char_jaccard,28,ce1178bafa1d,monitor external affairs or events affecting business operations,4102,6c5ee2ac016a,9,0.5260144054889679,0.27208006381988525,2.351902484893799,0.1846153885126114,0.3333333432674408,0.42080461978912354,1
/home/jovyan/Joel_Pardo/AI4LABOUR/Mejoras/results_coursera/models/simcse_coursera_sup/sentence-transformers/all-MiniLM-L6-v2,D_char_jaccard,28,ce1178bafa1d,monitor external affairs or events affecting business operations,2362,f7f0fbafd43c,10,0.523741501569748,0.30581238865852356,2.736058235168457,0.1267605572938919,0.4444444477558136,0.3614949584007263,1
/home/jovyan/Joel_Pardo/AI4LABOUR/Mejoras/results_coursera/models/simcse_coursera_sup/sentence-transformers/all-MiniLM-L6-v2,D_char_jaccard,29,ef7349785e11,implement design or process improvements,2365,103eab151086,1,1.0722280025482178,0.5737173557281494,5.247262477874756,0.3235294222831726,0.5,1.0,1
/home/jovyan/Joel_Pardo/AI4LABOUR/Mejoras/results_coursera/models/simcse_coursera_sup/sentence-transformers/all-MiniLM-L6-v2,D_char_jaccard,29,ef7349785e11,implement design or process improvements,3891,6579f5e89913,2,0.7558332562446595,0.38979941606521606,3.295414924621582,0.1803278625011444,1.0,0.6498294472694397,1
/home/jovyan/Joel_Pardo/AI4LABOUR/Mejoras/results_coursera/models/simcse_coursera_sup/sentence-transformers/all-MiniLM-L6-v2,D_char_jaccard,29,ef7349785e11,implement design or process improvements,3749,d53499e514eb,3,0.6219918012619019,0.42873305082321167,3.708601951599121,0.08064515888690948,1.0,0.2899269461631775,1
/home/jovyan/Joel_Pardo/AI4LABOUR/Mejoras/results_coursera/models/simcse_coursera_sup/sentence-transformers/all-MiniLM-L6-v2,D_char_jaccard,29,ef7349785e11,implement design or process improvements,619,724f875fd92b,4,0.6356922864913941,0.39598923921585083,3.361104965209961,0.125,0.5,0.43262994289398193,1
/home/jovyan/Joel_Pardo/AI4LABOUR/Mejoras/results_coursera/models/simcse_coursera_sup/sentence-transformers/all-MiniLM-L6-v2,D_char_jaccard,29,ef7349785e11,implement design or process improvements,3030,bf9b319f230f,5,0.6343543410301209,0.3990316390991211,3.39339280128479,0.10869564861059189,0.5,0.43262994289398193,1
/home/jovyan/Joel_Pardo/AI4LABOUR/Mejoras/results_coursera/models/simcse_coursera_sup/sentence-transformers/all-MiniLM-L6-v2,D_char_jaccard,29,ef7349785e11,implement design or process improvements,1174,1013182300d6,6,0.6296976685523987,0.3909820020198822,3.3079652786254883,0.1190476194024086,0.5,0.43262994289398193,1
/home/jovyan/Joel_Pardo/AI4LABOUR/Mejoras/results_coursera/models/simcse_coursera_sup/sentence-transformers/all-MiniLM-L6-v2,D_char_jaccard,29,ef7349785e11,implement design or process improvements,3303,8dee13915ca0,7,0.6464336395263672,0.40558815002441406,3.4629743099212646,0.2769230902194977,0.75,0.3116838037967682,1
/home/jovyan/Joel_Pardo/AI4LABOUR/Mejoras/results_coursera/models/simcse_coursera_sup/sentence-transformers/all-MiniLM-L6-v2,D_char_jaccard,29,ef7349785e11,implement design or process improvements,3963,91bd8992e298,8,0.6975926041603089,0.4960693120956421,4.423214912414551,0.11666666716337204,0.8333333134651184,0.32574233412742615,1
/home/jovyan/Joel_Pardo/AI4LABOUR/Mejoras/results_coursera/models/simcse_coursera_sup/sentence-transformers/all-MiniLM-L6-v2,D_char_jaccard,29,ef7349785e11,implement design or process improvements,2094,63cb0dc76a3b,9,0.6911722898483277,0.4471362829208374,3.9039080142974854,0.1627907007932663,0.5,0.43262994289398193,1
/home/jovyan/Joel_Pardo/AI4LABOUR/Mejoras/results_coursera/models/simcse_coursera_sup/sentence-transformers/all-MiniLM-L6-v2,D_char_jaccard,29,ef7349785e11,implement design or process improvements,1412,e63b1bee1602,10,0.6313151001930237,0.35689157247543335,2.9461770057678223,0.12727272510528564,0.6666666865348816,0.4874029755592346,1
/home/jovyan/Joel_Pardo/AI4LABOUR/Mejoras/results_coursera/models/simcse_coursera_sup/sentence-transformers/all-MiniLM-L6-v2,D_char_jaccard,30,c6a87cc5d35e,prepare operational reports,4589,a8445719836f,1,1.0554137706756592,0.587033748626709,6.15650749206543,0.2083333283662796,0.5,1.0,1
/home/jovyan/Joel_Pardo/AI4LABOUR/Mejoras/results_coursera/models/simcse_coursera_sup/sentence-transformers/all-MiniLM-L6-v2,D_char_jaccard,30,c6a87cc5d35e,prepare operational reports,4059,966ff254f415,2,0.7522675275802613,0.35373926162719727,3.3941009044647217,0.302325576543808,0.800000011920929,0.6708019971847534,1
/home/jovyan/Joel_Pardo/AI4LABOUR/Mejoras/results_coursera/models/simcse_coursera_sup/sentence-transformers/all-MiniLM-L6-v2,D_char_jaccard,30,c6a87cc5d35e,prepare operational reports,4590,5d45850c5baa,3,0.8773062109947205,0.4356636703014374,4.364156246185303,0.2142857164144516,0.75,0.8603436946868896,1
/home/jovyan/Joel_Pardo/AI4LABOUR/Mejoras/results_coursera/models/simcse_coursera_sup/sentence-transformers/all-MiniLM-L6-v2,D_char_jaccard,30,c6a87cc5d35e,prepare operational reports,1241,fa198a5b68ce,4,0.3686376094818115,0.24968449771404266,2.1620032787323,0.21568627655506134,0.800000011920929,0.0,1
/home/jovyan/Joel_Pardo/AI4LABOUR/Mejoras/results_coursera/models/simcse_coursera_sup/sentence-transformers/all-MiniLM-L6-v2,D_char_jaccard,30,c6a87cc5d35e,prepare operational reports,4310,506583358173,5,0.5761194705963135,0.2886328101158142,2.6231846809387207,0.11999999731779099,0.5714285969734192,0.5194462537765503,1
/home/jovyan/Joel_Pardo/AI4LABOUR/Mejoras/results_coursera/models/simcse_coursera_sup/sentence-transformers/all-MiniLM-L6-v2,D_char_jaccard,30,c6a87cc5d35e,prepare operational reports,2093,bc30fde7977a,6,0.3642271339893341,0.28791677951812744,2.61470627784729,0.020408162847161293,1.0,0.0,1
/home/jovyan/Joel_Pardo/AI4LABOUR/Mejoras/results_coursera/models/simcse_coursera_sup/sentence-transformers/all-MiniLM-L6-v2,D_char_jaccard,30,c6a87cc5d35e,prepare operational reports,4311,dad8075f10c2,7,0.6710128068923951,0.39816343784332275,3.920121192932129,0.10526315867900848,0.5714285969734192,0.5194462537765503,1
/home/jovyan/Joel_Pardo/AI4LABOUR/Mejoras/results_coursera/models/simcse_coursera_sup/sentence-transformers/all-MiniLM-L6-v2,D_char_jaccard,30,c6a87cc5d35e,prepare operational reports,4483,d8ed544e2272,8,0.37879350781440735,0.3097705841064453,2.87347412109375,0.25,0.75,0.0,0
/home/jovyan/Joel_Pardo/AI4LABOUR/Mejoras/results_coursera/models/simcse_coursera_sup/sentence-transformers/all-MiniLM-L6-v2,D_char_jaccard,30,c6a87cc5d35e,prepare operational reports,1990,7719a74fb62c,9,0.4388040482997894,0.36967387795448303,3.582780361175537,0.024390242993831635,1.0,0.0,1
/home/jovyan/Joel_Pardo/AI4LABOUR/Mejoras/results_coursera/models/simcse_coursera_sup/sentence-transformers/all-MiniLM-L6-v2,D_char_jaccard,30,c6a87cc5d35e,prepare operational reports,4855,0e550c83c7ff,10,0.434777694940567,0.3241357207298279,3.043569564819336,0.2222222238779068,0.75,0.0,1
/home/jovyan/Joel_Pardo/AI4LABOUR/Mejoras/results_coursera/models/simcse_coursera_sup/sentence-transformers/all-MiniLM-L6-v2,D_char_jaccard,31,53acfaed8c01,supervise employees,3566,581ac2a59c21,1,0.8866054892539978,0.41852185130119324,4.326861381530762,0.17307692766189575,0.3333333432674408,1.0,1
/home/jovyan/Joel_Pardo/AI4LABOUR/Mejoras/results_coursera/models/simcse_coursera_sup/sentence-transformers/all-MiniLM-L6-v2,D_char_jaccard,31,53acfaed8c01,supervise employees,1558,13b789b8dcd6,2,0.7343060851097107,0.6399697065353394,7.117283344268799,0.30000001192092896,0.6666666865348816,0.0,1
/home/jovyan/Joel_Pardo/AI4LABOUR/Mejoras/results_coursera/models/simcse_coursera_sup/sentence-transformers/all-MiniLM-L6-v2,D_char_jaccard,31,53acfaed8c01,supervise employees,4258,2edf95aa0513,3,0.39493207931518554,0.3415912091732025,3.3574728965759277,0.0,0.75,0.0,1
/home/jovyan/Joel_Pardo/AI4LABOUR/Mejoras/results_coursera/models/simcse_coursera_sup/sentence-transformers/all-MiniLM-L6-v2,D_char_jaccard,31,53acfaed8c01,supervise employees,2451,f79b9660cc07,4,0.38316460251808165,0.32851624488830566,3.1927177906036377,0.0,0.75,0.0,1
/home/jovyan/Joel_Pardo/AI4LABOUR/Mejoras/results_coursera/models/simcse_coursera_sup/sentence-transformers/all-MiniLM-L6-v2,D_char_jaccard,31,53acfaed8c01,supervise employees,395,4faf806bf7de,5,0.4523396670818329,0.40537741780281067,4.161230564117432,0.0,0.75,0.0,1
/home/jovyan/Joel_Pardo/AI4LABOUR/Mejoras/results_coursera/models/simcse_coursera_sup/sentence-transformers/all-MiniLM-L6-v2,D_char_jaccard,31,53acfaed8c01,supervise employees,4905,a57e4cb16fc4,6,0.5852286696434021,0.47961917519569397,5.096736907958984,0.2142857164144516,1.0,0.0,1
/home/jovyan/Joel_Pardo/AI4LABOUR/Mejoras/results_coursera/models/simcse_coursera_sup/sentence-transformers/all-MiniLM-L6-v2,D_char_jaccard,31,53acfaed8c01,supervise employees,425,b06cd44db3d0,7,0.5268933057785035,0.4965481162071228,5.310055255889893,0.0,0.6000000238418579,0.0,1
/home/jovyan/Joel_Pardo/AI4LABOUR/Mejoras/results_coursera/models/simcse_coursera_sup/sentence-transformers/all-MiniLM-L6-v2,D_char_jaccard,31,53acfaed8c01,supervise employees,1575,992d0aad8b43,8,0.4378178894519806,0.37535321712493896,3.7829015254974365,0.0,1.0,0.0,1
/home/jovyan/Joel_Pardo/AI4LABOUR/Mejoras/results_coursera/models/simcse_coursera_sup/sentence-transformers/all-MiniLM-L6-v2,D_char_jaccard,31,53acfaed8c01,supervise employees,4135,fb642bb4dbf0,9,0.3921797752380371,0.32464417815208435,3.1439266204833984,0.0,1.0,0.0,1
/home/jovyan/Joel_Pardo/AI4LABOUR/Mejoras/results_coursera/models/simcse_coursera_sup/sentence-transformers/all-MiniLM-L6-v2,D_char_jaccard,31,53acfaed8c01,supervise employees,3564,855db815bc04,10,0.407764333486557,0.3558492660522461,3.5371358394622803,0.0,0.75,0.0,1
/home/jovyan/Joel_Pardo/AI4LABOUR/Mejoras/results_coursera/models/simcse_coursera_sup/sentence-transformers/all-MiniLM-L6-v2,D_char_jaccard,32,85a88cfd39f0,"direct sales, marketing, or customer service activities",1265,060dca13af57,1,0.9710904836654664,0.4819033443927765,3.922151803970337,0.27450981736183167,0.375,1.0,1
/home/jovyan/Joel_Pardo/AI4LABOUR/Mejoras/results_coursera/models/simcse_coursera_sup/sentence-transformers/all-MiniLM-L6-v2,D_char_jaccard,32,85a88cfd39f0,"direct sales, marketing, or customer service activities",369,ea8cfc8fc7d3,2,0.6470970392227173,0.3866191804409027,2.941988706588745,0.07407407462596893,0.375,0.5296781659126282,1
/home/jovyan/Joel_Pardo/AI4LABOUR/Mejoras/results_coursera/models/simcse_coursera_sup/sentence-transformers/all-MiniLM-L6-v2,D_char_jaccard,32,85a88cfd39f0,"direct sales, marketing, or customer service activities",4207,1d1b9ec01466,3,0.6592675924301148,0.4183472692966461,3.268367290496826,0.16949152946472168,0.375,0.4290804862976074,1
/home/jovyan/Joel_Pardo/AI4LABOUR/Mejoras/results_coursera/models/simcse_coursera_sup/sentence-transformers/all-MiniLM-L6-v2,D_char_jaccard,32,85a88cfd39f0,"direct sales, marketing, or customer service activities",5169,69142a156a26,4,0.6880963325500489,0.4417080879211426,3.508673906326294,0.10126582533121109,0.875,0.4287315011024475,1
/home/jovyan/Joel_Pardo/AI4LABOUR/Mejoras/results_coursera/models/simcse_coursera_sup/sentence-transformers/all-MiniLM-L6-v2,D_char_jaccard,32,85a88cfd39f0,"direct sales, marketing, or customer service activities",2702,3dbe8eacf32d,5,0.6923171162605286,0.46354642510414124,3.733319044113159,0.07246376574039459,0.5,0.45502352714538574,1
/home/jovyan/Joel_Pardo/AI4LABOUR/Mejoras/results_coursera/models/simcse_coursera_sup/sentence-transformers/all-MiniLM-L6-v2,D_char_jaccard,32,85a88cfd39f0,"direct sales, marketing, or customer service activities",4567,af88f5c08f10,6,0.7656618237495423,0.5207189917564392,4.321438312530518,0.06557376682758331,0.375,0.5296781659126282,1
/home/jovyan/Joel_Pardo/AI4LABOUR/Mejoras/results_coursera/models/simcse_coursera_sup/sentence-transformers/all-MiniLM-L6-v2,D_char_jaccard,32,85a88cfd39f0,"direct sales, marketing, or customer service activities",3524,711b7667ca38,7,0.685832965373993,0.47993752360343933,3.9019298553466797,0.2054794579744339,0.75,0.287548303604126,1
/home/jovyan/Joel_Pardo/AI4LABOUR/Mejoras/results_coursera/models/simcse_coursera_sup/sentence-transformers/all-MiniLM-L6-v2,D_char_jaccard,32,85a88cfd39f0,"direct sales, marketing, or customer service activities",51,605c2f5f78aa,8,0.6808767795562745,0.4511241912841797,3.605534791946411,0.13793103396892548,0.375,0.4290804862976074,1
/home/jovyan/Joel_Pardo/AI4LABOUR/Mejoras/results_coursera/models/simcse_coursera_sup/sentence-transformers/all-MiniLM-L6-v2,D_char_jaccard,32,85a88cfd39f0,"direct sales, marketing, or customer service activities",613,10e0cd432d25,9,0.6460767269134522,0.4137346148490906,3.2209181785583496,0.13333334028720856,0.375,0.4290804862976074,1
/home/jovyan/Joel_Pardo/AI4LABOUR/Mejoras/results_coursera/models/simcse_coursera_sup/sentence-transformers/all-MiniLM-L6-v2,D_char_jaccard,32,85a88cfd39f0,"direct sales, marketing, or customer service activities",4999,f2070a56a7d1,10,0.6504599332809449,0.3977721035480499,3.056715965270996,0.20212766528129578,0.7272727489471436,0.38892367482185364,1
/home/jovyan/Joel_Pardo/AI4LABOUR/Mejoras/results_coursera/models/simcse_coursera_sup/sentence-transformers/all-MiniLM-L6-v2,D_char_jaccard,33,2be03b534579,"direct organizational operations, projects, or services",4483,d8ed544e2272,1,1.0031170129776001,0.5597995519638062,5.141300201416016,0.3478260934352875,0.4285714328289032,0.8522807955741882,1
/home/jovyan/Joel_Pardo/AI4LABOUR/Mejoras/results_coursera/models/simcse_coursera_sup/sentence-transformers/all-MiniLM-L6-v2,D_char_jaccard,33,2be03b534579,"direct organizational operations, projects, or services",2128,93a8dd5826ef,2,0.7135835766792298,0.27706843614578247,2.012573719024658,0.24528302252292633,0.4285714328289032,0.828681468963623,1
/home/jovyan/Joel_Pardo/AI4LABOUR/Mejoras/results_coursera/models/simcse_coursera_sup/sentence-transformers/all-MiniLM-L6-v2,D_char_jaccard,33,2be03b534579,"direct organizational operations, projects, or services",1616,a34f9345ecdf,3,0.587924349308014,0.20583170652389526,1.2242618799209595,0.11290322244167328,0.5714285969734192,0.7396965622901917,1
/home/jovyan/Joel_Pardo/AI4LABOUR/Mejoras/results_coursera/models/simcse_coursera_sup/sentence-transformers/all-MiniLM-L6-v2,D_char_jaccard,33,2be03b534579,"direct organizational operations, projects, or services",1694,d6c8c0983834,4,0.550952959060669,0.0828048437833786,-0.137163907289505,0.019999999552965164,0.4285714328289032,1.0,1
/home/jovyan/Joel_Pardo/AI4LABOUR/Mejoras/results_coursera/models/simcse_coursera_sup/sentence-transformers/all-MiniLM-L6-v2,D_char_jaccard,33,2be03b534579,"direct organizational operations, projects, or services",5169,69142a156a26,5,0.5581760883331299,0.19004221260547638,1.0495339632034302,0.09333333373069763,1.0,0.659511923789978,1
/home/jovyan/Joel_Pardo/AI4LABOUR/Mejoras/results_coursera/models/simcse_coursera_sup/sentence-transformers/all-MiniLM-L6-v2,D_char_jaccard,33,2be03b534579,"direct organizational operations, projects, or services",2179,ae365297905a,6,0.7657039642333985,0.34757283329963684,2.792781352996826,0.14814814925193787,0.4285714328289032,0.861056923866272,1
/home/jovyan/Joel_Pardo/AI4LABOUR/Mejoras/results_coursera/models/simcse_coursera_sup/sentence-transformers/all-MiniLM-L6-v2,D_char_jaccard,33,2be03b534579,"direct organizational operations, projects, or services",3232,d7dbf48fa293,7,0.7754725098609925,0.33557820320129395,2.660047769546509,0.078125,0.5714285969734192,0.9383736252784729,1
/home/jovyan/Joel_Pardo/AI4LABOUR/Mejoras/results_coursera/models/simcse_coursera_sup/sentence-transformers/all-MiniLM-L6-v2,D_char_jaccard,33,2be03b534579,"direct organizational operations, projects, or services",1242,20df78ef6edb,8,0.6670538067817688,0.36988797783851624,3.0397226810455322,0.21250000596046448,0.875,0.4681990146636963,1
/home/jovyan/Joel_Pardo/AI4LABOUR/Mejoras/results_coursera/models/simcse_coursera_sup/sentence-transformers/all-MiniLM-L6-v2,D_char_jaccard,33,2be03b534579,"direct organizational operations, projects, or services",3751,f1ce5e300a4c,9,0.7172474145889283,0.3882632851600647,3.243065357208252,0.2112676054239273,0.8571428656578064,0.5553408861160278,1
/home/jovyan/Joel_Pardo/AI4LABOUR/Mejoras/results_coursera/models/simcse_coursera_sup/sentence-transformers/all-MiniLM-L6-v2,D_char_jaccard,33,2be03b534579,"direct organizational operations, projects, or services",5227,443680839279,10,0.5932332158088685,0.15291455388069153,0.638676106929779,0.17307692766189575,0.4285714328289032,0.8522807955741882,1
/home/jovyan/Joel_Pardo/AI4LABOUR/Mejoras/results_coursera/models/simcse_coursera_sup/sentence-transformers/all-MiniLM-L6-v2,D_char_jaccard,34,614f5f558eca,approve expenditures,4260,f66d5097d73f,1,0.5757408022880555,0.5286009311676025,5.8761115074157715,0.0,1.0,0.0,1
/home/jovyan/Joel_Pardo/AI4LABOUR/Mejoras/results_coursera/models/simcse_coursera_sup/sentence-transformers/all-MiniLM-L6-v2,D_char_jaccard,34,614f5f558eca,approve expenditures,3825,878efe7aaf4d,2,0.38475396037101744,0.31639328598976135,3.1914777755737305,0.0,1.0,0.0,1
/home/jovyan/Joel_Pardo/AI4LABOUR/Mejoras/results_coursera/models/simcse_coursera_sup/sentence-transformers/all-MiniLM-L6-v2,D_char_jaccard,34,614f5f558eca,approve expenditures,4734,5f0420411a56,3,0.4434611976146698,0.4001420736312866,4.250981330871582,0.0,0.6666666865348816,0.0,1
/home/jovyan/Joel_Pardo/AI4LABOUR/Mejoras/results_coursera/models/simcse_coursera_sup/sentence-transformers/all-MiniLM-L6-v2,D_char_jaccard,34,614f5f558eca,approve expenditures,2924,aecc2e790690,4,0.3985575020313263,0.33665889501571655,3.447857141494751,0.032258063554763794,0.75,0.0,1
/home/jovyan/Joel_Pardo/AI4LABOUR/Mejoras/results_coursera/models/simcse_coursera_sup/sentence-transformers/all-MiniLM-L6-v2,D_char_jaccard,34,614f5f558eca,approve expenditures,3432,8829f5e16cda,5,0.4463043987751007,0.38478267192840576,4.056670188903809,0.0,1.0,0.0,1
/home/jovyan/Joel_Pardo/AI4LABOUR/Mejoras/results_coursera/models/simcse_coursera_sup/sentence-transformers/all-MiniLM-L6-v2,D_char_jaccard,34,614f5f558eca,approve expenditures,2535,e97f0c698df9,6,0.570751178264618,0.4948582053184509,5.449233055114746,0.1515151560306549,0.75,0.0,1
/home/jovyan/Joel_Pardo/AI4LABOUR/Mejoras/results_coursera/models/simcse_coursera_sup/sentence-transformers/all-MiniLM-L6-v2,D_char_jaccard,34,614f5f558eca,approve expenditures,1005,6fa50c80a0b5,7,0.3749503672122955,0.30550041794776917,3.0536720752716064,0.0,1.0,0.0,1
/home/jovyan/Joel_Pardo/AI4LABOUR/Mejoras/results_coursera/models/simcse_coursera_sup/sentence-transformers/all-MiniLM-L6-v2,D_char_jaccard,34,614f5f558eca,approve expenditures,934,1000d0bb60fd,8,0.4762803792953491,0.4180893003940582,4.478031635284424,0.0,1.0,0.0,1
/home/jovyan/Joel_Pardo/AI4LABOUR/Mejoras/results_coursera/models/simcse_coursera_sup/sentence-transformers/all-MiniLM-L6-v2,D_char_jaccard,34,614f5f558eca,approve expenditures,2983,ee45c7f11018,9,0.3768768489360809,0.3215298354625702,3.256460189819336,0.0,0.75,0.0,1
/home/jovyan/Joel_Pardo/AI4LABOUR/Mejoras/results_coursera/models/simcse_coursera_sup/sentence-transformers/all-MiniLM-L6-v2,D_char_jaccard,34,614f5f558eca,approve expenditures,631,73f0fd49e0bc,10,0.3715610384941101,0.30173447728157043,3.0060293674468994,0.0,1.0,0.0,1
/home/jovyan/Joel_Pardo/AI4LABOUR/Mejoras/results_coursera/models/simcse_coursera_sup/sentence-transformers/all-MiniLM-L6-v2,D_char_jaccard,35,e19513a85bed,prepare operational budgets,4590,5d45850c5baa,1,0.8866124629974366,0.3859870135784149,3.5517733097076416,0.2068965584039688,0.75,1.0,1
/home/jovyan/Joel_Pardo/AI4LABOUR/Mejoras/results_coursera/models/simcse_coursera_sup/sentence-transformers/all-MiniLM-L6-v2,D_char_jaccard,35,e19513a85bed,prepare operational budgets,4059,966ff254f415,2,0.796803104877472,0.36473348736763,3.304847478866577,0.2666666805744171,0.800000011920929,0.7796907424926758,1
/home/jovyan/Joel_Pardo/AI4LABOUR/Mejoras/results_coursera/models/simcse_coursera_sup/sentence-transformers/all-MiniLM-L6-v2,D_char_jaccard,35,e19513a85bed,prepare operational budgets,1240,2f212049ce79,3,0.5541330456733704,0.48792561888694763,4.7361063957214355,0.1599999964237213,0.5,0.0,1
/home/jovyan/Joel_Pardo/AI4LABOUR/Mejoras/results_coursera/models/simcse_coursera_sup/sentence-transformers/all-MiniLM-L6-v2,D_char_jaccard,35,e19513a85bed,prepare operational budgets,4821,b66a2aed7404,4,0.4059623658657074,0.2865070104598999,2.3960041999816895,0.24242424964904785,0.75,0.0,1
/home/jovyan/Joel_Pardo/AI4LABOUR/Mejoras/results_coursera/models/simcse_coursera_sup/sentence-transformers/all-MiniLM-L6-v2,D_char_jaccard,35,e19513a85bed,prepare operational budgets,4310,506583358173,5,0.600428330898285,0.27882081270217896,2.3067052364349365,0.11764705926179886,0.5714285969734192,0.6037659645080566,1
/home/jovyan/Joel_Pardo/AI4LABOUR/Mejoras/results_coursera/models/simcse_coursera_sup/sentence-transformers/all-MiniLM-L6-v2,D_char_jaccard,35,e19513a85bed,prepare operational budgets,2532,046df5a4594b,6,0.4051154136657715,0.3390171527862549,3.006072521209717,0.05000000074505806,0.75,0.0,1
/home/jovyan/Joel_Pardo/AI4LABOUR/Mejoras/results_coursera/models/simcse_coursera_sup/sentence-transformers/all-MiniLM-L6-v2,D_char_jaccard,35,e19513a85bed,prepare operational budgets,4311,dad8075f10c2,7,0.7051719307899476,0.3991467356681824,3.7046642303466797,0.1034482792019844,0.5714285969734192,0.6037659645080566,1
/home/jovyan/Joel_Pardo/AI4LABOUR/Mejoras/results_coursera/models/simcse_coursera_sup/sentence-transformers/all-MiniLM-L6-v2,D_char_jaccard,35,e19513a85bed,prepare operational budgets,3636,e9974dc13540,8,0.4020451486110687,0.3356057107448578,2.966438055038452,0.0,1.0,0.0,1
/home/jovyan/Joel_Pardo/AI4LABOUR/Mejoras/results_coursera/models/simcse_coursera_sup/sentence-transformers/all-MiniLM-L6-v2,D_char_jaccard,35,e19513a85bed,prepare operational budgets,586,91dbb13e3a32,9,0.4003046631813049,0.33464086055755615,2.955228328704834,0.04651162773370743,0.75,0.0,1
/home/jovyan/Joel_Pardo/AI4LABOUR/Mejoras/results_coursera/models/simcse_coursera_sup/sentence-transformers/all-MiniLM-L6-v2,D_char_jaccard,35,e19513a85bed,prepare operational budgets,5098,e3454a3aaa1c,10,0.4117119789123535,0.3463466465473175,3.0912272930145264,0.0,1.0,0.0,1
/home/jovyan/Joel_Pardo/AI4LABOUR/Mejoras/results_coursera/models/simcse_coursera_sup/sentence-transformers/all-MiniLM-L6-v2,D_char_jaccard,36,e5bfe7745119,analyze data to inform operational decisions or activities,2956,3cdbb6503c09,1,0.989742386341095,0.5257392525672913,4.079979419708252,0.17741934955120087,0.4444444477558136,1.0,1
/home/jovyan/Joel_Pardo/AI4LABOUR/Mejoras/results_coursera/models/simcse_coursera_sup/sentence-transformers/all-MiniLM-L6-v2,D_char_jaccard,36,e5bfe7745119,analyze data to inform operational decisions or activities,2233,d334de0d305d,2,0.608476746082306,0.21728049218654633,1.0981448888778687,0.14516128599643707,0.3333333432674408,0.7749181985855103,1
/home/jovyan/Joel_Pardo/AI4LABOUR/Mejoras/results_coursera/models/simcse_coursera_sup/sentence-transformers/all-MiniLM-L6-v2,D_char_jaccard,36,e5bfe7745119,analyze data to inform operational decisions or activities,4059,966ff254f415,3,0.6231320381164551,0.275770902633667,1.6635648012161255,0.14666666090488434,0.5555555820465088,0.6512343883514404,1
/home/jovyan/Joel_Pardo/AI4LABOUR/Mejoras/results_coursera/models/simcse_coursera_sup/sentence-transformers/all-MiniLM-L6-v2,D_char_jaccard,36,e5bfe7745119,analyze data to inform operational decisions or activities,1452,41db1b32b4b9,4,0.8197831988334656,0.4060593843460083,2.923048257827759,0.1587301641702652,0.5555555820465088,0.8421736359596252,1
/home/jovyan/Joel_Pardo/AI4LABOUR/Mejoras/results_coursera/models/simcse_coursera_sup/sentence-transformers/all-MiniLM-L6-v2,D_char_jaccard,36,e5bfe7745119,analyze data to inform operational decisions or activities,2728,b12a99169d3e,5,0.7707460999488831,0.524077296257019,4.063913345336914,0.13333334028720856,0.692307710647583,0.4528193771839142,1
/home/jovyan/Joel_Pardo/AI4LABOUR/Mejoras/results_coursera/models/simcse_coursera_sup/sentence-transformers/all-MiniLM-L6-v2,D_char_jaccard,36,e5bfe7745119,analyze data to inform operational decisions or activities,179,490e0bd0d96e,6,0.6775324225425721,0.36302438378334045,2.5070338249206543,0.09278350323438644,1.0,0.5690365433692932,1
/home/jovyan/Joel_Pardo/AI4LABOUR/Mejoras/results_coursera/models/simcse_coursera_sup/sentence-transformers/all-MiniLM-L6-v2,D_char_jaccard,36,e5bfe7745119,analyze data to inform operational decisions or activities,3250,688e91eeecce,7,0.668165671825409,0.4722229540348053,3.56264328956604,0.12857143580913544,0.4444444477558136,0.3469998836517334,1
/home/jovyan/Joel_Pardo/AI4LABOUR/Mejoras/results_coursera/models/simcse_coursera_sup/sentence-transformers/all-MiniLM-L6-v2,D_char_jaccard,36,e5bfe7745119,analyze data to inform operational decisions or activities,1675,8335d26464b5,8,0.682679045200348,0.37624579668045044,2.6348438262939453,0.1315789520740509,0.5555555820465088,0.5834632515907288,1
/home/jovyan/Joel_Pardo/AI4LABOUR/Mejoras/results_coursera/models/simcse_coursera_sup/sentence-transformers/all-MiniLM-L6-v2,D_char_jaccard,36,e5bfe7745119,analyze data to inform operational decisions or activities,4793,ecfb3bfe17da,9,0.5985455989837647,0.31176212430000305,2.0114877223968506,0.12345679104328156,0.6666666865348816,0.5094053745269775,1
/home/jovyan/Joel_Pardo/AI4LABOUR/Mejoras/results_coursera/models/simcse_coursera_sup/sentence-transformers/all-MiniLM-L6-v2,D_char_jaccard,36,e5bfe7745119,analyze data to inform operational decisions or activities,3864,5d43172ca581,10,0.6039401769638062,0.36871254444122314,2.562020778656006,0.17543859779834747,0.3333333432674408,0.4039313793182373,1
/home/jovyan/Joel_Pardo/AI4LABOUR/Mejoras/results_coursera/models/simcse_coursera_sup/sentence-transformers/all-MiniLM-L6-v2,D_char_jaccard,37,78a6d412d86e,monitor organizational procedures to ensure proper functioning,1575,992d0aad8b43,1,0.9050167083740235,0.5687333345413208,5.138714790344238,0.20967741310596466,0.375,0.6799682974815369,1
/home/jovyan/Joel_Pardo/AI4LABOUR/Mejoras/results_coursera/models/simcse_coursera_sup/sentence-transformers/all-MiniLM-L6-v2,D_char_jaccard,37,78a6d412d86e,monitor organizational procedures to ensure proper functioning,860,fa8ac4b1b38c,2,0.6693383932113648,0.18935111165046692,1.235414981842041,0.12068965286016464,0.375,1.0,1
/home/jovyan/Joel_Pardo/AI4LABOUR/Mejoras/results_coursera/models/simcse_coursera_sup/sentence-transformers/all-MiniLM-L6-v2,D_char_jaccard,37,78a6d412d86e,monitor organizational procedures to ensure proper functioning,751,2a63b9d3beeb,3,0.4511726975440979,0.25659114122390747,1.9272185564041138,0.09090909361839294,0.875,0.25940850377082825,1
/home/jovyan/Joel_Pardo/AI4LABOUR/Mejoras/results_coursera/models/simcse_coursera_sup/sentence-transformers/all-MiniLM-L6-v2,D_char_jaccard,37,78a6d412d86e,monitor organizational procedures to ensure proper functioning,3570,fd16133ef486,4,0.48473485112190245,0.18488779664039612,1.1894937753677368,0.08403361588716507,0.6153846383094788,0.5413954854011536,1
/home/jovyan/Joel_Pardo/AI4LABOUR/Mejoras/results_coursera/models/simcse_coursera_sup/sentence-transformers/all-MiniLM-L6-v2,D_char_jaccard,37,78a6d412d86e,monitor organizational procedures to ensure proper functioning,4793,ecfb3bfe17da,5,0.4170322299003601,0.34999704360961914,2.8882315158843994,0.058139536529779434,0.75,0.0,1
/home/jovyan/Joel_Pardo/AI4LABOUR/Mejoras/results_coursera/models/simcse_coursera_sup/sentence-transformers/all-MiniLM-L6-v2,D_char_jaccard,37,78a6d412d86e,monitor organizational procedures to ensure proper functioning,1554,ba67eebc2f04,6,0.44442381262779235,0.2550628185272217,1.911494255065918,0.04878048598766327,0.75,0.2879304587841034,1
/home/jovyan/Joel_Pardo/AI4LABOUR/Mejoras/results_coursera/models/simcse_coursera_sup/sentence-transformers/all-MiniLM-L6-v2,D_char_jaccard,37,78a6d412d86e,monitor organizational procedures to ensure proper functioning,688,675b456b5403,7,0.418482232093811,0.3578505516052246,2.9690327644348145,0.09154929220676422,0.47058823704719543,0.0,1
/home/jovyan/Joel_Pardo/AI4LABOUR/Mejoras/results_coursera/models/simcse_coursera_sup/sentence-transformers/all-MiniLM-L6-v2,D_char_jaccard,37,78a6d412d86e,monitor organizational procedures to ensure proper functioning,142,c477df18ea2a,8,0.4318060755729675,0.29596391320228577,2.332308053970337,0.050847455859184265,0.6666666865348816,0.17348343133926392,1
/home/jovyan/Joel_Pardo/AI4LABOUR/Mejoras/results_coursera/models/simcse_coursera_sup/sentence-transformers/all-MiniLM-L6-v2,D_char_jaccard,37,78a6d412d86e,monitor organizational procedures to ensure proper functioning,1551,a91e30b789fc,9,0.4837015450000763,0.2822939157485962,2.1916632652282715,0.07594936341047287,0.625,0.3234992027282715,1
/home/jovyan/Joel_Pardo/AI4LABOUR/Mejoras/results_coursera/models/simcse_coursera_sup/sentence-transformers/all-MiniLM-L6-v2,D_char_jaccard,37,78a6d412d86e,monitor organizational procedures to ensure proper functioning,4814,c41dafcf06d0,10,0.4626673638820648,0.40373533964157104,3.4411215782165527,0.0972222238779068,0.5,0.0,1
/home/jovyan/Joel_Pardo/AI4LABOUR/Mejoras/results_coursera/models/simcse_coursera_sup/sentence-transformers/all-MiniLM-L6-v2,D_char_jaccard,38,a3c08ed1a115,confer with organizational members to accomplish work activities,1575,992d0aad8b43,1,0.9156242489814759,0.5146160125732422,4.830681324005127,0.18840579688549042,0.3333333432674408,0.8467543125152588,1
/home/jovyan/Joel_Pardo/AI4LABOUR/Mejoras/results_coursera/models/simcse_coursera_sup/sentence-transformers/all-MiniLM-L6-v2,D_char_jaccard,38,a3c08ed1a115,confer with organizational members to accomplish work activities,2295,15e018941f99,2,0.8175718069076539,0.37745678424835205,3.3094253540039062,0.04477611929178238,0.3333333432674408,1.0,1
/home/jovyan/Joel_Pardo/AI4LABOUR/Mejoras/results_coursera/models/simcse_coursera_sup/sentence-transformers/all-MiniLM-L6-v2,D_char_jaccard,38,a3c08ed1a115,confer with organizational members to accomplish work activities,1676,4abb63e41447,3,0.7028930068016053,0.2803621292114258,2.232532262802124,0.1388888955116272,0.4444444477558136,0.8590565323829651,1
/home/jovyan/Joel_Pardo/AI4LABOUR/Mejoras/results_coursera/models/simcse_coursera_sup/sentence-transformers/all-MiniLM-L6-v2,D_char_jaccard,38,a3c08ed1a115,confer with organizational members to accomplish work activities,5105,329a6174950f,4,0.5570985555648804,0.25485461950302124,1.9496241807937622,0.10000000149011612,0.8181818127632141,0.5295507907867432,1
/home/jovyan/Joel_Pardo/AI4LABOUR/Mejoras/results_coursera/models/simcse_coursera_sup/sentence-transformers/all-MiniLM-L6-v2,D_char_jaccard,38,a3c08ed1a115,confer with organizational members to accomplish work activities,1789,ae7063b42971,5,0.5989545464515686,0.3479197025299072,2.9818246364593506,0.07058823853731155,0.6666666865348816,0.4621158838272095,1
/home/jovyan/Joel_Pardo/AI4LABOUR/Mejoras/results_coursera/models/simcse_coursera_sup/sentence-transformers/all-MiniLM-L6-v2,D_char_jaccard,38,a3c08ed1a115,confer with organizational members to accomplish work activities,4557,a807b9e8d04c,6,0.7077207446098328,0.3092915713787079,2.553393602371216,0.054054055362939835,0.4444444477558136,0.8590565323829651,1
/home/jovyan/Joel_Pardo/AI4LABOUR/Mejoras/results_coursera/models/simcse_coursera_sup/sentence-transformers/all-MiniLM-L6-v2,D_char_jaccard,38,a3c08ed1a115,confer with organizational members to accomplish work activities,1549,5dd309950a52,7,0.6909381031990052,0.43886733055114746,3.990539789199829,0.1111111119389534,0.6666666865348816,0.4621158838272095,1
/home/jovyan/Joel_Pardo/AI4LABOUR/Mejoras/results_coursera/models/simcse_coursera_sup/sentence-transformers/all-MiniLM-L6-v2,D_char_jaccard,38,a3c08ed1a115,confer with organizational members to accomplish work activities,2233,d334de0d305d,8,0.7682143330574036,0.2988210618495941,2.437263250350952,0.1304347813129425,0.3333333432674408,1.0,1
/home/jovyan/Joel_Pardo/AI4LABOUR/Mejoras/results_coursera/models/simcse_coursera_sup/sentence-transformers/all-MiniLM-L6-v2,D_char_jaccard,38,a3c08ed1a115,confer with organizational members to accomplish work activities,1556,62317ddbee32,9,0.655089545249939,0.40013790130615234,3.5609853267669678,0.1071428582072258,0.6666666865348816,0.4621158838272095,1
/home/jovyan/Joel_Pardo/AI4LABOUR/Mejoras/results_coursera/models/simcse_coursera_sup/sentence-transformers/all-MiniLM-L6-v2,D_char_jaccard,38,a3c08ed1a115,confer with organizational members to accomplish work activities,675,e1f28709fa97,10,0.5470248639583588,0.31311696767807007,2.5958216190338135,0.03658536449074745,0.4444444477558136,0.45962756872177124,1
/home/jovyan/Joel_Pardo/AI4LABOUR/Mejoras/results_coursera/models/simcse_coursera_sup/sentence-transformers/all-MiniLM-L6-v2,D_char_jaccard,39,202cbfb3aef7,evaluate employee performance,4133,9bd3bb772dfb,1,1.0314192056655884,0.6394635438919067,6.892232418060303,0.23076923191547394,0.75,0.7767742872238159,1
/home/jovyan/Joel_Pardo/AI4LABOUR/Mejoras/results_coursera/models/simcse_coursera_sup/sentence-transformers/all-MiniLM-L6-v2,D_char_jaccard,39,202cbfb3aef7,evaluate employee performance,2348,90b862722457,2,0.9013647317886353,0.39812129735946655,4.017554759979248,0.2222222238779068,0.75,1.0,1
/home/jovyan/Joel_Pardo/AI4LABOUR/Mejoras/results_coursera/models/simcse_coursera_sup/sentence-transformers/all-MiniLM-L6-v2,D_char_jaccard,39,202cbfb3aef7,evaluate employee performance,1293,2c9ee3397278,3,0.445210325717926,0.3722291588783264,3.7091479301452637,0.040816325694322586,1.0,0.0,1
/home/jovyan/Joel_Pardo/AI4LABOUR/Mejoras/results_coursera/models/simcse_coursera_sup/sentence-transformers/all-MiniLM-L6-v2,D_char_jaccard,39,202cbfb3aef7,evaluate employee performance,4507,4308d262ba90,4,0.5868937969207764,0.2667677104473114,2.452975034713745,0.1111111119389534,0.6666666865348816,0.7142292857170105,0
/home/jovyan/Joel_Pardo/AI4LABOUR/Mejoras/results_coursera/models/simcse_coursera_sup/sentence-transformers/all-MiniLM-L6-v2,D_char_jaccard,39,202cbfb3aef7,evaluate employee performance,4169,2847ad11d5b0,5,0.7512530565261841,0.30546480417251587,2.9139041900634766,0.3125,0.75,0.7767742872238159,1
/home/jovyan/Joel_Pardo/AI4LABOUR/Mejoras/results_coursera/models/simcse_coursera_sup/sentence-transformers/all-MiniLM-L6-v2,D_char_jaccard,39,202cbfb3aef7,evaluate employee performance,3567,b9a61efec89c,6,0.5873151302337647,0.3572002649307251,3.5301356315612793,0.14814814925193787,0.4444444477558136,0.3914391100406647,1
/home/jovyan/Joel_Pardo/AI4LABOUR/Mejoras/results_coursera/models/simcse_coursera_sup/sentence-transformers/all-MiniLM-L6-v2,D_char_jaccard,39,202cbfb3aef7,evaluate employee performance,4905,a57e4cb16fc4,7,0.9127086281776429,0.41990143060684204,4.276982307434082,0.18918919563293457,0.75,1.0,1
/home/jovyan/Joel_Pardo/AI4LABOUR/Mejoras/results_coursera/models/simcse_coursera_sup/sentence-transformers/all-MiniLM-L6-v2,D_char_jaccard,39,202cbfb3aef7,evaluate employee performance,3588,a6818b8d1354,8,0.6012638092041016,0.36287015676498413,3.5976710319519043,0.08860759437084198,0.3636363744735718,0.46086743474006653,1
/home/jovyan/Joel_Pardo/AI4LABOUR/Mejoras/results_coursera/models/simcse_coursera_sup/sentence-transformers/all-MiniLM-L6-v2,D_char_jaccard,39,202cbfb3aef7,evaluate employee performance,151,1ac23fe60e17,9,0.4372438669204712,0.3144480586051941,3.0209052562713623,0.07874015718698502,0.1818181872367859,0.18866169452667236,1
/home/jovyan/Joel_Pardo/AI4LABOUR/Mejoras/results_coursera/models/simcse_coursera_sup/sentence-transformers/all-MiniLM-L6-v2,D_char_jaccard,39,202cbfb3aef7,evaluate employee performance,4302,5e4a1ccf5b7d,10,0.3950639247894287,0.33556485176086426,3.2724318504333496,0.0833333358168602,0.4444444477558136,0.0,1
/home/jovyan/Joel_Pardo/AI4LABOUR/Mejoras/results_coursera/models/simcse_coursera_sup/sentence-transformers/all-MiniLM-L6-v2,D_char_jaccard,40,f64df278da5d,conduct employee training programs,5297,c91a5c4b0bdb,1,1.210691499710083,0.681671142578125,7.694490909576416,0.46875,0.6000000238418579,1.0,1
/home/jovyan/Joel_Pardo/AI4LABOUR/Mejoras/results_coursera/models/simcse_coursera_sup/sentence-transformers/all-MiniLM-L6-v2,D_char_jaccard,40,f64df278da5d,conduct employee training programs,2348,90b862722457,2,0.6967030048370362,0.394165962934494,4.096207618713379,0.1666666716337204,0.6000000238418579,0.5507173538208008,1
/home/jovyan/Joel_Pardo/AI4LABOUR/Mejoras/results_coursera/models/simcse_coursera_sup/sentence-transformers/all-MiniLM-L6-v2,D_char_jaccard,40,f64df278da5d,conduct employee training programs,2972,aa4eda621a1f,3,0.4292811334133148,0.2858101725578308,2.7400760650634766,0.08571428805589676,0.38461539149284363,0.2034815400838852,1
/home/jovyan/Joel_Pardo/AI4LABOUR/Mejoras/results_coursera/models/simcse_coursera_sup/sentence-transformers/all-MiniLM-L6-v2,D_char_jaccard,40,f64df278da5d,conduct employee training programs,395,4faf806bf7de,4,0.433733868598938,0.3819265365600586,3.9430246353149414,0.0,0.800000011920929,0.0,1
/home/jovyan/Joel_Pardo/AI4LABOUR/Mejoras/results_coursera/models/simcse_coursera_sup/sentence-transformers/all-MiniLM-L6-v2,D_char_jaccard,40,f64df278da5d,conduct employee training programs,3534,d2dd55e3f50b,5,0.38893555402755736,0.3129376769065857,3.0795915126800537,0.0625,0.8333333134651184,0.0,1
/home/jovyan/Joel_Pardo/AI4LABOUR/Mejoras/results_coursera/models/simcse_coursera_sup/sentence-transformers/all-MiniLM-L6-v2,D_char_jaccard,40,f64df278da5d,conduct employee training programs,4905,a57e4cb16fc4,6,0.7990739822387696,0.5000072121620178,5.420868396759033,0.19512194395065308,0.6000000238418579,0.5507173538208008,1
/home/jovyan/Joel_Pardo/AI4LABOUR/Mejoras/results_coursera/models/simcse_coursera_sup/sentence-transformers/all-MiniLM-L6-v2,D_char_jaccard,40,f64df278da5d,conduct employee training programs,206,b49a9e6f7e10,7,0.6947051763534546,0.39789652824401855,4.142897605895996,0.1666666716337204,0.6000000238418579,0.5373290777206421,1
/home/jovyan/Joel_Pardo/AI4LABOUR/Mejoras/results_coursera/models/simcse_coursera_sup/sentence-transformers/all-MiniLM-L6-v2,D_char_jaccard,40,f64df278da5d,conduct employee training programs,3054,bee9067ec1e5,8,0.5329745888710022,0.26774728298187256,2.5140092372894287,0.12068965286016464,1.0,0.4045740067958832,1
/home/jovyan/Joel_Pardo/AI4LABOUR/Mejoras/results_coursera/models/simcse_coursera_sup/sentence-transformers/all-MiniLM-L6-v2,D_char_jaccard,40,f64df278da5d,conduct employee training programs,3890,1a65db798a29,9,0.4237041354179382,0.21617968380451202,1.86861252784729,0.1267605572938919,0.7142857313156128,0.27934494614601135,1
/home/jovyan/Joel_Pardo/AI4LABOUR/Mejoras/results_coursera/models/simcse_coursera_sup/sentence-transformers/all-MiniLM-L6-v2,D_char_jaccard,40,f64df278da5d,conduct employee training programs,4258,2edf95aa0513,10,0.37451844215393065,0.3106849789619446,3.0513978004455566,0.019607843831181526,0.800000011920929,0.0,1
/home/jovyan/Joel_Pardo/AI4LABOUR/Mejoras/results_coursera/models/simcse_coursera_sup/sentence-transformers/all-MiniLM-L6-v2,D_char_jaccard,41,babe1d93de49,hire personnel,3978,6918d9132472,1,1.1355507850646973,0.6216264963150024,6.411569595336914,0.30434781312942505,1.0,1.0,1
/home/jovyan/Joel_Pardo/AI4LABOUR/Mejoras/results_coursera/models/simcse_coursera_sup/sentence-transformers/all-MiniLM-L6-v2,D_char_jaccard,41,babe1d93de49,hire personnel,4479,f507a44b5b12,2,0.3911973416805267,0.33744150400161743,2.9813828468322754,0.0,0.75,0.0,1
/home/jovyan/Joel_Pardo/AI4LABOUR/Mejoras/results_coursera/models/simcse_coursera_sup/sentence-transformers/all-MiniLM-L6-v2,D_char_jaccard,41,babe1d93de49,hire personnel,1774,a6666b49f3d0,3,0.4113104820251465,0.33632200956344604,2.9678704738616943,0.03448275849223137,1.0,0.0,1
/home/jovyan/Joel_Pardo/AI4LABOUR/Mejoras/results_coursera/models/simcse_coursera_sup/sentence-transformers/all-MiniLM-L6-v2,D_char_jaccard,41,babe1d93de49,hire personnel,3604,9ccd394dcb98,4,0.39286025166511535,0.34762251377105713,3.1042704582214355,0.0,0.6000000238418579,0.0,1
/home/jovyan/Joel_Pardo/AI4LABOUR/Mejoras/results_coursera/models/simcse_coursera_sup/sentence-transformers/all-MiniLM-L6-v2,D_char_jaccard,41,babe1d93de49,hire personnel,2295,15e018941f99,5,0.4332302391529083,0.37025582790374756,3.377460479736328,0.0,1.0,0.0,1
/home/jovyan/Joel_Pardo/AI4LABOUR/Mejoras/results_coursera/models/simcse_coursera_sup/sentence-transformers/all-MiniLM-L6-v2,D_char_jaccard,41,babe1d93de49,hire personnel,2887,93aa88d53279,6,0.3968731939792633,0.34837764501571655,3.1133852005004883,0.0,0.6666666865348816,0.0,1
/home/jovyan/Joel_Pardo/AI4LABOUR/Mejoras/results_coursera/models/simcse_coursera_sup/sentence-transformers/all-MiniLM-L6-v2,D_char_jaccard,41,babe1d93de49,hire personnel,4140,208e919d34df,7,0.41001697182655333,0.3444632887840271,3.0661377906799316,0.0,1.0,0.0,1
/home/jovyan/Joel_Pardo/AI4LABOUR/Mejoras/results_coursera/models/simcse_coursera_sup/sentence-transformers/all-MiniLM-L6-v2,D_char_jaccard,41,babe1d93de49,hire personnel,3426,84a4a7bd5473,8,0.3947985351085663,0.327553927898407,2.862037420272827,0.0,1.0,0.0,1
/home/jovyan/Joel_Pardo/AI4LABOUR/Mejoras/results_coursera/models/simcse_coursera_sup/sentence-transformers/all-MiniLM-L6-v2,D_char_jaccard,41,babe1d93de49,hire personnel,5297,c91a5c4b0bdb,9,0.3994175672531128,0.332686185836792,2.923985004425049,0.0,1.0,0.0,1
/home/jovyan/Joel_Pardo/AI4LABOUR/Mejoras/results_coursera/models/simcse_coursera_sup/sentence-transformers/all-MiniLM-L6-v2,D_char_jaccard,41,babe1d93de49,hire personnel,4905,a57e4cb16fc4,10,0.5920790314674378,0.5467544794082642,5.507844924926758,0.0,1.0,0.0,1
/home/jovyan/Joel_Pardo/AI4LABOUR/Mejoras/results_coursera/models/simcse_coursera_sup/sentence-transformers/all-MiniLM-L6-v2,D_char_jaccard,42,853f8faf3522,manage control system activities in organizations,1676,4abb63e41447,1,1.0594385147094727,0.5667915940284729,4.848365783691406,0.2830188572406769,0.5714285969734192,1.0,1
/home/jovyan/Joel_Pardo/AI4LABOUR/Mejoras/results_coursera/models/simcse_coursera_sup/sentence-transformers/all-MiniLM-L6-v2,D_char_jaccard,42,853f8faf3522,manage control system activities in organizations,2188,d9811f03b461,2,0.8809244513511658,0.44960784912109375,3.645771026611328,0.23404255509376526,0.2857142984867096,0.8837025165557861,1
/home/jovyan/Joel_Pardo/AI4LABOUR/Mejoras/results_coursera/models/simcse_coursera_sup/sentence-transformers/all-MiniLM-L6-v2,D_char_jaccard,42,853f8faf3522,manage control system activities in organizations,3925,35c1bebe9ccc,3,0.7576787948608399,0.375235378742218,2.882525682449341,0.26865673065185547,0.8571428656578064,0.6498638987541199,1
/home/jovyan/Joel_Pardo/AI4LABOUR/Mejoras/results_coursera/models/simcse_coursera_sup/sentence-transformers/all-MiniLM-L6-v2,D_char_jaccard,42,853f8faf3522,manage control system activities in organizations,2535,e97f0c698df9,4,1.0263621091842652,0.5571539402008057,4.749459743499756,0.2181818187236786,0.5714285969734192,0.9795167446136475,1
/home/jovyan/Joel_Pardo/AI4LABOUR/Mejoras/results_coursera/models/simcse_coursera_sup/sentence-transformers/all-MiniLM-L6-v2,D_char_jaccard,42,853f8faf3522,manage control system activities in organizations,2186,d83f147fd804,5,0.5425684034824372,0.2854071259498596,1.9606659412384033,0.1090909093618393,0.4285714328289032,0.4675017297267914,1
/home/jovyan/Joel_Pardo/AI4LABOUR/Mejoras/results_coursera/models/simcse_coursera_sup/sentence-transformers/all-MiniLM-L6-v2,D_char_jaccard,42,853f8faf3522,manage control system activities in organizations,3596,12d4317a17e7,6,0.567586886882782,0.28460273146629333,1.9524109363555908,0.13432836532592773,0.7142857313156128,0.4803701341152191,1
/home/jovyan/Joel_Pardo/AI4LABOUR/Mejoras/results_coursera/models/simcse_coursera_sup/sentence-transformers/all-MiniLM-L6-v2,D_char_jaccard,42,853f8faf3522,manage control system activities in organizations,4827,d98cfde26a3d,7,0.6295686841011048,0.37417104840278625,2.871603012084961,0.1666666716337204,0.5714285969734192,0.43144160509109497,1
/home/jovyan/Joel_Pardo/AI4LABOUR/Mejoras/results_coursera/models/simcse_coursera_sup/sentence-transformers/all-MiniLM-L6-v2,D_char_jaccard,42,853f8faf3522,manage control system activities in organizations,4394,3110ca79819b,8,0.6420490622520447,0.4437583088874817,3.585740327835083,0.1190476194024086,1.0,0.2822616398334503,1
/home/jovyan/Joel_Pardo/AI4LABOUR/Mejoras/results_coursera/models/simcse_coursera_sup/sentence-transformers/all-MiniLM-L6-v2,D_char_jaccard,42,853f8faf3522,manage control system activities in organizations,5053,de7b151e0afe,9,0.5214699685573578,0.3023277223110199,2.1343131065368652,0.06172839552164078,0.875,0.35048237442970276,1
/home/jovyan/Joel_Pardo/AI4LABOUR/Mejoras/results_coursera/models/simcse_coursera_sup/sentence-transformers/all-MiniLM-L6-v2,D_char_jaccard,42,853f8faf3522,manage control system activities in organizations,715,ba53e834d840,10,0.5233197689056397,0.2720310688018799,1.823394536972046,0.109375,0.5714285969734192,0.43144160509109497,1
/home/jovyan/Joel_Pardo/AI4LABOUR/Mejoras/results_coursera/models/simcse_coursera_sup/sentence-transformers/all-MiniLM-L6-v2,D_char_jaccard,43,61355ce7e829,maintain personnel records,3978,6918d9132472,1,1.058244276046753,0.5668202638626099,6.1838507652282715,0.24242424964904785,0.75,1.0,1
/home/jovyan/Joel_Pardo/AI4LABOUR/Mejoras/results_coursera/models/simcse_coursera_sup/sentence-transformers/all-MiniLM-L6-v2,D_char_jaccard,43,61355ce7e829,maintain personnel records,1321,9bc14bd09c21,2,0.8652357935905457,0.42679235339164734,4.501891136169434,0.15000000596046448,1.0,0.8590565323829651,1
/home/jovyan/Joel_Pardo/AI4LABOUR/Mejoras/results_coursera/models/simcse_coursera_sup/sentence-transformers/all-MiniLM-L6-v2,D_char_jaccard,43,61355ce7e829,maintain personnel records,4401,5ca4b7227070,3,0.4120847463607788,0.35317108035087585,3.617581367492676,0.07692307978868484,0.5,0.0,1
/home/jovyan/Joel_Pardo/AI4LABOUR/Mejoras/results_coursera/models/simcse_coursera_sup/sentence-transformers/all-MiniLM-L6-v2,D_char_jaccard,43,61355ce7e829,maintain personnel records,148,387ea797eb30,4,0.34878196120262145,0.2894963026046753,2.852745294570923,0.019607843831181526,0.6666666865348816,0.0,1
/home/jovyan/Joel_Pardo/AI4LABOUR/Mejoras/results_coursera/models/simcse_coursera_sup/sentence-transformers/all-MiniLM-L6-v2,D_char_jaccard,43,61355ce7e829,maintain personnel records,2598,ddf0f5e714b9,5,0.3934901535511017,0.3399890661239624,3.4592442512512207,0.0,0.75,0.0,1
/home/jovyan/Joel_Pardo/AI4LABOUR/Mejoras/results_coursera/models/simcse_coursera_sup/sentence-transformers/all-MiniLM-L6-v2,D_char_jaccard,43,61355ce7e829,maintain personnel records,1090,83caa8224229,6,0.41990830302238463,0.3665648102760315,3.778461456298828,0.0,0.800000011920929,0.0,1
/home/jovyan/Joel_Pardo/AI4LABOUR/Mejoras/results_coursera/models/simcse_coursera_sup/sentence-transformers/all-MiniLM-L6-v2,D_char_jaccard,43,61355ce7e829,maintain personnel records,780,8e961a62908c,7,0.46373899579048156,0.37692129611968994,3.9028594493865967,0.09803921729326248,1.0,0.0,1
/home/jovyan/Joel_Pardo/AI4LABOUR/Mejoras/results_coursera/models/simcse_coursera_sup/sentence-transformers/all-MiniLM-L6-v2,D_char_jaccard,43,61355ce7e829,maintain personnel records,1937,9577cc9be047,8,0.47448535561561583,0.4160948395729065,4.373396396636963,0.0,1.0,0.0,1
/home/jovyan/Joel_Pardo/AI4LABOUR/Mejoras/results_coursera/models/simcse_coursera_sup/sentence-transformers/all-MiniLM-L6-v2,D_char_jaccard,43,61355ce7e829,maintain personnel records,5110,0dc560762a57,9,0.37275640964508056,0.26338011026382446,2.539047956466675,0.1428571492433548,1.0,0.0,1
/home/jovyan/Joel_Pardo/AI4LABOUR/Mejoras/results_coursera/models/simcse_coursera_sup/sentence-transformers/all-MiniLM-L6-v2,D_char_jaccard,43,61355ce7e829,maintain personnel records,4472,9a2600945db5,10,0.3504176318645477,0.292130708694458,2.8843886852264404,0.0,0.75,0.0,1
/home/jovyan/Joel_Pardo/AI4LABOUR/Mejoras/results_coursera/models/simcse_coursera_sup/sentence-transformers/all-MiniLM-L6-v2,D_char_jaccard,44,2d4009710863,prepare operational progress or status reports,1528,b5a989054bb6,1,0.9990345120429993,0.5798311233520508,6.695180892944336,0.1320754736661911,0.4285714328289032,0.9318475723266602,1
/home/jovyan/Joel_Pardo/AI4LABOUR/Mejoras/results_coursera/models/simcse_coursera_sup/sentence-transformers/all-MiniLM-L6-v2,D_char_jaccard,44,2d4009710863,prepare operational progress or status reports,4311,dad8075f10c2,2,0.628022062778473,0.30820709466934204,3.294468402862549,0.17142857611179352,1.0,0.5194462537765503,1
/home/jovyan/Joel_Pardo/AI4LABOUR/Mejoras/results_coursera/models/simcse_coursera_sup/sentence-transformers/all-MiniLM-L6-v2,D_char_jaccard,44,2d4009710863,prepare operational progress or status reports,3332,72c021894860,3,0.7065777659416199,0.3493836522102356,3.8099958896636963,0.10526315867900848,0.5714285969734192,0.7181130647659302,1
/home/jovyan/Joel_Pardo/AI4LABOUR/Mejoras/results_coursera/models/simcse_coursera_sup/sentence-transformers/all-MiniLM-L6-v2,D_char_jaccard,44,2d4009710863,prepare operational progress or status reports,1694,d6c8c0983834,4,0.36895033717155457,0.01773170381784439,-0.34226080775260925,0.021276595070958138,0.4285714328289032,0.8156102299690247,0
/home/jovyan/Joel_Pardo/AI4LABOUR/Mejoras/results_coursera/models/simcse_coursera_sup/sentence-transformers/all-MiniLM-L6-v2,D_char_jaccard,44,2d4009710863,prepare operational progress or status reports,3766,94c75e9264bf,5,0.3658984303474426,0.11200821399688721,0.8380738496780396,0.07246376574039459,1.0,0.4924376904964447,0
/home/jovyan/Joel_Pardo/AI4LABOUR/Mejoras/results_coursera/models/simcse_coursera_sup/sentence-transformers/all-MiniLM-L6-v2,D_char_jaccard,44,2d4009710863,prepare operational progress or status reports,4059,966ff254f415,6,0.6491564393043519,0.2750025987625122,2.878751039505005,0.190476194024086,0.7142857313156128,0.6708019971847534,1
/home/jovyan/Joel_Pardo/AI4LABOUR/Mejoras/results_coursera/models/simcse_coursera_sup/sentence-transformers/all-MiniLM-L6-v2,D_char_jaccard,44,2d4009710863,prepare operational progress or status reports,1496,06e5c0d0f9ea,7,0.3156082212924957,0.2792472243309021,2.9318933486938477,0.0,0.2857142984867096,0.0,1
/home/jovyan/Joel_Pardo/AI4LABOUR/Mejoras/results_coursera/models/simcse_coursera_sup/sentence-transformers/all-MiniLM-L6-v2,D_char_jaccard,44,2d4009710863,prepare operational progress or status reports,4590,5d45850c5baa,8,0.7560318589210511,0.34283435344696045,3.727999210357666,0.12765957415103912,0.4285714328289032,0.8603436946868896,1
/home/jovyan/Joel_Pardo/AI4LABOUR/Mejoras/results_coursera/models/simcse_coursera_sup/sentence-transformers/all-MiniLM-L6-v2,D_char_jaccard,44,2d4009710863,prepare operational progress or status reports,4310,506583358173,9,0.5140416026115417,0.2561420202255249,2.64261794090271,0.10294117778539658,1.0,0.5194462537765503,0
/home/jovyan/Joel_Pardo/AI4LABOUR/Mejoras/results_coursera/models/simcse_coursera_sup/sentence-transformers/all-MiniLM-L6-v2,D_char_jaccard,44,2d4009710863,prepare operational progress or status reports,2093,bc30fde7977a,10,0.3983552634716034,0.33822137117385864,3.6702449321746826,0.0615384615957737,0.5714285969734192,0.0,1
/home/jovyan/Joel_Pardo/AI4LABOUR/Mejoras/results_coursera/models/simcse_coursera_sup/sentence-transformers/all-MiniLM-L6-v2,D_char_jaccard,45,aa03c0034762,evaluate quality of materials or products,3280,381a707f2810,1,0.9827876567840577,0.6494124531745911,6.9303412437438965,0.125,0.4285714328289032,0.7390948534011841,1
/home/jovyan/Joel_Pardo/AI4LABOUR/Mejoras/results_coursera/models/simcse_coursera_sup/sentence-transformers/all-MiniLM-L6-v2,D_char_jaccard,45,aa03c0034762,evaluate quality of materials or products,989,4ec4f7a20f54,2,0.6643164038658143,0.31862881779670715,3.0748727321624756,0.21153846383094788,0.7142857313156128,0.5973789691925049,1
/home/jovyan/Joel_Pardo/AI4LABOUR/Mejoras/results_coursera/models/simcse_coursera_sup/sentence-transformers/all-MiniLM-L6-v2,D_char_jaccard,45,aa03c0034762,evaluate quality of materials or products,4957,25aa304c3c46,3,0.5827388644218445,0.1728019416332245,1.3751792907714844,0.13725490868091583,0.5714285969734192,0.7858299016952515,1
/home/jovyan/Joel_Pardo/AI4LABOUR/Mejoras/results_coursera/models/simcse_coursera_sup/sentence-transformers/all-MiniLM-L6-v2,D_char_jaccard,45,aa03c0034762,evaluate quality of materials or products,3410,bfd722d7fa43,4,0.6511940836906434,0.32449495792388916,3.1432461738586426,0.13793103396892548,0.7142857313156128,0.5973789691925049,1
/home/jovyan/Joel_Pardo/AI4LABOUR/Mejoras/results_coursera/models/simcse_coursera_sup/sentence-transformers/all-MiniLM-L6-v2,D_char_jaccard,45,aa03c0034762,evaluate quality of materials or products,3059,49fffd4c8845,5,0.43918903470039367,0.19022363424301147,1.578238844871521,0.04615384712815285,1.0,0.3911231756210327,1
/home/jovyan/Joel_Pardo/AI4LABOUR/Mejoras/results_coursera/models/simcse_coursera_sup/sentence-transformers/all-MiniLM-L6-v2,D_char_jaccard,45,aa03c0034762,evaluate quality of materials or products,1905,0798f3e34759,6,0.40083577036857604,0.18876585364341736,1.5612475872039795,0.06896551698446274,0.7142857313156128,0.3199770748615265,1
/home/jovyan/Joel_Pardo/AI4LABOUR/Mejoras/results_coursera/models/simcse_coursera_sup/sentence-transformers/all-MiniLM-L6-v2,D_char_jaccard,45,aa03c0034762,evaluate quality of materials or products,3776,a89b81917b58,7,0.6278534412384034,0.30268701910972595,2.8890624046325684,0.1230769231915474,0.7142857313156128,0.5973789691925049,1
/home/jovyan/Joel_Pardo/AI4LABOUR/Mejoras/results_coursera/models/simcse_coursera_sup/sentence-transformers/all-MiniLM-L6-v2,D_char_jaccard,45,aa03c0034762,evaluate quality of materials or products,2300,754666b07e71,8,0.6028528094291687,0.3362278640270233,3.2799994945526123,0.11818181723356247,0.5,0.4892558753490448,1
/home/jovyan/Joel_Pardo/AI4LABOUR/Mejoras/results_coursera/models/simcse_coursera_sup/sentence-transformers/all-MiniLM-L6-v2,D_char_jaccard,45,aa03c0034762,evaluate quality of materials or products,4864,b4b65dd80416,9,0.7457992315292359,0.348369300365448,3.4215149879455566,0.17391304671764374,0.4285714328289032,0.7934001684188843,1
/home/jovyan/Joel_Pardo/AI4LABOUR/Mejoras/results_coursera/models/simcse_coursera_sup/sentence-transformers/all-MiniLM-L6-v2,D_char_jaccard,45,aa03c0034762,evaluate quality of materials or products,4507,4308d262ba90,10,0.551729679107666,0.25283485651016235,2.3080074787139893,0.10958904027938843,0.8571428656578064,0.6348097324371338,0
/home/jovyan/Joel_Pardo/AI4LABOUR/Mejoras/results_coursera/models/simcse_coursera_sup/sentence-transformers/all-MiniLM-L6-v2,D_char_jaccard,46,f64f2eefbcb7,"develop operating strategies, plans, or procedures",2189,114fb0d53fa1,1,0.9777267456054688,0.621856689453125,5.4853715896606445,0.16981132328510284,0.4285714328289032,0.7604358196258545,1
/home/jovyan/Joel_Pardo/AI4LABOUR/Mejoras/results_coursera/models/simcse_coursera_sup/sentence-transformers/all-MiniLM-L6-v2,D_char_jaccard,46,f64f2eefbcb7,"develop operating strategies, plans, or procedures",3444,cd798c9ef6d3,2,0.5284808456897736,0.15613238513469696,0.7345705032348633,0.15625,0.8571428656578064,0.640105128288269,1
/home/jovyan/Joel_Pardo/AI4LABOUR/Mejoras/results_coursera/models/simcse_coursera_sup/sentence-transformers/all-MiniLM-L6-v2,D_char_jaccard,46,f64f2eefbcb7,"develop operating strategies, plans, or procedures",3331,bd1098fcfc05,3,0.81854807138443,0.3417435884475708,2.62796950340271,0.12962962687015533,0.5714285969734192,1.0,1
/home/jovyan/Joel_Pardo/AI4LABOUR/Mejoras/results_coursera/models/simcse_coursera_sup/sentence-transformers/all-MiniLM-L6-v2,D_char_jaccard,46,f64f2eefbcb7,"develop operating strategies, plans, or procedures",2337,421e3510a425,4,0.6061320781707764,0.27915745973587036,1.9895353317260742,0.0972222238779068,0.8571428656578064,0.5943191051483154,1
/home/jovyan/Joel_Pardo/AI4LABOUR/Mejoras/results_coursera/models/simcse_coursera_sup/sentence-transformers/all-MiniLM-L6-v2,D_char_jaccard,46,f64f2eefbcb7,"develop operating strategies, plans, or procedures",3586,f77f2bcecc27,5,0.7112126231193543,0.41336244344711304,3.3585453033447266,0.20224718749523163,0.875,0.4871867597103119,1
/home/jovyan/Joel_Pardo/AI4LABOUR/Mejoras/results_coursera/models/simcse_coursera_sup/sentence-transformers/all-MiniLM-L6-v2,D_char_jaccard,46,f64f2eefbcb7,"develop operating strategies, plans, or procedures",3857,fc55f38e2c59,6,0.5435219883918763,0.22662809491157532,1.4536892175674438,0.17142857611179352,0.8571428656578064,0.5096060633659363,1
/home/jovyan/Joel_Pardo/AI4LABOUR/Mejoras/results_coursera/models/simcse_coursera_sup/sentence-transformers/all-MiniLM-L6-v2,D_char_jaccard,46,f64f2eefbcb7,"develop operating strategies, plans, or procedures",4917,5e5745be117f,7,0.5941935658454895,0.24289438128471375,1.6196197271347046,0.1428571492433548,0.5714285969734192,0.6532573699951172,1
/home/jovyan/Joel_Pardo/AI4LABOUR/Mejoras/results_coursera/models/simcse_coursera_sup/sentence-transformers/all-MiniLM-L6-v2,D_char_jaccard,46,f64f2eefbcb7,"develop operating strategies, plans, or procedures",2152,b0b4728d5bc0,8,0.5974966168403626,0.24840101599693298,1.6757923364639282,0.0845070406794548,0.7142857313156128,0.6677367687225342,1
/home/jovyan/Joel_Pardo/AI4LABOUR/Mejoras/results_coursera/models/simcse_coursera_sup/sentence-transformers/all-MiniLM-L6-v2,D_char_jaccard,46,f64f2eefbcb7,"develop operating strategies, plans, or procedures",147,575ea3efc7e8,9,0.6052793741226197,0.41232389211654663,3.3479511737823486,0.0845070406794548,0.2800000011920929,0.37265288829803467,1
/home/jovyan/Joel_Pardo/AI4LABOUR/Mejoras/results_coursera/models/simcse_coursera_sup/sentence-transformers/all-MiniLM-L6-v2,D_char_jaccard,46,f64f2eefbcb7,"develop operating strategies, plans, or procedures",4878,ad8c6508906e,10,0.7306319952011109,0.3250323534011841,2.4574999809265137,0.25,0.4285714328289032,0.7604358196258545,1
/home/jovyan/Joel_Pardo/AI4LABOUR/Mejoras/results_coursera/models/simcse_coursera_sup/sentence-transformers/all-MiniLM-L6-v2,D_char_jaccard,47,8f3ed6033a9e,implement organizational process or policy changes,3754,db1ed3b76ab7,1,0.9921861171722413,0.5965359210968018,5.911900043487549,0.375,0.4285714328289032,0.7253129482269287,1
/home/jovyan/Joel_Pardo/AI4LABOUR/Mejoras/results_coursera/models/simcse_coursera_sup/sentence-transformers/all-MiniLM-L6-v2,D_char_jaccard,47,8f3ed6033a9e,implement organizational process or policy changes,3522,2ad74838885a,2,0.589250910282135,0.1890754997730255,1.3793045282363892,0.12903225421905518,0.5714285969734192,0.7706336379051208,1
/home/jovyan/Joel_Pardo/AI4LABOUR/Mejoras/results_coursera/models/simcse_coursera_sup/sentence-transformers/all-MiniLM-L6-v2,D_char_jaccard,47,8f3ed6033a9e,implement organizational process or policy changes,758,077b37efd178,3,0.6038368821144104,0.300530344247818,2.6191298961639404,0.16129031777381897,0.5714285969734192,0.5361639261245728,1
/home/jovyan/Joel_Pardo/AI4LABOUR/Mejoras/results_coursera/models/simcse_coursera_sup/sentence-transformers/all-MiniLM-L6-v2,D_char_jaccard,47,8f3ed6033a9e,implement organizational process or policy changes,1717,0706a8713fc8,4,0.6366191387176514,0.28577685356140137,2.4550118446350098,0.09090909361839294,0.4285714328289032,0.7131603360176086,1
/home/jovyan/Joel_Pardo/AI4LABOUR/Mejoras/results_coursera/models/simcse_coursera_sup/sentence-transformers/all-MiniLM-L6-v2,D_char_jaccard,47,8f3ed6033a9e,implement organizational process or policy changes,2974,cdc6a5d1a136,5,0.6454980850219727,0.3996807932853699,3.722080945968628,0.14130434393882751,0.875,0.39177343249320984,1
/home/jovyan/Joel_Pardo/AI4LABOUR/Mejoras/results_coursera/models/simcse_coursera_sup/sentence-transformers/all-MiniLM-L6-v2,D_char_jaccard,47,8f3ed6033a9e,implement organizational process or policy changes,3523,26e860c1f814,6,0.5549762129783631,0.1756712794303894,1.2301957607269287,0.16393442451953888,0.7142857313156128,0.6754354238510132,1
/home/jovyan/Joel_Pardo/AI4LABOUR/Mejoras/results_coursera/models/simcse_coursera_sup/sentence-transformers/all-MiniLM-L6-v2,D_char_jaccard,47,8f3ed6033a9e,implement organizational process or policy changes,1412,e63b1bee1602,7,0.6719379901885987,0.3789135217666626,3.491065502166748,0.1515151560306549,0.5714285969734192,0.5361639261245728,1
/home/jovyan/Joel_Pardo/AI4LABOUR/Mejoras/results_coursera/models/simcse_coursera_sup/sentence-transformers/all-MiniLM-L6-v2,D_char_jaccard,47,8f3ed6033a9e,implement organizational process or policy changes,3310,1b5b70c37d4d,8,0.7274299740791321,0.25468406081199646,2.109135150909424,0.1071428582072258,0.4285714328289032,1.0,1
/home/jovyan/Joel_Pardo/AI4LABOUR/Mejoras/results_coursera/models/simcse_coursera_sup/sentence-transformers/all-MiniLM-L6-v2,D_char_jaccard,47,8f3ed6033a9e,implement organizational process or policy changes,93,787a1ae5745b,9,0.6267381191253663,0.2747979760169983,2.3328826427459717,0.09090909361839294,0.4285714328289032,0.7131603360176086,1
/home/jovyan/Joel_Pardo/AI4LABOUR/Mejoras/results_coursera/models/simcse_coursera_sup/sentence-transformers/all-MiniLM-L6-v2,D_char_jaccard,47,8f3ed6033a9e,implement organizational process or policy changes,1405,06c62fc8558d,10,0.5963834404945374,0.2598188519477844,2.166254758834839,0.11688311398029327,0.8571428656578064,0.6011713147163391,1
/home/jovyan/Joel_Pardo/AI4LABOUR/Mejoras/results_coursera/models/simcse_coursera_sup/sentence-transformers/all-MiniLM-L6-v2,D_char_jaccard,48,23ca56c5d573,develop organizational methods or procedures,1572,4d6e545411ff,1,1.0051903009414673,0.5950631499290466,5.2320942878723145,0.26530611515045166,0.5,0.8207674622535706,1
/home/jovyan/Joel_Pardo/AI4LABOUR/Mejoras/results_coursera/models/simcse_coursera_sup/sentence-transformers/all-MiniLM-L6-v2,D_char_jaccard,48,23ca56c5d573,develop organizational methods or procedures,1881,490efa5eb140,2,0.697657334804535,0.27223914861679077,1.9034963846206665,0.17307692766189575,0.5,0.8359322547912598,1
/home/jovyan/Joel_Pardo/AI4LABOUR/Mejoras/results_coursera/models/simcse_coursera_sup/sentence-transformers/all-MiniLM-L6-v2,D_char_jaccard,48,23ca56c5d573,develop organizational methods or procedures,3303,8dee13915ca0,3,0.5027793049812317,0.25362086296081543,1.711525559425354,0.2133333384990692,0.75,0.45921799540519714,0
/home/jovyan/Joel_Pardo/AI4LABOUR/Mejoras/results_coursera/models/simcse_coursera_sup/sentence-transformers/all-MiniLM-L6-v2,D_char_jaccard,48,23ca56c5d573,develop organizational methods or procedures,2319,defa44749398,4,0.5231403887271882,0.2012050747871399,1.171073079109192,0.10843373835086823,0.8571428656578064,0.5552256107330322,1
/home/jovyan/Joel_Pardo/AI4LABOUR/Mejoras/results_coursera/models/simcse_coursera_sup/sentence-transformers/all-MiniLM-L6-v2,D_char_jaccard,48,23ca56c5d573,develop organizational methods or procedures,3774,3bb46e004c8a,5,0.7369732141494751,0.3299868106842041,2.49892520904541,0.12244898080825806,0.5,0.8359322547912598,1
/home/jovyan/Joel_Pardo/AI4LABOUR/Mejoras/results_coursera/models/simcse_coursera_sup/sentence-transformers/all-MiniLM-L6-v2,D_char_jaccard,48,23ca56c5d573,develop organizational methods or procedures,3610,084d36cdf1fc,6,0.6677521347999573,0.30145710706710815,2.204759120941162,0.1034482792019844,0.6666666865348816,0.7181130647659302,1
/home/jovyan/Joel_Pardo/AI4LABOUR/Mejoras/results_coursera/models/simcse_coursera_sup/sentence-transformers/all-MiniLM-L6-v2,D_char_jaccard,48,23ca56c5d573,develop organizational methods or procedures,3586,f77f2bcecc27,7,0.7003678560256958,0.41274309158325195,3.352214813232422,0.15730337798595428,0.75,0.5051829814910889,1
/home/jovyan/Joel_Pardo/AI4LABOUR/Mejoras/results_coursera/models/simcse_coursera_sup/sentence-transformers/all-MiniLM-L6-v2,D_char_jaccard,48,23ca56c5d573,develop organizational methods or procedures,3608,6f667a1cbbc5,8,0.7915136098861695,0.3875637650489807,3.0925939083099365,0.13333334028720856,0.5,0.8359322547912598,1
/home/jovyan/Joel_Pardo/AI4LABOUR/Mejoras/results_coursera/models/simcse_coursera_sup/sentence-transformers/all-MiniLM-L6-v2,D_char_jaccard,48,23ca56c5d573,develop organizational methods or procedures,2337,421e3510a425,9,0.6287020921707154,0.2803802788257599,1.9874385595321655,0.11940298229455948,1.0,0.6162726879119873,1
/home/jovyan/Joel_Pardo/AI4LABOUR/Mejoras/results_coursera/models/simcse_coursera_sup/sentence-transformers/all-MiniLM-L6-v2,D_char_jaccard,48,23ca56c5d573,develop organizational methods or procedures,3592,fd4ea4fecf63,10,0.7991491436958313,0.4068501591682434,3.2914535999298096,0.13461539149284363,0.6666666865348816,0.7899919152259827,1
/home/jovyan/Joel_Pardo/AI4LABOUR/Mejoras/results_coursera/models/simcse_coursera_sup/sentence-transformers/all-MiniLM-L6-v2,D_char_jaccard,49,824d3015533f,develop specifications for new products or processes,80,5402ba93471c,1,1.0707747220993042,0.6855390071868896,6.438764572143555,0.3035714328289032,0.5,0.7572419047355652,1
/home/jovyan/Joel_Pardo/AI4LABOUR/Mejoras/results_coursera/models/simcse_coursera_sup/sentence-transformers/all-MiniLM-L6-v2,D_char_jaccard,49,824d3015533f,develop specifications for new products or processes,2079,047e0f25229c,2,0.5220918536186219,0.29256242513656616,2.3235979080200195,0.0731707289814949,0.75,0.38248246908187866,1
/home/jovyan/Joel_Pardo/AI4LABOUR/Mejoras/results_coursera/models/simcse_coursera_sup/sentence-transformers/all-MiniLM-L6-v2,D_char_jaccard,49,824d3015533f,develop specifications for new products or processes,4282,b462239f8295,3,0.830613124370575,0.34038716554641724,2.824408531188965,0.14705882966518402,0.75,1.0,1
/home/jovyan/Joel_Pardo/AI4LABOUR/Mejoras/results_coursera/models/simcse_coursera_sup/sentence-transformers/all-MiniLM-L6-v2,D_char_jaccard,49,824d3015533f,develop specifications for new products or processes,2515,d7bcb433bafc,4,0.5045504570007324,0.10969485342502594,0.40864795446395874,0.13793103396892548,0.375,0.881480872631073,0
/home/jovyan/Joel_Pardo/AI4LABOUR/Mejoras/results_coursera/models/simcse_coursera_sup/sentence-transformers/all-MiniLM-L6-v2,D_char_jaccard,49,824d3015533f,develop specifications for new products or processes,2692,1705593d3527,5,0.5465300261974335,0.3053189516067505,2.457181692123413,0.125,0.75,0.38248246908187866,1
/home/jovyan/Joel_Pardo/AI4LABOUR/Mejoras/results_coursera/models/simcse_coursera_sup/sentence-transformers/all-MiniLM-L6-v2,D_char_jaccard,49,824d3015533f,develop specifications for new products or processes,989,4ec4f7a20f54,6,0.6418875932693482,0.2932315468788147,2.3306050300598145,0.125,0.625,0.6636980175971985,1
/home/jovyan/Joel_Pardo/AI4LABOUR/Mejoras/results_coursera/models/simcse_coursera_sup/sentence-transformers/all-MiniLM-L6-v2,D_char_jaccard,49,824d3015533f,develop specifications for new products or processes,4957,25aa304c3c46,7,0.5368131399154663,0.14289546012878418,0.7563176155090332,0.11666666716337204,0.5,0.8851014971733093,0
/home/jovyan/Joel_Pardo/AI4LABOUR/Mejoras/results_coursera/models/simcse_coursera_sup/sentence-transformers/all-MiniLM-L6-v2,D_char_jaccard,49,824d3015533f,develop specifications for new products or processes,3586,f77f2bcecc27,8,0.8328536629676819,0.319002628326416,2.6004741191864014,0.21111111342906952,1.0,0.9824336767196655,1
/home/jovyan/Joel_Pardo/AI4LABOUR/Mejoras/results_coursera/models/simcse_coursera_sup/sentence-transformers/all-MiniLM-L6-v2,D_char_jaccard,49,824d3015533f,develop specifications for new products or processes,428,c7be195cbf3c,9,0.45241986513137816,0.20483548939228058,1.4049403667449951,0.05970149114727974,0.625,0.42973142862319946,1
/home/jovyan/Joel_Pardo/AI4LABOUR/Mejoras/results_coursera/models/simcse_coursera_sup/sentence-transformers/all-MiniLM-L6-v2,D_char_jaccard,49,824d3015533f,develop specifications for new products or processes,2337,421e3510a425,10,0.5973482608795166,0.2659471333026886,2.044888496398926,0.10958904027938843,0.75,0.607746422290802,1
/home/jovyan/Joel_Pardo/AI4LABOUR/Mejoras/results_coursera/models/simcse_coursera_sup/sentence-transformers/all-MiniLM-L6-v2,D_char_jaccard,50,a787a095d9b0,direct facility maintenance or repair activities,2233,d334de0d305d,1,0.6360632181167603,0.20167270302772522,1.757294774055481,0.1666666716337204,0.4285714328289032,0.9786563515663147,0
/home/jovyan/Joel_Pardo/AI4LABOUR/Mejoras/results_coursera/models/simcse_coursera_sup/sentence-transformers/all-MiniLM-L6-v2,D_char_jaccard,50,a787a095d9b0,direct facility maintenance or repair activities,3232,d7dbf48fa293,2,0.5271315574645996,0.11044567823410034,0.5877869725227356,0.095238097012043,0.5714285969734192,0.9383736252784729,0
/home/jovyan/Joel_Pardo/AI4LABOUR/Mejoras/results_coursera/models/simcse_coursera_sup/sentence-transformers/all-MiniLM-L6-v2,D_char_jaccard,50,a787a095d9b0,direct facility maintenance or repair activities,2957,3f078e2078e8,3,0.33475287556648253,0.27052175998687744,2.639922618865967,0.050847455859184265,0.5714285969734192,0.0,1
/home/jovyan/Joel_Pardo/AI4LABOUR/Mejoras/results_coursera/models/simcse_coursera_sup/sentence-transformers/all-MiniLM-L6-v2,D_char_jaccard,50,a787a095d9b0,direct facility maintenance or repair activities,1694,d6c8c0983834,4,0.4920083284378052,0.07286638021469116,0.1060297042131424,0.019999999552965164,0.4285714328289032,1.0,0
/home/jovyan/Joel_Pardo/AI4LABOUR/Mejoras/results_coursera/models/simcse_coursera_sup/sentence-transformers/all-MiniLM-L6-v2,D_char_jaccard,50,a787a095d9b0,direct facility maintenance or repair activities,4426,b25b2aa78ecd,5,0.3210570394992828,0.25008320808410645,2.3779053688049316,0.012500000186264515,0.8571428656578064,0.0,1
/home/jovyan/Joel_Pardo/AI4LABOUR/Mejoras/results_coursera/models/simcse_coursera_sup/sentence-transformers/all-MiniLM-L6-v2,D_char_jaccard,50,a787a095d9b0,direct facility maintenance or repair activities,3766,94c75e9264bf,6,0.39411306381225586,0.10660003125667572,0.5384867191314697,0.02666666731238365,1.0,0.6037659645080566,0
/home/jovyan/Joel_Pardo/AI4LABOUR/Mejoras/results_coursera/models/simcse_coursera_sup/sentence-transformers/all-MiniLM-L6-v2,D_char_jaccard,50,a787a095d9b0,direct facility maintenance or repair activities,2532,046df5a4594b,7,0.34201233386993407,0.29616832733154297,2.968705177307129,0.016129031777381897,0.4285714328289032,0.0,1
/home/jovyan/Joel_Pardo/AI4LABOUR/Mejoras/results_coursera/models/simcse_coursera_sup/sentence-transformers/all-MiniLM-L6-v2,D_char_jaccard,50,a787a095d9b0,direct facility maintenance or repair activities,3738,4c75851c265c,8,0.36242570281028746,0.31136786937713623,3.163559675216675,0.014492753893136978,0.5714285969734192,0.0,1
/home/jovyan/Joel_Pardo/AI4LABOUR/Mejoras/results_coursera/models/simcse_coursera_sup/sentence-transformers/all-MiniLM-L6-v2,D_char_jaccard,50,a787a095d9b0,direct facility maintenance or repair activities,4821,b66a2aed7404,9,0.41083433032035827,0.3771175146102905,4.006453514099121,0.0,0.4285714328289032,0.0,1
/home/jovyan/Joel_Pardo/AI4LABOUR/Mejoras/results_coursera/models/simcse_coursera_sup/sentence-transformers/all-MiniLM-L6-v2,D_char_jaccard,50,a787a095d9b0,direct facility maintenance or repair activities,4735,d4c4823f0990,10,0.3589248239994049,0.30969369411468506,3.142096996307373,0.035087719559669495,0.4285714328289032,0.0,1
/home/jovyan/Joel_Pardo/AI4LABOUR/Mejoras/results_coursera/models/simcse_coursera_sup/sentence-transformers/all-MiniLM-L6-v2,D_char_jaccard,51,6385c0e2eb2e,recommend organizational process or policy changes,3754,db1ed3b76ab7,1,0.8867021083831788,0.47933149337768555,5.208141326904297,0.375,0.4285714328289032,0.7253129482269287,1
/home/jovyan/Joel_Pardo/AI4LABOUR/Mejoras/results_coursera/models/simcse_coursera_sup/sentence-transformers/all-MiniLM-L6-v2,D_char_jaccard,51,6385c0e2eb2e,recommend organizational process or policy changes,4286,957770e81d95,2,0.6119257688522339,0.29171425104141235,2.893541097640991,0.11320754885673523,0.4285714328289032,0.6241311430931091,1
/home/jovyan/Joel_Pardo/AI4LABOUR/Mejoras/results_coursera/models/simcse_coursera_sup/sentence-transformers/all-MiniLM-L6-v2,D_char_jaccard,51,6385c0e2eb2e,recommend organizational process or policy changes,1717,0706a8713fc8,3,0.5876203656196595,0.21989865601062775,2.0075650215148926,0.1320754736661911,0.4285714328289032,0.7131603360176086,1
/home/jovyan/Joel_Pardo/AI4LABOUR/Mejoras/results_coursera/models/simcse_coursera_sup/sentence-transformers/all-MiniLM-L6-v2,D_char_jaccard,51,6385c0e2eb2e,recommend organizational process or policy changes,2974,cdc6a5d1a136,4,0.5908546328544617,0.3457110524177551,3.55968976020813,0.11702127754688263,0.875,0.39177343249320984,1
/home/jovyan/Joel_Pardo/AI4LABOUR/Mejoras/results_coursera/models/simcse_coursera_sup/sentence-transformers/all-MiniLM-L6-v2,D_char_jaccard,51,6385c0e2eb2e,recommend organizational process or policy changes,2068,15b38d334193,5,0.47442384362220763,0.4136594533920288,4.3979573249816895,0.12280701845884323,0.4285714328289032,0.0,1
/home/jovyan/Joel_Pardo/AI4LABOUR/Mejoras/results_coursera/models/simcse_coursera_sup/sentence-transformers/all-MiniLM-L6-v2,D_char_jaccard,51,6385c0e2eb2e,recommend organizational process or policy changes,1412,e63b1bee1602,6,0.5529617071151733,0.3022732138633728,3.0238051414489746,0.1515151560306549,0.5714285969734192,0.5361639261245728,0
/home/jovyan/Joel_Pardo/AI4LABOUR/Mejoras/results_coursera/models/simcse_coursera_sup/sentence-transformers/all-MiniLM-L6-v2,D_char_jaccard,51,6385c0e2eb2e,recommend organizational process or policy changes,3310,1b5b70c37d4d,7,0.6965160846710206,0.22033533453941345,2.0129520893096924,0.1071428582072258,0.4285714328289032,1.0,1
/home/jovyan/Joel_Pardo/AI4LABOUR/Mejoras/results_coursera/models/simcse_coursera_sup/sentence-transformers/all-MiniLM-L6-v2,D_char_jaccard,51,6385c0e2eb2e,recommend organizational process or policy changes,93,787a1ae5745b,8,0.621453869342804,0.26892656087875366,2.6124134063720703,0.09090909361839294,0.4285714328289032,0.7131603360176086,1
/home/jovyan/Joel_Pardo/AI4LABOUR/Mejoras/results_coursera/models/simcse_coursera_sup/sentence-transformers/all-MiniLM-L6-v2,D_char_jaccard,51,6385c0e2eb2e,recommend organizational process or policy changes,140,1b6f29f96686,9,0.49345727562904357,0.2557225227355957,2.4495174884796143,0.17307692766189575,0.699999988079071,0.3375944495201111,1
/home/jovyan/Joel_Pardo/AI4LABOUR/Mejoras/results_coursera/models/simcse_coursera_sup/sentence-transformers/all-MiniLM-L6-v2,D_char_jaccard,51,6385c0e2eb2e,recommend organizational process or policy changes,4206,86e9a49ffb57,10,0.5674393653869629,0.2439696043729782,2.3045239448547363,0.1071428582072258,0.4285714328289032,0.6241311430931091,1
/home/jovyan/Joel_Pardo/AI4LABOUR/Mejoras/results_coursera/models/simcse_coursera_sup/sentence-transformers/all-MiniLM-L6-v2,D_char_jaccard,52,7f83579eb5ca,maintain knowledge of current developments in area of expertise,4390,3cec85239a89,1,0.8675679445266724,0.40047234296798706,3.8887131214141846,0.12857143580913544,0.5,1.0,1
/home/jovyan/Joel_Pardo/AI4LABOUR/Mejoras/results_coursera/models/simcse_coursera_sup/sentence-transformers/all-MiniLM-L6-v2,D_char_jaccard,52,7f83579eb5ca,maintain knowledge of current developments in area of expertise,5216,5f28836331e0,2,0.38482778072357177,0.21495065093040466,1.6589289903640747,0.06306306272745132,0.9090909361839294,0.20037968456745148,1
/home/jovyan/Joel_Pardo/AI4LABOUR/Mejoras/results_coursera/models/simcse_coursera_sup/sentence-transformers/all-MiniLM-L6-v2,D_char_jaccard,52,7f83579eb5ca,maintain knowledge of current developments in area of expertise,1797,b08da67facc1,3,0.6765985369682312,0.28480392694473267,2.498495101928711,0.15714286267757416,0.5,0.7649733424186707,1
/home/jovyan/Joel_Pardo/AI4LABOUR/Mejoras/results_coursera/models/simcse_coursera_sup/sentence-transformers/all-MiniLM-L6-v2,D_char_jaccard,52,7f83579eb5ca,maintain knowledge of current developments in area of expertise,2328,94f3c42259fb,4,0.5022874653339386,0.17714957892894745,1.2045981884002686,0.10958904027938843,0.5,0.6011389493942261,1
/home/jovyan/Joel_Pardo/AI4LABOUR/Mejoras/results_coursera/models/simcse_coursera_sup/sentence-transformers/all-MiniLM-L6-v2,D_char_jaccard,52,7f83579eb5ca,maintain knowledge of current developments in area of expertise,4501,7e31f9e44f69,5,0.5280258536338807,0.3467720150947571,3.2432892322540283,0.1875,1.0,0.17264004051685333,1
/home/jovyan/Joel_Pardo/AI4LABOUR/Mejoras/results_coursera/models/simcse_coursera_sup/sentence-transformers/all-MiniLM-L6-v2,D_char_jaccard,52,7f83579eb5ca,maintain knowledge of current developments in area of expertise,149,a1be0f01fcf6,6,0.5403443455696106,0.29676008224487305,2.6421959400177,0.06930693238973618,0.8999999761581421,0.4023338854312897,1
/home/jovyan/Joel_Pardo/AI4LABOUR/Mejoras/results_coursera/models/simcse_coursera_sup/sentence-transformers/all-MiniLM-L6-v2,D_char_jaccard,52,7f83579eb5ca,maintain knowledge of current developments in area of expertise,4389,9612532a8fac,7,0.6563386201858521,0.3621596097946167,3.4282326698303223,0.15492957830429077,0.4000000059604645,0.5541564226150513,1
/home/jovyan/Joel_Pardo/AI4LABOUR/Mejoras/results_coursera/models/simcse_coursera_sup/sentence-transformers/all-MiniLM-L6-v2,D_char_jaccard,52,7f83579eb5ca,maintain knowledge of current developments in area of expertise,3212,d8505c1983d9,8,0.48295133113861083,0.33238685131073,3.0703940391540527,0.032786883413791656,0.9090909361839294,0.20037968456745148,1
/home/jovyan/Joel_Pardo/AI4LABOUR/Mejoras/results_coursera/models/simcse_coursera_sup/sentence-transformers/all-MiniLM-L6-v2,D_char_jaccard,52,7f83579eb5ca,maintain knowledge of current developments in area of expertise,2172,895ce8e2039e,9,0.7233740568161011,0.33211827278137207,3.0671658515930176,0.17391304671764374,0.5,0.7649733424186707,1
/home/jovyan/Joel_Pardo/AI4LABOUR/Mejoras/results_coursera/models/simcse_coursera_sup/sentence-transformers/all-MiniLM-L6-v2,D_char_jaccard,52,7f83579eb5ca,maintain knowledge of current developments in area of expertise,4415,859f5dcf8041,10,0.4344855844974518,0.23149123787879944,1.8577301502227783,0.13513512909412384,0.7692307829856873,0.384745329618454,0
/home/jovyan/Joel_Pardo/AI4LABOUR/Mejoras/results_coursera/models/simcse_coursera_sup/sentence-transformers/all-MiniLM-L6-v2,D_char_jaccard,53,a68e486bae8e,negotiate sales or lease agreements for products or services,3618,082c56a3a156,1,1.1570226430892945,0.7020416259765625,7.73659610748291,0.24074074625968933,0.30000001192092896,1.0,1
/home/jovyan/Joel_Pardo/AI4LABOUR/Mejoras/results_coursera/models/simcse_coursera_sup/sentence-transformers/all-MiniLM-L6-v2,D_char_jaccard,53,a68e486bae8e,negotiate sales or lease agreements for products or services,1616,a34f9345ecdf,2,0.4568833589553833,0.22480888664722443,2.0823709964752197,0.11764705926179886,0.4000000059604645,0.3878590166568756,1
/home/jovyan/Joel_Pardo/AI4LABOUR/Mejoras/results_coursera/models/simcse_coursera_sup/sentence-transformers/all-MiniLM-L6-v2,D_char_jaccard,53,a68e486bae8e,negotiate sales or lease agreements for products or services,150,e1b657c11575,3,0.6203731179237366,0.43297067284584045,4.548659324645996,0.1463414579629898,0.5882353186607361,0.28675588965415955,1
/home/jovyan/Joel_Pardo/AI4LABOUR/Mejoras/results_coursera/models/simcse_coursera_sup/sentence-transformers/all-MiniLM-L6-v2,D_char_jaccard,53,a68e486bae8e,negotiate sales or lease agreements for products or services,1691,19ae2b3326d0,4,0.40627058148384093,0.25491657853126526,2.4390852451324463,0.07920791953802109,1.0,0.14260922372341156,1
/home/jovyan/Joel_Pardo/AI4LABOUR/Mejoras/results_coursera/models/simcse_coursera_sup/sentence-transformers/all-MiniLM-L6-v2,D_char_jaccard,53,a68e486bae8e,negotiate sales or lease agreements for products or services,2751,e66df6c46d53,5,0.40561630129814147,0.24871791899204254,2.3656437397003174,0.05797101557254791,0.5,0.230693519115448,1
/home/jovyan/Joel_Pardo/AI4LABOUR/Mejoras/results_coursera/models/simcse_coursera_sup/sentence-transformers/all-MiniLM-L6-v2,D_char_jaccard,53,a68e486bae8e,negotiate sales or lease agreements for products or services,3788,2e77075290ae,6,0.4194501519203186,0.38974857330322266,4.036566734313965,0.014705882407724857,0.30000001192092896,0.0,1
/home/jovyan/Joel_Pardo/AI4LABOUR/Mejoras/results_coursera/models/simcse_coursera_sup/sentence-transformers/all-MiniLM-L6-v2,D_char_jaccard,53,a68e486bae8e,negotiate sales or lease agreements for products or services,2067,9c7403fc6e17,7,0.4449223279953003,0.2290816754102707,2.1329946517944336,0.1147540956735611,0.4000000059604645,0.4751506745815277,0
/home/jovyan/Joel_Pardo/AI4LABOUR/Mejoras/results_coursera/models/simcse_coursera_sup/sentence-transformers/all-MiniLM-L6-v2,D_char_jaccard,53,a68e486bae8e,negotiate sales or lease agreements for products or services,2664,f14a60909863,8,0.6469717502593995,0.3871862292289734,4.0062079429626465,0.1267605572938919,0.4000000059604645,0.4920351207256317,1
/home/jovyan/Joel_Pardo/AI4LABOUR/Mejoras/results_coursera/models/simcse_coursera_sup/sentence-transformers/all-MiniLM-L6-v2,D_char_jaccard,53,a68e486bae8e,negotiate sales or lease agreements for products or services,3983,1292506f4417,9,0.6107871413230896,0.4465797543525696,4.709898948669434,0.13432836532592773,0.4000000059604645,0.263208270072937,1
/home/jovyan/Joel_Pardo/AI4LABOUR/Mejoras/results_coursera/models/simcse_coursera_sup/sentence-transformers/all-MiniLM-L6-v2,D_char_jaccard,53,a68e486bae8e,negotiate sales or lease agreements for products or services,3512,701a9321eaae,10,0.4097679853439331,0.20609086751937866,1.8606011867523193,0.1147540956735611,0.30000001192092896,0.4514941871166229,0
/home/jovyan/Joel_Pardo/AI4LABOUR/Mejoras/results_coursera/models/simcse_coursera_sup/sentence-transformers/all-MiniLM-L6-v2,D_char_jaccard,54,00ee16f445cd,determine causes of operational problems or failures,4283,4e51e2b3d889,1,0.779073703289032,0.4541335999965668,4.80368185043335,0.07692307978868484,0.5,0.6903067231178284,1
/home/jovyan/Joel_Pardo/AI4LABOUR/Mejoras/results_coursera/models/simcse_coursera_sup/sentence-transformers/all-MiniLM-L6-v2,D_char_jaccard,54,00ee16f445cd,determine causes of operational problems or failures,4059,966ff254f415,2,0.648272442817688,0.312812864780426,3.0292630195617676,0.17391304671764374,0.625,0.6050314903259277,1
/home/jovyan/Joel_Pardo/AI4LABOUR/Mejoras/results_coursera/models/simcse_coursera_sup/sentence-transformers/all-MiniLM-L6-v2,D_char_jaccard,54,00ee16f445cd,determine causes of operational problems or failures,4834,1d8e86f4a956,3,0.7233371019363404,0.4107770323753357,4.259297847747803,0.125,0.5,0.6184694766998291,1
/home/jovyan/Joel_Pardo/AI4LABOUR/Mejoras/results_coursera/models/simcse_coursera_sup/sentence-transformers/all-MiniLM-L6-v2,D_char_jaccard,54,00ee16f445cd,determine causes of operational problems or failures,1822,39932b592d9d,4,0.37839195132255554,0.18835948407649994,1.4666301012039185,0.16546761989593506,0.4444444477558136,0.3631982207298279,0
/home/jovyan/Joel_Pardo/AI4LABOUR/Mejoras/results_coursera/models/simcse_coursera_sup/sentence-transformers/all-MiniLM-L6-v2,D_char_jaccard,54,00ee16f445cd,determine causes of operational problems or failures,3946,d77de4fdc1c2,5,0.3935080349445343,0.1380930095911026,0.8354858756065369,0.11428571492433548,0.5714285969734192,0.4052036702632904,1
/home/jovyan/Joel_Pardo/AI4LABOUR/Mejoras/results_coursera/models/simcse_coursera_sup/sentence-transformers/all-MiniLM-L6-v2,D_char_jaccard,54,00ee16f445cd,determine causes of operational problems or failures,4020,7a78717af7c0,6,0.7701530933380127,0.28679564595222473,2.70259165763855,0.14814814925193787,0.5,1.0,1
/home/jovyan/Joel_Pardo/AI4LABOUR/Mejoras/results_coursera/models/simcse_coursera_sup/sentence-transformers/all-MiniLM-L6-v2,D_char_jaccard,54,00ee16f445cd,determine causes of operational problems or failures,1675,8335d26464b5,7,0.41077237129211425,0.35910362005233765,3.610488176345825,0.025316456332802773,0.625,0.0,1
/home/jovyan/Joel_Pardo/AI4LABOUR/Mejoras/results_coursera/models/simcse_coursera_sup/sentence-transformers/all-MiniLM-L6-v2,D_char_jaccard,54,00ee16f445cd,determine causes of operational problems or failures,3336,b4854fe5d64d,8,0.3726707875728607,0.20835307240486145,1.717669129371643,0.07216494530439377,0.8888888955116272,0.18166841566562653,1
/home/jovyan/Joel_Pardo/AI4LABOUR/Mejoras/results_coursera/models/simcse_coursera_sup/sentence-transformers/all-MiniLM-L6-v2,D_char_jaccard,54,00ee16f445cd,determine causes of operational problems or failures,3211,bf363c434df6,9,0.5415640354156495,0.33334672451019287,3.28708553314209,0.12264151126146317,0.7272727489471436,0.31131991744041443,1
/home/jovyan/Joel_Pardo/AI4LABOUR/Mejoras/results_coursera/models/simcse_coursera_sup/sentence-transformers/all-MiniLM-L6-v2,D_char_jaccard,54,00ee16f445cd,determine causes of operational problems or failures,420,29289f002a6c,10,0.40097137093544005,0.3587181866168976,3.6056487560272217,0.012500000186264515,0.5,0.0,1
/home/jovyan/Joel_Pardo/AI4LABOUR/Mejoras/results_coursera/models/simcse_coursera_sup/sentence-transformers/all-MiniLM-L6-v2,D_char_jaccard,55,4805101e52c6,monitor the productivity or efficiency of industrial operations,4149,737ad5005108,1,1.001582133769989,0.595363199710846,6.173710823059082,0.16949152946472168,0.2222222238779068,0.9056781530380249,1
/home/jovyan/Joel_Pardo/AI4LABOUR/Mejoras/results_coursera/models/simcse_coursera_sup/sentence-transformers/all-MiniLM-L6-v2,D_char_jaccard,55,4805101e52c6,monitor the productivity or efficiency of industrial operations,860,fa8ac4b1b38c,2,0.6171492815017701,0.21486851572990417,1.776538610458374,0.07692307978868484,0.3333333432674408,0.8446754813194275,1
/home/jovyan/Joel_Pardo/AI4LABOUR/Mejoras/results_coursera/models/simcse_coursera_sup/sentence-transformers/all-MiniLM-L6-v2,D_char_jaccard,55,4805101e52c6,monitor the productivity or efficiency of industrial operations,107,20be59e19f80,3,0.8059835314750672,0.4057292342185974,3.982213020324707,0.14516128599643707,0.3333333432674408,0.8446754813194275,1
/home/jovyan/Joel_Pardo/AI4LABOUR/Mejoras/results_coursera/models/simcse_coursera_sup/sentence-transformers/all-MiniLM-L6-v2,D_char_jaccard,55,4805101e52c6,monitor the productivity or efficiency of industrial operations,2088,ec09f4cecbe4,4,0.42447733879089355,0.23173362016677856,1.9714394807815552,0.0520833320915699,0.8888888955116272,0.3961294889450073,0
/home/jovyan/Joel_Pardo/AI4LABOUR/Mejoras/results_coursera/models/simcse_coursera_sup/sentence-transformers/all-MiniLM-L6-v2,D_char_jaccard,55,4805101e52c6,monitor the productivity or efficiency of industrial operations,4821,b66a2aed7404,5,0.4241233766078949,0.15231353044509888,1.0536245107650757,0.13636364042758942,0.3333333432674408,0.5907090306282043,0
/home/jovyan/Joel_Pardo/AI4LABOUR/Mejoras/results_coursera/models/simcse_coursera_sup/sentence-transformers/all-MiniLM-L6-v2,D_char_jaccard,55,4805101e52c6,monitor the productivity or efficiency of industrial operations,962,ac46a9d35fb3,6,0.4040225327014923,0.133259117603302,0.8334228992462158,0.08421052992343903,0.7777777910232544,0.43536949157714844,1
/home/jovyan/Joel_Pardo/AI4LABOUR/Mejoras/results_coursera/models/simcse_coursera_sup/sentence-transformers/all-MiniLM-L6-v2,D_char_jaccard,55,4805101e52c6,monitor the productivity or efficiency of industrial operations,3154,d74736c2fa1e,7,0.4313895881175995,0.18254312872886658,1.402971625328064,0.05681818351149559,0.8888888955116272,0.3961294889450073,1
/home/jovyan/Joel_Pardo/AI4LABOUR/Mejoras/results_coursera/models/simcse_coursera_sup/sentence-transformers/all-MiniLM-L6-v2,D_char_jaccard,55,4805101e52c6,monitor the productivity or efficiency of industrial operations,2301,6d7d5c1c49a4,8,0.5878221273422242,0.4101691246032715,4.033522605895996,0.05882352963089943,0.75,0.29116007685661316,1
/home/jovyan/Joel_Pardo/AI4LABOUR/Mejoras/results_coursera/models/simcse_coursera_sup/sentence-transformers/all-MiniLM-L6-v2,D_char_jaccard,55,4805101e52c6,monitor the productivity or efficiency of industrial operations,824,b2b3f57d7c91,9,0.46102221608161925,0.19294226169586182,1.5231486558914185,0.1267605572938919,0.5555555820465088,0.4447656571865082,1
/home/jovyan/Joel_Pardo/AI4LABOUR/Mejoras/results_coursera/models/simcse_coursera_sup/sentence-transformers/all-MiniLM-L6-v2,D_char_jaccard,55,4805101e52c6,monitor the productivity or efficiency of industrial operations,447,0dbbcd9e85e6,10,0.711480188369751,0.3442627191543579,3.2718775272369385,0.12857143580913544,0.3333333432674408,0.7570855617523193,1
/home/jovyan/Joel_Pardo/AI4LABOUR/Mejoras/results_coursera/models/simcse_coursera_sup/sentence-transformers/all-MiniLM-L6-v2,D_char_jaccard,56,269bfa3db5c6,conduct validation tests of equipment or processes,2680,a617908b172c,1,0.955564546585083,0.5015531778335571,5.12932825088501,0.1666666716337204,0.25,1.0,1
/home/jovyan/Joel_Pardo/AI4LABOUR/Mejoras/results_coursera/models/simcse_coursera_sup/sentence-transformers/all-MiniLM-L6-v2,D_char_jaccard,56,269bfa3db5c6,conduct validation tests of equipment or processes,80,5402ba93471c,2,0.5634065866470337,0.22757069766521454,2.0063138008117676,0.2542372941970825,0.5,0.6750840544700623,0
/home/jovyan/Joel_Pardo/AI4LABOUR/Mejoras/results_coursera/models/simcse_coursera_sup/sentence-transformers/all-MiniLM-L6-v2,D_char_jaccard,56,269bfa3db5c6,conduct validation tests of equipment or processes,2641,414d1ab8da6a,3,0.8097359418869019,0.3684624433517456,3.612281322479248,0.1538461595773697,0.5,0.9116454124450684,1
/home/jovyan/Joel_Pardo/AI4LABOUR/Mejoras/results_coursera/models/simcse_coursera_sup/sentence-transformers/all-MiniLM-L6-v2,D_char_jaccard,56,269bfa3db5c6,conduct validation tests of equipment or processes,1037,58c07ed4fd0b,4,0.7629720449447632,0.3648541569709778,3.5711519718170166,0.07017543911933899,0.375,0.8707735538482666,1
/home/jovyan/Joel_Pardo/AI4LABOUR/Mejoras/results_coursera/models/simcse_coursera_sup/sentence-transformers/all-MiniLM-L6-v2,D_char_jaccard,56,269bfa3db5c6,conduct validation tests of equipment or processes,2988,14936b3ee32f,5,0.5398658990859986,0.2605765461921692,2.3825340270996094,0.11214952915906906,0.6153846383094788,0.49135100841522217,1
/home/jovyan/Joel_Pardo/AI4LABOUR/Mejoras/results_coursera/models/simcse_coursera_sup/sentence-transformers/all-MiniLM-L6-v2,D_char_jaccard,56,269bfa3db5c6,conduct validation tests of equipment or processes,1822,39932b592d9d,6,0.448477166891098,0.33886390924453735,3.27489972114563,0.0878378376364708,0.4444444477558136,0.12329497188329697,1
/home/jovyan/Joel_Pardo/AI4LABOUR/Mejoras/results_coursera/models/simcse_coursera_sup/sentence-transformers/all-MiniLM-L6-v2,D_char_jaccard,56,269bfa3db5c6,conduct validation tests of equipment or processes,2728,b12a99169d3e,7,0.4392909109592438,0.19301773607730865,1.6124588251113892,0.15306122601032257,0.6153846383094788,0.49135100841522217,0
/home/jovyan/Joel_Pardo/AI4LABOUR/Mejoras/results_coursera/models/simcse_coursera_sup/sentence-transformers/all-MiniLM-L6-v2,D_char_jaccard,56,269bfa3db5c6,conduct validation tests of equipment or processes,1346,55742a05f8e1,8,0.4606537103652954,0.2403264343738556,2.1517114639282227,0.09090909361839294,0.5,0.36658164858818054,1
/home/jovyan/Joel_Pardo/AI4LABOUR/Mejoras/results_coursera/models/simcse_coursera_sup/sentence-transformers/all-MiniLM-L6-v2,D_char_jaccard,56,269bfa3db5c6,conduct validation tests of equipment or processes,989,4ec4f7a20f54,9,0.43962687253952026,0.1565910130739212,1.197245478630066,0.1230769231915474,0.625,0.5916893482208252,0
/home/jovyan/Joel_Pardo/AI4LABOUR/Mejoras/results_coursera/models/simcse_coursera_sup/sentence-transformers/all-MiniLM-L6-v2,D_char_jaccard,56,269bfa3db5c6,conduct validation tests of equipment or processes,425,b06cd44db3d0,10,0.48128074407577515,0.2028730809688568,1.724795937538147,0.1230769231915474,0.625,0.5916893482208252,0
/home/jovyan/Joel_Pardo/AI4LABOUR/Mejoras/results_coursera/models/simcse_coursera_sup/sentence-transformers/all-MiniLM-L6-v2,D_char_jaccard,57,c1933354ef21,determine operational methods,1629,a9ac5a6cc3cb,1,1.076064157485962,0.6164088249206543,6.809116840362549,0.18518517911434174,0.5,1.0,1
/home/jovyan/Joel_Pardo/AI4LABOUR/Mejoras/results_coursera/models/simcse_coursera_sup/sentence-transformers/all-MiniLM-L6-v2,D_char_jaccard,57,c1933354ef21,determine operational methods,4059,966ff254f415,2,0.8177999138832093,0.3757002651691437,3.857635021209717,0.25531914830207825,0.800000011920929,0.8145995736122131,1
/home/jovyan/Joel_Pardo/AI4LABOUR/Mejoras/results_coursera/models/simcse_coursera_sup/sentence-transformers/all-MiniLM-L6-v2,D_char_jaccard,57,c1933354ef21,determine operational methods,2149,ce5275d1f549,3,0.6752548694610596,0.25436627864837646,2.3698813915252686,0.1666666716337204,0.800000011920929,0.7866461873054504,1
/home/jovyan/Joel_Pardo/AI4LABOUR/Mejoras/results_coursera/models/simcse_coursera_sup/sentence-transformers/all-MiniLM-L6-v2,D_char_jaccard,57,c1933354ef21,determine operational methods,301,b3202b182771,4,0.5962074875831604,0.25185394287109375,2.339076042175293,0.1111111119389534,0.800000011920929,0.6294028759002686,1
/home/jovyan/Joel_Pardo/AI4LABOUR/Mejoras/results_coursera/models/simcse_coursera_sup/sentence-transformers/all-MiniLM-L6-v2,D_char_jaccard,57,c1933354ef21,determine operational methods,3264,438271b119dd,5,0.38666151762008666,0.2995733916759491,2.924194812774658,0.06818182021379471,1.0,0.0,1
/home/jovyan/Joel_Pardo/AI4LABOUR/Mejoras/results_coursera/models/simcse_coursera_sup/sentence-transformers/all-MiniLM-L6-v2,D_char_jaccard,57,c1933354ef21,determine operational methods,161,0158362822fe,6,0.5795962810516357,0.23140013217926025,2.0882787704467773,0.13636364042758942,1.0,0.7181130647659302,0
/home/jovyan/Joel_Pardo/AI4LABOUR/Mejoras/results_coursera/models/simcse_coursera_sup/sentence-transformers/all-MiniLM-L6-v2,D_char_jaccard,57,c1933354ef21,determine operational methods,472,f09f0bf4e953,7,0.4771144866943359,0.3655649423599243,3.7333593368530273,0.24242424964904785,0.75,0.0,1
/home/jovyan/Joel_Pardo/AI4LABOUR/Mejoras/results_coursera/models/simcse_coursera_sup/sentence-transformers/all-MiniLM-L6-v2,D_char_jaccard,57,c1933354ef21,determine operational methods,303,308cd878658b,8,0.5440511882305146,0.19979961216449738,1.7008047103881836,0.22727273404598236,0.6666666865348816,0.560200035572052,1
/home/jovyan/Joel_Pardo/AI4LABOUR/Mejoras/results_coursera/models/simcse_coursera_sup/sentence-transformers/all-MiniLM-L6-v2,D_char_jaccard,57,c1933354ef21,determine operational methods,3057,801d465b0d9e,9,0.4006936430931091,0.3529532551765442,3.5787193775177,0.01785714365541935,0.5714285969734192,0.0,1
/home/jovyan/Joel_Pardo/AI4LABOUR/Mejoras/results_coursera/models/simcse_coursera_sup/sentence-transformers/all-MiniLM-L6-v2,D_char_jaccard,57,c1933354ef21,determine operational methods,3303,8dee13915ca0,10,0.4852631688117981,0.2705419063568115,2.568221092224121,0.13235294818878174,0.5,0.45921799540519714,0
/home/jovyan/Joel_Pardo/AI4LABOUR/Mejoras/results_coursera/models/simcse_coursera_sup/sentence-transformers/all-MiniLM-L6-v2,D_char_jaccard,58,224946bca8ba,direct industrial production activities,3033,fd89784e59c7,1,0.9453023552894593,0.5311151742935181,5.758727073669434,0.2222222238779068,0.4000000059604645,0.8543578386306763,1
/home/jovyan/Joel_Pardo/AI4LABOUR/Mejoras/results_coursera/models/simcse_coursera_sup/sentence-transformers/all-MiniLM-L6-v2,D_char_jaccard,58,224946bca8ba,direct industrial production activities,107,20be59e19f80,2,0.944920825958252,0.4524762034416199,4.784909725189209,0.23076923191547394,0.6000000238418579,1.0,1
/home/jovyan/Joel_Pardo/AI4LABOUR/Mejoras/results_coursera/models/simcse_coursera_sup/sentence-transformers/all-MiniLM-L6-v2,D_char_jaccard,58,224946bca8ba,direct industrial production activities,3232,d7dbf48fa293,3,0.7983656406402588,0.4134151041507721,4.3012003898620605,0.11320754885673523,0.800000011920929,0.7699753642082214,1
/home/jovyan/Joel_Pardo/AI4LABOUR/Mejoras/results_coursera/models/simcse_coursera_sup/sentence-transformers/all-MiniLM-L6-v2,D_char_jaccard,58,224946bca8ba,direct industrial production activities,2233,d334de0d305d,4,0.6586938381195069,0.22927312552928925,2.0208969116210938,0.20454545319080353,0.6000000238418579,0.8030290603637695,1
/home/jovyan/Joel_Pardo/AI4LABOUR/Mejoras/results_coursera/models/simcse_coursera_sup/sentence-transformers/all-MiniLM-L6-v2,D_char_jaccard,58,224946bca8ba,direct industrial production activities,5169,69142a156a26,5,0.4803303360939026,0.17269527912139893,1.3202710151672363,0.09090909361839294,0.7142857313156128,0.5411575436592102,1
/home/jovyan/Joel_Pardo/AI4LABOUR/Mejoras/results_coursera/models/simcse_coursera_sup/sentence-transformers/all-MiniLM-L6-v2,D_char_jaccard,58,224946bca8ba,direct industrial production activities,2092,a3727e4c2309,6,0.39316304326057433,0.3018285036087036,2.919379234313965,0.11940298229455948,0.8333333134651184,0.0,1
/home/jovyan/Joel_Pardo/AI4LABOUR/Mejoras/results_coursera/models/simcse_coursera_sup/sentence-transformers/all-MiniLM-L6-v2,D_char_jaccard,58,224946bca8ba,direct industrial production activities,147,575ea3efc7e8,7,0.47225117683410645,0.20300215482711792,1.6955732107162476,0.12403100728988647,0.20000000298023224,0.6213537454605103,0
/home/jovyan/Joel_Pardo/AI4LABOUR/Mejoras/results_coursera/models/simcse_coursera_sup/sentence-transformers/all-MiniLM-L6-v2,D_char_jaccard,58,224946bca8ba,direct industrial production activities,1676,4abb63e41447,8,0.5704591870307922,0.23071694374084473,2.038776397705078,0.1875,0.800000011920929,0.6898473501205444,0
/home/jovyan/Joel_Pardo/AI4LABOUR/Mejoras/results_coursera/models/simcse_coursera_sup/sentence-transformers/all-MiniLM-L6-v2,D_char_jaccard,58,224946bca8ba,direct industrial production activities,2446,a18b251c5cc8,9,0.3665677785873413,0.28462183475494385,2.7063021659851074,0.08163265138864517,0.800000011920929,0.0,1
/home/jovyan/Joel_Pardo/AI4LABOUR/Mejoras/results_coursera/models/simcse_coursera_sup/sentence-transformers/all-MiniLM-L6-v2,D_char_jaccard,58,224946bca8ba,direct industrial production activities,3651,1efe61d0a58c,10,0.3782107710838318,0.3156220316886902,3.0901899337768555,0.056603774428367615,0.6000000238418579,0.0,1
/home/jovyan/Joel_Pardo/AI4LABOUR/Mejoras/results_coursera/models/simcse_coursera_sup/sentence-transformers/all-MiniLM-L6-v2,D_char_jaccard,59,da6e8742f6bf,research industrial processes or operations,107,20be59e19f80,1,0.90499906539917,0.42095857858657837,3.6967320442199707,0.20454545319080353,0.5,1.0,1
/home/jovyan/Joel_Pardo/AI4LABOUR/Mejoras/results_coursera/models/simcse_coursera_sup/sentence-transformers/all-MiniLM-L6-v2,D_char_jaccard,59,da6e8742f6bf,research industrial processes or operations,1417,3432f1a88aa3,2,0.636670458316803,0.3301379680633545,2.6983749866485596,0.1428571492433548,0.5,0.572080135345459,1
/home/jovyan/Joel_Pardo/AI4LABOUR/Mejoras/results_coursera/models/simcse_coursera_sup/sentence-transformers/all-MiniLM-L6-v2,D_char_jaccard,59,da6e8742f6bf,research industrial processes or operations,4062,f5cd1e11c87f,3,0.7233030080795289,0.35743892192840576,2.9984841346740723,0.1875,0.5,0.6993325352668762,1
/home/jovyan/Joel_Pardo/AI4LABOUR/Mejoras/results_coursera/models/simcse_coursera_sup/sentence-transformers/all-MiniLM-L6-v2,D_char_jaccard,59,da6e8742f6bf,research industrial processes or operations,989,4ec4f7a20f54,4,0.5914969325065613,0.2579605281352997,1.9049551486968994,0.1785714328289032,0.8333333134651184,0.5575573444366455,1
/home/jovyan/Joel_Pardo/AI4LABOUR/Mejoras/results_coursera/models/simcse_coursera_sup/sentence-transformers/all-MiniLM-L6-v2,D_char_jaccard,59,da6e8742f6bf,research industrial processes or operations,2661,a40ee5969123,5,0.6790332674980164,0.365763783454895,3.089996099472046,0.140625,0.8333333134651184,0.5575573444366455,1
/home/jovyan/Joel_Pardo/AI4LABOUR/Mejoras/results_coursera/models/simcse_coursera_sup/sentence-transformers/all-MiniLM-L6-v2,D_char_jaccard,59,da6e8742f6bf,research industrial processes or operations,4887,18879a4e7460,6,0.5631967663764954,0.28389549255371094,2.1900484561920166,0.1111111119389534,0.6666666865348816,0.49144917726516724,1
/home/jovyan/Joel_Pardo/AI4LABOUR/Mejoras/results_coursera/models/simcse_coursera_sup/sentence-transformers/all-MiniLM-L6-v2,D_char_jaccard,59,da6e8742f6bf,research industrial processes or operations,4655,d2cb89335985,7,0.6774940967559815,0.37705373764038086,3.2141025066375732,0.13725490868091583,0.5,0.572080135345459,1
/home/jovyan/Joel_Pardo/AI4LABOUR/Mejoras/results_coursera/models/simcse_coursera_sup/sentence-transformers/all-MiniLM-L6-v2,D_char_jaccard,59,da6e8742f6bf,research industrial processes or operations,4501,7e31f9e44f69,8,0.5760109901428223,0.4015689194202423,3.483588695526123,0.11235955357551575,0.6000000238418579,0.26627275347709656,1
/home/jovyan/Joel_Pardo/AI4LABOUR/Mejoras/results_coursera/models/simcse_coursera_sup/sentence-transformers/all-MiniLM-L6-v2,D_char_jaccard,59,da6e8742f6bf,research industrial processes or operations,4681,dddc10be00dd,9,0.6328875899314881,0.3301562964916229,2.6985764503479004,0.12765957415103912,0.5,0.572080135345459,1
/home/jovyan/Joel_Pardo/AI4LABOUR/Mejoras/results_coursera/models/simcse_coursera_sup/sentence-transformers/all-MiniLM-L6-v2,D_char_jaccard,59,da6e8742f6bf,research industrial processes or operations,1937,9577cc9be047,10,0.5676331996917725,0.28300151228904724,2.1802213191986084,0.1320754736661911,0.6666666865348816,0.49144917726516724,1
/home/jovyan/Joel_Pardo/AI4LABOUR/Mejoras/results_coursera/models/simcse_coursera_sup/sentence-transformers/all-MiniLM-L6-v2,D_char_jaccard,60,90e3d91fbf4d,design control systems for mechanical or other equipment,733,813e418f098e,1,1.0638450860977173,0.5978749990463257,5.957973957061768,0.23636363446712494,0.3333333432674408,1.0,1
/home/jovyan/Joel_Pardo/AI4LABOUR/Mejoras/results_coursera/models/simcse_coursera_sup/sentence-transformers/all-MiniLM-L6-v2,D_char_jaccard,60,90e3d91fbf4d,design control systems for mechanical or other equipment,2836,a7810e65d792,2,0.7092054963111878,0.3009822964668274,2.816938638687134,0.2542372941970825,0.4444444477558136,0.7563498020172119,1
/home/jovyan/Joel_Pardo/AI4LABOUR/Mejoras/results_coursera/models/simcse_coursera_sup/sentence-transformers/all-MiniLM-L6-v2,D_char_jaccard,60,90e3d91fbf4d,design control systems for mechanical or other equipment,244,9ad42139630f,3,0.5905983328819275,0.3918185830116272,3.777959108352661,0.0810810774564743,0.5555555820465088,0.3497837781906128,1
/home/jovyan/Joel_Pardo/AI4LABOUR/Mejoras/results_coursera/models/simcse_coursera_sup/sentence-transformers/all-MiniLM-L6-v2,D_char_jaccard,60,90e3d91fbf4d,design control systems for mechanical or other equipment,2641,414d1ab8da6a,4,0.5689796805381775,0.2812232971191406,2.6078944206237793,0.1267605572938919,0.4444444477558136,0.654915988445282,0
/home/jovyan/Joel_Pardo/AI4LABOUR/Mejoras/results_coursera/models/simcse_coursera_sup/sentence-transformers/all-MiniLM-L6-v2,D_char_jaccard,60,90e3d91fbf4d,design control systems for mechanical or other equipment,4679,aa2e3ac253d9,5,0.5856764793395997,0.3866221308708191,3.722982168197632,0.1487603336572647,0.6428571343421936,0.2959590554237366,1
/home/jovyan/Joel_Pardo/AI4LABOUR/Mejoras/results_coursera/models/simcse_coursera_sup/sentence-transformers/all-MiniLM-L6-v2,D_char_jaccard,60,90e3d91fbf4d,design control systems for mechanical or other equipment,4163,2efc353a10d0,6,0.5336906790733338,0.3397742509841919,3.2273457050323486,0.1551724076271057,0.4444444477558136,0.2921963632106781,1
/home/jovyan/Joel_Pardo/AI4LABOUR/Mejoras/results_coursera/models/simcse_coursera_sup/sentence-transformers/all-MiniLM-L6-v2,D_char_jaccard,60,90e3d91fbf4d,design control systems for mechanical or other equipment,3663,9b1383e434a5,7,0.7783242344856263,0.4790961742401123,4.701329708099365,0.1666666716337204,0.5555555820465088,0.5692330002784729,1
/home/jovyan/Joel_Pardo/AI4LABOUR/Mejoras/results_coursera/models/simcse_coursera_sup/sentence-transformers/all-MiniLM-L6-v2,D_char_jaccard,60,90e3d91fbf4d,design control systems for mechanical or other equipment,3918,d4c62f1a558b,8,1.045252251625061,0.6278753876686096,6.275368690490723,0.24528302252292633,0.3333333432674408,0.8804424405097961,1
/home/jovyan/Joel_Pardo/AI4LABOUR/Mejoras/results_coursera/models/simcse_coursera_sup/sentence-transformers/all-MiniLM-L6-v2,D_char_jaccard,60,90e3d91fbf4d,design control systems for mechanical or other equipment,4582,bde8c91972ff,9,0.710619854927063,0.4045601189136505,3.9127607345581055,0.16417910158634186,0.5555555820465088,0.5692330002784729,1
/home/jovyan/Joel_Pardo/AI4LABOUR/Mejoras/results_coursera/models/simcse_coursera_sup/sentence-transformers/all-MiniLM-L6-v2,D_char_jaccard,60,90e3d91fbf4d,design control systems for mechanical or other equipment,713,3a511543033e,10,0.5873460650444031,0.39115965366363525,3.7709877490997314,0.10975609719753265,0.6666666865348816,0.3113250434398651,1
/home/jovyan/Joel_Pardo/AI4LABOUR/Mejoras/results_coursera/models/simcse_coursera_sup/sentence-transformers/all-MiniLM-L6-v2,D_char_jaccard,61,dc17b84d2d6b,review technical documents to plan work,4558,7b0342e1d11a,1,0.934209156036377,0.4166063666343689,4.292019844055176,0.265625,0.8571428656578064,1.0,1
/home/jovyan/Joel_Pardo/AI4LABOUR/Mejoras/results_coursera/models/simcse_coursera_sup/sentence-transformers/all-MiniLM-L6-v2,D_char_jaccard,61,dc17b84d2d6b,review technical documents to plan work,3298,22bd137c51e5,2,0.8535263419151307,0.43423765897750854,4.511003494262695,0.15555556118488312,0.4285714328289032,0.8809875845909119,1
/home/jovyan/Joel_Pardo/AI4LABOUR/Mejoras/results_coursera/models/simcse_coursera_sup/sentence-transformers/all-MiniLM-L6-v2,D_char_jaccard,61,dc17b84d2d6b,review technical documents to plan work,1211,eecc08bfdf6d,3,0.684998619556427,0.3578769564628601,3.562591075897217,0.06666667014360428,0.4285714328289032,0.687035322189331,1
/home/jovyan/Joel_Pardo/AI4LABOUR/Mejoras/results_coursera/models/simcse_coursera_sup/sentence-transformers/all-MiniLM-L6-v2,D_char_jaccard,61,dc17b84d2d6b,review technical documents to plan work,2295,15e018941f99,4,0.6129528760910035,0.24691982567310333,2.184485673904419,0.06976744532585144,0.4285714328289032,0.7546364665031433,1
/home/jovyan/Joel_Pardo/AI4LABOUR/Mejoras/results_coursera/models/simcse_coursera_sup/sentence-transformers/all-MiniLM-L6-v2,D_char_jaccard,61,dc17b84d2d6b,review technical documents to plan work,2820,21f64da1e579,5,0.9110249161720276,0.45581141114234924,4.7789530754089355,0.18918919563293457,0.2857142984867096,0.9730290770530701,1
/home/jovyan/Joel_Pardo/AI4LABOUR/Mejoras/results_coursera/models/simcse_coursera_sup/sentence-transformers/all-MiniLM-L6-v2,D_char_jaccard,61,dc17b84d2d6b,review technical documents to plan work,1652,ebcee30ccff3,6,0.6007525205612183,0.282332181930542,2.62431263923645,0.035087719559669495,0.5714285969734192,0.6482753753662109,1
/home/jovyan/Joel_Pardo/AI4LABOUR/Mejoras/results_coursera/models/simcse_coursera_sup/sentence-transformers/all-MiniLM-L6-v2,D_char_jaccard,61,dc17b84d2d6b,review technical documents to plan work,3248,e9ec0a2c6e6d,7,0.6704972863197327,0.30483388900756836,2.903787612915039,0.21276596188545227,0.4285714328289032,0.6788167953491211,1
/home/jovyan/Joel_Pardo/AI4LABOUR/Mejoras/results_coursera/models/simcse_coursera_sup/sentence-transformers/all-MiniLM-L6-v2,D_char_jaccard,61,dc17b84d2d6b,review technical documents to plan work,5276,24d301adf7f0,8,0.4118839681148529,0.23457729816436768,2.031189203262329,0.0731707289814949,0.875,0.22180427610874176,1
/home/jovyan/Joel_Pardo/AI4LABOUR/Mejoras/results_coursera/models/simcse_coursera_sup/sentence-transformers/all-MiniLM-L6-v2,D_char_jaccard,61,dc17b84d2d6b,review technical documents to plan work,3815,47914e1c7d1b,9,0.4094835102558136,0.22697870433330536,1.9368135929107666,0.03076923079788685,1.0,0.243775874376297,1
/home/jovyan/Joel_Pardo/AI4LABOUR/Mejoras/results_coursera/models/simcse_coursera_sup/sentence-transformers/all-MiniLM-L6-v2,D_char_jaccard,61,dc17b84d2d6b,review technical documents to plan work,3498,9e69de35c497,10,0.5046632766723633,0.16812992095947266,1.2059019804000854,0.16981132328510284,0.8571428656578064,0.545090913772583,1
/home/jovyan/Joel_Pardo/AI4LABOUR/Mejoras/results_coursera/models/simcse_coursera_sup/sentence-transformers/all-MiniLM-L6-v2,D_char_jaccard,62,c6d9ce80244c,confer with other personnel to resolve design or operational problems,3978,6918d9132472,1,0.8411517024040223,0.38983190059661865,3.1731321811676025,0.1066666692495346,0.27272728085517883,1.0,1
/home/jovyan/Joel_Pardo/AI4LABOUR/Mejoras/results_coursera/models/simcse_coursera_sup/sentence-transformers/all-MiniLM-L6-v2,D_char_jaccard,62,c6d9ce80244c,confer with other personnel to resolve design or operational problems,3038,8a8d5a00aa0e,2,0.5318915724754334,0.3719215989112854,2.9868364334106445,0.11052631586790085,0.40740740299224854,0.24790044128894806,1
/home/jovyan/Joel_Pardo/AI4LABOUR/Mejoras/results_coursera/models/simcse_coursera_sup/sentence-transformers/all-MiniLM-L6-v2,D_char_jaccard,62,c6d9ce80244c,confer with other personnel to resolve design or operational problems,2974,cdc6a5d1a136,3,0.49570462107658386,0.1737363040447235,0.9253923892974854,0.12844036519527435,0.7272727489471436,0.6771705746650696,0
/home/jovyan/Joel_Pardo/AI4LABOUR/Mejoras/results_coursera/models/simcse_coursera_sup/sentence-transformers/all-MiniLM-L6-v2,D_char_jaccard,62,c6d9ce80244c,confer with other personnel to resolve design or operational problems,4933,4a9dbf433d44,4,0.49734343886375426,0.4712978005409241,4.0205078125,0.056338027119636536,0.1818181872367859,0.0,1
/home/jovyan/Joel_Pardo/AI4LABOUR/Mejoras/results_coursera/models/simcse_coursera_sup/sentence-transformers/all-MiniLM-L6-v2,D_char_jaccard,62,c6d9ce80244c,confer with other personnel to resolve design or operational problems,2728,b12a99169d3e,5,0.5499309778213501,0.33950304985046387,2.6496315002441406,0.1111111119389534,0.8461538553237915,0.31073179841041565,1
/home/jovyan/Joel_Pardo/AI4LABOUR/Mejoras/results_coursera/models/simcse_coursera_sup/sentence-transformers/all-MiniLM-L6-v2,D_char_jaccard,62,c6d9ce80244c,confer with other personnel to resolve design or operational problems,4122,f3437033919d,6,0.5187897562980652,0.28840744495391846,2.1181557178497314,0.06849315017461777,0.27272728085517883,0.4461585581302643,1
/home/jovyan/Joel_Pardo/AI4LABOUR/Mejoras/results_coursera/models/simcse_coursera_sup/sentence-transformers/all-MiniLM-L6-v2,D_char_jaccard,62,c6d9ce80244c,confer with other personnel to resolve design or operational problems,1551,a91e30b789fc,7,0.5301812171936036,0.34598618745803833,2.717066526412964,0.06666667014360428,0.4545454680919647,0.3234992027282715,1
/home/jovyan/Joel_Pardo/AI4LABOUR/Mejoras/results_coursera/models/simcse_coursera_sup/sentence-transformers/all-MiniLM-L6-v2,D_char_jaccard,62,c6d9ce80244c,confer with other personnel to resolve design or operational problems,3215,d4793dfe8103,8,0.5554674863815308,0.29430705308914185,2.179521083831787,0.08510638028383255,0.6363636255264282,0.5937410593032837,0
/home/jovyan/Joel_Pardo/AI4LABOUR/Mejoras/results_coursera/models/simcse_coursera_sup/sentence-transformers/all-MiniLM-L6-v2,D_char_jaccard,62,c6d9ce80244c,confer with other personnel to resolve design or operational problems,4306,01c767aac2ad,9,0.5636099457740784,0.3327564597129822,2.579456329345703,0.10091742873191833,1.0,0.34724950790405273,1
/home/jovyan/Joel_Pardo/AI4LABOUR/Mejoras/results_coursera/models/simcse_coursera_sup/sentence-transformers/all-MiniLM-L6-v2,D_char_jaccard,62,c6d9ce80244c,confer with other personnel to resolve design or operational problems,4432,2b45fccea3eb,10,0.5202119827270508,0.3006121814250946,2.2451045513153076,0.11267605423927307,0.3636363744735718,0.38327541947364807,1
/home/jovyan/Joel_Pardo/AI4LABOUR/Mejoras/results_coursera/models/simcse_coursera_sup/sentence-transformers/all-MiniLM-L6-v2,D_char_jaccard,63,50171927f859,analyze design or requirements information for mechanical equipment or systems,3917,d23e50a9caf6,1,1.0186943292617798,0.5994876623153687,5.526311874389648,0.21590909361839294,0.6363636255264282,0.8584000468254089,1
/home/jovyan/Joel_Pardo/AI4LABOUR/Mejoras/results_coursera/models/simcse_coursera_sup/sentence-transformers/all-MiniLM-L6-v2,D_char_jaccard,63,50171927f859,analyze design or requirements information for mechanical equipment or systems,3150,7ca5740d8368,2,0.5612528800964356,0.30105698108673096,2.460050344467163,0.1315789520740509,0.27272728085517883,0.484426349401474,1
/home/jovyan/Joel_Pardo/AI4LABOUR/Mejoras/results_coursera/models/simcse_coursera_sup/sentence-transformers/all-MiniLM-L6-v2,D_char_jaccard,63,50171927f859,analyze design or requirements information for mechanical equipment or systems,1397,674593793bab,3,0.6800941705703736,0.37784868478775024,3.249055862426758,0.14473684132099152,0.27272728085517883,0.6005244851112366,1
/home/jovyan/Joel_Pardo/AI4LABOUR/Mejoras/results_coursera/models/simcse_coursera_sup/sentence-transformers/all-MiniLM-L6-v2,D_char_jaccard,63,50171927f859,analyze design or requirements information for mechanical equipment or systems,1897,d330010440a6,4,0.5851023077964783,0.4057123363018036,3.535344123840332,0.0810810774564743,0.27272728085517883,0.3401363492012024,1
/home/jovyan/Joel_Pardo/AI4LABOUR/Mejoras/results_coursera/models/simcse_coursera_sup/sentence-transformers/all-MiniLM-L6-v2,D_char_jaccard,63,50171927f859,analyze design or requirements information for mechanical equipment or systems,3814,55c7fc3d9a9c,5,0.5010202527046204,0.2618637681007385,2.0573549270629883,0.18691588938236237,0.9090909361839294,0.43289828300476074,0
/home/jovyan/Joel_Pardo/AI4LABOUR/Mejoras/results_coursera/models/simcse_coursera_sup/sentence-transformers/all-MiniLM-L6-v2,D_char_jaccard,63,50171927f859,analyze design or requirements information for mechanical equipment or systems,4412,a558f59f975e,6,0.49415026903152465,0.33154943585395813,2.773348569869995,0.08235294371843338,0.4545454680919647,0.2561006546020508,1
/home/jovyan/Joel_Pardo/AI4LABOUR/Mejoras/results_coursera/models/simcse_coursera_sup/sentence-transformers/all-MiniLM-L6-v2,D_char_jaccard,63,50171927f859,analyze design or requirements information for mechanical equipment or systems,2079,047e0f25229c,7,0.5908894419670105,0.31618034839630127,2.6154370307922363,0.1595744639635086,0.5454545617103577,0.47290194034576416,1
/home/jovyan/Joel_Pardo/AI4LABOUR/Mejoras/results_coursera/models/simcse_coursera_sup/sentence-transformers/all-MiniLM-L6-v2,D_char_jaccard,63,50171927f859,analyze design or requirements information for mechanical equipment or systems,4791,baded3c66d4d,8,0.5332118749618531,0.3768201470375061,3.238487958908081,0.07526881992816925,0.5454545617103577,0.24495954811573029,1
/home/jovyan/Joel_Pardo/AI4LABOUR/Mejoras/results_coursera/models/simcse_coursera_sup/sentence-transformers/all-MiniLM-L6-v2,D_char_jaccard,63,50171927f859,analyze design or requirements information for mechanical equipment or systems,2227,97b075243156,9,0.5772504687309266,0.34198617935180664,2.880582094192505,0.15789473056793213,0.27272728085517883,0.4158821702003479,1
/home/jovyan/Joel_Pardo/AI4LABOUR/Mejoras/results_coursera/models/simcse_coursera_sup/sentence-transformers/all-MiniLM-L6-v2,D_char_jaccard,63,50171927f859,analyze design or requirements information for mechanical equipment or systems,4035,02bd3f0a6aec,10,0.5582988739013672,0.3988337218761444,3.4646689891815186,0.12359550595283508,0.5454545617103577,0.22794239223003387,1
/home/jovyan/Joel_Pardo/AI4LABOUR/Mejoras/results_coursera/models/simcse_coursera_sup/sentence-transformers/all-MiniLM-L6-v2,D_char_jaccard,64,445ae625480e,direct installation activities,3491,5e80ebd97e31,1,0.7961984753608704,0.29042595624923706,3.1930112838745117,0.27906978130340576,0.800000011920929,0.9376189708709717,1
/home/jovyan/Joel_Pardo/AI4LABOUR/Mejoras/results_coursera/models/simcse_coursera_sup/sentence-transformers/all-MiniLM-L6-v2,D_char_jaccard,64,445ae625480e,direct installation activities,3232,d7dbf48fa293,2,0.7176332950592041,0.22307157516479492,2.295304775238037,0.13333334028720856,1.0,0.9588387608528137,1
/home/jovyan/Joel_Pardo/AI4LABOUR/Mejoras/results_coursera/models/simcse_coursera_sup/sentence-transformers/all-MiniLM-L6-v2,D_char_jaccard,64,445ae625480e,direct installation activities,2233,d334de0d305d,3,0.6231968402862549,0.1368853747844696,1.1466057300567627,0.25,0.75,1.0,0
/home/jovyan/Joel_Pardo/AI4LABOUR/Mejoras/results_coursera/models/simcse_coursera_sup/sentence-transformers/all-MiniLM-L6-v2,D_char_jaccard,64,445ae625480e,direct installation activities,4257,e5617d3261a3,4,0.3576113164424896,0.3001236915588379,3.322263717651367,0.0,0.75,0.0,1
/home/jovyan/Joel_Pardo/AI4LABOUR/Mejoras/results_coursera/models/simcse_coursera_sup/sentence-transformers/all-MiniLM-L6-v2,D_char_jaccard,64,445ae625480e,direct installation activities,1382,4c9adbdd7d40,5,0.362140017747879,0.29126667976379395,3.204216480255127,0.0,1.0,0.0,1
/home/jovyan/Joel_Pardo/AI4LABOUR/Mejoras/results_coursera/models/simcse_coursera_sup/sentence-transformers/all-MiniLM-L6-v2,D_char_jaccard,64,445ae625480e,direct installation activities,3517,8ff14e361ee8,6,0.40592445731163024,0.3213975131511688,3.6058034896850586,0.06666667014360428,1.0,0.0,1
/home/jovyan/Joel_Pardo/AI4LABOUR/Mejoras/results_coursera/models/simcse_coursera_sup/sentence-transformers/all-MiniLM-L6-v2,D_char_jaccard,64,445ae625480e,direct installation activities,4329,976b00314c5c,7,0.44437633752822875,0.36803925037384033,4.227449417114258,0.10256410390138626,0.75,0.0,1
/home/jovyan/Joel_Pardo/AI4LABOUR/Mejoras/results_coursera/models/simcse_coursera_sup/sentence-transformers/all-MiniLM-L6-v2,D_char_jaccard,64,445ae625480e,direct installation activities,4069,2bfbc5fe989c,8,0.37369858026504515,0.3034709692001343,3.3668766021728516,0.06896551698446274,0.6666666865348816,0.0,1
/home/jovyan/Joel_Pardo/AI4LABOUR/Mejoras/results_coursera/models/simcse_coursera_sup/sentence-transformers/all-MiniLM-L6-v2,D_char_jaccard,64,445ae625480e,direct installation activities,512,db0cf79983ac,9,0.34043415188789367,0.26714906096458435,2.8827741146087646,0.0,1.0,0.0,1
/home/jovyan/Joel_Pardo/AI4LABOUR/Mejoras/results_coursera/models/simcse_coursera_sup/sentence-transformers/all-MiniLM-L6-v2,D_char_jaccard,64,445ae625480e,direct installation activities,4630,6f1fb85bdd0f,10,0.3302058458328247,0.22032327950000763,2.2586750984191895,0.12765957415103912,1.0,0.0,1
/home/jovyan/Joel_Pardo/AI4LABOUR/Mejoras/results_coursera/models/simcse_coursera_sup/sentence-transformers/all-MiniLM-L6-v2,D_char_jaccard,65,8da0e9e0dffc,direct equipment maintenance or repair activities,2641,414d1ab8da6a,1,0.856863009929657,0.37182310223579407,3.900895118713379,0.1746031790971756,0.5714285969734192,1.0,1
/home/jovyan/Joel_Pardo/AI4LABOUR/Mejoras/results_coursera/models/simcse_coursera_sup/sentence-transformers/all-MiniLM-L6-v2,D_char_jaccard,65,8da0e9e0dffc,direct equipment maintenance or repair activities,147,575ea3efc7e8,2,0.5383573770523071,0.22492171823978424,1.9830833673477173,0.1304347813129425,0.2800000011920929,0.7232978940010071,0
/home/jovyan/Joel_Pardo/AI4LABOUR/Mejoras/results_coursera/models/simcse_coursera_sup/sentence-transformers/all-MiniLM-L6-v2,D_char_jaccard,65,8da0e9e0dffc,direct equipment maintenance or repair activities,1694,d6c8c0983834,3,0.4505973756313324,0.04688892513513565,-0.3411523699760437,0.019607843831181526,0.4285714328289032,0.9551669359207153,0
/home/jovyan/Joel_Pardo/AI4LABOUR/Mejoras/results_coursera/models/simcse_coursera_sup/sentence-transformers/all-MiniLM-L6-v2,D_char_jaccard,65,8da0e9e0dffc,direct equipment maintenance or repair activities,2233,d334de0d305d,4,0.7393548369407654,0.2812279164791107,2.7181661128997803,0.16363635659217834,0.4285714328289032,0.9347801804542542,1
/home/jovyan/Joel_Pardo/AI4LABOUR/Mejoras/results_coursera/models/simcse_coursera_sup/sentence-transformers/all-MiniLM-L6-v2,D_char_jaccard,65,8da0e9e0dffc,direct equipment maintenance or repair activities,5169,69142a156a26,5,0.4149695336818695,0.10774028301239014,0.4532680809497833,0.06410256773233414,1.0,0.6299440264701843,0
/home/jovyan/Joel_Pardo/AI4LABOUR/Mejoras/results_coursera/models/simcse_coursera_sup/sentence-transformers/all-MiniLM-L6-v2,D_char_jaccard,65,8da0e9e0dffc,direct equipment maintenance or repair activities,2532,046df5a4594b,6,0.33824511170387267,0.2920536398887634,2.8594970703125,0.01587301678955555,0.4285714328289032,0.0,1
/home/jovyan/Joel_Pardo/AI4LABOUR/Mejoras/results_coursera/models/simcse_coursera_sup/sentence-transformers/all-MiniLM-L6-v2,D_char_jaccard,65,8da0e9e0dffc,direct equipment maintenance or repair activities,3766,94c75e9264bf,7,0.3791041672229767,0.10205142199993134,0.3789994418621063,0.02631578966975212,1.0,0.5766972899436951,0
/home/jovyan/Joel_Pardo/AI4LABOUR/Mejoras/results_coursera/models/simcse_coursera_sup/sentence-transformers/all-MiniLM-L6-v2,D_char_jaccard,65,8da0e9e0dffc,direct equipment maintenance or repair activities,5099,bb12a82d8dc0,8,0.3510951280593872,0.30244874954223633,2.995206117630005,0.02985074557363987,0.4285714328289032,0.0,1
/home/jovyan/Joel_Pardo/AI4LABOUR/Mejoras/results_coursera/models/simcse_coursera_sup/sentence-transformers/all-MiniLM-L6-v2,D_char_jaccard,65,8da0e9e0dffc,direct equipment maintenance or repair activities,3445,1d8a6ba36ac4,9,0.3166439712047577,0.2679078280925751,2.5442709922790527,0.016393441706895828,0.4285714328289032,0.0,1
/home/jovyan/Joel_Pardo/AI4LABOUR/Mejoras/results_coursera/models/simcse_coursera_sup/sentence-transformers/all-MiniLM-L6-v2,D_char_jaccard,65,8da0e9e0dffc,direct equipment maintenance or repair activities,3232,d7dbf48fa293,10,0.6232663273811341,0.17599523067474365,1.3443431854248047,0.1111111119389534,0.5714285969734192,0.8963034749031067,1
/home/jovyan/Joel_Pardo/AI4LABOUR/Mejoras/results_coursera/models/simcse_coursera_sup/sentence-transformers/all-MiniLM-L6-v2,D_char_jaccard,66,196087c93944,"test performance of electrical, electronic, mechanical, or integrated systems or equipment",3917,d23e50a9caf6,1,0.7958611726760865,0.30269303917884827,3.047257900238037,0.1770833283662796,0.5833333134651184,1.0,1
/home/jovyan/Joel_Pardo/AI4LABOUR/Mejoras/results_coursera/models/simcse_coursera_sup/sentence-transformers/all-MiniLM-L6-v2,D_char_jaccard,66,196087c93944,"test performance of electrical, electronic, mechanical, or integrated systems or equipment",855,834fcfea4206,2,0.7220008254051209,0.440002977848053,4.6365861892700195,0.0602409653365612,0.25,0.6210947632789612,1
/home/jovyan/Joel_Pardo/AI4LABOUR/Mejoras/results_coursera/models/simcse_coursera_sup/sentence-transformers/all-MiniLM-L6-v2,D_char_jaccard,66,196087c93944,"test performance of electrical, electronic, mechanical, or integrated systems or equipment",1337,284a65d8619b,3,0.5100350260734559,0.3067004084587097,3.093642234802246,0.06521739065647125,1.0,0.2942507565021515,1
/home/jovyan/Joel_Pardo/AI4LABOUR/Mejoras/results_coursera/models/simcse_coursera_sup/sentence-transformers/all-MiniLM-L6-v2,D_char_jaccard,66,196087c93944,"test performance of electrical, electronic, mechanical, or integrated systems or equipment",716,dfa5c751f089,4,0.5356831431388855,0.2636694610118866,2.595569610595703,0.12941177189350128,0.3333333432674408,0.4984024465084076,1
/home/jovyan/Joel_Pardo/AI4LABOUR/Mejoras/results_coursera/models/simcse_coursera_sup/sentence-transformers/all-MiniLM-L6-v2,D_char_jaccard,66,196087c93944,"test performance of electrical, electronic, mechanical, or integrated systems or equipment",2330,8310086930a5,5,0.6978398442268372,0.35665997862815857,3.6719117164611816,0.11627907305955887,0.25,0.7131901979446411,1
/home/jovyan/Joel_Pardo/AI4LABOUR/Mejoras/results_coursera/models/simcse_coursera_sup/sentence-transformers/all-MiniLM-L6-v2,D_char_jaccard,66,196087c93944,"test performance of electrical, electronic, mechanical, or integrated systems or equipment",4450,58319ec211bf,6,0.6029342293739319,0.24910299479961395,2.426966428756714,0.16981132328510284,0.5833333134651184,0.6428051590919495,1
/home/jovyan/Joel_Pardo/AI4LABOUR/Mejoras/results_coursera/models/simcse_coursera_sup/sentence-transformers/all-MiniLM-L6-v2,D_char_jaccard,66,196087c93944,"test performance of electrical, electronic, mechanical, or integrated systems or equipment",3960,df90dd980a17,7,0.5854034900665284,0.17516091465950012,1.5711051225662231,0.13829787075519562,0.4166666567325592,0.8058772087097168,1
/home/jovyan/Joel_Pardo/AI4LABOUR/Mejoras/results_coursera/models/simcse_coursera_sup/sentence-transformers/all-MiniLM-L6-v2,D_char_jaccard,66,196087c93944,"test performance of electrical, electronic, mechanical, or integrated systems or equipment",1822,39932b592d9d,8,0.6014287352561951,0.39967238903045654,4.169769763946533,0.1130952388048172,0.6666666865348816,0.3252909779548645,1
/home/jovyan/Joel_Pardo/AI4LABOUR/Mejoras/results_coursera/models/simcse_coursera_sup/sentence-transformers/all-MiniLM-L6-v2,D_char_jaccard,66,196087c93944,"test performance of electrical, electronic, mechanical, or integrated systems or equipment",3813,d4fec0ffd15c,9,0.5040445804595948,0.3579843044281006,3.6872403621673584,0.09701492637395859,0.9166666865348816,0.15442915260791779,1
/home/jovyan/Joel_Pardo/AI4LABOUR/Mejoras/results_coursera/models/simcse_coursera_sup/sentence-transformers/all-MiniLM-L6-v2,D_char_jaccard,66,196087c93944,"test performance of electrical, electronic, mechanical, or integrated systems or equipment",2304,4a96d68a92ef,10,0.6254312872886658,0.30157750844955444,3.034345865249634,0.14772726595401764,0.3333333432674408,0.6260325312614441,1
/home/jovyan/Joel_Pardo/AI4LABOUR/Mejoras/results_coursera/models/simcse_coursera_sup/sentence-transformers/all-MiniLM-L6-v2,D_char_jaccard,67,3574e4789085,coordinate safety or regulatory compliance activities,1602,5ea97cc0076e,1,1.2362183809280396,0.786744236946106,8.313326835632324,0.29411765933036804,0.4285714328289032,0.9579766392707825,1
/home/jovyan/Joel_Pardo/AI4LABOUR/Mejoras/results_coursera/models/simcse_coursera_sup/sentence-transformers/all-MiniLM-L6-v2,D_char_jaccard,67,3574e4789085,coordinate safety or regulatory compliance activities,1863,6a901f9ab4b7,2,0.4930390894412994,0.3385747969150543,3.167236328125,0.11976047605276108,0.26923078298568726,0.237300306558609,1
/home/jovyan/Joel_Pardo/AI4LABOUR/Mejoras/results_coursera/models/simcse_coursera_sup/sentence-transformers/all-MiniLM-L6-v2,D_char_jaccard,67,3574e4789085,coordinate safety or regulatory compliance activities,1676,4abb63e41447,3,0.40391096472740173,0.18473830819129944,1.400814175605774,0.1428571492433548,0.5714285969734192,0.433401882648468,0
/home/jovyan/Joel_Pardo/AI4LABOUR/Mejoras/results_coursera/models/simcse_coursera_sup/sentence-transformers/all-MiniLM-L6-v2,D_char_jaccard,67,3574e4789085,coordinate safety or regulatory compliance activities,3621,917bf810d271,4,0.7565154910087586,0.5228644013404846,5.2833356857299805,0.16438356041908264,0.7142857313156128,0.397818386554718,1
/home/jovyan/Joel_Pardo/AI4LABOUR/Mejoras/results_coursera/models/simcse_coursera_sup/sentence-transformers/all-MiniLM-L6-v2,D_char_jaccard,67,3574e4789085,coordinate safety or regulatory compliance activities,2072,754fdedf8ec1,5,0.4389441192150116,0.3520735502243042,3.322235584259033,0.11688311398029327,0.8571428656578064,0.0,1
/home/jovyan/Joel_Pardo/AI4LABOUR/Mejoras/results_coursera/models/simcse_coursera_sup/sentence-transformers/all-MiniLM-L6-v2,D_char_jaccard,67,3574e4789085,coordinate safety or regulatory compliance activities,3872,4e4ff7039f22,6,1.2284358024597168,0.737633228302002,7.749411582946777,0.37254902720451355,0.4285714328289032,1.0,1
/home/jovyan/Joel_Pardo/AI4LABOUR/Mejoras/results_coursera/models/simcse_coursera_sup/sentence-transformers/all-MiniLM-L6-v2,D_char_jaccard,67,3574e4789085,coordinate safety or regulatory compliance activities,4846,b5246a2317ee,7,0.3802868604660034,0.3236478865146637,2.9958386421203613,0.01315789483487606,0.7142857313156128,0.0,1
/home/jovyan/Joel_Pardo/AI4LABOUR/Mejoras/results_coursera/models/simcse_coursera_sup/sentence-transformers/all-MiniLM-L6-v2,D_char_jaccard,67,3574e4789085,coordinate safety or regulatory compliance activities,1869,243f7993b10e,8,0.3785176157951355,0.3064446747303009,2.7983033657073975,0.010869565419852734,1.0,0.0,1
/home/jovyan/Joel_Pardo/AI4LABOUR/Mejoras/results_coursera/models/simcse_coursera_sup/sentence-transformers/all-MiniLM-L6-v2,D_char_jaccard,67,3574e4789085,coordinate safety or regulatory compliance activities,4735,d4c4823f0990,9,0.41132800579071044,0.36870548129081726,3.5132107734680176,0.032258063554763794,0.4285714328289032,0.0,1
/home/jovyan/Joel_Pardo/AI4LABOUR/Mejoras/results_coursera/models/simcse_coursera_sup/sentence-transformers/all-MiniLM-L6-v2,D_char_jaccard,67,3574e4789085,coordinate safety or regulatory compliance activities,4093,94a2e56a2ee9,10,0.37375845313072203,0.31993407011032104,2.953195095062256,0.028985507786273956,0.5714285969734192,0.0,1
/home/jovyan/Joel_Pardo/AI4LABOUR/Mejoras/results_coursera/models/simcse_coursera_sup/sentence-transformers/all-MiniLM-L6-v2,D_char_jaccard,68,7a9450b42a26,document technical design details,4558,7b0342e1d11a,1,0.9550588011741639,0.5942428112030029,5.962592601776123,0.37037035822868347,0.8333333134651184,0.5899524688720703,1
/home/jovyan/Joel_Pardo/AI4LABOUR/Mejoras/results_coursera/models/simcse_coursera_sup/sentence-transformers/all-MiniLM-L6-v2,D_char_jaccard,68,7a9450b42a26,document technical design details,2266,c9f8e62f3075,2,0.7932834506034852,0.38629433512687683,3.5623514652252197,0.17777778208255768,1.0,0.7529352307319641,1
/home/jovyan/Joel_Pardo/AI4LABOUR/Mejoras/results_coursera/models/simcse_coursera_sup/sentence-transformers/all-MiniLM-L6-v2,D_char_jaccard,68,7a9450b42a26,document technical design details,922,f5a64221d2a6,3,0.6370294570922852,0.3397235870361328,3.0248095989227295,0.13513512909412384,0.6000000238418579,0.5437361001968384,1
/home/jovyan/Joel_Pardo/AI4LABOUR/Mejoras/results_coursera/models/simcse_coursera_sup/sentence-transformers/all-MiniLM-L6-v2,D_char_jaccard,68,7a9450b42a26,document technical design details,4620,8b73e570ffc7,4,0.907955813407898,0.425648957490921,4.0166015625,0.1794871836900711,0.6000000238418579,1.0,1
/home/jovyan/Joel_Pardo/AI4LABOUR/Mejoras/results_coursera/models/simcse_coursera_sup/sentence-transformers/all-MiniLM-L6-v2,D_char_jaccard,68,7a9450b42a26,document technical design details,2695,4c29274ab46c,5,0.75576810836792,0.29225602746009827,2.4769163131713867,0.24242424964904785,0.6000000238418579,0.8803290128707886,1
/home/jovyan/Joel_Pardo/AI4LABOUR/Mejoras/results_coursera/models/simcse_coursera_sup/sentence-transformers/all-MiniLM-L6-v2,D_char_jaccard,68,7a9450b42a26,document technical design details,758,077b37efd178,6,0.7925486445426941,0.3515253961086273,3.161031723022461,0.1702127605676651,0.800000011920929,0.8590565323829651,1
/home/jovyan/Joel_Pardo/AI4LABOUR/Mejoras/results_coursera/models/simcse_coursera_sup/sentence-transformers/all-MiniLM-L6-v2,D_char_jaccard,68,7a9450b42a26,document technical design details,1529,8c8790508d02,7,0.8580976009368897,0.37149733304977417,3.391557455062866,0.17499999701976776,0.6000000238418579,1.0,1
/home/jovyan/Joel_Pardo/AI4LABOUR/Mejoras/results_coursera/models/simcse_coursera_sup/sentence-transformers/all-MiniLM-L6-v2,D_char_jaccard,68,7a9450b42a26,document technical design details,3963,91bd8992e298,8,0.6397586941719056,0.3890415132045746,3.5940606594085693,0.1034482792019844,1.0,0.40939807891845703,1
/home/jovyan/Joel_Pardo/AI4LABOUR/Mejoras/results_coursera/models/simcse_coursera_sup/sentence-transformers/all-MiniLM-L6-v2,D_char_jaccard,68,7a9450b42a26,document technical design details,4729,1d83ab47ce3e,9,0.7130150079727173,0.3922450542449951,3.631037473678589,0.25,0.6000000238418579,0.5437361001968384,1
/home/jovyan/Joel_Pardo/AI4LABOUR/Mejoras/results_coursera/models/simcse_coursera_sup/sentence-transformers/all-MiniLM-L6-v2,D_char_jaccard,68,7a9450b42a26,document technical design details,2079,047e0f25229c,10,0.6161122798919678,0.3903866410255432,3.6095869541168213,0.109375,0.8333333134651184,0.3643847703933716,1
/home/jovyan/Joel_Pardo/AI4LABOUR/Mejoras/results_coursera/models/simcse_coursera_sup/sentence-transformers/all-MiniLM-L6-v2,D_char_jaccard,69,636981831618,identify new applications for existing technologies,2342,d9000beaf680,1,1.0675029039382935,0.6098886728286743,6.575881481170654,0.25925925374031067,0.4285714328289032,0.9558994770050049,1
/home/jovyan/Joel_Pardo/AI4LABOUR/Mejoras/results_coursera/models/simcse_coursera_sup/sentence-transformers/all-MiniLM-L6-v2,D_char_jaccard,69,636981831618,identify new applications for existing technologies,2816,f24d80ca7875,2,0.6926613330841065,0.28562140464782715,2.619666337966919,0.18333333730697632,0.4285714328289032,0.7958503365516663,1
/home/jovyan/Joel_Pardo/AI4LABOUR/Mejoras/results_coursera/models/simcse_coursera_sup/sentence-transformers/all-MiniLM-L6-v2,D_char_jaccard,69,636981831618,identify new applications for existing technologies,4282,b462239f8295,3,0.8981982350349427,0.4013593792915344,4.031724452972412,0.1764705926179886,0.8571428656578064,1.0,1
/home/jovyan/Joel_Pardo/AI4LABOUR/Mejoras/results_coursera/models/simcse_coursera_sup/sentence-transformers/all-MiniLM-L6-v2,D_char_jaccard,69,636981831618,identify new applications for existing technologies,4014,ea2169832de7,4,0.5408861517906189,0.15318571031093597,1.0038878917694092,0.03125,0.5714285969734192,0.7915876507759094,1
/home/jovyan/Joel_Pardo/AI4LABOUR/Mejoras/results_coursera/models/simcse_coursera_sup/sentence-transformers/all-MiniLM-L6-v2,D_char_jaccard,69,636981831618,identify new applications for existing technologies,2278,6f4fc391d1eb,5,0.7366367459297181,0.328824520111084,3.1467649936676025,0.20370370149612427,0.4285714328289032,0.7958503365516663,1
/home/jovyan/Joel_Pardo/AI4LABOUR/Mejoras/results_coursera/models/simcse_coursera_sup/sentence-transformers/all-MiniLM-L6-v2,D_char_jaccard,69,636981831618,identify new applications for existing technologies,691,5a5622ca97ad,6,0.47734659910202026,0.15376096963882446,1.0109063386917114,0.11764705926179886,0.7777777910232544,0.6766526699066162,0
/home/jovyan/Joel_Pardo/AI4LABOUR/Mejoras/results_coursera/models/simcse_coursera_sup/sentence-transformers/all-MiniLM-L6-v2,D_char_jaccard,69,636981831618,identify new applications for existing technologies,3292,3d874392629b,7,0.5699992656707764,0.1798463761806488,1.3291606903076172,0.0517241396009922,0.5714285969734192,0.7915876507759094,1
/home/jovyan/Joel_Pardo/AI4LABOUR/Mejoras/results_coursera/models/simcse_coursera_sup/sentence-transformers/all-MiniLM-L6-v2,D_char_jaccard,69,636981831618,identify new applications for existing technologies,4679,aa2e3ac253d9,8,0.5200661897659302,0.21790555119514465,1.7935006618499756,0.21621622145175934,0.5,0.48724281787872314,1
/home/jovyan/Joel_Pardo/AI4LABOUR/Mejoras/results_coursera/models/simcse_coursera_sup/sentence-transformers/all-MiniLM-L6-v2,D_char_jaccard,69,636981831618,identify new applications for existing technologies,4069,2bfbc5fe989c,9,0.5792371511459351,0.2635343074798584,2.3501932621002197,0.1690140813589096,0.8571428656578064,0.5173640251159668,1
/home/jovyan/Joel_Pardo/AI4LABOUR/Mejoras/results_coursera/models/simcse_coursera_sup/sentence-transformers/all-MiniLM-L6-v2,D_char_jaccard,69,636981831618,identify new applications for existing technologies,2436,ab61345d6450,10,0.4948204457759857,0.17401476204395294,1.258012294769287,0.17741934955120087,0.5714285969734192,0.6632022261619568,0
/home/jovyan/Joel_Pardo/AI4LABOUR/Mejoras/results_coursera/models/simcse_coursera_sup/sentence-transformers/all-MiniLM-L6-v2,D_char_jaccard,70,d5bb4574fc4d,design electronic or computer equipment or instrumentation,2304,4a96d68a92ef,1,1.018319058418274,0.6014796495437622,5.313343524932861,0.2950819730758667,0.5,0.8205423951148987,1
/home/jovyan/Joel_Pardo/AI4LABOUR/Mejoras/results_coursera/models/simcse_coursera_sup/sentence-transformers/all-MiniLM-L6-v2,D_char_jaccard,70,d5bb4574fc4d,design electronic or computer equipment or instrumentation,61,7e243ce316f8,2,0.8970718860626221,0.43685483932495117,3.6132285594940186,0.190476194024086,0.625,0.9375837445259094,1
/home/jovyan/Joel_Pardo/AI4LABOUR/Mejoras/results_coursera/models/simcse_coursera_sup/sentence-transformers/all-MiniLM-L6-v2,D_char_jaccard,70,d5bb4574fc4d,design electronic or computer equipment or instrumentation,3305,566422be97ea,3,0.6686869740486145,0.40336310863494873,3.267352342605591,0.11666666716337204,0.375,0.51935875415802,1
/home/jovyan/Joel_Pardo/AI4LABOUR/Mejoras/results_coursera/models/simcse_coursera_sup/sentence-transformers/all-MiniLM-L6-v2,D_char_jaccard,70,d5bb4574fc4d,design electronic or computer equipment or instrumentation,1841,e649d3f24f2b,4,0.6396451473236084,0.3584694266319275,2.8037257194519043,0.2542372941970825,0.5,0.4461585581302643,1
/home/jovyan/Joel_Pardo/AI4LABOUR/Mejoras/results_coursera/models/simcse_coursera_sup/sentence-transformers/all-MiniLM-L6-v2,D_char_jaccard,70,d5bb4574fc4d,design electronic or computer equipment or instrumentation,658,20a8b555385c,5,0.6120425343513489,0.24808861315250397,1.6637996435165405,0.11864406615495682,0.375,0.725879430770874,1
/home/jovyan/Joel_Pardo/AI4LABOUR/Mejoras/results_coursera/models/simcse_coursera_sup/sentence-transformers/all-MiniLM-L6-v2,D_char_jaccard,70,d5bb4574fc4d,design electronic or computer equipment or instrumentation,2641,414d1ab8da6a,6,0.8304837822914124,0.3592677116394043,2.811969757080078,0.12857143580913544,0.5,1.0,1
/home/jovyan/Joel_Pardo/AI4LABOUR/Mejoras/results_coursera/models/simcse_coursera_sup/sentence-transformers/all-MiniLM-L6-v2,D_char_jaccard,70,d5bb4574fc4d,design electronic or computer equipment or instrumentation,215,f3e87868bbce,7,0.9242546439170838,0.5194070339202881,4.465762615203857,0.2142857164144516,0.5,0.8205423951148987,1
/home/jovyan/Joel_Pardo/AI4LABOUR/Mejoras/results_coursera/models/simcse_coursera_sup/sentence-transformers/all-MiniLM-L6-v2,D_char_jaccard,70,d5bb4574fc4d,design electronic or computer equipment or instrumentation,3365,7f63be1febb9,8,0.643725860118866,0.41728508472442627,3.4111275672912598,0.05882352963089943,0.5,0.4461585581302643,1
/home/jovyan/Joel_Pardo/AI4LABOUR/Mejoras/results_coursera/models/simcse_coursera_sup/sentence-transformers/all-MiniLM-L6-v2,D_char_jaccard,70,d5bb4574fc4d,design electronic or computer equipment or instrumentation,1032,d2b35b892204,9,0.6865747451782227,0.3159661293029785,2.3647851943969727,0.17241379618644714,0.375,0.725879430770874,1
/home/jovyan/Joel_Pardo/AI4LABOUR/Mejoras/results_coursera/models/simcse_coursera_sup/sentence-transformers/all-MiniLM-L6-v2,D_char_jaccard,70,d5bb4574fc4d,design electronic or computer equipment or instrumentation,1520,69f05b8873bb,10,0.6523110151290894,0.33114635944366455,2.521554708480835,0.11940298229455948,0.5,0.6235714554786682,1
/home/jovyan/Joel_Pardo/AI4LABOUR/Mejoras/results_coursera/models/simcse_coursera_sup/sentence-transformers/all-MiniLM-L6-v2,D_char_jaccard,71,1cb040da80f9,evaluate plans or specifications to determine technological or environmental implications,5020,d5543f5402aa,1,0.8818085670471192,0.5061119198799133,4.59378719329834,0.1875,0.27272728085517883,0.7894912362098694,1
/home/jovyan/Joel_Pardo/AI4LABOUR/Mejoras/results_coursera/models/simcse_coursera_sup/sentence-transformers/all-MiniLM-L6-v2,D_char_jaccard,71,1cb040da80f9,evaluate plans or specifications to determine technological or environmental implications,3331,bd1098fcfc05,2,0.6492089629173279,0.27287641167640686,2.0926272869110107,0.05747126415371895,0.3636363744735718,0.9276764988899231,0
/home/jovyan/Joel_Pardo/AI4LABOUR/Mejoras/results_coursera/models/simcse_coursera_sup/sentence-transformers/all-MiniLM-L6-v2,D_char_jaccard,71,1cb040da80f9,evaluate plans or specifications to determine technological or environmental implications,1337,284a65d8619b,3,0.6149561405181885,0.18406453728675842,1.1402308940887451,0.2016129046678543,0.9166666865348816,0.8826537132263184,0
/home/jovyan/Joel_Pardo/AI4LABOUR/Mejoras/results_coursera/models/simcse_coursera_sup/sentence-transformers/all-MiniLM-L6-v2,D_char_jaccard,71,1cb040da80f9,evaluate plans or specifications to determine technological or environmental implications,2623,5b9cd334c378,4,0.5365166246891022,0.21486906707286835,1.4705710411071777,0.03846153989434242,1.0,0.5837976336479187,1
/home/jovyan/Joel_Pardo/AI4LABOUR/Mejoras/results_coursera/models/simcse_coursera_sup/sentence-transformers/all-MiniLM-L6-v2,D_char_jaccard,71,1cb040da80f9,evaluate plans or specifications to determine technological or environmental implications,2382,2c9191489a0d,5,0.5806516885757447,0.29980480670928955,2.3814008235931396,0.1428571492433548,0.7333333492279053,0.47111600637435913,1
/home/jovyan/Joel_Pardo/AI4LABOUR/Mejoras/results_coursera/models/simcse_coursera_sup/sentence-transformers/all-MiniLM-L6-v2,D_char_jaccard,71,1cb040da80f9,evaluate plans or specifications to determine technological or environmental implications,4507,4308d262ba90,6,0.6574770092964173,0.3309039771556854,2.714900493621826,0.0917431190609932,0.5454545617103577,0.6486372947692871,1
/home/jovyan/Joel_Pardo/AI4LABOUR/Mejoras/results_coursera/models/simcse_coursera_sup/sentence-transformers/all-MiniLM-L6-v2,D_char_jaccard,71,1cb040da80f9,evaluate plans or specifications to determine technological or environmental implications,3161,8582ddf1573d,7,0.8036990642547608,0.3426933288574219,2.841326951980591,0.14473684132099152,0.1818181872367859,1.0,1
/home/jovyan/Joel_Pardo/AI4LABOUR/Mejoras/results_coursera/models/simcse_coursera_sup/sentence-transformers/all-MiniLM-L6-v2,D_char_jaccard,71,1cb040da80f9,evaluate plans or specifications to determine technological or environmental implications,3946,d77de4fdc1c2,8,0.4638678014278412,0.16700342297554016,0.9572717547416687,0.09923664480447769,0.7857142686843872,0.4986746311187744,1
/home/jovyan/Joel_Pardo/AI4LABOUR/Mejoras/results_coursera/models/simcse_coursera_sup/sentence-transformers/all-MiniLM-L6-v2,D_char_jaccard,71,1cb040da80f9,evaluate plans or specifications to determine technological or environmental implications,4312,e1d150ca0e67,9,0.5321311831474305,0.35629647970199585,2.987203598022461,0.09259258955717087,0.7272727489471436,0.2548814117908478,1
/home/jovyan/Joel_Pardo/AI4LABOUR/Mejoras/results_coursera/models/simcse_coursera_sup/sentence-transformers/all-MiniLM-L6-v2,D_char_jaccard,71,1cb040da80f9,evaluate plans or specifications to determine technological or environmental implications,2149,ce5275d1f549,10,0.4561404883861542,0.1458798050880432,0.7307472825050354,0.0824742242693901,0.4545454680919647,0.703757107257843,0
/home/jovyan/Joel_Pardo/AI4LABOUR/Mejoras/results_coursera/models/simcse_coursera_sup/sentence-transformers/all-MiniLM-L6-v2,D_char_jaccard,72,91e3b64a6f04,advise others regarding green practices or environmental concerns,4247,310c23fd2d02,1,1.1289276361465455,0.6292511224746704,7.053873538970947,0.31707316637039185,0.6666666865348816,1.0,1
/home/jovyan/Joel_Pardo/AI4LABOUR/Mejoras/results_coursera/models/simcse_coursera_sup/sentence-transformers/all-MiniLM-L6-v2,D_char_jaccard,72,91e3b64a6f04,advise others regarding green practices or environmental concerns,4258,2edf95aa0513,2,0.3958870768547058,0.11039885878562927,0.8909751176834106,0.12162162363529205,0.4444444477558136,0.6097512245178223,0
/home/jovyan/Joel_Pardo/AI4LABOUR/Mejoras/results_coursera/models/simcse_coursera_sup/sentence-transformers/all-MiniLM-L6-v2,D_char_jaccard,72,91e3b64a6f04,advise others regarding green practices or environmental concerns,2409,e51f982823a7,3,0.651041853427887,0.31195560097694397,3.285054922103882,0.05882352963089943,0.3333333432674408,0.7222732305526733,1
/home/jovyan/Joel_Pardo/AI4LABOUR/Mejoras/results_coursera/models/simcse_coursera_sup/sentence-transformers/all-MiniLM-L6-v2,D_char_jaccard,72,91e3b64a6f04,advise others regarding green practices or environmental concerns,1556,62317ddbee32,4,0.5166522443294526,0.2160136103630066,2.145461320877075,0.10465116053819656,0.6666666865348816,0.5318596363067627,1
/home/jovyan/Joel_Pardo/AI4LABOUR/Mejoras/results_coursera/models/simcse_coursera_sup/sentence-transformers/all-MiniLM-L6-v2,D_char_jaccard,72,91e3b64a6f04,advise others regarding green practices or environmental concerns,2622,62c0405486a6,5,0.4406049132347107,0.2400875687599182,2.431410551071167,0.1037735864520073,0.692307710647583,0.28491830825805664,1
/home/jovyan/Joel_Pardo/AI4LABOUR/Mejoras/results_coursera/models/simcse_coursera_sup/sentence-transformers/all-MiniLM-L6-v2,D_char_jaccard,72,91e3b64a6f04,advise others regarding green practices or environmental concerns,3179,5ffef7f46939,6,0.6448077440261841,0.33231085538864136,3.5268335342407227,0.1184210553765297,0.4444444477558136,0.6097512245178223,1
/home/jovyan/Joel_Pardo/AI4LABOUR/Mejoras/results_coursera/models/simcse_coursera_sup/sentence-transformers/all-MiniLM-L6-v2,D_char_jaccard,72,91e3b64a6f04,advise others regarding green practices or environmental concerns,2623,5b9cd334c378,7,0.4614912450313568,0.2601567506790161,2.6697912216186523,0.02521008439362049,0.8181818127632141,0.325346440076828,1
/home/jovyan/Joel_Pardo/AI4LABOUR/Mejoras/results_coursera/models/simcse_coursera_sup/sentence-transformers/all-MiniLM-L6-v2,D_char_jaccard,72,91e3b64a6f04,advise others regarding green practices or environmental concerns,1334,51d17dc5df8a,8,0.5138471603393555,0.24438132345676422,2.4824113845825195,0.07547169923782349,0.8888888955116272,0.4514789879322052,1
/home/jovyan/Joel_Pardo/AI4LABOUR/Mejoras/results_coursera/models/simcse_coursera_sup/sentence-transformers/all-MiniLM-L6-v2,D_char_jaccard,72,91e3b64a6f04,advise others regarding green practices or environmental concerns,4480,7fb0a83a1950,9,0.7170275330543519,0.41475844383239746,4.506141185760498,0.09333333373069763,0.4444444477558136,0.6204735636711121,1
/home/jovyan/Joel_Pardo/AI4LABOUR/Mejoras/results_coursera/models/simcse_coursera_sup/sentence-transformers/all-MiniLM-L6-v2,D_char_jaccard,72,91e3b64a6f04,advise others regarding green practices or environmental concerns,2974,cdc6a5d1a136,10,0.38579933643341063,0.3117544949054718,3.2826662063598633,0.043103449046611786,0.8888888955116272,0.0,1
/home/jovyan/Joel_Pardo/AI4LABOUR/Mejoras/results_coursera/models/simcse_coursera_sup/sentence-transformers/all-MiniLM-L6-v2,D_char_jaccard,73,a40c650a049f,"select tools, equipment, or technologies for use in operations or projects",4483,d8ed544e2272,1,0.8233451128005982,0.43126970529556274,3.8986613750457764,0.24242424964904785,0.25,0.7802407741546631,1
/home/jovyan/Joel_Pardo/AI4LABOUR/Mejoras/results_coursera/models/simcse_coursera_sup/sentence-transformers/all-MiniLM-L6-v2,D_char_jaccard,73,a40c650a049f,"select tools, equipment, or technologies for use in operations or projects",3477,3f64988b53ad,2,0.7744448065757752,0.3234572410583496,2.7121639251708984,0.0833333358168602,0.25,1.0,1
/home/jovyan/Joel_Pardo/AI4LABOUR/Mejoras/results_coursera/models/simcse_coursera_sup/sentence-transformers/all-MiniLM-L6-v2,D_char_jaccard,73,a40c650a049f,"select tools, equipment, or technologies for use in operations or projects",2641,414d1ab8da6a,3,0.6798765659332275,0.2657860517501831,2.077481269836426,0.16249999403953552,0.3333333432674408,0.958443820476532,0
/home/jovyan/Joel_Pardo/AI4LABOUR/Mejoras/results_coursera/models/simcse_coursera_sup/sentence-transformers/all-MiniLM-L6-v2,D_char_jaccard,73,a40c650a049f,"select tools, equipment, or technologies for use in operations or projects",4716,8c1a0bd04eb9,4,0.6196574449539185,0.36954641342163086,3.2193844318389893,0.06185567006468773,0.5833333134651184,0.48108789324760437,1
/home/jovyan/Joel_Pardo/AI4LABOUR/Mejoras/results_coursera/models/simcse_coursera_sup/sentence-transformers/all-MiniLM-L6-v2,D_char_jaccard,73,a40c650a049f,"select tools, equipment, or technologies for use in operations or projects",4415,859f5dcf8041,5,0.7157586693763733,0.4349484145641327,3.9391462802886963,0.10569106042385101,0.9230769276618958,0.504321277141571,1
/home/jovyan/Joel_Pardo/AI4LABOUR/Mejoras/results_coursera/models/simcse_coursera_sup/sentence-transformers/all-MiniLM-L6-v2,D_char_jaccard,73,a40c650a049f,"select tools, equipment, or technologies for use in operations or projects",1337,284a65d8619b,6,0.7192149043083191,0.24611476063728333,1.860994815826416,0.21929824352264404,1.0,0.8572176098823547,1
/home/jovyan/Joel_Pardo/AI4LABOUR/Mejoras/results_coursera/models/simcse_coursera_sup/sentence-transformers/all-MiniLM-L6-v2,D_char_jaccard,73,a40c650a049f,"select tools, equipment, or technologies for use in operations or projects",4348,b75ac8ea7b39,7,0.5946339249610901,0.17191559076309204,1.0444183349609375,0.13750000298023224,0.5,0.8263372778892517,1
/home/jovyan/Joel_Pardo/AI4LABOUR/Mejoras/results_coursera/models/simcse_coursera_sup/sentence-transformers/all-MiniLM-L6-v2,D_char_jaccard,73,a40c650a049f,"select tools, equipment, or technologies for use in operations or projects",4849,c9f5b58019da,8,0.5019281387329102,0.22013679146766663,1.5751022100448608,0.024096384644508362,0.3333333432674408,0.5777856111526489,1
/home/jovyan/Joel_Pardo/AI4LABOUR/Mejoras/results_coursera/models/simcse_coursera_sup/sentence-transformers/all-MiniLM-L6-v2,D_char_jaccard,73,a40c650a049f,"select tools, equipment, or technologies for use in operations or projects",300,e59b2ba87d09,9,0.6731232881546021,0.2935759425163269,2.383314371109009,0.13750000298023224,0.3333333432674408,0.7696582078933716,1
/home/jovyan/Joel_Pardo/AI4LABOUR/Mejoras/results_coursera/models/simcse_coursera_sup/sentence-transformers/all-MiniLM-L6-v2,D_char_jaccard,73,a40c650a049f,"select tools, equipment, or technologies for use in operations or projects",754,2af854050699,10,0.5332295775413514,0.3183150887489319,2.655573606491089,0.11340206116437912,0.5,0.35848867893218994,1
/home/jovyan/Joel_Pardo/AI4LABOUR/Mejoras/results_coursera/models/simcse_coursera_sup/sentence-transformers/all-MiniLM-L6-v2,D_char_jaccard,74,318da22b73fb,install production equipment or systems,4993,36ac737cbc98,1,0.911583948135376,0.48758065700531006,4.990183353424072,0.260869562625885,0.5,0.8313600420951843,1
/home/jovyan/Joel_Pardo/AI4LABOUR/Mejoras/results_coursera/models/simcse_coursera_sup/sentence-transformers/all-MiniLM-L6-v2,D_char_jaccard,74,318da22b73fb,install production equipment or systems,4476,70a120132f53,2,0.5808240056037903,0.23237183690071106,2.0381627082824707,0.17073170840740204,0.5,0.6350160837173462,1
/home/jovyan/Joel_Pardo/AI4LABOUR/Mejoras/results_coursera/models/simcse_coursera_sup/sentence-transformers/all-MiniLM-L6-v2,D_char_jaccard,74,318da22b73fb,install production equipment or systems,2641,414d1ab8da6a,3,0.7228044867515564,0.2575320303440094,2.329192638397217,0.23076923191547394,0.6666666865348816,1.0,0
/home/jovyan/Joel_Pardo/AI4LABOUR/Mejoras/results_coursera/models/simcse_coursera_sup/sentence-transformers/all-MiniLM-L6-v2,D_char_jaccard,74,318da22b73fb,install production equipment or systems,4420,6bc76a3eb886,4,0.5968093156814576,0.3060340881347656,2.8902196884155273,0.1538461595773697,0.8333333134651184,0.4781259596347809,1
/home/jovyan/Joel_Pardo/AI4LABOUR/Mejoras/results_coursera/models/simcse_coursera_sup/sentence-transformers/all-MiniLM-L6-v2,D_char_jaccard,74,318da22b73fb,install production equipment or systems,988,3b90c12a006f,5,0.5190158665180207,0.2076271027326584,1.7519382238388062,0.12244898080825806,0.6666666865348816,0.545514702796936,1
/home/jovyan/Joel_Pardo/AI4LABOUR/Mejoras/results_coursera/models/simcse_coursera_sup/sentence-transformers/all-MiniLM-L6-v2,D_char_jaccard,74,318da22b73fb,install production equipment or systems,1873,0084fa936ea8,6,0.5196397185325623,0.2213585376739502,1.9107710123062134,0.15000000596046448,0.8333333134651184,0.4781259596347809,1
/home/jovyan/Joel_Pardo/AI4LABOUR/Mejoras/results_coursera/models/simcse_coursera_sup/sentence-transformers/all-MiniLM-L6-v2,D_char_jaccard,74,318da22b73fb,install production equipment or systems,3649,78978c6ace8e,7,0.5871489524841309,0.2741342782974243,2.5212321281433105,0.15555556118488312,0.6666666865348816,0.545514702796936,1
/home/jovyan/Joel_Pardo/AI4LABOUR/Mejoras/results_coursera/models/simcse_coursera_sup/sentence-transformers/all-MiniLM-L6-v2,D_char_jaccard,74,318da22b73fb,install production equipment or systems,112,59eb32e7d575,8,0.7127805233001709,0.3264144957065582,3.1259615421295166,0.20000000298023224,0.6666666865348816,0.7141852974891663,1
/home/jovyan/Joel_Pardo/AI4LABOUR/Mejoras/results_coursera/models/simcse_coursera_sup/sentence-transformers/all-MiniLM-L6-v2,D_char_jaccard,74,318da22b73fb,install production equipment or systems,2235,373b347cdc67,9,0.5999630570411683,0.3225114047527313,3.0808141231536865,0.1071428582072258,0.8333333134651184,0.4781259596347809,1
/home/jovyan/Joel_Pardo/AI4LABOUR/Mejoras/results_coursera/models/simcse_coursera_sup/sentence-transformers/all-MiniLM-L6-v2,D_char_jaccard,74,318da22b73fb,install production equipment or systems,620,5f10fa09479b,10,0.6593926429748536,0.3387511968612671,3.2686610221862793,0.10204081982374191,0.5,0.6350160837173462,1
/home/jovyan/Joel_Pardo/AI4LABOUR/Mejoras/results_coursera/models/simcse_coursera_sup/sentence-transformers/all-MiniLM-L6-v2,D_char_jaccard,75,f634ee56b726,design industrial equipment,107,20be59e19f80,1,1.0352089285850525,0.5192797183990479,4.804727554321289,0.3214285671710968,0.75,1.0,1
/home/jovyan/Joel_Pardo/AI4LABOUR/Mejoras/results_coursera/models/simcse_coursera_sup/sentence-transformers/all-MiniLM-L6-v2,D_char_jaccard,75,f634ee56b726,design industrial equipment,4214,8f9461da4c06,2,0.6343455195426941,0.37177586555480957,3.2329912185668945,0.13513512909412384,0.75,0.4461585581302643,1
/home/jovyan/Joel_Pardo/AI4LABOUR/Mejoras/results_coursera/models/simcse_coursera_sup/sentence-transformers/all-MiniLM-L6-v2,D_char_jaccard,75,f634ee56b726,design industrial equipment,2641,414d1ab8da6a,3,0.8003169178962708,0.33818745613098145,2.8750877380371094,0.20930232107639313,1.0,0.8590565323829651,1
/home/jovyan/Joel_Pardo/AI4LABOUR/Mejoras/results_coursera/models/simcse_coursera_sup/sentence-transformers/all-MiniLM-L6-v2,D_char_jaccard,75,f634ee56b726,design industrial equipment,61,7e243ce316f8,4,0.6704072833061219,0.4632956385612488,4.20818567276001,0.11627907305955887,0.800000011920929,0.3359284996986389,1
/home/jovyan/Joel_Pardo/AI4LABOUR/Mejoras/results_coursera/models/simcse_coursera_sup/sentence-transformers/all-MiniLM-L6-v2,D_char_jaccard,75,f634ee56b726,design industrial equipment,3365,7f63be1febb9,5,0.6411204814910889,0.4038001298904419,3.5742275714874268,0.09756097197532654,1.0,0.38327541947364807,1
/home/jovyan/Joel_Pardo/AI4LABOUR/Mejoras/results_coursera/models/simcse_coursera_sup/sentence-transformers/all-MiniLM-L6-v2,D_char_jaccard,75,f634ee56b726,design industrial equipment,2512,5de07ec45ece,6,0.5808348536491394,0.3598386347293854,3.105792999267578,0.1304347813129425,0.800000011920929,0.3359284996986389,1
/home/jovyan/Joel_Pardo/AI4LABOUR/Mejoras/results_coursera/models/simcse_coursera_sup/sentence-transformers/all-MiniLM-L6-v2,D_char_jaccard,75,f634ee56b726,design industrial equipment,1841,e649d3f24f2b,7,0.5957238554954529,0.3546198606491089,3.0501842498779297,0.09302325546741486,1.0,0.38327541947364807,1
/home/jovyan/Joel_Pardo/AI4LABOUR/Mejoras/results_coursera/models/simcse_coursera_sup/sentence-transformers/all-MiniLM-L6-v2,D_char_jaccard,75,f634ee56b726,design industrial equipment,2190,18691e5ad816,8,0.6091193437576294,0.36062127351760864,3.1141326427459717,0.125,1.0,0.38327541947364807,1
/home/jovyan/Joel_Pardo/AI4LABOUR/Mejoras/results_coursera/models/simcse_coursera_sup/sentence-transformers/all-MiniLM-L6-v2,D_char_jaccard,75,f634ee56b726,design industrial equipment,1268,41400dedd9f3,9,0.9226613521575928,0.7106547355651855,6.843935489654541,0.1190476194024086,1.0,0.38327541947364807,1
/home/jovyan/Joel_Pardo/AI4LABOUR/Mejoras/results_coursera/models/simcse_coursera_sup/sentence-transformers/all-MiniLM-L6-v2,D_char_jaccard,75,f634ee56b726,design industrial equipment,3305,566422be97ea,10,0.5978171706199646,0.3197067379951477,2.6781654357910156,0.1764705926179886,0.75,0.4461585581302643,1
/home/jovyan/Joel_Pardo/AI4LABOUR/Mejoras/results_coursera/models/simcse_coursera_sup/sentence-transformers/all-MiniLM-L6-v2,D_char_jaccard,76,298036041aa4,"investigate system, equipment, or product failures",4508,ecc817d35eef,1,0.8370830297470093,0.47850364446640015,4.5023369789123535,0.1320754736661911,0.4285714328289032,0.7549557089805603,1
/home/jovyan/Joel_Pardo/AI4LABOUR/Mejoras/results_coursera/models/simcse_coursera_sup/sentence-transformers/all-MiniLM-L6-v2,D_char_jaccard,76,298036041aa4,"investigate system, equipment, or product failures",4435,4ac0fab7ab75,2,0.7632285833358765,0.4499487280845642,4.171611309051514,0.09090909361839294,0.4285714328289032,0.660297155380249,1
/home/jovyan/Joel_Pardo/AI4LABOUR/Mejoras/results_coursera/models/simcse_coursera_sup/sentence-transformers/all-MiniLM-L6-v2,D_char_jaccard,76,298036041aa4,"investigate system, equipment, or product failures",2641,414d1ab8da6a,3,0.7448383569717407,0.3073159456253052,2.5196242332458496,0.1587301641702652,0.5714285969734192,1.0,0
/home/jovyan/Joel_Pardo/AI4LABOUR/Mejoras/results_coursera/models/simcse_coursera_sup/sentence-transformers/all-MiniLM-L6-v2,D_char_jaccard,76,298036041aa4,"investigate system, equipment, or product failures",938,e06f4f123396,4,0.5465131580829621,0.24578604102134705,1.8069788217544556,0.0793650820851326,0.5714285969734192,0.5672325491905212,1
/home/jovyan/Joel_Pardo/AI4LABOUR/Mejoras/results_coursera/models/simcse_coursera_sup/sentence-transformers/all-MiniLM-L6-v2,D_char_jaccard,76,298036041aa4,"investigate system, equipment, or product failures",1822,39932b592d9d,5,0.48903398513793944,0.2899075746536255,2.3179988861083984,0.09655172377824783,0.3888888955116272,0.33633700013160706,1
/home/jovyan/Joel_Pardo/AI4LABOUR/Mejoras/results_coursera/models/simcse_coursera_sup/sentence-transformers/all-MiniLM-L6-v2,D_char_jaccard,76,298036041aa4,"investigate system, equipment, or product failures",1515,42f8980c5d90,6,0.5881681323051453,0.2466760128736496,1.817286729812622,0.12244898080825806,0.4285714328289032,0.660297155380249,1
/home/jovyan/Joel_Pardo/AI4LABOUR/Mejoras/results_coursera/models/simcse_coursera_sup/sentence-transformers/all-MiniLM-L6-v2,D_char_jaccard,76,298036041aa4,"investigate system, equipment, or product failures",4814,c41dafcf06d0,7,0.4902989149093628,0.4574750065803528,4.258781433105469,0.0,0.5714285969734192,0.0,1
/home/jovyan/Joel_Pardo/AI4LABOUR/Mejoras/results_coursera/models/simcse_coursera_sup/sentence-transformers/all-MiniLM-L6-v2,D_char_jaccard,76,298036041aa4,"investigate system, equipment, or product failures",3004,58d39ad598a3,8,0.5018394768238068,0.142840176820755,0.614649772644043,0.15094339847564697,0.4285714328289032,0.660297155380249,1
/home/jovyan/Joel_Pardo/AI4LABOUR/Mejoras/results_coursera/models/simcse_coursera_sup/sentence-transformers/all-MiniLM-L6-v2,D_char_jaccard,76,298036041aa4,"investigate system, equipment, or product failures",4630,6f1fb85bdd0f,9,0.5358895242214203,0.23498409986495972,1.6818697452545166,0.07575757801532745,0.5714285969734192,0.5672325491905212,1
/home/jovyan/Joel_Pardo/AI4LABOUR/Mejoras/results_coursera/models/simcse_coursera_sup/sentence-transformers/all-MiniLM-L6-v2,D_char_jaccard,76,298036041aa4,"investigate system, equipment, or product failures",4896,1d892e09d5fd,10,0.5395798683166504,0.2896421551704407,2.314924716949463,0.09375,0.5714285969734192,0.5672325491905212,0
/home/jovyan/Joel_Pardo/AI4LABOUR/Mejoras/results_coursera/models/simcse_coursera_sup/sentence-transformers/all-MiniLM-L6-v2,D_char_jaccard,77,9b108680399f,prepare proposal documents,2820,21f64da1e579,1,1.001424241065979,0.5038973093032837,5.85453462600708,0.2916666567325592,0.5,1.0,1
/home/jovyan/Joel_Pardo/AI4LABOUR/Mejoras/results_coursera/models/simcse_coursera_sup/sentence-transformers/all-MiniLM-L6-v2,D_char_jaccard,77,9b108680399f,prepare proposal documents,4311,dad8075f10c2,2,0.732417631149292,0.46177729964256287,5.3047404289245605,0.145454540848732,0.5714285969734192,0.5047074556350708,1
/home/jovyan/Joel_Pardo/AI4LABOUR/Mejoras/results_coursera/models/simcse_coursera_sup/sentence-transformers/all-MiniLM-L6-v2,D_char_jaccard,77,9b108680399f,prepare proposal documents,3782,0d6b3a3f8dee,3,0.7619444012641907,0.5219086408615112,6.089637279510498,0.15000000596046448,0.4444444477558136,0.45626100897789,1
/home/jovyan/Joel_Pardo/AI4LABOUR/Mejoras/results_coursera/models/simcse_coursera_sup/sentence-transformers/all-MiniLM-L6-v2,D_char_jaccard,77,9b108680399f,prepare proposal documents,2489,0b71467e6421,4,0.47293548583984374,0.37924206256866455,4.227405071258545,0.1764705926179886,0.75,0.0,1
/home/jovyan/Joel_Pardo/AI4LABOUR/Mejoras/results_coursera/models/simcse_coursera_sup/sentence-transformers/all-MiniLM-L6-v2,D_char_jaccard,77,9b108680399f,prepare proposal documents,4310,506583358173,5,0.5525941729545594,0.26269492506980896,2.706111192703247,0.1428571492433548,0.5714285969734192,0.5047074556350708,1
/home/jovyan/Joel_Pardo/AI4LABOUR/Mejoras/results_coursera/models/simcse_coursera_sup/sentence-transformers/all-MiniLM-L6-v2,D_char_jaccard,77,9b108680399f,prepare proposal documents,4558,7b0342e1d11a,6,0.679517138004303,0.37107574939727783,4.120810031890869,0.1525423675775528,0.6666666865348816,0.560200035572052,1
/home/jovyan/Joel_Pardo/AI4LABOUR/Mejoras/results_coursera/models/simcse_coursera_sup/sentence-transformers/all-MiniLM-L6-v2,D_char_jaccard,77,9b108680399f,prepare proposal documents,1310,dee03d615f1d,7,0.340046364068985,0.261376291513443,2.688899040222168,0.01923076994717121,1.0,0.0,1
/home/jovyan/Joel_Pardo/AI4LABOUR/Mejoras/results_coursera/models/simcse_coursera_sup/sentence-transformers/all-MiniLM-L6-v2,D_char_jaccard,77,9b108680399f,prepare proposal documents,3498,9e69de35c497,8,0.5694777250289917,0.22868260741233826,2.2621471881866455,0.22499999403953552,0.6666666865348816,0.560200035572052,1
/home/jovyan/Joel_Pardo/AI4LABOUR/Mejoras/results_coursera/models/simcse_coursera_sup/sentence-transformers/all-MiniLM-L6-v2,D_char_jaccard,77,9b108680399f,prepare proposal documents,226,7e56613a2ebc,9,0.6749012351036072,0.347208708524704,3.8092727661132812,0.2199999988079071,0.6666666865348816,0.560200035572052,1
/home/jovyan/Joel_Pardo/AI4LABOUR/Mejoras/results_coursera/models/simcse_coursera_sup/sentence-transformers/all-MiniLM-L6-v2,D_char_jaccard,77,9b108680399f,prepare proposal documents,1704,357ff6cf3fd9,10,0.4281861960887909,0.3710925579071045,4.121029376983643,0.043478261679410934,0.6666666865348816,0.0,1
/home/jovyan/Joel_Pardo/AI4LABOUR/Mejoras/results_coursera/models/simcse_coursera_sup/sentence-transformers/all-MiniLM-L6-v2,D_char_jaccard,78,98d9410b9c2c,supervise production or support personnel,3978,6918d9132472,1,1.0195739150047303,0.5645729899406433,5.6832733154296875,0.1458333283662796,0.5,1.0,1
/home/jovyan/Joel_Pardo/AI4LABOUR/Mejoras/results_coursera/models/simcse_coursera_sup/sentence-transformers/all-MiniLM-L6-v2,D_char_jaccard,78,98d9410b9c2c,supervise production or support personnel,112,59eb32e7d575,2,0.6009176850318909,0.23928441107273102,1.9396435022354126,0.22727273404598236,0.6666666865348816,0.6135255098342896,1
/home/jovyan/Joel_Pardo/AI4LABOUR/Mejoras/results_coursera/models/simcse_coursera_sup/sentence-transformers/all-MiniLM-L6-v2,D_char_jaccard,78,98d9410b9c2c,supervise production or support personnel,4857,c3bc939c82c3,3,0.7073136448860169,0.3383176326751709,3.0793814659118652,0.15555556118488312,0.5,0.7223473191261292,1
/home/jovyan/Joel_Pardo/AI4LABOUR/Mejoras/results_coursera/models/simcse_coursera_sup/sentence-transformers/all-MiniLM-L6-v2,D_char_jaccard,78,98d9410b9c2c,supervise production or support personnel,4874,97baaed1a0ba,4,0.5954601645469666,0.24079622328281403,1.9570424556732178,0.20000000298023224,0.6666666865348816,0.6135255098342896,1
/home/jovyan/Joel_Pardo/AI4LABOUR/Mejoras/results_coursera/models/simcse_coursera_sup/sentence-transformers/all-MiniLM-L6-v2,D_char_jaccard,78,98d9410b9c2c,supervise production or support personnel,985,c88199e702e6,5,0.6132115006446839,0.21962152421474457,1.7133504152297974,0.2195121943950653,0.5,0.7141852974891663,1
/home/jovyan/Joel_Pardo/AI4LABOUR/Mejoras/results_coursera/models/simcse_coursera_sup/sentence-transformers/all-MiniLM-L6-v2,D_char_jaccard,78,98d9410b9c2c,supervise production or support personnel,1150,edd1e4370c68,6,0.5358472049236298,0.2158009558916092,1.6693809032440186,0.12962962687015533,0.8333333134651184,0.5438807606697083,1
/home/jovyan/Joel_Pardo/AI4LABOUR/Mejoras/results_coursera/models/simcse_coursera_sup/sentence-transformers/all-MiniLM-L6-v2,D_char_jaccard,78,98d9410b9c2c,supervise production or support personnel,4791,baded3c66d4d,7,0.4200314164161682,0.34296420216560364,3.132857322692871,0.04545454680919647,1.0,0.0,1
/home/jovyan/Joel_Pardo/AI4LABOUR/Mejoras/results_coursera/models/simcse_coursera_sup/sentence-transformers/all-MiniLM-L6-v2,D_char_jaccard,78,98d9410b9c2c,supervise production or support personnel,2532,046df5a4594b,8,0.7862434267997742,0.4172992408275604,3.9883525371551514,0.20000000298023224,0.5,0.7141852974891663,1
/home/jovyan/Joel_Pardo/AI4LABOUR/Mejoras/results_coursera/models/simcse_coursera_sup/sentence-transformers/all-MiniLM-L6-v2,D_char_jaccard,78,98d9410b9c2c,supervise production or support personnel,4782,373d8167828d,9,0.5156371474266053,0.18400205671787262,1.303418755531311,0.16326530277729034,0.8333333134651184,0.5438807606697083,1
/home/jovyan/Joel_Pardo/AI4LABOUR/Mejoras/results_coursera/models/simcse_coursera_sup/sentence-transformers/all-MiniLM-L6-v2,D_char_jaccard,78,98d9410b9c2c,supervise production or support personnel,3420,8fee66db8c49,10,0.42384204268455505,0.1405416876077652,0.803248941898346,0.1525423675775528,0.8333333134651184,0.5438807606697083,0
/home/jovyan/Joel_Pardo/AI4LABOUR/Mejoras/results_coursera/models/simcse_coursera_sup/sentence-transformers/all-MiniLM-L6-v2,D_char_jaccard,79,5b935f6121b7,perform marketing activities,250,c769c2bd1550,1,1.0469418048858643,0.6465640068054199,5.2817864418029785,0.26923078298568726,0.5,0.8068164587020874,1
/home/jovyan/Joel_Pardo/AI4LABOUR/Mejoras/results_coursera/models/simcse_coursera_sup/sentence-transformers/all-MiniLM-L6-v2,D_char_jaccard,79,5b935f6121b7,perform marketing activities,2233,d334de0d305d,2,0.9030197143554688,0.35416167974472046,2.4535470008850098,0.3870967626571655,0.75,1.0,1
/home/jovyan/Joel_Pardo/AI4LABOUR/Mejoras/results_coursera/models/simcse_coursera_sup/sentence-transformers/all-MiniLM-L6-v2,D_char_jaccard,79,5b935f6121b7,perform marketing activities,5034,f5343082f34b,3,0.7412550330162049,0.38377583026885986,2.73998761177063,0.25641027092933655,1.0,0.5793854594230652,1
/home/jovyan/Joel_Pardo/AI4LABOUR/Mejoras/results_coursera/models/simcse_coursera_sup/sentence-transformers/all-MiniLM-L6-v2,D_char_jaccard,79,5b935f6121b7,perform marketing activities,1910,77b9d1651253,4,0.770627248287201,0.4275766611099243,3.1636478900909424,0.21621622145175934,1.0,0.5793854594230652,1
/home/jovyan/Joel_Pardo/AI4LABOUR/Mejoras/results_coursera/models/simcse_coursera_sup/sentence-transformers/all-MiniLM-L6-v2,D_char_jaccard,79,5b935f6121b7,perform marketing activities,4510,bb73a53780de,5,0.7836771488189698,0.4940375089645386,3.806485414505005,0.18367347121238708,0.800000011920929,0.5078126192092896,1
/home/jovyan/Joel_Pardo/AI4LABOUR/Mejoras/results_coursera/models/simcse_coursera_sup/sentence-transformers/all-MiniLM-L6-v2,D_char_jaccard,79,5b935f6121b7,perform marketing activities,4511,53a9ad06a044,6,0.7726861119270325,0.4015049338340759,2.911471128463745,0.21621622145175934,0.75,0.6744439005851746,1
/home/jovyan/Joel_Pardo/AI4LABOUR/Mejoras/results_coursera/models/simcse_coursera_sup/sentence-transformers/all-MiniLM-L6-v2,D_char_jaccard,79,5b935f6121b7,perform marketing activities,3524,711b7667ca38,7,0.6671870231628418,0.4074428677558899,2.968905210494995,0.145454540848732,0.6666666865348816,0.4519785940647125,1
/home/jovyan/Joel_Pardo/AI4LABOUR/Mejoras/results_coursera/models/simcse_coursera_sup/sentence-transformers/all-MiniLM-L6-v2,D_char_jaccard,79,5b935f6121b7,perform marketing activities,2219,172efc2bed20,8,0.7870013594627381,0.50895756483078,3.950798511505127,0.25925925374031067,0.6666666865348816,0.4519785940647125,1
/home/jovyan/Joel_Pardo/AI4LABOUR/Mejoras/results_coursera/models/simcse_coursera_sup/sentence-transformers/all-MiniLM-L6-v2,D_char_jaccard,79,5b935f6121b7,perform marketing activities,3175,89ed3d47d132,9,0.8076975822448731,0.47882601618766785,3.659353017807007,0.18000000715255737,1.0,0.5793854594230652,1
/home/jovyan/Joel_Pardo/AI4LABOUR/Mejoras/results_coursera/models/simcse_coursera_sup/sentence-transformers/all-MiniLM-L6-v2,D_char_jaccard,79,5b935f6121b7,perform marketing activities,4714,3fd4734503e7,10,0.9206470727920533,0.6038203835487366,4.868351936340332,0.1818181872367859,1.0,0.5793854594230652,1
/home/jovyan/Joel_Pardo/AI4LABOUR/Mejoras/results_coursera/models/simcse_coursera_sup/sentence-transformers/all-MiniLM-L6-v2,D_char_jaccard,80,4e4d6d43dbf9,advise others on logistics topics,4845,537673b823b1,1,1.112451720237732,0.6498001217842102,6.809818744659424,0.21052631735801697,0.5,1.0,1
/home/jovyan/Joel_Pardo/AI4LABOUR/Mejoras/results_coursera/models/simcse_coursera_sup/sentence-transformers/all-MiniLM-L6-v2,D_char_jaccard,80,4e4d6d43dbf9,advise others on logistics topics,1556,62317ddbee32,2,0.6031602501869202,0.2314605563879013,1.7809494733810425,0.1071428582072258,1.0,0.6701500415802002,1
/home/jovyan/Joel_Pardo/AI4LABOUR/Mejoras/results_coursera/models/simcse_coursera_sup/sentence-transformers/all-MiniLM-L6-v2,D_char_jaccard,80,4e4d6d43dbf9,advise others on logistics topics,3456,3d22e9fd0291,3,0.687319564819336,0.23898422718048096,1.8713915348052979,0.1304347813129425,0.8333333134651184,0.869895875453949,1
/home/jovyan/Joel_Pardo/AI4LABOUR/Mejoras/results_coursera/models/simcse_coursera_sup/sentence-transformers/all-MiniLM-L6-v2,D_char_jaccard,80,4e4d6d43dbf9,advise others on logistics topics,5233,ec49dc539281,4,0.5094242572784424,0.19184987246990204,1.3047884702682495,0.05128205195069313,0.6666666865348816,0.6015138626098633,1
/home/jovyan/Joel_Pardo/AI4LABOUR/Mejoras/results_coursera/models/simcse_coursera_sup/sentence-transformers/all-MiniLM-L6-v2,D_char_jaccard,80,4e4d6d43dbf9,advise others on logistics topics,3025,5653d4592b47,5,0.3829499661922455,0.17011845111846924,1.0435545444488525,0.07792207598686218,0.6000000238418579,0.32590705156326294,1
/home/jovyan/Joel_Pardo/AI4LABOUR/Mejoras/results_coursera/models/simcse_coursera_sup/sentence-transformers/all-MiniLM-L6-v2,D_char_jaccard,80,4e4d6d43dbf9,advise others on logistics topics,2449,b23da12a1f47,6,0.4610046327114105,0.16144123673439026,0.9392455816268921,0.05263157933950424,0.8333333134651184,0.5272074341773987,1
/home/jovyan/Joel_Pardo/AI4LABOUR/Mejoras/results_coursera/models/simcse_coursera_sup/sentence-transformers/all-MiniLM-L6-v2,D_char_jaccard,80,4e4d6d43dbf9,advise others on logistics topics,4451,3e4d8275fe68,7,0.45648528933525084,0.23256582021713257,1.7942357063293457,0.023255813866853714,0.75,0.38465526700019836,1
/home/jovyan/Joel_Pardo/AI4LABOUR/Mejoras/results_coursera/models/simcse_coursera_sup/sentence-transformers/all-MiniLM-L6-v2,D_char_jaccard,80,4e4d6d43dbf9,advise others on logistics topics,793,7d2078dcba61,8,0.45881118178367614,0.1369381994009018,0.6446940898895264,0.04651162773370743,0.6666666865348816,0.6015138626098633,1
/home/jovyan/Joel_Pardo/AI4LABOUR/Mejoras/results_coursera/models/simcse_coursera_sup/sentence-transformers/all-MiniLM-L6-v2,D_char_jaccard,80,4e4d6d43dbf9,advise others on logistics topics,4515,4a1caf119652,9,0.44403092861175536,0.14728079736232758,0.7690226435661316,0.0357142873108387,0.8333333134651184,0.5272074341773987,1
/home/jovyan/Joel_Pardo/AI4LABOUR/Mejoras/results_coursera/models/simcse_coursera_sup/sentence-transformers/all-MiniLM-L6-v2,D_char_jaccard,80,4e4d6d43dbf9,advise others on logistics topics,2336,a486ea676cd5,10,0.35231228470802306,0.27717238664627075,2.3304522037506104,0.03999999910593033,0.8571428656578064,0.0,1
/home/jovyan/Joel_Pardo/AI4LABOUR/Mejoras/results_coursera/models/simcse_coursera_sup/sentence-transformers/all-MiniLM-L6-v2,D_char_jaccard,81,e9ce432833f3,identify opportunities to improve operational efficiency,1719,2af2d91166d4,1,0.9820940375328064,0.5360219478607178,5.717944145202637,0.1525423675775528,0.4285714328289032,0.9752752780914307,1
/home/jovyan/Joel_Pardo/AI4LABOUR/Mejoras/results_coursera/models/simcse_coursera_sup/sentence-transformers/all-MiniLM-L6-v2,D_char_jaccard,81,e9ce432833f3,identify opportunities to improve operational efficiency,4058,74fe0528c27f,2,0.6670294284820557,0.3111132085323334,2.9862382411956787,0.130952388048172,0.8571428656578064,0.6535807847976685,1
/home/jovyan/Joel_Pardo/AI4LABOUR/Mejoras/results_coursera/models/simcse_coursera_sup/sentence-transformers/all-MiniLM-L6-v2,D_char_jaccard,81,e9ce432833f3,identify opportunities to improve operational efficiency,2621,3e1289abfafa,3,0.3988002121448517,0.18697023391723633,1.4784172773361206,0.14953270554542542,0.5833333134651184,0.2849428951740265,1
/home/jovyan/Joel_Pardo/AI4LABOUR/Mejoras/results_coursera/models/simcse_coursera_sup/sentence-transformers/all-MiniLM-L6-v2,D_char_jaccard,81,e9ce432833f3,identify opportunities to improve operational efficiency,3165,0b78f857d28c,4,0.8288445353507996,0.35079842805862427,3.4682486057281494,0.2063492089509964,0.4285714328289032,0.9752752780914307,1
/home/jovyan/Joel_Pardo/AI4LABOUR/Mejoras/results_coursera/models/simcse_coursera_sup/sentence-transformers/all-MiniLM-L6-v2,D_char_jaccard,81,e9ce432833f3,identify opportunities to improve operational efficiency,2358,9e8759a3fae4,5,0.39226873517036437,0.2537058889865875,2.288978099822998,0.03703703731298447,0.5833333134651184,0.18876877427101135,1
/home/jovyan/Joel_Pardo/AI4LABOUR/Mejoras/results_coursera/models/simcse_coursera_sup/sentence-transformers/all-MiniLM-L6-v2,D_char_jaccard,81,e9ce432833f3,identify opportunities to improve operational efficiency,3560,5f0ac5f58a14,6,0.43398143649101256,0.25408703088760376,2.293607234954834,0.03529411926865578,0.875,0.25682395696640015,1
/home/jovyan/Joel_Pardo/AI4LABOUR/Mejoras/results_coursera/models/simcse_coursera_sup/sentence-transformers/all-MiniLM-L6-v2,D_char_jaccard,81,e9ce432833f3,identify opportunities to improve operational efficiency,3211,bf363c434df6,7,0.4832949638366699,0.23462843894958496,2.0572662353515625,0.14953270554542542,0.6363636255264282,0.5073200464248657,0
/home/jovyan/Joel_Pardo/AI4LABOUR/Mejoras/results_coursera/models/simcse_coursera_sup/sentence-transformers/all-MiniLM-L6-v2,D_char_jaccard,81,e9ce432833f3,identify opportunities to improve operational efficiency,2538,2e87930e5533,8,0.45174160599708557,0.1685476005077362,1.2546589374542236,0.11594203114509583,0.5714285969734192,0.6062296032905579,0
/home/jovyan/Joel_Pardo/AI4LABOUR/Mejoras/results_coursera/models/simcse_coursera_sup/sentence-transformers/all-MiniLM-L6-v2,D_char_jaccard,81,e9ce432833f3,identify opportunities to improve operational efficiency,4069,2bfbc5fe989c,9,0.48929848074913024,0.18150505423545837,1.4120380878448486,0.1756756752729416,0.8571428656578064,0.4729197025299072,1
/home/jovyan/Joel_Pardo/AI4LABOUR/Mejoras/results_coursera/models/simcse_coursera_sup/sentence-transformers/all-MiniLM-L6-v2,D_char_jaccard,81,e9ce432833f3,identify opportunities to improve operational efficiency,5097,b18de4af858c,10,0.4266765296459198,0.36850860714912415,3.6833536624908447,0.06578947603702545,0.5714285969734192,0.0,1
/home/jovyan/Joel_Pardo/AI4LABOUR/Mejoras/results_coursera/models/simcse_coursera_sup/sentence-transformers/all-MiniLM-L6-v2,D_char_jaccard,82,68d8248a643f,"analyze jobs using observation, survey, or interview techniques",3345,27a06a9e3d5e,1,0.8778314471244812,0.4532759189605713,4.363974571228027,0.035087719559669495,0.2222222238779068,1.0,1
/home/jovyan/Joel_Pardo/AI4LABOUR/Mejoras/results_coursera/models/simcse_coursera_sup/sentence-transformers/all-MiniLM-L6-v2,D_char_jaccard,82,68d8248a643f,"analyze jobs using observation, survey, or interview techniques",2536,62bb27f24dab,2,0.5817988991737366,0.2714952230453491,2.298474073410034,0.07792207598686218,0.4444444477558136,0.6143761873245239,1
/home/jovyan/Joel_Pardo/AI4LABOUR/Mejoras/results_coursera/models/simcse_coursera_sup/sentence-transformers/all-MiniLM-L6-v2,D_char_jaccard,82,68d8248a643f,"analyze jobs using observation, survey, or interview techniques",1414,e1c1a0ab9ad0,3,0.7369693398475647,0.29349690675735474,2.5484702587127686,0.0793650820851326,0.3333333432674408,0.9657856225967407,1
/home/jovyan/Joel_Pardo/AI4LABOUR/Mejoras/results_coursera/models/simcse_coursera_sup/sentence-transformers/all-MiniLM-L6-v2,D_char_jaccard,82,68d8248a643f,"analyze jobs using observation, survey, or interview techniques",5044,fb15c70a8e80,4,0.4577125012874603,0.15434947609901428,0.967394232749939,0.2063492089509964,0.3333333432674408,0.6263599395751953,0
/home/jovyan/Joel_Pardo/AI4LABOUR/Mejoras/results_coursera/models/simcse_coursera_sup/sentence-transformers/all-MiniLM-L6-v2,D_char_jaccard,82,68d8248a643f,"analyze jobs using observation, survey, or interview techniques",1792,0be97b2fe6a9,5,0.7937539696693421,0.3824571371078491,3.5592894554138184,0.1818181872367859,0.4444444477558136,0.8296644687652588,1
/home/jovyan/Joel_Pardo/AI4LABOUR/Mejoras/results_coursera/models/simcse_coursera_sup/sentence-transformers/all-MiniLM-L6-v2,D_char_jaccard,82,68d8248a643f,"analyze jobs using observation, survey, or interview techniques",4551,151c3706a76e,6,0.5910953164100647,0.2530342936515808,2.088710069656372,0.1846153885126114,0.3333333432674408,0.6263599395751953,1
/home/jovyan/Joel_Pardo/AI4LABOUR/Mejoras/results_coursera/models/simcse_coursera_sup/sentence-transformers/all-MiniLM-L6-v2,D_char_jaccard,82,68d8248a643f,"analyze jobs using observation, survey, or interview techniques",2497,a83108244e71,7,0.4407637596130371,0.24799585342407227,2.0314602851867676,0.09243697673082352,0.8181818127632141,0.2588728666305542,1
/home/jovyan/Joel_Pardo/AI4LABOUR/Mejoras/results_coursera/models/simcse_coursera_sup/sentence-transformers/all-MiniLM-L6-v2,D_char_jaccard,82,68d8248a643f,"analyze jobs using observation, survey, or interview techniques",1824,c6d11887da3c,8,0.6966544270515442,0.3440859913825989,3.12329363822937,0.1515151560306549,0.3333333432674408,0.7060788869857788,1
/home/jovyan/Joel_Pardo/AI4LABOUR/Mejoras/results_coursera/models/simcse_coursera_sup/sentence-transformers/all-MiniLM-L6-v2,D_char_jaccard,82,68d8248a643f,"analyze jobs using observation, survey, or interview techniques",500,b5af6cc043a0,9,0.48473458290100097,0.2645818591117859,2.2199203968048096,0.0824742242693901,0.8888888955116272,0.3288697600364685,1
/home/jovyan/Joel_Pardo/AI4LABOUR/Mejoras/results_coursera/models/simcse_coursera_sup/sentence-transformers/all-MiniLM-L6-v2,D_char_jaccard,82,68d8248a643f,"analyze jobs using observation, survey, or interview techniques",416,f0d1198cae4e,10,0.43162559270858764,0.11380027234554291,0.5066500306129456,0.0923076942563057,0.3333333432674408,0.5986543297767639,1
/home/jovyan/Joel_Pardo/AI4LABOUR/Mejoras/results_coursera/models/simcse_coursera_sup/sentence-transformers/all-MiniLM-L6-v2,D_char_jaccard,83,4ffdd533affb,plan facility layouts or designs,4129,c0c66eb294df,1,0.9293631196022034,0.5837544202804565,5.680593490600586,0.06818182021379471,0.5,0.7798467874526978,1
/home/jovyan/Joel_Pardo/AI4LABOUR/Mejoras/results_coursera/models/simcse_coursera_sup/sentence-transformers/all-MiniLM-L6-v2,D_char_jaccard,83,4ffdd533affb,plan facility layouts or designs,4771,1e1ed8101e5b,2,0.7706630110740662,0.3835706114768982,3.485645055770874,0.1304347813129425,0.8333333134651184,0.7529352307319641,1
/home/jovyan/Joel_Pardo/AI4LABOUR/Mejoras/results_coursera/models/simcse_coursera_sup/sentence-transformers/all-MiniLM-L6-v2,D_char_jaccard,83,4ffdd533affb,plan facility layouts or designs,1694,d6c8c0983834,3,0.5097961306571961,0.08593175560235977,0.2221340835094452,0.029411764815449715,0.5,0.8752614855766296,1
/home/jovyan/Joel_Pardo/AI4LABOUR/Mejoras/results_coursera/models/simcse_coursera_sup/sentence-transformers/all-MiniLM-L6-v2,D_char_jaccard,83,4ffdd533affb,plan facility layouts or designs,4828,0207b591a5d5,4,0.8592793822288514,0.37935805320739746,3.43945574760437,0.17142857611179352,0.5,1.0,1
/home/jovyan/Joel_Pardo/AI4LABOUR/Mejoras/results_coursera/models/simcse_coursera_sup/sentence-transformers/all-MiniLM-L6-v2,D_char_jaccard,83,4ffdd533affb,plan facility layouts or designs,2686,2e522a60ddc9,5,0.7002992510795594,0.2666776776313782,2.2039530277252197,0.13333334028720856,0.6666666865348816,0.8590565323829651,1
/home/jovyan/Joel_Pardo/AI4LABOUR/Mejoras/results_coursera/models/simcse_coursera_sup/sentence-transformers/all-MiniLM-L6-v2,D_char_jaccard,83,4ffdd533affb,plan facility layouts or designs,4733,862c21072a84,6,0.4570688188076019,0.4177458584308624,3.860365152359009,0.024390242993831635,0.5,0.0,1
/home/jovyan/Joel_Pardo/AI4LABOUR/Mejoras/results_coursera/models/simcse_coursera_sup/sentence-transformers/all-MiniLM-L6-v2,D_char_jaccard,83,4ffdd533affb,plan facility layouts or designs,4885,5af9467a2e0d,7,0.4550469398498535,0.38523733615875244,3.503920078277588,0.10000000149011612,0.6666666865348816,0.0,1
/home/jovyan/Joel_Pardo/AI4LABOUR/Mejoras/results_coursera/models/simcse_coursera_sup/sentence-transformers/all-MiniLM-L6-v2,D_char_jaccard,83,4ffdd533affb,plan facility layouts or designs,61,7e243ce316f8,8,0.4723831593990326,0.394083172082901,3.6009116172790527,0.1041666641831398,0.8333333134651184,0.0,1
/home/jovyan/Joel_Pardo/AI4LABOUR/Mejoras/results_coursera/models/simcse_coursera_sup/sentence-transformers/all-MiniLM-L6-v2,D_char_jaccard,83,4ffdd533affb,plan facility layouts or designs,3373,f8d0bd176b39,9,0.4628381907939911,0.38406816124916077,3.491100549697876,0.10204081982374191,0.8333333134651184,0.0,1
/home/jovyan/Joel_Pardo/AI4LABOUR/Mejoras/results_coursera/models/simcse_coursera_sup/sentence-transformers/all-MiniLM-L6-v2,D_char_jaccard,83,4ffdd533affb,plan facility layouts or designs,3635,d576be9a21f8,10,0.8620402097702027,0.3883780539035797,3.5383570194244385,0.15000000596046448,0.5,1.0,1
/home/jovyan/Joel_Pardo/AI4LABOUR/Mejoras/results_coursera/models/simcse_coursera_sup/sentence-transformers/all-MiniLM-L6-v2,D_char_jaccard,84,c6940290ea74,develop technical specifications for systems or equipment,4558,7b0342e1d11a,1,0.9701016426086426,0.6438862681388855,5.7293829917907715,0.31081080436706543,0.75,0.5635031461715698,1
/home/jovyan/Joel_Pardo/AI4LABOUR/Mejoras/results_coursera/models/simcse_coursera_sup/sentence-transformers/all-MiniLM-L6-v2,D_char_jaccard,84,c6940290ea74,develop technical specifications for systems or equipment,2641,414d1ab8da6a,2,0.6482395529747009,0.2083614319562912,1.319092035293579,0.1428571492433548,0.5,1.0,0
/home/jovyan/Joel_Pardo/AI4LABOUR/Mejoras/results_coursera/models/simcse_coursera_sup/sentence-transformers/all-MiniLM-L6-v2,D_char_jaccard,84,c6940290ea74,develop technical specifications for systems or equipment,544,92b241db84c0,3,0.6161212801933289,0.21329444646835327,1.3690458536148071,0.1690140813589096,0.875,0.720382034778595,1
/home/jovyan/Joel_Pardo/AI4LABOUR/Mejoras/results_coursera/models/simcse_coursera_sup/sentence-transformers/all-MiniLM-L6-v2,D_char_jaccard,84,c6940290ea74,develop technical specifications for systems or equipment,3592,fd4ea4fecf63,4,0.5170180797576904,0.17281347513198853,0.9591199159622192,0.1269841343164444,0.5,0.7618498802185059,0
/home/jovyan/Joel_Pardo/AI4LABOUR/Mejoras/results_coursera/models/simcse_coursera_sup/sentence-transformers/all-MiniLM-L6-v2,D_char_jaccard,84,c6940290ea74,develop technical specifications for systems or equipment,1590,23d808f3f130,5,0.5766665816307068,0.25125816464424133,1.7534809112548828,0.1111111119389534,0.375,0.6350160837173462,1
/home/jovyan/Joel_Pardo/AI4LABOUR/Mejoras/results_coursera/models/simcse_coursera_sup/sentence-transformers/all-MiniLM-L6-v2,D_char_jaccard,84,c6940290ea74,develop technical specifications for systems or equipment,3813,d4fec0ffd15c,6,0.5012977302074433,0.31623369455337524,2.4114480018615723,0.13513512909412384,0.7272727489471436,0.24134992063045502,1
/home/jovyan/Joel_Pardo/AI4LABOUR/Mejoras/results_coursera/models/simcse_coursera_sup/sentence-transformers/all-MiniLM-L6-v2,D_char_jaccard,84,c6940290ea74,develop technical specifications for systems or equipment,2695,4c29274ab46c,7,0.7378647208213807,0.3300621509552002,2.551480293273926,0.1428571492433548,0.375,0.8408612012863159,1
/home/jovyan/Joel_Pardo/AI4LABOUR/Mejoras/results_coursera/models/simcse_coursera_sup/sentence-transformers/all-MiniLM-L6-v2,D_char_jaccard,84,c6940290ea74,develop technical specifications for systems or equipment,2337,421e3510a425,8,0.6185742497444153,0.27714186906814575,2.0155892372131348,0.1756756752729416,0.75,0.5943191051483154,1
/home/jovyan/Joel_Pardo/AI4LABOUR/Mejoras/results_coursera/models/simcse_coursera_sup/sentence-transformers/all-MiniLM-L6-v2,D_char_jaccard,84,c6940290ea74,develop technical specifications for systems or equipment,3917,d23e50a9caf6,9,0.6738849759101868,0.4284837245941162,3.5481348037719727,0.16455696523189545,0.875,0.3834010660648346,1
/home/jovyan/Joel_Pardo/AI4LABOUR/Mejoras/results_coursera/models/simcse_coursera_sup/sentence-transformers/all-MiniLM-L6-v2,D_char_jaccard,84,c6940290ea74,develop technical specifications for systems or equipment,2728,b12a99169d3e,10,0.5570144534111023,0.3398434817790985,2.6505298614501953,0.10280373692512512,0.6153846383094788,0.36171287298202515,1
/home/jovyan/Joel_Pardo/AI4LABOUR/Mejoras/results_coursera/models/simcse_coursera_sup/sentence-transformers/all-MiniLM-L6-v2,D_char_jaccard,85,e9ceea91a9c3,analyze logistics processes,4845,537673b823b1,1,1.1576852083206177,0.6665252447128296,6.586806774139404,0.28125,0.75,1.0,1
/home/jovyan/Joel_Pardo/AI4LABOUR/Mejoras/results_coursera/models/simcse_coursera_sup/sentence-transformers/all-MiniLM-L6-v2,D_char_jaccard,85,e9ceea91a9c3,analyze logistics processes,2536,62bb27f24dab,2,0.6849416971206665,0.286249577999115,2.367900848388672,0.13333334028720856,1.0,0.7349593043327332,1
/home/jovyan/Joel_Pardo/AI4LABOUR/Mejoras/results_coursera/models/simcse_coursera_sup/sentence-transformers/all-MiniLM-L6-v2,D_char_jaccard,85,e9ceea91a9c3,analyze logistics processes,2515,d7bcb433bafc,3,0.6523231744766236,0.1856118142604828,1.251391887664795,0.2222222238779068,0.75,0.8555424213409424,1
/home/jovyan/Joel_Pardo/AI4LABOUR/Mejoras/results_coursera/models/simcse_coursera_sup/sentence-transformers/all-MiniLM-L6-v2,D_char_jaccard,85,e9ceea91a9c3,analyze logistics processes,80,5402ba93471c,4,0.7554830193519593,0.3499862551689148,3.075016975402832,0.1860465109348297,1.0,0.7349593043327332,1
/home/jovyan/Joel_Pardo/AI4LABOUR/Mejoras/results_coursera/models/simcse_coursera_sup/sentence-transformers/all-MiniLM-L6-v2,D_char_jaccard,85,e9ceea91a9c3,analyze logistics processes,425,b06cd44db3d0,5,0.7239741563796998,0.35714322328567505,3.154418706893921,0.2195121943950653,0.800000011920929,0.6441680192947388,1
/home/jovyan/Joel_Pardo/AI4LABOUR/Mejoras/results_coursera/models/simcse_coursera_sup/sentence-transformers/all-MiniLM-L6-v2,D_char_jaccard,85,e9ceea91a9c3,analyze logistics processes,989,4ec4f7a20f54,6,0.5303612947463989,0.20563891530036926,1.4735791683197021,0.190476194024086,0.800000011920929,0.6441680192947388,0
/home/jovyan/Joel_Pardo/AI4LABOUR/Mejoras/results_coursera/models/simcse_coursera_sup/sentence-transformers/all-MiniLM-L6-v2,D_char_jaccard,85,e9ceea91a9c3,analyze logistics processes,4106,7a6199e2dfd9,7,0.474599289894104,0.3024286925792694,2.5473973751068115,0.095238097012043,0.2666666805744171,0.28817662596702576,1
/home/jovyan/Joel_Pardo/AI4LABOUR/Mejoras/results_coursera/models/simcse_coursera_sup/sentence-transformers/all-MiniLM-L6-v2,D_char_jaccard,85,e9ceea91a9c3,analyze logistics processes,751,2a63b9d3beeb,8,0.6089736700057984,0.31665581464767456,2.705237865447998,0.1551724076271057,0.5714285969734192,0.5165473818778992,1
/home/jovyan/Joel_Pardo/AI4LABOUR/Mejoras/results_coursera/models/simcse_coursera_sup/sentence-transformers/all-MiniLM-L6-v2,D_char_jaccard,85,e9ceea91a9c3,analyze logistics processes,4092,13573f8171ba,9,0.7144654870033265,0.35719001293182373,3.154937982559204,0.2916666567325592,0.5714285969734192,0.6037659645080566,1
/home/jovyan/Joel_Pardo/AI4LABOUR/Mejoras/results_coursera/models/simcse_coursera_sup/sentence-transformers/all-MiniLM-L6-v2,D_char_jaccard,85,e9ceea91a9c3,analyze logistics processes,613,10e0cd432d25,10,0.4340939700603485,0.3475668728351593,3.048175573348999,0.13513512909412384,0.75,0.0,1
/home/jovyan/Joel_Pardo/AI4LABOUR/Mejoras/results_coursera/models/simcse_coursera_sup/sentence-transformers/all-MiniLM-L6-v2,D_char_jaccard,86,19ea31d71f7c,maintain data in information systems or databases,5284,44e862edbe4f,1,1.1570362329483033,0.7034702301025391,6.201605796813965,0.19565217196941376,0.5,1.0,1
/home/jovyan/Joel_Pardo/AI4LABOUR/Mejoras/results_coursera/models/simcse_coursera_sup/sentence-transformers/all-MiniLM-L6-v2,D_char_jaccard,86,19ea31d71f7c,maintain data in information systems or databases,1873,0084fa936ea8,2,0.8370128154754639,0.365428626537323,2.8161158561706543,0.35185185074806213,0.625,0.8472851514816284,1
/home/jovyan/Joel_Pardo/AI4LABOUR/Mejoras/results_coursera/models/simcse_coursera_sup/sentence-transformers/all-MiniLM-L6-v2,D_char_jaccard,86,19ea31d71f7c,maintain data in information systems or databases,4331,afa0135399b2,3,0.6953947424888611,0.3621525466442108,2.7833058834075928,0.23404255509376526,0.375,0.6054919362068176,1
/home/jovyan/Joel_Pardo/AI4LABOUR/Mejoras/results_coursera/models/simcse_coursera_sup/sentence-transformers/all-MiniLM-L6-v2,D_char_jaccard,86,19ea31d71f7c,maintain data in information systems or databases,3925,35c1bebe9ccc,4,0.6824958801269532,0.41021737456321716,3.2646756172180176,0.2539682686328888,0.75,0.4057704508304596,1
/home/jovyan/Joel_Pardo/AI4LABOUR/Mejoras/results_coursera/models/simcse_coursera_sup/sentence-transformers/all-MiniLM-L6-v2,D_char_jaccard,86,19ea31d71f7c,maintain data in information systems or databases,4253,8cf88f12f8b9,5,0.6692117333412171,0.3667961359024048,2.8298113346099854,0.22413793206214905,0.5,0.5201517939567566,1
/home/jovyan/Joel_Pardo/AI4LABOUR/Mejoras/results_coursera/models/simcse_coursera_sup/sentence-transformers/all-MiniLM-L6-v2,D_char_jaccard,86,19ea31d71f7c,maintain data in information systems or databases,9,68043ff470d5,6,0.7257133603096009,0.4052961766719818,3.2153897285461426,0.20000000298023224,0.375,0.6054919362068176,1
/home/jovyan/Joel_Pardo/AI4LABOUR/Mejoras/results_coursera/models/simcse_coursera_sup/sentence-transformers/all-MiniLM-L6-v2,D_char_jaccard,86,19ea31d71f7c,maintain data in information systems or databases,1937,9577cc9be047,7,0.7181820750236512,0.5425171852111816,4.589659690856934,0.0714285746216774,0.5,0.34264877438545227,1
/home/jovyan/Joel_Pardo/AI4LABOUR/Mejoras/results_coursera/models/simcse_coursera_sup/sentence-transformers/all-MiniLM-L6-v2,D_char_jaccard,86,19ea31d71f7c,maintain data in information systems or databases,1970,22ae97739144,8,0.727111566066742,0.5378990173339844,4.5434088706970215,0.05882352963089943,0.375,0.3988663852214813,1
/home/jovyan/Joel_Pardo/AI4LABOUR/Mejoras/results_coursera/models/simcse_coursera_sup/sentence-transformers/all-MiniLM-L6-v2,D_char_jaccard,86,19ea31d71f7c,maintain data in information systems or databases,2991,eb4c8a2a148b,9,0.6455184698104859,0.43988290429115295,3.5617761611938477,0.19298245012760162,0.625,0.300320565700531,1
/home/jovyan/Joel_Pardo/AI4LABOUR/Mejoras/results_coursera/models/simcse_coursera_sup/sentence-transformers/all-MiniLM-L6-v2,D_char_jaccard,86,19ea31d71f7c,maintain data in information systems or databases,4390,3cec85239a89,10,0.7055422544479371,0.36587896943092346,2.8206260204315186,0.12280701845884323,0.625,0.6607485413551331,1
/home/jovyan/Joel_Pardo/AI4LABOUR/Mejoras/results_coursera/models/simcse_coursera_sup/sentence-transformers/all-MiniLM-L6-v2,D_char_jaccard,87,bd28ef3a0af3,establish organizational guidelines or policies,1572,4d6e545411ff,1,0.8469076037406922,0.4510590434074402,4.237529754638672,0.25,0.5,0.7586362361907959,1
/home/jovyan/Joel_Pardo/AI4LABOUR/Mejoras/results_coursera/models/simcse_coursera_sup/sentence-transformers/all-MiniLM-L6-v2,D_char_jaccard,87,bd28ef3a0af3,establish organizational guidelines or policies,4615,8187995b552a,2,0.7355299472808838,0.2790223956108093,2.316662073135376,0.1666666716337204,0.6666666865348816,0.8985244035720825,1
/home/jovyan/Joel_Pardo/AI4LABOUR/Mejoras/results_coursera/models/simcse_coursera_sup/sentence-transformers/all-MiniLM-L6-v2,D_char_jaccard,87,bd28ef3a0af3,establish organizational guidelines or policies,3095,250ff4c36d7a,3,0.7747310876846314,0.3279372751712799,2.862818956375122,0.21052631735801697,0.6666666865348816,0.8590565323829651,1
/home/jovyan/Joel_Pardo/AI4LABOUR/Mejoras/results_coursera/models/simcse_coursera_sup/sentence-transformers/all-MiniLM-L6-v2,D_char_jaccard,87,bd28ef3a0af3,establish organizational guidelines or policies,2407,0d2971916a07,4,0.7610841274261475,0.3489820063114166,3.097792863845825,0.16129031777381897,0.8333333134651184,0.7875275611877441,1
/home/jovyan/Joel_Pardo/AI4LABOUR/Mejoras/results_coursera/models/simcse_coursera_sup/sentence-transformers/all-MiniLM-L6-v2,D_char_jaccard,87,bd28ef3a0af3,establish organizational guidelines or policies,2664,f14a60909863,5,0.7400854706764222,0.31264829635620117,2.692110538482666,0.1269841343164444,0.6666666865348816,0.8590565323829651,1
/home/jovyan/Joel_Pardo/AI4LABOUR/Mejoras/results_coursera/models/simcse_coursera_sup/sentence-transformers/all-MiniLM-L6-v2,D_char_jaccard,87,bd28ef3a0af3,establish organizational guidelines or policies,1310,dee03d615f1d,6,0.723778772354126,0.2857113778591156,2.391347646713257,0.1587301641702652,0.6666666865348816,0.8590565323829651,1
/home/jovyan/Joel_Pardo/AI4LABOUR/Mejoras/results_coursera/models/simcse_coursera_sup/sentence-transformers/all-MiniLM-L6-v2,D_char_jaccard,87,bd28ef3a0af3,establish organizational guidelines or policies,3737,71e7def001ee,7,0.4484588086605072,0.4132739007472992,3.815641164779663,0.03546099364757538,0.3529411852359772,0.0,1
/home/jovyan/Joel_Pardo/AI4LABOUR/Mejoras/results_coursera/models/simcse_coursera_sup/sentence-transformers/all-MiniLM-L6-v2,D_char_jaccard,87,bd28ef3a0af3,establish organizational guidelines or policies,740,bcf48e0be3b0,8,0.4688806116580963,0.3989245891571045,3.6554245948791504,0.072727270424366,0.8333333134651184,0.0,1
/home/jovyan/Joel_Pardo/AI4LABOUR/Mejoras/results_coursera/models/simcse_coursera_sup/sentence-transformers/all-MiniLM-L6-v2,D_char_jaccard,87,bd28ef3a0af3,establish organizational guidelines or policies,4854,3da636e70e82,9,0.5163923084735871,0.43802499771118164,4.09199857711792,0.18867924809455872,0.5,0.0,1
/home/jovyan/Joel_Pardo/AI4LABOUR/Mejoras/results_coursera/models/simcse_coursera_sup/sentence-transformers/all-MiniLM-L6-v2,D_char_jaccard,87,bd28ef3a0af3,establish organizational guidelines or policies,5081,0ddf1bae68b2,10,0.7692395329475403,0.2888064682483673,2.425905704498291,0.13725490868091583,0.5,1.0,1
/home/jovyan/Joel_Pardo/AI4LABOUR/Mejoras/results_coursera/models/simcse_coursera_sup/sentence-transformers/all-MiniLM-L6-v2,D_char_jaccard,88,d1809a4492b8,estimate costs of goods or services,1649,bd1d85f33bd2,1,1.1502908945083619,0.7185849547386169,6.998945236206055,0.22857142984867096,0.4285714328289032,0.9374826550483704,1
/home/jovyan/Joel_Pardo/AI4LABOUR/Mejoras/results_coursera/models/simcse_coursera_sup/sentence-transformers/all-MiniLM-L6-v2,D_char_jaccard,88,d1809a4492b8,estimate costs of goods or services,4780,3983e728b504,2,0.5999213933944703,0.2147197127342224,1.677343487739563,0.21052631735801697,0.4285714328289032,0.7065337300300598,1
/home/jovyan/Joel_Pardo/AI4LABOUR/Mejoras/results_coursera/models/simcse_coursera_sup/sentence-transformers/all-MiniLM-L6-v2,D_char_jaccard,88,d1809a4492b8,estimate costs of goods or services,2918,34daa13d90ae,3,0.46336628794670104,0.26167744398117065,2.173290252685547,0.04444444552063942,0.5714285969734192,0.34543514251708984,1
/home/jovyan/Joel_Pardo/AI4LABOUR/Mejoras/results_coursera/models/simcse_coursera_sup/sentence-transformers/all-MiniLM-L6-v2,D_char_jaccard,88,d1809a4492b8,estimate costs of goods or services,3702,f492b215b3fe,4,0.793281900882721,0.3283750116825104,2.877720355987549,0.10526315867900848,0.4285714328289032,1.0,1
/home/jovyan/Joel_Pardo/AI4LABOUR/Mejoras/results_coursera/models/simcse_coursera_sup/sentence-transformers/all-MiniLM-L6-v2,D_char_jaccard,88,d1809a4492b8,estimate costs of goods or services,1862,791a705b7cee,5,0.5211180925369263,0.36973196268081665,3.31451416015625,0.02500000037252903,0.875,0.22089840471744537,1
/home/jovyan/Joel_Pardo/AI4LABOUR/Mejoras/results_coursera/models/simcse_coursera_sup/sentence-transformers/all-MiniLM-L6-v2,D_char_jaccard,88,d1809a4492b8,estimate costs of goods or services,1400,0171c20bcf79,6,0.5557173967361451,0.23949645459651947,1.939024567604065,0.1666666716337204,0.7142857313156128,0.5319741368293762,1
/home/jovyan/Joel_Pardo/AI4LABOUR/Mejoras/results_coursera/models/simcse_coursera_sup/sentence-transformers/all-MiniLM-L6-v2,D_char_jaccard,88,d1809a4492b8,estimate costs of goods or services,355,8a460e95b7cb,7,0.539673674106598,0.18702363967895508,1.3848297595977783,0.20000000298023224,0.5714285969734192,0.606952428817749,1
/home/jovyan/Joel_Pardo/AI4LABOUR/Mejoras/results_coursera/models/simcse_coursera_sup/sentence-transformers/all-MiniLM-L6-v2,D_char_jaccard,88,d1809a4492b8,estimate costs of goods or services,967,39e5c9db8d25,8,0.4807737052440643,0.2776414155960083,2.3418946266174316,0.056603774428367615,0.5714285969734192,0.34543514251708984,1
/home/jovyan/Joel_Pardo/AI4LABOUR/Mejoras/results_coursera/models/simcse_coursera_sup/sentence-transformers/all-MiniLM-L6-v2,D_char_jaccard,88,d1809a4492b8,estimate costs of goods or services,5170,37ef07733dc2,9,0.5828819155693055,0.3964797556400299,3.597012519836426,0.07692307978868484,0.7142857313156128,0.3027627170085907,1
/home/jovyan/Joel_Pardo/AI4LABOUR/Mejoras/results_coursera/models/simcse_coursera_sup/sentence-transformers/all-MiniLM-L6-v2,D_char_jaccard,88,d1809a4492b8,estimate costs of goods or services,2558,057972302b68,10,0.8875734090805054,0.5137243866920471,4.835298538208008,0.09803921729326248,0.5714285969734192,0.8053506016731262,1
/home/jovyan/Joel_Pardo/AI4LABOUR/Mejoras/results_coursera/models/simcse_coursera_sup/sentence-transformers/all-MiniLM-L6-v2,D_char_jaccard,89,b03b706832f2,"assess the cost effectiveness of products, projects, or services",2300,754666b07e71,1,1.0225943803787232,0.5530356764793396,5.130690574645996,0.2017543911933899,0.7142857313156128,0.9717735648155212,1
/home/jovyan/Joel_Pardo/AI4LABOUR/Mejoras/results_coursera/models/simcse_coursera_sup/sentence-transformers/all-MiniLM-L6-v2,D_char_jaccard,89,b03b706832f2,"assess the cost effectiveness of products, projects, or services",178,4e1566f0798f,2,0.8007783770561219,0.38684266805648804,3.3839614391326904,0.03846153989434242,0.20000000298023224,0.9575115442276001,1
/home/jovyan/Joel_Pardo/AI4LABOUR/Mejoras/results_coursera/models/simcse_coursera_sup/sentence-transformers/all-MiniLM-L6-v2,D_char_jaccard,89,b03b706832f2,"assess the cost effectiveness of products, projects, or services",4780,3983e728b504,3,0.4941893219947815,0.12983769178390503,0.6827759742736816,0.11864406615495682,0.30000001192092896,0.8316859006881714,0
/home/jovyan/Joel_Pardo/AI4LABOUR/Mejoras/results_coursera/models/simcse_coursera_sup/sentence-transformers/all-MiniLM-L6-v2,D_char_jaccard,89,b03b706832f2,"assess the cost effectiveness of products, projects, or services",382,ebda78d8469a,4,0.5510754585266113,0.10074452310800552,0.3769996166229248,0.12162162363529205,0.6000000238418579,1.0,0
/home/jovyan/Joel_Pardo/AI4LABOUR/Mejoras/results_coursera/models/simcse_coursera_sup/sentence-transformers/all-MiniLM-L6-v2,D_char_jaccard,89,b03b706832f2,"assess the cost effectiveness of products, projects, or services",4834,1d8e86f4a956,5,0.8236367583274842,0.4197736382484436,3.730073928833008,0.10294117778539658,0.4000000059604645,0.875262975692749,1
/home/jovyan/Joel_Pardo/AI4LABOUR/Mejoras/results_coursera/models/simcse_coursera_sup/sentence-transformers/all-MiniLM-L6-v2,D_char_jaccard,89,b03b706832f2,"assess the cost effectiveness of products, projects, or services",2975,8479908ec09d,6,0.6732134699821473,0.2997794449329376,2.468905448913574,0.16923077404499054,0.5263158082962036,0.7119712829589844,1
/home/jovyan/Joel_Pardo/AI4LABOUR/Mejoras/results_coursera/models/simcse_coursera_sup/sentence-transformers/all-MiniLM-L6-v2,D_char_jaccard,89,b03b706832f2,"assess the cost effectiveness of products, projects, or services",3059,49fffd4c8845,7,0.697303581237793,0.3054996132850647,2.5290257930755615,0.1388888955116272,0.699999988079071,0.7565792202949524,1
/home/jovyan/Joel_Pardo/AI4LABOUR/Mejoras/results_coursera/models/simcse_coursera_sup/sentence-transformers/all-MiniLM-L6-v2,D_char_jaccard,89,b03b706832f2,"assess the cost effectiveness of products, projects, or services",4957,25aa304c3c46,8,0.6179002404212952,0.18985778093338013,1.3136018514633179,0.10769230872392654,0.4000000059604645,0.875262975692749,1
/home/jovyan/Joel_Pardo/AI4LABOUR/Mejoras/results_coursera/models/simcse_coursera_sup/sentence-transformers/all-MiniLM-L6-v2,D_char_jaccard,89,b03b706832f2,"assess the cost effectiveness of products, projects, or services",2299,4344a6f8e289,9,0.5856845259666443,0.23913614451885223,1.8315294981002808,0.09756097197532654,0.5555555820465088,0.6707349419593811,1
/home/jovyan/Joel_Pardo/AI4LABOUR/Mejoras/results_coursera/models/simcse_coursera_sup/sentence-transformers/all-MiniLM-L6-v2,D_char_jaccard,89,b03b706832f2,"assess the cost effectiveness of products, projects, or services",1864,8ba07f3cc639,10,0.5318549752235413,0.3139224052429199,2.617551565170288,0.07042253762483597,0.5555555820465088,0.3848534822463989,1
/home/jovyan/Joel_Pardo/AI4LABOUR/Mejoras/results_coursera/models/simcse_coursera_sup/sentence-transformers/all-MiniLM-L6-v2,D_char_jaccard,90,2e4769a8f723,apply mathematical models of financial or business conditions,5038,d81a55777dc2,1,1.157191562652588,0.6988879442214966,6.351932525634766,0.2238806039094925,0.4444444477558136,1.0,1
/home/jovyan/Joel_Pardo/AI4LABOUR/Mejoras/results_coursera/models/simcse_coursera_sup/sentence-transformers/all-MiniLM-L6-v2,D_char_jaccard,90,2e4769a8f723,apply mathematical models of financial or business conditions,4914,2e9a8c0dcf86,2,0.6987933397293091,0.22011584043502808,1.5281583070755005,0.15000000596046448,0.3333333432674408,0.9913060665130615,1
/home/jovyan/Joel_Pardo/AI4LABOUR/Mejoras/results_coursera/models/simcse_coursera_sup/sentence-transformers/all-MiniLM-L6-v2,D_char_jaccard,90,2e4769a8f723,apply mathematical models of financial or business conditions,296,4a492d132662,3,0.7644372463226319,0.33840227127075195,2.7199299335479736,0.20000000298023224,0.3333333432674408,0.8580213785171509,1
/home/jovyan/Joel_Pardo/AI4LABOUR/Mejoras/results_coursera/models/simcse_coursera_sup/sentence-transformers/all-MiniLM-L6-v2,D_char_jaccard,90,2e4769a8f723,apply mathematical models of financial or business conditions,687,f5a0e2f42927,4,0.6444349765777588,0.3810740113258362,3.1498606204986572,0.13333334028720856,0.3333333432674408,0.5036709308624268,1
/home/jovyan/Joel_Pardo/AI4LABOUR/Mejoras/results_coursera/models/simcse_coursera_sup/sentence-transformers/all-MiniLM-L6-v2,D_char_jaccard,90,2e4769a8f723,apply mathematical models of financial or business conditions,2112,49e1b35b16b4,5,0.7005156755447388,0.3684064745903015,3.022231340408325,0.17499999701976776,0.6666666865348816,0.6046662330627441,1
/home/jovyan/Joel_Pardo/AI4LABOUR/Mejoras/results_coursera/models/simcse_coursera_sup/sentence-transformers/all-MiniLM-L6-v2,D_char_jaccard,90,2e4769a8f723,apply mathematical models of financial or business conditions,3653,875cb3e2116a,6,0.7838665127754212,0.3707430362701416,3.0457730293273926,0.16129031777381897,0.3333333432674408,0.8580213785171509,1
/home/jovyan/Joel_Pardo/AI4LABOUR/Mejoras/results_coursera/models/simcse_coursera_sup/sentence-transformers/all-MiniLM-L6-v2,D_char_jaccard,90,2e4769a8f723,apply mathematical models of financial or business conditions,2536,62bb27f24dab,7,0.6326394557952881,0.3714337944984436,3.052732467651367,0.12162162363529205,0.4444444477558136,0.4893035888671875,1
/home/jovyan/Joel_Pardo/AI4LABOUR/Mejoras/results_coursera/models/simcse_coursera_sup/sentence-transformers/all-MiniLM-L6-v2,D_char_jaccard,90,2e4769a8f723,apply mathematical models of financial or business conditions,4965,897fdfe9de00,8,0.6232523202896119,0.3300582766532898,2.63586163520813,0.08695652335882187,0.3333333432674408,0.5944852232933044,1
/home/jovyan/Joel_Pardo/AI4LABOUR/Mejoras/results_coursera/models/simcse_coursera_sup/sentence-transformers/all-MiniLM-L6-v2,D_char_jaccard,90,2e4769a8f723,apply mathematical models of financial or business conditions,5175,a4eedaf74db1,9,0.6147980570793152,0.3533633351325989,2.8706672191619873,0.0810810774564743,0.4444444477558136,0.5106964111328125,1
/home/jovyan/Joel_Pardo/AI4LABOUR/Mejoras/results_coursera/models/simcse_coursera_sup/sentence-transformers/all-MiniLM-L6-v2,D_char_jaccard,90,2e4769a8f723,apply mathematical models of financial or business conditions,2088,ec09f4cecbe4,10,0.7767643213272095,0.4842885136604309,4.189777851104736,0.1927710771560669,0.8888888955116272,0.4956687092781067,1
/home/jovyan/Joel_Pardo/AI4LABOUR/Mejoras/results_coursera/models/simcse_coursera_sup/sentence-transformers/all-MiniLM-L6-v2,D_char_jaccard,91,b1f99c3dcd62,develop business or financial information systems,4145,7915162f0c8c,1,1.1016443252563477,0.6192038059234619,5.208685874938965,0.2631579041481018,0.5714285969734192,1.0,1
/home/jovyan/Joel_Pardo/AI4LABOUR/Mejoras/results_coursera/models/simcse_coursera_sup/sentence-transformers/all-MiniLM-L6-v2,D_char_jaccard,91,b1f99c3dcd62,develop business or financial information systems,1873,0084fa936ea8,2,0.8458836555480957,0.33776578307151794,2.4636735916137695,0.2950819730758667,0.7142857313156128,0.9560241103172302,1
/home/jovyan/Joel_Pardo/AI4LABOUR/Mejoras/results_coursera/models/simcse_coursera_sup/sentence-transformers/all-MiniLM-L6-v2,D_char_jaccard,91,b1f99c3dcd62,develop business or financial information systems,4023,5562b14daecb,3,0.6761637210845948,0.31587275862693787,2.2501394748687744,0.18867924809455872,0.4285714328289032,0.6831996440887451,1
/home/jovyan/Joel_Pardo/AI4LABOUR/Mejoras/results_coursera/models/simcse_coursera_sup/sentence-transformers/all-MiniLM-L6-v2,D_char_jaccard,91,b1f99c3dcd62,develop business or financial information systems,4139,05c1c4625c85,4,0.6891761302947998,0.3948419690132141,3.0203676223754883,0.1111111119389534,0.4285714328289032,0.5865299105644226,1
/home/jovyan/Joel_Pardo/AI4LABOUR/Mejoras/results_coursera/models/simcse_coursera_sup/sentence-transformers/all-MiniLM-L6-v2,D_char_jaccard,91,b1f99c3dcd62,develop business or financial information systems,4703,50f0a13eecd8,5,0.6847216963768006,0.3830859065055847,2.9057044982910156,0.20000000298023224,0.4285714328289032,0.5462895035743713,1
/home/jovyan/Joel_Pardo/AI4LABOUR/Mejoras/results_coursera/models/simcse_coursera_sup/sentence-transformers/all-MiniLM-L6-v2,D_char_jaccard,91,b1f99c3dcd62,develop business or financial information systems,2337,421e3510a425,6,0.7079522490501404,0.37633413076400757,2.839850902557373,0.22727273404598236,0.8571428656578064,0.5489403605461121,1
/home/jovyan/Joel_Pardo/AI4LABOUR/Mejoras/results_coursera/models/simcse_coursera_sup/sentence-transformers/all-MiniLM-L6-v2,D_char_jaccard,91,b1f99c3dcd62,develop business or financial information systems,3420,8fee66db8c49,7,0.6748710751533509,0.38514453172683716,2.925783395767212,0.14705882966518402,0.7142857313156128,0.5144050717353821,1
/home/jovyan/Joel_Pardo/AI4LABOUR/Mejoras/results_coursera/models/simcse_coursera_sup/sentence-transformers/all-MiniLM-L6-v2,D_char_jaccard,91,b1f99c3dcd62,develop business or financial information systems,4253,8cf88f12f8b9,8,0.6971279859542847,0.37515541911125183,2.8283543586730957,0.1846153885126114,0.5714285969734192,0.5869070887565613,1
/home/jovyan/Joel_Pardo/AI4LABOUR/Mejoras/results_coursera/models/simcse_coursera_sup/sentence-transformers/all-MiniLM-L6-v2,D_char_jaccard,91,b1f99c3dcd62,develop business or financial information systems,9,68043ff470d5,9,0.7927696585655213,0.44229018688201904,3.4831550121307373,0.20000000298023224,0.4285714328289032,0.6831996440887451,1
/home/jovyan/Joel_Pardo/AI4LABOUR/Mejoras/results_coursera/models/simcse_coursera_sup/sentence-transformers/all-MiniLM-L6-v2,D_char_jaccard,91,b1f99c3dcd62,develop business or financial information systems,4361,b0b886822421,10,0.8060532689094544,0.5352541208267212,4.389881134033203,0.2321428507566452,0.5714285969734192,0.4692935645580292,1
/home/jovyan/Joel_Pardo/AI4LABOUR/Mejoras/results_coursera/models/simcse_coursera_sup/sentence-transformers/all-MiniLM-L6-v2,D_char_jaccard,92,3f67b920ee49,evaluate logistics methods to reduce environmental impact,2999,a4a640d71221,1,1.0423866987228394,0.5523046851158142,6.1613287925720215,0.28125,0.5,1.0,1
/home/jovyan/Joel_Pardo/AI4LABOUR/Mejoras/results_coursera/models/simcse_coursera_sup/sentence-transformers/all-MiniLM-L6-v2,D_char_jaccard,92,3f67b920ee49,evaluate logistics methods to reduce environmental impact,4845,537673b823b1,2,0.8959432721138001,0.5838843584060669,6.544877529144287,0.1269841343164444,0.375,0.6748782992362976,1
/home/jovyan/Joel_Pardo/AI4LABOUR/Mejoras/results_coursera/models/simcse_coursera_sup/sentence-transformers/all-MiniLM-L6-v2,D_char_jaccard,92,3f67b920ee49,evaluate logistics methods to reduce environmental impact,2626,d7c46c558d85,3,0.7761697053909302,0.3964112102985382,4.267935752868652,0.13235294818878174,0.75,0.7470283508300781,1
/home/jovyan/Joel_Pardo/AI4LABOUR/Mejoras/results_coursera/models/simcse_coursera_sup/sentence-transformers/all-MiniLM-L6-v2,D_char_jaccard,92,3f67b920ee49,evaluate logistics methods to reduce environmental impact,2393,f8e39ed822aa,4,0.39571884274482727,0.13406191766262054,1.0815918445587158,0.16129031777381897,0.375,0.5399763584136963,0
/home/jovyan/Joel_Pardo/AI4LABOUR/Mejoras/results_coursera/models/simcse_coursera_sup/sentence-transformers/all-MiniLM-L6-v2,D_char_jaccard,92,3f67b920ee49,evaluate logistics methods to reduce environmental impact,3025,5653d4592b47,5,0.41092469096183776,0.22021561861038208,2.127965211868286,0.04854368790984154,0.800000011920929,0.2764867842197418,1
/home/jovyan/Joel_Pardo/AI4LABOUR/Mejoras/results_coursera/models/simcse_coursera_sup/sentence-transformers/all-MiniLM-L6-v2,D_char_jaccard,92,3f67b920ee49,evaluate logistics methods to reduce environmental impact,3211,bf363c434df6,6,0.48027809262275695,0.34105658531188965,3.595630645751953,0.1160714253783226,0.7272727489471436,0.14486420154571533,1
/home/jovyan/Joel_Pardo/AI4LABOUR/Mejoras/results_coursera/models/simcse_coursera_sup/sentence-transformers/all-MiniLM-L6-v2,D_char_jaccard,92,3f67b920ee49,evaluate logistics methods to reduce environmental impact,2274,082c805e8003,7,0.44977484941482543,0.28516751527786255,2.9168338775634766,0.06329113990068436,0.75,0.224503293633461,1
/home/jovyan/Joel_Pardo/AI4LABOUR/Mejoras/results_coursera/models/simcse_coursera_sup/sentence-transformers/all-MiniLM-L6-v2,D_char_jaccard,92,3f67b920ee49,evaluate logistics methods to reduce environmental impact,4507,4308d262ba90,8,0.5633501887321473,0.29587945342063904,3.0469346046447754,0.08888889104127884,0.75,0.46834105253219604,1
/home/jovyan/Joel_Pardo/AI4LABOUR/Mejoras/results_coursera/models/simcse_coursera_sup/sentence-transformers/all-MiniLM-L6-v2,D_char_jaccard,92,3f67b920ee49,evaluate logistics methods to reduce environmental impact,3608,6f667a1cbbc5,9,0.5794075012207032,0.2991591691970825,3.086768627166748,0.10169491171836853,0.375,0.5399763584136963,1
/home/jovyan/Joel_Pardo/AI4LABOUR/Mejoras/results_coursera/models/simcse_coursera_sup/sentence-transformers/all-MiniLM-L6-v2,D_char_jaccard,92,3f67b920ee49,evaluate logistics methods to reduce environmental impact,301,b3202b182771,10,0.5377729713916779,0.3025457262992859,3.1278998851776123,0.08641975373029709,0.625,0.40656721591949463,1
/home/jovyan/Joel_Pardo/AI4LABOUR/Mejoras/results_coursera/models/simcse_coursera_sup/sentence-transformers/all-MiniLM-L6-v2,D_char_jaccard,93,4b8b2b6692c3,develop business or market strategies,2189,114fb0d53fa1,1,1.3114337205886841,0.805914044380188,6.382664203643799,0.4444444477558136,0.5,1.0,1
/home/jovyan/Joel_Pardo/AI4LABOUR/Mejoras/results_coursera/models/simcse_coursera_sup/sentence-transformers/all-MiniLM-L6-v2,D_char_jaccard,93,4b8b2b6692c3,develop business or market strategies,1732,b50f963e49d9,2,0.7683931469917298,0.4888710081577301,3.5489180088043213,0.11363636702299118,0.5,0.5625004172325134,1
/home/jovyan/Joel_Pardo/AI4LABOUR/Mejoras/results_coursera/models/simcse_coursera_sup/sentence-transformers/all-MiniLM-L6-v2,D_char_jaccard,93,4b8b2b6692c3,develop business or market strategies,2362,f7f0fbafd43c,3,0.6848012685775757,0.42879533767700195,3.011958599090576,0.260869562625885,0.6666666865348816,0.37583687901496887,1
/home/jovyan/Joel_Pardo/AI4LABOUR/Mejoras/results_coursera/models/simcse_coursera_sup/sentence-transformers/all-MiniLM-L6-v2,D_char_jaccard,93,4b8b2b6692c3,develop business or market strategies,4969,fb98139a2c39,4,0.8122089385986329,0.5242927074432373,3.865518808364868,0.31707316637039185,0.8333333134651184,0.4235263764858246,1
/home/jovyan/Joel_Pardo/AI4LABOUR/Mejoras/results_coursera/models/simcse_coursera_sup/sentence-transformers/all-MiniLM-L6-v2,D_char_jaccard,93,4b8b2b6692c3,develop business or market strategies,2382,2c9191489a0d,5,0.698393988609314,0.47575971484184265,3.4317286014556885,0.14414414763450623,0.4000000059604645,0.41043564677238464,1
/home/jovyan/Joel_Pardo/AI4LABOUR/Mejoras/results_coursera/models/simcse_coursera_sup/sentence-transformers/all-MiniLM-L6-v2,D_char_jaccard,93,4b8b2b6692c3,develop business or market strategies,676,71eed38533f7,6,0.6968309164047242,0.43700096011161804,3.085300922393799,0.16981132328510284,0.8333333134651184,0.4235263764858246,1
/home/jovyan/Joel_Pardo/AI4LABOUR/Mejoras/results_coursera/models/simcse_coursera_sup/sentence-transformers/all-MiniLM-L6-v2,D_char_jaccard,93,4b8b2b6692c3,develop business or market strategies,2232,475412c9f625,7,0.6726891875267029,0.3572807312011719,2.3727574348449707,0.20454545319080353,0.5,0.5625004172325134,1
/home/jovyan/Joel_Pardo/AI4LABOUR/Mejoras/results_coursera/models/simcse_coursera_sup/sentence-transformers/all-MiniLM-L6-v2,D_char_jaccard,93,4b8b2b6692c3,develop business or market strategies,2453,ae676779ec44,8,0.6740667700767518,0.42891496419906616,3.0130279064178467,0.15217390656471252,0.5,0.43749961256980896,1
/home/jovyan/Joel_Pardo/AI4LABOUR/Mejoras/results_coursera/models/simcse_coursera_sup/sentence-transformers/all-MiniLM-L6-v2,D_char_jaccard,93,4b8b2b6692c3,develop business or market strategies,5162,bd3cb151c68d,9,0.7165726900100708,0.4761437773704529,3.4351613521575928,0.15217390656471252,0.5,0.43749961256980896,1
/home/jovyan/Joel_Pardo/AI4LABOUR/Mejoras/results_coursera/models/simcse_coursera_sup/sentence-transformers/all-MiniLM-L6-v2,D_char_jaccard,93,4b8b2b6692c3,develop business or market strategies,1843,6f8a7ea166e8,10,0.7350507855415345,0.4290418028831482,3.0141615867614746,0.19565217196941376,0.5,0.5625004172325134,1
/home/jovyan/Joel_Pardo/AI4LABOUR/Mejoras/results_coursera/models/simcse_coursera_sup/sentence-transformers/all-MiniLM-L6-v2,D_char_jaccard,94,832ecabbf00a,develop sustainable business strategies or practices,127,975c4e764bff,1,1.2816288948059082,0.8002225756645203,7.247843265533447,0.36000001430511475,0.4285714328289032,1.0,1
/home/jovyan/Joel_Pardo/AI4LABOUR/Mejoras/results_coursera/models/simcse_coursera_sup/sentence-transformers/all-MiniLM-L6-v2,D_char_jaccard,94,832ecabbf00a,develop sustainable business strategies or practices,5116,5e23199fa43a,2,0.605862307548523,0.3242732286453247,2.6187124252319336,0.1551724076271057,0.4285714328289032,0.5094868540763855,1
/home/jovyan/Joel_Pardo/AI4LABOUR/Mejoras/results_coursera/models/simcse_coursera_sup/sentence-transformers/all-MiniLM-L6-v2,D_char_jaccard,94,832ecabbf00a,develop sustainable business strategies or practices,2382,2c9191489a0d,3,0.629565703868866,0.41248956322669983,3.4767134189605713,0.14516128599643707,0.46666666865348816,0.37175363302230835,1
/home/jovyan/Joel_Pardo/AI4LABOUR/Mejoras/results_coursera/models/simcse_coursera_sup/sentence-transformers/all-MiniLM-L6-v2,D_char_jaccard,94,832ecabbf00a,develop sustainable business strategies or practices,4093,94a2e56a2ee9,4,0.5833985686302186,0.294569730758667,2.329813241958618,0.12903225421905518,0.5714285969734192,0.5186408758163452,1
/home/jovyan/Joel_Pardo/AI4LABOUR/Mejoras/results_coursera/models/simcse_coursera_sup/sentence-transformers/all-MiniLM-L6-v2,D_char_jaccard,94,832ecabbf00a,develop sustainable business strategies or practices,2189,114fb0d53fa1,5,1.10389142036438,0.6501792669296265,5.788506984710693,0.3400000035762787,0.4285714328289032,0.9057537913322449,1
/home/jovyan/Joel_Pardo/AI4LABOUR/Mejoras/results_coursera/models/simcse_coursera_sup/sentence-transformers/all-MiniLM-L6-v2,D_char_jaccard,94,832ecabbf00a,develop sustainable business strategies or practices,2152,b0b4728d5bc0,6,0.572175669670105,0.3197476863861084,2.5746965408325195,0.07894736528396606,0.7142857313156128,0.44737914204597473,1
/home/jovyan/Joel_Pardo/AI4LABOUR/Mejoras/results_coursera/models/simcse_coursera_sup/sentence-transformers/all-MiniLM-L6-v2,D_char_jaccard,94,832ecabbf00a,develop sustainable business strategies or practices,4743,80198c4e31ae,7,0.5842595577239991,0.29609525203704834,2.3446505069732666,0.1269841343164444,0.5714285969734192,0.5186408758163452,1
/home/jovyan/Joel_Pardo/AI4LABOUR/Mejoras/results_coursera/models/simcse_coursera_sup/sentence-transformers/all-MiniLM-L6-v2,D_char_jaccard,94,832ecabbf00a,develop sustainable business strategies or practices,45,2774df4298ec,8,0.6688200116157532,0.4524526000022888,3.8653979301452637,0.1875,0.5714285969734192,0.34041568636894226,1
/home/jovyan/Joel_Pardo/AI4LABOUR/Mejoras/results_coursera/models/simcse_coursera_sup/sentence-transformers/all-MiniLM-L6-v2,D_char_jaccard,94,832ecabbf00a,develop sustainable business strategies or practices,2253,dfcda3c07210,9,0.5843376994132996,0.3570927381515503,2.937918186187744,0.1320754736661911,0.4285714328289032,0.396266907453537,1
/home/jovyan/Joel_Pardo/AI4LABOUR/Mejoras/results_coursera/models/simcse_coursera_sup/sentence-transformers/all-MiniLM-L6-v2,D_char_jaccard,94,832ecabbf00a,develop sustainable business strategies or practices,4875,65b169807624,10,0.6260061144828797,0.3519960045814514,2.8883469104766846,0.1666666716337204,0.7142857313156128,0.4545719027519226,1
/home/jovyan/Joel_Pardo/AI4LABOUR/Mejoras/results_coursera/models/simcse_coursera_sup/sentence-transformers/all-MiniLM-L6-v2,D_char_jaccard,95,7c80e08ee743,prepare financial documents,226,7e56613a2ebc,1,1.1797907829284668,0.6812896728515625,6.867934703826904,0.44186046719551086,0.6666666865348816,0.932079017162323,1
/home/jovyan/Joel_Pardo/AI4LABOUR/Mejoras/results_coursera/models/simcse_coursera_sup/sentence-transformers/all-MiniLM-L6-v2,D_char_jaccard,95,7c80e08ee743,prepare financial documents,3498,9e69de35c497,2,0.5601127624511719,0.21980148553848267,1.7532542943954468,0.2195121943950653,0.6666666865348816,0.560200035572052,1
/home/jovyan/Joel_Pardo/AI4LABOUR/Mejoras/results_coursera/models/simcse_coursera_sup/sentence-transformers/all-MiniLM-L6-v2,D_char_jaccard,95,7c80e08ee743,prepare financial documents,2820,21f64da1e579,3,1.0769482135772706,0.5910536050796509,5.867846965789795,0.2800000011920929,0.5,1.0,1
/home/jovyan/Joel_Pardo/AI4LABOUR/Mejoras/results_coursera/models/simcse_coursera_sup/sentence-transformers/all-MiniLM-L6-v2,D_char_jaccard,95,7c80e08ee743,prepare financial documents,2877,a926afbac404,4,0.6788254857063294,0.36182528734207153,3.3273062705993652,0.25,1.0,0.4767068326473236,1
/home/jovyan/Joel_Pardo/AI4LABOUR/Mejoras/results_coursera/models/simcse_coursera_sup/sentence-transformers/all-MiniLM-L6-v2,D_char_jaccard,95,7c80e08ee743,prepare financial documents,5038,d81a55777dc2,5,0.7785616397857666,0.4811120629310608,4.6493635177612305,0.2195121943950653,1.0,0.4767068326473236,1
/home/jovyan/Joel_Pardo/AI4LABOUR/Mejoras/results_coursera/models/simcse_coursera_sup/sentence-transformers/all-MiniLM-L6-v2,D_char_jaccard,95,7c80e08ee743,prepare financial documents,4558,7b0342e1d11a,6,0.5733046531677246,0.30932363867759705,2.745429515838623,0.15000000596046448,0.6666666865348816,0.560200035572052,0
/home/jovyan/Joel_Pardo/AI4LABOUR/Mejoras/results_coursera/models/simcse_coursera_sup/sentence-transformers/all-MiniLM-L6-v2,D_char_jaccard,95,7c80e08ee743,prepare financial documents,4590,5d45850c5baa,7,0.8643812417984009,0.434204638004303,4.12948751449585,0.2068965584039688,0.75,0.8359322547912598,1
/home/jovyan/Joel_Pardo/AI4LABOUR/Mejoras/results_coursera/models/simcse_coursera_sup/sentence-transformers/all-MiniLM-L6-v2,D_char_jaccard,95,7c80e08ee743,prepare financial documents,2566,30f686cbaa53,8,0.7039862751960755,0.3841511011123657,3.5747435092926025,0.2702702581882477,1.0,0.4767068326473236,1
/home/jovyan/Joel_Pardo/AI4LABOUR/Mejoras/results_coursera/models/simcse_coursera_sup/sentence-transformers/all-MiniLM-L6-v2,D_char_jaccard,95,7c80e08ee743,prepare financial documents,5219,22c2c205ecca,9,0.9515451669692994,0.6042925119400024,6.01457405090332,0.3928571343421936,0.75,0.5549190640449524,1
/home/jovyan/Joel_Pardo/AI4LABOUR/Mejoras/results_coursera/models/simcse_coursera_sup/sentence-transformers/all-MiniLM-L6-v2,D_char_jaccard,95,7c80e08ee743,prepare financial documents,25,0476728a2384,10,0.6876435160636902,0.3840874433517456,3.574038028717041,0.20512820780277252,1.0,0.4767068326473236,1
/home/jovyan/Joel_Pardo/AI4LABOUR/Mejoras/results_coursera/models/simcse_coursera_sup/sentence-transformers/all-MiniLM-L6-v2,D_char_jaccard,96,1cbedefabffc,analyze environmental regulations to ensure organizational compliance,3401,ee6929dafa83,1,1.0347151637077332,0.5948110818862915,6.138884544372559,0.14754098653793335,0.25,1.0,1
/home/jovyan/Joel_Pardo/AI4LABOUR/Mejoras/results_coursera/models/simcse_coursera_sup/sentence-transformers/all-MiniLM-L6-v2,D_char_jaccard,96,1cbedefabffc,analyze environmental regulations to ensure organizational compliance,140,1b6f29f96686,2,0.49712066650390624,0.279038667678833,2.602386951446533,0.17241379618644714,0.800000011920929,0.28220608830451965,1
/home/jovyan/Joel_Pardo/AI4LABOUR/Mejoras/results_coursera/models/simcse_coursera_sup/sentence-transformers/all-MiniLM-L6-v2,D_char_jaccard,96,1cbedefabffc,analyze environmental regulations to ensure organizational compliance,3250,688e91eeecce,3,0.776452112197876,0.4718088209629059,4.761318683624268,0.2112676054239273,0.5,0.5600181818008423,1
/home/jovyan/Joel_Pardo/AI4LABOUR/Mejoras/results_coursera/models/simcse_coursera_sup/sentence-transformers/all-MiniLM-L6-v2,D_char_jaccard,96,1cbedefabffc,analyze environmental regulations to ensure organizational compliance,2274,082c805e8003,4,0.47443692684173583,0.29948288202285767,2.831352472305298,0.05882352963089943,0.75,0.25674113631248474,1
/home/jovyan/Joel_Pardo/AI4LABOUR/Mejoras/results_coursera/models/simcse_coursera_sup/sentence-transformers/all-MiniLM-L6-v2,D_char_jaccard,96,1cbedefabffc,analyze environmental regulations to ensure organizational compliance,2384,9f0afa80bca1,5,0.49526047706604004,0.26893821358680725,2.489266872406006,0.20000000298023224,0.875,0.39866524934768677,0
/home/jovyan/Joel_Pardo/AI4LABOUR/Mejoras/results_coursera/models/simcse_coursera_sup/sentence-transformers/all-MiniLM-L6-v2,D_char_jaccard,96,1cbedefabffc,analyze environmental regulations to ensure organizational compliance,2128,93a8dd5826ef,6,0.6135004043579102,0.27267464995384216,2.5311131477355957,0.22727273404598236,0.375,0.6063125133514404,1
/home/jovyan/Joel_Pardo/AI4LABOUR/Mejoras/results_coursera/models/simcse_coursera_sup/sentence-transformers/all-MiniLM-L6-v2,D_char_jaccard,96,1cbedefabffc,analyze environmental regulations to ensure organizational compliance,4106,7a6199e2dfd9,7,0.5725672721862793,0.371429443359375,3.6371188163757324,0.2905983030796051,0.5333333611488342,0.2224113494157791,1
/home/jovyan/Joel_Pardo/AI4LABOUR/Mejoras/results_coursera/models/simcse_coursera_sup/sentence-transformers/all-MiniLM-L6-v2,D_char_jaccard,96,1cbedefabffc,analyze environmental regulations to ensure organizational compliance,179,490e0bd0d96e,8,0.4316942095756531,0.16358384490013123,1.3093491792678833,0.11881188303232193,0.8888888955116272,0.5258033871650696,0
/home/jovyan/Joel_Pardo/AI4LABOUR/Mejoras/results_coursera/models/simcse_coursera_sup/sentence-transformers/all-MiniLM-L6-v2,D_char_jaccard,96,1cbedefabffc,analyze environmental regulations to ensure organizational compliance,1601,df741fa450b6,9,0.9065337657928467,0.6016150712966919,6.215085983276367,0.11428571492433548,0.375,0.6693969368934631,1
/home/jovyan/Joel_Pardo/AI4LABOUR/Mejoras/results_coursera/models/simcse_coursera_sup/sentence-transformers/all-MiniLM-L6-v2,D_char_jaccard,96,1cbedefabffc,analyze environmental regulations to ensure organizational compliance,3570,fd16133ef486,10,0.47726919054985045,0.20395401120185852,1.7614753246307373,0.0793650820851326,0.6153846383094788,0.48275020718574524,1
/home/jovyan/Joel_Pardo/AI4LABOUR/Mejoras/results_coursera/models/simcse_coursera_sup/sentence-transformers/all-MiniLM-L6-v2,D_char_jaccard,97,48c561c86be0,create graphical representations of industrial production systems,4268,5ac20d595bff,1,0.9547974944114686,0.533650279045105,4.990972995758057,0.1230769231915474,0.375,0.9374826550483704,1
/home/jovyan/Joel_Pardo/AI4LABOUR/Mejoras/results_coursera/models/simcse_coursera_sup/sentence-transformers/all-MiniLM-L6-v2,D_char_jaccard,97,48c561c86be0,create graphical representations of industrial production systems,107,20be59e19f80,2,0.8105965733528138,0.3401470184326172,2.8623316287994385,0.1428571492433548,0.375,1.0,1
/home/jovyan/Joel_Pardo/AI4LABOUR/Mejoras/results_coursera/models/simcse_coursera_sup/sentence-transformers/all-MiniLM-L6-v2,D_char_jaccard,97,48c561c86be0,create graphical representations of industrial production systems,4346,dc00b108ce90,3,0.5562177777290345,0.27525463700294495,2.14847993850708,0.25287356972694397,0.875,0.37880051136016846,1
/home/jovyan/Joel_Pardo/AI4LABOUR/Mejoras/results_coursera/models/simcse_coursera_sup/sentence-transformers/all-MiniLM-L6-v2,D_char_jaccard,97,48c561c86be0,create graphical representations of industrial production systems,4330,5e662c0eb204,4,0.5286535501480103,0.29423996806144714,2.3573291301727295,0.0731707289814949,0.625,0.4107372462749481,1
/home/jovyan/Joel_Pardo/AI4LABOUR/Mejoras/results_coursera/models/simcse_coursera_sup/sentence-transformers/all-MiniLM-L6-v2,D_char_jaccard,97,48c561c86be0,create graphical representations of industrial production systems,3033,fd89784e59c7,5,0.7080247879028321,0.3004981279373169,2.4261722564697266,0.13333334028720856,0.25,0.8543578386306763,1
/home/jovyan/Joel_Pardo/AI4LABOUR/Mejoras/results_coursera/models/simcse_coursera_sup/sentence-transformers/all-MiniLM-L6-v2,D_char_jaccard,97,48c561c86be0,create graphical representations of industrial production systems,2235,373b347cdc67,6,0.5554656982421875,0.2324560433626175,1.6776721477508545,0.1184210553765297,0.625,0.7134999632835388,0
/home/jovyan/Joel_Pardo/AI4LABOUR/Mejoras/results_coursera/models/simcse_coursera_sup/sentence-transformers/all-MiniLM-L6-v2,D_char_jaccard,97,48c561c86be0,create graphical representations of industrial production systems,2227,97b075243156,7,0.558562445640564,0.24788787961006165,1.8474308252334595,0.19402985274791718,0.375,0.545514702796936,1
/home/jovyan/Joel_Pardo/AI4LABOUR/Mejoras/results_coursera/models/simcse_coursera_sup/sentence-transformers/all-MiniLM-L6-v2,D_char_jaccard,97,48c561c86be0,create graphical representations of industrial production systems,2537,65c9310c3c6a,8,0.5220741212368012,0.23736602067947388,1.7316845655441284,0.0714285746216774,0.5,0.5389689207077026,1
/home/jovyan/Joel_Pardo/AI4LABOUR/Mejoras/results_coursera/models/simcse_coursera_sup/sentence-transformers/all-MiniLM-L6-v2,D_char_jaccard,97,48c561c86be0,create graphical representations of industrial production systems,3663,9b1383e434a5,9,0.6828142285346985,0.32205379009246826,2.6632962226867676,0.10526315867900848,0.625,0.7134999632835388,1
/home/jovyan/Joel_Pardo/AI4LABOUR/Mejoras/results_coursera/models/simcse_coursera_sup/sentence-transformers/all-MiniLM-L6-v2,D_char_jaccard,97,48c561c86be0,create graphical representations of industrial production systems,548,0586134e1b27,10,0.7798017144203186,0.3608231842517853,3.089780807495117,0.151162788271904,0.875,0.8088003396987915,1
/home/jovyan/Joel_Pardo/AI4LABOUR/Mejoras/results_coursera/models/simcse_coursera_sup/sentence-transformers/all-MiniLM-L6-v2,D_char_jaccard,98,207462e43a8e,estimate technical or resource requirements for development or production projects,2873,443ab50a6351,1,0.8812268257141114,0.3858394920825958,3.7001760005950928,0.2631579041481018,0.3636363744735718,1.0,1
/home/jovyan/Joel_Pardo/AI4LABOUR/Mejoras/results_coursera/models/simcse_coursera_sup/sentence-transformers/all-MiniLM-L6-v2,D_char_jaccard,98,207462e43a8e,estimate technical or resource requirements for development or production projects,1649,bd1d85f33bd2,2,0.8521858334541321,0.47979849576950073,4.743659019470215,0.07792207598686218,0.27272728085517883,0.8431257605552673,1
/home/jovyan/Joel_Pardo/AI4LABOUR/Mejoras/results_coursera/models/simcse_coursera_sup/sentence-transformers/all-MiniLM-L6-v2,D_char_jaccard,98,207462e43a8e,estimate technical or resource requirements for development or production projects,1397,674593793bab,3,0.789254891872406,0.4491916298866272,4.40374755859375,0.15189872682094574,0.27272728085517883,0.7084285020828247,1
/home/jovyan/Joel_Pardo/AI4LABOUR/Mejoras/results_coursera/models/simcse_coursera_sup/sentence-transformers/all-MiniLM-L6-v2,D_char_jaccard,98,207462e43a8e,estimate technical or resource requirements for development or production projects,4184,1a65e7830d95,4,0.48771271109580994,0.21024319529533386,1.7500511407852173,0.10000000149011612,0.27272728085517883,0.6496436595916748,0
/home/jovyan/Joel_Pardo/AI4LABOUR/Mejoras/results_coursera/models/simcse_coursera_sup/sentence-transformers/all-MiniLM-L6-v2,D_char_jaccard,98,207462e43a8e,estimate technical or resource requirements for development or production projects,2300,754666b07e71,5,0.6500679731369019,0.3832537531852722,3.671459436416626,0.11347517371177673,0.7857142686843872,0.46871286630630493,1
/home/jovyan/Joel_Pardo/AI4LABOUR/Mejoras/results_coursera/models/simcse_coursera_sup/sentence-transformers/all-MiniLM-L6-v2,D_char_jaccard,98,207462e43a8e,estimate technical or resource requirements for development or production projects,4874,97baaed1a0ba,6,0.554131019115448,0.26203060150146484,2.325188159942627,0.11764705926179886,0.3636363744735718,0.5517746806144714,1
/home/jovyan/Joel_Pardo/AI4LABOUR/Mejoras/results_coursera/models/simcse_coursera_sup/sentence-transformers/all-MiniLM-L6-v2,D_char_jaccard,98,207462e43a8e,estimate technical or resource requirements for development or production projects,295,873d3c697489,7,0.5089614987373352,0.1971909999847412,1.6050970554351807,0.1666666716337204,0.4545454680919647,0.6677391529083252,0
/home/jovyan/Joel_Pardo/AI4LABOUR/Mejoras/results_coursera/models/simcse_coursera_sup/sentence-transformers/all-MiniLM-L6-v2,D_char_jaccard,98,207462e43a8e,estimate technical or resource requirements for development or production projects,379,55cbbefb6882,8,0.5857969999313355,0.3137315511703491,2.899364709854126,0.07000000029802322,0.5454545617103577,0.5216647982597351,1
/home/jovyan/Joel_Pardo/AI4LABOUR/Mejoras/results_coursera/models/simcse_coursera_sup/sentence-transformers/all-MiniLM-L6-v2,D_char_jaccard,98,207462e43a8e,estimate technical or resource requirements for development or production projects,5285,c0c14eba2f17,9,0.5121072709560395,0.2791626453399658,2.5154519081115723,0.14444445073604584,0.3636363744735718,0.3914198577404022,1
/home/jovyan/Joel_Pardo/AI4LABOUR/Mejoras/results_coursera/models/simcse_coursera_sup/sentence-transformers/all-MiniLM-L6-v2,D_char_jaccard,98,207462e43a8e,estimate technical or resource requirements for development or production projects,4791,baded3c66d4d,10,0.6007192611694336,0.43616732954978943,4.259103298187256,0.06122449040412903,0.5454545617103577,0.2889746129512787,1
/home/jovyan/Joel_Pardo/AI4LABOUR/Mejoras/results_coursera/models/simcse_coursera_sup/sentence-transformers/all-MiniLM-L6-v2,D_char_jaccard,99,78b76b55f875,assess product or process usefulness,4508,ecc817d35eef,1,0.9816403269767762,0.6110481023788452,5.753793716430664,0.1621621549129486,0.5,0.7903913855552673,1
/home/jovyan/Joel_Pardo/AI4LABOUR/Mejoras/results_coursera/models/simcse_coursera_sup/sentence-transformers/all-MiniLM-L6-v2,D_char_jaccard,99,78b76b55f875,assess product or process usefulness,759,6a82d63d15a6,2,0.8709806680679322,0.49607017636299133,4.484848976135254,0.2571428716182709,0.5,0.7130796313285828,1
/home/jovyan/Joel_Pardo/AI4LABOUR/Mejoras/results_coursera/models/simcse_coursera_sup/sentence-transformers/all-MiniLM-L6-v2,D_char_jaccard,99,78b76b55f875,assess product or process usefulness,4106,7a6199e2dfd9,3,0.5047780454158783,0.3024442195892334,2.347912073135376,0.08181817829608917,0.4000000059604645,0.35530924797058105,1
/home/jovyan/Joel_Pardo/AI4LABOUR/Mejoras/results_coursera/models/simcse_coursera_sup/sentence-transformers/all-MiniLM-L6-v2,D_char_jaccard,99,78b76b55f875,assess product or process usefulness,4834,1d8e86f4a956,4,0.8184495449066163,0.37084242701530457,3.102783441543579,0.15555556118488312,0.6666666865348816,0.9061728715896606,1
/home/jovyan/Joel_Pardo/AI4LABOUR/Mejoras/results_coursera/models/simcse_coursera_sup/sentence-transformers/all-MiniLM-L6-v2,D_char_jaccard,99,78b76b55f875,assess product or process usefulness,2301,6d7d5c1c49a4,5,0.5374377250671387,0.31177815794944763,2.450925350189209,0.0458715595304966,0.5,0.4259236454963684,1
/home/jovyan/Joel_Pardo/AI4LABOUR/Mejoras/results_coursera/models/simcse_coursera_sup/sentence-transformers/all-MiniLM-L6-v2,D_char_jaccard,99,78b76b55f875,assess product or process usefulness,2270,92bb047d700b,6,0.507630068063736,0.16130617260932922,0.7902534604072571,0.13636364042758942,0.6666666865348816,0.6125757098197937,1
/home/jovyan/Joel_Pardo/AI4LABOUR/Mejoras/results_coursera/models/simcse_coursera_sup/sentence-transformers/all-MiniLM-L6-v2,D_char_jaccard,99,78b76b55f875,assess product or process usefulness,3303,8dee13915ca0,7,0.9275424361228943,0.5064717531204224,4.599645137786865,0.2153846174478531,0.75,0.8259292840957642,1
/home/jovyan/Joel_Pardo/AI4LABOUR/Mejoras/results_coursera/models/simcse_coursera_sup/sentence-transformers/all-MiniLM-L6-v2,D_char_jaccard,99,78b76b55f875,assess product or process usefulness,4301,32656e1612b0,8,0.6220695853233338,0.38948237895965576,3.308501720428467,0.109375,0.75,0.39172911643981934,1
/home/jovyan/Joel_Pardo/AI4LABOUR/Mejoras/results_coursera/models/simcse_coursera_sup/sentence-transformers/all-MiniLM-L6-v2,D_char_jaccard,99,78b76b55f875,assess product or process usefulness,3617,a44d6e774909,9,0.7555660486221314,0.3610398769378662,2.994598388671875,0.15789473056793213,0.5,0.7903913855552673,1
/home/jovyan/Joel_Pardo/AI4LABOUR/Mejoras/results_coursera/models/simcse_coursera_sup/sentence-transformers/all-MiniLM-L6-v2,D_char_jaccard,99,78b76b55f875,assess product or process usefulness,1412,e63b1bee1602,10,0.5345261096954346,0.24649856984615326,1.7304723262786865,0.13725490868091583,0.6666666865348816,0.6125757098197937,0
/home/jovyan/Joel_Pardo/AI4LABOUR/Mejoras/results_coursera/models/simcse_coursera_sup/sentence-transformers/all-MiniLM-L6-v2,D_char_jaccard,100,6002eddcd7d0,resolve operational performance problems,2936,50c9c563c764,1,1.0083511352539063,0.600874125957489,6.073775291442871,0.21276596188545227,0.6000000238418579,0.8359322547912598,1
/home/jovyan/Joel_Pardo/AI4LABOUR/Mejoras/results_coursera/models/simcse_coursera_sup/sentence-transformers/all-MiniLM-L6-v2,D_char_jaccard,100,6002eddcd7d0,resolve operational performance problems,4059,966ff254f415,2,0.7820336103439331,0.31552499532699585,2.8084230422973633,0.21052631735801697,1.0,0.8635739088058472,1
/home/jovyan/Joel_Pardo/AI4LABOUR/Mejoras/results_coursera/models/simcse_coursera_sup/sentence-transformers/all-MiniLM-L6-v2,D_char_jaccard,100,6002eddcd7d0,resolve operational performance problems,4834,1d8e86f4a956,3,0.6135839819908142,0.20829269289970398,1.581325650215149,0.1320754736661911,0.800000011920929,0.8827541470527649,0
/home/jovyan/Joel_Pardo/AI4LABOUR/Mejoras/results_coursera/models/simcse_coursera_sup/sentence-transformers/all-MiniLM-L6-v2,D_char_jaccard,100,6002eddcd7d0,resolve operational performance problems,4426,b25b2aa78ecd,4,0.40829249024391173,0.3478941321372986,3.1788346767425537,0.014084506779909134,0.8333333134651184,0.0,1
/home/jovyan/Joel_Pardo/AI4LABOUR/Mejoras/results_coursera/models/simcse_coursera_sup/sentence-transformers/all-MiniLM-L6-v2,D_char_jaccard,100,6002eddcd7d0,resolve operational performance problems,3211,bf363c434df6,5,0.5955184578895569,0.34157273173332214,3.106496572494507,0.1505376398563385,0.4545454680919647,0.444353312253952,1
/home/jovyan/Joel_Pardo/AI4LABOUR/Mejoras/results_coursera/models/simcse_coursera_sup/sentence-transformers/all-MiniLM-L6-v2,D_char_jaccard,100,6002eddcd7d0,resolve operational performance problems,1315,a8d783c6d748,6,0.5722427248954773,0.19973239302635193,1.4833670854568481,0.10144927352666855,0.8333333134651184,0.6886365413665771,1
/home/jovyan/Joel_Pardo/AI4LABOUR/Mejoras/results_coursera/models/simcse_coursera_sup/sentence-transformers/all-MiniLM-L6-v2,D_char_jaccard,100,6002eddcd7d0,resolve operational performance problems,472,f09f0bf4e953,7,0.47405229806900023,0.3861563205718994,3.616682529449463,0.1860465109348297,0.6000000238418579,0.0,1
/home/jovyan/Joel_Pardo/AI4LABOUR/Mejoras/results_coursera/models/simcse_coursera_sup/sentence-transformers/all-MiniLM-L6-v2,D_char_jaccard,100,6002eddcd7d0,resolve operational performance problems,4468,adccc776448d,8,0.47393468022346497,0.12634441256523132,0.6435624361038208,0.17241379618644714,0.8333333134651184,0.6886365413665771,0
/home/jovyan/Joel_Pardo/AI4LABOUR/Mejoras/results_coursera/models/simcse_coursera_sup/sentence-transformers/all-MiniLM-L6-v2,D_char_jaccard,100,6002eddcd7d0,resolve operational performance problems,2528,9fb8b881e40a,9,0.9196598410606385,0.5208452939987183,5.1579766273498535,0.3965517282485962,1.0,0.6294028759002686,1
/home/jovyan/Joel_Pardo/AI4LABOUR/Mejoras/results_coursera/models/simcse_coursera_sup/sentence-transformers/all-MiniLM-L6-v2,D_char_jaccard,100,6002eddcd7d0,resolve operational performance problems,2908,5ebafb320c0f,10,0.6799838423728943,0.2862851023674011,2.473820686340332,0.1803278625011444,0.800000011920929,0.7181130647659302,1
/home/jovyan/Joel_Pardo/AI4LABOUR/Mejoras/results_coursera/models/simcse_coursera_sup/sentence-transformers/all-MiniLM-L6-v2,D_char_jaccard,101,ae138f31c069,"purchase materials, equipment, or other resources",74,2d2ac038a838,1,0.8740702748298645,0.41112416982650757,4.4725728034973145,0.15909090638160706,0.2857142984867096,1.0,1
/home/jovyan/Joel_Pardo/AI4LABOUR/Mejoras/results_coursera/models/simcse_coursera_sup/sentence-transformers/all-MiniLM-L6-v2,D_char_jaccard,101,ae138f31c069,"purchase materials, equipment, or other resources",3050,c06738d7cb15,2,0.6628383874893189,0.32624107599258423,3.3662538528442383,0.1269841343164444,0.7142857313156128,0.6294028759002686,1
/home/jovyan/Joel_Pardo/AI4LABOUR/Mejoras/results_coursera/models/simcse_coursera_sup/sentence-transformers/all-MiniLM-L6-v2,D_char_jaccard,101,ae138f31c069,"purchase materials, equipment, or other resources",3943,1eedfa96d1f9,3,0.5398389279842377,0.30582675337791443,3.100184917449951,0.06730769574642181,0.5833333134651184,0.4215032160282135,1
/home/jovyan/Joel_Pardo/AI4LABOUR/Mejoras/results_coursera/models/simcse_coursera_sup/sentence-transformers/all-MiniLM-L6-v2,D_char_jaccard,101,ae138f31c069,"purchase materials, equipment, or other resources",1694,d6c8c0983834,4,0.3501235246658325,-0.052685774862766266,-1.5724685192108154,0.042553190141916275,0.4285714328289032,0.9136845469474792,0
/home/jovyan/Joel_Pardo/AI4LABOUR/Mejoras/results_coursera/models/simcse_coursera_sup/sentence-transformers/all-MiniLM-L6-v2,D_char_jaccard,101,ae138f31c069,"purchase materials, equipment, or other resources",2641,414d1ab8da6a,5,0.8337337851524353,0.37865346670150757,4.049367904663086,0.1269841343164444,0.5714285969734192,0.9565705060958862,1
/home/jovyan/Joel_Pardo/AI4LABOUR/Mejoras/results_coursera/models/simcse_coursera_sup/sentence-transformers/all-MiniLM-L6-v2,D_char_jaccard,101,ae138f31c069,"purchase materials, equipment, or other resources",4092,13573f8171ba,6,0.3640852451324463,0.28274428844451904,2.7993409633636475,0.03846153989434242,1.0,0.0,1
/home/jovyan/Joel_Pardo/AI4LABOUR/Mejoras/results_coursera/models/simcse_coursera_sup/sentence-transformers/all-MiniLM-L6-v2,D_char_jaccard,101,ae138f31c069,"purchase materials, equipment, or other resources",1691,19ae2b3326d0,7,0.3700189769268036,0.31388193368911743,3.205171585083008,0.010101010091602802,0.699999988079071,0.0,1
/home/jovyan/Joel_Pardo/AI4LABOUR/Mejoras/results_coursera/models/simcse_coursera_sup/sentence-transformers/all-MiniLM-L6-v2,D_char_jaccard,101,ae138f31c069,"purchase materials, equipment, or other resources",3163,4db15d0d3fcc,8,0.7172240495681763,0.354022741317749,3.728344678878784,0.13114753365516663,0.5714285969734192,0.7181130647659302,1
/home/jovyan/Joel_Pardo/AI4LABOUR/Mejoras/results_coursera/models/simcse_coursera_sup/sentence-transformers/all-MiniLM-L6-v2,D_char_jaccard,101,ae138f31c069,"purchase materials, equipment, or other resources",2890,5371441504ea,9,0.42562090158462523,0.37965816259384155,4.062462329864502,0.05000000074505806,0.4285714328289032,0.0,1
/home/jovyan/Joel_Pardo/AI4LABOUR/Mejoras/results_coursera/models/simcse_coursera_sup/sentence-transformers/all-MiniLM-L6-v2,D_char_jaccard,101,ae138f31c069,"purchase materials, equipment, or other resources",4990,a08b50631e6a,10,0.3565805733203888,0.3059702515602112,3.102055311203003,0.031496062874794006,0.46666666865348816,0.0,1
/home/jovyan/Joel_Pardo/AI4LABOUR/Mejoras/results_coursera/models/simcse_coursera_sup/sentence-transformers/all-MiniLM-L6-v2,D_char_jaccard,102,f2c8cd5b27ab,evaluate designs or specifications to ensure quality,3280,381a707f2810,1,0.9710318922996521,0.6478457450866699,5.940751552581787,0.0833333358168602,0.375,0.7459685206413269,1
/home/jovyan/Joel_Pardo/AI4LABOUR/Mejoras/results_coursera/models/simcse_coursera_sup/sentence-transformers/all-MiniLM-L6-v2,D_char_jaccard,102,f2c8cd5b27ab,evaluate designs or specifications to ensure quality,2686,2e522a60ddc9,2,0.7088841080665589,0.29164859652519226,2.2615723609924316,0.1111111119389534,0.5,0.8590565323829651,1
/home/jovyan/Joel_Pardo/AI4LABOUR/Mejoras/results_coursera/models/simcse_coursera_sup/sentence-transformers/all-MiniLM-L6-v2,D_char_jaccard,102,f2c8cd5b27ab,evaluate designs or specifications to ensure quality,4828,0207b591a5d5,3,0.7996628165245057,0.3368167281150818,2.728116512298584,0.1111111119389534,0.375,1.0,1
/home/jovyan/Joel_Pardo/AI4LABOUR/Mejoras/results_coursera/models/simcse_coursera_sup/sentence-transformers/all-MiniLM-L6-v2,D_char_jaccard,102,f2c8cd5b27ab,evaluate designs or specifications to ensure quality,4507,4308d262ba90,4,0.6737765550613404,0.3327815532684326,2.686436891555786,0.12195122241973877,0.75,0.6407135128974915,1
/home/jovyan/Joel_Pardo/AI4LABOUR/Mejoras/results_coursera/models/simcse_coursera_sup/sentence-transformers/all-MiniLM-L6-v2,D_char_jaccard,102,f2c8cd5b27ab,evaluate designs or specifications to ensure quality,4558,7b0342e1d11a,5,0.47513731122016906,0.37298810482025146,3.1017324924468994,0.20779220759868622,0.75,0.0,1
/home/jovyan/Joel_Pardo/AI4LABOUR/Mejoras/results_coursera/models/simcse_coursera_sup/sentence-transformers/all-MiniLM-L6-v2,D_char_jaccard,102,f2c8cd5b27ab,evaluate designs or specifications to ensure quality,2300,754666b07e71,6,0.5069227695465088,0.3044447600841522,2.393744468688965,0.07199999690055847,0.5714285969734192,0.34087759256362915,1
/home/jovyan/Joel_Pardo/AI4LABOUR/Mejoras/results_coursera/models/simcse_coursera_sup/sentence-transformers/all-MiniLM-L6-v2,D_char_jaccard,102,f2c8cd5b27ab,evaluate designs or specifications to ensure quality,4791,baded3c66d4d,7,0.478642064332962,0.42391854524612427,3.627795696258545,0.03846153989434242,0.75,0.0,1
/home/jovyan/Joel_Pardo/AI4LABOUR/Mejoras/results_coursera/models/simcse_coursera_sup/sentence-transformers/all-MiniLM-L6-v2,D_char_jaccard,102,f2c8cd5b27ab,evaluate designs or specifications to ensure quality,2512,5de07ec45ece,8,0.44545917510986327,0.3719971477985382,3.091496467590332,0.11764705926179886,0.625,0.0,1
/home/jovyan/Joel_Pardo/AI4LABOUR/Mejoras/results_coursera/models/simcse_coursera_sup/sentence-transformers/all-MiniLM-L6-v2,D_char_jaccard,102,f2c8cd5b27ab,evaluate designs or specifications to ensure quality,4503,8c63b2397fed,9,0.4451639235019684,0.3935263156890869,3.313872814178467,0.03896103799343109,0.625,0.0,1
/home/jovyan/Joel_Pardo/AI4LABOUR/Mejoras/results_coursera/models/simcse_coursera_sup/sentence-transformers/all-MiniLM-L6-v2,D_char_jaccard,102,f2c8cd5b27ab,evaluate designs or specifications to ensure quality,3963,91bd8992e298,10,0.4823059618473053,0.4239727258682251,3.6283552646636963,0.07792207598686218,0.625,0.0,1
/home/jovyan/Joel_Pardo/AI4LABOUR/Mejoras/results_coursera/models/simcse_coursera_sup/sentence-transformers/all-MiniLM-L6-v2,D_char_jaccard,103,6680fc36f234,provide technical guidance to other personnel,4854,3da636e70e82,1,1.0179635167121888,0.5869696736335754,5.559558868408203,0.17307692766189575,0.4285714328289032,0.9374826550483704,1
/home/jovyan/Joel_Pardo/AI4LABOUR/Mejoras/results_coursera/models/simcse_coursera_sup/sentence-transformers/all-MiniLM-L6-v2,D_char_jaccard,103,6680fc36f234,provide technical guidance to other personnel,1607,6544768291be,2,0.8892333984375,0.5422772765159607,5.050469398498535,0.16326530277729034,0.4285714328289032,0.7223473191261292,1
/home/jovyan/Joel_Pardo/AI4LABOUR/Mejoras/results_coursera/models/simcse_coursera_sup/sentence-transformers/all-MiniLM-L6-v2,D_char_jaccard,103,6680fc36f234,provide technical guidance to other personnel,2814,05eb79523820,3,0.4124121844768524,0.209609717130661,1.2610641717910767,0.07999999821186066,1.0,0.25940850377082825,1
/home/jovyan/Joel_Pardo/AI4LABOUR/Mejoras/results_coursera/models/simcse_coursera_sup/sentence-transformers/all-MiniLM-L6-v2,D_char_jaccard,103,6680fc36f234,provide technical guidance to other personnel,1554,ba67eebc2f04,4,0.4711950898170471,0.2678966224193573,1.9250082969665527,0.0882352963089943,0.8571428656578064,0.2879304587841034,1
/home/jovyan/Joel_Pardo/AI4LABOUR/Mejoras/results_coursera/models/simcse_coursera_sup/sentence-transformers/all-MiniLM-L6-v2,D_char_jaccard,103,6680fc36f234,provide technical guidance to other personnel,226,7e56613a2ebc,5,0.4855286657810211,0.2935178279876709,2.2168586254119873,0.0533333346247673,0.8571428656578064,0.2879304587841034,1
/home/jovyan/Joel_Pardo/AI4LABOUR/Mejoras/results_coursera/models/simcse_coursera_sup/sentence-transformers/all-MiniLM-L6-v2,D_char_jaccard,103,6680fc36f234,provide technical guidance to other personnel,4514,4b7555920681,6,0.40470205545425414,0.18906623125076294,1.027053952217102,0.03333333507180214,0.5714285969734192,0.36909428238868713,1
/home/jovyan/Joel_Pardo/AI4LABOUR/Mejoras/results_coursera/models/simcse_coursera_sup/sentence-transformers/all-MiniLM-L6-v2,D_char_jaccard,103,6680fc36f234,provide technical guidance to other personnel,4305,c17b06904856,7,0.4356813907623291,0.2652185559272766,1.8945025205612183,0.03529411926865578,0.875,0.23602791130542755,1
/home/jovyan/Joel_Pardo/AI4LABOUR/Mejoras/results_coursera/models/simcse_coursera_sup/sentence-transformers/all-MiniLM-L6-v2,D_char_jaccard,103,6680fc36f234,provide technical guidance to other personnel,3978,6918d9132472,8,0.8858865380287171,0.4238211512565613,3.701139450073242,0.1320754736661911,0.4285714328289032,1.0,1
/home/jovyan/Joel_Pardo/AI4LABOUR/Mejoras/results_coursera/models/simcse_coursera_sup/sentence-transformers/all-MiniLM-L6-v2,D_char_jaccard,103,6680fc36f234,provide technical guidance to other personnel,3213,e73f40d83ac6,9,0.6347288370132447,0.32889866828918457,2.6198806762695312,0.11224489659070969,0.5833333134651184,0.5787304639816284,1
/home/jovyan/Joel_Pardo/AI4LABOUR/Mejoras/results_coursera/models/simcse_coursera_sup/sentence-transformers/all-MiniLM-L6-v2,D_char_jaccard,103,6680fc36f234,provide technical guidance to other personnel,2647,ac073f7b4f0a,10,0.41842942237854003,0.19991688430309296,1.15065336227417,0.04918032884597778,0.5714285969734192,0.36909428238868713,1
/home/jovyan/Joel_Pardo/AI4LABOUR/Mejoras/results_coursera/models/simcse_coursera_sup/sentence-transformers/all-MiniLM-L6-v2,D_char_jaccard,104,985eed507e3a,analyze costs and benefits of proposed designs or projects,4828,0207b591a5d5,1,0.8602257251739502,0.4650800824165344,4.010050296783447,0.10526315867900848,0.30000001192092896,0.8758445382118225,1
/home/jovyan/Joel_Pardo/AI4LABOUR/Mejoras/results_coursera/models/simcse_coursera_sup/sentence-transformers/all-MiniLM-L6-v2,D_char_jaccard,104,985eed507e3a,analyze costs and benefits of proposed designs or projects,3880,3815b0b5a181,2,0.6820151686668396,0.27646687626838684,2.120069742202759,0.0714285746216774,0.30000001192092896,0.8758445382118225,1
/home/jovyan/Joel_Pardo/AI4LABOUR/Mejoras/results_coursera/models/simcse_coursera_sup/sentence-transformers/all-MiniLM-L6-v2,D_char_jaccard,104,985eed507e3a,analyze costs and benefits of proposed designs or projects,379,55cbbefb6882,3,0.6578441143035889,0.2572575807571411,1.9275848865509033,0.11538461595773697,0.6000000238418579,0.7936652302742004,1
/home/jovyan/Joel_Pardo/AI4LABOUR/Mejoras/results_coursera/models/simcse_coursera_sup/sentence-transformers/all-MiniLM-L6-v2,D_char_jaccard,104,985eed507e3a,analyze costs and benefits of proposed designs or projects,2300,754666b07e71,4,0.7892563223838807,0.4766611158847809,4.126096725463867,0.10483870655298233,0.7142857313156128,0.6208434700965881,1
/home/jovyan/Joel_Pardo/AI4LABOUR/Mejoras/results_coursera/models/simcse_coursera_sup/sentence-transformers/all-MiniLM-L6-v2,D_char_jaccard,104,985eed507e3a,analyze costs and benefits of proposed designs or projects,1585,22ab77af0930,5,0.6775137662887574,0.18282784521579742,1.1817690134048462,0.171875,0.4000000059604645,1.0,1
/home/jovyan/Joel_Pardo/AI4LABOUR/Mejoras/results_coursera/models/simcse_coursera_sup/sentence-transformers/all-MiniLM-L6-v2,D_char_jaccard,104,985eed507e3a,analyze costs and benefits of proposed designs or projects,2384,9f0afa80bca1,6,0.5600679397583008,0.32107359170913696,2.567047119140625,0.07608695328235626,0.699999988079071,0.4176998436450958,1
/home/jovyan/Joel_Pardo/AI4LABOUR/Mejoras/results_coursera/models/simcse_coursera_sup/sentence-transformers/all-MiniLM-L6-v2,D_char_jaccard,104,985eed507e3a,analyze costs and benefits of proposed designs or projects,2686,2e522a60ddc9,7,0.5234179496765137,0.20007771253585815,1.3546196222305298,0.08955223858356476,0.4000000059604645,0.7523999810218811,0
/home/jovyan/Joel_Pardo/AI4LABOUR/Mejoras/results_coursera/models/simcse_coursera_sup/sentence-transformers/all-MiniLM-L6-v2,D_char_jaccard,104,985eed507e3a,analyze costs and benefits of proposed designs or projects,2512,5de07ec45ece,8,0.5252451479434967,0.3635643720626831,2.99282169342041,0.14492753148078918,0.5,0.2170133888721466,1
/home/jovyan/Joel_Pardo/AI4LABOUR/Mejoras/results_coursera/models/simcse_coursera_sup/sentence-transformers/all-MiniLM-L6-v2,D_char_jaccard,104,985eed507e3a,analyze costs and benefits of proposed designs or projects,2728,b12a99169d3e,9,0.524090588092804,0.24832160770893097,1.838042974472046,0.1818181872367859,0.7692307829856873,0.5417125225067139,0
/home/jovyan/Joel_Pardo/AI4LABOUR/Mejoras/results_coursera/models/simcse_coursera_sup/sentence-transformers/all-MiniLM-L6-v2,D_char_jaccard,104,985eed507e3a,analyze costs and benefits of proposed designs or projects,3373,f8d0bd176b39,10,0.6464963436126709,0.4758215844631195,4.117684364318848,0.22580644488334656,0.5,0.2170133888721466,1
/home/jovyan/Joel_Pardo/AI4LABOUR/Mejoras/results_coursera/models/simcse_coursera_sup/sentence-transformers/all-MiniLM-L6-v2,D_char_jaccard,105,8bb47fa10a52,investigate the environmental impact of projects,2999,a4a640d71221,1,1.1964349031448365,0.6998893618583679,7.079205513000488,0.35185185074806213,0.5714285969734192,1.0,1
/home/jovyan/Joel_Pardo/AI4LABOUR/Mejoras/results_coursera/models/simcse_coursera_sup/sentence-transformers/all-MiniLM-L6-v2,D_char_jaccard,105,8bb47fa10a52,investigate the environmental impact of projects,379,55cbbefb6882,2,0.6283734321594239,0.2659037411212921,2.2138946056365967,0.125,0.8571428656578064,0.6623822450637817,1
/home/jovyan/Joel_Pardo/AI4LABOUR/Mejoras/results_coursera/models/simcse_coursera_sup/sentence-transformers/all-MiniLM-L6-v2,D_char_jaccard,105,8bb47fa10a52,investigate the environmental impact of projects,2384,9f0afa80bca1,3,0.47224133014678954,0.306633859872818,2.6705102920532227,0.04494382068514824,1.0,0.21258723735809326,1
/home/jovyan/Joel_Pardo/AI4LABOUR/Mejoras/results_coursera/models/simcse_coursera_sup/sentence-transformers/all-MiniLM-L6-v2,D_char_jaccard,105,8bb47fa10a52,investigate the environmental impact of projects,5101,0ab6c77c51b9,4,0.5062565982341767,0.26881712675094604,2.246555805206299,0.0972222238779068,0.875,0.36566415429115295,1
/home/jovyan/Joel_Pardo/AI4LABOUR/Mejoras/results_coursera/models/simcse_coursera_sup/sentence-transformers/all-MiniLM-L6-v2,D_char_jaccard,105,8bb47fa10a52,investigate the environmental impact of projects,4708,917c5a35fdf5,5,0.4458400785923004,0.18250241875648499,1.2789018154144287,0.0833333358168602,1.0,0.40188631415367126,1
/home/jovyan/Joel_Pardo/AI4LABOUR/Mejoras/results_coursera/models/simcse_coursera_sup/sentence-transformers/all-MiniLM-L6-v2,D_char_jaccard,105,8bb47fa10a52,investigate the environmental impact of projects,2300,754666b07e71,6,0.8630330443382264,0.5452620983123779,5.345715522766113,0.1592920422554016,0.5,0.643685519695282,1
/home/jovyan/Joel_Pardo/AI4LABOUR/Mejoras/results_coursera/models/simcse_coursera_sup/sentence-transformers/all-MiniLM-L6-v2,D_char_jaccard,105,8bb47fa10a52,investigate the environmental impact of projects,3782,0d6b3a3f8dee,7,0.5814033627510071,0.30969274044036865,2.7048027515411377,0.15189872682094574,0.7777777910232544,0.4395408034324646,1
/home/jovyan/Joel_Pardo/AI4LABOUR/Mejoras/results_coursera/models/simcse_coursera_sup/sentence-transformers/all-MiniLM-L6-v2,D_char_jaccard,105,8bb47fa10a52,investigate the environmental impact of projects,682,b4837b36e1b6,8,0.4798272728919983,0.2085637003183365,1.5710687637329102,0.0833333358168602,0.8571428656578064,0.4460737109184265,1
/home/jovyan/Joel_Pardo/AI4LABOUR/Mejoras/results_coursera/models/simcse_coursera_sup/sentence-transformers/all-MiniLM-L6-v2,D_char_jaccard,105,8bb47fa10a52,investigate the environmental impact of projects,2299,4344a6f8e289,9,0.5190821170806885,0.27100807428359985,2.271117925643921,0.11206896603107452,0.3888888955116272,0.4442829191684723,1
/home/jovyan/Joel_Pardo/AI4LABOUR/Mejoras/results_coursera/models/simcse_coursera_sup/sentence-transformers/all-MiniLM-L6-v2,D_char_jaccard,105,8bb47fa10a52,investigate the environmental impact of projects,2446,a18b251c5cc8,10,0.7256933927536011,0.4209498465061188,3.952080011367798,0.145454540848732,0.5714285969734192,0.5797586441040039,1
/home/jovyan/Joel_Pardo/AI4LABOUR/Mejoras/results_coursera/models/simcse_coursera_sup/sentence-transformers/all-MiniLM-L6-v2,D_char_jaccard,106,48548f20bc23,estimate labor requirements,1649,bd1d85f33bd2,1,0.9811569929122925,0.4929521679878235,6.202561855316162,0.20000000298023224,0.75,1.0,1
/home/jovyan/Joel_Pardo/AI4LABOUR/Mejoras/results_coursera/models/simcse_coursera_sup/sentence-transformers/all-MiniLM-L6-v2,D_char_jaccard,106,48548f20bc23,estimate labor requirements,4258,2edf95aa0513,2,0.8740246176719666,0.44350218772888184,5.545499324798584,0.125,1.0,0.8590565323829651,1
/home/jovyan/Joel_Pardo/AI4LABOUR/Mejoras/results_coursera/models/simcse_coursera_sup/sentence-transformers/all-MiniLM-L6-v2,D_char_jaccard,106,48548f20bc23,estimate labor requirements,3981,c3c0e3736c09,3,0.7588491320610047,0.273936927318573,3.292415142059326,0.35483869910240173,0.75,0.8402405977249146,1
/home/jovyan/Joel_Pardo/AI4LABOUR/Mejoras/results_coursera/models/simcse_coursera_sup/sentence-transformers/all-MiniLM-L6-v2,D_char_jaccard,106,48548f20bc23,estimate labor requirements,2092,a3727e4c2309,4,0.3249231457710266,0.26402395963668823,3.1606974601745605,0.01587301678955555,0.6666666865348816,0.0,1
/home/jovyan/Joel_Pardo/AI4LABOUR/Mejoras/results_coursera/models/simcse_coursera_sup/sentence-transformers/all-MiniLM-L6-v2,D_char_jaccard,106,48548f20bc23,estimate labor requirements,21,fde87c6ea624,5,0.34139569401741027,0.24296489357948303,2.8808770179748535,0.09090909361839294,1.0,0.0,1
/home/jovyan/Joel_Pardo/AI4LABOUR/Mejoras/results_coursera/models/simcse_coursera_sup/sentence-transformers/all-MiniLM-L6-v2,D_char_jaccard,106,48548f20bc23,estimate labor requirements,1425,4eaf6bd7e5db,6,0.3577934980392456,0.2864372134208679,3.4585118293762207,0.0,1.0,0.0,1
/home/jovyan/Joel_Pardo/AI4LABOUR/Mejoras/results_coursera/models/simcse_coursera_sup/sentence-transformers/all-MiniLM-L6-v2,D_char_jaccard,106,48548f20bc23,estimate labor requirements,2098,fdf6f5dbede6,7,0.8096417665481568,0.3538643717765808,4.35444450378418,0.2702702581882477,0.75,0.8402405977249146,1
/home/jovyan/Joel_Pardo/AI4LABOUR/Mejoras/results_coursera/models/simcse_coursera_sup/sentence-transformers/all-MiniLM-L6-v2,D_char_jaccard,106,48548f20bc23,estimate labor requirements,1655,d2d9af73ffb2,8,0.33047767281532286,0.2560862898826599,3.0552263259887695,0.0,1.0,0.0,1
/home/jovyan/Joel_Pardo/AI4LABOUR/Mejoras/results_coursera/models/simcse_coursera_sup/sentence-transformers/all-MiniLM-L6-v2,D_char_jaccard,106,48548f20bc23,estimate labor requirements,2960,52556ab43bfc,9,0.3350450873374939,0.2889389991760254,3.4917540550231934,0.0,0.5,0.0,1
/home/jovyan/Joel_Pardo/AI4LABOUR/Mejoras/results_coursera/models/simcse_coursera_sup/sentence-transformers/all-MiniLM-L6-v2,D_char_jaccard,106,48548f20bc23,estimate labor requirements,2058,8160ad36acd8,10,0.34270142316818236,0.26040899753570557,3.112663984298706,0.0833333358168602,0.75,0.0,1
/home/jovyan/Joel_Pardo/AI4LABOUR/Mejoras/results_coursera/models/simcse_coursera_sup/sentence-transformers/all-MiniLM-L6-v2,D_char_jaccard,107,750257b28f11,perform human resources activities,395,4faf806bf7de,1,1.2911055564880372,0.7757382988929749,8.462465286254883,0.4117647111415863,0.800000011920929,1.0,1
/home/jovyan/Joel_Pardo/AI4LABOUR/Mejoras/results_coursera/models/simcse_coursera_sup/sentence-transformers/all-MiniLM-L6-v2,D_char_jaccard,107,750257b28f11,perform human resources activities,1675,8335d26464b5,2,0.4915379583835602,0.22742900252342224,1.8203449249267578,0.16363635659217834,1.0,0.48985692858695984,0
/home/jovyan/Joel_Pardo/AI4LABOUR/Mejoras/results_coursera/models/simcse_coursera_sup/sentence-transformers/all-MiniLM-L6-v2,D_char_jaccard,107,750257b28f11,perform human resources activities,3212,d8505c1983d9,3,0.4660443544387817,0.2899339199066162,2.5775182247161865,0.10869564861059189,0.4545454680919647,0.2630065977573395,1
/home/jovyan/Joel_Pardo/AI4LABOUR/Mejoras/results_coursera/models/simcse_coursera_sup/sentence-transformers/all-MiniLM-L6-v2,D_char_jaccard,107,750257b28f11,perform human resources activities,2796,bc4e6037a4eb,4,0.3981898307800293,0.07872025668621063,0.01891401596367359,0.10000000149011612,0.6000000238418579,0.5558539628982544,1
/home/jovyan/Joel_Pardo/AI4LABOUR/Mejoras/results_coursera/models/simcse_coursera_sup/sentence-transformers/all-MiniLM-L6-v2,D_char_jaccard,107,750257b28f11,perform human resources activities,3889,e7fd9e578cbd,5,0.4552898585796356,0.2175033986568451,1.7001079320907593,0.07547169923782349,0.8333333134651184,0.3725055456161499,1
/home/jovyan/Joel_Pardo/AI4LABOUR/Mejoras/results_coursera/models/simcse_coursera_sup/sentence-transformers/all-MiniLM-L6-v2,D_char_jaccard,107,750257b28f11,perform human resources activities,5098,e3454a3aaa1c,6,0.6998277187347413,0.38981300592422485,3.787435531616211,0.20000000298023224,0.800000011920929,0.5224900245666504,1
/home/jovyan/Joel_Pardo/AI4LABOUR/Mejoras/results_coursera/models/simcse_coursera_sup/sentence-transformers/all-MiniLM-L6-v2,D_char_jaccard,107,750257b28f11,perform human resources activities,1797,b08da67facc1,7,0.6158252835273743,0.36042001843452454,3.4313740730285645,0.09615384787321091,1.0,0.41852205991744995,1
/home/jovyan/Joel_Pardo/AI4LABOUR/Mejoras/results_coursera/models/simcse_coursera_sup/sentence-transformers/all-MiniLM-L6-v2,D_char_jaccard,107,750257b28f11,perform human resources activities,3138,ccf02218bea1,8,0.5394060492515564,0.26820552349090576,2.3143043518066406,0.12244898080825806,1.0,0.41852205991744995,1
/home/jovyan/Joel_Pardo/AI4LABOUR/Mejoras/results_coursera/models/simcse_coursera_sup/sentence-transformers/all-MiniLM-L6-v2,D_char_jaccard,107,750257b28f11,perform human resources activities,2233,d334de0d305d,9,0.7699636697769165,0.4149724245071411,4.092212200164795,0.22499999403953552,0.6000000238418579,0.6505963802337646,1
/home/jovyan/Joel_Pardo/AI4LABOUR/Mejoras/results_coursera/models/simcse_coursera_sup/sentence-transformers/all-MiniLM-L6-v2,D_char_jaccard,107,750257b28f11,perform human resources activities,2079,047e0f25229c,10,0.4336105287075043,0.19969530403614044,1.4843839406967163,0.19672131538391113,0.8333333134651184,0.4075944423675537,0
/home/jovyan/Joel_Pardo/AI4LABOUR/Mejoras/results_coursera/models/simcse_coursera_sup/sentence-transformers/all-MiniLM-L6-v2,D_char_jaccard,108,3f3251058257,administer standardized physical or psychological tests,3595,8639c05835d2,1,0.8402482748031617,0.42289263010025024,4.408911228179932,0.19696970283985138,0.5714285969734192,0.8295775651931763,1
/home/jovyan/Joel_Pardo/AI4LABOUR/Mejoras/results_coursera/models/simcse_coursera_sup/sentence-transformers/all-MiniLM-L6-v2,D_char_jaccard,108,3f3251058257,administer standardized physical or psychological tests,3458,29fb2efced4e,2,0.7216402769088746,0.277915358543396,2.739813804626465,0.1355932205915451,0.4285714328289032,0.9154738783836365,1
/home/jovyan/Joel_Pardo/AI4LABOUR/Mejoras/results_coursera/models/simcse_coursera_sup/sentence-transformers/all-MiniLM-L6-v2,D_char_jaccard,108,3f3251058257,administer standardized physical or psychological tests,4674,4cadd80580be,3,0.6956394195556641,0.31381696462631226,3.1531426906585693,0.10526315867900848,0.7142857313156128,0.7529352307319641,1
/home/jovyan/Joel_Pardo/AI4LABOUR/Mejoras/results_coursera/models/simcse_coursera_sup/sentence-transformers/all-MiniLM-L6-v2,D_char_jaccard,108,3f3251058257,administer standardized physical or psychological tests,138,800f68468dea,4,0.7505788683891297,0.2766420841217041,2.7251548767089844,0.12068965286016464,0.4285714328289032,1.0,1
/home/jovyan/Joel_Pardo/AI4LABOUR/Mejoras/results_coursera/models/simcse_coursera_sup/sentence-transformers/all-MiniLM-L6-v2,D_char_jaccard,108,3f3251058257,administer standardized physical or psychological tests,3766,94c75e9264bf,5,0.5554728388786316,0.24214744567871094,2.328024387359619,0.06578947603702545,1.0,0.5527319312095642,1
/home/jovyan/Joel_Pardo/AI4LABOUR/Mejoras/results_coursera/models/simcse_coursera_sup/sentence-transformers/all-MiniLM-L6-v2,D_char_jaccard,108,3f3251058257,administer standardized physical or psychological tests,1333,94e01be7879d,6,0.40043466091156005,0.31508970260620117,3.167795419692993,0.06741572916507721,1.0,0.0,1
/home/jovyan/Joel_Pardo/AI4LABOUR/Mejoras/results_coursera/models/simcse_coursera_sup/sentence-transformers/all-MiniLM-L6-v2,D_char_jaccard,108,3f3251058257,administer standardized physical or psychological tests,1290,586e2422dc62,7,0.457527357339859,0.4289986491203308,4.479208946228027,0.0,0.4285714328289032,0.0,1
/home/jovyan/Joel_Pardo/AI4LABOUR/Mejoras/results_coursera/models/simcse_coursera_sup/sentence-transformers/all-MiniLM-L6-v2,D_char_jaccard,108,3f3251058257,administer standardized physical or psychological tests,2201,d1ae9adeb7d6,8,0.4343966841697693,0.07587498426437378,0.4137592613697052,0.11688311398029327,0.7142857313156128,0.7529352307319641,0
/home/jovyan/Joel_Pardo/AI4LABOUR/Mejoras/results_coursera/models/simcse_coursera_sup/sentence-transformers/all-MiniLM-L6-v2,D_char_jaccard,108,3f3251058257,administer standardized physical or psychological tests,2928,643aa6618f5c,9,0.42173500657081603,0.38922935724258423,4.0213518142700195,0.0,0.4285714328289032,0.0,1
/home/jovyan/Joel_Pardo/AI4LABOUR/Mejoras/results_coursera/models/simcse_coursera_sup/sentence-transformers/all-MiniLM-L6-v2,D_char_jaccard,108,3f3251058257,administer standardized physical or psychological tests,4171,0ea00d86baf8,10,0.3723227858543396,0.32268670201301575,3.255258321762085,0.013333333656191826,0.5714285969734192,0.0,1
/home/jovyan/Joel_Pardo/AI4LABOUR/Mejoras/results_coursera/models/simcse_coursera_sup/sentence-transformers/all-MiniLM-L6-v2,D_char_jaccard,109,d052bd1e246e,manage human resources activities,395,4faf806bf7de,1,1.2653613567352295,0.739984929561615,7.723968982696533,0.4375,0.800000011920929,1.0,1
/home/jovyan/Joel_Pardo/AI4LABOUR/Mejoras/results_coursera/models/simcse_coursera_sup/sentence-transformers/all-MiniLM-L6-v2,D_char_jaccard,109,d052bd1e246e,manage human resources activities,1675,8335d26464b5,2,0.534186065196991,0.27310049533843994,2.2776877880096436,0.16981132328510284,1.0,0.48985692858695984,0
/home/jovyan/Joel_Pardo/AI4LABOUR/Mejoras/results_coursera/models/simcse_coursera_sup/sentence-transformers/all-MiniLM-L6-v2,D_char_jaccard,109,d052bd1e246e,manage human resources activities,2535,e97f0c698df9,3,0.7092655777931214,0.417758047580719,3.9651412963867188,0.1111111119389534,0.800000011920929,0.5387638211250305,1
/home/jovyan/Joel_Pardo/AI4LABOUR/Mejoras/results_coursera/models/simcse_coursera_sup/sentence-transformers/all-MiniLM-L6-v2,D_char_jaccard,109,d052bd1e246e,manage human resources activities,3596,12d4317a17e7,4,0.5745839357376099,0.28599822521209717,2.4281418323516846,0.11320754885673523,1.0,0.47220903635025024,1
/home/jovyan/Joel_Pardo/AI4LABOUR/Mejoras/results_coursera/models/simcse_coursera_sup/sentence-transformers/all-MiniLM-L6-v2,D_char_jaccard,109,d052bd1e246e,manage human resources activities,2079,047e0f25229c,5,0.5246558964252472,0.24902015924453735,1.9967868328094482,0.18333333730697632,0.8333333134651184,0.4075944423675537,1
/home/jovyan/Joel_Pardo/AI4LABOUR/Mejoras/results_coursera/models/simcse_coursera_sup/sentence-transformers/all-MiniLM-L6-v2,D_char_jaccard,109,d052bd1e246e,manage human resources activities,1047,aa556f470629,6,0.5889148592948914,0.25039470195770264,2.0128211975097656,0.20000000298023224,0.800000011920929,0.5588990449905396,1
/home/jovyan/Joel_Pardo/AI4LABOUR/Mejoras/results_coursera/models/simcse_coursera_sup/sentence-transformers/all-MiniLM-L6-v2,D_char_jaccard,109,d052bd1e246e,manage human resources activities,2874,656114a38931,7,0.690609622001648,0.34807783365249634,3.152310609817505,0.21621622145175934,0.6000000238418579,0.6082137823104858,1
/home/jovyan/Joel_Pardo/AI4LABOUR/Mejoras/results_coursera/models/simcse_coursera_sup/sentence-transformers/all-MiniLM-L6-v2,D_char_jaccard,109,d052bd1e246e,manage human resources activities,2444,d44779bdbd31,8,0.6107182979583741,0.33088821172714233,2.9517908096313477,0.12765957415103912,0.800000011920929,0.477510005235672,1
/home/jovyan/Joel_Pardo/AI4LABOUR/Mejoras/results_coursera/models/simcse_coursera_sup/sentence-transformers/all-MiniLM-L6-v2,D_char_jaccard,109,d052bd1e246e,manage human resources activities,3875,65db4ba50cb8,9,0.47109596729278563,0.15901485085487366,0.946860671043396,0.10256410390138626,0.6000000238418579,0.5558539628982544,1
/home/jovyan/Joel_Pardo/AI4LABOUR/Mejoras/results_coursera/models/simcse_coursera_sup/sentence-transformers/all-MiniLM-L6-v2,D_char_jaccard,109,d052bd1e246e,manage human resources activities,3138,ccf02218bea1,10,0.5126346230506897,0.2370121031999588,1.8567110300064087,0.12765957415103912,1.0,0.41852205991744995,1
/home/jovyan/Joel_Pardo/AI4LABOUR/Mejoras/results_coursera/models/simcse_coursera_sup/sentence-transformers/all-MiniLM-L6-v2,D_char_jaccard,110,d9dbdf9d5d1a,coordinate special events or programs,4591,7152fca0e366,1,0.7386025071144104,0.24172209203243256,2.1950929164886475,0.18421052396297455,0.5,1.0,1
/home/jovyan/Joel_Pardo/AI4LABOUR/Mejoras/results_coursera/models/simcse_coursera_sup/sentence-transformers/all-MiniLM-L6-v2,D_char_jaccard,110,d9dbdf9d5d1a,coordinate special events or programs,1694,d6c8c0983834,2,0.6051502108573914,0.12999148666858673,0.7810556888580322,0.05263157933950424,0.5,1.0,1
/home/jovyan/Joel_Pardo/AI4LABOUR/Mejoras/results_coursera/models/simcse_coursera_sup/sentence-transformers/all-MiniLM-L6-v2,D_char_jaccard,110,d9dbdf9d5d1a,coordinate special events or programs,842,08459c78079b,3,0.5373095750808716,0.489266574382782,5.327960014343262,0.05454545468091965,0.6666666865348816,0.0,1
/home/jovyan/Joel_Pardo/AI4LABOUR/Mejoras/results_coursera/models/simcse_coursera_sup/sentence-transformers/all-MiniLM-L6-v2,D_char_jaccard,110,d9dbdf9d5d1a,coordinate special events or programs,3054,bee9067ec1e5,4,0.5773829698562623,0.16800986230373383,1.2622076272964478,0.13333334028720856,0.8333333134651184,0.7529352307319641,1
/home/jovyan/Joel_Pardo/AI4LABOUR/Mejoras/results_coursera/models/simcse_coursera_sup/sentence-transformers/all-MiniLM-L6-v2,D_char_jaccard,110,d9dbdf9d5d1a,coordinate special events or programs,206,b49a9e6f7e10,5,0.6515172123908997,0.18554823100566864,1.4841692447662354,0.2380952388048172,0.5,1.0,0
/home/jovyan/Joel_Pardo/AI4LABOUR/Mejoras/results_coursera/models/simcse_coursera_sup/sentence-transformers/all-MiniLM-L6-v2,D_char_jaccard,110,d9dbdf9d5d1a,coordinate special events or programs,1260,63dfa587738c,6,0.7383581280708313,0.30407363176345825,2.9841997623443604,0.15094339847564697,0.6666666865348816,0.8590565323829651,1
/home/jovyan/Joel_Pardo/AI4LABOUR/Mejoras/results_coursera/models/simcse_coursera_sup/sentence-transformers/all-MiniLM-L6-v2,D_char_jaccard,110,d9dbdf9d5d1a,coordinate special events or programs,5302,41f251e17976,7,0.378752726316452,0.32568269968032837,3.2576794624328613,0.042553190141916275,0.5,0.0,1
/home/jovyan/Joel_Pardo/AI4LABOUR/Mejoras/results_coursera/models/simcse_coursera_sup/sentence-transformers/all-MiniLM-L6-v2,D_char_jaccard,110,d9dbdf9d5d1a,coordinate special events or programs,5297,c91a5c4b0bdb,8,0.7222880005836487,0.22954480350017548,2.0409798622131348,0.1627907007932663,0.5,1.0,1
/home/jovyan/Joel_Pardo/AI4LABOUR/Mejoras/results_coursera/models/simcse_coursera_sup/sentence-transformers/all-MiniLM-L6-v2,D_char_jaccard,110,d9dbdf9d5d1a,coordinate special events or programs,393,8e353e833bdc,9,0.37874462008476256,0.2933344841003418,2.848287582397461,0.0923076942563057,0.8333333134651184,0.0,1
/home/jovyan/Joel_Pardo/AI4LABOUR/Mejoras/results_coursera/models/simcse_coursera_sup/sentence-transformers/all-MiniLM-L6-v2,D_char_jaccard,110,d9dbdf9d5d1a,coordinate special events or programs,3726,d705cce2e286,10,0.36019428372383117,0.3261417746543884,3.2634894847869873,0.0,0.3333333432674408,0.0,1
/home/jovyan/Joel_Pardo/AI4LABOUR/Mejoras/results_coursera/models/simcse_coursera_sup/sentence-transformers/all-MiniLM-L6-v2,D_char_jaccard,111,059770361813,advise others on career or personal development,1203,3fe3042b3298,1,1.151817011833191,0.6663707494735718,7.289157867431641,0.3333333432674408,0.375,1.0,1
/home/jovyan/Joel_Pardo/AI4LABOUR/Mejoras/results_coursera/models/simcse_coursera_sup/sentence-transformers/all-MiniLM-L6-v2,D_char_jaccard,111,059770361813,advise others on career or personal development,5106,c983325cad2b,2,0.5629278898239136,0.21382910013198853,1.8181166648864746,0.1515151560306549,0.875,0.5971322655677795,1
/home/jovyan/Joel_Pardo/AI4LABOUR/Mejoras/results_coursera/models/simcse_coursera_sup/sentence-transformers/all-MiniLM-L6-v2,D_char_jaccard,111,059770361813,advise others on career or personal development,4370,330ceef13d7a,3,0.4704992949962616,0.18974773585796356,1.5269831418991089,0.0882352963089943,0.625,0.4910437762737274,1
/home/jovyan/Joel_Pardo/AI4LABOUR/Mejoras/results_coursera/models/simcse_coursera_sup/sentence-transformers/all-MiniLM-L6-v2,D_char_jaccard,111,059770361813,advise others on career or personal development,4698,d9d72ccfd6b7,4,0.6730173707008362,0.39741069078445435,4.03754186630249,0.13461539149284363,0.375,0.5323596596717834,1
/home/jovyan/Joel_Pardo/AI4LABOUR/Mejoras/results_coursera/models/simcse_coursera_sup/sentence-transformers/all-MiniLM-L6-v2,D_char_jaccard,111,059770361813,advise others on career or personal development,964,229a73b90a86,5,0.5237224280834198,0.3782985508441925,3.8064839839935303,0.08737864345312119,0.6153846383094788,0.20159965753555298,1
/home/jovyan/Joel_Pardo/AI4LABOUR/Mejoras/results_coursera/models/simcse_coursera_sup/sentence-transformers/all-MiniLM-L6-v2,D_char_jaccard,111,059770361813,advise others on career or personal development,789,0185cf91ab80,6,0.44729103446006774,0.2019120156764984,1.6740440130233765,0.13461539149284363,0.5,0.3922908902168274,1
/home/jovyan/Joel_Pardo/AI4LABOUR/Mejoras/results_coursera/models/simcse_coursera_sup/sentence-transformers/all-MiniLM-L6-v2,D_char_jaccard,111,059770361813,advise others on career or personal development,4293,9e7a807f0ec9,7,0.5264219522476197,0.2780262231826782,2.594233274459839,0.13846154510974884,0.625,0.4008323550224304,1
/home/jovyan/Joel_Pardo/AI4LABOUR/Mejoras/results_coursera/models/simcse_coursera_sup/sentence-transformers/all-MiniLM-L6-v2,D_char_jaccard,111,059770361813,advise others on career or personal development,4938,e9a2277aa12e,8,0.6044819235801697,0.3467426002025604,3.424985647201538,0.13793103396892548,0.5,0.4573270380496979,1
/home/jovyan/Joel_Pardo/AI4LABOUR/Mejoras/results_coursera/models/simcse_coursera_sup/sentence-transformers/all-MiniLM-L6-v2,D_char_jaccard,111,059770361813,advise others on career or personal development,1800,bd60ddc5bb14,9,0.7170475006103516,0.4395831823348999,4.547389984130859,0.0892857164144516,0.5,0.5602532029151917,1
/home/jovyan/Joel_Pardo/AI4LABOUR/Mejoras/results_coursera/models/simcse_coursera_sup/sentence-transformers/all-MiniLM-L6-v2,D_char_jaccard,111,059770361813,advise others on career or personal development,3559,d592234a226d,10,0.6225921988487244,0.39632028341293335,4.024359226226807,0.1599999964237213,0.8888888955116272,0.32864874601364136,1
/home/jovyan/Joel_Pardo/AI4LABOUR/Mejoras/results_coursera/models/simcse_coursera_sup/sentence-transformers/all-MiniLM-L6-v2,D_char_jaccard,112,6379204aa590,administer compensation or benefits programs,1585,22ab77af0930,1,1.231531548500061,0.7249484062194824,8.453923225402832,0.38297873735427856,0.6666666865348816,1.0,1
/home/jovyan/Joel_Pardo/AI4LABOUR/Mejoras/results_coursera/models/simcse_coursera_sup/sentence-transformers/all-MiniLM-L6-v2,D_char_jaccard,112,6379204aa590,administer compensation or benefits programs,3054,bee9067ec1e5,2,0.5306692004203797,0.26776885986328125,2.635793685913086,0.1538461595773697,0.8333333134651184,0.39887258410453796,1
/home/jovyan/Joel_Pardo/AI4LABOUR/Mejoras/results_coursera/models/simcse_coursera_sup/sentence-transformers/all-MiniLM-L6-v2,D_char_jaccard,112,6379204aa590,administer compensation or benefits programs,1694,d6c8c0983834,3,0.37950231432914733,0.09684977680444717,0.4606543779373169,0.021739130839705467,0.5,0.5297568440437317,1
/home/jovyan/Joel_Pardo/AI4LABOUR/Mejoras/results_coursera/models/simcse_coursera_sup/sentence-transformers/all-MiniLM-L6-v2,D_char_jaccard,112,6379204aa590,administer compensation or benefits programs,4625,5d2659469d06,4,0.3455254316329956,0.24194183945655823,2.3071155548095703,0.1111111119389534,1.0,0.0,1
/home/jovyan/Joel_Pardo/AI4LABOUR/Mejoras/results_coursera/models/simcse_coursera_sup/sentence-transformers/all-MiniLM-L6-v2,D_char_jaccard,112,6379204aa590,administer compensation or benefits programs,4591,7152fca0e366,5,0.5358897626399994,0.22614721953868866,2.1061110496520996,0.1818181872367859,0.5,0.5297568440437317,1
/home/jovyan/Joel_Pardo/AI4LABOUR/Mejoras/results_coursera/models/simcse_coursera_sup/sentence-transformers/all-MiniLM-L6-v2,D_char_jaccard,112,6379204aa590,administer compensation or benefits programs,3517,8ff14e361ee8,6,0.39858226776123046,0.30310678482055664,3.0855090618133545,0.16981132328510284,0.6666666865348816,0.0,1
/home/jovyan/Joel_Pardo/AI4LABOUR/Mejoras/results_coursera/models/simcse_coursera_sup/sentence-transformers/all-MiniLM-L6-v2,D_char_jaccard,112,6379204aa590,administer compensation or benefits programs,4192,7055a5d9f6f6,7,0.3583054423332214,0.2959514260292053,2.9944489002227783,0.06779661029577255,0.5,0.0,1
/home/jovyan/Joel_Pardo/AI4LABOUR/Mejoras/results_coursera/models/simcse_coursera_sup/sentence-transformers/all-MiniLM-L6-v2,D_char_jaccard,112,6379204aa590,administer compensation or benefits programs,3340,a135f62c7715,8,0.36047168374061583,0.30390575528144836,3.095676898956299,0.014492753893136978,0.6666666865348816,0.0,1
/home/jovyan/Joel_Pardo/AI4LABOUR/Mejoras/results_coursera/models/simcse_coursera_sup/sentence-transformers/all-MiniLM-L6-v2,D_char_jaccard,112,6379204aa590,administer compensation or benefits programs,2972,aa4eda621a1f,9,0.4709802448749542,0.33121389150619507,3.443203926086426,0.0782608687877655,0.4615384638309479,0.20061399042606354,1
/home/jovyan/Joel_Pardo/AI4LABOUR/Mejoras/results_coursera/models/simcse_coursera_sup/sentence-transformers/all-MiniLM-L6-v2,D_char_jaccard,112,6379204aa590,administer compensation or benefits programs,1245,e506448ed7d0,10,0.39733444452285765,0.3164827227592468,3.2557332515716553,0.0833333358168602,0.8333333134651184,0.0,1
/home/jovyan/Joel_Pardo/AI4LABOUR/Mejoras/results_coursera/models/simcse_coursera_sup/sentence-transformers/all-MiniLM-L6-v2,D_char_jaccard,113,322cdff981bb,"interview employees, customers, or others to collect information",404,04980744f74f,1,0.9494181752204895,0.5090384483337402,5.173880577087402,0.12068965286016464,0.2222222238779068,1.0,1
/home/jovyan/Joel_Pardo/AI4LABOUR/Mejoras/results_coursera/models/simcse_coursera_sup/sentence-transformers/all-MiniLM-L6-v2,D_char_jaccard,113,322cdff981bb,"interview employees, customers, or others to collect information",1916,c2162f90818e,2,0.6643699288368226,0.2859896421432495,2.4927589893341064,0.08219178020954132,0.5555555820465088,0.7716339230537415,1
/home/jovyan/Joel_Pardo/AI4LABOUR/Mejoras/results_coursera/models/simcse_coursera_sup/sentence-transformers/all-MiniLM-L6-v2,D_char_jaccard,113,322cdff981bb,"interview employees, customers, or others to collect information",3025,5653d4592b47,3,0.4752561032772064,0.19278687238693237,1.372430443763733,0.15625,0.8999999761581421,0.41921356320381165,1
/home/jovyan/Joel_Pardo/AI4LABOUR/Mejoras/results_coursera/models/simcse_coursera_sup/sentence-transformers/all-MiniLM-L6-v2,D_char_jaccard,113,322cdff981bb,"interview employees, customers, or others to collect information",4331,afa0135399b2,4,0.7458388686180115,0.39384812116622925,3.7892541885375977,0.13636364042758942,0.3333333432674408,0.7265449166297913,1
/home/jovyan/Joel_Pardo/AI4LABOUR/Mejoras/results_coursera/models/simcse_coursera_sup/sentence-transformers/all-MiniLM-L6-v2,D_char_jaccard,113,322cdff981bb,"interview employees, customers, or others to collect information",3566,581ac2a59c21,5,0.650227952003479,0.3250853419303894,2.9627022743225098,0.10869564861059189,1.0,0.5761929750442505,1
/home/jovyan/Joel_Pardo/AI4LABOUR/Mejoras/results_coursera/models/simcse_coursera_sup/sentence-transformers/all-MiniLM-L6-v2,D_char_jaccard,113,322cdff981bb,"interview employees, customers, or others to collect information",3735,15e993a286c5,6,0.5775045037269593,0.28449374437332153,2.4747776985168457,0.10400000214576721,0.692307710647583,0.5271119475364685,1
/home/jovyan/Joel_Pardo/AI4LABOUR/Mejoras/results_coursera/models/simcse_coursera_sup/sentence-transformers/all-MiniLM-L6-v2,D_char_jaccard,113,322cdff981bb,"interview employees, customers, or others to collect information",226,7e56613a2ebc,7,0.47259272933006286,0.280216783285141,2.4233672618865967,0.02150537632405758,0.6666666865348816,0.3292199671268463,1
/home/jovyan/Joel_Pardo/AI4LABOUR/Mejoras/results_coursera/models/simcse_coursera_sup/sentence-transformers/all-MiniLM-L6-v2,D_char_jaccard,113,322cdff981bb,"interview employees, customers, or others to collect information",3925,35c1bebe9ccc,8,0.6469685912132264,0.35008904337882996,3.2632551193237305,0.2151898741722107,0.6666666865348816,0.4868941009044647,1
/home/jovyan/Joel_Pardo/AI4LABOUR/Mejoras/results_coursera/models/simcse_coursera_sup/sentence-transformers/all-MiniLM-L6-v2,D_char_jaccard,113,322cdff981bb,"interview employees, customers, or others to collect information",3984,615b2ee6942c,9,0.49935272336006165,0.24523013830184937,2.0028159618377686,0.12820513546466827,0.5555555820465088,0.5470412969589233,0
/home/jovyan/Joel_Pardo/AI4LABOUR/Mejoras/results_coursera/models/simcse_coursera_sup/sentence-transformers/all-MiniLM-L6-v2,D_char_jaccard,113,322cdff981bb,"interview employees, customers, or others to collect information",4623,705109010747,10,0.5970376610755921,0.27052003145217896,2.306809186935425,0.1267605572938919,0.4444444477558136,0.6241431832313538,1
/home/jovyan/Joel_Pardo/AI4LABOUR/Mejoras/results_coursera/models/simcse_coursera_sup/sentence-transformers/all-MiniLM-L6-v2,D_char_jaccard,114,98e7b9000779,recruit personnel,3978,6918d9132472,1,1.1659768104553223,0.6651879549026489,6.616992473602295,0.26923078298568726,1.0,1.0,1
/home/jovyan/Joel_Pardo/AI4LABOUR/Mejoras/results_coursera/models/simcse_coursera_sup/sentence-transformers/all-MiniLM-L6-v2,D_char_jaccard,114,98e7b9000779,recruit personnel,402,b7acc0bf3a51,2,0.46267839074134826,0.40297597646713257,3.4974563121795654,0.0,1.0,0.0,1
/home/jovyan/Joel_Pardo/AI4LABOUR/Mejoras/results_coursera/models/simcse_coursera_sup/sentence-transformers/all-MiniLM-L6-v2,D_char_jaccard,114,98e7b9000779,recruit personnel,3476,a12b4ea43cb3,3,0.42917056679725646,0.3842636048793793,3.2748351097106934,0.0,0.6666666865348816,0.0,1
/home/jovyan/Joel_Pardo/AI4LABOUR/Mejoras/results_coursera/models/simcse_coursera_sup/sentence-transformers/all-MiniLM-L6-v2,D_char_jaccard,114,98e7b9000779,recruit personnel,2845,193819d19d3e,4,0.4349148452281952,0.3906461298465729,3.3507680892944336,0.0,0.6666666865348816,0.0,1
/home/jovyan/Joel_Pardo/AI4LABOUR/Mejoras/results_coursera/models/simcse_coursera_sup/sentence-transformers/all-MiniLM-L6-v2,D_char_jaccard,114,98e7b9000779,recruit personnel,1774,a6666b49f3d0,5,0.4727512180805206,0.4054874777793884,3.5273356437683105,0.03125,1.0,0.0,1
/home/jovyan/Joel_Pardo/AI4LABOUR/Mejoras/results_coursera/models/simcse_coursera_sup/sentence-transformers/all-MiniLM-L6-v2,D_char_jaccard,114,98e7b9000779,recruit personnel,4829,48bed0b3abd1,6,0.4308475136756897,0.38612687587738037,3.2970025539398193,0.0,0.6666666865348816,0.0,1
/home/jovyan/Joel_Pardo/AI4LABOUR/Mejoras/results_coursera/models/simcse_coursera_sup/sentence-transformers/all-MiniLM-L6-v2,D_char_jaccard,114,98e7b9000779,recruit personnel,406,bf1b5efc3fd1,7,0.48250557780265807,0.4388951063156128,3.92478609085083,0.0,0.75,0.0,1
/home/jovyan/Joel_Pardo/AI4LABOUR/Mejoras/results_coursera/models/simcse_coursera_sup/sentence-transformers/all-MiniLM-L6-v2,D_char_jaccard,114,98e7b9000779,recruit personnel,1496,06e5c0d0f9ea,8,0.408497679233551,0.3612937331199646,3.0015625953674316,0.0,0.6666666865348816,0.0,1
/home/jovyan/Joel_Pardo/AI4LABOUR/Mejoras/results_coursera/models/simcse_coursera_sup/sentence-transformers/all-MiniLM-L6-v2,D_char_jaccard,114,98e7b9000779,recruit personnel,1345,7856ebf310df,9,0.855903971195221,0.7812513113021851,7.997797966003418,0.2777777910232544,0.6666666865348816,0.0,1
/home/jovyan/Joel_Pardo/AI4LABOUR/Mejoras/results_coursera/models/simcse_coursera_sup/sentence-transformers/all-MiniLM-L6-v2,D_char_jaccard,114,98e7b9000779,recruit personnel,3426,84a4a7bd5473,10,0.4192186176776886,0.35468733310699463,2.922966241836548,0.0,1.0,0.0,1
/home/jovyan/Joel_Pardo/AI4LABOUR/Mejoras/results_coursera/models/simcse_coursera_sup/sentence-transformers/all-MiniLM-L6-v2,D_char_jaccard,115,830e9df61ddd,communicate organizational policies and procedures,1575,992d0aad8b43,1,0.9133312582969666,0.5298234224319458,4.951217174530029,0.2321428507566452,0.5,0.7586362361907959,1
/home/jovyan/Joel_Pardo/AI4LABOUR/Mejoras/results_coursera/models/simcse_coursera_sup/sentence-transformers/all-MiniLM-L6-v2,D_char_jaccard,115,830e9df61ddd,communicate organizational policies and procedures,3095,250ff4c36d7a,2,0.7138275384902955,0.2641013562679291,1.9799187183380127,0.19672131538391113,0.6666666865348816,0.8590565323829651,1
/home/jovyan/Joel_Pardo/AI4LABOUR/Mejoras/results_coursera/models/simcse_coursera_sup/sentence-transformers/all-MiniLM-L6-v2,D_char_jaccard,115,830e9df61ddd,communicate organizational policies and procedures,1555,5f8ae87ccde0,3,0.7090877175331116,0.3231862187385559,2.6406044960021973,0.1428571492433548,0.8333333134651184,0.7270978689193726,1
/home/jovyan/Joel_Pardo/AI4LABOUR/Mejoras/results_coursera/models/simcse_coursera_sup/sentence-transformers/all-MiniLM-L6-v2,D_char_jaccard,115,830e9df61ddd,communicate organizational policies and procedures,3984,615b2ee6942c,4,0.5146074175834656,0.318520188331604,2.5884289741516113,0.1304347813129425,0.8333333134651184,0.25915980339050293,1
/home/jovyan/Joel_Pardo/AI4LABOUR/Mejoras/results_coursera/models/simcse_coursera_sup/sentence-transformers/all-MiniLM-L6-v2,D_char_jaccard,115,830e9df61ddd,communicate organizational policies and procedures,1869,243f7993b10e,5,0.49299370050430297,0.3323923349380493,2.743546962738037,0.0714285746216774,0.8571428656578064,0.20781584084033966,1
/home/jovyan/Joel_Pardo/AI4LABOUR/Mejoras/results_coursera/models/simcse_coursera_sup/sentence-transformers/all-MiniLM-L6-v2,D_char_jaccard,115,830e9df61ddd,communicate organizational policies and procedures,3844,9d3455eb929f,6,0.5130231261253357,0.33835917711257935,2.8102681636810303,0.06493506580591202,1.0,0.2306651771068573,1
/home/jovyan/Joel_Pardo/AI4LABOUR/Mejoras/results_coursera/models/simcse_coursera_sup/sentence-transformers/all-MiniLM-L6-v2,D_char_jaccard,115,830e9df61ddd,communicate organizational policies and procedures,688,675b456b5403,7,0.46553780436515807,0.323709100484848,2.646451234817505,0.13740457594394684,0.3529411852359772,0.18050359189510345,1
/home/jovyan/Joel_Pardo/AI4LABOUR/Mejoras/results_coursera/models/simcse_coursera_sup/sentence-transformers/all-MiniLM-L6-v2,D_char_jaccard,115,830e9df61ddd,communicate organizational policies and procedures,3603,d590836dad8c,8,0.6848250508308411,0.32192420959472656,2.626492738723755,0.14492753148078918,1.0,0.6471534967422485,1
/home/jovyan/Joel_Pardo/AI4LABOUR/Mejoras/results_coursera/models/simcse_coursera_sup/sentence-transformers/all-MiniLM-L6-v2,D_char_jaccard,115,830e9df61ddd,communicate organizational policies and procedures,3586,f77f2bcecc27,9,0.5716757655143738,0.48719650506973267,4.4745635986328125,0.1827957034111023,0.75,0.0,1
/home/jovyan/Joel_Pardo/AI4LABOUR/Mejoras/results_coursera/models/simcse_coursera_sup/sentence-transformers/all-MiniLM-L6-v2,D_char_jaccard,115,830e9df61ddd,communicate organizational policies and procedures,1554,ba67eebc2f04,10,0.6445963263511658,0.28227198123931885,2.1831023693084717,0.1267605572938919,1.0,0.6471534967422485,1
/home/jovyan/Joel_Pardo/AI4LABOUR/Mejoras/results_coursera/models/simcse_coursera_sup/sentence-transformers/all-MiniLM-L6-v2,D_char_jaccard,116,1cf7420e0aac,advise others on legal or regulatory compliance matters,3872,4e4ff7039f22,1,1.1775882720947266,0.6884171962738037,7.763880252838135,0.36538460850715637,0.3333333432674408,1.0,1
/home/jovyan/Joel_Pardo/AI4LABOUR/Mejoras/results_coursera/models/simcse_coursera_sup/sentence-transformers/all-MiniLM-L6-v2,D_char_jaccard,116,1cf7420e0aac,advise others on legal or regulatory compliance matters,1556,62317ddbee32,2,0.4161762475967407,0.18260926008224487,1.7298604249954224,0.09090909361839294,0.6666666865348816,0.36441829800605774,1
/home/jovyan/Joel_Pardo/AI4LABOUR/Mejoras/results_coursera/models/simcse_coursera_sup/sentence-transformers/all-MiniLM-L6-v2,D_char_jaccard,116,1cf7420e0aac,advise others on legal or regulatory compliance matters,1702,6b306e6c84b1,3,0.6158199191093445,0.39694643020629883,4.2867889404296875,0.07692307978868484,0.4444444477558136,0.4177878797054291,1
/home/jovyan/Joel_Pardo/AI4LABOUR/Mejoras/results_coursera/models/simcse_coursera_sup/sentence-transformers/all-MiniLM-L6-v2,D_char_jaccard,116,1cf7420e0aac,advise others on legal or regulatory compliance matters,3762,3f9e06094af7,4,0.43349345326423644,0.26103946566581726,2.6654911041259766,0.05263157933950424,0.6666666865348816,0.2551667392253876,1
/home/jovyan/Joel_Pardo/AI4LABOUR/Mejoras/results_coursera/models/simcse_coursera_sup/sentence-transformers/all-MiniLM-L6-v2,D_char_jaccard,116,1cf7420e0aac,advise others on legal or regulatory compliance matters,3733,ef8db7afdaaf,5,0.3588179528713226,0.292356938123703,3.0390918254852295,0.032786883413791656,0.75,0.0,1
/home/jovyan/Joel_Pardo/AI4LABOUR/Mejoras/results_coursera/models/simcse_coursera_sup/sentence-transformers/all-MiniLM-L6-v2,D_char_jaccard,116,1cf7420e0aac,advise others on legal or regulatory compliance matters,966,902230e0e377,6,0.446185964345932,0.2896827459335327,3.007189989089966,0.10852713137865067,0.5625,0.20053674280643463,1
/home/jovyan/Joel_Pardo/AI4LABOUR/Mejoras/results_coursera/models/simcse_coursera_sup/sentence-transformers/all-MiniLM-L6-v2,D_char_jaccard,116,1cf7420e0aac,advise others on legal or regulatory compliance matters,360,a6832284ad57,7,0.4829433739185333,0.4433252811431885,4.84006404876709,0.02469135820865631,0.5555555820465088,0.0,1
/home/jovyan/Joel_Pardo/AI4LABOUR/Mejoras/results_coursera/models/simcse_coursera_sup/sentence-transformers/all-MiniLM-L6-v2,D_char_jaccard,116,1cf7420e0aac,advise others on legal or regulatory compliance matters,1334,51d17dc5df8a,8,0.40082578659057616,0.32625138759613037,3.443434476852417,0.051020409911870956,0.8888888955116272,0.0,1
/home/jovyan/Joel_Pardo/AI4LABOUR/Mejoras/results_coursera/models/simcse_coursera_sup/sentence-transformers/all-MiniLM-L6-v2,D_char_jaccard,116,1cf7420e0aac,advise others on legal or regulatory compliance matters,3179,5ffef7f46939,9,0.398615288734436,0.3549429178237915,3.7857093811035156,0.02777777798473835,0.4444444477558136,0.0,1
/home/jovyan/Joel_Pardo/AI4LABOUR/Mejoras/results_coursera/models/simcse_coursera_sup/sentence-transformers/all-MiniLM-L6-v2,D_char_jaccard,116,1cf7420e0aac,advise others on legal or regulatory compliance matters,3213,e73f40d83ac6,10,0.518398928642273,0.37675151228904724,4.045874118804932,0.05309734493494034,0.75,0.19637061655521393,1
/home/jovyan/Joel_Pardo/AI4LABOUR/Mejoras/results_coursera/models/simcse_coursera_sup/sentence-transformers/all-MiniLM-L6-v2,D_char_jaccard,117,f2f5eb941075,liaise between departments or other groups to improve function or communication,4942,765bf972fcf8,1,0.9177873611450196,0.43972137570381165,3.8832790851593018,0.20481927692890167,0.4166666567325592,1.0,1
/home/jovyan/Joel_Pardo/AI4LABOUR/Mejoras/results_coursera/models/simcse_coursera_sup/sentence-transformers/all-MiniLM-L6-v2,D_char_jaccard,117,f2f5eb941075,liaise between departments or other groups to improve function or communication,149,a1be0f01fcf6,2,0.4977970004081726,0.3562653660774231,2.9925003051757812,0.05932203307747841,0.75,0.1870691329240799,1
/home/jovyan/Joel_Pardo/AI4LABOUR/Mejoras/results_coursera/models/simcse_coursera_sup/sentence-transformers/all-MiniLM-L6-v2,D_char_jaccard,117,f2f5eb941075,liaise between departments or other groups to improve function or communication,4323,19176e84c3ba,3,0.541082638502121,0.2290840744972229,1.6350141763687134,0.13750000298023224,0.3333333432674408,0.5846632719039917,1
/home/jovyan/Joel_Pardo/AI4LABOUR/Mejoras/results_coursera/models/simcse_coursera_sup/sentence-transformers/all-MiniLM-L6-v2,D_char_jaccard,117,f2f5eb941075,liaise between departments or other groups to improve function or communication,1711,48410a978891,4,0.4453110873699188,0.29236945509910583,2.3104989528656006,0.08888889104127884,1.0,0.14989088475704193,1
/home/jovyan/Joel_Pardo/AI4LABOUR/Mejoras/results_coursera/models/simcse_coursera_sup/sentence-transformers/all-MiniLM-L6-v2,D_char_jaccard,117,f2f5eb941075,liaise between departments or other groups to improve function or communication,2148,21fa4262c46d,5,0.463284957408905,0.21819093823432922,1.5187448263168335,0.09565217047929764,0.6666666865348816,0.3991668224334717,1
/home/jovyan/Joel_Pardo/AI4LABOUR/Mejoras/results_coursera/models/simcse_coursera_sup/sentence-transformers/all-MiniLM-L6-v2,D_char_jaccard,117,f2f5eb941075,liaise between departments or other groups to improve function or communication,3504,1f0e1b209873,6,0.4874119937419891,0.17678023874759674,1.07674241065979,0.1111111119389534,0.3333333432674408,0.5846632719039917,1
/home/jovyan/Joel_Pardo/AI4LABOUR/Mejoras/results_coursera/models/simcse_coursera_sup/sentence-transformers/all-MiniLM-L6-v2,D_char_jaccard,117,f2f5eb941075,liaise between departments or other groups to improve function or communication,1559,05649ee43189,7,0.4882989704608917,0.46726205945014954,4.1772379875183105,0.021052632480859756,0.25,0.0,1
/home/jovyan/Joel_Pardo/AI4LABOUR/Mejoras/results_coursera/models/simcse_coursera_sup/sentence-transformers/all-MiniLM-L6-v2,D_char_jaccard,117,f2f5eb941075,liaise between departments or other groups to improve function or communication,878,d7f45b814c94,8,0.5384522259235383,0.19222499430179596,1.2415940761566162,0.12264151126146317,0.8333333134651184,0.6078066825866699,1
/home/jovyan/Joel_Pardo/AI4LABOUR/Mejoras/results_coursera/models/simcse_coursera_sup/sentence-transformers/all-MiniLM-L6-v2,D_char_jaccard,117,f2f5eb941075,liaise between departments or other groups to improve function or communication,2336,a486ea676cd5,9,0.4462675929069519,0.3012140989303589,2.4049034118652344,0.025423727929592133,0.5833333134651184,0.22413071990013123,1
/home/jovyan/Joel_Pardo/AI4LABOUR/Mejoras/results_coursera/models/simcse_coursera_sup/sentence-transformers/all-MiniLM-L6-v2,D_char_jaccard,117,f2f5eb941075,liaise between departments or other groups to improve function or communication,3590,9a31decf24c3,10,0.48828824162483214,0.27623236179351807,2.1382575035095215,0.14150942862033844,0.5833333134651184,0.31283771991729736,1
/home/jovyan/Joel_Pardo/AI4LABOUR/Mejoras/results_coursera/models/simcse_coursera_sup/sentence-transformers/all-MiniLM-L6-v2,D_char_jaccard,118,eb485b5cf6a6,compile operational data,4059,966ff254f415,1,0.8270453691482544,0.2951297461986542,2.849329948425293,0.2857142984867096,0.800000011920929,1.0,1
/home/jovyan/Joel_Pardo/AI4LABOUR/Mejoras/results_coursera/models/simcse_coursera_sup/sentence-transformers/all-MiniLM-L6-v2,D_char_jaccard,118,eb485b5cf6a6,compile operational data,3865,519e3b2f9462,2,0.6525006771087647,0.2812890410423279,2.692387104034424,0.3448275923728943,1.0,0.5328341126441956,1
/home/jovyan/Joel_Pardo/AI4LABOUR/Mejoras/results_coursera/models/simcse_coursera_sup/sentence-transformers/all-MiniLM-L6-v2,D_char_jaccard,118,eb485b5cf6a6,compile operational data,3967,4002d34c0e64,3,0.6296375870704651,0.5451855659484863,5.684767723083496,0.20588235557079315,0.75,0.0,1
/home/jovyan/Joel_Pardo/AI4LABOUR/Mejoras/results_coursera/models/simcse_coursera_sup/sentence-transformers/all-MiniLM-L6-v2,D_char_jaccard,118,eb485b5cf6a6,compile operational data,3272,75a60472874a,4,0.6760822415351868,0.42380040884017944,4.30835485458374,0.0714285746216774,0.800000011920929,0.46701183915138245,1
/home/jovyan/Joel_Pardo/AI4LABOUR/Mejoras/results_coursera/models/simcse_coursera_sup/sentence-transformers/all-MiniLM-L6-v2,D_char_jaccard,118,eb485b5cf6a6,compile operational data,278,830dfa120743,5,0.6328667283058167,0.2894445061683655,2.7848637104034424,0.14705882966518402,0.75,0.6202549934387207,1
/home/jovyan/Joel_Pardo/AI4LABOUR/Mejoras/results_coursera/models/simcse_coursera_sup/sentence-transformers/all-MiniLM-L6-v2,D_char_jaccard,118,eb485b5cf6a6,compile operational data,1916,c2162f90818e,6,0.6011157512664795,0.33185553550720215,3.2657718658447266,0.10256410390138626,0.800000011920929,0.46701183915138245,1
/home/jovyan/Joel_Pardo/AI4LABOUR/Mejoras/results_coursera/models/simcse_coursera_sup/sentence-transformers/all-MiniLM-L6-v2,D_char_jaccard,118,eb485b5cf6a6,compile operational data,525,41a7464b2f8c,7,0.7168123602867127,0.3801642656326294,3.8135552406311035,0.15625,0.75,0.6202549934387207,1
/home/jovyan/Joel_Pardo/AI4LABOUR/Mejoras/results_coursera/models/simcse_coursera_sup/sentence-transformers/all-MiniLM-L6-v2,D_char_jaccard,118,eb485b5cf6a6,compile operational data,529,876a8f680ffb,8,0.7925979971885682,0.48173168301582336,4.965250492095947,0.09375,0.75,0.6202549934387207,1
/home/jovyan/Joel_Pardo/AI4LABOUR/Mejoras/results_coursera/models/simcse_coursera_sup/sentence-transformers/all-MiniLM-L6-v2,D_char_jaccard,118,eb485b5cf6a6,compile operational data,1913,84391ee87d7c,9,0.5761593461036683,0.26910263299942017,2.5542027950286865,0.0833333358168602,1.0,0.5328341126441956,1
/home/jovyan/Joel_Pardo/AI4LABOUR/Mejoras/results_coursera/models/simcse_coursera_sup/sentence-transformers/all-MiniLM-L6-v2,D_char_jaccard,118,eb485b5cf6a6,compile operational data,1918,50dc77a549a6,10,0.6477253317832947,0.3352188467979431,3.3039090633392334,0.1315789520740509,1.0,0.5328341126441956,1
/home/jovyan/Joel_Pardo/AI4LABOUR/Mejoras/results_coursera/models/simcse_coursera_sup/sentence-transformers/all-MiniLM-L6-v2,D_char_jaccard,119,b729f6985724,analyze data to inform personnel decisions,2956,3cdbb6503c09,1,1.039155411720276,0.5592136979103088,4.447172164916992,0.2291666716337204,0.5714285969734192,1.0,1
/home/jovyan/Joel_Pardo/AI4LABOUR/Mejoras/results_coursera/models/simcse_coursera_sup/sentence-transformers/all-MiniLM-L6-v2,D_char_jaccard,119,b729f6985724,analyze data to inform personnel decisions,3978,6918d9132472,2,0.9241711378097535,0.46758514642715454,3.5574774742126465,0.18367347121238708,0.4285714328289032,0.9649940133094788,1
/home/jovyan/Joel_Pardo/AI4LABOUR/Mejoras/results_coursera/models/simcse_coursera_sup/sentence-transformers/all-MiniLM-L6-v2,D_char_jaccard,119,b729f6985724,analyze data to inform personnel decisions,2536,62bb27f24dab,3,0.6295429348945618,0.3115805387496948,2.0427041053771973,0.10000000149011612,0.5714285969734192,0.6138726472854614,1
/home/jovyan/Joel_Pardo/AI4LABOUR/Mejoras/results_coursera/models/simcse_coursera_sup/sentence-transformers/all-MiniLM-L6-v2,D_char_jaccard,119,b729f6985724,analyze data to inform personnel decisions,1452,41db1b32b4b9,4,0.8294445753097535,0.3953782916069031,2.856363534927368,0.20408163964748383,0.7142857313156128,0.8421736359596252,1
/home/jovyan/Joel_Pardo/AI4LABOUR/Mejoras/results_coursera/models/simcse_coursera_sup/sentence-transformers/all-MiniLM-L6-v2,D_char_jaccard,119,b729f6985724,analyze data to inform personnel decisions,1962,9e4e7d840e19,5,0.6302412033081055,0.4172232449054718,3.0684735774993896,0.08695652335882187,0.4285714328289032,0.4039313793182373,1
/home/jovyan/Joel_Pardo/AI4LABOUR/Mejoras/results_coursera/models/simcse_coursera_sup/sentence-transformers/all-MiniLM-L6-v2,D_char_jaccard,119,b729f6985724,analyze data to inform personnel decisions,1949,985516ab67e2,6,0.6036594986915589,0.4368005394935608,3.2585651874542236,0.051948051899671555,1.0,0.2438800185918808,1
/home/jovyan/Joel_Pardo/AI4LABOUR/Mejoras/results_coursera/models/simcse_coursera_sup/sentence-transformers/all-MiniLM-L6-v2,D_char_jaccard,119,b729f6985724,analyze data to inform personnel decisions,1727,7a8fd898a210,7,0.6687816858291626,0.2667856216430664,1.6077545881271362,0.21276596188545227,0.4285714328289032,0.7601363658905029,1
/home/jovyan/Joel_Pardo/AI4LABOUR/Mejoras/results_coursera/models/simcse_coursera_sup/sentence-transformers/all-MiniLM-L6-v2,D_char_jaccard,119,b729f6985724,analyze data to inform personnel decisions,2130,e96d22cceb48,8,0.5962999939918519,0.42296910285949707,3.124264717102051,0.05797101557254791,0.8571428656578064,0.2706946134567261,1
/home/jovyan/Joel_Pardo/AI4LABOUR/Mejoras/results_coursera/models/simcse_coursera_sup/sentence-transformers/all-MiniLM-L6-v2,D_char_jaccard,119,b729f6985724,analyze data to inform personnel decisions,5036,aa97518e352a,9,0.5970653772354126,0.3867853283882141,2.7729275226593018,0.06382978707551956,0.4285714328289032,0.4039313793182373,1
/home/jovyan/Joel_Pardo/AI4LABOUR/Mejoras/results_coursera/models/simcse_coursera_sup/sentence-transformers/all-MiniLM-L6-v2,D_char_jaccard,119,b729f6985724,analyze data to inform personnel decisions,1911,a94c420734a9,10,0.6142013549804688,0.4165557622909546,3.0619924068450928,0.08771929889917374,0.5714285969734192,0.3469998836517334,1
/home/jovyan/Joel_Pardo/AI4LABOUR/Mejoras/results_coursera/models/simcse_coursera_sup/sentence-transformers/all-MiniLM-L6-v2,D_char_jaccard,120,a04637eaf44a,investigate industrial or transportation accidents,107,20be59e19f80,1,0.8641964077949524,0.3834208846092224,4.004962921142578,0.1764705926179886,0.5,1.0,1
/home/jovyan/Joel_Pardo/AI4LABOUR/Mejoras/results_coursera/models/simcse_coursera_sup/sentence-transformers/all-MiniLM-L6-v2,D_char_jaccard,120,a04637eaf44a,investigate industrial or transportation accidents,5082,12408b06820b,2,0.4379901587963104,0.11427418142557144,0.5873481035232544,0.21250000596046448,1.0,0.5800459384918213,0
/home/jovyan/Joel_Pardo/AI4LABOUR/Mejoras/results_coursera/models/simcse_coursera_sup/sentence-transformers/all-MiniLM-L6-v2,D_char_jaccard,120,a04637eaf44a,investigate industrial or transportation accidents,1452,41db1b32b4b9,3,0.4223146319389343,0.3673866391181946,3.801360845565796,0.0,0.8333333134651184,0.0,1
/home/jovyan/Joel_Pardo/AI4LABOUR/Mejoras/results_coursera/models/simcse_coursera_sup/sentence-transformers/all-MiniLM-L6-v2,D_char_jaccard,120,a04637eaf44a,investigate industrial or transportation accidents,1694,d6c8c0983834,4,0.3741447329521179,0.006586398929357529,-0.7800674438476562,0.05999999865889549,0.5,0.8205423951148987,0
/home/jovyan/Joel_Pardo/AI4LABOUR/Mejoras/results_coursera/models/simcse_coursera_sup/sentence-transformers/all-MiniLM-L6-v2,D_char_jaccard,120,a04637eaf44a,investigate industrial or transportation accidents,1602,5ea97cc0076e,5,0.38838990330696105,0.34821099042892456,3.5578691959381104,0.0,0.5,0.0,1
/home/jovyan/Joel_Pardo/AI4LABOUR/Mejoras/results_coursera/models/simcse_coursera_sup/sentence-transformers/all-MiniLM-L6-v2,D_char_jaccard,120,a04637eaf44a,investigate industrial or transportation accidents,4681,dddc10be00dd,6,0.38325496315956115,0.3425055146217346,3.4854211807250977,0.0,0.5,0.0,1
/home/jovyan/Joel_Pardo/AI4LABOUR/Mejoras/results_coursera/models/simcse_coursera_sup/sentence-transformers/all-MiniLM-L6-v2,D_char_jaccard,120,a04637eaf44a,investigate industrial or transportation accidents,1756,00cb6cb82c34,7,0.3281214118003845,0.2719867527484894,2.5899765491485596,0.03333333507180214,0.5,0.0,1
/home/jovyan/Joel_Pardo/AI4LABOUR/Mejoras/results_coursera/models/simcse_coursera_sup/sentence-transformers/all-MiniLM-L6-v2,D_char_jaccard,120,a04637eaf44a,investigate industrial or transportation accidents,4806,fb76fbd7c8f3,8,0.32730998396873473,0.2386777549982071,2.167020082473755,0.15000000596046448,0.5,0.0,1
/home/jovyan/Joel_Pardo/AI4LABOUR/Mejoras/results_coursera/models/simcse_coursera_sup/sentence-transformers/all-MiniLM-L6-v2,D_char_jaccard,120,a04637eaf44a,investigate industrial or transportation accidents,4838,53dd4fb611bb,9,0.7103861451148987,0.28962886333465576,2.813995361328125,0.27586206793785095,0.6666666865348816,0.7435532808303833,1
/home/jovyan/Joel_Pardo/AI4LABOUR/Mejoras/results_coursera/models/simcse_coursera_sup/sentence-transformers/all-MiniLM-L6-v2,D_char_jaccard,120,a04637eaf44a,investigate industrial or transportation accidents,2728,b12a99169d3e,10,0.3332984745502472,0.1854235827922821,1.4908006191253662,0.07619047909975052,0.4615384638309479,0.31073179841041565,0
/home/jovyan/Joel_Pardo/AI4LABOUR/Mejoras/results_coursera/models/simcse_coursera_sup/sentence-transformers/all-MiniLM-L6-v2,D_char_jaccard,121,66497e9d2189,prepare reports related to compliance matters,835,e9aecb868cc4,1,1.0414170503616333,0.6347627639770508,6.701735496520996,0.19512194395065308,0.2857142984867096,0.8926606774330139,1
/home/jovyan/Joel_Pardo/AI4LABOUR/Mejoras/results_coursera/models/simcse_coursera_sup/sentence-transformers/all-MiniLM-L6-v2,D_char_jaccard,121,66497e9d2189,prepare reports related to compliance matters,4489,91f41a9ddfae,2,0.7515337347984314,0.3982715606689453,4.02292537689209,0.1090909093618393,0.5714285969734192,0.7181130647659302,1
/home/jovyan/Joel_Pardo/AI4LABOUR/Mejoras/results_coursera/models/simcse_coursera_sup/sentence-transformers/all-MiniLM-L6-v2,D_char_jaccard,121,66497e9d2189,prepare reports related to compliance matters,4590,5d45850c5baa,3,0.795858371257782,0.3855099380016327,3.878370523452759,0.13333334028720856,0.4285714328289032,0.8603436946868896,1
/home/jovyan/Joel_Pardo/AI4LABOUR/Mejoras/results_coursera/models/simcse_coursera_sup/sentence-transformers/all-MiniLM-L6-v2,D_char_jaccard,121,66497e9d2189,prepare reports related to compliance matters,2913,0a5b7130fab4,4,0.36276798248291015,0.2959326505661011,2.8637001514434814,0.04285714402794838,0.7142857313156128,0.0,1
/home/jovyan/Joel_Pardo/AI4LABOUR/Mejoras/results_coursera/models/simcse_coursera_sup/sentence-transformers/all-MiniLM-L6-v2,D_char_jaccard,121,66497e9d2189,prepare reports related to compliance matters,4293,9e7a807f0ec9,5,0.404142963886261,0.18525540828704834,1.6100242137908936,0.0923076942563057,0.7142857313156128,0.32155469059944153,1
/home/jovyan/Joel_Pardo/AI4LABOUR/Mejoras/results_coursera/models/simcse_coursera_sup/sentence-transformers/all-MiniLM-L6-v2,D_char_jaccard,121,66497e9d2189,prepare reports related to compliance matters,145,28d847b0e520,6,0.37503689527511597,0.19803164899349213,1.754744529724121,0.10731707513332367,0.20588235557079315,0.3992125689983368,0
/home/jovyan/Joel_Pardo/AI4LABOUR/Mejoras/results_coursera/models/simcse_coursera_sup/sentence-transformers/all-MiniLM-L6-v2,D_char_jaccard,121,66497e9d2189,prepare reports related to compliance matters,3332,72c021894860,7,0.7897226095199585,0.4407036006450653,4.503566741943359,0.1090909093618393,0.5714285969734192,0.7181130647659302,1
/home/jovyan/Joel_Pardo/AI4LABOUR/Mejoras/results_coursera/models/simcse_coursera_sup/sentence-transformers/all-MiniLM-L6-v2,D_char_jaccard,121,66497e9d2189,prepare reports related to compliance matters,3213,e73f40d83ac6,8,0.4447768807411194,0.2714805603027344,2.586723804473877,0.02857142873108387,0.5833333134651184,0.2853371500968933,1
/home/jovyan/Joel_Pardo/AI4LABOUR/Mejoras/results_coursera/models/simcse_coursera_sup/sentence-transformers/all-MiniLM-L6-v2,D_char_jaccard,121,66497e9d2189,prepare reports related to compliance matters,4311,dad8075f10c2,9,0.6676338195800782,0.36897504329681396,3.6910746097564697,0.1111111119389534,1.0,0.5194462537765503,1
/home/jovyan/Joel_Pardo/AI4LABOUR/Mejoras/results_coursera/models/simcse_coursera_sup/sentence-transformers/all-MiniLM-L6-v2,D_char_jaccard,121,66497e9d2189,prepare reports related to compliance matters,4310,506583358173,10,0.4427700936794281,0.17608490586280823,1.506147027015686,0.10606060922145844,1.0,0.5194462537765503,0
/home/jovyan/Joel_Pardo/AI4LABOUR/Mejoras/results_coursera/models/simcse_coursera_sup/sentence-transformers/all-MiniLM-L6-v2,D_char_jaccard,122,4e4a52d4b158,represent the organization in external relations,4106,7a6199e2dfd9,1,1.0119827270507813,0.5723330974578857,5.323647499084473,0.2429906576871872,0.46666666865348816,0.9070048928260803,1
/home/jovyan/Joel_Pardo/AI4LABOUR/Mejoras/results_coursera/models/simcse_coursera_sup/sentence-transformers/all-MiniLM-L6-v2,D_char_jaccard,122,4e4a52d4b158,represent the organization in external relations,5118,434b9bb7a113,2,0.8305749773979187,0.4091581702232361,3.513148784637451,0.1666666716337204,0.4285714328289032,0.87309330701828,1
/home/jovyan/Joel_Pardo/AI4LABOUR/Mejoras/results_coursera/models/simcse_coursera_sup/sentence-transformers/all-MiniLM-L6-v2,D_char_jaccard,122,4e4a52d4b158,represent the organization in external relations,4876,8bc94b559669,3,0.7518114924430848,0.3808831572532654,3.199424982070923,0.20000000298023224,0.4285714328289032,0.7189700603485107,1
/home/jovyan/Joel_Pardo/AI4LABOUR/Mejoras/results_coursera/models/simcse_coursera_sup/sentence-transformers/all-MiniLM-L6-v2,D_char_jaccard,122,4e4a52d4b158,represent the organization in external relations,3279,b0f50a193fe0,4,0.4782023310661316,0.23549267649650574,1.5862526893615723,0.033898305147886276,0.5714285969734192,0.44803231954574585,1
/home/jovyan/Joel_Pardo/AI4LABOUR/Mejoras/results_coursera/models/simcse_coursera_sup/sentence-transformers/all-MiniLM-L6-v2,D_char_jaccard,122,4e4a52d4b158,represent the organization in external relations,3562,1f7bad34c487,5,0.6270295858383179,0.4070579409599304,3.4898457527160645,0.1388888955116272,1.0,0.3148880898952484,1
/home/jovyan/Joel_Pardo/AI4LABOUR/Mejoras/results_coursera/models/simcse_coursera_sup/sentence-transformers/all-MiniLM-L6-v2,D_char_jaccard,122,4e4a52d4b158,represent the organization in external relations,2973,b3e3e74956d8,6,0.5492612302303315,0.2811065912246704,2.0923595428466797,0.10752688348293304,0.699999988079071,0.46095892786979675,1
/home/jovyan/Joel_Pardo/AI4LABOUR/Mejoras/results_coursera/models/simcse_coursera_sup/sentence-transformers/all-MiniLM-L6-v2,D_char_jaccard,122,4e4a52d4b158,represent the organization in external relations,3599,bff8df2dd761,7,0.5611392140388489,0.2846500277519226,2.1316754817962646,0.18867924809455872,0.5714285969734192,0.44803231954574585,1
/home/jovyan/Joel_Pardo/AI4LABOUR/Mejoras/results_coursera/models/simcse_coursera_sup/sentence-transformers/all-MiniLM-L6-v2,D_char_jaccard,122,4e4a52d4b158,represent the organization in external relations,1710,d548ad3bd5cf,8,0.8091039538383484,0.27538517117500305,2.0288777351379395,0.28947368264198303,0.7777777910232544,1.0,1
/home/jovyan/Joel_Pardo/AI4LABOUR/Mejoras/results_coursera/models/simcse_coursera_sup/sentence-transformers/all-MiniLM-L6-v2,D_char_jaccard,122,4e4a52d4b158,represent the organization in external relations,5120,399c4f53685e,9,0.886683988571167,0.4346223473548889,3.795685291290283,0.2075471729040146,0.4285714328289032,0.9305212497711182,1
/home/jovyan/Joel_Pardo/AI4LABOUR/Mejoras/results_coursera/models/simcse_coursera_sup/sentence-transformers/all-MiniLM-L6-v2,D_char_jaccard,122,4e4a52d4b158,represent the organization in external relations,2255,c6936e467f50,10,0.49289639592170714,0.24139434099197388,1.6517343521118164,0.0714285746216774,0.5714285969734192,0.44803231954574585,1
/home/jovyan/Joel_Pardo/AI4LABOUR/Mejoras/results_coursera/models/simcse_coursera_sup/sentence-transformers/all-MiniLM-L6-v2,D_char_jaccard,123,05f356a221b7,negotiate labor disputes,4258,2edf95aa0513,1,1.0605652809143067,0.5853128433227539,7.586556911468506,0.13513512909412384,1.0,1.0,1
/home/jovyan/Joel_Pardo/AI4LABOUR/Mejoras/results_coursera/models/simcse_coursera_sup/sentence-transformers/all-MiniLM-L6-v2,D_char_jaccard,123,05f356a221b7,negotiate labor disputes,3983,1292506f4417,2,0.6017857074737549,0.5063701272010803,6.485183238983154,0.18421052396297455,1.0,0.0,1
/home/jovyan/Joel_Pardo/AI4LABOUR/Mejoras/results_coursera/models/simcse_coursera_sup/sentence-transformers/all-MiniLM-L6-v2,D_char_jaccard,123,05f356a221b7,negotiate labor disputes,2913,0a5b7130fab4,3,0.414766925573349,0.3194810152053833,3.8777897357940674,0.1489361673593521,0.800000011920929,0.0,1
/home/jovyan/Joel_Pardo/AI4LABOUR/Mejoras/results_coursera/models/simcse_coursera_sup/sentence-transformers/all-MiniLM-L6-v2,D_char_jaccard,123,05f356a221b7,negotiate labor disputes,1559,05649ee43189,4,0.36517255306243895,0.30852508544921875,3.7249374389648438,0.0,0.75,0.0,1
/home/jovyan/Joel_Pardo/AI4LABOUR/Mejoras/results_coursera/models/simcse_coursera_sup/sentence-transformers/all-MiniLM-L6-v2,D_char_jaccard,123,05f356a221b7,negotiate labor disputes,1585,22ab77af0930,5,0.3488640069961548,0.27651557326316833,3.2783548831939697,0.0,1.0,0.0,1
/home/jovyan/Joel_Pardo/AI4LABOUR/Mejoras/results_coursera/models/simcse_coursera_sup/sentence-transformers/all-MiniLM-L6-v2,D_char_jaccard,123,05f356a221b7,negotiate labor disputes,778,220ffff9cb92,6,0.32375319600105285,0.2492760568857193,2.8983211517333984,0.0476190485060215,0.75,0.0,1
/home/jovyan/Joel_Pardo/AI4LABOUR/Mejoras/results_coursera/models/simcse_coursera_sup/sentence-transformers/all-MiniLM-L6-v2,D_char_jaccard,123,05f356a221b7,negotiate labor disputes,1210,2f2ae9ade083,7,0.32152395248413085,0.24613773822784424,2.854537010192871,0.0,1.0,0.0,1
/home/jovyan/Joel_Pardo/AI4LABOUR/Mejoras/results_coursera/models/simcse_coursera_sup/sentence-transformers/all-MiniLM-L6-v2,D_char_jaccard,123,05f356a221b7,negotiate labor disputes,3241,1e4571c1cfb8,8,0.4066043972969055,0.368449330329895,4.560973644256592,0.0,0.5,0.0,1
/home/jovyan/Joel_Pardo/AI4LABOUR/Mejoras/results_coursera/models/simcse_coursera_sup/sentence-transformers/all-MiniLM-L6-v2,D_char_jaccard,123,05f356a221b7,negotiate labor disputes,5176,a4cece74a4d9,9,0.3351240038871765,0.2612488865852356,3.0653610229492188,0.0,1.0,0.0,1
/home/jovyan/Joel_Pardo/AI4LABOUR/Mejoras/results_coursera/models/simcse_coursera_sup/sentence-transformers/all-MiniLM-L6-v2,D_char_jaccard,123,05f356a221b7,negotiate labor disputes,3220,3f0b17155681,10,0.32426257729530333,0.23595312237739563,2.7124457359313965,0.0476190485060215,1.0,0.0,1
/home/jovyan/Joel_Pardo/AI4LABOUR/Mejoras/results_coursera/models/simcse_coursera_sup/sentence-transformers/all-MiniLM-L6-v2,D_char_jaccard,124,3b11edaeeba4,document design or operational test results,2208,8a2fe72edc40,1,0.87560533285141,0.4123976230621338,4.157519817352295,0.1320754736661911,0.4285714328289032,1.0,1
/home/jovyan/Joel_Pardo/AI4LABOUR/Mejoras/results_coursera/models/simcse_coursera_sup/sentence-transformers/all-MiniLM-L6-v2,D_char_jaccard,124,3b11edaeeba4,document design or operational test results,1529,8c8790508d02,2,0.8270574688911438,0.3748399615287781,3.713123321533203,0.2083333283662796,0.4285714328289032,0.9154738783836365,1
/home/jovyan/Joel_Pardo/AI4LABOUR/Mejoras/results_coursera/models/simcse_coursera_sup/sentence-transformers/all-MiniLM-L6-v2,D_char_jaccard,124,3b11edaeeba4,document design or operational test results,3459,cc4e09d0f3d3,3,0.6626806139945984,0.3362310826778412,3.2562878131866455,0.0535714291036129,0.5714285969734192,0.6702709197998047,1
/home/jovyan/Joel_Pardo/AI4LABOUR/Mejoras/results_coursera/models/simcse_coursera_sup/sentence-transformers/all-MiniLM-L6-v2,D_char_jaccard,124,3b11edaeeba4,document design or operational test results,4585,9dfad2b7ba24,4,0.49702829122543335,0.29900869727134705,2.8158583641052246,0.11320754885673523,0.5714285969734192,0.4276179075241089,0
/home/jovyan/Joel_Pardo/AI4LABOUR/Mejoras/results_coursera/models/simcse_coursera_sup/sentence-transformers/all-MiniLM-L6-v2,D_char_jaccard,124,3b11edaeeba4,document design or operational test results,4059,966ff254f415,5,0.5161484479904175,0.14989469945430756,1.051484227180481,0.17741934955120087,0.7142857313156128,0.7529352307319641,0
/home/jovyan/Joel_Pardo/AI4LABOUR/Mejoras/results_coursera/models/simcse_coursera_sup/sentence-transformers/all-MiniLM-L6-v2,D_char_jaccard,124,3b11edaeeba4,document design or operational test results,1894,e2dff2ef2fd2,6,0.726388680934906,0.3404504656791687,3.30621337890625,0.1458333283662796,0.4285714328289032,0.7802407741546631,1
/home/jovyan/Joel_Pardo/AI4LABOUR/Mejoras/results_coursera/models/simcse_coursera_sup/sentence-transformers/all-MiniLM-L6-v2,D_char_jaccard,124,3b11edaeeba4,document design or operational test results,1423,4fa5fba1ff35,7,0.6105944991111756,0.36369118094444275,3.5812060832977295,0.13461539149284363,0.5714285969734192,0.4276179075241089,1
/home/jovyan/Joel_Pardo/AI4LABOUR/Mejoras/results_coursera/models/simcse_coursera_sup/sentence-transformers/all-MiniLM-L6-v2,D_char_jaccard,124,3b11edaeeba4,document design or operational test results,2688,0950dcce7437,8,0.7403477311134339,0.3954801857471466,3.957345962524414,0.15094339847564697,0.5714285969734192,0.6702709197998047,1
/home/jovyan/Joel_Pardo/AI4LABOUR/Mejoras/results_coursera/models/simcse_coursera_sup/sentence-transformers/all-MiniLM-L6-v2,D_char_jaccard,124,3b11edaeeba4,document design or operational test results,758,077b37efd178,9,0.596269428730011,0.23738528788089752,2.0867066383361816,0.15789473056793213,0.5714285969734192,0.786443829536438,0
/home/jovyan/Joel_Pardo/AI4LABOUR/Mejoras/results_coursera/models/simcse_coursera_sup/sentence-transformers/all-MiniLM-L6-v2,D_char_jaccard,124,3b11edaeeba4,document design or operational test results,4620,8b73e570ffc7,10,0.8398422479629517,0.3948323428630829,3.9496803283691406,0.1875,0.4285714328289032,0.9154738783836365,1
/home/jovyan/Joel_Pardo/AI4LABOUR/Mejoras/results_coursera/models/simcse_coursera_sup/sentence-transformers/all-MiniLM-L6-v2,D_char_jaccard,125,12a1310a48ad,create graphical representations of mechanical equipment,4268,5ac20d595bff,1,0.9961739659309388,0.5426464080810547,5.276283264160156,0.145454540848732,0.4285714328289032,1.0,1
/home/jovyan/Joel_Pardo/AI4LABOUR/Mejoras/results_coursera/models/simcse_coursera_sup/sentence-transformers/all-MiniLM-L6-v2,D_char_jaccard,125,12a1310a48ad,create graphical representations of mechanical equipment,64,23f7245fccee,2,0.9252877116203309,0.49209535121917725,4.718708515167236,0.1666666716337204,0.4285714328289032,0.923266589641571,1
/home/jovyan/Joel_Pardo/AI4LABOUR/Mejoras/results_coursera/models/simcse_coursera_sup/sentence-transformers/all-MiniLM-L6-v2,D_char_jaccard,125,12a1310a48ad,create graphical representations of mechanical equipment,3841,54b0f3339ac8,3,0.531721967458725,0.18919767439365387,1.3777697086334229,0.0892857164144516,0.4285714328289032,0.669235110282898,1
/home/jovyan/Joel_Pardo/AI4LABOUR/Mejoras/results_coursera/models/simcse_coursera_sup/sentence-transformers/all-MiniLM-L6-v2,D_char_jaccard,125,12a1310a48ad,create graphical representations of mechanical equipment,2641,414d1ab8da6a,4,0.6913601756095886,0.2924032509326935,2.5161197185516357,0.13235294818878174,0.5714285969734192,0.9163439273834229,0
/home/jovyan/Joel_Pardo/AI4LABOUR/Mejoras/results_coursera/models/simcse_coursera_sup/sentence-transformers/all-MiniLM-L6-v2,D_char_jaccard,125,12a1310a48ad,create graphical representations of mechanical equipment,5159,9db935732268,5,0.47615213990211486,0.2746357321739197,2.32014536857605,0.056338027119636536,0.7142857313156128,0.32295289635658264,1
/home/jovyan/Joel_Pardo/AI4LABOUR/Mejoras/results_coursera/models/simcse_coursera_sup/sentence-transformers/all-MiniLM-L6-v2,D_char_jaccard,125,12a1310a48ad,create graphical representations of mechanical equipment,1763,2a2ef56d1e9a,6,0.4904042959213257,0.22196626663208008,1.739205002784729,0.07352941483259201,0.8571428656578064,0.44848793745040894,1
/home/jovyan/Joel_Pardo/AI4LABOUR/Mejoras/results_coursera/models/simcse_coursera_sup/sentence-transformers/all-MiniLM-L6-v2,D_char_jaccard,125,12a1310a48ad,create graphical representations of mechanical equipment,1274,1a56873afe24,7,0.3804123282432556,0.18064168095588684,1.2833977937698364,0.03999999910593033,0.8571428656578064,0.28744420409202576,1
/home/jovyan/Joel_Pardo/AI4LABOUR/Mejoras/results_coursera/models/simcse_coursera_sup/sentence-transformers/all-MiniLM-L6-v2,D_char_jaccard,125,12a1310a48ad,create graphical representations of mechanical equipment,4044,32a696162ad2,8,0.43971553444862366,0.21255598962306976,1.635410189628601,0.10465116053819656,0.8571428656578064,0.44848793745040894,0
/home/jovyan/Joel_Pardo/AI4LABOUR/Mejoras/results_coursera/models/simcse_coursera_sup/sentence-transformers/all-MiniLM-L6-v2,D_char_jaccard,125,12a1310a48ad,create graphical representations of mechanical equipment,548,0586134e1b27,9,0.84216468334198,0.39367446303367615,3.63313364982605,0.17105263471603394,1.0,0.8627363443374634,1
/home/jovyan/Joel_Pardo/AI4LABOUR/Mejoras/results_coursera/models/simcse_coursera_sup/sentence-transformers/all-MiniLM-L6-v2,D_char_jaccard,125,12a1310a48ad,create graphical representations of mechanical equipment,4159,85b33a7f44f2,10,0.40469907522201537,0.2621683180332184,2.1826305389404297,0.10126582533121109,0.3333333432674408,0.19191119074821472,1
/home/jovyan/Joel_Pardo/AI4LABOUR/Mejoras/results_coursera/models/simcse_coursera_sup/sentence-transformers/all-MiniLM-L6-v2,D_char_jaccard,126,ebdb003908ef,research engineering applications of emerging technologies,2342,d9000beaf680,1,1.134338665008545,0.6369860172271729,6.9263200759887695,0.35849055647850037,0.4285714328289032,1.0,1
/home/jovyan/Joel_Pardo/AI4LABOUR/Mejoras/results_coursera/models/simcse_coursera_sup/sentence-transformers/all-MiniLM-L6-v2,D_char_jaccard,126,ebdb003908ef,research engineering applications of emerging technologies,3781,22b12fb7265d,2,0.5838038802146912,0.4213302731513977,4.305671215057373,0.09333333373069763,0.7142857313156128,0.23889759182929993,1
/home/jovyan/Joel_Pardo/AI4LABOUR/Mejoras/results_coursera/models/simcse_coursera_sup/sentence-transformers/all-MiniLM-L6-v2,D_char_jaccard,126,ebdb003908ef,research engineering applications of emerging technologies,2860,2f1aa5fd65c3,3,0.5982650399208069,0.3660072982311249,3.6333868503570557,0.1964285671710968,0.4285714328289032,0.37080681324005127,1
/home/jovyan/Joel_Pardo/AI4LABOUR/Mejoras/results_coursera/models/simcse_coursera_sup/sentence-transformers/all-MiniLM-L6-v2,D_char_jaccard,126,ebdb003908ef,research engineering applications of emerging technologies,2102,11c46a6000d3,4,0.5112527489662171,0.27656984329223633,2.5465426445007324,0.2068965584039688,0.4285714328289032,0.3479679524898529,1
/home/jovyan/Joel_Pardo/AI4LABOUR/Mejoras/results_coursera/models/simcse_coursera_sup/sentence-transformers/all-MiniLM-L6-v2,D_char_jaccard,126,ebdb003908ef,research engineering applications of emerging technologies,3142,ed60f88fd612,5,0.5210474312305451,0.3008323609828949,2.8413808345794678,0.1587301641702652,0.4285714328289032,0.3479679524898529,1
/home/jovyan/Joel_Pardo/AI4LABOUR/Mejoras/results_coursera/models/simcse_coursera_sup/sentence-transformers/all-MiniLM-L6-v2,D_char_jaccard,126,ebdb003908ef,research engineering applications of emerging technologies,970,7151c2b04314,6,0.5546175718307496,0.3144491910934448,3.006852626800537,0.1599999964237213,0.5714285969734192,0.3826046884059906,1
/home/jovyan/Joel_Pardo/AI4LABOUR/Mejoras/results_coursera/models/simcse_coursera_sup/sentence-transformers/all-MiniLM-L6-v2,D_char_jaccard,126,ebdb003908ef,research engineering applications of emerging technologies,2582,0be93a9a20bc,7,0.4978771090507507,0.284405380487442,2.6417601108551025,0.1780821979045868,0.7142857313156128,0.2791935205459595,1
/home/jovyan/Joel_Pardo/AI4LABOUR/Mejoras/results_coursera/models/simcse_coursera_sup/sentence-transformers/all-MiniLM-L6-v2,D_char_jaccard,126,ebdb003908ef,research engineering applications of emerging technologies,654,01ec6bcd7725,8,0.653739619255066,0.3820168077945709,3.827934503555298,0.24137930572032928,0.4285714328289032,0.44537776708602905,1
/home/jovyan/Joel_Pardo/AI4LABOUR/Mejoras/results_coursera/models/simcse_coursera_sup/sentence-transformers/all-MiniLM-L6-v2,D_char_jaccard,126,ebdb003908ef,research engineering applications of emerging technologies,4492,77bb92ac8bda,9,0.5440591752529145,0.32274961471557617,3.1077191829681396,0.171875,0.4285714328289032,0.3479679524898529,1
/home/jovyan/Joel_Pardo/AI4LABOUR/Mejoras/results_coursera/models/simcse_coursera_sup/sentence-transformers/all-MiniLM-L6-v2,D_char_jaccard,126,ebdb003908ef,research engineering applications of emerging technologies,4501,7e31f9e44f69,10,0.5427350282669068,0.37231388688087463,3.71002459526062,0.0882352963089943,0.699999988079071,0.2514842748641968,1
/home/jovyan/Joel_Pardo/AI4LABOUR/Mejoras/results_coursera/models/simcse_coursera_sup/sentence-transformers/all-MiniLM-L6-v2,D_char_jaccard,127,3d77dabe7560,design electromechanical equipment or systems,4723,66fe44b4fefa,1,0.9590386033058167,0.48347288370132446,5.119227886199951,0.19565217196941376,0.5,1.0,1
/home/jovyan/Joel_Pardo/AI4LABOUR/Mejoras/results_coursera/models/simcse_coursera_sup/sentence-transformers/all-MiniLM-L6-v2,D_char_jaccard,127,3d77dabe7560,design electromechanical equipment or systems,2641,414d1ab8da6a,2,0.7663445949554444,0.3275962471961975,3.289884090423584,0.1666666716337204,0.6666666865348816,0.8662697672843933,1
/home/jovyan/Joel_Pardo/AI4LABOUR/Mejoras/results_coursera/models/simcse_coursera_sup/sentence-transformers/all-MiniLM-L6-v2,D_char_jaccard,127,3d77dabe7560,design electromechanical equipment or systems,3651,1efe61d0a58c,3,0.5233162820339203,0.4577251672744751,4.817056655883789,0.145454540848732,0.5,0.0,1
/home/jovyan/Joel_Pardo/AI4LABOUR/Mejoras/results_coursera/models/simcse_coursera_sup/sentence-transformers/all-MiniLM-L6-v2,D_char_jaccard,127,3d77dabe7560,design electromechanical equipment or systems,3649,78978c6ace8e,4,0.6180914521217347,0.3460213541984558,3.506118059158325,0.13725490868091583,0.6666666865348816,0.47256287932395935,1
/home/jovyan/Joel_Pardo/AI4LABOUR/Mejoras/results_coursera/models/simcse_coursera_sup/sentence-transformers/all-MiniLM-L6-v2,D_char_jaccard,127,3d77dabe7560,design electromechanical equipment or systems,2690,7cdbf2771715,5,0.5481871843338013,0.2782277464866638,2.710503101348877,0.10169491171836853,0.6666666865348816,0.47256287932395935,1
/home/jovyan/Joel_Pardo/AI4LABOUR/Mejoras/results_coursera/models/simcse_coursera_sup/sentence-transformers/all-MiniLM-L6-v2,D_char_jaccard,127,3d77dabe7560,design electromechanical equipment or systems,4430,47c1f6cad07a,6,0.5228022813796998,0.24953526258468628,2.373772621154785,0.1034482792019844,0.6666666865348816,0.47256287932395935,1
/home/jovyan/Joel_Pardo/AI4LABOUR/Mejoras/results_coursera/models/simcse_coursera_sup/sentence-transformers/all-MiniLM-L6-v2,D_char_jaccard,127,3d77dabe7560,design electromechanical equipment or systems,733,813e418f098e,7,0.840668547153473,0.5705382823944092,6.1410136222839355,0.2888889014720917,0.5,0.44990479946136475,1
/home/jovyan/Joel_Pardo/AI4LABOUR/Mejoras/results_coursera/models/simcse_coursera_sup/sentence-transformers/all-MiniLM-L6-v2,D_char_jaccard,127,3d77dabe7560,design electromechanical equipment or systems,478,f0ad7971f1ce,8,0.5816101908683777,0.31583523750305176,3.1518585681915283,0.10000000149011612,0.6666666865348816,0.47256287932395935,1
/home/jovyan/Joel_Pardo/AI4LABOUR/Mejoras/results_coursera/models/simcse_coursera_sup/sentence-transformers/all-MiniLM-L6-v2,D_char_jaccard,127,3d77dabe7560,design electromechanical equipment or systems,1841,e649d3f24f2b,9,0.6537285327911377,0.4054131507873535,4.203130722045898,0.20370370149612427,0.6666666865348816,0.38649365305900574,1
/home/jovyan/Joel_Pardo/AI4LABOUR/Mejoras/results_coursera/models/simcse_coursera_sup/sentence-transformers/all-MiniLM-L6-v2,D_char_jaccard,127,3d77dabe7560,design electromechanical equipment or systems,4731,f1344be432ed,10,0.577108371257782,0.2763743996620178,2.6887526512145996,0.13333334028720856,0.5,0.5500952005386353,1
/home/jovyan/Joel_Pardo/AI4LABOUR/Mejoras/results_coursera/models/simcse_coursera_sup/sentence-transformers/all-MiniLM-L6-v2,D_char_jaccard,128,54e485ae84d0,design environmental control systems,4873,6483104c7cb1,1,1.2734290838241578,0.7263591885566711,7.361438751220703,0.5588235259056091,0.6000000238418579,1.0,1
/home/jovyan/Joel_Pardo/AI4LABOUR/Mejoras/results_coursera/models/simcse_coursera_sup/sentence-transformers/all-MiniLM-L6-v2,D_char_jaccard,128,54e485ae84d0,design environmental control systems,4659,48a87ed3f076,2,0.6032292127609253,0.32417306303977966,2.9171111583709717,0.1621621549129486,0.6000000238418579,0.47733229398727417,1
/home/jovyan/Joel_Pardo/AI4LABOUR/Mejoras/results_coursera/models/simcse_coursera_sup/sentence-transformers/all-MiniLM-L6-v2,D_char_jaccard,128,54e485ae84d0,design environmental control systems,2836,a7810e65d792,3,0.7535583853721619,0.29703882336616516,2.6172664165496826,0.3414634168148041,0.800000011920929,0.7771439552307129,1
/home/jovyan/Joel_Pardo/AI4LABOUR/Mejoras/results_coursera/models/simcse_coursera_sup/sentence-transformers/all-MiniLM-L6-v2,D_char_jaccard,128,54e485ae84d0,design environmental control systems,2094,63cb0dc76a3b,4,0.5792083621025086,0.3398243486881256,3.090064525604248,0.2142857164144516,0.6000000238418579,0.34948763251304626,1
/home/jovyan/Joel_Pardo/AI4LABOUR/Mejoras/results_coursera/models/simcse_coursera_sup/sentence-transformers/all-MiniLM-L6-v2,D_char_jaccard,128,54e485ae84d0,design environmental control systems,3663,9b1383e434a5,5,0.7813265204429627,0.43206968903541565,4.109414577484131,0.23404255509376526,1.0,0.5848827958106995,1
/home/jovyan/Joel_Pardo/AI4LABOUR/Mejoras/results_coursera/models/simcse_coursera_sup/sentence-transformers/all-MiniLM-L6-v2,D_char_jaccard,128,54e485ae84d0,design environmental control systems,4480,7fb0a83a1950,6,0.6144506812095643,0.42661187052726746,4.049103736877441,0.08163265138864517,0.800000011920929,0.30022963881492615,1
/home/jovyan/Joel_Pardo/AI4LABOUR/Mejoras/results_coursera/models/simcse_coursera_sup/sentence-transformers/all-MiniLM-L6-v2,D_char_jaccard,128,54e485ae84d0,design environmental control systems,2485,9c6f576f75ef,7,0.6210024237632752,0.4055469036102295,3.81632661819458,0.18367347121238708,0.800000011920929,0.30022963881492615,1
/home/jovyan/Joel_Pardo/AI4LABOUR/Mejoras/results_coursera/models/simcse_coursera_sup/sentence-transformers/all-MiniLM-L6-v2,D_char_jaccard,128,54e485ae84d0,design environmental control systems,3918,d4c62f1a558b,8,1.0433068752288819,0.5620660781860352,5.5459303855896,0.38235294818878174,0.6000000238418579,0.9046481847763062,1
/home/jovyan/Joel_Pardo/AI4LABOUR/Mejoras/results_coursera/models/simcse_coursera_sup/sentence-transformers/all-MiniLM-L6-v2,D_char_jaccard,128,54e485ae84d0,design environmental control systems,2535,e97f0c698df9,9,0.5610081434249878,0.30637326836586,2.7204160690307617,0.125,0.800000011920929,0.4100554287433624,1
/home/jovyan/Joel_Pardo/AI4LABOUR/Mejoras/results_coursera/models/simcse_coursera_sup/sentence-transformers/all-MiniLM-L6-v2,D_char_jaccard,128,54e485ae84d0,design environmental control systems,5183,5059ae6018ee,10,0.6559513092041016,0.4383217990398407,4.178503036499023,0.1666666716337204,0.6000000238418579,0.34948763251304626,1
/home/jovyan/Joel_Pardo/AI4LABOUR/Mejoras/results_coursera/models/simcse_coursera_sup/sentence-transformers/all-MiniLM-L6-v2,D_char_jaccard,129,06f6e71fddcf,calibrate scientific or technical equipment,3205,0bf719dffe05,1,0.7471729993820191,0.7164356708526611,8.117615699768066,0.1428571492433548,0.3333333432674408,0.0,1
/home/jovyan/Joel_Pardo/AI4LABOUR/Mejoras/results_coursera/models/simcse_coursera_sup/sentence-transformers/all-MiniLM-L6-v2,D_char_jaccard,129,06f6e71fddcf,calibrate scientific or technical equipment,3248,e9ec0a2c6e6d,2,0.4904918074607849,0.13118763267993927,1.1289221048355103,0.1568627506494522,0.5,0.7705180644989014,0
/home/jovyan/Joel_Pardo/AI4LABOUR/Mejoras/results_coursera/models/simcse_coursera_sup/sentence-transformers/all-MiniLM-L6-v2,D_char_jaccard,129,06f6e71fddcf,calibrate scientific or technical equipment,1564,4d6acf400662,3,0.5948273539543152,0.13434922695159912,1.1666760444641113,0.19565217196941376,0.5,1.0,0
/home/jovyan/Joel_Pardo/AI4LABOUR/Mejoras/results_coursera/models/simcse_coursera_sup/sentence-transformers/all-MiniLM-L6-v2,D_char_jaccard,129,06f6e71fddcf,calibrate scientific or technical equipment,2641,414d1ab8da6a,4,0.6913760900497437,0.274291455745697,2.837785243988037,0.1785714328289032,0.6666666865348816,0.9163439273834229,0
/home/jovyan/Joel_Pardo/AI4LABOUR/Mejoras/results_coursera/models/simcse_coursera_sup/sentence-transformers/all-MiniLM-L6-v2,D_char_jaccard,129,06f6e71fddcf,calibrate scientific or technical equipment,4501,7e31f9e44f69,5,0.3218249976634979,0.31538474559783936,3.3284974098205566,0.03191489353775978,0.6000000238418579,0.0,0
/home/jovyan/Joel_Pardo/AI4LABOUR/Mejoras/results_coursera/models/simcse_coursera_sup/sentence-transformers/all-MiniLM-L6-v2,D_char_jaccard,129,06f6e71fddcf,calibrate scientific or technical equipment,3410,bfd722d7fa43,6,0.3639207661151886,0.2894837260246277,3.019202470779419,0.046875,0.8333333134651184,0.0,1
/home/jovyan/Joel_Pardo/AI4LABOUR/Mejoras/results_coursera/models/simcse_coursera_sup/sentence-transformers/all-MiniLM-L6-v2,D_char_jaccard,129,06f6e71fddcf,calibrate scientific or technical equipment,4239,3d1378512395,7,0.3518600046634674,0.3076222240924835,3.235801935195923,0.0,0.5,0.0,1
/home/jovyan/Joel_Pardo/AI4LABOUR/Mejoras/results_coursera/models/simcse_coursera_sup/sentence-transformers/all-MiniLM-L6-v2,D_char_jaccard,129,06f6e71fddcf,calibrate scientific or technical equipment,183,46923271eee8,8,0.35301514267921447,0.3063804507255554,3.220973491668701,0.0,0.5454545617103577,0.0,1
/home/jovyan/Joel_Pardo/AI4LABOUR/Mejoras/results_coursera/models/simcse_coursera_sup/sentence-transformers/all-MiniLM-L6-v2,D_char_jaccard,129,06f6e71fddcf,calibrate scientific or technical equipment,713,3a511543033e,9,0.36224873661994933,0.2801262140274048,2.9074604511260986,0.04054053872823715,1.0,0.0,1
/home/jovyan/Joel_Pardo/AI4LABOUR/Mejoras/results_coursera/models/simcse_coursera_sup/sentence-transformers/all-MiniLM-L6-v2,D_char_jaccard,129,06f6e71fddcf,calibrate scientific or technical equipment,4558,7b0342e1d11a,10,0.4828128218650818,0.1998213231563568,1.9485059976577759,0.18571428954601288,1.0,0.5163626670837402,0
/home/jovyan/Joel_Pardo/AI4LABOUR/Mejoras/results_coursera/models/simcse_coursera_sup/sentence-transformers/all-MiniLM-L6-v2,D_char_jaccard,130,cbb58925807f,select project materials,74,2d2ac038a838,1,1.0526693344116211,0.5446326732635498,6.157988548278809,0.3499999940395355,0.5,1.0,1
/home/jovyan/Joel_Pardo/AI4LABOUR/Mejoras/results_coursera/models/simcse_coursera_sup/sentence-transformers/all-MiniLM-L6-v2,D_char_jaccard,130,cbb58925807f,select project materials,4342,2ee8e7421336,2,0.964120376110077,0.623956561088562,7.144533157348633,0.25,1.0,0.6001487970352173,1
/home/jovyan/Joel_Pardo/AI4LABOUR/Mejoras/results_coursera/models/simcse_coursera_sup/sentence-transformers/all-MiniLM-L6-v2,D_char_jaccard,130,cbb58925807f,select project materials,4787,015c39f2afbc,3,0.7817833900451661,0.2674637734889984,2.7108609676361084,0.21739129722118378,0.75,0.9980454444885254,1
/home/jovyan/Joel_Pardo/AI4LABOUR/Mejoras/results_coursera/models/simcse_coursera_sup/sentence-transformers/all-MiniLM-L6-v2,D_char_jaccard,130,cbb58925807f,select project materials,437,3170a26b09e0,4,0.6096847534179688,0.3522823452949524,3.765742778778076,0.07692307978868484,0.4444444477558136,0.5029440522193909,1
/home/jovyan/Joel_Pardo/AI4LABOUR/Mejoras/results_coursera/models/simcse_coursera_sup/sentence-transformers/all-MiniLM-L6-v2,D_char_jaccard,130,cbb58925807f,select project materials,1223,46f86faa6bbf,5,0.7407385587692261,0.29882949590682983,3.1009538173675537,0.25,0.5,0.8357301950454712,1
/home/jovyan/Joel_Pardo/AI4LABOUR/Mejoras/results_coursera/models/simcse_coursera_sup/sentence-transformers/all-MiniLM-L6-v2,D_char_jaccard,130,cbb58925807f,select project materials,2092,a3727e4c2309,6,0.4132766306400299,0.3408834934234619,3.623975992202759,0.09259258955717087,0.6666666865348816,0.0,1
/home/jovyan/Joel_Pardo/AI4LABOUR/Mejoras/results_coursera/models/simcse_coursera_sup/sentence-transformers/all-MiniLM-L6-v2,D_char_jaccard,130,cbb58925807f,select project materials,3776,a89b81917b58,7,0.6399733304977417,0.27699899673461914,2.8294496536254883,0.19565217196941376,0.800000011920929,0.6294028759002686,1
/home/jovyan/Joel_Pardo/AI4LABOUR/Mejoras/results_coursera/models/simcse_coursera_sup/sentence-transformers/all-MiniLM-L6-v2,D_char_jaccard,130,cbb58925807f,select project materials,2538,2e87930e5533,8,0.37947391271591185,0.310526579618454,3.246429681777954,0.0,1.0,0.0,1
/home/jovyan/Joel_Pardo/AI4LABOUR/Mejoras/results_coursera/models/simcse_coursera_sup/sentence-transformers/all-MiniLM-L6-v2,D_char_jaccard,130,cbb58925807f,select project materials,4339,98453720648f,9,0.45503525733947753,0.21633793413639069,2.0750129222869873,0.12727272510528564,0.5,0.3837823271751404,1
/home/jovyan/Joel_Pardo/AI4LABOUR/Mejoras/results_coursera/models/simcse_coursera_sup/sentence-transformers/all-MiniLM-L6-v2,D_char_jaccard,130,cbb58925807f,select project materials,3410,bfd722d7fa43,10,0.6211419582366944,0.2629976272583008,2.65531587600708,0.17073170840740204,0.800000011920929,0.6294028759002686,1
/home/jovyan/Joel_Pardo/AI4LABOUR/Mejoras/results_coursera/models/simcse_coursera_sup/sentence-transformers/all-MiniLM-L6-v2,D_char_jaccard,131,c3b47654a283,create physical models or prototypes,3623,bd01707ee9b8,1,0.9468325257301331,0.4936741590499878,4.443886756896973,0.239130437374115,0.6666666865348816,0.8985244035720825,1
/home/jovyan/Joel_Pardo/AI4LABOUR/Mejoras/results_coursera/models/simcse_coursera_sup/sentence-transformers/all-MiniLM-L6-v2,D_char_jaccard,131,c3b47654a283,create physical models or prototypes,84,654210ceb0f6,2,0.6259875774383545,0.2839752733707428,2.293607234954834,0.1111111119389534,0.5,0.6690802574157715,1
/home/jovyan/Joel_Pardo/AI4LABOUR/Mejoras/results_coursera/models/simcse_coursera_sup/sentence-transformers/all-MiniLM-L6-v2,D_char_jaccard,131,c3b47654a283,create physical models or prototypes,138,800f68468dea,3,0.8870777368545533,0.4115678668022156,3.6019582748413086,0.1666666716337204,0.5,1.0,1
/home/jovyan/Joel_Pardo/AI4LABOUR/Mejoras/results_coursera/models/simcse_coursera_sup/sentence-transformers/all-MiniLM-L6-v2,D_char_jaccard,131,c3b47654a283,create physical models or prototypes,5038,d81a55777dc2,4,0.6986840248107911,0.3908730149269104,3.3897504806518555,0.13461539149284363,0.6666666865348816,0.5747777819633484,1
/home/jovyan/Joel_Pardo/AI4LABOUR/Mejoras/results_coursera/models/simcse_coursera_sup/sentence-transformers/all-MiniLM-L6-v2,D_char_jaccard,131,c3b47654a283,create physical models or prototypes,3841,54b0f3339ac8,5,0.5358314096927643,0.16620957851409912,1.0860226154327393,0.125,0.5,0.6999819874763489,1
/home/jovyan/Joel_Pardo/AI4LABOUR/Mejoras/results_coursera/models/simcse_coursera_sup/sentence-transformers/all-MiniLM-L6-v2,D_char_jaccard,131,c3b47654a283,create physical models or prototypes,3955,5ceeb0faa0fc,6,0.5753807306289673,0.2796791195869446,2.249553918838501,0.08474576473236084,0.8333333134651184,0.5270410776138306,1
/home/jovyan/Joel_Pardo/AI4LABOUR/Mejoras/results_coursera/models/simcse_coursera_sup/sentence-transformers/all-MiniLM-L6-v2,D_char_jaccard,131,c3b47654a283,create physical models or prototypes,775,c04765236833,7,0.9123627424240113,0.5831764936447144,5.361655235290527,0.1794871836900711,0.5,0.6690802574157715,1
/home/jovyan/Joel_Pardo/AI4LABOUR/Mejoras/results_coursera/models/simcse_coursera_sup/sentence-transformers/all-MiniLM-L6-v2,D_char_jaccard,131,c3b47654a283,create physical models or prototypes,2201,d1ae9adeb7d6,8,0.6232219815254212,0.22013677656650543,1.638999104499817,0.12903225421905518,0.8333333134651184,0.7529352307319641,1
/home/jovyan/Joel_Pardo/AI4LABOUR/Mejoras/results_coursera/models/simcse_coursera_sup/sentence-transformers/all-MiniLM-L6-v2,D_char_jaccard,131,c3b47654a283,create physical models or prototypes,2145,9138209c72a6,9,0.5108422219753266,0.2248574197292328,1.6874051094055176,0.0833333358168602,1.0,0.4690929353237152,1
/home/jovyan/Joel_Pardo/AI4LABOUR/Mejoras/results_coursera/models/simcse_coursera_sup/sentence-transformers/all-MiniLM-L6-v2,D_char_jaccard,131,c3b47654a283,create physical models or prototypes,3956,915401041266,10,0.5360189557075501,0.23074866831302643,1.7478147745132446,0.1034482792019844,0.8333333134651184,0.5270410776138306,1
/home/jovyan/Joel_Pardo/AI4LABOUR/Mejoras/results_coursera/models/simcse_coursera_sup/sentence-transformers/all-MiniLM-L6-v2,D_char_jaccard,132,22f88df4c22c,program robotic equipment,4536,d5ec9cc158c6,1,1.055154013633728,0.575171172618866,5.074799537658691,0.20000000298023224,0.75,1.0,1
/home/jovyan/Joel_Pardo/AI4LABOUR/Mejoras/results_coursera/models/simcse_coursera_sup/sentence-transformers/all-MiniLM-L6-v2,D_char_jaccard,132,22f88df4c22c,program robotic equipment,2747,dad3cc4f5ae4,2,0.821608054637909,0.3760586380958557,3.013782024383545,0.1764705926179886,0.75,0.8788440227508545,1
/home/jovyan/Joel_Pardo/AI4LABOUR/Mejoras/results_coursera/models/simcse_coursera_sup/sentence-transformers/all-MiniLM-L6-v2,D_char_jaccard,132,22f88df4c22c,program robotic equipment,2641,414d1ab8da6a,3,0.8288312435150147,0.3228618800640106,2.463141441345215,0.2195121943950653,1.0,0.958443820476532,1
/home/jovyan/Joel_Pardo/AI4LABOUR/Mejoras/results_coursera/models/simcse_coursera_sup/sentence-transformers/all-MiniLM-L6-v2,D_char_jaccard,132,22f88df4c22c,program robotic equipment,2649,b21cfc0fb42f,4,0.8155685544013977,0.40785136818885803,3.3428690433502197,0.1860465109348297,1.0,0.7549766898155212,1
/home/jovyan/Joel_Pardo/AI4LABOUR/Mejoras/results_coursera/models/simcse_coursera_sup/sentence-transformers/all-MiniLM-L6-v2,D_char_jaccard,132,22f88df4c22c,program robotic equipment,1617,678771700447,5,0.4446530222892761,0.39683669805526733,3.228856086730957,0.0,0.75,0.0,1
/home/jovyan/Joel_Pardo/AI4LABOUR/Mejoras/results_coursera/models/simcse_coursera_sup/sentence-transformers/all-MiniLM-L6-v2,D_char_jaccard,132,22f88df4c22c,program robotic equipment,986,27e506caea6e,6,0.5884202003479004,0.1685636341571808,0.865997314453125,0.1388888955116272,1.0,0.7549766898155212,1
/home/jovyan/Joel_Pardo/AI4LABOUR/Mejoras/results_coursera/models/simcse_coursera_sup/sentence-transformers/all-MiniLM-L6-v2,D_char_jaccard,132,22f88df4c22c,program robotic equipment,4364,746adc3ce663,7,0.4445099413394928,0.3870992064476013,3.1280629634857178,0.03448275849223137,0.75,0.0,1
/home/jovyan/Joel_Pardo/AI4LABOUR/Mejoras/results_coursera/models/simcse_coursera_sup/sentence-transformers/all-MiniLM-L6-v2,D_char_jaccard,132,22f88df4c22c,program robotic equipment,2652,c98c57e67854,8,0.4633930802345276,0.36989474296569824,2.949979305267334,0.12195122241973877,1.0,0.0,1
/home/jovyan/Joel_Pardo/AI4LABOUR/Mejoras/results_coursera/models/simcse_coursera_sup/sentence-transformers/all-MiniLM-L6-v2,D_char_jaccard,132,22f88df4c22c,program robotic equipment,1285,f34f1d6abba9,9,0.5138451337814331,0.4181612730026245,3.449587106704712,0.15000000596046448,1.0,0.0,1
/home/jovyan/Joel_Pardo/AI4LABOUR/Mejoras/results_coursera/models/simcse_coursera_sup/sentence-transformers/all-MiniLM-L6-v2,D_char_jaccard,132,22f88df4c22c,program robotic equipment,610,8e727206b35b,10,0.953932809829712,0.5184001922607422,4.487162113189697,0.17499999701976776,1.0,0.8590565323829651,1
/home/jovyan/Joel_Pardo/AI4LABOUR/Mejoras/results_coursera/models/simcse_coursera_sup/sentence-transformers/all-MiniLM-L6-v2,D_char_jaccard,133,70f88532846f,fabricate products or components using machine tools,215,f3e87868bbce,1,0.8385775566101075,0.45089060068130493,4.428798198699951,0.15492957830429077,0.5,0.7976091504096985,1
/home/jovyan/Joel_Pardo/AI4LABOUR/Mejoras/results_coursera/models/simcse_coursera_sup/sentence-transformers/all-MiniLM-L6-v2,D_char_jaccard,133,70f88532846f,fabricate products or components using machine tools,4397,0d172d11594e,2,0.7150477051734925,0.31107020378112793,2.888552665710449,0.072727270424366,0.375,0.8703818917274475,1
/home/jovyan/Joel_Pardo/AI4LABOUR/Mejoras/results_coursera/models/simcse_coursera_sup/sentence-transformers/all-MiniLM-L6-v2,D_char_jaccard,133,70f88532846f,fabricate products or components using machine tools,2067,9c7403fc6e17,3,0.7014403223991394,0.2591882348060608,2.3170270919799805,0.12280701845884323,0.5,0.9061728715896606,1
/home/jovyan/Joel_Pardo/AI4LABOUR/Mejoras/results_coursera/models/simcse_coursera_sup/sentence-transformers/all-MiniLM-L6-v2,D_char_jaccard,133,70f88532846f,fabricate products or components using machine tools,1332,1589748650da,4,0.5117239236831665,0.20932221412658691,1.767708659172058,0.13333334028720856,0.75,0.5062515735626221,1
/home/jovyan/Joel_Pardo/AI4LABOUR/Mejoras/results_coursera/models/simcse_coursera_sup/sentence-transformers/all-MiniLM-L6-v2,D_char_jaccard,133,70f88532846f,fabricate products or components using machine tools,1643,891173ae804a,5,0.5418251037597657,0.16969019174575806,1.3311268091201782,0.072727270424366,0.375,0.7554302215576172,1
/home/jovyan/Joel_Pardo/AI4LABOUR/Mejoras/results_coursera/models/simcse_coursera_sup/sentence-transformers/all-MiniLM-L6-v2,D_char_jaccard,133,70f88532846f,fabricate products or components using machine tools,2065,cd723ed383c1,6,0.5355628907680512,0.1531723141670227,1.149167776107788,0.1071428582072258,0.375,0.7554302215576172,1
/home/jovyan/Joel_Pardo/AI4LABOUR/Mejoras/results_coursera/models/simcse_coursera_sup/sentence-transformers/all-MiniLM-L6-v2,D_char_jaccard,133,70f88532846f,fabricate products or components using machine tools,4346,dc00b108ce90,7,0.6590201735496521,0.3098987340927124,2.875647783279419,0.12643678486347198,0.875,0.6368804574012756,1
/home/jovyan/Joel_Pardo/AI4LABOUR/Mejoras/results_coursera/models/simcse_coursera_sup/sentence-transformers/all-MiniLM-L6-v2,D_char_jaccard,133,70f88532846f,fabricate products or components using machine tools,60,32756aab54ad,8,0.5111903131008149,0.46150773763656616,4.545755386352539,0.0833333358168602,0.5,0.0,1
/home/jovyan/Joel_Pardo/AI4LABOUR/Mejoras/results_coursera/models/simcse_coursera_sup/sentence-transformers/all-MiniLM-L6-v2,D_char_jaccard,133,70f88532846f,fabricate products or components using machine tools,4415,859f5dcf8041,9,0.6996613621711731,0.5100139379501343,5.080094337463379,0.11214952915906906,0.6153846383094788,0.3296055495738983,1
/home/jovyan/Joel_Pardo/AI4LABOUR/Mejoras/results_coursera/models/simcse_coursera_sup/sentence-transformers/all-MiniLM-L6-v2,D_char_jaccard,133,70f88532846f,fabricate products or components using machine tools,5278,e8225f9a3276,10,0.573232114315033,0.20537066459655762,1.7241787910461426,0.17741934955120087,0.5,0.7976091504096985,0
/home/jovyan/Joel_Pardo/AI4LABOUR/Mejoras/results_coursera/models/simcse_coursera_sup/sentence-transformers/all-MiniLM-L6-v2,D_char_jaccard,134,469df54e4928,inspect facilities or sites to determine if they meet specifications or standards,1430,583225957a3f,1,0.8846974849700928,0.4569379985332489,4.554386615753174,0.10256410390138626,0.23076923191547394,0.9656844735145569,1
/home/jovyan/Joel_Pardo/AI4LABOUR/Mejoras/results_coursera/models/simcse_coursera_sup/sentence-transformers/all-MiniLM-L6-v2,D_char_jaccard,134,469df54e4928,inspect facilities or sites to determine if they meet specifications or standards,2623,5b9cd334c378,2,0.5512730956077576,0.22620955109596252,1.8800005912780762,0.05645161122083664,0.8461538553237915,0.6031598448753357,1
/home/jovyan/Joel_Pardo/AI4LABOUR/Mejoras/results_coursera/models/simcse_coursera_sup/sentence-transformers/all-MiniLM-L6-v2,D_char_jaccard,134,469df54e4928,inspect facilities or sites to determine if they meet specifications or standards,4922,441e26afc48d,3,0.5106427073478699,0.09969913959503174,0.413611501455307,0.03750000149011612,0.23076923191547394,1.0,0
/home/jovyan/Joel_Pardo/AI4LABOUR/Mejoras/results_coursera/models/simcse_coursera_sup/sentence-transformers/all-MiniLM-L6-v2,D_char_jaccard,134,469df54e4928,inspect facilities or sites to determine if they meet specifications or standards,2728,b12a99169d3e,4,0.35374295711517334,0.15674486756324768,1.0748316049575806,0.09600000083446503,1.0,0.3466814458370209,0
/home/jovyan/Joel_Pardo/AI4LABOUR/Mejoras/results_coursera/models/simcse_coursera_sup/sentence-transformers/all-MiniLM-L6-v2,D_char_jaccard,134,469df54e4928,inspect facilities or sites to determine if they meet specifications or standards,426,4869b25d1df5,5,0.5333901226520539,0.21233779191970825,1.719212293624878,0.06542056053876877,0.6153846383094788,0.6129043698310852,1
/home/jovyan/Joel_Pardo/AI4LABOUR/Mejoras/results_coursera/models/simcse_coursera_sup/sentence-transformers/all-MiniLM-L6-v2,D_char_jaccard,134,469df54e4928,inspect facilities or sites to determine if they meet specifications or standards,3946,d77de4fdc1c2,6,0.48307650089263915,0.1596413254737854,1.1084046363830566,0.14754098653793335,0.9285714030265808,0.515213668346405,1
/home/jovyan/Joel_Pardo/AI4LABOUR/Mejoras/results_coursera/models/simcse_coursera_sup/sentence-transformers/all-MiniLM-L6-v2,D_char_jaccard,134,469df54e4928,inspect facilities or sites to determine if they meet specifications or standards,2149,ce5275d1f549,7,0.500523567199707,0.1844412237405777,1.3958616256713867,0.09782608598470688,0.38461539149284363,0.7270978689193726,0
/home/jovyan/Joel_Pardo/AI4LABOUR/Mejoras/results_coursera/models/simcse_coursera_sup/sentence-transformers/all-MiniLM-L6-v2,D_char_jaccard,134,469df54e4928,inspect facilities or sites to determine if they meet specifications or standards,1694,d6c8c0983834,8,0.3785964846611023,-0.002690039575099945,-0.773186981678009,0.01315789483487606,0.23076923191547394,0.9154738783836365,0
/home/jovyan/Joel_Pardo/AI4LABOUR/Mejoras/results_coursera/models/simcse_coursera_sup/sentence-transformers/all-MiniLM-L6-v2,D_char_jaccard,134,469df54e4928,inspect facilities or sites to determine if they meet specifications or standards,1786,c538af615e86,9,0.3470992624759674,0.3172897696495056,2.935716390609741,0.0,0.23076923191547394,0.0,1
/home/jovyan/Joel_Pardo/AI4LABOUR/Mejoras/results_coursera/models/simcse_coursera_sup/sentence-transformers/all-MiniLM-L6-v2,D_char_jaccard,134,469df54e4928,inspect facilities or sites to determine if they meet specifications or standards,2382,2c9191489a0d,10,0.45915305614471436,0.19807356595993042,1.5538748502731323,0.17142857611179352,0.8666666746139526,0.4867410361766815,0
/home/jovyan/Joel_Pardo/AI4LABOUR/Mejoras/results_coursera/models/simcse_coursera_sup/sentence-transformers/all-MiniLM-L6-v2,D_char_jaccard,135,4055e1544ee0,assemble equipment or components,215,f3e87868bbce,1,0.9150484681129456,0.5309507250785828,5.526051998138428,0.16981132328510284,0.800000011920929,0.7618498802185059,1
/home/jovyan/Joel_Pardo/AI4LABOUR/Mejoras/results_coursera/models/simcse_coursera_sup/sentence-transformers/all-MiniLM-L6-v2,D_char_jaccard,135,4055e1544ee0,assemble equipment or components,1694,d6c8c0983834,2,0.42592471837997437,0.006980191916227341,-0.7464384436607361,0.03030303120613098,0.6000000238418579,0.9551669359207153,0
/home/jovyan/Joel_Pardo/AI4LABOUR/Mejoras/results_coursera/models/simcse_coursera_sup/sentence-transformers/all-MiniLM-L6-v2,D_char_jaccard,135,4055e1544ee0,assemble equipment or components,2641,414d1ab8da6a,3,0.8388168096542359,0.3343827426433563,3.172921895980835,0.19148936867713928,0.800000011920929,1.0,1
/home/jovyan/Joel_Pardo/AI4LABOUR/Mejoras/results_coursera/models/simcse_coursera_sup/sentence-transformers/all-MiniLM-L6-v2,D_char_jaccard,135,4055e1544ee0,assemble equipment or components,1736,058d29a44b22,4,0.3806831121444702,0.29068148136138916,2.649770736694336,0.11627907305955887,0.800000011920929,0.0,1
/home/jovyan/Joel_Pardo/AI4LABOUR/Mejoras/results_coursera/models/simcse_coursera_sup/sentence-transformers/all-MiniLM-L6-v2,D_char_jaccard,135,4055e1544ee0,assemble equipment or components,5278,e8225f9a3276,5,0.7033581614494324,0.2860909104347229,2.5948166847229004,0.20454545319080353,0.800000011920929,0.7618498802185059,1
/home/jovyan/Joel_Pardo/AI4LABOUR/Mejoras/results_coursera/models/simcse_coursera_sup/sentence-transformers/all-MiniLM-L6-v2,D_char_jaccard,135,4055e1544ee0,assemble equipment or components,4092,13573f8171ba,6,0.37109805941581725,0.31281954050064087,2.9147872924804688,0.015384615398943424,0.7142857313156128,0.0,1
/home/jovyan/Joel_Pardo/AI4LABOUR/Mejoras/results_coursera/models/simcse_coursera_sup/sentence-transformers/all-MiniLM-L6-v2,D_char_jaccard,135,4055e1544ee0,assemble equipment or components,3910,b7142dd86deb,7,0.3978421866893768,0.3468087613582611,3.3216745853424072,0.0,0.7142857313156128,0.0,1
/home/jovyan/Joel_Pardo/AI4LABOUR/Mejoras/results_coursera/models/simcse_coursera_sup/sentence-transformers/all-MiniLM-L6-v2,D_char_jaccard,135,4055e1544ee0,assemble equipment or components,1708,2a145fc7beb8,8,0.684566605091095,0.29487621784210205,2.699986219406128,0.2083333283662796,1.0,0.6677367687225342,1
/home/jovyan/Joel_Pardo/AI4LABOUR/Mejoras/results_coursera/models/simcse_coursera_sup/sentence-transformers/all-MiniLM-L6-v2,D_char_jaccard,135,4055e1544ee0,assemble equipment or components,2211,29e1a9665271,9,0.3795055329799652,0.33278393745422363,3.153782367706299,0.0,0.6000000238418579,0.0,1
/home/jovyan/Joel_Pardo/AI4LABOUR/Mejoras/results_coursera/models/simcse_coursera_sup/sentence-transformers/all-MiniLM-L6-v2,D_char_jaccard,135,4055e1544ee0,assemble equipment or components,1140,d08dec64d953,10,0.6767217993736268,0.2532530426979065,2.201712131500244,0.21621622145175934,0.800000011920929,0.7618498802185059,1
/home/jovyan/Joel_Pardo/AI4LABOUR/Mejoras/results_coursera/models/simcse_coursera_sup/sentence-transformers/all-MiniLM-L6-v2,D_char_jaccard,136,ded8762bb927,maintain electromechanical equipment,2641,414d1ab8da6a,1,0.9346856355667115,0.4274284541606903,5.629850387573242,0.20000000298023224,1.0,1.0,1
/home/jovyan/Joel_Pardo/AI4LABOUR/Mejoras/results_coursera/models/simcse_coursera_sup/sentence-transformers/all-MiniLM-L6-v2,D_char_jaccard,136,ded8762bb927,maintain electromechanical equipment,478,f0ad7971f1ce,2,0.3018715262413025,0.22430169582366943,2.743276596069336,0.0,1.0,0.0,1
/home/jovyan/Joel_Pardo/AI4LABOUR/Mejoras/results_coursera/models/simcse_coursera_sup/sentence-transformers/all-MiniLM-L6-v2,D_char_jaccard,136,ded8762bb927,maintain electromechanical equipment,2330,8310086930a5,3,0.3809761583805084,0.28557536005973816,3.614018440246582,0.1458333283662796,0.75,0.0,1
/home/jovyan/Joel_Pardo/AI4LABOUR/Mejoras/results_coursera/models/simcse_coursera_sup/sentence-transformers/all-MiniLM-L6-v2,D_char_jaccard,136,ded8762bb927,maintain electromechanical equipment,830,ff56fd6da1a6,4,0.29254702031612395,0.22505223751068115,2.7539422512054443,0.0,0.800000011920929,0.0,1
/home/jovyan/Joel_Pardo/AI4LABOUR/Mejoras/results_coursera/models/simcse_coursera_sup/sentence-transformers/all-MiniLM-L6-v2,D_char_jaccard,136,ded8762bb927,maintain electromechanical equipment,64,23f7245fccee,5,0.45555816888809203,0.3443540632724762,4.449305057525635,0.23255814611911774,0.75,0.0,1
/home/jovyan/Joel_Pardo/AI4LABOUR/Mejoras/results_coursera/models/simcse_coursera_sup/sentence-transformers/all-MiniLM-L6-v2,D_char_jaccard,136,ded8762bb927,maintain electromechanical equipment,2421,c51ec110a103,6,0.28886039853096007,0.2098449021577835,2.5378355979919434,0.0,1.0,0.0,1
/home/jovyan/Joel_Pardo/AI4LABOUR/Mejoras/results_coursera/models/simcse_coursera_sup/sentence-transformers/all-MiniLM-L6-v2,D_char_jaccard,136,ded8762bb927,maintain electromechanical equipment,3707,ae14f32b277d,7,0.31458624005317687,0.25889700651168823,3.2349002361297607,0.02631578966975212,0.5,0.0,1
/home/jovyan/Joel_Pardo/AI4LABOUR/Mejoras/results_coursera/models/simcse_coursera_sup/sentence-transformers/all-MiniLM-L6-v2,D_char_jaccard,136,ded8762bb927,maintain electromechanical equipment,713,3a511543033e,8,0.3110156238079071,0.23639656603336334,2.9151532649993896,0.05970149114727974,0.6666666865348816,0.0,1
/home/jovyan/Joel_Pardo/AI4LABOUR/Mejoras/results_coursera/models/simcse_coursera_sup/sentence-transformers/all-MiniLM-L6-v2,D_char_jaccard,136,ded8762bb927,maintain electromechanical equipment,215,f3e87868bbce,9,0.4069903075695038,0.3027861714363098,3.858596086502075,0.13793103396892548,1.0,0.0,1
/home/jovyan/Joel_Pardo/AI4LABOUR/Mejoras/results_coursera/models/simcse_coursera_sup/sentence-transformers/all-MiniLM-L6-v2,D_char_jaccard,136,ded8762bb927,maintain electromechanical equipment,491,b02e8166afae,10,0.2949357807636261,0.21840690076351166,2.6595075130462646,0.043478261679410934,0.75,0.0,1
/home/jovyan/Joel_Pardo/AI4LABOUR/Mejoras/results_coursera/models/simcse_coursera_sup/sentence-transformers/all-MiniLM-L6-v2,D_char_jaccard,137,a4f4cc8a14a2,operate industrial equipment,107,20be59e19f80,1,1.0911722660064698,0.5845401287078857,6.39867639541626,0.3103448152542114,0.75,1.0,1
/home/jovyan/Joel_Pardo/AI4LABOUR/Mejoras/results_coursera/models/simcse_coursera_sup/sentence-transformers/all-MiniLM-L6-v2,D_char_jaccard,137,a4f4cc8a14a2,operate industrial equipment,2641,414d1ab8da6a,2,0.7899548888206482,0.32021406292915344,3.1266772747039795,0.23255814611911774,1.0,0.8590565323829651,1
/home/jovyan/Joel_Pardo/AI4LABOUR/Mejoras/results_coursera/models/simcse_coursera_sup/sentence-transformers/all-MiniLM-L6-v2,D_char_jaccard,137,a4f4cc8a14a2,operate industrial equipment,4062,f5cd1e11c87f,3,0.44892807602882384,0.3552904725074768,3.560875654220581,0.1666666716337204,0.75,0.0,1
/home/jovyan/Joel_Pardo/AI4LABOUR/Mejoras/results_coursera/models/simcse_coursera_sup/sentence-transformers/all-MiniLM-L6-v2,D_char_jaccard,137,a4f4cc8a14a2,operate industrial equipment,3917,d23e50a9caf6,4,0.3583710968494415,0.30654823780059814,2.957512855529785,0.015625,0.5714285969734192,0.0,1
/home/jovyan/Joel_Pardo/AI4LABOUR/Mejoras/results_coursera/models/simcse_coursera_sup/sentence-transformers/all-MiniLM-L6-v2,D_char_jaccard,137,a4f4cc8a14a2,operate industrial equipment,2330,8310086930a5,5,0.35771565437316893,0.28816235065460205,2.7299203872680664,0.043478261679410934,0.75,0.0,1
/home/jovyan/Joel_Pardo/AI4LABOUR/Mejoras/results_coursera/models/simcse_coursera_sup/sentence-transformers/all-MiniLM-L6-v2,D_char_jaccard,137,a4f4cc8a14a2,operate industrial equipment,3225,ea1866003692,6,0.38933255076408385,0.31592506170272827,3.073585271835327,0.019999999552965164,1.0,0.0,1
/home/jovyan/Joel_Pardo/AI4LABOUR/Mejoras/results_coursera/models/simcse_coursera_sup/sentence-transformers/all-MiniLM-L6-v2,D_char_jaccard,137,a4f4cc8a14a2,operate industrial equipment,4536,d5ec9cc158c6,7,0.377338844537735,0.32204318046569824,3.1493191719055176,0.0,0.75,0.0,1
/home/jovyan/Joel_Pardo/AI4LABOUR/Mejoras/results_coursera/models/simcse_coursera_sup/sentence-transformers/all-MiniLM-L6-v2,D_char_jaccard,137,a4f4cc8a14a2,operate industrial equipment,3142,ed60f88fd612,8,0.36410294771194457,0.30733662843704224,2.9672720432281494,0.0,0.75,0.0,1
/home/jovyan/Joel_Pardo/AI4LABOUR/Mejoras/results_coursera/models/simcse_coursera_sup/sentence-transformers/all-MiniLM-L6-v2,D_char_jaccard,137,a4f4cc8a14a2,operate industrial equipment,763,99f5d9addaea,9,0.35467212200164794,0.29685792326927185,2.837559938430786,0.0,0.75,0.0,1
/home/jovyan/Joel_Pardo/AI4LABOUR/Mejoras/results_coursera/models/simcse_coursera_sup/sentence-transformers/all-MiniLM-L6-v2,D_char_jaccard,137,a4f4cc8a14a2,operate industrial equipment,4854,3da636e70e82,10,0.367316859960556,0.3045945167541504,2.93332839012146,0.022727273404598236,0.75,0.0,1
/home/jovyan/Joel_Pardo/AI4LABOUR/Mejoras/results_coursera/models/simcse_coursera_sup/sentence-transformers/all-MiniLM-L6-v2,D_char_jaccard,138,ef5aeb4ce41e,repair electronic equipment,2641,414d1ab8da6a,1,0.9501409411430359,0.4420170187950134,5.198698043823242,0.20930232107639313,1.0,1.0,1
/home/jovyan/Joel_Pardo/AI4LABOUR/Mejoras/results_coursera/models/simcse_coursera_sup/sentence-transformers/all-MiniLM-L6-v2,D_char_jaccard,138,ef5aeb4ce41e,repair electronic equipment,3391,3ace9da3b108,2,0.7226533174514771,0.2690119445323944,2.8407065868377686,0.20930232107639313,1.0,0.8205423951148987,1
/home/jovyan/Joel_Pardo/AI4LABOUR/Mejoras/results_coursera/models/simcse_coursera_sup/sentence-transformers/all-MiniLM-L6-v2,D_char_jaccard,138,ef5aeb4ce41e,repair electronic equipment,2304,4a96d68a92ef,3,0.9199841499328614,0.47188228368759155,5.605749607086182,0.26829269528388977,1.0,0.8205423951148987,1
/home/jovyan/Joel_Pardo/AI4LABOUR/Mejoras/results_coursera/models/simcse_coursera_sup/sentence-transformers/all-MiniLM-L6-v2,D_char_jaccard,138,ef5aeb4ce41e,repair electronic equipment,1709,b543014bbb0e,4,0.40606655478477477,0.34792420268058777,3.9162497520446777,0.021739130839705467,0.75,0.0,1
/home/jovyan/Joel_Pardo/AI4LABOUR/Mejoras/results_coursera/models/simcse_coursera_sup/sentence-transformers/all-MiniLM-L6-v2,D_char_jaccard,138,ef5aeb4ce41e,repair electronic equipment,5190,a6f0351e17b3,5,0.36066051125526427,0.2892666757106781,3.1167705059051514,0.05128205195069313,0.75,0.0,1
/home/jovyan/Joel_Pardo/AI4LABOUR/Mejoras/results_coursera/models/simcse_coursera_sup/sentence-transformers/all-MiniLM-L6-v2,D_char_jaccard,138,ef5aeb4ce41e,repair electronic equipment,215,f3e87868bbce,6,0.8888108611106873,0.4467591643333435,5.263331413269043,0.23404255509376526,1.0,0.8205423951148987,1
/home/jovyan/Joel_Pardo/AI4LABOUR/Mejoras/results_coursera/models/simcse_coursera_sup/sentence-transformers/all-MiniLM-L6-v2,D_char_jaccard,138,ef5aeb4ce41e,repair electronic equipment,4429,9830c4659af6,7,0.33177398443222045,0.25629210472106934,2.667340040206909,0.04444444552063942,0.800000011920929,0.0,1
/home/jovyan/Joel_Pardo/AI4LABOUR/Mejoras/results_coursera/models/simcse_coursera_sup/sentence-transformers/all-MiniLM-L6-v2,D_char_jaccard,138,ef5aeb4ce41e,repair electronic equipment,2327,025e1e9244e3,8,0.34538768529891967,0.3004307746887207,3.268932819366455,0.0,0.5,0.0,1
/home/jovyan/Joel_Pardo/AI4LABOUR/Mejoras/results_coursera/models/simcse_coursera_sup/sentence-transformers/all-MiniLM-L6-v2,D_char_jaccard,138,ef5aeb4ce41e,repair electronic equipment,5271,d1ece21edcfd,9,0.3715167224407196,0.31557413935661316,3.4753310680389404,0.0,0.75,0.0,1
/home/jovyan/Joel_Pardo/AI4LABOUR/Mejoras/results_coursera/models/simcse_coursera_sup/sentence-transformers/all-MiniLM-L6-v2,D_char_jaccard,138,ef5aeb4ce41e,repair electronic equipment,4347,90fea52781c2,10,0.3323282480239868,0.26925361156463623,2.8440003395080566,0.0,0.800000011920929,0.0,1
/home/jovyan/Joel_Pardo/AI4LABOUR/Mejoras/results_coursera/models/simcse_coursera_sup/sentence-transformers/all-MiniLM-L6-v2,D_char_jaccard,139,80c1c070d6f0,"maintain inventories of materials, equipment, or products",2641,414d1ab8da6a,1,0.8412537455558777,0.3854009509086609,3.927980899810791,0.14705882966518402,0.5,0.9565705060958862,1
/home/jovyan/Joel_Pardo/AI4LABOUR/Mejoras/results_coursera/models/simcse_coursera_sup/sentence-transformers/all-MiniLM-L6-v2,D_char_jaccard,139,80c1c070d6f0,"maintain inventories of materials, equipment, or products",690,32402d5443a6,2,0.637672233581543,0.41332748532295227,4.266865253448486,0.11320754885673523,0.5714285969734192,0.39701035618782043,1
/home/jovyan/Joel_Pardo/AI4LABOUR/Mejoras/results_coursera/models/simcse_coursera_sup/sentence-transformers/all-MiniLM-L6-v2,D_char_jaccard,139,80c1c070d6f0,"maintain inventories of materials, equipment, or products",4864,b4b65dd80416,3,0.7616760015487671,0.36072754859924316,3.628572702407837,0.1355932205915451,0.375,0.8359322547912598,1
/home/jovyan/Joel_Pardo/AI4LABOUR/Mejoras/results_coursera/models/simcse_coursera_sup/sentence-transformers/all-MiniLM-L6-v2,D_char_jaccard,139,80c1c070d6f0,"maintain inventories of materials, equipment, or products",4957,25aa304c3c46,4,0.5102004408836365,0.1308085322380066,0.838538408279419,0.14516128599643707,0.5,0.8279561400413513,0
/home/jovyan/Joel_Pardo/AI4LABOUR/Mejoras/results_coursera/models/simcse_coursera_sup/sentence-transformers/all-MiniLM-L6-v2,D_char_jaccard,139,80c1c070d6f0,"maintain inventories of materials, equipment, or products",4975,0181584577c0,5,0.4591725766658783,0.2558521032333374,2.355924129486084,0.10256410390138626,1.0,0.38316163420677185,0
/home/jovyan/Joel_Pardo/AI4LABOUR/Mejoras/results_coursera/models/simcse_coursera_sup/sentence-transformers/all-MiniLM-L6-v2,D_char_jaccard,139,80c1c070d6f0,"maintain inventories of materials, equipment, or products",4346,dc00b108ce90,6,0.5844741940498352,0.25575917959213257,2.3547966480255127,0.1111111119389534,0.875,0.5819078087806702,1
/home/jovyan/Joel_Pardo/AI4LABOUR/Mejoras/results_coursera/models/simcse_coursera_sup/sentence-transformers/all-MiniLM-L6-v2,D_char_jaccard,139,80c1c070d6f0,"maintain inventories of materials, equipment, or products",2918,34daa13d90ae,7,0.45017876029014586,0.23268379271030426,2.074779987335205,0.0476190485060215,0.5,0.384646475315094,1
/home/jovyan/Joel_Pardo/AI4LABOUR/Mejoras/results_coursera/models/simcse_coursera_sup/sentence-transformers/all-MiniLM-L6-v2,D_char_jaccard,139,80c1c070d6f0,"maintain inventories of materials, equipment, or products",3776,a89b81917b58,8,0.6456192612648011,0.3148747980594635,3.0721561908721924,0.11688311398029327,0.625,0.6294028759002686,1
/home/jovyan/Joel_Pardo/AI4LABOUR/Mejoras/results_coursera/models/simcse_coursera_sup/sentence-transformers/all-MiniLM-L6-v2,D_char_jaccard,139,80c1c070d6f0,"maintain inventories of materials, equipment, or products",2197,005eca8287aa,9,0.37396140694618224,0.30043330788612366,2.8969106674194336,0.11428571492433548,0.5,0.0,1
/home/jovyan/Joel_Pardo/AI4LABOUR/Mejoras/results_coursera/models/simcse_coursera_sup/sentence-transformers/all-MiniLM-L6-v2,D_char_jaccard,139,80c1c070d6f0,"maintain inventories of materials, equipment, or products",5257,d86f1a5657ec,10,0.3991327464580536,0.331046998500824,3.2684035301208496,0.0714285746216774,0.6666666865348816,0.0,1
/home/jovyan/Joel_Pardo/AI4LABOUR/Mejoras/results_coursera/models/simcse_coursera_sup/sentence-transformers/all-MiniLM-L6-v2,D_char_jaccard,140,f07eaef01260,determine operational criteria or specifications,2800,02ac2ff76b94,1,0.8856143236160279,0.41486695408821106,3.7272801399230957,0.1489361673593521,0.5,1.0,1
/home/jovyan/Joel_Pardo/AI4LABOUR/Mejoras/results_coursera/models/simcse_coursera_sup/sentence-transformers/all-MiniLM-L6-v2,D_char_jaccard,140,f07eaef01260,determine operational criteria or specifications,4059,966ff254f415,2,0.7137331247329712,0.33748435974121094,2.854077100753784,0.19354838132858276,0.8333333134651184,0.6748585104942322,1
/home/jovyan/Joel_Pardo/AI4LABOUR/Mejoras/results_coursera/models/simcse_coursera_sup/sentence-transformers/all-MiniLM-L6-v2,D_char_jaccard,140,f07eaef01260,determine operational criteria or specifications,2149,ce5275d1f549,3,0.5942168712615967,0.2334711104631424,1.680367350578308,0.1269841343164444,0.8333333134651184,0.6517003774642944,1
/home/jovyan/Joel_Pardo/AI4LABOUR/Mejoras/results_coursera/models/simcse_coursera_sup/sentence-transformers/all-MiniLM-L6-v2,D_char_jaccard,140,f07eaef01260,determine operational criteria or specifications,758,077b37efd178,4,0.4274230182170868,0.3737748861312866,3.263587713241577,0.03076923079788685,0.6666666865348816,0.0,1
/home/jovyan/Joel_Pardo/AI4LABOUR/Mejoras/results_coursera/models/simcse_coursera_sup/sentence-transformers/all-MiniLM-L6-v2,D_char_jaccard,140,f07eaef01260,determine operational criteria or specifications,4896,1d892e09d5fd,5,0.41189109086990355,0.35638362169265747,3.067340612411499,0.03125,0.6666666865348816,0.0,1
/home/jovyan/Joel_Pardo/AI4LABOUR/Mejoras/results_coursera/models/simcse_coursera_sup/sentence-transformers/all-MiniLM-L6-v2,D_char_jaccard,140,f07eaef01260,determine operational criteria or specifications,3086,2f64529e9d77,6,0.4080570816993713,0.35569560527801514,3.059576988220215,0.0517241396009922,0.5,0.0,1
/home/jovyan/Joel_Pardo/AI4LABOUR/Mejoras/results_coursera/models/simcse_coursera_sup/sentence-transformers/all-MiniLM-L6-v2,D_char_jaccard,140,f07eaef01260,determine operational criteria or specifications,689,f1b8bdf23453,7,0.45552279353141784,0.21939800679683685,1.521563172340393,0.17307692766189575,0.5,0.34948843717575073,1
/home/jovyan/Joel_Pardo/AI4LABOUR/Mejoras/results_coursera/models/simcse_coursera_sup/sentence-transformers/all-MiniLM-L6-v2,D_char_jaccard,140,f07eaef01260,determine operational criteria or specifications,3946,d77de4fdc1c2,8,0.40495755076408385,0.2056540697813034,1.3664733171463013,0.10000000149011612,0.4285714328289032,0.3086007237434387,1
/home/jovyan/Joel_Pardo/AI4LABOUR/Mejoras/results_coursera/models/simcse_coursera_sup/sentence-transformers/all-MiniLM-L6-v2,D_char_jaccard,140,f07eaef01260,determine operational criteria or specifications,4077,aa1012ca2dbf,9,0.3931517481803894,0.32572415471076965,2.721372127532959,0.0,1.0,0.0,1
/home/jovyan/Joel_Pardo/AI4LABOUR/Mejoras/results_coursera/models/simcse_coursera_sup/sentence-transformers/all-MiniLM-L6-v2,D_char_jaccard,140,f07eaef01260,determine operational criteria or specifications,3813,d4fec0ffd15c,10,0.37313567399978637,0.31073248386383057,2.5522027015686035,0.06481481343507767,0.5454545617103577,0.0,1
/home/jovyan/Joel_Pardo/AI4LABOUR/Mejoras/results_coursera/models/simcse_coursera_sup/sentence-transformers/all-MiniLM-L6-v2,D_char_jaccard,141,dbc0d59bd942,research advanced engineering designs or applications,2714,d9855438ae33,1,0.9241908073425293,0.5629298090934753,5.7907891273498535,0.3137255012989044,0.4285714328289032,0.669235110282898,1
/home/jovyan/Joel_Pardo/AI4LABOUR/Mejoras/results_coursera/models/simcse_coursera_sup/sentence-transformers/all-MiniLM-L6-v2,D_char_jaccard,141,dbc0d59bd942,research advanced engineering designs or applications,47,b9241dcb1d13,2,0.6341930508613587,0.24384954571723938,2.118034601211548,0.2321428507566452,0.4285714328289032,0.7131603360176086,1
/home/jovyan/Joel_Pardo/AI4LABOUR/Mejoras/results_coursera/models/simcse_coursera_sup/sentence-transformers/all-MiniLM-L6-v2,D_char_jaccard,141,dbc0d59bd942,research advanced engineering designs or applications,3104,c2b804e48d00,3,0.6622339367866517,0.27093371748924255,2.4297854900360107,0.15625,0.5714285969734192,0.7518990635871887,1
/home/jovyan/Joel_Pardo/AI4LABOUR/Mejoras/results_coursera/models/simcse_coursera_sup/sentence-transformers/all-MiniLM-L6-v2,D_char_jaccard,141,dbc0d59bd942,research advanced engineering designs or applications,1578,e2ac28b6d5d5,4,0.6074198961257935,0.29297053813934326,2.683439016342163,0.11290322244167328,0.4285714328289032,0.6102300882339478,1
/home/jovyan/Joel_Pardo/AI4LABOUR/Mejoras/results_coursera/models/simcse_coursera_sup/sentence-transformers/all-MiniLM-L6-v2,D_char_jaccard,141,dbc0d59bd942,research advanced engineering designs or applications,301,b3202b182771,5,0.599755871295929,0.24072416126728058,2.0820600986480713,0.13513512909412384,0.7142857313156128,0.6590151786804199,1
/home/jovyan/Joel_Pardo/AI4LABOUR/Mejoras/results_coursera/models/simcse_coursera_sup/sentence-transformers/all-MiniLM-L6-v2,D_char_jaccard,141,dbc0d59bd942,research advanced engineering designs or applications,2278,6f4fc391d1eb,6,0.6546999096870423,0.2765556573867798,2.4944965839385986,0.1964285671710968,0.4285714328289032,0.7131603360176086,1
/home/jovyan/Joel_Pardo/AI4LABOUR/Mejoras/results_coursera/models/simcse_coursera_sup/sentence-transformers/all-MiniLM-L6-v2,D_char_jaccard,141,dbc0d59bd942,research advanced engineering designs or applications,1337,284a65d8619b,7,0.5884083390235901,0.2454175353050232,2.136082887649536,0.12727272510528564,0.5833333134651184,0.6413694620132446,1
/home/jovyan/Joel_Pardo/AI4LABOUR/Mejoras/results_coursera/models/simcse_coursera_sup/sentence-transformers/all-MiniLM-L6-v2,D_char_jaccard,141,dbc0d59bd942,research advanced engineering designs or applications,2686,2e522a60ddc9,8,0.6895469307899476,0.25737622380256653,2.2737326622009277,0.1428571492433548,0.5714285969734192,0.8590565323829651,1
/home/jovyan/Joel_Pardo/AI4LABOUR/Mejoras/results_coursera/models/simcse_coursera_sup/sentence-transformers/all-MiniLM-L6-v2,D_char_jaccard,141,dbc0d59bd942,research advanced engineering designs or applications,4862,b54736456520,9,0.6671617507934571,0.3583049774169922,3.43546724319458,0.11666666716337204,0.4285714328289032,0.6102300882339478,1
/home/jovyan/Joel_Pardo/AI4LABOUR/Mejoras/results_coursera/models/simcse_coursera_sup/sentence-transformers/all-MiniLM-L6-v2,D_char_jaccard,141,dbc0d59bd942,research advanced engineering designs or applications,2813,0b516df2a352,10,0.7076671600341797,0.3277110457420349,3.083317756652832,0.22413793206214905,0.4285714328289032,0.7131603360176086,1
/home/jovyan/Joel_Pardo/AI4LABOUR/Mejoras/results_coursera/models/simcse_coursera_sup/sentence-transformers/all-MiniLM-L6-v2,D_char_jaccard,142,c71cb5036aef,"coordinate activities with suppliers, contractors, clients, or other departments",1863,6a901f9ab4b7,1,0.6584423661231995,0.4097454845905304,3.7040646076202393,0.14525139331817627,0.38461539149284363,0.4603196084499359,1
/home/jovyan/Joel_Pardo/AI4LABOUR/Mejoras/results_coursera/models/simcse_coursera_sup/sentence-transformers/all-MiniLM-L6-v2,D_char_jaccard,142,c71cb5036aef,"coordinate activities with suppliers, contractors, clients, or other departments",3309,68232321735d,2,0.4975424289703369,0.19367364048957825,1.3680047988891602,0.08536585420370102,0.4000000059604645,0.5797367095947266,1
/home/jovyan/Joel_Pardo/AI4LABOUR/Mejoras/results_coursera/models/simcse_coursera_sup/sentence-transformers/all-MiniLM-L6-v2,D_char_jaccard,142,c71cb5036aef,"coordinate activities with suppliers, contractors, clients, or other departments",2233,d334de0d305d,3,0.6017722487449646,0.18454334139823914,1.2692925930023193,0.11688311398029327,0.30000001192092896,0.9786563515663147,0
/home/jovyan/Joel_Pardo/AI4LABOUR/Mejoras/results_coursera/models/simcse_coursera_sup/sentence-transformers/all-MiniLM-L6-v2,D_char_jaccard,142,c71cb5036aef,"coordinate activities with suppliers, contractors, clients, or other departments",1694,d6c8c0983834,4,0.44515830278396606,0.025793161243200302,-0.4470342695713043,0.02777777798473835,0.30000001192092896,1.0,0
/home/jovyan/Joel_Pardo/AI4LABOUR/Mejoras/results_coursera/models/simcse_coursera_sup/sentence-transformers/all-MiniLM-L6-v2,D_char_jaccard,142,c71cb5036aef,"coordinate activities with suppliers, contractors, clients, or other departments",2890,5371441504ea,5,0.5616656422615052,0.5202051401138306,4.898298740386963,0.1139240488409996,0.30000001192092896,0.0,1
/home/jovyan/Joel_Pardo/AI4LABOUR/Mejoras/results_coursera/models/simcse_coursera_sup/sentence-transformers/all-MiniLM-L6-v2,D_char_jaccard,142,c71cb5036aef,"coordinate activities with suppliers, contractors, clients, or other departments",1800,bd60ddc5bb14,6,0.5292548537254333,0.27571046352386475,2.2549455165863037,0.11688311398029327,0.4000000059604645,0.5797367095947266,0
/home/jovyan/Joel_Pardo/AI4LABOUR/Mejoras/results_coursera/models/simcse_coursera_sup/sentence-transformers/all-MiniLM-L6-v2,D_char_jaccard,142,c71cb5036aef,"coordinate activities with suppliers, contractors, clients, or other departments",147,575ea3efc7e8,7,0.455466091632843,0.22890587151050568,1.7489176988601685,0.08536585420370102,0.4000000059604645,0.5202733278274536,0
/home/jovyan/Joel_Pardo/AI4LABOUR/Mejoras/results_coursera/models/simcse_coursera_sup/sentence-transformers/all-MiniLM-L6-v2,D_char_jaccard,142,c71cb5036aef,"coordinate activities with suppliers, contractors, clients, or other departments",2752,e2ed19a7f22a,8,0.42127718329429625,0.19171875715255737,1.3468694686889648,0.07079645991325378,0.8999999761581421,0.3400779366493225,1
/home/jovyan/Joel_Pardo/AI4LABOUR/Mejoras/results_coursera/models/simcse_coursera_sup/sentence-transformers/all-MiniLM-L6-v2,D_char_jaccard,142,c71cb5036aef,"coordinate activities with suppliers, contractors, clients, or other departments",2658,a55b33933d49,9,0.4636553227901459,0.23766860365867615,1.8436561822891235,0.08602150529623032,0.5,0.5081204771995544,0
/home/jovyan/Joel_Pardo/AI4LABOUR/Mejoras/results_coursera/models/simcse_coursera_sup/sentence-transformers/all-MiniLM-L6-v2,D_char_jaccard,142,c71cb5036aef,"coordinate activities with suppliers, contractors, clients, or other departments",4304,752a4c697549,10,0.4660420298576355,0.24861067533493042,1.961956262588501,0.045045044273138046,0.8999999761581421,0.3400779366493225,1
/home/jovyan/Joel_Pardo/AI4LABOUR/Mejoras/results_coursera/models/simcse_coursera_sup/sentence-transformers/all-MiniLM-L6-v2,D_char_jaccard,143,fd635c6ca5be,conduct quantitative failure analyses of operational data,5190,a6f0351e17b3,1,0.9633010506629944,0.5910581350326538,6.3205084800720215,0.11290322244167328,0.375,0.8359322547912598,1
/home/jovyan/Joel_Pardo/AI4LABOUR/Mejoras/results_coursera/models/simcse_coursera_sup/sentence-transformers/all-MiniLM-L6-v2,D_char_jaccard,143,fd635c6ca5be,conduct quantitative failure analyses of operational data,3335,088ad8c73ee2,2,0.5491843700408936,0.21889594197273254,1.9149056673049927,0.12121212482452393,0.75,0.5859374403953552,1
/home/jovyan/Joel_Pardo/AI4LABOUR/Mejoras/results_coursera/models/simcse_coursera_sup/sentence-transformers/all-MiniLM-L6-v2,D_char_jaccard,143,fd635c6ca5be,conduct quantitative failure analyses of operational data,5071,91a4d9915dfd,3,0.5174923717975617,0.19464153051376343,1.6277854442596436,0.21621622145175934,0.75,0.5019024014472961,1
/home/jovyan/Joel_Pardo/AI4LABOUR/Mejoras/results_coursera/models/simcse_coursera_sup/sentence-transformers/all-MiniLM-L6-v2,D_char_jaccard,143,fd635c6ca5be,conduct quantitative failure analyses of operational data,4059,966ff254f415,4,0.6531306982040406,0.31002625823020935,2.9936933517456055,0.16438356041908264,0.625,0.6294028759002686,1
/home/jovyan/Joel_Pardo/AI4LABOUR/Mejoras/results_coursera/models/simcse_coursera_sup/sentence-transformers/all-MiniLM-L6-v2,D_char_jaccard,143,fd635c6ca5be,conduct quantitative failure analyses of operational data,3252,5554bc0d4f57,5,0.47502787709236144,0.255511611700058,2.3483567237854004,0.08064515888690948,0.375,0.3903902471065521,1
/home/jovyan/Joel_Pardo/AI4LABOUR/Mejoras/results_coursera/models/simcse_coursera_sup/sentence-transformers/all-MiniLM-L6-v2,D_char_jaccard,143,fd635c6ca5be,conduct quantitative failure analyses of operational data,3012,f9c8040a4be7,6,0.4375656425952911,0.2478860318660736,2.2580862045288086,0.0810810774564743,0.625,0.2823699116706848,1
/home/jovyan/Joel_Pardo/AI4LABOUR/Mejoras/results_coursera/models/simcse_coursera_sup/sentence-transformers/all-MiniLM-L6-v2,D_char_jaccard,143,fd635c6ca5be,conduct quantitative failure analyses of operational data,2956,3cdbb6503c09,7,0.47121022939682006,0.2748415768146515,2.5771820545196533,0.05882352963089943,0.5,0.3353672921657562,1
/home/jovyan/Joel_Pardo/AI4LABOUR/Mejoras/results_coursera/models/simcse_coursera_sup/sentence-transformers/all-MiniLM-L6-v2,D_char_jaccard,143,fd635c6ca5be,conduct quantitative failure analyses of operational data,1577,30283b9c2649,8,0.6279626965522767,0.27717337012290955,2.604785680770874,0.1846153885126114,0.5,0.6433821320533752,1
/home/jovyan/Joel_Pardo/AI4LABOUR/Mejoras/results_coursera/models/simcse_coursera_sup/sentence-transformers/all-MiniLM-L6-v2,D_char_jaccard,143,fd635c6ca5be,conduct quantitative failure analyses of operational data,500,b5af6cc043a0,9,0.775693702697754,0.39968109130859375,4.055014610290527,0.26249998807907104,1.0,0.6258893609046936,1
/home/jovyan/Joel_Pardo/AI4LABOUR/Mejoras/results_coursera/models/simcse_coursera_sup/sentence-transformers/all-MiniLM-L6-v2,D_char_jaccard,143,fd635c6ca5be,conduct quantitative failure analyses of operational data,1452,41db1b32b4b9,10,0.6045592904090882,0.4209008812904358,4.306211471557617,0.10769230872392654,0.625,0.2939385771751404,1
/home/jovyan/Joel_Pardo/AI4LABOUR/Mejoras/results_coursera/models/simcse_coursera_sup/sentence-transformers/all-MiniLM-L6-v2,D_char_jaccard,144,7a053b14e6ec,determine design criteria or specifications,2800,02ac2ff76b94,1,0.939416515827179,0.47280851006507874,4.156497955322266,0.15555556118488312,0.5,1.0,1
/home/jovyan/Joel_Pardo/AI4LABOUR/Mejoras/results_coursera/models/simcse_coursera_sup/sentence-transformers/all-MiniLM-L6-v2,D_char_jaccard,144,7a053b14e6ec,determine design criteria or specifications,4214,8f9461da4c06,2,0.6320273160934449,0.3752751648426056,3.132993221282959,0.16326530277729034,0.5,0.4461585581302643,1
/home/jovyan/Joel_Pardo/AI4LABOUR/Mejoras/results_coursera/models/simcse_coursera_sup/sentence-transformers/all-MiniLM-L6-v2,D_char_jaccard,144,7a053b14e6ec,determine design criteria or specifications,2149,ce5275d1f549,3,0.652135181427002,0.29666829109191895,2.308100938796997,0.13114753365516663,0.8333333134651184,0.6517003774642944,1
/home/jovyan/Joel_Pardo/AI4LABOUR/Mejoras/results_coursera/models/simcse_coursera_sup/sentence-transformers/all-MiniLM-L6-v2,D_char_jaccard,144,7a053b14e6ec,determine design criteria or specifications,4035,02bd3f0a6aec,4,0.6051158785820008,0.40310153365135193,3.4250001907348633,0.09090909361839294,1.0,0.29899317026138306,1
/home/jovyan/Joel_Pardo/AI4LABOUR/Mejoras/results_coursera/models/simcse_coursera_sup/sentence-transformers/all-MiniLM-L6-v2,D_char_jaccard,144,7a053b14e6ec,determine design criteria or specifications,2225,1ac279a54973,5,0.7014298915863038,0.4630182981491089,4.053760528564453,0.125,0.5,0.4461585581302643,1
/home/jovyan/Joel_Pardo/AI4LABOUR/Mejoras/results_coursera/models/simcse_coursera_sup/sentence-transformers/all-MiniLM-L6-v2,D_char_jaccard,144,7a053b14e6ec,determine design criteria or specifications,3963,91bd8992e298,6,0.6731043934822083,0.4630703926086426,4.054306983947754,0.12121212482452393,0.8333333134651184,0.3359284996986389,1
/home/jovyan/Joel_Pardo/AI4LABOUR/Mejoras/results_coursera/models/simcse_coursera_sup/sentence-transformers/all-MiniLM-L6-v2,D_char_jaccard,144,7a053b14e6ec,determine design criteria or specifications,3873,09a84053a60b,7,0.6159549832344056,0.3927215039730072,3.316073179244995,0.1034482792019844,0.6666666865348816,0.38327541947364807,1
/home/jovyan/Joel_Pardo/AI4LABOUR/Mejoras/results_coursera/models/simcse_coursera_sup/sentence-transformers/all-MiniLM-L6-v2,D_char_jaccard,144,7a053b14e6ec,determine design criteria or specifications,619,724f875fd92b,8,0.6094882369041443,0.36603230237960815,3.0359995365142822,0.10638298094272614,0.5,0.4461585581302643,1
/home/jovyan/Joel_Pardo/AI4LABOUR/Mejoras/results_coursera/models/simcse_coursera_sup/sentence-transformers/all-MiniLM-L6-v2,D_char_jaccard,144,7a053b14e6ec,determine design criteria or specifications,5225,432925001607,9,0.6298548460006714,0.3873485326766968,3.2596898078918457,0.1111111119389534,0.5,0.4461585581302643,1
/home/jovyan/Joel_Pardo/AI4LABOUR/Mejoras/results_coursera/models/simcse_coursera_sup/sentence-transformers/all-MiniLM-L6-v2,D_char_jaccard,144,7a053b14e6ec,determine design criteria or specifications,192,ff1a77389dfc,10,0.6755938410758973,0.4523690640926361,3.9420084953308105,0.12727272510528564,0.6666666865348816,0.38327541947364807,1
/home/jovyan/Joel_Pardo/AI4LABOUR/Mejoras/results_coursera/models/simcse_coursera_sup/sentence-transformers/all-MiniLM-L6-v2,D_char_jaccard,145,7809c19536e4,evaluate technical data to determine effect on designs or plans,4507,4308d262ba90,1,0.8942090749740601,0.4462631344795227,3.7509207725524902,0.15730337798595428,0.5454545617103577,0.9399343132972717,1
/home/jovyan/Joel_Pardo/AI4LABOUR/Mejoras/results_coursera/models/simcse_coursera_sup/sentence-transformers/all-MiniLM-L6-v2,D_char_jaccard,145,7809c19536e4,evaluate technical data to determine effect on designs or plans,3939,e871c72d5add,2,0.6515204787254334,0.2087205946445465,1.360180139541626,0.07042253762483597,0.27272728085517883,0.9560747742652893,1
/home/jovyan/Joel_Pardo/AI4LABOUR/Mejoras/results_coursera/models/simcse_coursera_sup/sentence-transformers/all-MiniLM-L6-v2,D_char_jaccard,145,7809c19536e4,evaluate technical data to determine effect on designs or plans,3248,e9ec0a2c6e6d,3,0.6979592323303223,0.3271394371986389,2.5520036220550537,0.1267605572938919,0.27272728085517883,0.7705180644989014,1
/home/jovyan/Joel_Pardo/AI4LABOUR/Mejoras/results_coursera/models/simcse_coursera_sup/sentence-transformers/all-MiniLM-L6-v2,D_char_jaccard,145,7809c19536e4,evaluate technical data to determine effect on designs or plans,2686,2e522a60ddc9,4,0.6427796959877015,0.23441699147224426,1.6188008785247803,0.07999999821186066,0.3636363744735718,0.8590565323829651,1
/home/jovyan/Joel_Pardo/AI4LABOUR/Mejoras/results_coursera/models/simcse_coursera_sup/sentence-transformers/all-MiniLM-L6-v2,D_char_jaccard,145,7809c19536e4,evaluate technical data to determine effect on designs or plans,4828,0207b591a5d5,5,0.8590327382087708,0.4136883020401001,3.423072338104248,0.0923076942563057,0.27272728085517883,1.0,1
/home/jovyan/Joel_Pardo/AI4LABOUR/Mejoras/results_coursera/models/simcse_coursera_sup/sentence-transformers/all-MiniLM-L6-v2,D_char_jaccard,145,7809c19536e4,evaluate technical data to determine effect on designs or plans,2300,754666b07e71,6,0.6683038949966431,0.36434847116470337,2.926492929458618,0.09022556245326996,0.7857142686843872,0.571370542049408,1
/home/jovyan/Joel_Pardo/AI4LABOUR/Mejoras/results_coursera/models/simcse_coursera_sup/sentence-transformers/all-MiniLM-L6-v2,D_char_jaccard,145,7809c19536e4,evaluate technical data to determine effect on designs or plans,4558,7b0342e1d11a,7,0.6056815981864929,0.3626769781112671,2.909670114517212,0.1818181872367859,0.5454545617103577,0.5163626670837402,0
/home/jovyan/Joel_Pardo/AI4LABOUR/Mejoras/results_coursera/models/simcse_coursera_sup/sentence-transformers/all-MiniLM-L6-v2,D_char_jaccard,145,7809c19536e4,evaluate technical data to determine effect on designs or plans,415,8dceeb9c5e16,8,0.5159044742584229,0.3163115382194519,2.443026304244995,0.03846153989434242,0.3636363744735718,0.383567214012146,1
/home/jovyan/Joel_Pardo/AI4LABOUR/Mejoras/results_coursera/models/simcse_coursera_sup/sentence-transformers/all-MiniLM-L6-v2,D_char_jaccard,145,7809c19536e4,evaluate technical data to determine effect on designs or plans,3588,a6818b8d1354,9,0.6801153302192688,0.43809857964515686,3.6687488555908203,0.08181817829608917,1.0,0.41343024373054504,1
/home/jovyan/Joel_Pardo/AI4LABOUR/Mejoras/results_coursera/models/simcse_coursera_sup/sentence-transformers/all-MiniLM-L6-v2,D_char_jaccard,145,7809c19536e4,evaluate technical data to determine effect on designs or plans,2728,b12a99169d3e,10,0.6481622934341431,0.3601198196411133,2.8839337825775146,0.12612612545490265,0.8461538553237915,0.5005381107330322,1
/home/jovyan/Joel_Pardo/AI4LABOUR/Mejoras/results_coursera/models/simcse_coursera_sup/sentence-transformers/all-MiniLM-L6-v2,D_char_jaccard,146,284cc33eb902,direct design or development activities,727,31c13f47ad87,1,0.8483497381210328,0.548581600189209,4.439628601074219,0.1111111119389534,0.3333333432674408,0.6504547595977783,1
/home/jovyan/Joel_Pardo/AI4LABOUR/Mejoras/results_coursera/models/simcse_coursera_sup/sentence-transformers/all-MiniLM-L6-v2,D_char_jaccard,146,284cc33eb902,direct design or development activities,3232,d7dbf48fa293,2,0.7846935868263245,0.31223416328430176,2.0740933418273926,0.18000000715255737,0.6666666865348816,0.9383736252784729,1
/home/jovyan/Joel_Pardo/AI4LABOUR/Mejoras/results_coursera/models/simcse_coursera_sup/sentence-transformers/all-MiniLM-L6-v2,D_char_jaccard,146,284cc33eb902,direct design or development activities,2233,d334de0d305d,3,0.8097105503082276,0.3245684802532196,2.1975440979003906,0.20454545319080353,0.5,0.9786563515663147,1
/home/jovyan/Joel_Pardo/AI4LABOUR/Mejoras/results_coursera/models/simcse_coursera_sup/sentence-transformers/all-MiniLM-L6-v2,D_char_jaccard,146,284cc33eb902,direct design or development activities,80,5402ba93471c,4,0.7569779038429261,0.43905943632125854,3.343451976776123,0.26530611515045166,0.6666666865348816,0.5304111838340759,1
/home/jovyan/Joel_Pardo/AI4LABOUR/Mejoras/results_coursera/models/simcse_coursera_sup/sentence-transformers/all-MiniLM-L6-v2,D_char_jaccard,146,284cc33eb902,direct design or development activities,1947,978da67e4402,5,0.7809564948081971,0.3652465045452118,2.6046791076660156,0.31578946113586426,0.8571428656578064,0.7010753154754639,1
/home/jovyan/Joel_Pardo/AI4LABOUR/Mejoras/results_coursera/models/simcse_coursera_sup/sentence-transformers/all-MiniLM-L6-v2,D_char_jaccard,146,284cc33eb902,direct design or development activities,3065,6bfd8292276f,6,0.7197445511817933,0.4109988212585449,3.062601089477539,0.21739129722118378,0.6666666865348816,0.5304111838340759,1
/home/jovyan/Joel_Pardo/AI4LABOUR/Mejoras/results_coursera/models/simcse_coursera_sup/sentence-transformers/all-MiniLM-L6-v2,D_char_jaccard,146,284cc33eb902,direct design or development activities,1308,e09b31320827,7,0.7288273453712464,0.39418917894363403,2.8943581581115723,0.2083333283662796,0.5,0.617434561252594,1
/home/jovyan/Joel_Pardo/AI4LABOUR/Mejoras/results_coursera/models/simcse_coursera_sup/sentence-transformers/all-MiniLM-L6-v2,D_char_jaccard,146,284cc33eb902,direct design or development activities,1676,4abb63e41447,8,0.7659982323646546,0.3327794075012207,2.2797250747680664,0.1875,0.6666666865348816,0.8407211303710938,1
/home/jovyan/Joel_Pardo/AI4LABOUR/Mejoras/results_coursera/models/simcse_coursera_sup/sentence-transformers/all-MiniLM-L6-v2,D_char_jaccard,146,284cc33eb902,direct design or development activities,287,807ee8557707,9,0.7896073341369629,0.4464934468269348,3.4178569316864014,0.2631579041481018,0.5,0.617434561252594,1
/home/jovyan/Joel_Pardo/AI4LABOUR/Mejoras/results_coursera/models/simcse_coursera_sup/sentence-transformers/all-MiniLM-L6-v2,D_char_jaccard,146,284cc33eb902,direct design or development activities,2364,e7f8b2c6810a,10,0.7364898800849915,0.397442102432251,2.9269158840179443,0.22727273404598236,0.5,0.617434561252594,1
/home/jovyan/Joel_Pardo/AI4LABOUR/Mejoras/results_coursera/models/simcse_coursera_sup/sentence-transformers/all-MiniLM-L6-v2,D_char_jaccard,147,a2140782858a,design energy-efficient vehicles or vehicle components,5080,572c09481298,1,1.0013621926307679,0.48365646600723267,6.01738977432251,0.3392857015132904,0.625,1.0,1
/home/jovyan/Joel_Pardo/AI4LABOUR/Mejoras/results_coursera/models/simcse_coursera_sup/sentence-transformers/all-MiniLM-L6-v2,D_char_jaccard,147,a2140782858a,design energy-efficient vehicles or vehicle components,940,e7df4121d1af,2,0.8330764055252076,0.5174084901809692,6.467262268066406,0.1320754736661911,0.375,0.6640996336936951,1
/home/jovyan/Joel_Pardo/AI4LABOUR/Mejoras/results_coursera/models/simcse_coursera_sup/sentence-transformers/all-MiniLM-L6-v2,D_char_jaccard,147,a2140782858a,design energy-efficient vehicles or vehicle components,1705,53b592783e35,3,0.4722750961780548,0.22370484471321106,2.5525593757629395,0.1492537260055542,0.625,0.380943238735199,1
/home/jovyan/Joel_Pardo/AI4LABOUR/Mejoras/results_coursera/models/simcse_coursera_sup/sentence-transformers/all-MiniLM-L6-v2,D_char_jaccard,147,a2140782858a,design energy-efficient vehicles or vehicle components,4880,995c33174219,4,0.7395597577095032,0.46752870082855225,5.802426815032959,0.11940298229455948,0.5,0.5348330140113831,1
/home/jovyan/Joel_Pardo/AI4LABOUR/Mejoras/results_coursera/models/simcse_coursera_sup/sentence-transformers/all-MiniLM-L6-v2,D_char_jaccard,147,a2140782858a,design energy-efficient vehicles or vehicle components,78,cefdec315735,5,0.44205865263938904,0.3275040090084076,3.936072587966919,0.08196721225976944,0.5,0.2545330822467804,0
/home/jovyan/Joel_Pardo/AI4LABOUR/Mejoras/results_coursera/models/simcse_coursera_sup/sentence-transformers/all-MiniLM-L6-v2,D_char_jaccard,147,a2140782858a,design energy-efficient vehicles or vehicle components,1140,d08dec64d953,6,0.45848830342292785,0.18485023081302643,2.0346760749816895,0.17307692766189575,0.5,0.4346347153186798,1
/home/jovyan/Joel_Pardo/AI4LABOUR/Mejoras/results_coursera/models/simcse_coursera_sup/sentence-transformers/all-MiniLM-L6-v2,D_char_jaccard,147,a2140782858a,design energy-efficient vehicles or vehicle components,2614,4c8f350762de,7,0.7402244091033936,0.4552011489868164,5.638115882873535,0.109375,0.5,0.5704991221427917,1
/home/jovyan/Joel_Pardo/AI4LABOUR/Mejoras/results_coursera/models/simcse_coursera_sup/sentence-transformers/all-MiniLM-L6-v2,D_char_jaccard,147,a2140782858a,design energy-efficient vehicles or vehicle components,2360,56d6d4e01982,8,0.44885640144348143,0.2797797918319702,3.2999682426452637,0.08045977354049683,0.8888888955116272,0.20623792707920074,1
/home/jovyan/Joel_Pardo/AI4LABOUR/Mejoras/results_coursera/models/simcse_coursera_sup/sentence-transformers/all-MiniLM-L6-v2,D_char_jaccard,147,a2140782858a,design energy-efficient vehicles or vehicle components,3365,7f63be1febb9,9,0.4859306991100311,0.32524892687797546,3.906015157699585,0.06557376682758331,0.5,0.2545330822467804,1
/home/jovyan/Joel_Pardo/AI4LABOUR/Mejoras/results_coursera/models/simcse_coursera_sup/sentence-transformers/all-MiniLM-L6-v2,D_char_jaccard,147,a2140782858a,design energy-efficient vehicles or vehicle components,4486,ff4d75c3cd3e,10,0.4949211061000824,0.2794581651687622,3.2956814765930176,0.1111111119389534,0.5,0.3515773415565491,1
/home/jovyan/Joel_Pardo/AI4LABOUR/Mejoras/results_coursera/models/simcse_coursera_sup/sentence-transformers/all-MiniLM-L6-v2,D_char_jaccard,148,253c9a1feb09,research design or application of green technologies,1177,8ef1306520ed,1,1.1346326351165772,0.68986976146698,7.404433250427246,0.18000000715255737,0.375,1.0,1
/home/jovyan/Joel_Pardo/AI4LABOUR/Mejoras/results_coursera/models/simcse_coursera_sup/sentence-transformers/all-MiniLM-L6-v2,D_char_jaccard,148,253c9a1feb09,research design or application of green technologies,1309,a8e51d116de8,2,0.6694533705711365,0.411642849445343,4.094925403594971,0.2586206793785095,0.5,0.3982991576194763,1
/home/jovyan/Joel_Pardo/AI4LABOUR/Mejoras/results_coursera/models/simcse_coursera_sup/sentence-transformers/all-MiniLM-L6-v2,D_char_jaccard,148,253c9a1feb09,research design or application of green technologies,903,63522a7e8b64,3,0.5272297143936158,0.21317559480667114,1.7341581583023071,0.19230769574642181,0.375,0.5463619232177734,1
/home/jovyan/Joel_Pardo/AI4LABOUR/Mejoras/results_coursera/models/simcse_coursera_sup/sentence-transformers/all-MiniLM-L6-v2,D_char_jaccard,148,253c9a1feb09,research design or application of green technologies,2301,6d7d5c1c49a4,4,0.5702302932739258,0.3253575563430786,3.0685622692108154,0.14529915153980255,0.6666666865348816,0.39437586069107056,1
/home/jovyan/Joel_Pardo/AI4LABOUR/Mejoras/results_coursera/models/simcse_coursera_sup/sentence-transformers/all-MiniLM-L6-v2,D_char_jaccard,148,253c9a1feb09,research design or application of green technologies,3304,ecdd6aedb4c3,5,0.676491129398346,0.36880213022232056,3.5853352546691895,0.13333334028720856,0.5,0.5905896425247192,1
/home/jovyan/Joel_Pardo/AI4LABOUR/Mejoras/results_coursera/models/simcse_coursera_sup/sentence-transformers/all-MiniLM-L6-v2,D_char_jaccard,148,253c9a1feb09,research design or application of green technologies,4681,dddc10be00dd,6,0.5317316234111786,0.2780555784702301,2.5059053897857666,0.1090909093618393,0.375,0.46364718675613403,1
/home/jovyan/Joel_Pardo/AI4LABOUR/Mejoras/results_coursera/models/simcse_coursera_sup/sentence-transformers/all-MiniLM-L6-v2,D_char_jaccard,148,253c9a1feb09,research design or application of green technologies,4899,ee82dbf27ce1,7,0.5407217919826508,0.28858575224876404,2.631161689758301,0.1071428582072258,0.375,0.46364718675613403,1
/home/jovyan/Joel_Pardo/AI4LABOUR/Mejoras/results_coursera/models/simcse_coursera_sup/sentence-transformers/all-MiniLM-L6-v2,D_char_jaccard,148,253c9a1feb09,research design or application of green technologies,4505,18e16d21f7b2,8,0.5568191289901734,0.34552431106567383,3.308445692062378,0.16049382090568542,0.875,0.2799343764781952,1
/home/jovyan/Joel_Pardo/AI4LABOUR/Mejoras/results_coursera/models/simcse_coursera_sup/sentence-transformers/all-MiniLM-L6-v2,D_char_jaccard,148,253c9a1feb09,research design or application of green technologies,4862,b54736456520,9,0.6339796662330628,0.393718957901001,3.881720781326294,0.10169491171836853,0.375,0.46364718675613403,1
/home/jovyan/Joel_Pardo/AI4LABOUR/Mejoras/results_coursera/models/simcse_coursera_sup/sentence-transformers/all-MiniLM-L6-v2,D_char_jaccard,148,253c9a1feb09,research design or application of green technologies,300,e59b2ba87d09,10,0.5835732102394104,0.26809483766555786,2.3874223232269287,0.1746031790971756,0.5,0.55909264087677,1
/home/jovyan/Joel_Pardo/AI4LABOUR/Mejoras/results_coursera/models/simcse_coursera_sup/sentence-transformers/all-MiniLM-L6-v2,D_char_jaccard,149,c9b79bbec6f3,monitor processes for compliance with standards,835,e9aecb868cc4,1,0.9809844970703125,0.5689119100570679,5.77891731262207,0.1818181872367859,0.2857142984867096,0.8980587720870972,1
/home/jovyan/Joel_Pardo/AI4LABOUR/Mejoras/results_coursera/models/simcse_coursera_sup/sentence-transformers/all-MiniLM-L6-v2,D_char_jaccard,149,c9b79bbec6f3,monitor processes for compliance with standards,754,2af854050699,2,0.8058401823043824,0.3793722987174988,3.6724917888641357,0.1780821979045868,0.8571428656578064,0.8175685405731201,1
/home/jovyan/Joel_Pardo/AI4LABOUR/Mejoras/results_coursera/models/simcse_coursera_sup/sentence-transformers/all-MiniLM-L6-v2,D_char_jaccard,149,c9b79bbec6f3,monitor processes for compliance with standards,860,fa8ac4b1b38c,3,0.6863658905029297,0.21104148030281067,1.801767349243164,0.10000000149011612,0.4285714328289032,1.0,1
/home/jovyan/Joel_Pardo/AI4LABOUR/Mejoras/results_coursera/models/simcse_coursera_sup/sentence-transformers/all-MiniLM-L6-v2,D_char_jaccard,149,c9b79bbec6f3,monitor processes for compliance with standards,5275,c90863c99c07,4,0.5144824862480164,0.2026902139186859,1.7089564800262451,0.09210526198148727,1.0,0.5225874185562134,1
/home/jovyan/Joel_Pardo/AI4LABOUR/Mejoras/results_coursera/models/simcse_coursera_sup/sentence-transformers/all-MiniLM-L6-v2,D_char_jaccard,149,c9b79bbec6f3,monitor processes for compliance with standards,2515,d7bcb433bafc,5,0.45417794585227966,0.11131229251623154,0.6934388279914856,0.145454540848732,0.4285714328289032,0.7405116558074951,0
/home/jovyan/Joel_Pardo/AI4LABOUR/Mejoras/results_coursera/models/simcse_coursera_sup/sentence-transformers/all-MiniLM-L6-v2,D_char_jaccard,149,c9b79bbec6f3,monitor processes for compliance with standards,1430,583225957a3f,6,0.8094488263130188,0.3908907175064087,3.8005001544952393,0.1599999964237213,0.4285714328289032,0.8655464053153992,1
/home/jovyan/Joel_Pardo/AI4LABOUR/Mejoras/results_coursera/models/simcse_coursera_sup/sentence-transformers/all-MiniLM-L6-v2,D_char_jaccard,149,c9b79bbec6f3,monitor processes for compliance with standards,4792,dd7287e532e0,7,0.4668819487094879,0.219866544008255,1.8998435735702515,0.190476194024086,0.8571428656578064,0.32131466269493103,1
/home/jovyan/Joel_Pardo/AI4LABOUR/Mejoras/results_coursera/models/simcse_coursera_sup/sentence-transformers/all-MiniLM-L6-v2,D_char_jaccard,149,c9b79bbec6f3,monitor processes for compliance with standards,989,4ec4f7a20f54,8,0.4183712303638458,0.13570445775985718,0.9645182490348816,0.15000000596046448,0.7142857313156128,0.5575573444366455,0
/home/jovyan/Joel_Pardo/AI4LABOUR/Mejoras/results_coursera/models/simcse_coursera_sup/sentence-transformers/all-MiniLM-L6-v2,D_char_jaccard,149,c9b79bbec6f3,monitor processes for compliance with standards,1861,6ae66fe596ed,9,0.4862141489982605,0.30688220262527466,2.8668816089630127,0.11764705926179886,0.5,0.26402103900909424,1
/home/jovyan/Joel_Pardo/AI4LABOUR/Mejoras/results_coursera/models/simcse_coursera_sup/sentence-transformers/all-MiniLM-L6-v2,D_char_jaccard,149,c9b79bbec6f3,monitor processes for compliance with standards,3816,d4dcc2b4ce0a,10,0.45014711022377013,0.3890523314476013,3.780069589614868,0.0,1.0,0.0,1
/home/jovyan/Joel_Pardo/AI4LABOUR/Mejoras/results_coursera/models/simcse_coursera_sup/sentence-transformers/all-MiniLM-L6-v2,D_char_jaccard,150,3ffc9e8eaffb,test products for functionality or quality,2052,d66636b253cb,1,0.8723044276237488,0.4263972043991089,4.549601078033447,0.1388888955116272,0.2857142984867096,0.9738473892211914,1
/home/jovyan/Joel_Pardo/AI4LABOUR/Mejoras/results_coursera/models/simcse_coursera_sup/sentence-transformers/all-MiniLM-L6-v2,D_char_jaccard,150,3ffc9e8eaffb,test products for functionality or quality,3331,bd1098fcfc05,2,0.6328131437301636,0.28186148405075073,2.8034861087799072,0.0833333358168602,0.5714285969734192,0.6993325352668762,1
/home/jovyan/Joel_Pardo/AI4LABOUR/Mejoras/results_coursera/models/simcse_coursera_sup/sentence-transformers/all-MiniLM-L6-v2,D_char_jaccard,150,3ffc9e8eaffb,test products for functionality or quality,2067,9c7403fc6e17,3,0.7419488310813904,0.3082067668437958,3.1217596530914307,0.15909090638160706,0.5714285969734192,0.8655464053153992,1
/home/jovyan/Joel_Pardo/AI4LABOUR/Mejoras/results_coursera/models/simcse_coursera_sup/sentence-transformers/all-MiniLM-L6-v2,D_char_jaccard,150,3ffc9e8eaffb,test products for functionality or quality,1845,3dc588613e79,4,0.547285258769989,0.04736319184303284,-0.029453862458467484,0.30434781312942505,0.5714285969734192,1.0,0
/home/jovyan/Joel_Pardo/AI4LABOUR/Mejoras/results_coursera/models/simcse_coursera_sup/sentence-transformers/all-MiniLM-L6-v2,D_char_jaccard,150,3ffc9e8eaffb,test products for functionality or quality,362,af64042459da,5,0.5223840475082397,0.19156992435455322,1.7126867771148682,0.1666666716337204,0.5714285969734192,0.6993325352668762,0
/home/jovyan/Joel_Pardo/AI4LABOUR/Mejoras/results_coursera/models/simcse_coursera_sup/sentence-transformers/all-MiniLM-L6-v2,D_char_jaccard,150,3ffc9e8eaffb,test products for functionality or quality,3262,b0569152a26e,6,0.5844200730323792,0.1684989333152771,1.4339696168899536,0.1428571492433548,0.4285714328289032,0.814070463180542,1
/home/jovyan/Joel_Pardo/AI4LABOUR/Mejoras/results_coursera/models/simcse_coursera_sup/sentence-transformers/all-MiniLM-L6-v2,D_char_jaccard,150,3ffc9e8eaffb,test products for functionality or quality,4346,dc00b108ce90,7,0.48569145798683167,0.17669692635536194,1.5330082178115845,0.13333334028720856,1.0,0.6083272099494934,0
/home/jovyan/Joel_Pardo/AI4LABOUR/Mejoras/results_coursera/models/simcse_coursera_sup/sentence-transformers/all-MiniLM-L6-v2,D_char_jaccard,150,3ffc9e8eaffb,test products for functionality or quality,2693,9f64c4898fdd,8,0.545037853717804,0.27899426221847534,2.768847703933716,0.09433962404727936,0.5714285969734192,0.4794667661190033,1
/home/jovyan/Joel_Pardo/AI4LABOUR/Mejoras/results_coursera/models/simcse_coursera_sup/sentence-transformers/all-MiniLM-L6-v2,D_char_jaccard,150,3ffc9e8eaffb,test products for functionality or quality,3303,8dee13915ca0,9,0.6295483589172364,0.4225112795829773,4.502655982971191,0.1315789520740509,0.875,0.30660876631736755,1
/home/jovyan/Joel_Pardo/AI4LABOUR/Mejoras/results_coursera/models/simcse_coursera_sup/sentence-transformers/all-MiniLM-L6-v2,D_char_jaccard,150,3ffc9e8eaffb,test products for functionality or quality,4217,54a8e7155159,10,0.6892938494682312,0.3015597462654114,3.0414578914642334,0.0833333358168602,0.4285714328289032,0.814070463180542,1
/home/jovyan/Joel_Pardo/AI4LABOUR/Mejoras/results_coursera/models/simcse_coursera_sup/sentence-transformers/all-MiniLM-L6-v2,D_char_jaccard,151,506120811a05,inspect operational processes,3757,0c29bb383513,1,1.0078399658203125,0.510815441608429,5.270872592926025,0.24242424964904785,0.75,1.0,1
/home/jovyan/Joel_Pardo/AI4LABOUR/Mejoras/results_coursera/models/simcse_coursera_sup/sentence-transformers/all-MiniLM-L6-v2,D_char_jaccard,151,506120811a05,inspect operational processes,3516,afe8a26918ff,2,0.4064108610153198,0.3418210446834564,3.302610397338867,0.035087719559669495,0.800000011920929,0.0,1
/home/jovyan/Joel_Pardo/AI4LABOUR/Mejoras/results_coursera/models/simcse_coursera_sup/sentence-transformers/all-MiniLM-L6-v2,D_char_jaccard,151,506120811a05,inspect operational processes,4059,966ff254f415,3,0.7243199229240418,0.2361021339893341,2.071312189102173,0.2291666716337204,0.800000011920929,0.9113407731056213,1
/home/jovyan/Joel_Pardo/AI4LABOUR/Mejoras/results_coursera/models/simcse_coursera_sup/sentence-transformers/all-MiniLM-L6-v2,D_char_jaccard,151,506120811a05,inspect operational processes,2515,d7bcb433bafc,4,0.7733943343162537,0.2500928044319153,2.234260320663452,0.2432432472705841,0.75,1.0,1
/home/jovyan/Joel_Pardo/AI4LABOUR/Mejoras/results_coursera/models/simcse_coursera_sup/sentence-transformers/all-MiniLM-L6-v2,D_char_jaccard,151,506120811a05,inspect operational processes,989,4ec4f7a20f54,5,0.5654069185256958,0.19864246249198914,1.6350228786468506,0.1818181872367859,0.800000011920929,0.7529352307319641,0
/home/jovyan/Joel_Pardo/AI4LABOUR/Mejoras/results_coursera/models/simcse_coursera_sup/sentence-transformers/all-MiniLM-L6-v2,D_char_jaccard,151,506120811a05,inspect operational processes,4571,0c985ebf7e52,6,0.5434262335300446,0.4510291516780853,4.574547290802002,0.25,0.5,0.0,1
/home/jovyan/Joel_Pardo/AI4LABOUR/Mejoras/results_coursera/models/simcse_coursera_sup/sentence-transformers/all-MiniLM-L6-v2,D_char_jaccard,151,506120811a05,inspect operational processes,80,5402ba93471c,7,0.7335558533668518,0.32088541984558105,3.0587751865386963,0.20454545319080353,1.0,0.8590565323829651,0
/home/jovyan/Joel_Pardo/AI4LABOUR/Mejoras/results_coursera/models/simcse_coursera_sup/sentence-transformers/all-MiniLM-L6-v2,D_char_jaccard,151,506120811a05,inspect operational processes,751,2a63b9d3beeb,8,0.6260784149169922,0.30357080698013306,2.8571135997772217,0.13114753365516663,0.5714285969734192,0.6037659645080566,1
/home/jovyan/Joel_Pardo/AI4LABOUR/Mejoras/results_coursera/models/simcse_coursera_sup/sentence-transformers/all-MiniLM-L6-v2,D_char_jaccard,151,506120811a05,inspect operational processes,3896,d9209257f4c6,9,0.4139642000198364,0.3439345955848694,3.3272268772125244,0.057692307978868484,0.800000011920929,0.0,1
/home/jovyan/Joel_Pardo/AI4LABOUR/Mejoras/results_coursera/models/simcse_coursera_sup/sentence-transformers/all-MiniLM-L6-v2,D_char_jaccard,151,506120811a05,inspect operational processes,4792,dd7287e532e0,10,0.4079805791378021,0.3225927948951721,3.078660726547241,0.13725490868091583,0.6666666865348816,0.0,1
/home/jovyan/Joel_Pardo/AI4LABOUR/Mejoras/results_coursera/models/simcse_coursera_sup/sentence-transformers/all-MiniLM-L6-v2,D_char_jaccard,152,fbe465293a7d,monitor activities affecting environmental quality,2277,e2ee4e5d252a,1,1.1483935594558716,0.7696901559829712,8.759564399719238,0.3529411852359772,0.5,0.7310928106307983,1
/home/jovyan/Joel_Pardo/AI4LABOUR/Mejoras/results_coursera/models/simcse_coursera_sup/sentence-transformers/all-MiniLM-L6-v2,D_char_jaccard,152,fbe465293a7d,monitor activities affecting environmental quality,4130,a7c4c4994d02,2,0.6752924203872681,0.32206404209136963,3.218123435974121,0.12280701845884323,0.5,0.6993325352668762,1
/home/jovyan/Joel_Pardo/AI4LABOUR/Mejoras/results_coursera/models/simcse_coursera_sup/sentence-transformers/all-MiniLM-L6-v2,D_char_jaccard,152,fbe465293a7d,monitor activities affecting environmental quality,2233,d334de0d305d,3,0.7047352075576783,0.28515195846557617,2.7611658573150635,0.2075471729040146,0.5,0.8030290603637695,1
/home/jovyan/Joel_Pardo/AI4LABOUR/Mejoras/results_coursera/models/simcse_coursera_sup/sentence-transformers/all-MiniLM-L6-v2,D_char_jaccard,152,fbe465293a7d,monitor activities affecting environmental quality,860,fa8ac4b1b38c,4,0.763191568851471,0.29400742053985596,2.870793104171753,0.09433962404727936,0.5,1.0,1
/home/jovyan/Joel_Pardo/AI4LABOUR/Mejoras/results_coursera/models/simcse_coursera_sup/sentence-transformers/all-MiniLM-L6-v2,D_char_jaccard,152,fbe465293a7d,monitor activities affecting environmental quality,1675,8335d26464b5,5,0.6809745311737061,0.33631131052970886,3.3944993019104004,0.17910447716712952,0.8333333134651184,0.60462886095047,1
/home/jovyan/Joel_Pardo/AI4LABOUR/Mejoras/results_coursera/models/simcse_coursera_sup/sentence-transformers/all-MiniLM-L6-v2,D_char_jaccard,152,fbe465293a7d,monitor activities affecting environmental quality,3216,51498477e06c,6,0.7793830513954163,0.39819395542144775,4.160583019256592,0.2142857164144516,0.5,0.7310928106307983,1
/home/jovyan/Joel_Pardo/AI4LABOUR/Mejoras/results_coursera/models/simcse_coursera_sup/sentence-transformers/all-MiniLM-L6-v2,D_char_jaccard,152,fbe465293a7d,monitor activities affecting environmental quality,5079,f7a34805fc68,7,0.35714881420135497,0.3089449405670166,3.0557141304016113,0.016393441706895828,0.5,0.0,1
/home/jovyan/Joel_Pardo/AI4LABOUR/Mejoras/results_coursera/models/simcse_coursera_sup/sentence-transformers/all-MiniLM-L6-v2,D_char_jaccard,152,fbe465293a7d,monitor activities affecting environmental quality,2999,a4a640d71221,8,0.8644037127494812,0.529524028301239,5.7863993644714355,0.21311475336551666,0.6666666865348816,0.6280500292778015,1
/home/jovyan/Joel_Pardo/AI4LABOUR/Mejoras/results_coursera/models/simcse_coursera_sup/sentence-transformers/all-MiniLM-L6-v2,D_char_jaccard,152,fbe465293a7d,monitor activities affecting environmental quality,2216,7f54b0ad802f,9,0.35949115753173827,0.31182777881622314,3.091402530670166,0.015384615398943424,0.5,0.0,1
/home/jovyan/Joel_Pardo/AI4LABOUR/Mejoras/results_coursera/models/simcse_coursera_sup/sentence-transformers/all-MiniLM-L6-v2,D_char_jaccard,152,fbe465293a7d,monitor activities affecting environmental quality,1676,4abb63e41447,10,0.5830211639404297,0.26179248094558716,2.471984624862671,0.1525423675775528,0.6666666865348816,0.6898473501205444,0
/home/jovyan/Joel_Pardo/AI4LABOUR/Mejoras/results_coursera/models/simcse_coursera_sup/sentence-transformers/all-MiniLM-L6-v2,D_char_jaccard,153,8594b6595861,prepare drawings or diagrams of products or services,4346,dc00b108ce90,1,0.7646208882331849,0.44979315996170044,4.168824195861816,0.11764705926179886,0.7777777910232544,0.6037659645080566,1
/home/jovyan/Joel_Pardo/AI4LABOUR/Mejoras/results_coursera/models/simcse_coursera_sup/sentence-transformers/all-MiniLM-L6-v2,D_char_jaccard,153,8594b6595861,prepare drawings or diagrams of products or services,2179,ae365297905a,2,0.5275246500968933,0.16947250068187714,0.9021019339561462,0.12727272510528564,0.3333333432674408,0.8162863850593567,0
/home/jovyan/Joel_Pardo/AI4LABOUR/Mejoras/results_coursera/models/simcse_coursera_sup/sentence-transformers/all-MiniLM-L6-v2,D_char_jaccard,153,8594b6595861,prepare drawings or diagrams of products or services,4159,85b33a7f44f2,3,0.47213350534439086,0.19818046689033508,1.2366507053375244,0.1184210553765297,0.4285714328289032,0.4818430542945862,1
/home/jovyan/Joel_Pardo/AI4LABOUR/Mejoras/results_coursera/models/simcse_coursera_sup/sentence-transformers/all-MiniLM-L6-v2,D_char_jaccard,153,8594b6595861,prepare drawings or diagrams of products or services,4590,5d45850c5baa,4,0.6803830862045288,0.25333577394485474,1.8794043064117432,0.1428571492433548,0.3333333432674408,1.0,0
/home/jovyan/Joel_Pardo/AI4LABOUR/Mejoras/results_coursera/models/simcse_coursera_sup/sentence-transformers/all-MiniLM-L6-v2,D_char_jaccard,153,8594b6595861,prepare drawings or diagrams of products or services,4957,25aa304c3c46,5,0.6137234449386597,0.18690843880176544,1.1052919626235962,0.11864406615495682,0.4444444477558136,0.8590565323829651,1
/home/jovyan/Joel_Pardo/AI4LABOUR/Mejoras/results_coursera/models/simcse_coursera_sup/sentence-transformers/all-MiniLM-L6-v2,D_char_jaccard,153,8594b6595861,prepare drawings or diagrams of products or services,4549,76195ab76585,6,0.41221203207969664,0.18716341257095337,1.1082632541656494,0.0476190485060215,0.4444444477558136,0.39909490942955017,1
/home/jovyan/Joel_Pardo/AI4LABOUR/Mejoras/results_coursera/models/simcse_coursera_sup/sentence-transformers/all-MiniLM-L6-v2,D_char_jaccard,153,8594b6595861,prepare drawings or diagrams of products or services,2088,ec09f4cecbe4,7,0.45468764305114745,0.27010875940322876,2.074868679046631,0.0602409653365612,0.8888888955116272,0.255212664604187,1
/home/jovyan/Joel_Pardo/AI4LABOUR/Mejoras/results_coursera/models/simcse_coursera_sup/sentence-transformers/all-MiniLM-L6-v2,D_char_jaccard,153,8594b6595861,prepare drawings or diagrams of products or services,5241,834feae744c4,8,0.40475122928619384,0.3818223774433136,3.376725435256958,0.0,0.2222222238779068,0.0,1
/home/jovyan/Joel_Pardo/AI4LABOUR/Mejoras/results_coursera/models/simcse_coursera_sup/sentence-transformers/all-MiniLM-L6-v2,D_char_jaccard,153,8594b6595861,prepare drawings or diagrams of products or services,4310,506583358173,9,0.6195189237594605,0.29810041189193726,2.4010698795318604,0.0833333358168602,0.7777777910232544,0.6037659645080566,1
/home/jovyan/Joel_Pardo/AI4LABOUR/Mejoras/results_coursera/models/simcse_coursera_sup/sentence-transformers/all-MiniLM-L6-v2,D_char_jaccard,153,8594b6595861,prepare drawings or diagrams of products or services,2728,b12a99169d3e,10,0.4245118498802185,0.17389646172523499,0.9536566138267517,0.0776699036359787,0.692307710647583,0.534930408000946,0
/home/jovyan/Joel_Pardo/AI4LABOUR/Mejoras/results_coursera/models/simcse_coursera_sup/sentence-transformers/all-MiniLM-L6-v2,D_char_jaccard,154,17f9d29c543d,"explain engineering drawings, specifications, or other technical information",1929,17803db9ce31,1,0.9407490372657776,0.4450588822364807,4.320034980773926,0.29411765933036804,0.3333333432674408,1.0,1
/home/jovyan/Joel_Pardo/AI4LABOUR/Mejoras/results_coursera/models/simcse_coursera_sup/sentence-transformers/all-MiniLM-L6-v2,D_char_jaccard,154,17f9d29c543d,"explain engineering drawings, specifications, or other technical information",4558,7b0342e1d11a,2,0.695133912563324,0.44074395298957825,4.269515037536621,0.24719101190567017,0.6666666865348816,0.38333314657211304,1
/home/jovyan/Joel_Pardo/AI4LABOUR/Mejoras/results_coursera/models/simcse_coursera_sup/sentence-transformers/all-MiniLM-L6-v2,D_char_jaccard,154,17f9d29c543d,"explain engineering drawings, specifications, or other technical information",4194,60b2bc1c3e44,3,0.5072229683399201,0.1903456151485443,1.337815284729004,0.07894736528396606,0.3333333432674408,0.6237710118293762,1
/home/jovyan/Joel_Pardo/AI4LABOUR/Mejoras/results_coursera/models/simcse_coursera_sup/sentence-transformers/all-MiniLM-L6-v2,D_char_jaccard,154,17f9d29c543d,"explain engineering drawings, specifications, or other technical information",3378,d2e5330ba975,4,0.6714923858642579,0.40070897340774536,3.8007798194885254,0.27559053897857666,0.6428571343421936,0.3995344638824463,1
/home/jovyan/Joel_Pardo/AI4LABOUR/Mejoras/results_coursera/models/simcse_coursera_sup/sentence-transformers/all-MiniLM-L6-v2,D_char_jaccard,154,17f9d29c543d,"explain engineering drawings, specifications, or other technical information",4103,cd45bf616f0e,5,0.4718347668647766,0.2558524012565613,2.104778289794922,0.12173912674188614,0.8999999761581421,0.2903321087360382,1
/home/jovyan/Joel_Pardo/AI4LABOUR/Mejoras/results_coursera/models/simcse_coursera_sup/sentence-transformers/all-MiniLM-L6-v2,D_char_jaccard,154,17f9d29c543d,"explain engineering drawings, specifications, or other technical information",4772,25ce88e1c1a2,6,0.45816614031791686,0.42471134662628174,4.081803321838379,0.03703703731298447,0.3333333432674408,0.0,1
/home/jovyan/Joel_Pardo/AI4LABOUR/Mejoras/results_coursera/models/simcse_coursera_sup/sentence-transformers/all-MiniLM-L6-v2,D_char_jaccard,154,17f9d29c543d,"explain engineering drawings, specifications, or other technical information",5270,311596f0b69a,7,0.5210287749767304,0.2687814235687256,2.256153106689453,0.14473684132099152,0.4444444477558136,0.42679762840270996,1
/home/jovyan/Joel_Pardo/AI4LABOUR/Mejoras/results_coursera/models/simcse_coursera_sup/sentence-transformers/all-MiniLM-L6-v2,D_char_jaccard,154,17f9d29c543d,"explain engineering drawings, specifications, or other technical information",3142,ed60f88fd612,8,0.4717540740966797,0.24876812100410461,2.021834373474121,0.12987013161182404,0.3333333432674408,0.4968213438987732,0
/home/jovyan/Joel_Pardo/AI4LABOUR/Mejoras/results_coursera/models/simcse_coursera_sup/sentence-transformers/all-MiniLM-L6-v2,D_char_jaccard,154,17f9d29c543d,"explain engineering drawings, specifications, or other technical information",61,7e243ce316f8,9,0.44720380306243895,0.4073522686958313,3.8785605430603027,0.01123595517128706,0.5555555820465088,0.0,1
/home/jovyan/Joel_Pardo/AI4LABOUR/Mejoras/results_coursera/models/simcse_coursera_sup/sentence-transformers/all-MiniLM-L6-v2,D_char_jaccard,154,17f9d29c543d,"explain engineering drawings, specifications, or other technical information",2695,4c29274ab46c,10,0.5062088370323181,0.2579626142978668,2.1294848918914795,0.11428571492433548,0.3333333432674408,0.5720109343528748,0
/home/jovyan/Joel_Pardo/AI4LABOUR/Mejoras/results_coursera/models/simcse_coursera_sup/sentence-transformers/all-MiniLM-L6-v2,D_char_jaccard,155,f6d7dbe3f71e,design structures or facilities,4100,9acc1e5cd5a6,1,1.0345559597015381,0.5580337643623352,4.9663519859313965,0.20930232107639313,0.6000000238418579,1.0,1
/home/jovyan/Joel_Pardo/AI4LABOUR/Mejoras/results_coursera/models/simcse_coursera_sup/sentence-transformers/all-MiniLM-L6-v2,D_char_jaccard,155,f6d7dbe3f71e,design structures or facilities,4585,9dfad2b7ba24,2,0.7243321418762207,0.4691915214061737,4.019551753997803,0.1190476194024086,0.800000011920929,0.45574459433555603,1
/home/jovyan/Joel_Pardo/AI4LABOUR/Mejoras/results_coursera/models/simcse_coursera_sup/sentence-transformers/all-MiniLM-L6-v2,D_char_jaccard,155,f6d7dbe3f71e,design structures or facilities,1268,41400dedd9f3,3,0.7635310769081116,0.48629093170166016,4.201781749725342,0.2142857164144516,0.800000011920929,0.45574459433555603,1
/home/jovyan/Joel_Pardo/AI4LABOUR/Mejoras/results_coursera/models/simcse_coursera_sup/sentence-transformers/all-MiniLM-L6-v2,D_char_jaccard,155,f6d7dbe3f71e,design structures or facilities,1176,6d2f97bbf35c,4,0.8162762999534607,0.5812724232673645,5.214008331298828,0.0833333358168602,0.800000011920929,0.45574459433555603,1
/home/jovyan/Joel_Pardo/AI4LABOUR/Mejoras/results_coursera/models/simcse_coursera_sup/sentence-transformers/all-MiniLM-L6-v2,D_char_jaccard,155,f6d7dbe3f71e,design structures or facilities,3961,ad1f98678bd4,5,0.8037049055099488,0.5307933688163757,4.676048278808594,0.13513512909412384,0.6000000238418579,0.530517578125,1
/home/jovyan/Joel_Pardo/AI4LABOUR/Mejoras/results_coursera/models/simcse_coursera_sup/sentence-transformers/all-MiniLM-L6-v2,D_char_jaccard,155,f6d7dbe3f71e,design structures or facilities,4377,be15d0f71d80,6,0.7047362804412842,0.2829434871673584,2.03468918800354,0.19565217196941376,1.0,0.7529352307319641,1
/home/jovyan/Joel_Pardo/AI4LABOUR/Mejoras/results_coursera/models/simcse_coursera_sup/sentence-transformers/all-MiniLM-L6-v2,D_char_jaccard,155,f6d7dbe3f71e,design structures or facilities,2969,d7b75427e092,7,0.6934189081192017,0.40825343132019043,3.370128870010376,0.13513512909412384,0.6000000238418579,0.530517578125,1
/home/jovyan/Joel_Pardo/AI4LABOUR/Mejoras/results_coursera/models/simcse_coursera_sup/sentence-transformers/all-MiniLM-L6-v2,D_char_jaccard,155,f6d7dbe3f71e,design structures or facilities,3873,09a84053a60b,8,0.756456482410431,0.5152783393859863,4.5107035636901855,0.08163265138864517,0.800000011920929,0.45574459433555603,1
/home/jovyan/Joel_Pardo/AI4LABOUR/Mejoras/results_coursera/models/simcse_coursera_sup/sentence-transformers/all-MiniLM-L6-v2,D_char_jaccard,155,f6d7dbe3f71e,design structures or facilities,3373,f8d0bd176b39,9,0.6843236565589905,0.449041485786438,3.8048110008239746,0.08163265138864517,1.0,0.39944538474082947,1
/home/jovyan/Joel_Pardo/AI4LABOUR/Mejoras/results_coursera/models/simcse_coursera_sup/sentence-transformers/all-MiniLM-L6-v2,D_char_jaccard,155,f6d7dbe3f71e,design structures or facilities,5143,ef6d0166f591,10,0.7968230724334717,0.5289384126663208,4.656280040740967,0.11428571492433548,0.6000000238418579,0.530517578125,1
/home/jovyan/Joel_Pardo/AI4LABOUR/Mejoras/results_coursera/models/simcse_coursera_sup/sentence-transformers/all-MiniLM-L6-v2,D_char_jaccard,156,ae5e42c6c3d0,direct quality control activities,1676,4abb63e41447,1,0.9792820096015931,0.4310339689254761,4.0605573654174805,0.4054054021835327,0.800000011920929,1.0,1
/home/jovyan/Joel_Pardo/AI4LABOUR/Mejoras/results_coursera/models/simcse_coursera_sup/sentence-transformers/all-MiniLM-L6-v2,D_char_jaccard,156,ae5e42c6c3d0,direct quality control activities,1908,4782b0f90664,2,0.7018460512161255,0.3871539235115051,3.529400110244751,0.17142857611179352,0.6000000238418579,0.5763759016990662,1
/home/jovyan/Joel_Pardo/AI4LABOUR/Mejoras/results_coursera/models/simcse_coursera_sup/sentence-transformers/all-MiniLM-L6-v2,D_char_jaccard,156,ae5e42c6c3d0,direct quality control activities,3232,d7dbf48fa293,3,0.5706483602523804,0.22366535663604736,1.5504108667373657,0.10204081982374191,0.800000011920929,0.6345983147621155,1
/home/jovyan/Joel_Pardo/AI4LABOUR/Mejoras/results_coursera/models/simcse_coursera_sup/sentence-transformers/all-MiniLM-L6-v2,D_char_jaccard,156,ae5e42c6c3d0,direct quality control activities,5039,a9c773a3fc53,4,0.6081057071685791,0.319712370634079,2.71303653717041,0.15789473056793213,0.6000000238418579,0.502227246761322,1
/home/jovyan/Joel_Pardo/AI4LABOUR/Mejoras/results_coursera/models/simcse_coursera_sup/sentence-transformers/all-MiniLM-L6-v2,D_char_jaccard,156,ae5e42c6c3d0,direct quality control activities,112,59eb32e7d575,5,0.4125061810016632,0.3524300456047058,3.1090760231018066,0.021276595070958138,0.800000011920929,0.0,1
/home/jovyan/Joel_Pardo/AI4LABOUR/Mejoras/results_coursera/models/simcse_coursera_sup/sentence-transformers/all-MiniLM-L6-v2,D_char_jaccard,156,ae5e42c6c3d0,direct quality control activities,2834,edc8482d755c,6,0.5889438271522522,0.33919841051101685,2.9489102363586426,0.12962962687015533,1.0,0.37814459204673767,1
/home/jovyan/Joel_Pardo/AI4LABOUR/Mejoras/results_coursera/models/simcse_coursera_sup/sentence-transformers/all-MiniLM-L6-v2,D_char_jaccard,156,ae5e42c6c3d0,direct quality control activities,986,27e506caea6e,7,0.621747362613678,0.3244720995426178,2.7706518173217773,0.1666666716337204,0.800000011920929,0.495139479637146,1
/home/jovyan/Joel_Pardo/AI4LABOUR/Mejoras/results_coursera/models/simcse_coursera_sup/sentence-transformers/all-MiniLM-L6-v2,D_char_jaccard,156,ae5e42c6c3d0,direct quality control activities,362,af64042459da,8,0.6111850619316102,0.31484055519104004,2.654064416885376,0.15909090638160706,0.800000011920929,0.495139479637146,1
/home/jovyan/Joel_Pardo/AI4LABOUR/Mejoras/results_coursera/models/simcse_coursera_sup/sentence-transformers/all-MiniLM-L6-v2,D_char_jaccard,156,ae5e42c6c3d0,direct quality control activities,5127,afe8fed27705,9,0.4705832481384277,0.238753080368042,1.7330440282821655,0.11764705926179886,0.8333333134651184,0.33656761050224304,1
/home/jovyan/Joel_Pardo/AI4LABOUR/Mejoras/results_coursera/models/simcse_coursera_sup/sentence-transformers/all-MiniLM-L6-v2,D_char_jaccard,156,ae5e42c6c3d0,direct quality control activities,4827,d98cfde26a3d,10,0.5433897256851197,0.26340344548225403,2.031430721282959,0.17499999701976776,0.800000011920929,0.43144160509109497,1
/home/jovyan/Joel_Pardo/AI4LABOUR/Mejoras/results_coursera/models/simcse_coursera_sup/sentence-transformers/all-MiniLM-L6-v2,D_char_jaccard,157,018f6a0e7f9a,research human performance or health factors related to engineering or design activities,2967,248515e83c8a,1,0.9827613115310669,0.5389759540557861,5.373326301574707,0.14457830786705017,0.23076923191547394,1.0,1
/home/jovyan/Joel_Pardo/AI4LABOUR/Mejoras/results_coursera/models/simcse_coursera_sup/sentence-transformers/all-MiniLM-L6-v2,D_char_jaccard,157,018f6a0e7f9a,research human performance or health factors related to engineering or design activities,2714,d9855438ae33,2,0.8966569185256958,0.45891618728637695,4.478905200958252,0.1807228922843933,0.23076923191547394,0.9422828555107117,1
/home/jovyan/Joel_Pardo/AI4LABOUR/Mejoras/results_coursera/models/simcse_coursera_sup/sentence-transformers/all-MiniLM-L6-v2,D_char_jaccard,157,018f6a0e7f9a,research human performance or health factors related to engineering or design activities,3370,a7bdab21d08b,3,0.8191160440444947,0.3975437581539154,3.793257236480713,0.15217390656471252,0.38461539149284363,0.8851309418678284,1
/home/jovyan/Joel_Pardo/AI4LABOUR/Mejoras/results_coursera/models/simcse_coursera_sup/sentence-transformers/all-MiniLM-L6-v2,D_char_jaccard,157,018f6a0e7f9a,research human performance or health factors related to engineering or design activities,3002,e9df22a7d01c,4,0.54253448843956,0.21469418704509735,1.7504762411117554,0.12903225421905518,0.38461539149284363,0.6195521950721741,1
/home/jovyan/Joel_Pardo/AI4LABOUR/Mejoras/results_coursera/models/simcse_coursera_sup/sentence-transformers/all-MiniLM-L6-v2,D_char_jaccard,157,018f6a0e7f9a,research human performance or health factors related to engineering or design activities,2528,9fb8b881e40a,5,0.5528183460235596,0.31620562076568604,2.884554147720337,0.10526315867900848,0.38461539149284363,0.43171682953834534,1
/home/jovyan/Joel_Pardo/AI4LABOUR/Mejoras/results_coursera/models/simcse_coursera_sup/sentence-transformers/all-MiniLM-L6-v2,D_char_jaccard,157,018f6a0e7f9a,research human performance or health factors related to engineering or design activities,4862,b54736456520,6,0.5879722714424134,0.33019310235977173,3.040821075439453,0.11363636702299118,0.23076923191547394,0.5021274089813232,1
/home/jovyan/Joel_Pardo/AI4LABOUR/Mejoras/results_coursera/models/simcse_coursera_sup/sentence-transformers/all-MiniLM-L6-v2,D_char_jaccard,157,018f6a0e7f9a,research human performance or health factors related to engineering or design activities,3041,d58419ba221e,7,0.6125977516174317,0.3946855366230011,3.7613253593444824,0.14027149975299835,0.40625,0.380001038312912,1
/home/jovyan/Joel_Pardo/AI4LABOUR/Mejoras/results_coursera/models/simcse_coursera_sup/sentence-transformers/all-MiniLM-L6-v2,D_char_jaccard,157,018f6a0e7f9a,research human performance or health factors related to engineering or design activities,395,4faf806bf7de,8,0.5751885652542115,0.3184129595756531,2.9092142581939697,0.06521739065647125,0.3076923191547394,0.5173198580741882,1
/home/jovyan/Joel_Pardo/AI4LABOUR/Mejoras/results_coursera/models/simcse_coursera_sup/sentence-transformers/all-MiniLM-L6-v2,D_char_jaccard,157,018f6a0e7f9a,research human performance or health factors related to engineering or design activities,1176,6d2f97bbf35c,9,0.6233743309974671,0.4379673898220062,4.244866847991943,0.11702127754688263,0.3076923191547394,0.336409330368042,1
/home/jovyan/Joel_Pardo/AI4LABOUR/Mejoras/results_coursera/models/simcse_coursera_sup/sentence-transformers/all-MiniLM-L6-v2,D_char_jaccard,157,018f6a0e7f9a,research human performance or health factors related to engineering or design activities,1309,a8e51d116de8,10,0.5564342617988587,0.3342561423778534,3.0862131118774414,0.07070706784725189,0.3076923191547394,0.4313558340072632,1
/home/jovyan/Joel_Pardo/AI4LABOUR/Mejoras/results_coursera/models/simcse_coursera_sup/sentence-transformers/all-MiniLM-L6-v2,D_char_jaccard,158,16ac0e74dbe1,analyze test or validation data,2265,7d614c5b9ae3,1,1.1262094259262085,0.6309733986854553,5.782839775085449,0.3333333432674408,0.5,1.0,1
/home/jovyan/Joel_Pardo/AI4LABOUR/Mejoras/results_coursera/models/simcse_coursera_sup/sentence-transformers/all-MiniLM-L6-v2,D_char_jaccard,158,16ac0e74dbe1,analyze test or validation data,3459,cc4e09d0f3d3,2,0.6010302186012269,0.33449405431747437,2.7880430221557617,0.06976744532585144,0.6666666865348816,0.4980258047580719,1
/home/jovyan/Joel_Pardo/AI4LABOUR/Mejoras/results_coursera/models/simcse_coursera_sup/sentence-transformers/all-MiniLM-L6-v2,D_char_jaccard,158,16ac0e74dbe1,analyze test or validation data,2536,62bb27f24dab,3,0.6617201447486878,0.3735514283180237,3.1825692653656006,0.125,0.6666666865348816,0.5273513197898865,1
/home/jovyan/Joel_Pardo/AI4LABOUR/Mejoras/results_coursera/models/simcse_coursera_sup/sentence-transformers/all-MiniLM-L6-v2,D_char_jaccard,158,16ac0e74dbe1,analyze test or validation data,2723,8375a1484d91,4,0.6267554640769959,0.37301263213157654,3.177126884460449,0.19565217196941376,0.8333333134651184,0.37616094946861267,1
/home/jovyan/Joel_Pardo/AI4LABOUR/Mejoras/results_coursera/models/simcse_coursera_sup/sentence-transformers/all-MiniLM-L6-v2,D_char_jaccard,158,16ac0e74dbe1,analyze test or validation data,3057,801d465b0d9e,5,0.5354079186916352,0.32100504636764526,2.6517879962921143,0.05454545468091965,0.8571428656578064,0.3500247299671173,1
/home/jovyan/Joel_Pardo/AI4LABOUR/Mejoras/results_coursera/models/simcse_coursera_sup/sentence-transformers/all-MiniLM-L6-v2,D_char_jaccard,158,16ac0e74dbe1,analyze test or validation data,4217,54a8e7155159,6,0.7526814818382264,0.44276660680770874,3.881725549697876,0.18918919563293457,0.5,0.5797357559204102,1
/home/jovyan/Joel_Pardo/AI4LABOUR/Mejoras/results_coursera/models/simcse_coursera_sup/sentence-transformers/all-MiniLM-L6-v2,D_char_jaccard,158,16ac0e74dbe1,analyze test or validation data,1452,41db1b32b4b9,7,0.7943395256996155,0.3934137225151062,3.383202314376831,0.2368421107530594,0.8333333134651184,0.7234748005867004,1
/home/jovyan/Joel_Pardo/AI4LABOUR/Mejoras/results_coursera/models/simcse_coursera_sup/sentence-transformers/all-MiniLM-L6-v2,D_char_jaccard,158,16ac0e74dbe1,analyze test or validation data,2688,0950dcce7437,8,0.5640541195869446,0.2875368595123291,2.3137190341949463,0.09090909361839294,0.6666666865348816,0.4980258047580719,1
/home/jovyan/Joel_Pardo/AI4LABOUR/Mejoras/results_coursera/models/simcse_coursera_sup/sentence-transformers/all-MiniLM-L6-v2,D_char_jaccard,158,16ac0e74dbe1,analyze test or validation data,4507,4308d262ba90,9,0.618364441394806,0.44222649931907654,3.876269817352295,0.109375,1.0,0.2325419783592224,1
/home/jovyan/Joel_Pardo/AI4LABOUR/Mejoras/results_coursera/models/simcse_coursera_sup/sentence-transformers/all-MiniLM-L6-v2,D_char_jaccard,158,16ac0e74dbe1,analyze test or validation data,3262,b0569152a26e,10,0.5656537890434266,0.25664636492729187,2.001688003540039,0.1111111119389534,0.5,0.5797357559204102,1
/home/jovyan/Joel_Pardo/AI4LABOUR/Mejoras/results_coursera/models/simcse_coursera_sup/sentence-transformers/all-MiniLM-L6-v2,D_char_jaccard,159,3319e1abdfb1,analyze green technology design requirements,2875,38cb82650562,1,1.1634248971939087,0.672324001789093,7.118556976318359,0.3333333432674408,0.5,1.0,1
/home/jovyan/Joel_Pardo/AI4LABOUR/Mejoras/results_coursera/models/simcse_coursera_sup/sentence-transformers/all-MiniLM-L6-v2,D_char_jaccard,159,3319e1abdfb1,analyze green technology design requirements,617,3893cbb4049e,2,0.7846579432487488,0.47032010555267334,4.788184642791748,0.2708333432674408,0.5,0.5466539263725281,1
/home/jovyan/Joel_Pardo/AI4LABOUR/Mejoras/results_coursera/models/simcse_coursera_sup/sentence-transformers/all-MiniLM-L6-v2,D_char_jaccard,159,3319e1abdfb1,analyze green technology design requirements,3873,09a84053a60b,3,0.528836864233017,0.3540198802947998,3.4465136528015137,0.08196721225976944,0.6666666865348816,0.2659846246242523,1
/home/jovyan/Joel_Pardo/AI4LABOUR/Mejoras/results_coursera/models/simcse_coursera_sup/sentence-transformers/all-MiniLM-L6-v2,D_char_jaccard,159,3319e1abdfb1,analyze green technology design requirements,3572,d456d74f6ecb,4,0.5497683465480805,0.2942463159561157,2.7569496631622314,0.18333333730697632,0.6666666865348816,0.38944992423057556,1
/home/jovyan/Joel_Pardo/AI4LABOUR/Mejoras/results_coursera/models/simcse_coursera_sup/sentence-transformers/all-MiniLM-L6-v2,D_char_jaccard,159,3319e1abdfb1,analyze green technology design requirements,1477,2ada23ad0d4e,5,0.49014039635658263,0.2920907139778137,2.732081890106201,0.11363636702299118,0.5,0.3096241354942322,1
/home/jovyan/Joel_Pardo/AI4LABOUR/Mejoras/results_coursera/models/simcse_coursera_sup/sentence-transformers/all-MiniLM-L6-v2,D_char_jaccard,159,3319e1abdfb1,analyze green technology design requirements,943,74651aa1038d,6,0.47430588603019713,0.271820068359375,2.498234272003174,0.14457830786705017,0.6666666865348816,0.27547478675842285,1
/home/jovyan/Joel_Pardo/AI4LABOUR/Mejoras/results_coursera/models/simcse_coursera_sup/sentence-transformers/all-MiniLM-L6-v2,D_char_jaccard,159,3319e1abdfb1,analyze green technology design requirements,5225,432925001607,7,0.4796071231365204,0.2824019193649292,2.620309352874756,0.10638298094272614,0.5,0.3096241354942322,1
/home/jovyan/Joel_Pardo/AI4LABOUR/Mejoras/results_coursera/models/simcse_coursera_sup/sentence-transformers/all-MiniLM-L6-v2,D_char_jaccard,159,3319e1abdfb1,analyze green technology design requirements,3365,7f63be1febb9,8,0.4824345886707306,0.30086398124694824,2.8332927227020264,0.08771929889917374,0.6666666865348816,0.2659846246242523,1
/home/jovyan/Joel_Pardo/AI4LABOUR/Mejoras/results_coursera/models/simcse_coursera_sup/sentence-transformers/all-MiniLM-L6-v2,D_char_jaccard,159,3319e1abdfb1,analyze green technology design requirements,4480,7fb0a83a1950,9,0.9625508069992066,0.6019019484519958,6.306148529052734,0.17307692766189575,0.6666666865348816,0.7355912327766418,1
/home/jovyan/Joel_Pardo/AI4LABOUR/Mejoras/results_coursera/models/simcse_coursera_sup/sentence-transformers/all-MiniLM-L6-v2,D_char_jaccard,159,3319e1abdfb1,analyze green technology design requirements,3338,160a30b34fcd,10,0.47590975761413573,0.20038315653800964,1.6741186380386353,0.22580644488334656,0.6666666865348816,0.38944992423057556,1
/home/jovyan/Joel_Pardo/AI4LABOUR/Mejoras/results_coursera/models/simcse_coursera_sup/sentence-transformers/all-MiniLM-L6-v2,D_char_jaccard,160,56c85bc2a8f3,assist engineers or scientists with research,4182,da00d82f03cd,1,0.9325513124465943,0.4629759192466736,4.469763278961182,0.17777778208255768,0.4285714328289032,1.0,1
/home/jovyan/Joel_Pardo/AI4LABOUR/Mejoras/results_coursera/models/simcse_coursera_sup/sentence-transformers/all-MiniLM-L6-v2,D_char_jaccard,160,56c85bc2a8f3,assist engineers or scientists with research,1417,3432f1a88aa3,2,0.6044125437736512,0.28130853176116943,2.337833881378174,0.1428571492433548,0.4285714328289032,0.6102300882339478,1
/home/jovyan/Joel_Pardo/AI4LABOUR/Mejoras/results_coursera/models/simcse_coursera_sup/sentence-transformers/all-MiniLM-L6-v2,D_char_jaccard,160,56c85bc2a8f3,assist engineers or scientists with research,3309,68232321735d,3,0.46950416564941405,0.1893560141324997,1.2587394714355469,0.07017543911933899,0.5714285969734192,0.5074211955070496,1
/home/jovyan/Joel_Pardo/AI4LABOUR/Mejoras/results_coursera/models/simcse_coursera_sup/sentence-transformers/all-MiniLM-L6-v2,D_char_jaccard,160,56c85bc2a8f3,assist engineers or scientists with research,3194,e656c681621c,4,0.502178031206131,0.2653222680091858,2.1502296924591064,0.04878048598766327,0.8571428656578064,0.39583930373191833,1
/home/jovyan/Joel_Pardo/AI4LABOUR/Mejoras/results_coursera/models/simcse_coursera_sup/sentence-transformers/all-MiniLM-L6-v2,D_char_jaccard,160,56c85bc2a8f3,assist engineers or scientists with research,1694,d6c8c0983834,5,0.5632455229759217,0.151285320520401,0.8119667172431946,0.02222222276031971,0.4285714328289032,0.8752614855766296,1
/home/jovyan/Joel_Pardo/AI4LABOUR/Mejoras/results_coursera/models/simcse_coursera_sup/sentence-transformers/all-MiniLM-L6-v2,D_char_jaccard,160,56c85bc2a8f3,assist engineers or scientists with research,3799,f53b26701964,6,0.5042585909366608,0.2726373076438904,2.236074209213257,0.06493506580591202,1.0,0.35662803053855896,1
/home/jovyan/Joel_Pardo/AI4LABOUR/Mejoras/results_coursera/models/simcse_coursera_sup/sentence-transformers/all-MiniLM-L6-v2,D_char_jaccard,160,56c85bc2a8f3,assist engineers or scientists with research,4899,ee82dbf27ce1,7,0.533296424150467,0.2006019949913025,1.3907148838043213,0.1489361673593521,0.4285714328289032,0.6102300882339478,1
/home/jovyan/Joel_Pardo/AI4LABOUR/Mejoras/results_coursera/models/simcse_coursera_sup/sentence-transformers/all-MiniLM-L6-v2,D_char_jaccard,160,56c85bc2a8f3,assist engineers or scientists with research,4496,a95106f56f07,8,0.5519664764404297,0.2801818549633026,2.3246121406555176,0.12121212482452393,0.7142857313156128,0.4594637453556061,1
/home/jovyan/Joel_Pardo/AI4LABOUR/Mejoras/results_coursera/models/simcse_coursera_sup/sentence-transformers/all-MiniLM-L6-v2,D_char_jaccard,160,56c85bc2a8f3,assist engineers or scientists with research,3779,3fcaa173f4f9,9,0.6248090147972107,0.24500751495361328,1.9118289947509766,0.18666666746139526,0.875,0.6597139239311218,1
/home/jovyan/Joel_Pardo/AI4LABOUR/Mejoras/results_coursera/models/simcse_coursera_sup/sentence-transformers/all-MiniLM-L6-v2,D_char_jaccard,160,56c85bc2a8f3,assist engineers or scientists with research,1800,bd60ddc5bb14,10,0.6136934041976929,0.34285396337509155,3.0600907802581787,0.09433962404727936,0.5714285969734192,0.5074211955070496,1
/home/jovyan/Joel_Pardo/AI4LABOUR/Mejoras/results_coursera/models/simcse_coursera_sup/sentence-transformers/all-MiniLM-L6-v2,D_char_jaccard,161,f1f35b083d3a,assemble mechanical components or machine parts,733,813e418f098e,1,0.97397940158844,0.5093702077865601,6.083324909210205,0.1764705926179886,0.4285714328289032,1.0,1
/home/jovyan/Joel_Pardo/AI4LABOUR/Mejoras/results_coursera/models/simcse_coursera_sup/sentence-transformers/all-MiniLM-L6-v2,D_char_jaccard,161,f1f35b083d3a,assemble mechanical components or machine parts,4275,c947338e8b44,2,0.5697201371192933,0.14755654335021973,1.3063570261001587,0.10000000149011612,0.7142857313156128,0.8155122995376587,1
/home/jovyan/Joel_Pardo/AI4LABOUR/Mejoras/results_coursera/models/simcse_coursera_sup/sentence-transformers/all-MiniLM-L6-v2,D_char_jaccard,161,f1f35b083d3a,assemble mechanical components or machine parts,1705,53b592783e35,3,0.7343055486679078,0.389345645904541,4.498660087585449,0.13235294818878174,0.7142857313156128,0.6627300977706909,1
/home/jovyan/Joel_Pardo/AI4LABOUR/Mejoras/results_coursera/models/simcse_coursera_sup/sentence-transformers/all-MiniLM-L6-v2,D_char_jaccard,161,f1f35b083d3a,assemble mechanical components or machine parts,3176,8d8b7db66ec8,4,0.8509207844734192,0.4257987141609192,4.979943752288818,0.06779661029577255,0.5714285969734192,0.9304534196853638,1
/home/jovyan/Joel_Pardo/AI4LABOUR/Mejoras/results_coursera/models/simcse_coursera_sup/sentence-transformers/all-MiniLM-L6-v2,D_char_jaccard,161,f1f35b083d3a,assemble mechanical components or machine parts,1694,d6c8c0983834,5,0.42233872413635254,0.01845114305615425,-0.3982008099555969,0.020408162847161293,0.4285714328289032,0.9480051398277283,0
/home/jovyan/Joel_Pardo/AI4LABOUR/Mejoras/results_coursera/models/simcse_coursera_sup/sentence-transformers/all-MiniLM-L6-v2,D_char_jaccard,161,f1f35b083d3a,assemble mechanical components or machine parts,2065,cd723ed383c1,6,0.510052102804184,0.1309434324502945,1.0870168209075928,0.13725490868091583,0.4285714328289032,0.7161517143249512,1
/home/jovyan/Joel_Pardo/AI4LABOUR/Mejoras/results_coursera/models/simcse_coursera_sup/sentence-transformers/all-MiniLM-L6-v2,D_char_jaccard,161,f1f35b083d3a,assemble mechanical components or machine parts,1736,058d29a44b22,7,0.38186399936676024,0.3082561194896698,3.4280478954315186,0.1034482792019844,0.5714285969734192,0.0,1
/home/jovyan/Joel_Pardo/AI4LABOUR/Mejoras/results_coursera/models/simcse_coursera_sup/sentence-transformers/all-MiniLM-L6-v2,D_char_jaccard,161,f1f35b083d3a,assemble mechanical components or machine parts,1140,d08dec64d953,8,0.6097084164619446,0.19962483644485474,1.9938063621520996,0.19607843458652496,0.5714285969734192,0.7561375498771667,1
/home/jovyan/Joel_Pardo/AI4LABOUR/Mejoras/results_coursera/models/simcse_coursera_sup/sentence-transformers/all-MiniLM-L6-v2,D_char_jaccard,161,f1f35b083d3a,assemble mechanical components or machine parts,5278,e8225f9a3276,9,0.5550681352615356,0.20726853609085083,2.0947248935699463,0.15000000596046448,0.5714285969734192,0.7561375498771667,0
/home/jovyan/Joel_Pardo/AI4LABOUR/Mejoras/results_coursera/models/simcse_coursera_sup/sentence-transformers/all-MiniLM-L6-v2,D_char_jaccard,161,f1f35b083d3a,assemble mechanical components or machine parts,3088,6bf24f418dea,10,0.5228932976722718,0.19380713999271393,1.9169962406158447,0.095238097012043,0.5714285969734192,0.6152148246765137,1
/home/jovyan/Joel_Pardo/AI4LABOUR/Mejoras/results_coursera/models/simcse_coursera_sup/sentence-transformers/all-MiniLM-L6-v2,D_char_jaccard,162,957f012e4031,fabricate devices or components,215,f3e87868bbce,1,1.0121250033378602,0.6229206323623657,6.8156256675720215,0.16981132328510284,0.800000011920929,0.7976091504096985,1
/home/jovyan/Joel_Pardo/AI4LABOUR/Mejoras/results_coursera/models/simcse_coursera_sup/sentence-transformers/all-MiniLM-L6-v2,D_char_jaccard,162,957f012e4031,fabricate devices or components,1694,d6c8c0983834,2,0.44605475664138794,0.00047751516103744507,-0.5980333685874939,0.0625,0.6000000238418579,1.0,0
/home/jovyan/Joel_Pardo/AI4LABOUR/Mejoras/results_coursera/models/simcse_coursera_sup/sentence-transformers/all-MiniLM-L6-v2,D_char_jaccard,162,957f012e4031,fabricate devices or components,289,09156eaf9ed2,3,0.8843437910079956,0.4098644554615021,4.278003215789795,0.20588235557079315,0.6000000238418579,0.9599880576133728,1
/home/jovyan/Joel_Pardo/AI4LABOUR/Mejoras/results_coursera/models/simcse_coursera_sup/sentence-transformers/all-MiniLM-L6-v2,D_char_jaccard,162,957f012e4031,fabricate devices or components,3516,afe8a26918ff,4,0.6400638103485108,0.24851951003074646,2.356290817260742,0.1090909093618393,1.0,0.722808837890625,1
/home/jovyan/Joel_Pardo/AI4LABOUR/Mejoras/results_coursera/models/simcse_coursera_sup/sentence-transformers/all-MiniLM-L6-v2,D_char_jaccard,162,957f012e4031,fabricate devices or components,5278,e8225f9a3276,5,0.5906275510787964,0.20049722492694855,1.7843176126480103,0.20454545319080353,0.800000011920929,0.7976091504096985,0
/home/jovyan/Joel_Pardo/AI4LABOUR/Mejoras/results_coursera/models/simcse_coursera_sup/sentence-transformers/all-MiniLM-L6-v2,D_char_jaccard,162,957f012e4031,fabricate devices or components,1708,2a145fc7beb8,6,0.6716366887092591,0.26657992601394653,2.5714008808135986,0.2083333283662796,1.0,0.6990785598754883,1
/home/jovyan/Joel_Pardo/AI4LABOUR/Mejoras/results_coursera/models/simcse_coursera_sup/sentence-transformers/all-MiniLM-L6-v2,D_char_jaccard,162,957f012e4031,fabricate devices or components,1140,d08dec64d953,7,0.6938382863998414,0.2469939887523651,2.338120937347412,0.25,0.800000011920929,0.7976091504096985,1
/home/jovyan/Joel_Pardo/AI4LABOUR/Mejoras/results_coursera/models/simcse_coursera_sup/sentence-transformers/all-MiniLM-L6-v2,D_char_jaccard,162,957f012e4031,fabricate devices or components,4866,8e4d0a700359,8,0.42443643808364867,0.37609338760375977,3.87576961517334,0.02380952425301075,0.6000000238418579,0.0,1
/home/jovyan/Joel_Pardo/AI4LABOUR/Mejoras/results_coursera/models/simcse_coursera_sup/sentence-transformers/all-MiniLM-L6-v2,D_char_jaccard,162,957f012e4031,fabricate devices or components,78,cefdec315735,9,0.48185314536094664,0.42381834983825684,4.444201946258545,0.0416666679084301,0.800000011920929,0.0,1
/home/jovyan/Joel_Pardo/AI4LABOUR/Mejoras/results_coursera/models/simcse_coursera_sup/sentence-transformers/all-MiniLM-L6-v2,D_char_jaccard,162,957f012e4031,fabricate devices or components,3707,ae14f32b277d,10,0.4196915626525879,0.16150829195976257,1.319936752319336,0.15625,0.625,0.5100540518760681,0
/home/jovyan/Joel_Pardo/AI4LABOUR/Mejoras/results_coursera/models/simcse_coursera_sup/sentence-transformers/all-MiniLM-L6-v2,D_char_jaccard,163,3ac212a9f7c3,collaborate with others to develop or refine designs,1800,bd60ddc5bb14,1,0.8792264938354493,0.4026237726211548,3.48860764503479,0.1785714328289032,0.4444444477558136,1.0,1
/home/jovyan/Joel_Pardo/AI4LABOUR/Mejoras/results_coursera/models/simcse_coursera_sup/sentence-transformers/all-MiniLM-L6-v2,D_char_jaccard,163,3ac212a9f7c3,collaborate with others to develop or refine designs,2686,2e522a60ddc9,2,0.5950608134269715,0.26132193207740784,2.004991292953491,0.09375,0.4444444477558136,0.6605284810066223,1
/home/jovyan/Joel_Pardo/AI4LABOUR/Mejoras/results_coursera/models/simcse_coursera_sup/sentence-transformers/all-MiniLM-L6-v2,D_char_jaccard,163,3ac212a9f7c3,collaborate with others to develop or refine designs,4499,a7b7131295ef,3,0.7121500253677369,0.3929528594017029,3.387066602706909,0.0882352963089943,0.4444444477558136,0.6605284810066223,1
/home/jovyan/Joel_Pardo/AI4LABOUR/Mejoras/results_coursera/models/simcse_coursera_sup/sentence-transformers/all-MiniLM-L6-v2,D_char_jaccard,163,3ac212a9f7c3,collaborate with others to develop or refine designs,3748,34fad830f97b,4,0.606405246257782,0.3684465289115906,3.1297593116760254,0.09589041024446487,0.6666666865348816,0.41874343156814575,1
/home/jovyan/Joel_Pardo/AI4LABOUR/Mejoras/results_coursera/models/simcse_coursera_sup/sentence-transformers/all-MiniLM-L6-v2,D_char_jaccard,163,3ac212a9f7c3,collaborate with others to develop or refine designs,920,ec2d64edb4bd,5,0.5277099192142487,0.469535231590271,4.191152572631836,0.1538461595773697,0.3333333432674408,0.0,1
/home/jovyan/Joel_Pardo/AI4LABOUR/Mejoras/results_coursera/models/simcse_coursera_sup/sentence-transformers/all-MiniLM-L6-v2,D_char_jaccard,163,3ac212a9f7c3,collaborate with others to develop or refine designs,2019,a071a279bca3,6,0.4628149151802063,0.24424928426742554,1.8257348537445068,0.05882352963089943,0.4444444477558136,0.3901561200618744,1
/home/jovyan/Joel_Pardo/AI4LABOUR/Mejoras/results_coursera/models/simcse_coursera_sup/sentence-transformers/all-MiniLM-L6-v2,D_char_jaccard,163,3ac212a9f7c3,collaborate with others to develop or refine designs,4370,330ceef13d7a,7,0.6572816252708436,0.214094340801239,1.5091192722320557,0.14492753148078918,0.5555555820465088,0.8764676451683044,1
/home/jovyan/Joel_Pardo/AI4LABOUR/Mejoras/results_coursera/models/simcse_coursera_sup/sentence-transformers/all-MiniLM-L6-v2,D_char_jaccard,163,3ac212a9f7c3,collaborate with others to develop or refine designs,4828,0207b591a5d5,8,0.7736886024475098,0.41298243403434753,3.59736967086792,0.1111111119389534,0.3333333432674408,0.7688999176025391,1
/home/jovyan/Joel_Pardo/AI4LABOUR/Mejoras/results_coursera/models/simcse_coursera_sup/sentence-transformers/all-MiniLM-L6-v2,D_char_jaccard,163,3ac212a9f7c3,collaborate with others to develop or refine designs,4514,4b7555920681,9,0.44908882975578307,0.2759057283401489,2.1581156253814697,0.02985074557363987,0.4444444477558136,0.30272194743156433,1
/home/jovyan/Joel_Pardo/AI4LABOUR/Mejoras/results_coursera/models/simcse_coursera_sup/sentence-transformers/all-MiniLM-L6-v2,D_char_jaccard,163,3ac212a9f7c3,collaborate with others to develop or refine designs,3373,f8d0bd176b39,10,0.45053844451904296,0.39375370740890503,3.395475149154663,0.07352941483259201,0.5555555820465088,0.0,1
/home/jovyan/Joel_Pardo/AI4LABOUR/Mejoras/results_coursera/models/simcse_coursera_sup/sentence-transformers/all-MiniLM-L6-v2,D_char_jaccard,164,0c9fad019eee,schedule operational activities,1654,799855594adc,1,1.0908045053482056,0.626755952835083,7.055450439453125,0.2068965584039688,0.5,1.0,1
/home/jovyan/Joel_Pardo/AI4LABOUR/Mejoras/results_coursera/models/simcse_coursera_sup/sentence-transformers/all-MiniLM-L6-v2,D_char_jaccard,164,0c9fad019eee,schedule operational activities,4059,966ff254f415,2,0.6243580460548401,0.24596932530403137,2.215514659881592,0.2448979616165161,0.800000011920929,0.6294028759002686,1
/home/jovyan/Joel_Pardo/AI4LABOUR/Mejoras/results_coursera/models/simcse_coursera_sup/sentence-transformers/all-MiniLM-L6-v2,D_char_jaccard,164,0c9fad019eee,schedule operational activities,1676,4abb63e41447,3,0.7608856439590455,0.38739413022994995,4.01307487487793,0.2195121943950653,1.0,0.6433821320533752,1
/home/jovyan/Joel_Pardo/AI4LABOUR/Mejoras/results_coursera/models/simcse_coursera_sup/sentence-transformers/all-MiniLM-L6-v2,D_char_jaccard,164,0c9fad019eee,schedule operational activities,2071,262341378030,4,0.3759579539299011,0.2749960124492645,2.584454298019409,0.1538461595773697,0.800000011920929,0.0,1
/home/jovyan/Joel_Pardo/AI4LABOUR/Mejoras/results_coursera/models/simcse_coursera_sup/sentence-transformers/all-MiniLM-L6-v2,D_char_jaccard,164,0c9fad019eee,schedule operational activities,1245,e506448ed7d0,5,0.4306910812854767,0.32804059982299805,3.2586700916290283,0.1818181872367859,0.800000011920929,0.0,1
/home/jovyan/Joel_Pardo/AI4LABOUR/Mejoras/results_coursera/models/simcse_coursera_sup/sentence-transformers/all-MiniLM-L6-v2,D_char_jaccard,164,0c9fad019eee,schedule operational activities,2233,d334de0d305d,6,0.7916656017303467,0.38197624683380127,3.944211721420288,0.2432432472705841,0.75,0.7489403486251831,1
/home/jovyan/Joel_Pardo/AI4LABOUR/Mejoras/results_coursera/models/simcse_coursera_sup/sentence-transformers/all-MiniLM-L6-v2,D_char_jaccard,164,0c9fad019eee,schedule operational activities,4586,649f60f33e2e,7,0.36001144647598265,0.27287596464157104,2.5575077533721924,0.057692307978868484,1.0,0.0,1
/home/jovyan/Joel_Pardo/AI4LABOUR/Mejoras/results_coursera/models/simcse_coursera_sup/sentence-transformers/all-MiniLM-L6-v2,D_char_jaccard,164,0c9fad019eee,schedule operational activities,4394,3110ca79819b,8,0.4319190263748169,0.37717634439468384,3.8832032680511475,0.0555555559694767,0.5714285969734192,0.0,1
/home/jovyan/Joel_Pardo/AI4LABOUR/Mejoras/results_coursera/models/simcse_coursera_sup/sentence-transformers/all-MiniLM-L6-v2,D_char_jaccard,164,0c9fad019eee,schedule operational activities,1115,6c7a4bf54759,9,0.42247532606124877,0.34804022312164307,3.5128724575042725,0.08695652335882187,0.75,0.0,1
/home/jovyan/Joel_Pardo/AI4LABOUR/Mejoras/results_coursera/models/simcse_coursera_sup/sentence-transformers/all-MiniLM-L6-v2,D_char_jaccard,164,0c9fad019eee,schedule operational activities,4329,976b00314c5c,10,0.4304449439048767,0.36782243847846985,3.7643120288848877,0.0476190485060215,0.75,0.0,1
/home/jovyan/Joel_Pardo/AI4LABOUR/Mejoras/results_coursera/models/simcse_coursera_sup/sentence-transformers/all-MiniLM-L6-v2,D_char_jaccard,165,72ea80489538,test characteristics of materials or structures,2657,805fc5c1d17a,1,0.9200994849205018,0.41013938188552856,4.385398864746094,0.3181818127632141,0.4285714328289032,1.0,1
/home/jovyan/Joel_Pardo/AI4LABOUR/Mejoras/results_coursera/models/simcse_coursera_sup/sentence-transformers/all-MiniLM-L6-v2,D_char_jaccard,165,72ea80489538,test characteristics of materials or structures,3459,cc4e09d0f3d3,2,0.6761060237884522,0.3770788908004761,4.001015663146973,0.0714285746216774,0.5714285969734192,0.6007661819458008,1
/home/jovyan/Joel_Pardo/AI4LABOUR/Mejoras/results_coursera/models/simcse_coursera_sup/sentence-transformers/all-MiniLM-L6-v2,D_char_jaccard,165,72ea80489538,test characteristics of materials or structures,4862,b54736456520,3,0.8772871971130372,0.5107263922691345,5.554889678955078,0.18367347121238708,0.4285714328289032,0.7507163286209106,1
/home/jovyan/Joel_Pardo/AI4LABOUR/Mejoras/results_coursera/models/simcse_coursera_sup/sentence-transformers/all-MiniLM-L6-v2,D_char_jaccard,165,72ea80489538,test characteristics of materials or structures,1984,1a9e3f7fab12,4,0.6291513919830323,0.2425871640443802,2.437325954437256,0.17307692766189575,0.5714285969734192,0.7224556803703308,1
/home/jovyan/Joel_Pardo/AI4LABOUR/Mejoras/results_coursera/models/simcse_coursera_sup/sentence-transformers/all-MiniLM-L6-v2,D_char_jaccard,165,72ea80489538,test characteristics of materials or structures,3057,801d465b0d9e,5,0.5211793065071106,0.2682405114173889,2.735588788986206,0.043478261679410934,1.0,0.4222331643104553,1
/home/jovyan/Joel_Pardo/AI4LABOUR/Mejoras/results_coursera/models/simcse_coursera_sup/sentence-transformers/all-MiniLM-L6-v2,D_char_jaccard,165,72ea80489538,test characteristics of materials or structures,247,4b7041528de4,6,0.4362370252609253,0.23176033794879913,2.311446189880371,0.0833333358168602,0.7142857313156128,0.3027627170085907,1
/home/jovyan/Joel_Pardo/AI4LABOUR/Mejoras/results_coursera/models/simcse_coursera_sup/sentence-transformers/all-MiniLM-L6-v2,D_char_jaccard,165,72ea80489538,test characteristics of materials or structures,2688,0950dcce7437,7,0.696001935005188,0.4049023985862732,4.324510097503662,0.050847455859184265,0.5714285969734192,0.6007661819458008,1
/home/jovyan/Joel_Pardo/AI4LABOUR/Mejoras/results_coursera/models/simcse_coursera_sup/sentence-transformers/all-MiniLM-L6-v2,D_char_jaccard,165,72ea80489538,test characteristics of materials or structures,1894,e2dff2ef2fd2,8,0.7277471899986268,0.4081403613090515,4.362156867980957,0.03703703731298447,0.4285714328289032,0.6993325352668762,1
/home/jovyan/Joel_Pardo/AI4LABOUR/Mejoras/results_coursera/models/simcse_coursera_sup/sentence-transformers/all-MiniLM-L6-v2,D_char_jaccard,165,72ea80489538,test characteristics of materials or structures,1822,39932b592d9d,9,0.7786051511764527,0.5871724486351013,6.44370174407959,0.14814814925193787,0.3888888955116272,0.35917118191719055,1
/home/jovyan/Joel_Pardo/AI4LABOUR/Mejoras/results_coursera/models/simcse_coursera_sup/sentence-transformers/all-MiniLM-L6-v2,D_char_jaccard,165,72ea80489538,test characteristics of materials or structures,3776,a89b81917b58,10,0.5698286771774292,0.25448065996170044,2.5756077766418457,0.11594203114509583,0.7142857313156128,0.5652408003807068,1
/home/jovyan/Joel_Pardo/AI4LABOUR/Mejoras/results_coursera/models/simcse_coursera_sup/sentence-transformers/all-MiniLM-L6-v2,D_char_jaccard,166,505ab84c8d87,implement transportation changes to reduce environmental impact,2999,a4a640d71221,1,1.017882513999939,0.5285759568214417,6.378978252410889,0.26865673065185547,0.5,1.0,1
/home/jovyan/Joel_Pardo/AI4LABOUR/Mejoras/results_coursera/models/simcse_coursera_sup/sentence-transformers/all-MiniLM-L6-v2,D_char_jaccard,166,505ab84c8d87,implement transportation changes to reduce environmental impact,4880,995c33174219,2,0.8660827159881592,0.5548001527786255,6.725201606750488,0.23943662643432617,0.5,0.5797586441040039,1
/home/jovyan/Joel_Pardo/AI4LABOUR/Mejoras/results_coursera/models/simcse_coursera_sup/sentence-transformers/all-MiniLM-L6-v2,D_char_jaccard,166,505ab84c8d87,implement transportation changes to reduce environmental impact,3310,1b5b70c37d4d,3,0.6183289170265198,0.26089295744895935,2.844912052154541,0.08955223858356476,0.375,0.7309679388999939,1
/home/jovyan/Joel_Pardo/AI4LABOUR/Mejoras/results_coursera/models/simcse_coursera_sup/sentence-transformers/all-MiniLM-L6-v2,D_char_jaccard,166,505ab84c8d87,implement transportation changes to reduce environmental impact,2626,d7c46c558d85,4,0.7516725540161133,0.3707456588745117,4.295234680175781,0.1267605572938919,0.75,0.7470283508300781,1
/home/jovyan/Joel_Pardo/AI4LABOUR/Mejoras/results_coursera/models/simcse_coursera_sup/sentence-transformers/all-MiniLM-L6-v2,D_char_jaccard,166,505ab84c8d87,implement transportation changes to reduce environmental impact,3522,2ad74838885a,5,0.5103172242641449,0.20288503170013428,2.079066514968872,0.10958904027938843,0.5,0.5633085370063782,1
/home/jovyan/Joel_Pardo/AI4LABOUR/Mejoras/results_coursera/models/simcse_coursera_sup/sentence-transformers/all-MiniLM-L6-v2,D_char_jaccard,166,505ab84c8d87,implement transportation changes to reduce environmental impact,2974,cdc6a5d1a136,6,0.4183674931526184,0.2513725459575653,2.719219446182251,0.07407407462596893,1.0,0.18403418362140656,1
/home/jovyan/Joel_Pardo/AI4LABOUR/Mejoras/results_coursera/models/simcse_coursera_sup/sentence-transformers/all-MiniLM-L6-v2,D_char_jaccard,166,505ab84c8d87,implement transportation changes to reduce environmental impact,3523,26e860c1f814,7,0.3839821517467499,0.14246271550655365,1.2813451290130615,0.10810811072587967,0.625,0.4937216639518738,0
/home/jovyan/Joel_Pardo/AI4LABOUR/Mejoras/results_coursera/models/simcse_coursera_sup/sentence-transformers/all-MiniLM-L6-v2,D_char_jaccard,166,505ab84c8d87,implement transportation changes to reduce environmental impact,2338,f6de122e0fd3,8,0.47292019724845885,0.315223753452301,3.5622105598449707,0.058252427726984024,0.875,0.20226432383060455,1
/home/jovyan/Joel_Pardo/AI4LABOUR/Mejoras/results_coursera/models/simcse_coursera_sup/sentence-transformers/all-MiniLM-L6-v2,D_char_jaccard,166,505ab84c8d87,implement transportation changes to reduce environmental impact,1404,7c322e5e62ed,9,0.34966604709625243,0.22591230273246765,2.383082389831543,0.05932203307747841,0.6153846383094788,0.12686310708522797,1
/home/jovyan/Joel_Pardo/AI4LABOUR/Mejoras/results_coursera/models/simcse_coursera_sup/sentence-transformers/all-MiniLM-L6-v2,D_char_jaccard,166,505ab84c8d87,implement transportation changes to reduce environmental impact,4879,9ee4d0835876,10,0.3530467331409454,0.3016308546066284,3.382751226425171,0.02631578966975212,0.5,0.0,1
/home/jovyan/Joel_Pardo/AI4LABOUR/Mejoras/results_coursera/models/simcse_coursera_sup/sentence-transformers/all-MiniLM-L6-v2,D_char_jaccard,167,00c6f12023ab,document organizational or operational procedures,4025,12c794a0d7a1,1,0.9089318990707398,0.44246405363082886,4.096321105957031,0.1428571492433548,0.5,1.0,1
/home/jovyan/Joel_Pardo/AI4LABOUR/Mejoras/results_coursera/models/simcse_coursera_sup/sentence-transformers/all-MiniLM-L6-v2,D_char_jaccard,167,00c6f12023ab,document organizational or operational procedures,1572,4d6e545411ff,2,0.8803463459014893,0.44378411769866943,4.111365795135498,0.2978723347187042,0.5,0.828681468963623,1
/home/jovyan/Joel_Pardo/AI4LABOUR/Mejoras/results_coursera/models/simcse_coursera_sup/sentence-transformers/all-MiniLM-L6-v2,D_char_jaccard,167,00c6f12023ab,document organizational or operational procedures,758,077b37efd178,3,0.8747249722480774,0.44093677401542664,4.078914642333984,0.20370370149612427,0.6666666865348816,0.8590565323829651,1
/home/jovyan/Joel_Pardo/AI4LABOUR/Mejoras/results_coursera/models/simcse_coursera_sup/sentence-transformers/all-MiniLM-L6-v2,D_char_jaccard,167,00c6f12023ab,document organizational or operational procedures,1694,d6c8c0983834,4,0.41443324089050293,-0.018053997308015823,-1.1521488428115845,0.022727273404598236,0.5,1.0,0
/home/jovyan/Joel_Pardo/AI4LABOUR/Mejoras/results_coursera/models/simcse_coursera_sup/sentence-transformers/all-MiniLM-L6-v2,D_char_jaccard,167,00c6f12023ab,document organizational or operational procedures,4057,f7d2308e7f34,5,0.5093930959701538,0.21633660793304443,1.5191731452941895,0.14864864945411682,0.75,0.6000699400901794,0
/home/jovyan/Joel_Pardo/AI4LABOUR/Mejoras/results_coursera/models/simcse_coursera_sup/sentence-transformers/all-MiniLM-L6-v2,D_char_jaccard,167,00c6f12023ab,document organizational or operational procedures,1529,8c8790508d02,6,0.9015192866325379,0.4148087501525879,3.7811367511749268,0.21276596188545227,0.5,1.0,1
/home/jovyan/Joel_Pardo/AI4LABOUR/Mejoras/results_coursera/models/simcse_coursera_sup/sentence-transformers/all-MiniLM-L6-v2,D_char_jaccard,167,00c6f12023ab,document organizational or operational procedures,225,c30ebd0088ed,7,0.6774417042732239,0.27428293228149414,2.1795806884765625,0.25,0.6666666865348816,0.7118842601776123,1
/home/jovyan/Joel_Pardo/AI4LABOUR/Mejoras/results_coursera/models/simcse_coursera_sup/sentence-transformers/all-MiniLM-L6-v2,D_char_jaccard,167,00c6f12023ab,document organizational or operational procedures,4448,d712e3cc78d1,8,0.5441813051700592,0.2354910969734192,1.7374746799468994,0.10000000149011612,0.75,0.5493482947349548,1
/home/jovyan/Joel_Pardo/AI4LABOUR/Mejoras/results_coursera/models/simcse_coursera_sup/sentence-transformers/all-MiniLM-L6-v2,D_char_jaccard,167,00c6f12023ab,document organizational or operational procedures,1245,e506448ed7d0,9,0.5319383025169373,0.4029838442802429,3.646369695663452,0.3103448152542114,0.8333333134651184,0.0,1
/home/jovyan/Joel_Pardo/AI4LABOUR/Mejoras/results_coursera/models/simcse_coursera_sup/sentence-transformers/all-MiniLM-L6-v2,D_char_jaccard,167,00c6f12023ab,document organizational or operational procedures,4077,aa1012ca2dbf,10,0.4224759519100189,0.35428082942962646,3.0913071632385254,0.014492753893136978,1.0,0.0,1
/home/jovyan/Joel_Pardo/AI4LABOUR/Mejoras/results_coursera/models/simcse_coursera_sup/sentence-transformers/all-MiniLM-L6-v2,D_char_jaccard,168,ab35d13698b5,"negotiate contracts for transportation, distribution, or logistics services",4841,e1b150754821,1,1.0372303009033204,0.5563582181930542,5.980102062225342,0.2571428716182709,0.4444444477558136,1.0,1
/home/jovyan/Joel_Pardo/AI4LABOUR/Mejoras/results_coursera/models/simcse_coursera_sup/sentence-transformers/all-MiniLM-L6-v2,D_char_jaccard,168,ab35d13698b5,"negotiate contracts for transportation, distribution, or logistics services",871,655008121c40,2,0.3970070660114288,0.14541932940483093,1.1086925268173218,0.14457830786705017,0.5555555820465088,0.38051822781562805,1
/home/jovyan/Joel_Pardo/AI4LABOUR/Mejoras/results_coursera/models/simcse_coursera_sup/sentence-transformers/all-MiniLM-L6-v2,D_char_jaccard,168,ab35d13698b5,"negotiate contracts for transportation, distribution, or logistics services",3619,e9839443e2c0,3,0.9033554077148438,0.5650442838668823,6.083069801330566,0.10769230872392654,0.2222222238779068,0.7669533491134644,1
/home/jovyan/Joel_Pardo/AI4LABOUR/Mejoras/results_coursera/models/simcse_coursera_sup/sentence-transformers/all-MiniLM-L6-v2,D_char_jaccard,168,ab35d13698b5,"negotiate contracts for transportation, distribution, or logistics services",5082,12408b06820b,4,0.6725740909576416,0.4249587953090668,4.422448635101318,0.16326530277729034,0.6666666865348816,0.4149037003517151,1
/home/jovyan/Joel_Pardo/AI4LABOUR/Mejoras/results_coursera/models/simcse_coursera_sup/sentence-transformers/all-MiniLM-L6-v2,D_char_jaccard,168,ab35d13698b5,"negotiate contracts for transportation, distribution, or logistics services",103,8121f0ee7677,5,0.3921556055545807,0.19137364625930786,1.653450608253479,0.057692307978868484,0.8888888955116272,0.2776295244693756,1
/home/jovyan/Joel_Pardo/AI4LABOUR/Mejoras/results_coursera/models/simcse_coursera_sup/sentence-transformers/all-MiniLM-L6-v2,D_char_jaccard,168,ab35d13698b5,"negotiate contracts for transportation, distribution, or logistics services",2751,e66df6c46d53,6,0.48270641565322875,0.3102245330810547,3.062349796295166,0.08974359184503555,0.5555555820465088,0.2582266330718994,1
/home/jovyan/Joel_Pardo/AI4LABOUR/Mejoras/results_coursera/models/simcse_coursera_sup/sentence-transformers/all-MiniLM-L6-v2,D_char_jaccard,168,ab35d13698b5,"negotiate contracts for transportation, distribution, or logistics services",3983,1292506f4417,7,0.6990783095359803,0.5217040777206421,5.569300174713135,0.15789473056793213,0.4444444477558136,0.294622004032135,1
/home/jovyan/Joel_Pardo/AI4LABOUR/Mejoras/results_coursera/models/simcse_coursera_sup/sentence-transformers/all-MiniLM-L6-v2,D_char_jaccard,168,ab35d13698b5,"negotiate contracts for transportation, distribution, or logistics services",1400,0171c20bcf79,8,0.39691296219825745,0.21731822192668915,1.96100652217865,0.08536585420370102,0.5555555820465088,0.38051822781562805,0
/home/jovyan/Joel_Pardo/AI4LABOUR/Mejoras/results_coursera/models/simcse_coursera_sup/sentence-transformers/all-MiniLM-L6-v2,D_char_jaccard,168,ab35d13698b5,"negotiate contracts for transportation, distribution, or logistics services",4467,7893d13e313e,9,0.3950446128845215,0.2319871485233307,2.134896993637085,0.04395604506134987,0.6666666865348816,0.2298346310853958,1
/home/jovyan/Joel_Pardo/AI4LABOUR/Mejoras/results_coursera/models/simcse_coursera_sup/sentence-transformers/all-MiniLM-L6-v2,D_char_jaccard,168,ab35d13698b5,"negotiate contracts for transportation, distribution, or logistics services",1451,b2893b3b6077,10,0.405929434299469,0.16839343309402466,1.381035327911377,0.09756097197532654,0.5555555820465088,0.38051822781562805,1
/home/jovyan/Joel_Pardo/AI4LABOUR/Mejoras/results_coursera/models/simcse_coursera_sup/sentence-transformers/all-MiniLM-L6-v2,D_char_jaccard,169,2d10ff099811,coordinate with external parties to exchange information,5120,399c4f53685e,1,1.015973198413849,0.5646230578422546,6.2178778648376465,0.15625,0.375,1.0,1
/home/jovyan/Joel_Pardo/AI4LABOUR/Mejoras/results_coursera/models/simcse_coursera_sup/sentence-transformers/all-MiniLM-L6-v2,D_char_jaccard,169,2d10ff099811,coordinate with external parties to exchange information,3309,68232321735d,2,0.48221282958984374,0.19615218043327332,1.7531490325927734,0.07352941483259201,0.5,0.5307338237762451,1
/home/jovyan/Joel_Pardo/AI4LABOUR/Mejoras/results_coursera/models/simcse_coursera_sup/sentence-transformers/all-MiniLM-L6-v2,D_char_jaccard,169,2d10ff099811,coordinate with external parties to exchange information,2557,7f82d0132ed6,3,0.6307187557220459,0.25958845019340515,2.5218007564544678,0.10000000149011612,0.625,0.7270978689193726,1
/home/jovyan/Joel_Pardo/AI4LABOUR/Mejoras/results_coursera/models/simcse_coursera_sup/sentence-transformers/all-MiniLM-L6-v2,D_char_jaccard,169,2d10ff099811,coordinate with external parties to exchange information,3150,7ca5740d8368,4,0.5116225481033325,0.18162629008293152,1.5771400928497314,0.18333333730697632,0.375,0.7089388966560364,0
/home/jovyan/Joel_Pardo/AI4LABOUR/Mejoras/results_coursera/models/simcse_coursera_sup/sentence-transformers/all-MiniLM-L6-v2,D_char_jaccard,169,2d10ff099811,coordinate with external parties to exchange information,4305,c17b06904856,5,0.42499088048934935,0.23538272082805634,2.228501796722412,0.03125,1.0,0.26333481073379517,1
/home/jovyan/Joel_Pardo/AI4LABOUR/Mejoras/results_coursera/models/simcse_coursera_sup/sentence-transformers/all-MiniLM-L6-v2,D_char_jaccard,169,2d10ff099811,coordinate with external parties to exchange information,681,22e6a97d1196,6,0.4180322468280792,0.1962101012468338,1.7538506984710693,0.06329113990068436,0.625,0.36092594265937805,1
/home/jovyan/Joel_Pardo/AI4LABOUR/Mejoras/results_coursera/models/simcse_coursera_sup/sentence-transformers/all-MiniLM-L6-v2,D_char_jaccard,169,2d10ff099811,coordinate with external parties to exchange information,2026,1793cca3a80b,7,0.6684241771697998,0.35704469680786133,3.702669382095337,0.08045977354049683,0.875,0.5830474495887756,1
/home/jovyan/Joel_Pardo/AI4LABOUR/Mejoras/results_coursera/models/simcse_coursera_sup/sentence-transformers/all-MiniLM-L6-v2,D_char_jaccard,169,2d10ff099811,coordinate with external parties to exchange information,3925,35c1bebe9ccc,8,0.43397387862205505,0.19507944583892822,1.740150809288025,0.12345679104328156,0.75,0.4750954210758209,0
/home/jovyan/Joel_Pardo/AI4LABOUR/Mejoras/results_coursera/models/simcse_coursera_sup/sentence-transformers/all-MiniLM-L6-v2,D_char_jaccard,169,2d10ff099811,coordinate with external parties to exchange information,3736,def255fcf471,9,0.4248340606689453,0.19307604432106018,1.7158757448196411,0.18292683362960815,1.0,0.26333481073379517,1
/home/jovyan/Joel_Pardo/AI4LABOUR/Mejoras/results_coursera/models/simcse_coursera_sup/sentence-transformers/all-MiniLM-L6-v2,D_char_jaccard,169,2d10ff099811,coordinate with external parties to exchange information,4331,afa0135399b2,10,0.8037205815315247,0.4605664312839508,4.957033157348633,0.14754098653793335,0.375,0.7089388966560364,1
/home/jovyan/Joel_Pardo/AI4LABOUR/Mejoras/results_coursera/models/simcse_coursera_sup/sentence-transformers/all-MiniLM-L6-v2,D_char_jaccard,170,57e3b12b8497,develop procedures to evaluate organizational activities,3411,170ec06a71d8,1,1.0758677005767823,0.6779798865318298,6.263587951660156,0.2222222238779068,0.4285714328289032,0.8467543125152588,1
/home/jovyan/Joel_Pardo/AI4LABOUR/Mejoras/results_coursera/models/simcse_coursera_sup/sentence-transformers/all-MiniLM-L6-v2,D_char_jaccard,170,57e3b12b8497,develop procedures to evaluate organizational activities,2233,d334de0d305d,2,0.7403294920921326,0.25845617055892944,1.8466335535049438,0.14516128599643707,0.4285714328289032,1.0,1
/home/jovyan/Joel_Pardo/AI4LABOUR/Mejoras/results_coursera/models/simcse_coursera_sup/sentence-transformers/all-MiniLM-L6-v2,D_char_jaccard,170,57e3b12b8497,develop procedures to evaluate organizational activities,2382,2c9191489a0d,3,0.614196527004242,0.34702736139297485,2.7791550159454346,0.11450381577014923,0.46666666865348816,0.4997815489768982,1
/home/jovyan/Joel_Pardo/AI4LABOUR/Mejoras/results_coursera/models/simcse_coursera_sup/sentence-transformers/all-MiniLM-L6-v2,D_char_jaccard,170,57e3b12b8497,develop procedures to evaluate organizational activities,4507,4308d262ba90,4,0.7511581659317017,0.3634757399559021,2.952331781387329,0.12790697813034058,0.8571428656578064,0.7479901313781738,1
/home/jovyan/Joel_Pardo/AI4LABOUR/Mejoras/results_coursera/models/simcse_coursera_sup/sentence-transformers/all-MiniLM-L6-v2,D_char_jaccard,170,57e3b12b8497,develop procedures to evaluate organizational activities,2319,defa44749398,5,0.5130585014820099,0.1751341074705124,0.9693775773048401,0.10526315867900848,1.0,0.5728049874305725,1
/home/jovyan/Joel_Pardo/AI4LABOUR/Mejoras/results_coursera/models/simcse_coursera_sup/sentence-transformers/all-MiniLM-L6-v2,D_char_jaccard,170,57e3b12b8497,develop procedures to evaluate organizational activities,3751,f1ce5e300a4c,6,0.6926650285720826,0.35727205872535706,2.8870162963867188,0.20512820780277252,0.8571428656578064,0.5674524307250977,1
/home/jovyan/Joel_Pardo/AI4LABOUR/Mejoras/results_coursera/models/simcse_coursera_sup/sentence-transformers/all-MiniLM-L6-v2,D_char_jaccard,170,57e3b12b8497,develop procedures to evaluate organizational activities,2274,082c805e8003,7,0.45920114517211913,0.23727422952651978,1.623619556427002,0.03750000149011612,0.8571428656578064,0.35855546593666077,1
/home/jovyan/Joel_Pardo/AI4LABOUR/Mejoras/results_coursera/models/simcse_coursera_sup/sentence-transformers/all-MiniLM-L6-v2,D_char_jaccard,170,57e3b12b8497,develop procedures to evaluate organizational activities,1675,8335d26464b5,8,0.7898707866668702,0.41120851039886475,3.454885959625244,0.1315789520740509,0.7142857313156128,0.7529352307319641,1
/home/jovyan/Joel_Pardo/AI4LABOUR/Mejoras/results_coursera/models/simcse_coursera_sup/sentence-transformers/all-MiniLM-L6-v2,D_char_jaccard,170,57e3b12b8497,develop procedures to evaluate organizational activities,3592,fd4ea4fecf63,9,0.7009097814559937,0.2993484139442444,2.277167320251465,0.10769230872392654,0.5714285969734192,0.8150043487548828,1
/home/jovyan/Joel_Pardo/AI4LABOUR/Mejoras/results_coursera/models/simcse_coursera_sup/sentence-transformers/all-MiniLM-L6-v2,D_char_jaccard,170,57e3b12b8497,develop procedures to evaluate organizational activities,147,575ea3efc7e8,10,0.5541114091873169,0.2862175703048706,2.1389193534851074,0.0794702023267746,0.2800000011920929,0.5316200852394104,1
/home/jovyan/Joel_Pardo/AI4LABOUR/Mejoras/results_coursera/models/simcse_coursera_sup/sentence-transformers/all-MiniLM-L6-v2,D_char_jaccard,171,02b5b4014078,develop organizational goals or objectives,3730,667727a74b62,1,1.0986085414886475,0.6385505795478821,5.569762229919434,0.19565217196941376,0.5,1.0,1
/home/jovyan/Joel_Pardo/AI4LABOUR/Mejoras/results_coursera/models/simcse_coursera_sup/sentence-transformers/all-MiniLM-L6-v2,D_char_jaccard,171,02b5b4014078,develop organizational goals or objectives,3748,34fad830f97b,2,0.6509595394134522,0.344280868768692,2.5925285816192627,0.14754098653793335,1.0,0.5105537176132202,1
/home/jovyan/Joel_Pardo/AI4LABOUR/Mejoras/results_coursera/models/simcse_coursera_sup/sentence-transformers/all-MiniLM-L6-v2,D_char_jaccard,171,02b5b4014078,develop organizational goals or objectives,1575,992d0aad8b43,3,0.8187992453575135,0.44740334153175354,3.6358561515808105,0.27659574151039124,0.5,0.6799682974815369,1
/home/jovyan/Joel_Pardo/AI4LABOUR/Mejoras/results_coursera/models/simcse_coursera_sup/sentence-transformers/all-MiniLM-L6-v2,D_char_jaccard,171,02b5b4014078,develop organizational goals or objectives,2337,421e3510a425,4,0.4991690516471863,0.23310145735740662,1.4676858186721802,0.140625,1.0,0.5105537176132202,0
/home/jovyan/Joel_Pardo/AI4LABOUR/Mejoras/results_coursera/models/simcse_coursera_sup/sentence-transformers/all-MiniLM-L6-v2,D_char_jaccard,171,02b5b4014078,develop organizational goals or objectives,2426,7b0990f1febc,5,0.6807202577590943,0.36256134510040283,2.7774786949157715,0.10204081982374191,0.8333333134651184,0.5930953621864319,1
/home/jovyan/Joel_Pardo/AI4LABOUR/Mejoras/results_coursera/models/simcse_coursera_sup/sentence-transformers/all-MiniLM-L6-v2,D_char_jaccard,171,02b5b4014078,develop organizational goals or objectives,2319,defa44749398,6,0.49233739376068114,0.19669680297374725,1.0993666648864746,0.1538461595773697,0.8571428656578064,0.45997902750968933,1
/home/jovyan/Joel_Pardo/AI4LABOUR/Mejoras/results_coursera/models/simcse_coursera_sup/sentence-transformers/all-MiniLM-L6-v2,D_char_jaccard,171,02b5b4014078,develop organizational goals or objectives,3576,152c8d094c15,7,0.9185141205787659,0.5063233375549316,4.231971263885498,0.07692307978868484,0.3333333432674408,0.9423143267631531,1
/home/jovyan/Joel_Pardo/AI4LABOUR/Mejoras/results_coursera/models/simcse_coursera_sup/sentence-transformers/all-MiniLM-L6-v2,D_char_jaccard,171,02b5b4014078,develop organizational goals or objectives,3586,f77f2bcecc27,8,0.4955715537071228,0.29578518867492676,2.1018800735473633,0.09782608598470688,0.75,0.4185209572315216,0
/home/jovyan/Joel_Pardo/AI4LABOUR/Mejoras/results_coursera/models/simcse_coursera_sup/sentence-transformers/all-MiniLM-L6-v2,D_char_jaccard,171,02b5b4014078,develop organizational goals or objectives,1712,0d23c5fd52ea,9,0.6402880430221558,0.4298785328865051,3.4585511684417725,0.23404255509376526,0.5454545617103577,0.29403501749038696,1
/home/jovyan/Joel_Pardo/AI4LABOUR/Mejoras/results_coursera/models/simcse_coursera_sup/sentence-transformers/all-MiniLM-L6-v2,D_char_jaccard,171,02b5b4014078,develop organizational goals or objectives,5218,c440d73a48c6,10,0.48677818775177,0.4099579155445099,3.257007122039795,0.13793103396892548,0.6666666865348816,0.0,1
/home/jovyan/Joel_Pardo/AI4LABOUR/Mejoras/results_coursera/models/simcse_coursera_sup/sentence-transformers/all-MiniLM-L6-v2,D_char_jaccard,172,2c5271f1a3e4,analyze data to assess operational or project effectiveness,4134,79c4dd20b5f2,1,0.91555814743042,0.577407956123352,5.01904821395874,0.1666666716337204,0.3333333432674408,0.7188941240310669,1
/home/jovyan/Joel_Pardo/AI4LABOUR/Mejoras/results_coursera/models/simcse_coursera_sup/sentence-transformers/all-MiniLM-L6-v2,D_char_jaccard,172,2c5271f1a3e4,analyze data to assess operational or project effectiveness,1452,41db1b32b4b9,2,0.8674100518226624,0.3888329565525055,3.1025664806365967,0.1587301641702652,0.5555555820465088,1.0,1
/home/jovyan/Joel_Pardo/AI4LABOUR/Mejoras/results_coursera/models/simcse_coursera_sup/sentence-transformers/all-MiniLM-L6-v2,D_char_jaccard,172,2c5271f1a3e4,analyze data to assess operational or project effectiveness,4059,966ff254f415,3,0.6788771033287049,0.28346824645996094,2.0317482948303223,0.14666666090488434,0.5555555820465088,0.7732780575752258,1
/home/jovyan/Joel_Pardo/AI4LABOUR/Mejoras/results_coursera/models/simcse_coursera_sup/sentence-transformers/all-MiniLM-L6-v2,D_char_jaccard,172,2c5271f1a3e4,analyze data to assess operational or project effectiveness,4106,7a6199e2dfd9,4,0.6871378898620606,0.3435438275337219,2.6422946453094482,0.20000000298023224,0.6000000238418579,0.6198710799217224,1
/home/jovyan/Joel_Pardo/AI4LABOUR/Mejoras/results_coursera/models/simcse_coursera_sup/sentence-transformers/all-MiniLM-L6-v2,D_char_jaccard,172,2c5271f1a3e4,analyze data to assess operational or project effectiveness,4834,1d8e86f4a956,5,0.6982188105583191,0.28911134600639343,2.0890989303588867,0.10000000149011612,0.4444444477558136,0.8519911170005798,1
/home/jovyan/Joel_Pardo/AI4LABOUR/Mejoras/results_coursera/models/simcse_coursera_sup/sentence-transformers/all-MiniLM-L6-v2,D_char_jaccard,172,2c5271f1a3e4,analyze data to assess operational or project effectiveness,4282,b462239f8295,6,0.5809869050979615,0.3771986663341522,2.984327554702759,0.1184210553765297,0.6666666865348816,0.32142373919487,1
/home/jovyan/Joel_Pardo/AI4LABOUR/Mejoras/results_coursera/models/simcse_coursera_sup/sentence-transformers/all-MiniLM-L6-v2,D_char_jaccard,172,2c5271f1a3e4,analyze data to assess operational or project effectiveness,179,490e0bd0d96e,7,0.6742142319679261,0.3055516481399536,2.256181240081787,0.11578947305679321,1.0,0.6756759881973267,1
/home/jovyan/Joel_Pardo/AI4LABOUR/Mejoras/results_coursera/models/simcse_coursera_sup/sentence-transformers/all-MiniLM-L6-v2,D_char_jaccard,172,2c5271f1a3e4,analyze data to assess operational or project effectiveness,2384,9f0afa80bca1,8,0.6206571340560914,0.3257119655609131,2.4610698223114014,0.13483145833015442,0.7777777910232544,0.5122990012168884,1
/home/jovyan/Joel_Pardo/AI4LABOUR/Mejoras/results_coursera/models/simcse_coursera_sup/sentence-transformers/all-MiniLM-L6-v2,D_char_jaccard,172,2c5271f1a3e4,analyze data to assess operational or project effectiveness,2728,b12a99169d3e,9,0.7202600121498108,0.4272390902042389,3.492886781692505,0.14423076808452606,0.692307710647583,0.5376793742179871,1
/home/jovyan/Joel_Pardo/AI4LABOUR/Mejoras/results_coursera/models/simcse_coursera_sup/sentence-transformers/all-MiniLM-L6-v2,D_char_jaccard,172,2c5271f1a3e4,analyze data to assess operational or project effectiveness,3250,688e91eeecce,10,0.648850429058075,0.4262751340866089,3.483090400695801,0.11267605423927307,0.4444444477558136,0.4120289087295532,1
/home/jovyan/Joel_Pardo/AI4LABOUR/Mejoras/results_coursera/models/simcse_coursera_sup/sentence-transformers/all-MiniLM-L6-v2,D_char_jaccard,173,49c0d2367c5d,"manage operations, research, or logistics projects",42,02d9739e2d83,1,1.0056490182876587,0.6094819903373718,5.429585933685303,0.25,0.4285714328289032,0.8079665303230286,1
/home/jovyan/Joel_Pardo/AI4LABOUR/Mejoras/results_coursera/models/simcse_coursera_sup/sentence-transformers/all-MiniLM-L6-v2,D_char_jaccard,173,49c0d2367c5d,"manage operations, research, or logistics projects",998,49d476020e0d,2,0.5901077270507813,0.23898303508758545,1.5769507884979248,0.1568627506494522,0.4285714328289032,0.660946786403656,1
/home/jovyan/Joel_Pardo/AI4LABOUR/Mejoras/results_coursera/models/simcse_coursera_sup/sentence-transformers/all-MiniLM-L6-v2,D_char_jaccard,173,49c0d2367c5d,"manage operations, research, or logistics projects",379,55cbbefb6882,3,0.6576796650886536,0.299294650554657,2.204101324081421,0.10958904027938843,0.8571428656578064,0.6701500415802002,1
/home/jovyan/Joel_Pardo/AI4LABOUR/Mejoras/results_coursera/models/simcse_coursera_sup/sentence-transformers/all-MiniLM-L6-v2,D_char_jaccard,173,49c0d2367c5d,"manage operations, research, or logistics projects",1694,d6c8c0983834,4,0.5243180871009827,0.07631939649581909,-0.11450782418251038,0.019999999552965164,0.4285714328289032,0.9480051398277283,1
/home/jovyan/Joel_Pardo/AI4LABOUR/Mejoras/results_coursera/models/simcse_coursera_sup/sentence-transformers/all-MiniLM-L6-v2,D_char_jaccard,173,49c0d2367c5d,"manage operations, research, or logistics projects",4092,13573f8171ba,5,0.6019942045211792,0.2281564176082611,1.4643701314926147,0.22058823704719543,1.0,0.6037659645080566,1
/home/jovyan/Joel_Pardo/AI4LABOUR/Mejoras/results_coursera/models/simcse_coursera_sup/sentence-transformers/all-MiniLM-L6-v2,D_char_jaccard,173,49c0d2367c5d,"manage operations, research, or logistics projects",3596,12d4317a17e7,6,0.5545250654220581,0.18845103681087494,1.0514936447143555,0.11940298229455948,0.7142857313156128,0.6733852028846741,1
/home/jovyan/Joel_Pardo/AI4LABOUR/Mejoras/results_coursera/models/simcse_coursera_sup/sentence-transformers/all-MiniLM-L6-v2,D_char_jaccard,173,49c0d2367c5d,"manage operations, research, or logistics projects",4501,7e31f9e44f69,7,0.821690309047699,0.45359888672828674,3.8086347579956055,0.15555556118488312,0.699999988079071,0.7239060997962952,1
/home/jovyan/Joel_Pardo/AI4LABOUR/Mejoras/results_coursera/models/simcse_coursera_sup/sentence-transformers/all-MiniLM-L6-v2,D_char_jaccard,173,49c0d2367c5d,"manage operations, research, or logistics projects",3227,7165fea5801a,8,0.9294471621513367,0.45434603095054626,3.816404104232788,0.1964285671710968,0.4285714328289032,1.0,1
/home/jovyan/Joel_Pardo/AI4LABOUR/Mejoras/results_coursera/models/simcse_coursera_sup/sentence-transformers/all-MiniLM-L6-v2,D_char_jaccard,173,49c0d2367c5d,"manage operations, research, or logistics projects",4681,dddc10be00dd,9,0.5871580123901368,0.24115216732025146,1.5995064973831177,0.13725490868091583,0.4285714328289032,0.660946786403656,1
/home/jovyan/Joel_Pardo/AI4LABOUR/Mejoras/results_coursera/models/simcse_coursera_sup/sentence-transformers/all-MiniLM-L6-v2,D_char_jaccard,173,49c0d2367c5d,"manage operations, research, or logistics projects",2535,e97f0c698df9,10,0.76725994348526,0.40097665786743164,3.2614424228668213,0.08196721225976944,0.5714285969734192,0.7682943940162659,1
/home/jovyan/Joel_Pardo/AI4LABOUR/Mejoras/results_coursera/models/simcse_coursera_sup/sentence-transformers/all-MiniLM-L6-v2,D_char_jaccard,174,003763627ff4,evaluate environmental impact of operational or development activities,2999,a4a640d71221,1,1.1827588558197022,0.7112377882003784,7.712021827697754,0.28169015049934387,0.4444444477558136,1.0,1
/home/jovyan/Joel_Pardo/AI4LABOUR/Mejoras/results_coursera/models/simcse_coursera_sup/sentence-transformers/all-MiniLM-L6-v2,D_char_jaccard,174,003763627ff4,evaluate environmental impact of operational or development activities,2364,e7f8b2c6810a,2,0.5486215829849244,0.31231874227523804,3.128185987472534,0.17142857611179352,0.3333333432674408,0.3950272798538208,1
/home/jovyan/Joel_Pardo/AI4LABOUR/Mejoras/results_coursera/models/simcse_coursera_sup/sentence-transformers/all-MiniLM-L6-v2,D_char_jaccard,174,003763627ff4,evaluate environmental impact of operational or development activities,147,575ea3efc7e8,3,0.5246528565883637,0.29291093349456787,2.9051778316497803,0.13071896135807037,0.36000001430511475,0.40088316798210144,1
/home/jovyan/Joel_Pardo/AI4LABOUR/Mejoras/results_coursera/models/simcse_coursera_sup/sentence-transformers/all-MiniLM-L6-v2,D_char_jaccard,174,003763627ff4,evaluate environmental impact of operational or development activities,2233,d334de0d305d,4,0.473867803812027,0.19499781727790833,1.7800931930541992,0.125,0.3333333432674408,0.6261326670646667,0
/home/jovyan/Joel_Pardo/AI4LABOUR/Mejoras/results_coursera/models/simcse_coursera_sup/sentence-transformers/all-MiniLM-L6-v2,D_char_jaccard,174,003763627ff4,evaluate environmental impact of operational or development activities,5285,c0c14eba2f17,5,0.612940001487732,0.37114614248275757,3.8041505813598633,0.28378379344940186,0.4444444477558136,0.33935075998306274,1
/home/jovyan/Joel_Pardo/AI4LABOUR/Mejoras/results_coursera/models/simcse_coursera_sup/sentence-transformers/all-MiniLM-L6-v2,D_char_jaccard,174,003763627ff4,evaluate environmental impact of operational or development activities,3588,a6818b8d1354,6,0.5443258464336396,0.2846442461013794,2.8101882934570312,0.08849557489156723,0.8181818127632141,0.4377826154232025,1
/home/jovyan/Joel_Pardo/AI4LABOUR/Mejoras/results_coursera/models/simcse_coursera_sup/sentence-transformers/all-MiniLM-L6-v2,D_char_jaccard,174,003763627ff4,evaluate environmental impact of operational or development activities,4058,74fe0528c27f,7,0.651543664932251,0.3910294771194458,4.032622814178467,0.11578947305679321,0.6666666865348816,0.46834105253219604,1
/home/jovyan/Joel_Pardo/AI4LABOUR/Mejoras/results_coursera/models/simcse_coursera_sup/sentence-transformers/all-MiniLM-L6-v2,D_char_jaccard,174,003763627ff4,evaluate environmental impact of operational or development activities,1947,978da67e4402,8,0.45917375683784484,0.27221328020095825,2.6673483848571777,0.1195652186870575,0.7777777910232544,0.23850402235984802,1
/home/jovyan/Joel_Pardo/AI4LABOUR/Mejoras/results_coursera/models/simcse_coursera_sup/sentence-transformers/all-MiniLM-L6-v2,D_char_jaccard,174,003763627ff4,evaluate environmental impact of operational or development activities,4106,7a6199e2dfd9,9,0.4984170079231262,0.4186115264892578,4.349558353424072,0.1666666716337204,0.6000000238418579,0.0,1
/home/jovyan/Joel_Pardo/AI4LABOUR/Mejoras/results_coursera/models/simcse_coursera_sup/sentence-transformers/all-MiniLM-L6-v2,D_char_jaccard,174,003763627ff4,evaluate environmental impact of operational or development activities,2300,754666b07e71,10,0.5869954109191895,0.3671053349971771,3.757718801498413,0.12030075490474701,0.6428571343421936,0.3609563708305359,1
/home/jovyan/Joel_Pardo/AI4LABOUR/Mejoras/results_coursera/models/simcse_coursera_sup/sentence-transformers/all-MiniLM-L6-v2,D_char_jaccard,175,825fff3275ff,develop sustainable organizational policies or practices,129,dcc7f926782e,1,1.0116032838821412,0.5901696681976318,5.344537258148193,0.2542372941970825,0.4285714328289032,0.8636568188667297,1
/home/jovyan/Joel_Pardo/AI4LABOUR/Mejoras/results_coursera/models/simcse_coursera_sup/sentence-transformers/all-MiniLM-L6-v2,D_char_jaccard,175,825fff3275ff,develop sustainable organizational policies or practices,3095,250ff4c36d7a,2,0.553931474685669,0.14637491106987,0.9012393355369568,0.20000000298023224,0.5714285969734192,0.8590565323829651,0
/home/jovyan/Joel_Pardo/AI4LABOUR/Mejoras/results_coursera/models/simcse_coursera_sup/sentence-transformers/all-MiniLM-L6-v2,D_char_jaccard,175,825fff3275ff,develop sustainable organizational policies or practices,1575,992d0aad8b43,3,0.7974450469017029,0.41031476855278015,3.5438196659088135,0.21311475336551666,0.4285714328289032,0.7586362361907959,1
/home/jovyan/Joel_Pardo/AI4LABOUR/Mejoras/results_coursera/models/simcse_coursera_sup/sentence-transformers/all-MiniLM-L6-v2,D_char_jaccard,175,825fff3275ff,develop sustainable organizational policies or practices,2964,697193704b54,4,0.7783056378364563,0.3639066517353058,3.079179048538208,0.1355932205915451,0.4285714328289032,0.8636568188667297,1
/home/jovyan/Joel_Pardo/AI4LABOUR/Mejoras/results_coursera/models/simcse_coursera_sup/sentence-transformers/all-MiniLM-L6-v2,D_char_jaccard,175,825fff3275ff,develop sustainable organizational policies or practices,3586,f77f2bcecc27,5,0.5934591174125672,0.315340518951416,2.5929322242736816,0.11650485545396805,0.875,0.46694111824035645,1
/home/jovyan/Joel_Pardo/AI4LABOUR/Mejoras/results_coursera/models/simcse_coursera_sup/sentence-transformers/all-MiniLM-L6-v2,D_char_jaccard,175,825fff3275ff,develop sustainable organizational policies or practices,3592,fd4ea4fecf63,6,0.6684228658676148,0.30522042512893677,2.4916093349456787,0.0923076942563057,0.5714285969734192,0.7301903367042542,1
/home/jovyan/Joel_Pardo/AI4LABOUR/Mejoras/results_coursera/models/simcse_coursera_sup/sentence-transformers/all-MiniLM-L6-v2,D_char_jaccard,175,825fff3275ff,develop sustainable organizational policies or practices,2976,333e029b0118,7,0.5187104523181916,0.24627265334129333,1.9014209508895874,0.1473684161901474,0.7777777910232544,0.42833513021469116,1
/home/jovyan/Joel_Pardo/AI4LABOUR/Mejoras/results_coursera/models/simcse_coursera_sup/sentence-transformers/all-MiniLM-L6-v2,D_char_jaccard,175,825fff3275ff,develop sustainable organizational policies or practices,3766,94c75e9264bf,8,0.5493183314800263,0.24680888652801514,1.906789779663086,0.024390242993831635,1.0,0.5527319312095642,1
/home/jovyan/Joel_Pardo/AI4LABOUR/Mejoras/results_coursera/models/simcse_coursera_sup/sentence-transformers/all-MiniLM-L6-v2,D_char_jaccard,175,825fff3275ff,develop sustainable organizational policies or practices,4743,80198c4e31ae,9,0.5797244906425476,0.24897557497024536,1.9284827709197998,0.12121212482452393,0.5714285969734192,0.7419300079345703,0
/home/jovyan/Joel_Pardo/AI4LABOUR/Mejoras/results_coursera/models/simcse_coursera_sup/sentence-transformers/all-MiniLM-L6-v2,D_char_jaccard,175,825fff3275ff,develop sustainable organizational policies or practices,2152,b0b4728d5bc0,10,0.6875272274017334,0.36314481496810913,3.071551561355591,0.07594936341047287,0.7142857313156128,0.6399881839752197,1
/home/jovyan/Joel_Pardo/AI4LABOUR/Mejoras/results_coursera/models/simcse_coursera_sup/sentence-transformers/all-MiniLM-L6-v2,D_char_jaccard,176,62eda05f366c,identify opportunities for green initiatives,2875,38cb82650562,1,0.9428754329681397,0.5514864921569824,5.9132232666015625,0.07999999821186066,0.5,0.8788440227508545,1
/home/jovyan/Joel_Pardo/AI4LABOUR/Mejoras/results_coursera/models/simcse_coursera_sup/sentence-transformers/all-MiniLM-L6-v2,D_char_jaccard,176,62eda05f366c,identify opportunities for green initiatives,2086,d3c09cf6632a,2,0.6380717039108277,0.19230535626411438,1.649183750152588,0.25641027092933655,0.6000000238418579,0.8022356629371643,1
/home/jovyan/Joel_Pardo/AI4LABOUR/Mejoras/results_coursera/models/simcse_coursera_sup/sentence-transformers/all-MiniLM-L6-v2,D_char_jaccard,176,62eda05f366c,identify opportunities for green initiatives,2121,fe0479069367,3,0.4777888536453247,0.1260097175836563,0.8621512055397034,0.12962962687015533,0.6666666865348816,0.6215984225273132,1
/home/jovyan/Joel_Pardo/AI4LABOUR/Mejoras/results_coursera/models/simcse_coursera_sup/sentence-transformers/all-MiniLM-L6-v2,D_char_jaccard,176,62eda05f366c,identify opportunities for green initiatives,2384,9f0afa80bca1,4,0.8128951668739319,0.48725736141204834,5.150723457336426,0.1599999964237213,0.8571428656578064,0.6037659645080566,1
/home/jovyan/Joel_Pardo/AI4LABOUR/Mejoras/results_coursera/models/simcse_coursera_sup/sentence-transformers/all-MiniLM-L6-v2,D_char_jaccard,176,62eda05f366c,identify opportunities for green initiatives,4989,f216a9fa6c2b,5,0.6071192502975464,0.33583348989486694,3.353086233139038,0.1547619104385376,0.6000000238418579,0.4654465913772583,1
/home/jovyan/Joel_Pardo/AI4LABOUR/Mejoras/results_coursera/models/simcse_coursera_sup/sentence-transformers/all-MiniLM-L6-v2,D_char_jaccard,176,62eda05f366c,identify opportunities for green initiatives,4875,65b169807624,6,0.5340914905071259,0.3008355498313904,2.9376063346862793,0.0422535203397274,0.8333333134651184,0.4027736485004425,1
/home/jovyan/Joel_Pardo/AI4LABOUR/Mejoras/results_coursera/models/simcse_coursera_sup/sentence-transformers/all-MiniLM-L6-v2,D_char_jaccard,176,62eda05f366c,identify opportunities for green initiatives,4069,2bfbc5fe989c,7,0.5006225883960724,0.19115957617759705,1.635581612586975,0.13846154510974884,1.0,0.48490890860557556,1
/home/jovyan/Joel_Pardo/AI4LABOUR/Mejoras/results_coursera/models/simcse_coursera_sup/sentence-transformers/all-MiniLM-L6-v2,D_char_jaccard,176,62eda05f366c,identify opportunities for green initiatives,1035,edc43b8b5f6f,8,0.453391033411026,0.18744121491909027,1.5914386510849,0.07017543911933899,0.6666666865348816,0.4595419466495514,1
/home/jovyan/Joel_Pardo/AI4LABOUR/Mejoras/results_coursera/models/simcse_coursera_sup/sentence-transformers/all-MiniLM-L6-v2,D_char_jaccard,176,62eda05f366c,identify opportunities for green initiatives,4445,e3eed12186f1,9,0.4150551736354828,0.36149919033050537,3.657778024673462,0.05882352963089943,0.5,0.0,1
/home/jovyan/Joel_Pardo/AI4LABOUR/Mejoras/results_coursera/models/simcse_coursera_sup/sentence-transformers/all-MiniLM-L6-v2,D_char_jaccard,176,62eda05f366c,identify opportunities for green initiatives,2436,ab61345d6450,10,0.5911978960037232,0.25391489267349243,2.380584955215454,0.12280701845884323,0.6666666865348816,0.6215984225273132,1
/home/jovyan/Joel_Pardo/AI4LABOUR/Mejoras/results_coursera/models/simcse_coursera_sup/sentence-transformers/all-MiniLM-L6-v2,D_char_jaccard,177,ff18586218d4,estimate cost or material requirements,1649,bd1d85f33bd2,1,1.2132440090179444,0.7508267164230347,8.152023315429688,0.25,0.5,1.0,1
/home/jovyan/Joel_Pardo/AI4LABOUR/Mejoras/results_coursera/models/simcse_coursera_sup/sentence-transformers/all-MiniLM-L6-v2,D_char_jaccard,177,ff18586218d4,estimate cost or material requirements,2355,221146bfcce6,2,0.5926967740058899,0.29670605063438416,2.8672451972961426,0.17073170840740204,0.5,0.5199460983276367,1
/home/jovyan/Joel_Pardo/AI4LABOUR/Mejoras/results_coursera/models/simcse_coursera_sup/sentence-transformers/all-MiniLM-L6-v2,D_char_jaccard,177,ff18586218d4,estimate cost or material requirements,3981,c3c0e3736c09,3,0.6207242488861084,0.3135235905647278,3.062957525253296,0.2750000059604645,0.5,0.48700761795043945,1
/home/jovyan/Joel_Pardo/AI4LABOUR/Mejoras/results_coursera/models/simcse_coursera_sup/sentence-transformers/all-MiniLM-L6-v2,D_char_jaccard,177,ff18586218d4,estimate cost or material requirements,4306,01c767aac2ad,4,0.39935948252677916,0.35148847103118896,3.5047695636749268,0.02298850566148758,0.5454545617103577,0.0,1
/home/jovyan/Joel_Pardo/AI4LABOUR/Mejoras/results_coursera/models/simcse_coursera_sup/sentence-transformers/all-MiniLM-L6-v2,D_char_jaccard,177,ff18586218d4,estimate cost or material requirements,5121,ff58dfe7d5e6,5,0.4021784245967865,0.36353158950805664,3.6449198722839355,0.0,0.5,0.0,1
/home/jovyan/Joel_Pardo/AI4LABOUR/Mejoras/results_coursera/models/simcse_coursera_sup/sentence-transformers/all-MiniLM-L6-v2,D_char_jaccard,177,ff18586218d4,estimate cost or material requirements,2562,2bf6a78010f9,6,0.5470377087593079,0.3813197612762451,3.8519277572631836,0.09589041024446487,0.75,0.23094329237937927,1
/home/jovyan/Joel_Pardo/AI4LABOUR/Mejoras/results_coursera/models/simcse_coursera_sup/sentence-transformers/all-MiniLM-L6-v2,D_char_jaccard,177,ff18586218d4,estimate cost or material requirements,2098,fdf6f5dbede6,7,0.6851088285446167,0.4010644257068634,4.081704139709473,0.21739129722118378,0.5,0.48700761795043945,1
/home/jovyan/Joel_Pardo/AI4LABOUR/Mejoras/results_coursera/models/simcse_coursera_sup/sentence-transformers/all-MiniLM-L6-v2,D_char_jaccard,177,ff18586218d4,estimate cost or material requirements,5082,12408b06820b,8,0.4063780188560486,0.31483522057533264,3.078221559524536,0.09210526198148727,1.0,0.0,1
/home/jovyan/Joel_Pardo/AI4LABOUR/Mejoras/results_coursera/models/simcse_coursera_sup/sentence-transformers/all-MiniLM-L6-v2,D_char_jaccard,177,ff18586218d4,estimate cost or material requirements,4972,120d6106bcc8,9,0.41910074949264525,0.3684452772140503,3.7021024227142334,0.0,0.75,0.0,1
/home/jovyan/Joel_Pardo/AI4LABOUR/Mejoras/results_coursera/models/simcse_coursera_sup/sentence-transformers/all-MiniLM-L6-v2,D_char_jaccard,177,ff18586218d4,estimate cost or material requirements,2669,5cbdfa772103,10,0.4273486316204071,0.3681907057762146,3.6991398334503174,0.017241379246115685,0.8333333134651184,0.0,1
/home/jovyan/Joel_Pardo/AI4LABOUR/Mejoras/results_coursera/models/simcse_coursera_sup/sentence-transformers/all-MiniLM-L6-v2,D_char_jaccard,178,78b65ab85b19,manage inventories of products or organizational resources,4100,9acc1e5cd5a6,1,0.8870872139930726,0.4737563729286194,4.308262348175049,0.24193547666072845,0.375,0.828681468963623,1
/home/jovyan/Joel_Pardo/AI4LABOUR/Mejoras/results_coursera/models/simcse_coursera_sup/sentence-transformers/all-MiniLM-L6-v2,D_char_jaccard,178,78b65ab85b19,manage inventories of products or organizational resources,4346,dc00b108ce90,2,0.7257399439811707,0.3754577338695526,3.2444465160369873,0.15730337798595428,0.875,0.6368804574012756,1
/home/jovyan/Joel_Pardo/AI4LABOUR/Mejoras/results_coursera/models/simcse_coursera_sup/sentence-transformers/all-MiniLM-L6-v2,D_char_jaccard,178,78b65ab85b19,manage inventories of products or organizational resources,2874,656114a38931,3,0.6750154376029969,0.2199239432811737,1.5612150430679321,0.16949152946472168,0.375,0.9149025082588196,1
/home/jovyan/Joel_Pardo/AI4LABOUR/Mejoras/results_coursera/models/simcse_coursera_sup/sentence-transformers/all-MiniLM-L6-v2,D_char_jaccard,178,78b65ab85b19,manage inventories of products or organizational resources,2535,e97f0c698df9,4,0.7807657599449158,0.4038630425930023,3.551856756210327,0.07246376574039459,0.5,0.8104327917098999,1
/home/jovyan/Joel_Pardo/AI4LABOUR/Mejoras/results_coursera/models/simcse_coursera_sup/sentence-transformers/all-MiniLM-L6-v2,D_char_jaccard,178,78b65ab85b19,manage inventories of products or organizational resources,2067,9c7403fc6e17,5,0.7507083892822266,0.3166816830635071,2.6083550453186035,0.11290322244167328,0.5,0.9061728715896606,1
/home/jovyan/Joel_Pardo/AI4LABOUR/Mejoras/results_coursera/models/simcse_coursera_sup/sentence-transformers/all-MiniLM-L6-v2,D_char_jaccard,178,78b65ab85b19,manage inventories of products or organizational resources,690,32402d5443a6,6,0.5519175410270691,0.29938578605651855,2.4211738109588623,0.12037037312984467,0.5714285969734192,0.4345157742500305,1
/home/jovyan/Joel_Pardo/AI4LABOUR/Mejoras/results_coursera/models/simcse_coursera_sup/sentence-transformers/all-MiniLM-L6-v2,D_char_jaccard,178,78b65ab85b19,manage inventories of products or organizational resources,4501,7e31f9e44f69,7,0.6162948608398438,0.3135432302951813,2.574389934539795,0.10891088843345642,0.800000011920929,0.6671955585479736,0
/home/jovyan/Joel_Pardo/AI4LABOUR/Mejoras/results_coursera/models/simcse_coursera_sup/sentence-transformers/all-MiniLM-L6-v2,D_char_jaccard,178,78b65ab85b19,manage inventories of products or organizational resources,4081,435a23f8a445,8,0.4846044957637787,0.24374638497829437,1.819028377532959,0.0824742242693901,0.7272727489471436,0.39562636613845825,1
/home/jovyan/Joel_Pardo/AI4LABOUR/Mejoras/results_coursera/models/simcse_coursera_sup/sentence-transformers/all-MiniLM-L6-v2,D_char_jaccard,178,78b65ab85b19,manage inventories of products or organizational resources,1293,2c9ee3397278,9,0.59012770652771,0.24237537384033203,1.8041908740997314,0.1304347813129425,0.5,0.7859529852867126,0
/home/jovyan/Joel_Pardo/AI4LABOUR/Mejoras/results_coursera/models/simcse_coursera_sup/sentence-transformers/all-MiniLM-L6-v2,D_char_jaccard,178,78b65ab85b19,manage inventories of products or organizational resources,2336,a486ea676cd5,10,0.5971116304397583,0.2824980616569519,2.238409996032715,0.08510638028383255,0.875,0.5695919990539551,1
/home/jovyan/Joel_Pardo/AI4LABOUR/Mejoras/results_coursera/models/simcse_coursera_sup/sentence-transformers/all-MiniLM-L6-v2,D_char_jaccard,179,6a5f3442d709,monitor performance of organizational members or partners,2528,9fb8b881e40a,1,0.968193519115448,0.44715166091918945,4.413819789886475,0.3380281627178192,0.625,1.0,1
/home/jovyan/Joel_Pardo/AI4LABOUR/Mejoras/results_coursera/models/simcse_coursera_sup/sentence-transformers/all-MiniLM-L6-v2,D_char_jaccard,179,6a5f3442d709,monitor performance of organizational members or partners,860,fa8ac4b1b38c,2,0.7706058502197266,0.3127257823944092,2.838855266571045,0.08771929889917374,0.375,0.9961820244789124,1
/home/jovyan/Joel_Pardo/AI4LABOUR/Mejoras/results_coursera/models/simcse_coursera_sup/sentence-transformers/all-MiniLM-L6-v2,D_char_jaccard,179,6a5f3442d709,monitor performance of organizational members or partners,716,dfa5c751f089,3,0.5180362343788147,0.19451600313186646,1.4538823366165161,0.17741934955120087,0.5,0.5590424537658691,1
/home/jovyan/Joel_Pardo/AI4LABOUR/Mejoras/results_coursera/models/simcse_coursera_sup/sentence-transformers/all-MiniLM-L6-v2,D_char_jaccard,179,6a5f3442d709,monitor performance of organizational members or partners,682,b4837b36e1b6,4,0.4274389922618866,0.247984379529953,2.0803301334381104,0.03750000149011612,0.75,0.26844513416290283,1
/home/jovyan/Joel_Pardo/AI4LABOUR/Mejoras/results_coursera/models/simcse_coursera_sup/sentence-transformers/all-MiniLM-L6-v2,D_char_jaccard,179,6a5f3442d709,monitor performance of organizational members or partners,140,1b6f29f96686,5,0.6026379942893982,0.3801480531692505,3.6287901401519775,0.17757008969783783,0.800000011920929,0.31528058648109436,1
/home/jovyan/Joel_Pardo/AI4LABOUR/Mejoras/results_coursera/models/simcse_coursera_sup/sentence-transformers/all-MiniLM-L6-v2,D_char_jaccard,179,6a5f3442d709,monitor performance of organizational members or partners,4169,2847ad11d5b0,6,0.5038112878799439,0.14457009732723236,0.8687046766281128,0.1785714328289032,0.375,0.6507632732391357,1
/home/jovyan/Joel_Pardo/AI4LABOUR/Mejoras/results_coursera/models/simcse_coursera_sup/sentence-transformers/all-MiniLM-L6-v2,D_char_jaccard,179,6a5f3442d709,monitor performance of organizational members or partners,2908,5ebafb320c0f,7,0.7221176505088807,0.41654396057128906,4.05521297454834,0.1944444477558136,0.5,0.5590424537658691,1
/home/jovyan/Joel_Pardo/AI4LABOUR/Mejoras/results_coursera/models/simcse_coursera_sup/sentence-transformers/all-MiniLM-L6-v2,D_char_jaccard,179,6a5f3442d709,monitor performance of organizational members or partners,4099,86bf8f8ad819,8,0.6982298374176026,0.32766062021255493,3.0138354301452637,0.2545454502105713,0.375,0.6773722171783447,1
/home/jovyan/Joel_Pardo/AI4LABOUR/Mejoras/results_coursera/models/simcse_coursera_sup/sentence-transformers/all-MiniLM-L6-v2,D_char_jaccard,179,6a5f3442d709,monitor performance of organizational members or partners,3569,b90a5f932e75,9,0.6086100220680237,0.34186580777168274,3.1802666187286377,0.10185185074806213,0.800000011920929,0.4636695683002472,1
/home/jovyan/Joel_Pardo/AI4LABOUR/Mejoras/results_coursera/models/simcse_coursera_sup/sentence-transformers/all-MiniLM-L6-v2,D_char_jaccard,179,6a5f3442d709,monitor performance of organizational members or partners,3516,afe8a26918ff,10,0.4400920748710632,0.3770684003829956,3.5927083492279053,0.07792207598686218,0.625,0.0,1
/home/jovyan/Joel_Pardo/AI4LABOUR/Mejoras/results_coursera/models/simcse_coursera_sup/sentence-transformers/all-MiniLM-L6-v2,D_char_jaccard,180,893bb3cbc01a,"evaluate potential of products, technologies, or resources",2538,2e87930e5533,1,0.7828054904937745,0.3915328085422516,3.3044238090515137,0.16417910158634186,0.5,0.7859529852867126,1
/home/jovyan/Joel_Pardo/AI4LABOUR/Mejoras/results_coursera/models/simcse_coursera_sup/sentence-transformers/all-MiniLM-L6-v2,D_char_jaccard,180,893bb3cbc01a,"evaluate potential of products, technologies, or resources",1337,284a65d8619b,2,0.4881418228149414,0.23312804102897644,1.5636420249938965,0.1339285671710968,0.6666666865348816,0.4037778079509735,1
/home/jovyan/Joel_Pardo/AI4LABOUR/Mejoras/results_coursera/models/simcse_coursera_sup/sentence-transformers/all-MiniLM-L6-v2,D_char_jaccard,180,893bb3cbc01a,"evaluate potential of products, technologies, or resources",4346,dc00b108ce90,3,0.6284810781478882,0.26739227771759033,1.9401873350143433,0.15730337798595428,0.875,0.6368804574012756,1
/home/jovyan/Joel_Pardo/AI4LABOUR/Mejoras/results_coursera/models/simcse_coursera_sup/sentence-transformers/all-MiniLM-L6-v2,D_char_jaccard,180,893bb3cbc01a,"evaluate potential of products, technologies, or resources",3588,a6818b8d1354,4,0.551029622554779,0.22845301032066345,1.5122660398483276,0.14141413569450378,0.7272727489471436,0.6842618584632874,0
/home/jovyan/Joel_Pardo/AI4LABOUR/Mejoras/results_coursera/models/simcse_coursera_sup/sentence-transformers/all-MiniLM-L6-v2,D_char_jaccard,180,893bb3cbc01a,"evaluate potential of products, technologies, or resources",4957,25aa304c3c46,5,0.6677942156791687,0.2174551784992218,1.3914058208465576,0.13846154510974884,0.5,0.9061728715896606,1
/home/jovyan/Joel_Pardo/AI4LABOUR/Mejoras/results_coursera/models/simcse_coursera_sup/sentence-transformers/all-MiniLM-L6-v2,D_char_jaccard,180,893bb3cbc01a,"evaluate potential of products, technologies, or resources",967,39e5c9db8d25,6,0.4855676472187042,0.25797122716903687,1.8366551399230957,0.03999999910593033,0.5,0.4209839105606079,1
/home/jovyan/Joel_Pardo/AI4LABOUR/Mejoras/results_coursera/models/simcse_coursera_sup/sentence-transformers/all-MiniLM-L6-v2,D_char_jaccard,180,893bb3cbc01a,"evaluate potential of products, technologies, or resources",2711,503d79134f44,7,0.6385206580162048,0.19141513109207153,1.1052398681640625,0.22413793206214905,0.375,0.9786563515663147,0
/home/jovyan/Joel_Pardo/AI4LABOUR/Mejoras/results_coursera/models/simcse_coursera_sup/sentence-transformers/all-MiniLM-L6-v2,D_char_jaccard,180,893bb3cbc01a,"evaluate potential of products, technologies, or resources",4307,b8e65bafd54b,8,0.5244810163974762,0.40237462520599365,3.423569440841675,0.09909909963607788,0.5,0.15642274916172028,1
/home/jovyan/Joel_Pardo/AI4LABOUR/Mejoras/results_coursera/models/simcse_coursera_sup/sentence-transformers/all-MiniLM-L6-v2,D_char_jaccard,180,893bb3cbc01a,"evaluate potential of products, technologies, or resources",3212,d8505c1983d9,9,0.508589643239975,0.2689395844936371,1.9571913480758667,0.08771929889917374,0.7272727489471436,0.39562636613845825,1
/home/jovyan/Joel_Pardo/AI4LABOUR/Mejoras/results_coursera/models/simcse_coursera_sup/sentence-transformers/all-MiniLM-L6-v2,D_char_jaccard,180,893bb3cbc01a,"evaluate potential of products, technologies, or resources",3059,49fffd4c8845,10,0.4673256754875183,0.20434258878231049,1.2473056316375732,0.03703703731298447,0.875,0.4510202705860138,1
/home/jovyan/Joel_Pardo/AI4LABOUR/Mejoras/results_coursera/models/simcse_coursera_sup/sentence-transformers/all-MiniLM-L6-v2,D_char_jaccard,181,49ccfbfcfc0a,analyze chemical compounds or substances,3804,f02b8c39d3be,1,1.0435722947120667,0.5873026251792908,6.510428428649902,0.1599999964237213,0.5,1.0,1
/home/jovyan/Joel_Pardo/AI4LABOUR/Mejoras/results_coursera/models/simcse_coursera_sup/sentence-transformers/all-MiniLM-L6-v2,D_char_jaccard,181,49ccfbfcfc0a,analyze chemical compounds or substances,5276,24d301adf7f0,2,0.44575371146202086,0.1739533245563507,1.4799727201461792,0.11249999701976776,0.75,0.4339267909526825,1
/home/jovyan/Joel_Pardo/AI4LABOUR/Mejoras/results_coursera/models/simcse_coursera_sup/sentence-transformers/all-MiniLM-L6-v2,D_char_jaccard,181,49ccfbfcfc0a,analyze chemical compounds or substances,2384,9f0afa80bca1,3,0.3804955780506134,0.13826459646224976,1.0456414222717285,0.08974359184503555,0.8571428656578064,0.47691094875335693,0
/home/jovyan/Joel_Pardo/AI4LABOUR/Mejoras/results_coursera/models/simcse_coursera_sup/sentence-transformers/all-MiniLM-L6-v2,D_char_jaccard,181,49ccfbfcfc0a,analyze chemical compounds or substances,3707,ae14f32b277d,4,0.35130974650382996,0.11776939034461975,0.7962149977684021,0.13698630034923553,0.75,0.4339267909526825,0
/home/jovyan/Joel_Pardo/AI4LABOUR/Mejoras/results_coursera/models/simcse_coursera_sup/sentence-transformers/all-MiniLM-L6-v2,D_char_jaccard,181,49ccfbfcfc0a,analyze chemical compounds or substances,1694,d6c8c0983834,5,0.35967594385147095,-0.023756708949804306,-0.9261558055877686,0.02380952425301075,0.5,0.8752614855766296,0
/home/jovyan/Joel_Pardo/AI4LABOUR/Mejoras/results_coursera/models/simcse_coursera_sup/sentence-transformers/all-MiniLM-L6-v2,D_char_jaccard,181,49ccfbfcfc0a,analyze chemical compounds or substances,1452,41db1b32b4b9,6,0.5131427049636841,0.22685417532920837,2.1237754821777344,0.11764705926179886,0.8333333134651184,0.5947388410568237,0
/home/jovyan/Joel_Pardo/AI4LABOUR/Mejoras/results_coursera/models/simcse_coursera_sup/sentence-transformers/all-MiniLM-L6-v2,D_char_jaccard,181,49ccfbfcfc0a,analyze chemical compounds or substances,2017,067ed7e7a5e2,7,0.3484655797481537,0.23639032244682312,2.239830255508423,0.1428571492433548,1.0,0.0,1
/home/jovyan/Joel_Pardo/AI4LABOUR/Mejoras/results_coursera/models/simcse_coursera_sup/sentence-transformers/all-MiniLM-L6-v2,D_char_jaccard,181,49ccfbfcfc0a,analyze chemical compounds or substances,1337,284a65d8619b,8,0.37104740738868713,0.20291568338871002,1.8324443101882935,0.0882352963089943,0.5,0.35341116786003113,0
/home/jovyan/Joel_Pardo/AI4LABOUR/Mejoras/results_coursera/models/simcse_coursera_sup/sentence-transformers/all-MiniLM-L6-v2,D_char_jaccard,181,49ccfbfcfc0a,analyze chemical compounds or substances,3814,55c7fc3d9a9c,9,0.3661254644393921,0.18846629559993744,1.6565954685211182,0.07777778059244156,0.6000000238418579,0.36765336990356445,0
/home/jovyan/Joel_Pardo/AI4LABOUR/Mejoras/results_coursera/models/simcse_coursera_sup/sentence-transformers/all-MiniLM-L6-v2,D_char_jaccard,181,49ccfbfcfc0a,analyze chemical compounds or substances,2722,ad379e9038a2,10,0.3709630250930786,0.33810704946517944,3.4777214527130127,0.0,0.3333333432674408,0.0,1
/home/jovyan/Joel_Pardo/AI4LABOUR/Mejoras/results_coursera/models/simcse_coursera_sup/sentence-transformers/all-MiniLM-L6-v2,D_char_jaccard,182,8729852fc4b8,develop new or advanced products or production methods,75,eccdaab2ae71,1,0.9896986961364747,0.6905453205108643,6.800889015197754,0.25,0.4444444477558136,0.5837141871452332,1
/home/jovyan/Joel_Pardo/AI4LABOUR/Mejoras/results_coursera/models/simcse_coursera_sup/sentence-transformers/all-MiniLM-L6-v2,D_char_jaccard,182,8729852fc4b8,develop new or advanced products or production methods,83,09a461e089fd,2,0.439898806810379,0.13675454258918762,0.7087706923484802,0.1428571492433548,0.4444444477558136,0.522208034992218,1
/home/jovyan/Joel_Pardo/AI4LABOUR/Mejoras/results_coursera/models/simcse_coursera_sup/sentence-transformers/all-MiniLM-L6-v2,D_char_jaccard,182,8729852fc4b8,develop new or advanced products or production methods,301,b3202b182771,3,0.7618295431137085,0.25388461351394653,1.9972901344299316,0.2222222238779068,0.5555555820465088,1.0,1
/home/jovyan/Joel_Pardo/AI4LABOUR/Mejoras/results_coursera/models/simcse_coursera_sup/sentence-transformers/all-MiniLM-L6-v2,D_char_jaccard,182,8729852fc4b8,develop new or advanced products or production methods,3675,57ba1640f8f0,4,0.698496687412262,0.3364677131175995,2.9057669639587402,0.16363635659217834,0.3333333432674408,0.7202499508857727,1
/home/jovyan/Joel_Pardo/AI4LABOUR/Mejoras/results_coursera/models/simcse_coursera_sup/sentence-transformers/all-MiniLM-L6-v2,D_char_jaccard,182,8729852fc4b8,develop new or advanced products or production methods,4309,e1cc24239d78,5,0.49738611578941344,0.2759811580181122,2.2403688430786133,0.10588235408067703,1.0,0.30633115768432617,1
/home/jovyan/Joel_Pardo/AI4LABOUR/Mejoras/results_coursera/models/simcse_coursera_sup/sentence-transformers/all-MiniLM-L6-v2,D_char_jaccard,182,8729852fc4b8,develop new or advanced products or production methods,4874,97baaed1a0ba,6,0.6024782538414002,0.295260488986969,2.45245623588562,0.1964285671710968,0.4444444477558136,0.5385361313819885,1
/home/jovyan/Joel_Pardo/AI4LABOUR/Mejoras/results_coursera/models/simcse_coursera_sup/sentence-transformers/all-MiniLM-L6-v2,D_char_jaccard,182,8729852fc4b8,develop new or advanced products or production methods,3608,6f667a1cbbc5,7,0.6348256349563599,0.3197452127933502,2.721806764602661,0.1489361673593521,0.3333333432674408,0.6078855395317078,1
/home/jovyan/Joel_Pardo/AI4LABOUR/Mejoras/results_coursera/models/simcse_coursera_sup/sentence-transformers/all-MiniLM-L6-v2,D_char_jaccard,182,8729852fc4b8,develop new or advanced products or production methods,1117,3479e025b0d4,8,0.5558267116546631,0.25169265270233154,1.9731769561767578,0.1666666716337204,0.4444444477558136,0.5385361313819885,1
/home/jovyan/Joel_Pardo/AI4LABOUR/Mejoras/results_coursera/models/simcse_coursera_sup/sentence-transformers/all-MiniLM-L6-v2,D_char_jaccard,182,8729852fc4b8,develop new or advanced products or production methods,3592,fd4ea4fecf63,9,0.4638148248195648,0.20557303726673126,1.465826392173767,0.1071428582072258,0.4444444477558136,0.5744779109954834,0
/home/jovyan/Joel_Pardo/AI4LABOUR/Mejoras/results_coursera/models/simcse_coursera_sup/sentence-transformers/all-MiniLM-L6-v2,D_char_jaccard,182,8729852fc4b8,develop new or advanced products or production methods,437,3170a26b09e0,10,0.5075036466121674,0.26562875509262085,2.1264846324920654,0.09302325546741486,1.0,0.36295485496520996,1
/home/jovyan/Joel_Pardo/AI4LABOUR/Mejoras/results_coursera/models/simcse_coursera_sup/sentence-transformers/all-MiniLM-L6-v2,D_char_jaccard,183,ff9c96c6d776,collaborate on research activities with scientists or technical specialists,3215,d4793dfe8103,1,0.8816383957862854,0.42646437883377075,4.032370567321777,0.1489361673593521,0.699999988079071,0.9389658570289612,1
/home/jovyan/Joel_Pardo/AI4LABOUR/Mejoras/results_coursera/models/simcse_coursera_sup/sentence-transformers/all-MiniLM-L6-v2,D_char_jaccard,183,ff9c96c6d776,collaborate on research activities with scientists or technical specialists,1417,3432f1a88aa3,2,0.6578026294708252,0.308063268661499,2.6687488555908203,0.14666666090488434,0.30000001192092896,0.6971974968910217,1
/home/jovyan/Joel_Pardo/AI4LABOUR/Mejoras/results_coursera/models/simcse_coursera_sup/sentence-transformers/all-MiniLM-L6-v2,D_char_jaccard,183,ff9c96c6d776,collaborate on research activities with scientists or technical specialists,3309,68232321735d,3,0.5955809235572815,0.30671021342277527,2.653165817260742,0.07058823853731155,0.4000000059604645,0.5797367095947266,1
/home/jovyan/Joel_Pardo/AI4LABOUR/Mejoras/results_coursera/models/simcse_coursera_sup/sentence-transformers/all-MiniLM-L6-v2,D_char_jaccard,183,ff9c96c6d776,collaborate on research activities with scientists or technical specialists,1676,4abb63e41447,4,0.5386716723442078,0.17252753674983978,1.1077880859375,0.10843373835086823,0.4000000059604645,0.8407211303710938,0
/home/jovyan/Joel_Pardo/AI4LABOUR/Mejoras/results_coursera/models/simcse_coursera_sup/sentence-transformers/all-MiniLM-L6-v2,D_char_jaccard,183,ff9c96c6d776,collaborate on research activities with scientists or technical specialists,1800,bd60ddc5bb14,5,0.611887800693512,0.33120930194854736,2.9353208541870117,0.0476190485060215,0.4000000059604645,0.5797367095947266,1
/home/jovyan/Joel_Pardo/AI4LABOUR/Mejoras/results_coursera/models/simcse_coursera_sup/sentence-transformers/all-MiniLM-L6-v2,D_char_jaccard,183,ff9c96c6d776,collaborate on research activities with scientists or technical specialists,2658,a55b33933d49,6,0.5723196744918824,0.3064914643764496,2.650646448135376,0.0729166641831398,0.5,0.5081204771995544,1
/home/jovyan/Joel_Pardo/AI4LABOUR/Mejoras/results_coursera/models/simcse_coursera_sup/sentence-transformers/all-MiniLM-L6-v2,D_char_jaccard,183,ff9c96c6d776,collaborate on research activities with scientists or technical specialists,4899,ee82dbf27ce1,7,0.553482460975647,0.2036529779434204,1.4662588834762573,0.10526315867900848,0.30000001192092896,0.6971974968910217,1
/home/jovyan/Joel_Pardo/AI4LABOUR/Mejoras/results_coursera/models/simcse_coursera_sup/sentence-transformers/all-MiniLM-L6-v2,D_char_jaccard,183,ff9c96c6d776,collaborate on research activities with scientists or technical specialists,3779,3fcaa173f4f9,8,0.6370382189750672,0.23276346921920776,1.8015234470367432,0.14423076808452606,0.800000011920929,0.7537335157394409,1
/home/jovyan/Joel_Pardo/AI4LABOUR/Mejoras/results_coursera/models/simcse_coursera_sup/sentence-transformers/all-MiniLM-L6-v2,D_char_jaccard,183,ff9c96c6d776,collaborate on research activities with scientists or technical specialists,1047,aa556f470629,9,0.6605413436889649,0.2498234510421753,1.9980027675628662,0.11764705926179886,0.4000000059604645,0.8407211303710938,1
/home/jovyan/Joel_Pardo/AI4LABOUR/Mejoras/results_coursera/models/simcse_coursera_sup/sentence-transformers/all-MiniLM-L6-v2,D_char_jaccard,183,ff9c96c6d776,collaborate on research activities with scientists or technical specialists,4501,7e31f9e44f69,10,0.6271076083183289,0.4181065559387207,3.9361138343811035,0.08403361588716507,1.0,0.3245082199573517,1
/home/jovyan/Joel_Pardo/AI4LABOUR/Mejoras/results_coursera/models/simcse_coursera_sup/sentence-transformers/all-MiniLM-L6-v2,D_char_jaccard,184,389dd43f303d,supervise scientific or technical personnel,3978,6918d9132472,1,1.0457943558692933,0.5897715091705322,6.170581817626953,0.1599999964237213,0.5,1.0,1
/home/jovyan/Joel_Pardo/AI4LABOUR/Mejoras/results_coursera/models/simcse_coursera_sup/sentence-transformers/all-MiniLM-L6-v2,D_char_jaccard,184,389dd43f303d,supervise scientific or technical personnel,3337,77c74b3d95ae,2,0.6402701616287232,0.25030481815338135,2.1099181175231934,0.16393442451953888,0.8333333134651184,0.7058637142181396,1
/home/jovyan/Joel_Pardo/AI4LABOUR/Mejoras/results_coursera/models/simcse_coursera_sup/sentence-transformers/all-MiniLM-L6-v2,D_char_jaccard,184,389dd43f303d,supervise scientific or technical personnel,4184,1a65e7830d95,3,0.7319135546684266,0.362564355134964,3.452754497528076,0.1666666716337204,0.5,0.7223473191261292,1
/home/jovyan/Joel_Pardo/AI4LABOUR/Mejoras/results_coursera/models/simcse_coursera_sup/sentence-transformers/all-MiniLM-L6-v2,D_char_jaccard,184,389dd43f303d,supervise scientific or technical personnel,1694,d6c8c0983834,4,0.3816908001899719,0.02532445453107357,-0.5812726020812988,0.022727273404598236,0.5,0.8205423951148987,0
/home/jovyan/Joel_Pardo/AI4LABOUR/Mejoras/results_coursera/models/simcse_coursera_sup/sentence-transformers/all-MiniLM-L6-v2,D_char_jaccard,184,389dd43f303d,supervise scientific or technical personnel,4183,3d50ffa95952,5,0.6409524559974671,0.28142422437667847,2.4821650981903076,0.22448979318141937,0.6666666865348816,0.6205371618270874,1
/home/jovyan/Joel_Pardo/AI4LABOUR/Mejoras/results_coursera/models/simcse_coursera_sup/sentence-transformers/all-MiniLM-L6-v2,D_char_jaccard,184,389dd43f303d,supervise scientific or technical personnel,2130,e96d22cceb48,6,0.376727420091629,0.2870500683784485,2.5494608879089355,0.07352941483259201,1.0,0.0,1
/home/jovyan/Joel_Pardo/AI4LABOUR/Mejoras/results_coursera/models/simcse_coursera_sup/sentence-transformers/all-MiniLM-L6-v2,D_char_jaccard,184,389dd43f303d,supervise scientific or technical personnel,1792,0be97b2fe6a9,7,0.39656745195388793,0.3434082865715027,3.223611831665039,0.01666666753590107,0.6666666865348816,0.0,1
/home/jovyan/Joel_Pardo/AI4LABOUR/Mejoras/results_coursera/models/simcse_coursera_sup/sentence-transformers/all-MiniLM-L6-v2,D_char_jaccard,184,389dd43f303d,supervise scientific or technical personnel,4044,32a696162ad2,8,0.37990670204162597,0.29729002714157104,2.671950101852417,0.04938271641731262,1.0,0.0,1
/home/jovyan/Joel_Pardo/AI4LABOUR/Mejoras/results_coursera/models/simcse_coursera_sup/sentence-transformers/all-MiniLM-L6-v2,D_char_jaccard,184,389dd43f303d,supervise scientific or technical personnel,1564,4d6acf400662,9,0.7358725547790528,0.26445239782333374,2.2791500091552734,0.19148936867713928,0.5,0.9374826550483704,1
/home/jovyan/Joel_Pardo/AI4LABOUR/Mejoras/results_coursera/models/simcse_coursera_sup/sentence-transformers/all-MiniLM-L6-v2,D_char_jaccard,184,389dd43f303d,supervise scientific or technical personnel,5214,4d29d09f4c1d,10,0.6893413543701172,0.48793500661849976,4.952425003051758,0.1428571492433548,0.6000000238418579,0.3362140953540802,1
/home/jovyan/Joel_Pardo/AI4LABOUR/Mejoras/results_coursera/models/simcse_coursera_sup/sentence-transformers/all-MiniLM-L6-v2,D_char_jaccard,185,7b03e0901b8c,"establish standards for products, processes, or procedures",1430,583225957a3f,1,0.9215760111808777,0.45956698060035706,4.5587663650512695,0.1568627506494522,0.375,1.0,1
/home/jovyan/Joel_Pardo/AI4LABOUR/Mejoras/results_coursera/models/simcse_coursera_sup/sentence-transformers/all-MiniLM-L6-v2,D_char_jaccard,185,7b03e0901b8c,"establish standards for products, processes, or procedures",2795,0270e82e5a44,2,0.7169783115386963,0.35725393891334534,3.404085874557495,0.13793103396892548,0.375,0.8555424213409424,0
/home/jovyan/Joel_Pardo/AI4LABOUR/Mejoras/results_coursera/models/simcse_coursera_sup/sentence-transformers/all-MiniLM-L6-v2,D_char_jaccard,185,7b03e0901b8c,"establish standards for products, processes, or procedures",1310,dee03d615f1d,3,0.642129123210907,0.24692603945732117,2.1589515209198,0.15625,0.5,0.8895830512046814,0
/home/jovyan/Joel_Pardo/AI4LABOUR/Mejoras/results_coursera/models/simcse_coursera_sup/sentence-transformers/all-MiniLM-L6-v2,D_char_jaccard,185,7b03e0901b8c,"establish standards for products, processes, or procedures",4346,dc00b108ce90,4,0.667529571056366,0.328542023897171,3.080050230026245,0.1463414579629898,0.875,0.6037659645080566,1
/home/jovyan/Joel_Pardo/AI4LABOUR/Mejoras/results_coursera/models/simcse_coursera_sup/sentence-transformers/all-MiniLM-L6-v2,D_char_jaccard,185,7b03e0901b8c,"establish standards for products, processes, or procedures",2067,9c7403fc6e17,5,0.5852813720703125,0.20404431223869324,1.6749987602233887,0.1320754736661911,0.5,0.8590565323829651,0
/home/jovyan/Joel_Pardo/AI4LABOUR/Mejoras/results_coursera/models/simcse_coursera_sup/sentence-transformers/all-MiniLM-L6-v2,D_char_jaccard,185,7b03e0901b8c,"establish standards for products, processes, or procedures",1861,6ae66fe596ed,6,0.5168394923210144,0.3240714967250824,3.0295968055725098,0.09836065769195557,0.5714285969734192,0.30503392219543457,1
/home/jovyan/Joel_Pardo/AI4LABOUR/Mejoras/results_coursera/models/simcse_coursera_sup/sentence-transformers/all-MiniLM-L6-v2,D_char_jaccard,185,7b03e0901b8c,"establish standards for products, processes, or procedures",3179,5ffef7f46939,7,0.4152563393115997,0.369515597820282,3.5424680709838867,0.03076923079788685,0.5,0.0,1
/home/jovyan/Joel_Pardo/AI4LABOUR/Mejoras/results_coursera/models/simcse_coursera_sup/sentence-transformers/all-MiniLM-L6-v2,D_char_jaccard,185,7b03e0901b8c,"establish standards for products, processes, or procedures",5275,c90863c99c07,8,0.609006929397583,0.2749274969100952,2.4749693870544434,0.10526315867900848,0.875,0.6037659645080566,1
/home/jovyan/Joel_Pardo/AI4LABOUR/Mejoras/results_coursera/models/simcse_coursera_sup/sentence-transformers/all-MiniLM-L6-v2,D_char_jaccard,185,7b03e0901b8c,"establish standards for products, processes, or procedures",1109,d5ec45b1f73d,9,0.42254104018211364,0.36756858229637146,3.5204944610595703,0.05263157933950424,0.5714285969734192,0.0,1
/home/jovyan/Joel_Pardo/AI4LABOUR/Mejoras/results_coursera/models/simcse_coursera_sup/sentence-transformers/all-MiniLM-L6-v2,D_char_jaccard,185,7b03e0901b8c,"establish standards for products, processes, or procedures",2664,f14a60909863,10,0.6759137988090516,0.23758956789970398,2.0535824298858643,0.125,0.5,0.8895830512046814,1
/home/jovyan/Joel_Pardo/AI4LABOUR/Mejoras/results_coursera/models/simcse_coursera_sup/sentence-transformers/all-MiniLM-L6-v2,D_char_jaccard,186,4c7ceb754866,prepare scientific or technical reports or presentations,4102,6c5ee2ac016a,1,0.9182597875595093,0.4894576370716095,4.865866661071777,0.21052631735801697,0.375,0.8909159302711487,1
/home/jovyan/Joel_Pardo/AI4LABOUR/Mejoras/results_coursera/models/simcse_coursera_sup/sentence-transformers/all-MiniLM-L6-v2,D_char_jaccard,186,4c7ceb754866,prepare scientific or technical reports or presentations,3337,77c74b3d95ae,2,0.666216778755188,0.2984490692615509,2.654160737991333,0.1428571492433548,0.625,0.701620876789093,1
/home/jovyan/Joel_Pardo/AI4LABOUR/Mejoras/results_coursera/models/simcse_coursera_sup/sentence-transformers/all-MiniLM-L6-v2,D_char_jaccard,186,4c7ceb754866,prepare scientific or technical reports or presentations,4590,5d45850c5baa,3,0.7908496141433716,0.3885113298892975,3.697000026702881,0.11320754885673523,0.375,0.8603436946868896,1
/home/jovyan/Joel_Pardo/AI4LABOUR/Mejoras/results_coursera/models/simcse_coursera_sup/sentence-transformers/all-MiniLM-L6-v2,D_char_jaccard,186,4c7ceb754866,prepare scientific or technical reports or presentations,3332,72c021894860,4,0.6941913843154908,0.3423740267753601,3.1627719402313232,0.095238097012043,0.5,0.7181130647659302,1
/home/jovyan/Joel_Pardo/AI4LABOUR/Mejoras/results_coursera/models/simcse_coursera_sup/sentence-transformers/all-MiniLM-L6-v2,D_char_jaccard,186,4c7ceb754866,prepare scientific or technical reports or presentations,3766,94c75e9264bf,5,0.42862855195999144,0.1386062204837799,0.8033254742622375,0.05263157933950424,0.875,0.4924376904964447,1
/home/jovyan/Joel_Pardo/AI4LABOUR/Mejoras/results_coursera/models/simcse_coursera_sup/sentence-transformers/all-MiniLM-L6-v2,D_char_jaccard,186,4c7ceb754866,prepare scientific or technical reports or presentations,2912,65b13af81036,6,0.5639193534851075,0.18833965063095093,1.3791935443878174,0.1538461595773697,0.375,0.718005359172821,1
/home/jovyan/Joel_Pardo/AI4LABOUR/Mejoras/results_coursera/models/simcse_coursera_sup/sentence-transformers/all-MiniLM-L6-v2,D_char_jaccard,186,4c7ceb754866,prepare scientific or technical reports or presentations,4501,7e31f9e44f69,7,0.43487738370895385,0.3724096417427063,3.510557174682617,0.03883495181798935,0.800000011920929,0.0,1
/home/jovyan/Joel_Pardo/AI4LABOUR/Mejoras/results_coursera/models/simcse_coursera_sup/sentence-transformers/all-MiniLM-L6-v2,D_char_jaccard,186,4c7ceb754866,prepare scientific or technical reports or presentations,2899,02494e9ed104,8,0.7503281116485596,0.4045434594154358,3.8826377391815186,0.25806450843811035,0.5,0.616807222366333,1
/home/jovyan/Joel_Pardo/AI4LABOUR/Mejoras/results_coursera/models/simcse_coursera_sup/sentence-transformers/all-MiniLM-L6-v2,D_char_jaccard,186,4c7ceb754866,prepare scientific or technical reports or presentations,4310,506583358173,9,0.46977201104164124,0.21621651947498322,1.7019822597503662,0.09459459781646729,0.875,0.5194462537765503,0
/home/jovyan/Joel_Pardo/AI4LABOUR/Mejoras/results_coursera/models/simcse_coursera_sup/sentence-transformers/all-MiniLM-L6-v2,D_char_jaccard,186,4c7ceb754866,prepare scientific or technical reports or presentations,4489,91f41a9ddfae,10,0.7744274020195008,0.43152517080307007,4.195061206817627,0.095238097012043,0.5,0.7181130647659302,1
/home/jovyan/Joel_Pardo/AI4LABOUR/Mejoras/results_coursera/models/simcse_coursera_sup/sentence-transformers/all-MiniLM-L6-v2,D_char_jaccard,187,02b0fa193387,research methods to improve food products,332,444510b9c3c3,1,1.040859866142273,0.5303622484207153,5.7381157875061035,0.3684210479259491,0.4285714328289032,1.0,1
/home/jovyan/Joel_Pardo/AI4LABOUR/Mejoras/results_coursera/models/simcse_coursera_sup/sentence-transformers/all-MiniLM-L6-v2,D_char_jaccard,187,02b0fa193387,research methods to improve food products,3975,994bfc535485,2,0.6701573014259339,0.4209274649620056,4.412283897399902,0.09090909361839294,0.5714285969734192,0.47505977749824524,1
/home/jovyan/Joel_Pardo/AI4LABOUR/Mejoras/results_coursera/models/simcse_coursera_sup/sentence-transformers/all-MiniLM-L6-v2,D_char_jaccard,187,02b0fa193387,research methods to improve food products,4957,25aa304c3c46,3,0.5010126411914826,0.16361485421657562,1.29487144947052,0.1599999964237213,0.5714285969734192,0.5879696011543274,1
/home/jovyan/Joel_Pardo/AI4LABOUR/Mejoras/results_coursera/models/simcse_coursera_sup/sentence-transformers/all-MiniLM-L6-v2,D_char_jaccard,187,02b0fa193387,research methods to improve food products,3303,8dee13915ca0,4,0.7666653275489808,0.532279372215271,5.7613420486450195,0.29411765933036804,0.875,0.3008362650871277,1
/home/jovyan/Joel_Pardo/AI4LABOUR/Mejoras/results_coursera/models/simcse_coursera_sup/sentence-transformers/all-MiniLM-L6-v2,D_char_jaccard,187,02b0fa193387,research methods to improve food products,2626,d7c46c558d85,5,0.7628890752792359,0.43584394454956055,4.593000888824463,0.1538461595773697,0.8571428656578064,0.5982770323753357,1
/home/jovyan/Joel_Pardo/AI4LABOUR/Mejoras/results_coursera/models/simcse_coursera_sup/sentence-transformers/all-MiniLM-L6-v2,D_char_jaccard,187,02b0fa193387,research methods to improve food products,1109,d5ec45b1f73d,6,0.5103673815727234,0.4197106659412384,4.3975419998168945,0.03669724613428116,0.5,0.12113369256258011,1
/home/jovyan/Joel_Pardo/AI4LABOUR/Mejoras/results_coursera/models/simcse_coursera_sup/sentence-transformers/all-MiniLM-L6-v2,D_char_jaccard,187,02b0fa193387,research methods to improve food products,3454,68b455dc1687,7,0.8303705334663392,0.5707758665084839,6.227737903594971,0.19230769574642181,0.5714285969734192,0.47505977749824524,1
/home/jovyan/Joel_Pardo/AI4LABOUR/Mejoras/results_coursera/models/simcse_coursera_sup/sentence-transformers/all-MiniLM-L6-v2,D_char_jaccard,187,02b0fa193387,research methods to improve food products,3610,084d36cdf1fc,8,0.487336266040802,0.20909053087234497,1.8458216190338135,0.12962962687015533,0.5714285969734192,0.4704398810863495,1
/home/jovyan/Joel_Pardo/AI4LABOUR/Mejoras/results_coursera/models/simcse_coursera_sup/sentence-transformers/all-MiniLM-L6-v2,D_char_jaccard,187,02b0fa193387,research methods to improve food products,2067,9c7403fc6e17,9,0.5959637045860291,0.2712899148464203,2.599384069442749,0.15217390656471252,0.5714285969734192,0.5879696011543274,1
/home/jovyan/Joel_Pardo/AI4LABOUR/Mejoras/results_coursera/models/simcse_coursera_sup/sentence-transformers/all-MiniLM-L6-v2,D_char_jaccard,187,02b0fa193387,research methods to improve food products,1577,30283b9c2649,10,0.5287790477275849,0.2557927668094635,2.4116318225860596,0.12727272510528564,0.5714285969734192,0.4704398810863495,1
/home/jovyan/Joel_Pardo/AI4LABOUR/Mejoras/results_coursera/models/simcse_coursera_sup/sentence-transformers/all-MiniLM-L6-v2,D_char_jaccard,188,be19a52818cf,prepare compounds or solutions for products or testing,4590,5d45850c5baa,1,0.8101057291030884,0.34954768419265747,3.923762798309326,0.11538461595773697,0.3333333432674408,1.0,1
/home/jovyan/Joel_Pardo/AI4LABOUR/Mejoras/results_coursera/models/simcse_coursera_sup/sentence-transformers/all-MiniLM-L6-v2,D_char_jaccard,188,be19a52818cf,prepare compounds or solutions for products or testing,4513,39c3797faf00,2,0.6042252659797669,0.2310190349817276,2.395005941390991,0.1492537260055542,0.4444444477558136,0.716931164264679,1
/home/jovyan/Joel_Pardo/AI4LABOUR/Mejoras/results_coursera/models/simcse_coursera_sup/sentence-transformers/all-MiniLM-L6-v2,D_char_jaccard,188,be19a52818cf,prepare compounds or solutions for products or testing,1199,02c8163079c1,3,0.568714725971222,0.2698673605918884,2.8960633277893066,0.08955223858356476,0.5555555820465088,0.5641706585884094,1
/home/jovyan/Joel_Pardo/AI4LABOUR/Mejoras/results_coursera/models/simcse_coursera_sup/sentence-transformers/all-MiniLM-L6-v2,D_char_jaccard,188,be19a52818cf,prepare compounds or solutions for products or testing,1337,284a65d8619b,4,0.44362592697143555,0.145370751619339,1.2903329133987427,0.13084112107753754,0.75,0.6064549088478088,0
/home/jovyan/Joel_Pardo/AI4LABOUR/Mejoras/results_coursera/models/simcse_coursera_sup/sentence-transformers/all-MiniLM-L6-v2,D_char_jaccard,188,be19a52818cf,prepare compounds or solutions for products or testing,3766,94c75e9264bf,5,0.4660325825214386,0.14589166641235352,1.2970515489578247,0.06756756454706192,0.7777777910232544,0.5723732113838196,1
/home/jovyan/Joel_Pardo/AI4LABOUR/Mejoras/results_coursera/models/simcse_coursera_sup/sentence-transformers/all-MiniLM-L6-v2,D_char_jaccard,188,be19a52818cf,prepare compounds or solutions for products or testing,3303,8dee13915ca0,6,0.47438061237335205,0.29997438192367554,3.284377098083496,0.15294118225574493,0.8888888955116272,0.30430981516838074,0
/home/jovyan/Joel_Pardo/AI4LABOUR/Mejoras/results_coursera/models/simcse_coursera_sup/sentence-transformers/all-MiniLM-L6-v2,D_char_jaccard,188,be19a52818cf,prepare compounds or solutions for products or testing,4346,dc00b108ce90,7,0.49463269114494324,0.1988258957862854,1.9797857999801636,0.1411764770746231,0.7777777910232544,0.6037659645080566,0
/home/jovyan/Joel_Pardo/AI4LABOUR/Mejoras/results_coursera/models/simcse_coursera_sup/sentence-transformers/all-MiniLM-L6-v2,D_char_jaccard,188,be19a52818cf,prepare compounds or solutions for products or testing,52,3c87def9324a,8,0.670823085308075,0.30796191096305847,3.3873984813690186,0.1090909093618393,0.3333333432674408,0.7492950558662415,1
/home/jovyan/Joel_Pardo/AI4LABOUR/Mejoras/results_coursera/models/simcse_coursera_sup/sentence-transformers/all-MiniLM-L6-v2,D_char_jaccard,188,be19a52818cf,prepare compounds or solutions for products or testing,4957,25aa304c3c46,9,0.5074583292007446,0.12547218799591064,1.033685564994812,0.1147540956735611,0.4444444477558136,0.8590565323829651,0
/home/jovyan/Joel_Pardo/AI4LABOUR/Mejoras/results_coursera/models/simcse_coursera_sup/sentence-transformers/all-MiniLM-L6-v2,D_char_jaccard,188,be19a52818cf,prepare compounds or solutions for products or testing,3006,a912f5be80d2,10,0.5038158476352692,0.4467349350452423,5.177262783050537,0.14035087823867798,0.3333333432674408,0.0,1
/home/jovyan/Joel_Pardo/AI4LABOUR/Mejoras/results_coursera/models/simcse_coursera_sup/sentence-transformers/all-MiniLM-L6-v2,D_char_jaccard,189,a49d5a99c1d7,maintain laboratory or technical equipment,2641,414d1ab8da6a,1,0.8745335817337037,0.3850637376308441,4.241917133331299,0.1785714328289032,0.6666666865348816,1.0,1
/home/jovyan/Joel_Pardo/AI4LABOUR/Mejoras/results_coursera/models/simcse_coursera_sup/sentence-transformers/all-MiniLM-L6-v2,D_char_jaccard,189,a49d5a99c1d7,maintain laboratory or technical equipment,4561,7dbb7909a0ac,2,0.4648917317390442,0.17676115036010742,1.5282913446426392,0.12162162363529205,1.0,0.5635031461715698,0
/home/jovyan/Joel_Pardo/AI4LABOUR/Mejoras/results_coursera/models/simcse_coursera_sup/sentence-transformers/all-MiniLM-L6-v2,D_char_jaccard,189,a49d5a99c1d7,maintain laboratory or technical equipment,1694,d6c8c0983834,3,0.3874287009239197,-0.028280068188905716,-1.1428474187850952,0.023255813866853714,0.5,0.9551669359207153,0
/home/jovyan/Joel_Pardo/AI4LABOUR/Mejoras/results_coursera/models/simcse_coursera_sup/sentence-transformers/all-MiniLM-L6-v2,D_char_jaccard,189,a49d5a99c1d7,maintain laboratory or technical equipment,3892,23b7ed1361dc,4,0.31623034477233886,0.2355661690235138,2.294363498687744,0.04545454680919647,0.8571428656578064,0.0,1
/home/jovyan/Joel_Pardo/AI4LABOUR/Mejoras/results_coursera/models/simcse_coursera_sup/sentence-transformers/all-MiniLM-L6-v2,D_char_jaccard,189,a49d5a99c1d7,maintain laboratory or technical equipment,3711,75af68656bbd,5,0.3404793322086334,0.28449487686157227,2.9317736625671387,0.03773584961891174,0.5,0.0,1
/home/jovyan/Joel_Pardo/AI4LABOUR/Mejoras/results_coursera/models/simcse_coursera_sup/sentence-transformers/all-MiniLM-L6-v2,D_char_jaccard,189,a49d5a99c1d7,maintain laboratory or technical equipment,830,ff56fd6da1a6,6,0.31389044523239135,0.2469153106212616,2.4422125816345215,0.0,0.8333333134651184,0.0,1
/home/jovyan/Joel_Pardo/AI4LABOUR/Mejoras/results_coursera/models/simcse_coursera_sup/sentence-transformers/all-MiniLM-L6-v2,D_char_jaccard,189,a49d5a99c1d7,maintain laboratory or technical equipment,2623,5b9cd334c378,7,0.30904126167297363,0.11456955969333649,0.7181012630462646,0.05376344174146652,0.5454545617103577,0.4130376875400543,0
/home/jovyan/Joel_Pardo/AI4LABOUR/Mejoras/results_coursera/models/simcse_coursera_sup/sentence-transformers/all-MiniLM-L6-v2,D_char_jaccard,189,a49d5a99c1d7,maintain laboratory or technical equipment,3766,94c75e9264bf,8,0.37898820638656616,0.10473126173019409,0.5899345278739929,0.04477611929178238,0.8571428656578064,0.5766972899436951,0
/home/jovyan/Joel_Pardo/AI4LABOUR/Mejoras/results_coursera/models/simcse_coursera_sup/sentence-transformers/all-MiniLM-L6-v2,D_char_jaccard,189,a49d5a99c1d7,maintain laboratory or technical equipment,4501,7e31f9e44f69,9,0.4720539033412933,0.42675018310546875,4.784980297088623,0.03191489353775978,0.6000000238418579,0.0,1
/home/jovyan/Joel_Pardo/AI4LABOUR/Mejoras/results_coursera/models/simcse_coursera_sup/sentence-transformers/all-MiniLM-L6-v2,D_char_jaccard,189,a49d5a99c1d7,maintain laboratory or technical equipment,2161,dd1ad05a20a6,10,0.33708499670028685,0.26311391592025757,2.6532371044158936,0.06779661029577255,0.6666666865348816,0.0,1
/home/jovyan/Joel_Pardo/AI4LABOUR/Mejoras/results_coursera/models/simcse_coursera_sup/sentence-transformers/all-MiniLM-L6-v2,D_char_jaccard,190,c2a2570c95d4,test quality of materials or finished products,3280,381a707f2810,1,0.9004090905189515,0.5647149085998535,6.244048118591309,0.1111111119389534,0.375,0.7390948534011841,1
/home/jovyan/Joel_Pardo/AI4LABOUR/Mejoras/results_coursera/models/simcse_coursera_sup/sentence-transformers/all-MiniLM-L6-v2,D_char_jaccard,190,c2a2570c95d4,test quality of materials or finished products,989,4ec4f7a20f54,2,0.6776693940162659,0.338706910610199,3.558041572570801,0.21052631735801697,0.625,0.5973789691925049,1
/home/jovyan/Joel_Pardo/AI4LABOUR/Mejoras/results_coursera/models/simcse_coursera_sup/sentence-transformers/all-MiniLM-L6-v2,D_char_jaccard,190,c2a2570c95d4,test quality of materials or finished products,4957,25aa304c3c46,3,0.5025712847709656,0.14169445633888245,1.2166341543197632,0.1428571492433548,0.5,0.7858299016952515,0
/home/jovyan/Joel_Pardo/AI4LABOUR/Mejoras/results_coursera/models/simcse_coursera_sup/sentence-transformers/all-MiniLM-L6-v2,D_char_jaccard,190,c2a2570c95d4,test quality of materials or finished products,3262,b0569152a26e,4,0.5956937551498414,0.22367313504219055,2.190915107727051,0.11999999731779099,0.375,0.7390948534011841,1
/home/jovyan/Joel_Pardo/AI4LABOUR/Mejoras/results_coursera/models/simcse_coursera_sup/sentence-transformers/all-MiniLM-L6-v2,D_char_jaccard,190,c2a2570c95d4,test quality of materials or finished products,3410,bfd722d7fa43,5,0.595232892036438,0.27086809277534485,2.7518067359924316,0.125,0.625,0.5973789691925049,1
/home/jovyan/Joel_Pardo/AI4LABOUR/Mejoras/results_coursera/models/simcse_coursera_sup/sentence-transformers/all-MiniLM-L6-v2,D_char_jaccard,190,c2a2570c95d4,test quality of materials or finished products,2688,0950dcce7437,6,0.621325421333313,0.3111785054206848,3.2308783531188965,0.04918032884597778,0.5,0.6349242925643921,1
/home/jovyan/Joel_Pardo/AI4LABOUR/Mejoras/results_coursera/models/simcse_coursera_sup/sentence-transformers/all-MiniLM-L6-v2,D_char_jaccard,190,c2a2570c95d4,test quality of materials or finished products,4415,859f5dcf8041,7,0.6240249752998352,0.34647345542907715,3.650343418121338,0.1875,0.6153846383094788,0.4613865613937378,1
/home/jovyan/Joel_Pardo/AI4LABOUR/Mejoras/results_coursera/models/simcse_coursera_sup/sentence-transformers/all-MiniLM-L6-v2,D_char_jaccard,190,c2a2570c95d4,test quality of materials or finished products,1894,e2dff2ef2fd2,8,0.6225851058959961,0.27696508169174194,2.8242666721343994,0.0357142873108387,0.375,0.7390948534011841,1
/home/jovyan/Joel_Pardo/AI4LABOUR/Mejoras/results_coursera/models/simcse_coursera_sup/sentence-transformers/all-MiniLM-L6-v2,D_char_jaccard,190,c2a2570c95d4,test quality of materials or finished products,3776,a89b81917b58,9,0.573545265197754,0.24577875435352325,2.4536306858062744,0.12857143580913544,0.625,0.5973789691925049,1
/home/jovyan/Joel_Pardo/AI4LABOUR/Mejoras/results_coursera/models/simcse_coursera_sup/sentence-transformers/all-MiniLM-L6-v2,D_char_jaccard,190,c2a2570c95d4,test quality of materials or finished products,3303,8dee13915ca0,10,0.5045372426509858,0.4236460328102112,4.567505836486816,0.09302325546741486,1.0,0.0,1
/home/jovyan/Joel_Pardo/AI4LABOUR/Mejoras/results_coursera/models/simcse_coursera_sup/sentence-transformers/all-MiniLM-L6-v2,D_char_jaccard,191,a9be4c9c15a1,monitor operational procedures in technical environments to ensure conformance to standards,4993,36ac737cbc98,1,0.8015848875045777,0.3937830924987793,3.6399660110473633,0.1538461595773697,0.25,0.8655464053153992,1
/home/jovyan/Joel_Pardo/AI4LABOUR/Mejoras/results_coursera/models/simcse_coursera_sup/sentence-transformers/all-MiniLM-L6-v2,D_char_jaccard,191,a9be4c9c15a1,monitor operational procedures in technical environments to ensure conformance to standards,5275,c90863c99c07,2,0.58842031955719,0.16874240338802338,1.1748000383377075,0.10810811072587967,0.5833333134651184,0.8258962631225586,1
/home/jovyan/Joel_Pardo/AI4LABOUR/Mejoras/results_coursera/models/simcse_coursera_sup/sentence-transformers/all-MiniLM-L6-v2,D_char_jaccard,191,a9be4c9c15a1,monitor operational procedures in technical environments to ensure conformance to standards,4059,966ff254f415,3,0.6009066581726075,0.2569819688796997,2.1414036750793457,0.11538461595773697,0.4166666567325592,0.6748585104942322,1
/home/jovyan/Joel_Pardo/AI4LABOUR/Mejoras/results_coursera/models/simcse_coursera_sup/sentence-transformers/all-MiniLM-L6-v2,D_char_jaccard,191,a9be4c9c15a1,monitor operational procedures in technical environments to ensure conformance to standards,3215,d4793dfe8103,4,0.5133895874023438,0.18349182605743408,1.3363698720932007,0.16346153616905212,0.5833333134651184,0.6955372095108032,0
/home/jovyan/Joel_Pardo/AI4LABOUR/Mejoras/results_coursera/models/simcse_coursera_sup/sentence-transformers/all-MiniLM-L6-v2,D_char_jaccard,191,a9be4c9c15a1,monitor operational procedures in technical environments to ensure conformance to standards,860,fa8ac4b1b38c,5,0.5187903642654419,0.0960044339299202,0.37800559401512146,0.07954545319080353,0.25,1.0,0
/home/jovyan/Joel_Pardo/AI4LABOUR/Mejoras/results_coursera/models/simcse_coursera_sup/sentence-transformers/all-MiniLM-L6-v2,D_char_jaccard,191,a9be4c9c15a1,monitor operational procedures in technical environments to ensure conformance to standards,3570,fd16133ef486,6,0.380131334066391,0.10573224723339081,0.4845671057701111,0.0890410989522934,0.9230769276618958,0.5413954854011536,0
/home/jovyan/Joel_Pardo/AI4LABOUR/Mejoras/results_coursera/models/simcse_coursera_sup/sentence-transformers/all-MiniLM-L6-v2,D_char_jaccard,191,a9be4c9c15a1,monitor operational procedures in technical environments to ensure conformance to standards,1332,1589748650da,7,0.3848986208438873,0.1774987429380417,1.2707197666168213,0.06194690242409706,0.5,0.3366576135158539,1
/home/jovyan/Joel_Pardo/AI4LABOUR/Mejoras/results_coursera/models/simcse_coursera_sup/sentence-transformers/all-MiniLM-L6-v2,D_char_jaccard,191,a9be4c9c15a1,monitor operational procedures in technical environments to ensure conformance to standards,1430,583225957a3f,8,0.7764733314514161,0.38392505049705505,3.531977891921997,0.08888889104127884,0.25,0.8655464053153992,1
/home/jovyan/Joel_Pardo/AI4LABOUR/Mejoras/results_coursera/models/simcse_coursera_sup/sentence-transformers/all-MiniLM-L6-v2,D_char_jaccard,191,a9be4c9c15a1,monitor operational procedures in technical environments to ensure conformance to standards,2814,05eb79523820,9,0.37753241062164306,0.18054693937301636,1.3041106462478638,0.12844036519527435,0.5833333134651184,0.25940850377082825,1
/home/jovyan/Joel_Pardo/AI4LABOUR/Mejoras/results_coursera/models/simcse_coursera_sup/sentence-transformers/all-MiniLM-L6-v2,D_char_jaccard,191,a9be4c9c15a1,monitor operational procedures in technical environments to ensure conformance to standards,1419,ea280e15fe28,10,0.40148842334747314,0.23518149554729462,1.9025946855545044,0.10000000149011612,1.0,0.2870626449584961,0
/home/jovyan/Joel_Pardo/AI4LABOUR/Mejoras/results_coursera/models/simcse_coursera_sup/sentence-transformers/all-MiniLM-L6-v2,D_char_jaccard,192,8562bf3caec4,manage scientific or technical project resources,333,948d1f30a0fa,1,0.8534239411354065,0.5115330219268799,5.289725303649902,0.21568627655506134,0.4285714328289032,0.669235110282898,1
/home/jovyan/Joel_Pardo/AI4LABOUR/Mejoras/results_coursera/models/simcse_coursera_sup/sentence-transformers/all-MiniLM-L6-v2,D_char_jaccard,192,8562bf3caec4,manage scientific or technical project resources,3337,77c74b3d95ae,2,0.6461980819702149,0.2466624677181244,2.181952476501465,0.1492537260055542,0.7142857313156128,0.7529352307319641,1
/home/jovyan/Joel_Pardo/AI4LABOUR/Mejoras/results_coursera/models/simcse_coursera_sup/sentence-transformers/all-MiniLM-L6-v2,D_char_jaccard,192,8562bf3caec4,manage scientific or technical project resources,2874,656114a38931,3,0.7089623093605042,0.30439215898513794,2.8593051433563232,0.17307692766189575,0.4285714328289032,0.8007789254188538,1
/home/jovyan/Joel_Pardo/AI4LABOUR/Mejoras/results_coursera/models/simcse_coursera_sup/sentence-transformers/all-MiniLM-L6-v2,D_char_jaccard,192,8562bf3caec4,manage scientific or technical project resources,4558,7b0342e1d11a,4,0.5187385082244873,0.25652754306793213,2.297701120376587,0.1538461595773697,0.8571428656578064,0.5163626670837402,0
/home/jovyan/Joel_Pardo/AI4LABOUR/Mejoras/results_coursera/models/simcse_coursera_sup/sentence-transformers/all-MiniLM-L6-v2,D_char_jaccard,192,8562bf3caec4,manage scientific or technical project resources,4081,435a23f8a445,5,0.4983499228954315,0.2805032730102539,2.579012632369995,0.10227272659540176,0.6363636255264282,0.34627649188041687,1
/home/jovyan/Joel_Pardo/AI4LABOUR/Mejoras/results_coursera/models/simcse_coursera_sup/sentence-transformers/all-MiniLM-L6-v2,D_char_jaccard,192,8562bf3caec4,manage scientific or technical project resources,3215,d4793dfe8103,6,0.6218497633934021,0.3306336998939514,3.1672017574310303,0.1527777761220932,1.0,0.46521255373954773,1
/home/jovyan/Joel_Pardo/AI4LABOUR/Mejoras/results_coursera/models/simcse_coursera_sup/sentence-transformers/all-MiniLM-L6-v2,D_char_jaccard,192,8562bf3caec4,manage scientific or technical project resources,5055,017b3832af09,7,0.4806506812572479,0.19979602098464966,1.632060170173645,0.10256410390138626,0.875,0.4536081552505493,1
/home/jovyan/Joel_Pardo/AI4LABOUR/Mejoras/results_coursera/models/simcse_coursera_sup/sentence-transformers/all-MiniLM-L6-v2,D_char_jaccard,192,8562bf3caec4,manage scientific or technical project resources,2535,e97f0c698df9,8,0.7225943684577942,0.377549946308136,3.7176783084869385,0.08196721225976944,0.5714285969734192,0.7093405723571777,1
/home/jovyan/Joel_Pardo/AI4LABOUR/Mejoras/results_coursera/models/simcse_coursera_sup/sentence-transformers/all-MiniLM-L6-v2,D_char_jaccard,192,8562bf3caec4,manage scientific or technical project resources,2336,a486ea676cd5,9,0.5920308709144593,0.29205799102783203,2.714586019515991,0.1190476194024086,1.0,0.498541921377182,1
/home/jovyan/Joel_Pardo/AI4LABOUR/Mejoras/results_coursera/models/simcse_coursera_sup/sentence-transformers/all-MiniLM-L6-v2,D_char_jaccard,192,8562bf3caec4,manage scientific or technical project resources,395,4faf806bf7de,10,0.6682882189750672,0.3023313581943512,2.83512544631958,0.16981132328510284,0.5714285969734192,0.6879143714904785,1
/home/jovyan/Joel_Pardo/AI4LABOUR/Mejoras/results_coursera/models/simcse_coursera_sup/sentence-transformers/all-MiniLM-L6-v2,D_char_jaccard,193,adb21e5e1a03,inspect condition or functioning of facilities or equipment,2641,414d1ab8da6a,1,0.8043060183525086,0.32872438430786133,2.8807075023651123,0.14492753148078918,0.4444444477558136,1.0,1
/home/jovyan/Joel_Pardo/AI4LABOUR/Mejoras/results_coursera/models/simcse_coursera_sup/sentence-transformers/all-MiniLM-L6-v2,D_char_jaccard,193,adb21e5e1a03,inspect condition or functioning of facilities or equipment,3588,a6818b8d1354,2,0.41075100302696227,0.255035400390625,2.007810354232788,0.037383176386356354,0.8181818127632141,0.20241068303585052,1
/home/jovyan/Joel_Pardo/AI4LABOUR/Mejoras/results_coursera/models/simcse_coursera_sup/sentence-transformers/all-MiniLM-L6-v2,D_char_jaccard,193,adb21e5e1a03,inspect condition or functioning of facilities or equipment,1694,d6c8c0983834,3,0.45253312587738037,0.05481705069541931,-0.36391493678092957,0.01785714365541935,0.3333333432674408,0.9551669359207153,0
/home/jovyan/Joel_Pardo/AI4LABOUR/Mejoras/results_coursera/models/simcse_coursera_sup/sentence-transformers/all-MiniLM-L6-v2,D_char_jaccard,193,adb21e5e1a03,inspect condition or functioning of facilities or equipment,4735,d4c4823f0990,4,0.6067638278007508,0.5611216425895691,5.633614540100098,0.14035087823867798,0.3333333432674408,0.0,1
/home/jovyan/Joel_Pardo/AI4LABOUR/Mejoras/results_coursera/models/simcse_coursera_sup/sentence-transformers/all-MiniLM-L6-v2,D_char_jaccard,193,adb21e5e1a03,inspect condition or functioning of facilities or equipment,1274,1a56873afe24,5,0.4274891495704651,0.22045685350894928,1.598203420639038,0.0810810774564743,0.6666666865348816,0.31368595361709595,1
/home/jovyan/Joel_Pardo/AI4LABOUR/Mejoras/results_coursera/models/simcse_coursera_sup/sentence-transformers/all-MiniLM-L6-v2,D_char_jaccard,193,adb21e5e1a03,inspect condition or functioning of facilities or equipment,2957,3f078e2078e8,6,0.47141613364219664,0.2520127296447754,1.972004771232605,0.04615384712815285,0.4444444477558136,0.40210992097854614,1
/home/jovyan/Joel_Pardo/AI4LABOUR/Mejoras/results_coursera/models/simcse_coursera_sup/sentence-transformers/all-MiniLM-L6-v2,D_char_jaccard,193,adb21e5e1a03,inspect condition or functioning of facilities or equipment,183,46923271eee8,7,0.4304388642311096,0.2732658386230469,2.2237625122070312,0.05050504952669144,0.8181818127632141,0.20241068303585052,1
/home/jovyan/Joel_Pardo/AI4LABOUR/Mejoras/results_coursera/models/simcse_coursera_sup/sentence-transformers/all-MiniLM-L6-v2,D_char_jaccard,193,adb21e5e1a03,inspect condition or functioning of facilities or equipment,1323,8ade6be25bad,8,0.4185477077960968,0.20811565220355988,1.452013373374939,0.08974359184503555,0.6666666865348816,0.31368595361709595,1
/home/jovyan/Joel_Pardo/AI4LABOUR/Mejoras/results_coursera/models/simcse_coursera_sup/sentence-transformers/all-MiniLM-L6-v2,D_char_jaccard,193,adb21e5e1a03,inspect condition or functioning of facilities or equipment,2623,5b9cd334c378,9,0.4725821495056152,0.22740615904331207,1.6805226802825928,0.04716981202363968,0.8181818127632141,0.4130376875400543,1
/home/jovyan/Joel_Pardo/AI4LABOUR/Mejoras/results_coursera/models/simcse_coursera_sup/sentence-transformers/all-MiniLM-L6-v2,D_char_jaccard,193,adb21e5e1a03,inspect condition or functioning of facilities or equipment,2728,b12a99169d3e,10,0.5060325860977173,0.25542792677879333,2.012460231781006,0.1037735864520073,0.692307710647583,0.5389716029167175,0
/home/jovyan/Joel_Pardo/AI4LABOUR/Mejoras/results_coursera/models/simcse_coursera_sup/sentence-transformers/all-MiniLM-L6-v2,D_char_jaccard,194,094e12b11051,review details of technical drawings or specifications,4558,7b0342e1d11a,1,0.8005881786346436,0.4829169511795044,4.820197105407715,0.2876712381839752,0.75,0.5163626670837402,1
/home/jovyan/Joel_Pardo/AI4LABOUR/Mejoras/results_coursera/models/simcse_coursera_sup/sentence-transformers/all-MiniLM-L6-v2,D_char_jaccard,194,094e12b11051,review details of technical drawings or specifications,3298,22bd137c51e5,2,0.7790417551994324,0.32162049412727356,2.9151179790496826,0.0833333358168602,0.375,1.0,1
/home/jovyan/Joel_Pardo/AI4LABOUR/Mejoras/results_coursera/models/simcse_coursera_sup/sentence-transformers/all-MiniLM-L6-v2,D_char_jaccard,194,094e12b11051,review details of technical drawings or specifications,1274,1a56873afe24,3,0.41509960889816283,0.2212315797805786,1.7294200658798218,0.054054055362939835,0.75,0.28744420409202576,1
/home/jovyan/Joel_Pardo/AI4LABOUR/Mejoras/results_coursera/models/simcse_coursera_sup/sentence-transformers/all-MiniLM-L6-v2,D_char_jaccard,194,094e12b11051,review details of technical drawings or specifications,3431,21ee2ab4106d,4,0.39161335229873656,0.16315211355686188,1.0434410572052002,0.08955223858356476,0.5,0.3684709966182709,1
/home/jovyan/Joel_Pardo/AI4LABOUR/Mejoras/results_coursera/models/simcse_coursera_sup/sentence-transformers/all-MiniLM-L6-v2,D_char_jaccard,194,094e12b11051,review details of technical drawings or specifications,4158,6eb280a204d6,5,0.41493980884552,0.27159595489501953,2.3242759704589844,0.09876543283462524,0.380952388048172,0.19191119074821472,1
/home/jovyan/Joel_Pardo/AI4LABOUR/Mejoras/results_coursera/models/simcse_coursera_sup/sentence-transformers/all-MiniLM-L6-v2,D_char_jaccard,194,094e12b11051,review details of technical drawings or specifications,2695,4c29274ab46c,6,0.6633427023887635,0.2762773931026459,2.379568576812744,0.15094339847564697,0.375,0.7705180644989014,1
/home/jovyan/Joel_Pardo/AI4LABOUR/Mejoras/results_coursera/models/simcse_coursera_sup/sentence-transformers/all-MiniLM-L6-v2,D_char_jaccard,194,094e12b11051,review details of technical drawings or specifications,3960,df90dd980a17,7,0.5069774866104126,0.3078508973121643,2.7524845600128174,0.07792207598686218,0.625,0.32295289635658264,1
/home/jovyan/Joel_Pardo/AI4LABOUR/Mejoras/results_coursera/models/simcse_coursera_sup/sentence-transformers/all-MiniLM-L6-v2,D_char_jaccard,194,094e12b11051,review details of technical drawings or specifications,922,f5a64221d2a6,8,0.4312047243118286,0.3981737494468689,3.819291591644287,0.016393441706895828,0.375,0.0,1
/home/jovyan/Joel_Pardo/AI4LABOUR/Mejoras/results_coursera/models/simcse_coursera_sup/sentence-transformers/all-MiniLM-L6-v2,D_char_jaccard,194,094e12b11051,review details of technical drawings or specifications,5159,9db935732268,9,0.5707408666610718,0.3846946656703949,3.6600897312164307,0.056338027119636536,0.625,0.32295289635658264,1
/home/jovyan/Joel_Pardo/AI4LABOUR/Mejoras/results_coursera/models/simcse_coursera_sup/sentence-transformers/all-MiniLM-L6-v2,D_char_jaccard,194,094e12b11051,review details of technical drawings or specifications,2728,b12a99169d3e,10,0.432167112827301,0.19413144886493683,1.4093393087387085,0.11650485545396805,0.6153846383094788,0.4938833713531494,0
/home/jovyan/Joel_Pardo/AI4LABOUR/Mejoras/results_coursera/models/simcse_coursera_sup/sentence-transformers/all-MiniLM-L6-v2,D_char_jaccard,195,6b483cafcca2,evaluate new technologies or methods,2342,d9000beaf680,1,0.9617377996444703,0.48170846700668335,4.4638800621032715,0.261904776096344,0.5,0.9693100452423096,1
/home/jovyan/Joel_Pardo/AI4LABOUR/Mejoras/results_coursera/models/simcse_coursera_sup/sentence-transformers/all-MiniLM-L6-v2,D_char_jaccard,195,6b483cafcca2,evaluate new technologies or methods,4507,4308d262ba90,2,0.7475824236869812,0.36952078342437744,3.18955659866333,0.10000000149011612,1.0,0.7250343561172485,1
/home/jovyan/Joel_Pardo/AI4LABOUR/Mejoras/results_coursera/models/simcse_coursera_sup/sentence-transformers/all-MiniLM-L6-v2,D_char_jaccard,195,6b483cafcca2,evaluate new technologies or methods,1881,490efa5eb140,3,0.6085004091262818,0.18653056025505066,1.1109973192214966,0.125,0.5,0.8359322547912598,1
/home/jovyan/Joel_Pardo/AI4LABOUR/Mejoras/results_coursera/models/simcse_coursera_sup/sentence-transformers/all-MiniLM-L6-v2,D_char_jaccard,195,6b483cafcca2,evaluate new technologies or methods,4014,ea2169832de7,4,0.5451854050159455,0.1450786292552948,0.6401509046554565,0.040816325694322586,0.6666666865348816,0.8026930689811707,1
/home/jovyan/Joel_Pardo/AI4LABOUR/Mejoras/results_coursera/models/simcse_coursera_sup/sentence-transformers/all-MiniLM-L6-v2,D_char_jaccard,195,6b483cafcca2,evaluate new technologies or methods,3292,3d874392629b,5,0.5583932280540467,0.15171200037002563,0.7154983878135681,0.06976744532585144,0.6666666865348816,0.8026930689811707,1
/home/jovyan/Joel_Pardo/AI4LABOUR/Mejoras/results_coursera/models/simcse_coursera_sup/sentence-transformers/all-MiniLM-L6-v2,D_char_jaccard,195,6b483cafcca2,evaluate new technologies or methods,3610,084d36cdf1fc,6,0.6128489255905152,0.23650948703289032,1.6787006855010986,0.11764705926179886,0.6666666865348816,0.7181130647659302,1
/home/jovyan/Joel_Pardo/AI4LABOUR/Mejoras/results_coursera/models/simcse_coursera_sup/sentence-transformers/all-MiniLM-L6-v2,D_char_jaccard,195,6b483cafcca2,evaluate new technologies or methods,4361,b0b886822421,7,0.7367760419845581,0.3590069115161896,3.0701310634613037,0.03703703731298447,0.6666666865348816,0.8026930689811707,1
/home/jovyan/Joel_Pardo/AI4LABOUR/Mejoras/results_coursera/models/simcse_coursera_sup/sentence-transformers/all-MiniLM-L6-v2,D_char_jaccard,195,6b483cafcca2,evaluate new technologies or methods,3608,6f667a1cbbc5,8,0.6554439544677735,0.2295527160167694,1.599679708480835,0.15789473056793213,0.5,0.8359322547912598,1
/home/jovyan/Joel_Pardo/AI4LABOUR/Mejoras/results_coursera/models/simcse_coursera_sup/sentence-transformers/all-MiniLM-L6-v2,D_char_jaccard,195,6b483cafcca2,evaluate new technologies or methods,1577,30283b9c2649,9,0.6091646432876587,0.23304429650306702,1.6393400430679321,0.11538461595773697,0.6666666865348816,0.7181130647659302,1
/home/jovyan/Joel_Pardo/AI4LABOUR/Mejoras/results_coursera/models/simcse_coursera_sup/sentence-transformers/all-MiniLM-L6-v2,D_char_jaccard,195,6b483cafcca2,evaluate new technologies or methods,3780,5279f5c334f7,10,0.45855249762535094,0.3944234251976013,3.472421884536743,0.04285714402794838,0.8571428656578064,0.0,1
/home/jovyan/Joel_Pardo/AI4LABOUR/Mejoras/results_coursera/models/simcse_coursera_sup/sentence-transformers/all-MiniLM-L6-v2,D_char_jaccard,196,0f2541e582f8,review documents or materials for compliance with policies or regulations,3401,ee6929dafa83,1,1.0314486503601075,0.5986396074295044,6.586281776428223,0.13432836532592773,0.1818181872367859,1.0,1
/home/jovyan/Joel_Pardo/AI4LABOUR/Mejoras/results_coursera/models/simcse_coursera_sup/sentence-transformers/all-MiniLM-L6-v2,D_char_jaccard,196,0f2541e582f8,review documents or materials for compliance with policies or regulations,3498,9e69de35c497,2,0.49425028562545775,0.20698052644729614,1.861177921295166,0.095238097012043,0.5454545617103577,0.5172139406204224,1
/home/jovyan/Joel_Pardo/AI4LABOUR/Mejoras/results_coursera/models/simcse_coursera_sup/sentence-transformers/all-MiniLM-L6-v2,D_char_jaccard,196,0f2541e582f8,review documents or materials for compliance with policies or regulations,3298,22bd137c51e5,3,0.7259085059165955,0.33430248498916626,3.3972320556640625,0.10810811072587967,0.27272728085517883,0.8359322547912598,1
/home/jovyan/Joel_Pardo/AI4LABOUR/Mejoras/results_coursera/models/simcse_coursera_sup/sentence-transformers/all-MiniLM-L6-v2,D_char_jaccard,196,0f2541e582f8,review documents or materials for compliance with policies or regulations,3776,a89b81917b58,4,0.42111659049987793,0.19500857591629028,1.716744303703308,0.08510638028383255,0.4545454680919647,0.5040125250816345,0
/home/jovyan/Joel_Pardo/AI4LABOUR/Mejoras/results_coursera/models/simcse_coursera_sup/sentence-transformers/all-MiniLM-L6-v2,D_char_jaccard,196,0f2541e582f8,review documents or materials for compliance with policies or regulations,2820,21f64da1e579,5,0.8624547600746155,0.4532642662525177,4.832426071166992,0.10447761416435242,0.1818181872367859,0.923266589641571,1
/home/jovyan/Joel_Pardo/AI4LABOUR/Mejoras/results_coursera/models/simcse_coursera_sup/sentence-transformers/all-MiniLM-L6-v2,D_char_jaccard,196,0f2541e582f8,review documents or materials for compliance with policies or regulations,146,e108b321d664,6,0.4042778491973877,0.2440105676651001,2.307920455932617,0.0791366919875145,0.9166666865348816,0.1726270318031311,1
/home/jovyan/Joel_Pardo/AI4LABOUR/Mejoras/results_coursera/models/simcse_coursera_sup/sentence-transformers/all-MiniLM-L6-v2,D_char_jaccard,196,0f2541e582f8,review documents or materials for compliance with policies or regulations,4453,d9ea7797e0d6,7,0.3914240002632141,0.10301871597766876,0.6069483757019043,0.14678898453712463,0.9090909361839294,0.5413885116577148,0
/home/jovyan/Joel_Pardo/AI4LABOUR/Mejoras/results_coursera/models/simcse_coursera_sup/sentence-transformers/all-MiniLM-L6-v2,D_char_jaccard,196,0f2541e582f8,review documents or materials for compliance with policies or regulations,4426,b25b2aa78ecd,8,0.44420555233955383,0.20157665014266968,1.7959836721420288,0.08510638028383255,0.5454545617103577,0.5355930924415588,0
/home/jovyan/Joel_Pardo/AI4LABOUR/Mejoras/results_coursera/models/simcse_coursera_sup/sentence-transformers/all-MiniLM-L6-v2,D_char_jaccard,196,0f2541e582f8,review documents or materials for compliance with policies or regulations,2751,e66df6c46d53,9,0.39225720167160033,0.19138947129249573,1.6730822324752808,0.07407407462596893,0.4545454680919647,0.32190221548080444,1
/home/jovyan/Joel_Pardo/AI4LABOUR/Mejoras/results_coursera/models/simcse_coursera_sup/sentence-transformers/all-MiniLM-L6-v2,D_char_jaccard,196,0f2541e582f8,review documents or materials for compliance with policies or regulations,4558,7b0342e1d11a,10,0.6611199855804444,0.3882908225059509,4.04856538772583,0.10999999940395355,0.5454545617103577,0.5172139406204224,1
/home/jovyan/Joel_Pardo/AI4LABOUR/Mejoras/results_coursera/models/simcse_coursera_sup/sentence-transformers/all-MiniLM-L6-v2,D_char_jaccard,197,3a46124701c0,monitor facilities or operational systems,860,fa8ac4b1b38c,1,0.8203037261962891,0.35210520029067993,2.9090516567230225,0.11363636702299118,0.5,1.0,1
/home/jovyan/Joel_Pardo/AI4LABOUR/Mejoras/results_coursera/models/simcse_coursera_sup/sentence-transformers/all-MiniLM-L6-v2,D_char_jaccard,197,3a46124701c0,monitor facilities or operational systems,4058,74fe0528c27f,2,0.5851572155952454,0.28337663412094116,2.144801139831543,0.15942029654979706,1.0,0.6006578207015991,0
/home/jovyan/Joel_Pardo/AI4LABOUR/Mejoras/results_coursera/models/simcse_coursera_sup/sentence-transformers/all-MiniLM-L6-v2,D_char_jaccard,197,3a46124701c0,monitor facilities or operational systems,1694,d6c8c0983834,3,0.49927114248275756,0.10011310875415802,0.10694096237421036,0.02380952425301075,0.5,0.8205423951148987,1
/home/jovyan/Joel_Pardo/AI4LABOUR/Mejoras/results_coursera/models/simcse_coursera_sup/sentence-transformers/all-MiniLM-L6-v2,D_char_jaccard,197,3a46124701c0,monitor facilities or operational systems,3979,9e51eeb429ae,4,0.6169438242912293,0.32347697019577026,2.590710401535034,0.1304347813129425,0.5,0.545514702796936,1
/home/jovyan/Joel_Pardo/AI4LABOUR/Mejoras/results_coursera/models/simcse_coursera_sup/sentence-transformers/all-MiniLM-L6-v2,D_char_jaccard,197,3a46124701c0,monitor facilities or operational systems,4348,b75ac8ea7b39,5,0.506242322921753,0.22354233264923096,1.479453682899475,0.23529411852359772,1.0,0.36557668447494507,1
/home/jovyan/Joel_Pardo/AI4LABOUR/Mejoras/results_coursera/models/simcse_coursera_sup/sentence-transformers/all-MiniLM-L6-v2,D_char_jaccard,197,3a46124701c0,monitor facilities or operational systems,4949,93c12cf36ef1,6,0.5112324833869935,0.23740254342556,1.6335768699645996,0.1071428582072258,0.6666666865348816,0.4686279594898224,1
/home/jovyan/Joel_Pardo/AI4LABOUR/Mejoras/results_coursera/models/simcse_coursera_sup/sentence-transformers/all-MiniLM-L6-v2,D_char_jaccard,197,3a46124701c0,monitor facilities or operational systems,2836,a7810e65d792,7,0.6029346466064454,0.32548266649246216,2.613013505935669,0.1568627506494522,0.6666666865348816,0.4686279594898224,1
/home/jovyan/Joel_Pardo/AI4LABOUR/Mejoras/results_coursera/models/simcse_coursera_sup/sentence-transformers/all-MiniLM-L6-v2,D_char_jaccard,197,3a46124701c0,monitor facilities or operational systems,3516,afe8a26918ff,8,0.47849308252334594,0.403765469789505,3.4835052490234375,0.09375,0.8333333134651184,0.0,1
/home/jovyan/Joel_Pardo/AI4LABOUR/Mejoras/results_coursera/models/simcse_coursera_sup/sentence-transformers/all-MiniLM-L6-v2,D_char_jaccard,197,3a46124701c0,monitor facilities or operational systems,3649,78978c6ace8e,9,0.5490672767162323,0.27374207973480225,2.0376665592193604,0.12765957415103912,0.6666666865348816,0.4686279594898224,1
/home/jovyan/Joel_Pardo/AI4LABOUR/Mejoras/results_coursera/models/simcse_coursera_sup/sentence-transformers/all-MiniLM-L6-v2,D_char_jaccard,197,3a46124701c0,monitor facilities or operational systems,2235,373b347cdc67,10,0.6561813235282898,0.4099664092063904,3.5524587631225586,0.125,0.8333333134651184,0.4107372462749481,1
/home/jovyan/Joel_Pardo/AI4LABOUR/Mejoras/results_coursera/models/simcse_coursera_sup/sentence-transformers/all-MiniLM-L6-v2,D_char_jaccard,198,edb3d68bc36f,advise customers on technical or procedural issues,1607,6544768291be,1,0.8323389172554017,0.43636590242385864,4.083504676818848,0.14814814925193787,0.375,0.8345564007759094,1
/home/jovyan/Joel_Pardo/AI4LABOUR/Mejoras/results_coursera/models/simcse_coursera_sup/sentence-transformers/all-MiniLM-L6-v2,D_char_jaccard,198,edb3d68bc36f,advise customers on technical or procedural issues,3025,5653d4592b47,2,0.668573546409607,0.2645297050476074,2.157972574234009,0.1627907007932663,0.800000011920929,0.7494977116584778,1
/home/jovyan/Joel_Pardo/AI4LABOUR/Mejoras/results_coursera/models/simcse_coursera_sup/sentence-transformers/all-MiniLM-L6-v2,D_char_jaccard,198,edb3d68bc36f,advise customers on technical or procedural issues,3320,71bd7119309b,3,0.6852238655090332,0.1958836317062378,1.3887500762939453,0.1607142835855484,0.375,1.0,1
/home/jovyan/Joel_Pardo/AI4LABOUR/Mejoras/results_coursera/models/simcse_coursera_sup/sentence-transformers/all-MiniLM-L6-v2,D_char_jaccard,198,edb3d68bc36f,advise customers on technical or procedural issues,3211,bf363c434df6,4,0.46568997502326964,0.27450186014175415,2.269716739654541,0.0446428582072258,0.7272727489471436,0.3027849495410919,1
/home/jovyan/Joel_Pardo/AI4LABOUR/Mejoras/results_coursera/models/simcse_coursera_sup/sentence-transformers/all-MiniLM-L6-v2,D_char_jaccard,198,edb3d68bc36f,advise customers on technical or procedural issues,4300,c825cd049c18,5,0.525189357995987,0.35932084918022156,3.2201666831970215,0.0714285746216774,0.47058823704719543,0.2760351598262787,1
/home/jovyan/Joel_Pardo/AI4LABOUR/Mejoras/results_coursera/models/simcse_coursera_sup/sentence-transformers/all-MiniLM-L6-v2,D_char_jaccard,198,edb3d68bc36f,advise customers on technical or procedural issues,3943,1eedfa96d1f9,6,0.47188504338264464,0.22845779359340668,1.7537639141082764,0.08571428805589676,0.6666666865348816,0.4037778079509735,1
/home/jovyan/Joel_Pardo/AI4LABOUR/Mejoras/results_coursera/models/simcse_coursera_sup/sentence-transformers/all-MiniLM-L6-v2,D_char_jaccard,198,edb3d68bc36f,advise customers on technical or procedural issues,3762,3f9e06094af7,7,0.46934379935264586,0.20414529740810394,1.4813271760940552,0.0416666679084301,0.75,0.4692409634590149,1
/home/jovyan/Joel_Pardo/AI4LABOUR/Mejoras/results_coursera/models/simcse_coursera_sup/sentence-transformers/all-MiniLM-L6-v2,D_char_jaccard,198,edb3d68bc36f,advise customers on technical or procedural issues,1855,20dc1dc3600c,8,0.6571617603302002,0.4396824836730957,4.120669364929199,0.1034482792019844,0.8888888955116272,0.35285255312919617,1
/home/jovyan/Joel_Pardo/AI4LABOUR/Mejoras/results_coursera/models/simcse_coursera_sup/sentence-transformers/all-MiniLM-L6-v2,D_char_jaccard,198,edb3d68bc36f,advise customers on technical or procedural issues,3213,e73f40d83ac6,9,0.5465786039829255,0.33824074268341064,2.9839508533477783,0.09615384787321091,0.6666666865348816,0.3369753658771515,1
/home/jovyan/Joel_Pardo/AI4LABOUR/Mejoras/results_coursera/models/simcse_coursera_sup/sentence-transformers/all-MiniLM-L6-v2,D_char_jaccard,198,edb3d68bc36f,advise customers on technical or procedural issues,4579,aaf0d7f98bf7,10,0.44693742990493773,0.40631937980651855,3.746814727783203,0.0,0.625,0.0,1
/home/jovyan/Joel_Pardo/AI4LABOUR/Mejoras/results_coursera/models/simcse_coursera_sup/sentence-transformers/all-MiniLM-L6-v2,D_char_jaccard,199,0d99df7b9f80,communicate organizational information to customers or other stakeholders,675,e1f28709fa97,1,1.010633635520935,0.5513373613357544,4.939511775970459,0.16883116960525513,0.4444444477558136,1.0,1
/home/jovyan/Joel_Pardo/AI4LABOUR/Mejoras/results_coursera/models/simcse_coursera_sup/sentence-transformers/all-MiniLM-L6-v2,D_char_jaccard,199,0d99df7b9f80,communicate organizational information to customers or other stakeholders,1555,5f8ae87ccde0,2,0.7898612499237061,0.3449051082134247,2.7419445514678955,0.1538461595773697,0.5555555820465088,0.9080183506011963,1
/home/jovyan/Joel_Pardo/AI4LABOUR/Mejoras/results_coursera/models/simcse_coursera_sup/sentence-transformers/all-MiniLM-L6-v2,D_char_jaccard,199,0d99df7b9f80,communicate organizational information to customers or other stakeholders,3150,7ca5740d8368,3,0.5944998741149903,0.28598812222480774,2.114745855331421,0.13513512909412384,0.3333333432674408,0.5916502475738525,1
/home/jovyan/Joel_Pardo/AI4LABOUR/Mejoras/results_coursera/models/simcse_coursera_sup/sentence-transformers/all-MiniLM-L6-v2,D_char_jaccard,199,0d99df7b9f80,communicate organizational information to customers or other stakeholders,2114,f93bec28cb76,4,0.6712629079818726,0.33561140298843384,2.6430087089538574,0.19718310236930847,0.3333333432674408,0.6331254839897156,1
/home/jovyan/Joel_Pardo/AI4LABOUR/Mejoras/results_coursera/models/simcse_coursera_sup/sentence-transformers/all-MiniLM-L6-v2,D_char_jaccard,199,0d99df7b9f80,communicate organizational information to customers or other stakeholders,4300,c825cd049c18,5,0.6131628632545472,0.3764333426952362,3.0775773525238037,0.10000000149011612,0.529411792755127,0.43225574493408203,1
/home/jovyan/Joel_Pardo/AI4LABOUR/Mejoras/results_coursera/models/simcse_coursera_sup/sentence-transformers/all-MiniLM-L6-v2,D_char_jaccard,199,0d99df7b9f80,communicate organizational information to customers or other stakeholders,1873,0084fa936ea8,6,0.5086106836795807,0.24559327960014343,1.684723973274231,0.12643678486347198,0.5555555820465088,0.4454742968082428,1
/home/jovyan/Joel_Pardo/AI4LABOUR/Mejoras/results_coursera/models/simcse_coursera_sup/sentence-transformers/all-MiniLM-L6-v2,D_char_jaccard,199,0d99df7b9f80,communicate organizational information to customers or other stakeholders,1869,243f7993b10e,7,0.5550432085990906,0.32768499851226807,2.558628559112549,0.11340206116437912,0.7777777910232544,0.35721826553344727,1
/home/jovyan/Joel_Pardo/AI4LABOUR/Mejoras/results_coursera/models/simcse_coursera_sup/sentence-transformers/all-MiniLM-L6-v2,D_char_jaccard,199,0d99df7b9f80,communicate organizational information to customers or other stakeholders,2728,b12a99169d3e,8,0.5242484390735627,0.32124465703964233,2.490067958831787,0.13913042843341827,0.692307710647583,0.2893255650997162,1
/home/jovyan/Joel_Pardo/AI4LABOUR/Mejoras/results_coursera/models/simcse_coursera_sup/sentence-transformers/all-MiniLM-L6-v2,D_char_jaccard,199,0d99df7b9f80,communicate organizational information to customers or other stakeholders,4331,afa0135399b2,9,0.7962863922119141,0.509681224822998,4.496062755584717,0.13698630034923553,0.3333333432674408,0.5916502475738525,1
/home/jovyan/Joel_Pardo/AI4LABOUR/Mejoras/results_coursera/models/simcse_coursera_sup/sentence-transformers/all-MiniLM-L6-v2,D_char_jaccard,199,0d99df7b9f80,communicate organizational information to customers or other stakeholders,1554,ba67eebc2f04,10,0.7148028492927552,0.3036811947822571,2.3030967712402344,0.13953489065170288,0.6666666865348816,0.8081817626953125,1
/home/jovyan/Joel_Pardo/AI4LABOUR/Mejoras/results_coursera/models/simcse_coursera_sup/sentence-transformers/all-MiniLM-L6-v2,D_char_jaccard,200,9ff41f315fd5,operate computer systems,1512,f1624e5afb6a,1,1.142874050140381,0.680946946144104,5.609296798706055,0.37037035822868347,0.75,0.8748230934143066,1
/home/jovyan/Joel_Pardo/AI4LABOUR/Mejoras/results_coursera/models/simcse_coursera_sup/sentence-transformers/all-MiniLM-L6-v2,D_char_jaccard,200,9ff41f315fd5,operate computer systems,1626,de19e102fde0,2,0.8880136489868165,0.3755706548690796,2.5244038105010986,0.25,0.75,1.0,1
/home/jovyan/Joel_Pardo/AI4LABOUR/Mejoras/results_coursera/models/simcse_coursera_sup/sentence-transformers/all-MiniLM-L6-v2,D_char_jaccard,200,9ff41f315fd5,operate computer systems,4487,5b4964424cc3,3,0.8870679616928101,0.4490934908390045,3.267127513885498,0.1818181872367859,0.75,0.8748230934143066,1
/home/jovyan/Joel_Pardo/AI4LABOUR/Mejoras/results_coursera/models/simcse_coursera_sup/sentence-transformers/all-MiniLM-L6-v2,D_char_jaccard,200,9ff41f315fd5,operate computer systems,1606,3e05f4af41d8,4,0.891042697429657,0.3958282470703125,2.7290446758270264,0.18918919563293457,0.75,1.0,1
/home/jovyan/Joel_Pardo/AI4LABOUR/Mejoras/results_coursera/models/simcse_coursera_sup/sentence-transformers/all-MiniLM-L6-v2,D_char_jaccard,200,9ff41f315fd5,operate computer systems,1520,69f05b8873bb,5,0.8750555992126465,0.40000486373901367,2.7712366580963135,0.2857142984867096,1.0,0.8590565323829651,1
/home/jovyan/Joel_Pardo/AI4LABOUR/Mejoras/results_coursera/models/simcse_coursera_sup/sentence-transformers/all-MiniLM-L6-v2,D_char_jaccard,200,9ff41f315fd5,operate computer systems,4476,70a120132f53,6,0.8471126437187195,0.3804174065589905,2.5733654499053955,0.26923078298568726,0.75,0.8748230934143066,1
/home/jovyan/Joel_Pardo/AI4LABOUR/Mejoras/results_coursera/models/simcse_coursera_sup/sentence-transformers/all-MiniLM-L6-v2,D_char_jaccard,200,9ff41f315fd5,operate computer systems,62,422cb95c884c,7,0.8534496307373047,0.40793782472610474,2.851375102996826,0.17073170840740204,1.0,0.8590565323829651,1
/home/jovyan/Joel_Pardo/AI4LABOUR/Mejoras/results_coursera/models/simcse_coursera_sup/sentence-transformers/all-MiniLM-L6-v2,D_char_jaccard,200,9ff41f315fd5,operate computer systems,658,20a8b555385c,8,0.9714905500411988,0.47071748971939087,3.4855713844299316,0.24137930572032928,0.75,1.0,1
/home/jovyan/Joel_Pardo/AI4LABOUR/Mejoras/results_coursera/models/simcse_coursera_sup/sentence-transformers/all-MiniLM-L6-v2,D_char_jaccard,200,9ff41f315fd5,operate computer systems,433,c662a60ef5d0,9,0.781680452823639,0.3875996172428131,2.6459200382232666,0.1666666716337204,0.800000011920929,0.7529352307319641,1
/home/jovyan/Joel_Pardo/AI4LABOUR/Mejoras/results_coursera/models/simcse_coursera_sup/sentence-transformers/all-MiniLM-L6-v2,D_char_jaccard,200,9ff41f315fd5,operate computer systems,3979,9e51eeb429ae,10,0.9288318037986756,0.4904472231864929,3.684880018234253,0.20000000298023224,0.75,0.8748230934143066,1
/home/jovyan/Joel_Pardo/AI4LABOUR/Mejoras/results_coursera/models/simcse_coursera_sup/sentence-transformers/all-MiniLM-L6-v2,D_char_jaccard,201,42bb588edac5,maintain test equipment,2641,414d1ab8da6a,1,0.9232510805130005,0.41329890489578247,4.7964558601379395,0.20512820780277252,1.0,1.0,1
/home/jovyan/Joel_Pardo/AI4LABOUR/Mejoras/results_coursera/models/simcse_coursera_sup/sentence-transformers/all-MiniLM-L6-v2,D_char_jaccard,201,42bb588edac5,maintain test equipment,116,7588597f0f7f,2,0.7129616022109986,0.32263487577438354,3.613668203353882,0.17142857611179352,1.0,0.6993325352668762,1
/home/jovyan/Joel_Pardo/AI4LABOUR/Mejoras/results_coursera/models/simcse_coursera_sup/sentence-transformers/all-MiniLM-L6-v2,D_char_jaccard,201,42bb588edac5,maintain test equipment,3262,b0569152a26e,3,0.5744892835617066,0.15055447816848755,1.3687365055084229,0.1034482792019844,0.75,0.814070463180542,1
/home/jovyan/Joel_Pardo/AI4LABOUR/Mejoras/results_coursera/models/simcse_coursera_sup/sentence-transformers/all-MiniLM-L6-v2,D_char_jaccard,201,42bb588edac5,maintain test equipment,1775,00de981e846c,4,0.3498646795749664,0.25625988841056824,2.747751474380493,0.07692307978868484,1.0,0.0,1
/home/jovyan/Joel_Pardo/AI4LABOUR/Mejoras/results_coursera/models/simcse_coursera_sup/sentence-transformers/all-MiniLM-L6-v2,D_char_jaccard,201,42bb588edac5,maintain test equipment,1894,e2dff2ef2fd2,5,0.7329034090042115,0.31826871633529663,3.5567078590393066,0.13333334028720856,0.75,0.814070463180542,1
/home/jovyan/Joel_Pardo/AI4LABOUR/Mejoras/results_coursera/models/simcse_coursera_sup/sentence-transformers/all-MiniLM-L6-v2,D_char_jaccard,201,42bb588edac5,maintain test equipment,4503,8c63b2397fed,6,0.34324766993522643,0.27004843950271606,2.9276344776153564,0.040816325694322586,0.800000011920929,0.0,1
/home/jovyan/Joel_Pardo/AI4LABOUR/Mejoras/results_coursera/models/simcse_coursera_sup/sentence-transformers/all-MiniLM-L6-v2,D_char_jaccard,201,42bb588edac5,maintain test equipment,2688,0950dcce7437,7,0.7372941851615906,0.36642593145370483,4.1849589347839355,0.1111111119389534,1.0,0.6993325352668762,1
/home/jovyan/Joel_Pardo/AI4LABOUR/Mejoras/results_coursera/models/simcse_coursera_sup/sentence-transformers/all-MiniLM-L6-v2,D_char_jaccard,201,42bb588edac5,maintain test equipment,3459,cc4e09d0f3d3,8,0.8753200650215149,0.5268427133560181,6.277729034423828,0.08571428805589676,1.0,0.6993325352668762,1
/home/jovyan/Joel_Pardo/AI4LABOUR/Mejoras/results_coursera/models/simcse_coursera_sup/sentence-transformers/all-MiniLM-L6-v2,D_char_jaccard,201,42bb588edac5,maintain test equipment,5190,a6f0351e17b3,9,0.3651997625827789,0.2922154366970062,3.2168214321136475,0.05882352963089943,0.75,0.0,1
/home/jovyan/Joel_Pardo/AI4LABOUR/Mejoras/results_coursera/models/simcse_coursera_sup/sentence-transformers/all-MiniLM-L6-v2,D_char_jaccard,201,42bb588edac5,maintain test equipment,855,834fcfea4206,10,0.8961676836013794,0.5098288059234619,6.0557684898376465,0.09677419066429138,0.75,0.814070463180542,1
/home/jovyan/Joel_Pardo/AI4LABOUR/Mejoras/results_coursera/models/simcse_coursera_sup/sentence-transformers/all-MiniLM-L6-v2,D_char_jaccard,202,8747ed85441f,inspect finished products to locate flaws,2067,9c7403fc6e17,1,0.7542054533958436,0.2648888826370239,2.6184117794036865,0.1489361673593521,0.5714285969734192,1.0,1
/home/jovyan/Joel_Pardo/AI4LABOUR/Mejoras/results_coursera/models/simcse_coursera_sup/sentence-transformers/all-MiniLM-L6-v2,D_char_jaccard,202,8747ed85441f,inspect finished products to locate flaws,2478,9b7d2bb3c766,2,0.4359666883945465,0.3601890504360199,3.7570576667785645,0.07575757801532745,0.8571428656578064,0.0,1
/home/jovyan/Joel_Pardo/AI4LABOUR/Mejoras/results_coursera/models/simcse_coursera_sup/sentence-transformers/all-MiniLM-L6-v2,D_char_jaccard,202,8747ed85441f,inspect finished products to locate flaws,681,22e6a97d1196,3,0.3724381923675537,0.16833454370498657,1.4647811651229858,0.04477611929178238,0.7142857313156128,0.4350719451904297,0
/home/jovyan/Joel_Pardo/AI4LABOUR/Mejoras/results_coursera/models/simcse_coursera_sup/sentence-transformers/all-MiniLM-L6-v2,D_char_jaccard,202,8747ed85441f,inspect finished products to locate flaws,1077,1ab00f837c57,4,0.48660810589790343,0.272258996963501,2.706469774246216,0.043478261679410934,0.4117647111415863,0.4002930521965027,1
/home/jovyan/Joel_Pardo/AI4LABOUR/Mejoras/results_coursera/models/simcse_coursera_sup/sentence-transformers/all-MiniLM-L6-v2,D_char_jaccard,202,8747ed85441f,inspect finished products to locate flaws,3666,789a184d765c,5,0.42108993530273436,0.1713377833366394,1.5006638765335083,0.02857142873108387,0.7142857313156128,0.4350719451904297,1
/home/jovyan/Joel_Pardo/AI4LABOUR/Mejoras/results_coursera/models/simcse_coursera_sup/sentence-transformers/all-MiniLM-L6-v2,D_char_jaccard,202,8747ed85441f,inspect finished products to locate flaws,4346,dc00b108ce90,6,0.561896026134491,0.21672436594963074,2.042942523956299,0.1428571492433548,1.0,0.7028244733810425,0
/home/jovyan/Joel_Pardo/AI4LABOUR/Mejoras/results_coursera/models/simcse_coursera_sup/sentence-transformers/all-MiniLM-L6-v2,D_char_jaccard,202,8747ed85441f,inspect finished products to locate flaws,2623,5b9cd334c378,7,0.4012102961540222,0.22889257967472076,2.188328266143799,0.05376344174146652,0.6363636255264282,0.24986985325813293,1
/home/jovyan/Joel_Pardo/AI4LABOUR/Mejoras/results_coursera/models/simcse_coursera_sup/sentence-transformers/all-MiniLM-L6-v2,D_char_jaccard,202,8747ed85441f,inspect finished products to locate flaws,3896,d9209257f4c6,8,0.3593425929546356,0.3040314316749573,3.0860867500305176,0.0,0.7142857313156128,0.0,1
/home/jovyan/Joel_Pardo/AI4LABOUR/Mejoras/results_coursera/models/simcse_coursera_sup/sentence-transformers/all-MiniLM-L6-v2,D_char_jaccard,202,8747ed85441f,inspect finished products to locate flaws,690,32402d5443a6,9,0.3935550630092621,0.24274462461471558,2.353832244873047,0.07070706784725189,0.5,0.206020325422287,1
/home/jovyan/Joel_Pardo/AI4LABOUR/Mejoras/results_coursera/models/simcse_coursera_sup/sentence-transformers/all-MiniLM-L6-v2,D_char_jaccard,202,8747ed85441f,inspect finished products to locate flaws,4130,a7c4c4994d02,10,0.3523960292339325,0.30713555216789246,3.1231746673583984,0.0181818176060915,0.4285714328289032,0.0,1
/home/jovyan/Joel_Pardo/AI4LABOUR/Mejoras/results_coursera/models/simcse_coursera_sup/sentence-transformers/all-MiniLM-L6-v2,D_char_jaccard,203,79676bc4eb6a,collect samples of raw materials or finished products,989,4ec4f7a20f54,1,1.1183777332305909,0.6423332691192627,7.161518573760986,0.25,0.5555555820465088,1.0,1
/home/jovyan/Joel_Pardo/AI4LABOUR/Mejoras/results_coursera/models/simcse_coursera_sup/sentence-transformers/all-MiniLM-L6-v2,D_char_jaccard,203,79676bc4eb6a,collect samples of raw materials or finished products,3154,d74736c2fa1e,2,0.6212096691131592,0.3195478618144989,3.2003414630889893,0.09090909361839294,0.8888888955116272,0.5411123037338257,1
/home/jovyan/Joel_Pardo/AI4LABOUR/Mejoras/results_coursera/models/simcse_coursera_sup/sentence-transformers/all-MiniLM-L6-v2,D_char_jaccard,203,79676bc4eb6a,collect samples of raw materials or finished products,3304,ecdd6aedb4c3,3,0.38335496187210083,0.2721633017063141,2.618844747543335,0.04545454680919647,0.4444444477558136,0.2620553970336914,0
/home/jovyan/Joel_Pardo/AI4LABOUR/Mejoras/results_coursera/models/simcse_coursera_sup/sentence-transformers/all-MiniLM-L6-v2,D_char_jaccard,203,79676bc4eb6a,collect samples of raw materials or finished products,2623,5b9cd334c378,4,0.43863056898117064,0.2505417466163635,2.353508234024048,0.058252427726984024,0.8181818127632141,0.26917704939842224,1
/home/jovyan/Joel_Pardo/AI4LABOUR/Mejoras/results_coursera/models/simcse_coursera_sup/sentence-transformers/all-MiniLM-L6-v2,D_char_jaccard,203,79676bc4eb6a,collect samples of raw materials or finished products,4957,25aa304c3c46,5,0.38671064376831055,0.11844378709793091,0.7324203848838806,0.12903225421905518,0.4444444477558136,0.5640773773193359,0
/home/jovyan/Joel_Pardo/AI4LABOUR/Mejoras/results_coursera/models/simcse_coursera_sup/sentence-transformers/all-MiniLM-L6-v2,D_char_jaccard,203,79676bc4eb6a,collect samples of raw materials or finished products,4346,dc00b108ce90,6,0.5419869005680085,0.2994655966758728,2.953894853591919,0.10000000149011612,0.7777777910232544,0.39644739031791687,1
/home/jovyan/Joel_Pardo/AI4LABOUR/Mejoras/results_coursera/models/simcse_coursera_sup/sentence-transformers/all-MiniLM-L6-v2,D_char_jaccard,203,79676bc4eb6a,collect samples of raw materials or finished products,3779,3fcaa173f4f9,7,0.3966253876686096,0.2399095743894577,2.223031520843506,0.07692307978868484,0.8888888955116272,0.16757884621620178,1
/home/jovyan/Joel_Pardo/AI4LABOUR/Mejoras/results_coursera/models/simcse_coursera_sup/sentence-transformers/all-MiniLM-L6-v2,D_char_jaccard,203,79676bc4eb6a,collect samples of raw materials or finished products,4415,859f5dcf8041,8,0.5731873393058777,0.3498160243034363,3.5717880725860596,0.1650485396385193,0.692307710647583,0.3311883807182312,1
/home/jovyan/Joel_Pardo/AI4LABOUR/Mejoras/results_coursera/models/simcse_coursera_sup/sentence-transformers/all-MiniLM-L6-v2,D_char_jaccard,203,79676bc4eb6a,collect samples of raw materials or finished products,4092,13573f8171ba,9,0.39377846121788024,0.23633277416229248,2.179137706756592,0.07407407462596893,0.7777777910232544,0.18417894840240479,1
/home/jovyan/Joel_Pardo/AI4LABOUR/Mejoras/results_coursera/models/simcse_coursera_sup/sentence-transformers/all-MiniLM-L6-v2,D_char_jaccard,203,79676bc4eb6a,collect samples of raw materials or finished products,1077,1ab00f837c57,10,0.36355440616607665,0.31023311614990234,3.0860321521759033,0.031496062874794006,0.529411792755127,0.0,1
/home/jovyan/Joel_Pardo/AI4LABOUR/Mejoras/results_coursera/models/simcse_coursera_sup/sentence-transformers/all-MiniLM-L6-v2,D_char_jaccard,204,62b52b411f3a,develop biological research methods,332,444510b9c3c3,1,1.1636325597763062,0.6417465806007385,7.477475166320801,0.42424243688583374,0.6000000238418579,1.0,1
/home/jovyan/Joel_Pardo/AI4LABOUR/Mejoras/results_coursera/models/simcse_coursera_sup/sentence-transformers/all-MiniLM-L6-v2,D_char_jaccard,204,62b52b411f3a,develop biological research methods,1611,3444f93619e5,2,0.6617523312568665,0.2778116464614868,2.9419264793395996,0.20000000298023224,0.800000011920929,0.6793045401573181,1
/home/jovyan/Joel_Pardo/AI4LABOUR/Mejoras/results_coursera/models/simcse_coursera_sup/sentence-transformers/all-MiniLM-L6-v2,D_char_jaccard,204,62b52b411f3a,develop biological research methods,3144,19c6d540fe6c,3,0.4511724293231964,0.403199702501297,4.504578113555908,0.0731707289814949,0.4000000059604645,0.0,1
/home/jovyan/Joel_Pardo/AI4LABOUR/Mejoras/results_coursera/models/simcse_coursera_sup/sentence-transformers/all-MiniLM-L6-v2,D_char_jaccard,204,62b52b411f3a,develop biological research methods,83,09a461e089fd,4,0.4681648790836334,0.1756378412246704,1.668582797050476,0.12765957415103912,0.800000011920929,0.4704398810863495,1
/home/jovyan/Joel_Pardo/AI4LABOUR/Mejoras/results_coursera/models/simcse_coursera_sup/sentence-transformers/all-MiniLM-L6-v2,D_char_jaccard,204,62b52b411f3a,develop biological research methods,2968,00ed7f0135bc,5,0.5602960467338562,0.3075621724128723,3.3126931190490723,0.15217390656471252,0.800000011920929,0.3886166512966156,1
/home/jovyan/Joel_Pardo/AI4LABOUR/Mejoras/results_coursera/models/simcse_coursera_sup/sentence-transformers/all-MiniLM-L6-v2,D_char_jaccard,204,62b52b411f3a,develop biological research methods,1937,9577cc9be047,6,0.5385082244873047,0.2824140787124634,2.999284267425537,0.15555556118488312,0.800000011920929,0.3886166512966156,1
/home/jovyan/Joel_Pardo/AI4LABOUR/Mejoras/results_coursera/models/simcse_coursera_sup/sentence-transformers/all-MiniLM-L6-v2,D_char_jaccard,204,62b52b411f3a,develop biological research methods,1577,30283b9c2649,7,0.6285801410675049,0.3566581904888153,3.924553632736206,0.11764705926179886,0.800000011920929,0.4704398810863495,1
/home/jovyan/Joel_Pardo/AI4LABOUR/Mejoras/results_coursera/models/simcse_coursera_sup/sentence-transformers/all-MiniLM-L6-v2,D_char_jaccard,204,62b52b411f3a,develop biological research methods,4899,ee82dbf27ce1,8,0.47158249020576476,0.18417802453041077,1.7750149965286255,0.1794871836900711,0.6000000238418579,0.4523760974407196,1
/home/jovyan/Joel_Pardo/AI4LABOUR/Mejoras/results_coursera/models/simcse_coursera_sup/sentence-transformers/all-MiniLM-L6-v2,D_char_jaccard,204,62b52b411f3a,develop biological research methods,3337,77c74b3d95ae,9,0.4793524920940399,0.4215027689933777,4.732680797576904,0.0,1.0,0.0,1
/home/jovyan/Joel_Pardo/AI4LABOUR/Mejoras/results_coursera/models/simcse_coursera_sup/sentence-transformers/all-MiniLM-L6-v2,D_char_jaccard,204,62b52b411f3a,develop biological research methods,3774,3bb46e004c8a,10,0.44966384768486023,0.1822543442249298,1.751041054725647,0.1463414579629898,0.6000000238418579,0.5476239323616028,0
/home/jovyan/Joel_Pardo/AI4LABOUR/Mejoras/results_coursera/models/simcse_coursera_sup/sentence-transformers/all-MiniLM-L6-v2,D_char_jaccard,205,45b6fa08d56b,research diseases or parasites,1193,48ee2655e93b,1,1.0289068698883057,0.5573439002037048,6.13670015335083,0.18918919563293457,0.6000000238418579,1.0,1
/home/jovyan/Joel_Pardo/AI4LABOUR/Mejoras/results_coursera/models/simcse_coursera_sup/sentence-transformers/all-MiniLM-L6-v2,D_char_jaccard,205,45b6fa08d56b,research diseases or parasites,4119,2857869a24ae,2,0.6892126083374024,0.33071082830429077,3.391270637512207,0.15789473056793213,0.6000000238418579,0.6802482008934021,1
/home/jovyan/Joel_Pardo/AI4LABOUR/Mejoras/results_coursera/models/simcse_coursera_sup/sentence-transformers/all-MiniLM-L6-v2,D_char_jaccard,205,45b6fa08d56b,research diseases or parasites,4899,ee82dbf27ce1,3,0.5703715562820435,0.19350510835647583,1.7291626930236816,0.1764705926179886,0.6000000238418579,0.6802482008934021,1
/home/jovyan/Joel_Pardo/AI4LABOUR/Mejoras/results_coursera/models/simcse_coursera_sup/sentence-transformers/all-MiniLM-L6-v2,D_char_jaccard,205,45b6fa08d56b,research diseases or parasites,1309,a8e51d116de8,4,0.6626739382743836,0.3323916494846344,3.4116322994232178,0.15909090638160706,0.800000011920929,0.5843716859817505,1
/home/jovyan/Joel_Pardo/AI4LABOUR/Mejoras/results_coursera/models/simcse_coursera_sup/sentence-transformers/all-MiniLM-L6-v2,D_char_jaccard,205,45b6fa08d56b,research diseases or parasites,2968,00ed7f0135bc,5,0.5664096355438233,0.2289729118347168,2.1588191986083984,0.1463414579629898,0.800000011920929,0.5843716859817505,1
/home/jovyan/Joel_Pardo/AI4LABOUR/Mejoras/results_coursera/models/simcse_coursera_sup/sentence-transformers/all-MiniLM-L6-v2,D_char_jaccard,205,45b6fa08d56b,research diseases or parasites,4019,6b55f944d0bc,6,0.9289065480232239,0.48858708143234253,5.303781032562256,0.2222222238779068,0.800000011920929,0.8590565323829651,1
/home/jovyan/Joel_Pardo/AI4LABOUR/Mejoras/results_coursera/models/simcse_coursera_sup/sentence-transformers/all-MiniLM-L6-v2,D_char_jaccard,205,45b6fa08d56b,research diseases or parasites,4125,82ec071ba573,7,0.523446935415268,0.4604271650314331,4.962652206420898,0.15625,0.4000000059604645,0.0,1
/home/jovyan/Joel_Pardo/AI4LABOUR/Mejoras/results_coursera/models/simcse_coursera_sup/sentence-transformers/all-MiniLM-L6-v2,D_char_jaccard,205,45b6fa08d56b,research diseases or parasites,2172,895ce8e2039e,8,0.956351387500763,0.5663585662841797,6.245903491973877,0.1818181872367859,1.0,0.7529352307319641,1
/home/jovyan/Joel_Pardo/AI4LABOUR/Mejoras/results_coursera/models/simcse_coursera_sup/sentence-transformers/all-MiniLM-L6-v2,D_char_jaccard,205,45b6fa08d56b,research diseases or parasites,4067,1994073529aa,9,0.6866147994995118,0.32406482100486755,3.3107612133026123,0.17142857611179352,0.6000000238418579,0.6802482008934021,1
/home/jovyan/Joel_Pardo/AI4LABOUR/Mejoras/results_coursera/models/simcse_coursera_sup/sentence-transformers/all-MiniLM-L6-v2,D_char_jaccard,205,45b6fa08d56b,research diseases or parasites,1578,e2ac28b6d5d5,10,0.6352112770080567,0.25450876355171204,2.4681601524353027,0.21621622145175934,0.6000000238418579,0.6802482008934021,1
/home/jovyan/Joel_Pardo/AI4LABOUR/Mejoras/results_coursera/models/simcse_coursera_sup/sentence-transformers/all-MiniLM-L6-v2,D_char_jaccard,206,c32f9f13a109,research microbiological or chemical processes or structures,3804,f02b8c39d3be,1,0.8135321021080018,0.35270923376083374,3.7806801795959473,0.109375,0.375,1.0,1
/home/jovyan/Joel_Pardo/AI4LABOUR/Mejoras/results_coursera/models/simcse_coursera_sup/sentence-transformers/all-MiniLM-L6-v2,D_char_jaccard,206,c32f9f13a109,research microbiological or chemical processes or structures,1476,24f36fc99f1a,2,0.5952573895454407,0.28733980655670166,2.9852800369262695,0.095238097012043,0.375,0.6102300882339478,1
/home/jovyan/Joel_Pardo/AI4LABOUR/Mejoras/results_coursera/models/simcse_coursera_sup/sentence-transformers/all-MiniLM-L6-v2,D_char_jaccard,206,c32f9f13a109,research microbiological or chemical processes or structures,3757,0c29bb383513,3,0.537921130657196,0.1868065446615219,1.762014389038086,0.14035087823867798,0.375,0.7898937463760376,0
/home/jovyan/Joel_Pardo/AI4LABOUR/Mejoras/results_coursera/models/simcse_coursera_sup/sentence-transformers/all-MiniLM-L6-v2,D_char_jaccard,206,c32f9f13a109,research microbiological or chemical processes or structures,268,24817736836a,4,0.5146930813789368,0.16061601042747498,1.4433338642120361,0.14754098653793335,0.5,0.7706336379051208,0
/home/jovyan/Joel_Pardo/AI4LABOUR/Mejoras/results_coursera/models/simcse_coursera_sup/sentence-transformers/all-MiniLM-L6-v2,D_char_jaccard,206,c32f9f13a109,research microbiological or chemical processes or structures,4899,ee82dbf27ce1,5,0.5107636034488678,0.19117721915245056,1.8151955604553223,0.1034482792019844,0.375,0.6102300882339478,1
/home/jovyan/Joel_Pardo/AI4LABOUR/Mejoras/results_coursera/models/simcse_coursera_sup/sentence-transformers/all-MiniLM-L6-v2,D_char_jaccard,206,c32f9f13a109,research microbiological or chemical processes or structures,910,6c52f5a6e982,6,0.46584035754203795,0.43378815054893494,4.767230033874512,0.0517241396009922,0.25,0.0,1
/home/jovyan/Joel_Pardo/AI4LABOUR/Mejoras/results_coursera/models/simcse_coursera_sup/sentence-transformers/all-MiniLM-L6-v2,D_char_jaccard,206,c32f9f13a109,research microbiological or chemical processes or structures,989,4ec4f7a20f54,7,0.6329271674156189,0.31596648693084717,3.3336029052734375,0.11764705926179886,0.625,0.5947388410568237,1
/home/jovyan/Joel_Pardo/AI4LABOUR/Mejoras/results_coursera/models/simcse_coursera_sup/sentence-transformers/all-MiniLM-L6-v2,D_char_jaccard,206,c32f9f13a109,research microbiological or chemical processes or structures,2515,d7bcb433bafc,8,0.46380603313446045,0.10245919227600098,0.7356950640678406,0.14754098653793335,0.375,0.7898937463760376,0
/home/jovyan/Joel_Pardo/AI4LABOUR/Mejoras/results_coursera/models/simcse_coursera_sup/sentence-transformers/all-MiniLM-L6-v2,D_char_jaccard,206,c32f9f13a109,research microbiological or chemical processes or structures,1937,9577cc9be047,9,0.5953353524208069,0.3142985701560974,3.313308000564575,0.1111111119389534,0.5,0.5242221355438232,1
/home/jovyan/Joel_Pardo/AI4LABOUR/Mejoras/results_coursera/models/simcse_coursera_sup/sentence-transformers/all-MiniLM-L6-v2,D_char_jaccard,206,c32f9f13a109,research microbiological or chemical processes or structures,4655,d2cb89335985,10,0.475299596786499,0.20418782532215118,1.9735058546066284,0.1147540956735611,0.375,0.6102300882339478,0
/home/jovyan/Joel_Pardo/AI4LABOUR/Mejoras/results_coursera/models/simcse_coursera_sup/sentence-transformers/all-MiniLM-L6-v2,D_char_jaccard,207,7663c229a426,analyze biological samples,1611,3444f93619e5,1,0.7767639040946961,0.238071009516716,2.1894168853759766,0.25,1.0,1.0,1
/home/jovyan/Joel_Pardo/AI4LABOUR/Mejoras/results_coursera/models/simcse_coursera_sup/sentence-transformers/all-MiniLM-L6-v2,D_char_jaccard,207,7663c229a426,analyze biological samples,2536,62bb27f24dab,2,0.5857674479484558,0.21327079832553864,1.9145814180374146,0.190476194024086,1.0,0.7405116558074951,0
/home/jovyan/Joel_Pardo/AI4LABOUR/Mejoras/results_coursera/models/simcse_coursera_sup/sentence-transformers/all-MiniLM-L6-v2,D_char_jaccard,207,7663c229a426,analyze biological samples,3020,69fd5bfca825,3,0.4397063136100769,0.37436503171920776,3.6998238563537598,0.1111111119389534,0.5,0.0,1
/home/jovyan/Joel_Pardo/AI4LABOUR/Mejoras/results_coursera/models/simcse_coursera_sup/sentence-transformers/all-MiniLM-L6-v2,D_char_jaccard,207,7663c229a426,analyze biological samples,1113,7ced5e389e92,4,0.4524370014667511,0.4104138910770416,4.099316596984863,0.032258063554763794,0.5,0.0,1
/home/jovyan/Joel_Pardo/AI4LABOUR/Mejoras/results_coursera/models/simcse_coursera_sup/sentence-transformers/all-MiniLM-L6-v2,D_char_jaccard,207,7663c229a426,analyze biological samples,568,617c126cabc4,5,0.4820307970046997,0.41521942615509033,4.152571201324463,0.13333334028720856,0.5,0.0,1
/home/jovyan/Joel_Pardo/AI4LABOUR/Mejoras/results_coursera/models/simcse_coursera_sup/sentence-transformers/all-MiniLM-L6-v2,D_char_jaccard,207,7663c229a426,analyze biological samples,1079,8cd953430cf0,6,0.5110713720321656,0.4808230400085449,4.879589080810547,0.056179776787757874,0.2857142984867096,0.0,1
/home/jovyan/Joel_Pardo/AI4LABOUR/Mejoras/results_coursera/models/simcse_coursera_sup/sentence-transformers/all-MiniLM-L6-v2,D_char_jaccard,207,7663c229a426,analyze biological samples,236,f37457245725,7,0.48592581152915953,0.41744282841682434,4.177210807800293,0.09090909361839294,0.75,0.0,1
/home/jovyan/Joel_Pardo/AI4LABOUR/Mejoras/results_coursera/models/simcse_coursera_sup/sentence-transformers/all-MiniLM-L6-v2,D_char_jaccard,207,7663c229a426,analyze biological samples,931,affe3f6ec267,8,0.41775705218315123,0.3357022702693939,3.2713639736175537,0.0625,1.0,0.0,1
/home/jovyan/Joel_Pardo/AI4LABOUR/Mejoras/results_coursera/models/simcse_coursera_sup/sentence-transformers/all-MiniLM-L6-v2,D_char_jaccard,207,7663c229a426,analyze biological samples,1870,b49c67106a65,9,0.45586185455322265,0.36588817834854126,3.6058835983276367,0.15625,0.75,0.0,1
/home/jovyan/Joel_Pardo/AI4LABOUR/Mejoras/results_coursera/models/simcse_coursera_sup/sentence-transformers/all-MiniLM-L6-v2,D_char_jaccard,207,7663c229a426,analyze biological samples,1029,83072951007e,10,0.5026223242282868,0.4341467618942261,4.36232328414917,0.09756097197532654,0.75,0.0,1
/home/jovyan/Joel_Pardo/AI4LABOUR/Mejoras/results_coursera/models/simcse_coursera_sup/sentence-transformers/all-MiniLM-L6-v2,D_char_jaccard,208,c1c0caaa937b,research genetic characteristics or expression,1028,8077f124cccc,1,1.0096552848815918,0.6165779829025269,7.775725841522217,0.11999999731779099,0.5,0.8743377327919006,1
/home/jovyan/Joel_Pardo/AI4LABOUR/Mejoras/results_coursera/models/simcse_coursera_sup/sentence-transformers/all-MiniLM-L6-v2,D_char_jaccard,208,c1c0caaa937b,research genetic characteristics or expression,2657,805fc5c1d17a,2,0.5899166464805603,0.12479284405708313,1.1712346076965332,0.3181818127632141,0.5,0.9326441884040833,0
/home/jovyan/Joel_Pardo/AI4LABOUR/Mejoras/results_coursera/models/simcse_coursera_sup/sentence-transformers/all-MiniLM-L6-v2,D_char_jaccard,208,c1c0caaa937b,research genetic characteristics or expression,3782,0d6b3a3f8dee,3,0.4900990605354309,0.30815863609313965,3.6337690353393555,0.08749999850988388,0.6666666865348816,0.26886993646621704,1
/home/jovyan/Joel_Pardo/AI4LABOUR/Mejoras/results_coursera/models/simcse_coursera_sup/sentence-transformers/all-MiniLM-L6-v2,D_char_jaccard,208,c1c0caaa937b,research genetic characteristics or expression,4766,63973cd3ad7c,4,0.669990885257721,0.17300578951835632,1.8187165260314941,0.190476194024086,0.3333333432674408,1.0,1
/home/jovyan/Joel_Pardo/AI4LABOUR/Mejoras/results_coursera/models/simcse_coursera_sup/sentence-transformers/all-MiniLM-L6-v2,D_char_jaccard,208,c1c0caaa937b,research genetic characteristics or expression,4899,ee82dbf27ce1,5,0.4820457875728607,0.1811273992061615,1.9277867078781128,0.12244898080825806,0.5,0.5335472226142883,1
/home/jovyan/Joel_Pardo/AI4LABOUR/Mejoras/results_coursera/models/simcse_coursera_sup/sentence-transformers/all-MiniLM-L6-v2,D_char_jaccard,208,c1c0caaa937b,research genetic characteristics or expression,4655,d2cb89335985,6,0.5619838118553162,0.2725145220756531,3.1550817489624023,0.11320754885673523,0.5,0.5335472226142883,1
/home/jovyan/Joel_Pardo/AI4LABOUR/Mejoras/results_coursera/models/simcse_coursera_sup/sentence-transformers/all-MiniLM-L6-v2,D_char_jaccard,208,c1c0caaa937b,research genetic characteristics or expression,520,44e8214a544c,7,0.380336332321167,0.32010549306869507,3.794210910797119,0.06896551698446274,0.5,0.0,1
/home/jovyan/Joel_Pardo/AI4LABOUR/Mejoras/results_coursera/models/simcse_coursera_sup/sentence-transformers/all-MiniLM-L6-v2,D_char_jaccard,208,c1c0caaa937b,research genetic characteristics or expression,2968,00ed7f0135bc,8,0.4984688639640808,0.22778993844985962,2.5544474124908447,0.1071428582072258,0.6666666865348816,0.45834723114967346,1
/home/jovyan/Joel_Pardo/AI4LABOUR/Mejoras/results_coursera/models/simcse_coursera_sup/sentence-transformers/all-MiniLM-L6-v2,D_char_jaccard,208,c1c0caaa937b,research genetic characteristics or expression,1937,9577cc9be047,9,0.4342808425426483,0.20577915012836456,2.258850574493408,0.12962962687015533,0.6666666865348816,0.45834723114967346,0
/home/jovyan/Joel_Pardo/AI4LABOUR/Mejoras/results_coursera/models/simcse_coursera_sup/sentence-transformers/all-MiniLM-L6-v2,D_char_jaccard,208,c1c0caaa937b,research genetic characteristics or expression,4681,dddc10be00dd,10,0.5329943478107453,0.23702827095985413,2.6785147190093994,0.125,0.5,0.5335472226142883,1
/home/jovyan/Joel_Pardo/AI4LABOUR/Mejoras/results_coursera/models/simcse_coursera_sup/sentence-transformers/all-MiniLM-L6-v2,D_char_jaccard,209,2ac9980eb5e6,design research studies to obtain scientific information,2969,d7b75427e092,1,1.1549351692199707,0.7338939309120178,7.300580024719238,0.1964285671710968,0.375,0.9414337277412415,1
/home/jovyan/Joel_Pardo/AI4LABOUR/Mejoras/results_coursera/models/simcse_coursera_sup/sentence-transformers/all-MiniLM-L6-v2,D_char_jaccard,209,2ac9980eb5e6,design research studies to obtain scientific information,3150,7ca5740d8368,2,0.6378804326057435,0.33157581090927124,2.861165761947632,0.1428571492433548,0.375,0.5874948501586914,1
/home/jovyan/Joel_Pardo/AI4LABOUR/Mejoras/results_coursera/models/simcse_coursera_sup/sentence-transformers/all-MiniLM-L6-v2,D_char_jaccard,209,2ac9980eb5e6,design research studies to obtain scientific information,3139,114bf571bcb6,3,0.6120642900466919,0.23206204175949097,1.7630724906921387,0.09375,0.375,0.7775523066520691,1
/home/jovyan/Joel_Pardo/AI4LABOUR/Mejoras/results_coursera/models/simcse_coursera_sup/sentence-transformers/all-MiniLM-L6-v2,D_char_jaccard,209,2ac9980eb5e6,design research studies to obtain scientific information,3572,d456d74f6ecb,4,0.5947242856025696,0.31938043236732483,2.7265946865081787,0.12162162363529205,0.5,0.5046913027763367,1
/home/jovyan/Joel_Pardo/AI4LABOUR/Mejoras/results_coursera/models/simcse_coursera_sup/sentence-transformers/all-MiniLM-L6-v2,D_char_jaccard,209,2ac9980eb5e6,design research studies to obtain scientific information,1564,4d6acf400662,5,0.7107198119163514,0.28708547353744507,2.3702332973480225,0.14754098653793335,0.375,0.866769015789032,1
/home/jovyan/Joel_Pardo/AI4LABOUR/Mejoras/results_coursera/models/simcse_coursera_sup/sentence-transformers/all-MiniLM-L6-v2,D_char_jaccard,209,2ac9980eb5e6,design research studies to obtain scientific information,4023,5562b14daecb,6,0.6013196587562561,0.2896516025066376,2.3985495567321777,0.14754098653793335,0.375,0.5874948501586914,1
/home/jovyan/Joel_Pardo/AI4LABOUR/Mejoras/results_coursera/models/simcse_coursera_sup/sentence-transformers/all-MiniLM-L6-v2,D_char_jaccard,209,2ac9980eb5e6,design research studies to obtain scientific information,3147,979ff1a4970d,7,0.9866478323936463,0.5120891332626343,4.853055477142334,0.22807016968727112,0.375,1.0,1
/home/jovyan/Joel_Pardo/AI4LABOUR/Mejoras/results_coursera/models/simcse_coursera_sup/sentence-transformers/all-MiniLM-L6-v2,D_char_jaccard,209,2ac9980eb5e6,design research studies to obtain scientific information,4655,d2cb89335985,8,0.6383632302284241,0.3575015664100647,3.1472456455230713,0.14516128599643707,0.375,0.5289285778999329,1
/home/jovyan/Joel_Pardo/AI4LABOUR/Mejoras/results_coursera/models/simcse_coursera_sup/sentence-transformers/all-MiniLM-L6-v2,D_char_jaccard,209,2ac9980eb5e6,design research studies to obtain scientific information,4187,2d883d5e00ea,9,0.7148407578468323,0.3428385853767395,2.985445737838745,0.10606060922145844,0.375,0.7775523066520691,1
/home/jovyan/Joel_Pardo/AI4LABOUR/Mejoras/results_coursera/models/simcse_coursera_sup/sentence-transformers/all-MiniLM-L6-v2,D_char_jaccard,209,2ac9980eb5e6,design research studies to obtain scientific information,1937,9577cc9be047,10,0.7125478267669678,0.4769788384437561,4.465628147125244,0.10606060922145844,0.5,0.45437952876091003,1
/home/jovyan/Joel_Pardo/AI4LABOUR/Mejoras/results_coursera/models/simcse_coursera_sup/sentence-transformers/all-MiniLM-L6-v2,D_char_jaccard,210,39fb30c0c188,instruct college students in physical or life sciences,4516,f4283dfbb653,1,0.8988224148750306,0.42354393005371094,4.969725131988525,0.15942029654979706,0.5555555820465088,1.0,1
/home/jovyan/Joel_Pardo/AI4LABOUR/Mejoras/results_coursera/models/simcse_coursera_sup/sentence-transformers/all-MiniLM-L6-v2,D_char_jaccard,210,39fb30c0c188,instruct college students in physical or life sciences,4531,0788ed572edd,2,0.5008125185966492,0.15381135046482086,1.3957955837249756,0.10526315867900848,0.3333333432674408,0.673499584197998,1
/home/jovyan/Joel_Pardo/AI4LABOUR/Mejoras/results_coursera/models/simcse_coursera_sup/sentence-transformers/all-MiniLM-L6-v2,D_char_jaccard,210,39fb30c0c188,instruct college students in physical or life sciences,138,800f68468dea,3,0.5867814421653748,0.24298635125160217,2.57735538482666,0.13793103396892548,0.3333333432674408,0.7923608422279358,0
/home/jovyan/Joel_Pardo/AI4LABOUR/Mejoras/results_coursera/models/simcse_coursera_sup/sentence-transformers/all-MiniLM-L6-v2,D_char_jaccard,210,39fb30c0c188,instruct college students in physical or life sciences,4680,46d9ce7f5b1c,4,0.7049421548843384,0.3223124146461487,3.628417730331421,0.125,0.3333333432674408,0.7923608422279358,1
/home/jovyan/Joel_Pardo/AI4LABOUR/Mejoras/results_coursera/models/simcse_coursera_sup/sentence-transformers/all-MiniLM-L6-v2,D_char_jaccard,210,39fb30c0c188,instruct college students in physical or life sciences,4599,2e23622f45cc,5,0.6992578983306885,0.3267729878425598,3.6875197887420654,0.11666666716337204,0.4444444477558136,0.7594333291053772,1
/home/jovyan/Joel_Pardo/AI4LABOUR/Mejoras/results_coursera/models/simcse_coursera_sup/sentence-transformers/all-MiniLM-L6-v2,D_char_jaccard,210,39fb30c0c188,instruct college students in physical or life sciences,4677,84aec80a0a66,6,0.4091109216213226,0.11035779118537903,0.820040225982666,0.10227272659540176,0.8181818127632141,0.48327910900115967,1
/home/jovyan/Joel_Pardo/AI4LABOUR/Mejoras/results_coursera/models/simcse_coursera_sup/sentence-transformers/all-MiniLM-L6-v2,D_char_jaccard,210,39fb30c0c188,instruct college students in physical or life sciences,3766,94c75e9264bf,7,0.3459360897541046,0.1322682499885559,1.1103516817092896,0.05128205195069313,0.7777777910232544,0.4379631578922272,0
/home/jovyan/Joel_Pardo/AI4LABOUR/Mejoras/results_coursera/models/simcse_coursera_sup/sentence-transformers/all-MiniLM-L6-v2,D_char_jaccard,210,39fb30c0c188,instruct college students in physical or life sciences,4674,4cadd80580be,8,0.6117064237594605,0.3031712770462036,3.3747994899749756,0.08974359184503555,0.5555555820465088,0.5965964198112488,1
/home/jovyan/Joel_Pardo/AI4LABOUR/Mejoras/results_coursera/models/simcse_coursera_sup/sentence-transformers/all-MiniLM-L6-v2,D_char_jaccard,210,39fb30c0c188,instruct college students in physical or life sciences,2130,e96d22cceb48,9,0.47280970215797424,0.22705428302288055,2.3662569522857666,0.09090909361839294,0.6666666865348816,0.5310006141662598,0
/home/jovyan/Joel_Pardo/AI4LABOUR/Mejoras/results_coursera/models/simcse_coursera_sup/sentence-transformers/all-MiniLM-L6-v2,D_char_jaccard,210,39fb30c0c188,instruct college students in physical or life sciences,4046,4bf789ef117d,10,0.4026800274848938,0.2339715212583542,2.4579098224639893,0.057692307978868484,0.8999999761581421,0.20670652389526367,1
/home/jovyan/Joel_Pardo/AI4LABOUR/Mejoras/results_coursera/models/simcse_coursera_sup/sentence-transformers/all-MiniLM-L6-v2,D_char_jaccard,211,c7ea79acedc2,set up laboratory or field equipment,5103,31563c6ec4b8,1,0.791432785987854,0.30451762676239014,3.2947933673858643,0.09803921729326248,0.8571428656578064,1.0,1
/home/jovyan/Joel_Pardo/AI4LABOUR/Mejoras/results_coursera/models/simcse_coursera_sup/sentence-transformers/all-MiniLM-L6-v2,D_char_jaccard,211,c7ea79acedc2,set up laboratory or field equipment,2236,4e7b71da39bd,2,0.6840501308441163,0.2467518150806427,2.5256807804107666,0.09756097197532654,0.4285714328289032,0.9153866767883301,1
/home/jovyan/Joel_Pardo/AI4LABOUR/Mejoras/results_coursera/models/simcse_coursera_sup/sentence-transformers/all-MiniLM-L6-v2,D_char_jaccard,211,c7ea79acedc2,set up laboratory or field equipment,2641,414d1ab8da6a,3,0.7489488005638123,0.33013099431991577,3.6358180046081543,0.15094339847564697,0.5714285969734192,0.8388090133666992,1
/home/jovyan/Joel_Pardo/AI4LABOUR/Mejoras/results_coursera/models/simcse_coursera_sup/sentence-transformers/all-MiniLM-L6-v2,D_char_jaccard,211,c7ea79acedc2,set up laboratory or field equipment,3465,68f5a2737513,4,0.3469676971435547,0.0552385188639164,-0.02418883703649044,0.017543859779834747,0.5714285969734192,0.6607390642166138,0
/home/jovyan/Joel_Pardo/AI4LABOUR/Mejoras/results_coursera/models/simcse_coursera_sup/sentence-transformers/all-MiniLM-L6-v2,D_char_jaccard,211,c7ea79acedc2,set up laboratory or field equipment,3892,23b7ed1361dc,5,0.3180980861186981,0.23337063193321228,2.3475193977355957,0.032258063554763794,1.0,0.0,1
/home/jovyan/Joel_Pardo/AI4LABOUR/Mejoras/results_coursera/models/simcse_coursera_sup/sentence-transformers/all-MiniLM-L6-v2,D_char_jaccard,211,c7ea79acedc2,set up laboratory or field equipment,4972,120d6106bcc8,6,0.4593652367591858,0.2150811105966568,2.10400652885437,0.05263157933950424,0.875,0.3972108066082001,1
/home/jovyan/Joel_Pardo/AI4LABOUR/Mejoras/results_coursera/models/simcse_coursera_sup/sentence-transformers/all-MiniLM-L6-v2,D_char_jaccard,211,c7ea79acedc2,set up laboratory or field equipment,1694,d6c8c0983834,7,0.3781377375125885,0.03294350206851959,-0.3210318386554718,0.02631578966975212,0.4285714328289032,0.801202654838562,0
/home/jovyan/Joel_Pardo/AI4LABOUR/Mejoras/results_coursera/models/simcse_coursera_sup/sentence-transformers/all-MiniLM-L6-v2,D_char_jaccard,211,c7ea79acedc2,set up laboratory or field equipment,4269,9c6603bfae00,8,0.5410942614078522,0.14077630639076233,1.114688754081726,0.08510638028383255,0.5714285969734192,0.7863689064979553,1
/home/jovyan/Joel_Pardo/AI4LABOUR/Mejoras/results_coursera/models/simcse_coursera_sup/sentence-transformers/all-MiniLM-L6-v2,D_char_jaccard,211,c7ea79acedc2,set up laboratory or field equipment,4092,13573f8171ba,9,0.3641127526760101,0.28949037194252014,3.0947155952453613,0.014285714365541935,1.0,0.0,1
/home/jovyan/Joel_Pardo/AI4LABOUR/Mejoras/results_coursera/models/simcse_coursera_sup/sentence-transformers/all-MiniLM-L6-v2,D_char_jaccard,211,c7ea79acedc2,set up laboratory or field equipment,3560,5f0ac5f58a14,10,0.3599968135356903,0.2917448580265045,3.124732494354248,0.014705882407724857,0.875,0.0,1
/home/jovyan/Joel_Pardo/AI4LABOUR/Mejoras/results_coursera/models/simcse_coursera_sup/sentence-transformers/all-MiniLM-L6-v2,D_char_jaccard,212,0cf60304ef43,write grant proposals,1563,50c51c20afba,1,1.2411813020706177,0.7679792046546936,9.755870819091797,0.25,0.75,1.0,1
/home/jovyan/Joel_Pardo/AI4LABOUR/Mejoras/results_coursera/models/simcse_coursera_sup/sentence-transformers/all-MiniLM-L6-v2,D_char_jaccard,212,0cf60304ef43,write grant proposals,3911,4e03bcdb6727,2,0.3305419683456421,0.022517764940857887,-0.33901694416999817,0.10256410390138626,0.6666666865348816,0.6282539963722229,0
/home/jovyan/Joel_Pardo/AI4LABOUR/Mejoras/results_coursera/models/simcse_coursera_sup/sentence-transformers/all-MiniLM-L6-v2,D_char_jaccard,212,0cf60304ef43,write grant proposals,2976,333e029b0118,3,0.6544682860374451,0.3898041844367981,4.634701728820801,0.11940298229455948,0.4444444477558136,0.5039290189743042,1
/home/jovyan/Joel_Pardo/AI4LABOUR/Mejoras/results_coursera/models/simcse_coursera_sup/sentence-transformers/all-MiniLM-L6-v2,D_char_jaccard,212,0cf60304ef43,write grant proposals,379,55cbbefb6882,4,0.3191625952720642,0.25134873390197754,2.759765863418579,0.03846153989434242,0.6666666865348816,0.0,1
/home/jovyan/Joel_Pardo/AI4LABOUR/Mejoras/results_coursera/models/simcse_coursera_sup/sentence-transformers/all-MiniLM-L6-v2,D_char_jaccard,212,0cf60304ef43,write grant proposals,4878,ad8c6508906e,5,0.306167471408844,0.24296385049819946,2.646219491958618,0.0,0.75,0.0,1
/home/jovyan/Joel_Pardo/AI4LABOUR/Mejoras/results_coursera/models/simcse_coursera_sup/sentence-transformers/all-MiniLM-L6-v2,D_char_jaccard,212,0cf60304ef43,write grant proposals,3311,e3d7f185266c,6,0.3143822431564331,0.23820248246192932,2.58174204826355,0.0,1.0,0.0,1
/home/jovyan/Joel_Pardo/AI4LABOUR/Mejoras/results_coursera/models/simcse_coursera_sup/sentence-transformers/all-MiniLM-L6-v2,D_char_jaccard,212,0cf60304ef43,write grant proposals,3232,d7dbf48fa293,7,0.312789785861969,0.23643310368061066,2.557781457901001,0.0,1.0,0.0,1
/home/jovyan/Joel_Pardo/AI4LABOUR/Mejoras/results_coursera/models/simcse_coursera_sup/sentence-transformers/all-MiniLM-L6-v2,D_char_jaccard,212,0cf60304ef43,write grant proposals,2719,7fd581d0d58b,8,0.30543680787086486,0.24215200543403625,2.635225534439087,0.0,0.75,0.0,1
/home/jovyan/Joel_Pardo/AI4LABOUR/Mejoras/results_coursera/models/simcse_coursera_sup/sentence-transformers/all-MiniLM-L6-v2,D_char_jaccard,212,0cf60304ef43,write grant proposals,2873,443ab50a6351,9,0.3350377857685089,0.26115310192108154,2.8925344944000244,0.0,1.0,0.0,1
/home/jovyan/Joel_Pardo/AI4LABOUR/Mejoras/results_coursera/models/simcse_coursera_sup/sentence-transformers/all-MiniLM-L6-v2,D_char_jaccard,212,0cf60304ef43,write grant proposals,1089,766934966e97,10,0.31433247327804564,0.23814719915390015,2.580993413925171,0.0,1.0,0.0,1
/home/jovyan/Joel_Pardo/AI4LABOUR/Mejoras/results_coursera/models/simcse_coursera_sup/sentence-transformers/all-MiniLM-L6-v2,D_char_jaccard,213,f1b4c19341de,"cultivate micro-organisms for study, testing, or medical preparations",3006,a912f5be80d2,1,0.8207384824752808,0.3413678705692291,4.051693439483643,0.19402985274791718,0.30000001192092896,1.0,1
/home/jovyan/Joel_Pardo/AI4LABOUR/Mejoras/results_coursera/models/simcse_coursera_sup/sentence-transformers/all-MiniLM-L6-v2,D_char_jaccard,213,f1b4c19341de,"cultivate micro-organisms for study, testing, or medical preparations",4031,c41b00b05cd5,2,0.7505217075347901,0.37999409437179565,4.556107044219971,0.12941177189350128,0.5,0.7529352307319641,1
/home/jovyan/Joel_Pardo/AI4LABOUR/Mejoras/results_coursera/models/simcse_coursera_sup/sentence-transformers/all-MiniLM-L6-v2,D_char_jaccard,213,f1b4c19341de,"cultivate micro-organisms for study, testing, or medical preparations",3874,c3a7f01ec4d8,3,0.3836316168308258,0.12792694568634033,1.2644020318984985,0.10256410390138626,0.4000000059604645,0.5571408271789551,0
/home/jovyan/Joel_Pardo/AI4LABOUR/Mejoras/results_coursera/models/simcse_coursera_sup/sentence-transformers/all-MiniLM-L6-v2,D_char_jaccard,213,f1b4c19341de,"cultivate micro-organisms for study, testing, or medical preparations",3825,878efe7aaf4d,4,0.5386609315872193,0.17317941784858704,1.8553470373153687,0.10144927352666855,0.30000001192092896,0.7310928106307983,1
/home/jovyan/Joel_Pardo/AI4LABOUR/Mejoras/results_coursera/models/simcse_coursera_sup/sentence-transformers/all-MiniLM-L6-v2,D_char_jaccard,213,f1b4c19341de,"cultivate micro-organisms for study, testing, or medical preparations",5068,8cbd1bfd8873,5,0.5437260866165161,0.20668485760688782,2.29288911819458,0.05797101557254791,0.30000001192092896,0.8205423951148987,0
/home/jovyan/Joel_Pardo/AI4LABOUR/Mejoras/results_coursera/models/simcse_coursera_sup/sentence-transformers/all-MiniLM-L6-v2,D_char_jaccard,213,f1b4c19341de,"cultivate micro-organisms for study, testing, or medical preparations",2623,5b9cd334c378,6,0.4300314664840698,0.20705033838748932,2.297661781311035,0.02521008439362049,0.9090909361839294,0.35482272505760193,1
/home/jovyan/Joel_Pardo/AI4LABOUR/Mejoras/results_coursera/models/simcse_coursera_sup/sentence-transformers/all-MiniLM-L6-v2,D_char_jaccard,213,f1b4c19341de,"cultivate micro-organisms for study, testing, or medical preparations",4827,d98cfde26a3d,7,0.3862761855125427,0.07887323945760727,0.6238174438476562,0.0533333346247673,0.4000000059604645,0.7048923373222351,0
/home/jovyan/Joel_Pardo/AI4LABOUR/Mejoras/results_coursera/models/simcse_coursera_sup/sentence-transformers/all-MiniLM-L6-v2,D_char_jaccard,213,f1b4c19341de,"cultivate micro-organisms for study, testing, or medical preparations",3857,fc55f38e2c59,8,0.41737653613090514,0.20119209587574005,2.2211599349975586,0.1111111119389534,0.6000000238418579,0.32131466269493103,1
/home/jovyan/Joel_Pardo/AI4LABOUR/Mejoras/results_coursera/models/simcse_coursera_sup/sentence-transformers/all-MiniLM-L6-v2,D_char_jaccard,213,f1b4c19341de,"cultivate micro-organisms for study, testing, or medical preparations",568,617c126cabc4,9,0.5932205796241761,0.5805625915527344,7.175299167633057,0.04285714402794838,0.20000000298023224,0.0,1
/home/jovyan/Joel_Pardo/AI4LABOUR/Mejoras/results_coursera/models/simcse_coursera_sup/sentence-transformers/all-MiniLM-L6-v2,D_char_jaccard,213,f1b4c19341de,"cultivate micro-organisms for study, testing, or medical preparations",931,affe3f6ec267,10,0.3963527977466583,0.13582941889762878,1.3675991296768188,0.125,0.4000000059604645,0.5571408271789551,0
/home/jovyan/Joel_Pardo/AI4LABOUR/Mejoras/results_coursera/models/simcse_coursera_sup/sentence-transformers/all-MiniLM-L6-v2,D_char_jaccard,214,fc824bfe7bf0,prepare biological samples for testing or analysis,4590,5d45850c5baa,1,0.913713800907135,0.4617244601249695,4.959659576416016,0.11764705926179886,0.375,1.0,1
/home/jovyan/Joel_Pardo/AI4LABOUR/Mejoras/results_coursera/models/simcse_coursera_sup/sentence-transformers/all-MiniLM-L6-v2,D_char_jaccard,214,fc824bfe7bf0,prepare biological samples for testing or analysis,1199,02c8163079c1,2,0.5719389200210572,0.26455289125442505,2.682941198348999,0.10769230872392654,0.625,0.5641706585884094,1
/home/jovyan/Joel_Pardo/AI4LABOUR/Mejoras/results_coursera/models/simcse_coursera_sup/sentence-transformers/all-MiniLM-L6-v2,D_char_jaccard,214,fc824bfe7bf0,prepare biological samples for testing or analysis,1611,3444f93619e5,3,0.5526644587516785,0.10280898958444595,0.8153020143508911,0.1525423675775528,0.5,0.9925020337104797,0
/home/jovyan/Joel_Pardo/AI4LABOUR/Mejoras/results_coursera/models/simcse_coursera_sup/sentence-transformers/all-MiniLM-L6-v2,D_char_jaccard,214,fc824bfe7bf0,prepare biological samples for testing or analysis,3132,ff9408e1d762,4,0.43484193086624146,0.18469664454460144,1.7608498334884644,0.17307692766189575,0.375,0.5164892673492432,0
/home/jovyan/Joel_Pardo/AI4LABOUR/Mejoras/results_coursera/models/simcse_coursera_sup/sentence-transformers/all-MiniLM-L6-v2,D_char_jaccard,214,fc824bfe7bf0,prepare biological samples for testing or analysis,2421,c51ec110a103,5,0.43419994711875914,0.15645942091941833,1.434797763824463,0.16363635659217834,0.5,0.44369345903396606,1
/home/jovyan/Joel_Pardo/AI4LABOUR/Mejoras/results_coursera/models/simcse_coursera_sup/sentence-transformers/all-MiniLM-L6-v2,D_char_jaccard,214,fc824bfe7bf0,prepare biological samples for testing or analysis,931,affe3f6ec267,6,0.6787244558334351,0.34131914377212524,3.569352626800537,0.15625,0.5,0.643686830997467,1
/home/jovyan/Joel_Pardo/AI4LABOUR/Mejoras/results_coursera/models/simcse_coursera_sup/sentence-transformers/all-MiniLM-L6-v2,D_char_jaccard,214,fc824bfe7bf0,prepare biological samples for testing or analysis,2623,5b9cd334c378,7,0.44448750019073485,0.20762893557548523,2.025646448135376,0.029126213863492012,0.7272727489471436,0.4099407494068146,1
/home/jovyan/Joel_Pardo/AI4LABOUR/Mejoras/results_coursera/models/simcse_coursera_sup/sentence-transformers/all-MiniLM-L6-v2,D_char_jaccard,214,fc824bfe7bf0,prepare biological samples for testing or analysis,1079,8cd953430cf0,8,0.5785388827323914,0.42689040303230286,4.557434558868408,0.14705882966518402,0.5714285969734192,0.1975034773349762,1
/home/jovyan/Joel_Pardo/AI4LABOUR/Mejoras/results_coursera/models/simcse_coursera_sup/sentence-transformers/all-MiniLM-L6-v2,D_char_jaccard,214,fc824bfe7bf0,prepare biological samples for testing or analysis,3806,9634c6f342fb,9,0.4763578951358795,0.17890244722366333,1.6939449310302734,0.1599999964237213,0.375,0.5164892673492432,1
/home/jovyan/Joel_Pardo/AI4LABOUR/Mejoras/results_coursera/models/simcse_coursera_sup/sentence-transformers/all-MiniLM-L6-v2,D_char_jaccard,214,fc824bfe7bf0,prepare biological samples for testing or analysis,2894,cf18143d1067,10,0.45204137563705443,0.4054940342903137,4.310373306274414,0.04838709533214569,0.5,0.0,1
/home/jovyan/Joel_Pardo/AI4LABOUR/Mejoras/results_coursera/models/simcse_coursera_sup/sentence-transformers/all-MiniLM-L6-v2,D_char_jaccard,215,79b70e0eb0dc,monitor environmental impacts of production or development activities,5020,d5543f5402aa,1,1.1609142303466797,0.6862607598304749,7.384449005126953,0.30645161867141724,0.3333333432674408,1.0,1
/home/jovyan/Joel_Pardo/AI4LABOUR/Mejoras/results_coursera/models/simcse_coursera_sup/sentence-transformers/all-MiniLM-L6-v2,D_char_jaccard,215,79b70e0eb0dc,monitor environmental impacts of production or development activities,860,fa8ac4b1b38c,2,0.5813853025436402,0.27838319540023804,2.639648199081421,0.07352941483259201,0.3333333432674408,0.6144784688949585,1
/home/jovyan/Joel_Pardo/AI4LABOUR/Mejoras/results_coursera/models/simcse_coursera_sup/sentence-transformers/all-MiniLM-L6-v2,D_char_jaccard,215,79b70e0eb0dc,monitor environmental impacts of production or development activities,3454,68b455dc1687,3,0.4177410304546356,0.23536086082458496,2.1391735076904297,0.1315789520740509,0.4444444477558136,0.37699824571609497,0
/home/jovyan/Joel_Pardo/AI4LABOUR/Mejoras/results_coursera/models/simcse_coursera_sup/sentence-transformers/all-MiniLM-L6-v2,D_char_jaccard,215,79b70e0eb0dc,monitor environmental impacts of production or development activities,1947,978da67e4402,4,0.44582693576812743,0.27560651302337646,2.607347249984741,0.13483145833015442,0.7777777910232544,0.18796078860759735,1
/home/jovyan/Joel_Pardo/AI4LABOUR/Mejoras/results_coursera/models/simcse_coursera_sup/sentence-transformers/all-MiniLM-L6-v2,D_char_jaccard,215,79b70e0eb0dc,monitor environmental impacts of production or development activities,2233,d334de0d305d,5,0.43125465512275696,0.2056305706501007,1.7933237552642822,0.12857143580913544,0.3333333432674408,0.4934440553188324,0
/home/jovyan/Joel_Pardo/AI4LABOUR/Mejoras/results_coursera/models/simcse_coursera_sup/sentence-transformers/all-MiniLM-L6-v2,D_char_jaccard,215,79b70e0eb0dc,monitor environmental impacts of production or development activities,4330,5e662c0eb204,6,0.48737459182739257,0.3122521936893463,3.0336430072784424,0.13924050331115723,0.5555555820465088,0.23439927399158478,1
/home/jovyan/Joel_Pardo/AI4LABOUR/Mejoras/results_coursera/models/simcse_coursera_sup/sentence-transformers/all-MiniLM-L6-v2,D_char_jaccard,215,79b70e0eb0dc,monitor environmental impacts of production or development activities,3516,afe8a26918ff,7,0.4063275337219238,0.34270530939102173,3.3879013061523438,0.08045977354049683,0.5555555820465088,0.0,1
/home/jovyan/Joel_Pardo/AI4LABOUR/Mejoras/results_coursera/models/simcse_coursera_sup/sentence-transformers/all-MiniLM-L6-v2,D_char_jaccard,215,79b70e0eb0dc,monitor environmental impacts of production or development activities,1117,3479e025b0d4,8,0.41373353004455565,0.17718002200126648,1.462361216545105,0.125,0.4444444477558136,0.37699824571609497,1
/home/jovyan/Joel_Pardo/AI4LABOUR/Mejoras/results_coursera/models/simcse_coursera_sup/sentence-transformers/all-MiniLM-L6-v2,D_char_jaccard,215,79b70e0eb0dc,monitor environmental impacts of production or development activities,2277,e2ee4e5d252a,9,0.9131700873374939,0.6704159379005432,7.200128078460693,0.2537313401699066,0.3333333432674408,0.4492408037185669,1
/home/jovyan/Joel_Pardo/AI4LABOUR/Mejoras/results_coursera/models/simcse_coursera_sup/sentence-transformers/all-MiniLM-L6-v2,D_char_jaccard,215,79b70e0eb0dc,monitor environmental impacts of production or development activities,2197,005eca8287aa,10,0.47008817195892333,0.23935675621032715,2.185657262802124,0.1265822798013687,0.4444444477558136,0.37699824571609497,1
/home/jovyan/Joel_Pardo/AI4LABOUR/Mejoras/results_coursera/models/simcse_coursera_sup/sentence-transformers/all-MiniLM-L6-v2,D_char_jaccard,216,f20501abeeb8,inspect condition of natural environments,4993,36ac737cbc98,1,0.9608441472053528,0.45528578758239746,4.986536979675293,0.30434781312942505,0.5,1.0,1
/home/jovyan/Joel_Pardo/AI4LABOUR/Mejoras/results_coursera/models/simcse_coursera_sup/sentence-transformers/all-MiniLM-L6-v2,D_char_jaccard,216,f20501abeeb8,inspect condition of natural environments,4245,af86de8b5026,2,0.43075125217437743,0.2028544843196869,1.773001790046692,0.09459459781646729,1.0,0.31133392453193665,1
/home/jovyan/Joel_Pardo/AI4LABOUR/Mejoras/results_coursera/models/simcse_coursera_sup/sentence-transformers/all-MiniLM-L6-v2,D_char_jaccard,216,f20501abeeb8,inspect condition of natural environments,2478,9b7d2bb3c766,3,0.4059679687023163,0.29964181780815125,3.0051369667053223,0.14516128599643707,1.0,0.0,1
/home/jovyan/Joel_Pardo/AI4LABOUR/Mejoras/results_coursera/models/simcse_coursera_sup/sentence-transformers/all-MiniLM-L6-v2,D_char_jaccard,216,f20501abeeb8,inspect condition of natural environments,233,81861c829fa0,4,0.5192717909812927,0.14022639393806458,0.9757251739501953,0.1034482792019844,0.6666666865348816,0.8346816301345825,0
/home/jovyan/Joel_Pardo/AI4LABOUR/Mejoras/results_coursera/models/simcse_coursera_sup/sentence-transformers/all-MiniLM-L6-v2,D_char_jaccard,216,f20501abeeb8,inspect condition of natural environments,2677,13a1a14a2769,5,0.39409165382385253,0.14120209217071533,0.9881461262702942,0.09615384787321091,0.6666666865348816,0.39909490942955017,1
/home/jovyan/Joel_Pardo/AI4LABOUR/Mejoras/results_coursera/models/simcse_coursera_sup/sentence-transformers/all-MiniLM-L6-v2,D_char_jaccard,216,f20501abeeb8,inspect condition of natural environments,2892,9cf3930b90ca,6,0.3702591836452484,0.13616222143173218,0.9239869117736816,0.06451612710952759,0.8333333134651184,0.34979376196861267,1
/home/jovyan/Joel_Pardo/AI4LABOUR/Mejoras/results_coursera/models/simcse_coursera_sup/sentence-transformers/all-MiniLM-L6-v2,D_char_jaccard,216,f20501abeeb8,inspect condition of natural environments,2874,656114a38931,7,0.7898996949195862,0.32777702808380127,3.3633077144622803,0.125,0.5,0.9716259241104126,1
/home/jovyan/Joel_Pardo/AI4LABOUR/Mejoras/results_coursera/models/simcse_coursera_sup/sentence-transformers/all-MiniLM-L6-v2,D_char_jaccard,216,f20501abeeb8,inspect condition of natural environments,2042,0d107e0021ce,8,0.41052281856536865,0.22705388069152832,2.081068277359009,0.09836065769195557,0.8333333134651184,0.34979376196861267,0
/home/jovyan/Joel_Pardo/AI4LABOUR/Mejoras/results_coursera/models/simcse_coursera_sup/sentence-transformers/all-MiniLM-L6-v2,D_char_jaccard,216,f20501abeeb8,inspect condition of natural environments,5101,0ab6c77c51b9,9,0.4006406843662262,0.21816638112068176,1.96792733669281,0.05882352963089943,0.75,0.255212664604187,1
/home/jovyan/Joel_Pardo/AI4LABOUR/Mejoras/results_coursera/models/simcse_coursera_sup/sentence-transformers/all-MiniLM-L6-v2,D_char_jaccard,216,f20501abeeb8,inspect condition of natural environments,362,af64042459da,10,0.4143847405910492,0.3678348958492279,3.873257875442505,0.0,0.6666666865348816,0.0,1
/home/jovyan/Joel_Pardo/AI4LABOUR/Mejoras/results_coursera/models/simcse_coursera_sup/sentence-transformers/all-MiniLM-L6-v2,D_char_jaccard,217,e2bfb92834a7,classify organisms based on their characteristics or behavior,551,56a1ae1d8f62,1,0.8454466342926026,0.5009214878082275,5.462429046630859,0.1269841343164444,0.3333333432674408,0.7405116558074951,1
/home/jovyan/Joel_Pardo/AI4LABOUR/Mejoras/results_coursera/models/simcse_coursera_sup/sentence-transformers/all-MiniLM-L6-v2,D_char_jaccard,217,e2bfb92834a7,classify organisms based on their characteristics or behavior,4451,3e4d8275fe68,2,0.45547720789909363,0.11944013088941574,0.6513347625732422,0.11538461595773697,0.8888888955116272,0.6867262721061707,0
/home/jovyan/Joel_Pardo/AI4LABOUR/Mejoras/results_coursera/models/simcse_coursera_sup/sentence-transformers/all-MiniLM-L6-v2,D_char_jaccard,217,e2bfb92834a7,classify organisms based on their characteristics or behavior,1078,4656b1965a99,3,0.5514007091522217,0.22255447506904602,1.951772689819336,0.09345794469118118,0.8999999761581421,0.5818428993225098,1
/home/jovyan/Joel_Pardo/AI4LABOUR/Mejoras/results_coursera/models/simcse_coursera_sup/sentence-transformers/all-MiniLM-L6-v2,D_char_jaccard,217,e2bfb92834a7,classify organisms based on their characteristics or behavior,4031,c41b00b05cd5,4,0.6771081566810608,0.28909069299697876,2.7909016609191895,0.15189872682094574,0.5555555820465088,0.7529352307319641,1
/home/jovyan/Joel_Pardo/AI4LABOUR/Mejoras/results_coursera/models/simcse_coursera_sup/sentence-transformers/all-MiniLM-L6-v2,D_char_jaccard,217,e2bfb92834a7,classify organisms based on their characteristics or behavior,2657,805fc5c1d17a,5,0.5934789180755615,0.1258365958929062,0.7320044636726379,0.2542372941970825,0.3333333432674408,1.0,0
/home/jovyan/Joel_Pardo/AI4LABOUR/Mejoras/results_coursera/models/simcse_coursera_sup/sentence-transformers/all-MiniLM-L6-v2,D_char_jaccard,217,e2bfb92834a7,classify organisms based on their characteristics or behavior,3804,f02b8c39d3be,6,0.5538052201271058,0.5222392082214355,5.7312798500061035,0.06849315017461777,0.3333333432674408,0.0,1
/home/jovyan/Joel_Pardo/AI4LABOUR/Mejoras/results_coursera/models/simcse_coursera_sup/sentence-transformers/all-MiniLM-L6-v2,D_char_jaccard,217,e2bfb92834a7,classify organisms based on their characteristics or behavior,1855,20dc1dc3600c,7,0.45931509137153625,0.1523706018924713,1.0666409730911255,0.08080808073282242,1.0,0.6299487948417664,0
/home/jovyan/Joel_Pardo/AI4LABOUR/Mejoras/results_coursera/models/simcse_coursera_sup/sentence-transformers/all-MiniLM-L6-v2,D_char_jaccard,217,e2bfb92834a7,classify organisms based on their characteristics or behavior,2623,5b9cd334c378,8,0.5702030539512635,0.362449049949646,3.7160685062408447,0.0446428582072258,0.8181818127632141,0.35482272505760193,1
/home/jovyan/Joel_Pardo/AI4LABOUR/Mejoras/results_coursera/models/simcse_coursera_sup/sentence-transformers/all-MiniLM-L6-v2,D_char_jaccard,217,e2bfb92834a7,classify organisms based on their characteristics or behavior,2782,9f83975735ff,9,0.5218107581138611,0.23018132150173187,2.047959566116333,0.0845070406794548,0.4444444477558136,0.5532464981079102,1
/home/jovyan/Joel_Pardo/AI4LABOUR/Mejoras/results_coursera/models/simcse_coursera_sup/sentence-transformers/all-MiniLM-L6-v2,D_char_jaccard,217,e2bfb92834a7,classify organisms based on their characteristics or behavior,1597,a45107a6bd34,10,0.6145543336868287,0.336279034614563,3.3860223293304443,0.07352941483259201,0.4444444477558136,0.5532464981079102,1
/home/jovyan/Joel_Pardo/AI4LABOUR/Mejoras/results_coursera/models/simcse_coursera_sup/sentence-transformers/all-MiniLM-L6-v2,D_char_jaccard,218,2f93e8f923e8,examine characteristics or behavior of living organisms,551,56a1ae1d8f62,1,0.8730040669441224,0.5248168110847473,6.062527179718018,0.1428571492433548,0.375,0.7405116558074951,1
/home/jovyan/Joel_Pardo/AI4LABOUR/Mejoras/results_coursera/models/simcse_coursera_sup/sentence-transformers/all-MiniLM-L6-v2,D_char_jaccard,218,2f93e8f923e8,examine characteristics or behavior of living organisms,4031,c41b00b05cd5,2,0.6881903886795044,0.30640700459480286,3.162132740020752,0.11999999731779099,0.625,0.7529352307319641,1
/home/jovyan/Joel_Pardo/AI4LABOUR/Mejoras/results_coursera/models/simcse_coursera_sup/sentence-transformers/all-MiniLM-L6-v2,D_char_jaccard,218,2f93e8f923e8,examine characteristics or behavior of living organisms,2657,805fc5c1d17a,3,0.6583183407783508,0.1928117871284485,1.653633952140808,0.2641509473323822,0.375,1.0,0
/home/jovyan/Joel_Pardo/AI4LABOUR/Mejoras/results_coursera/models/simcse_coursera_sup/sentence-transformers/all-MiniLM-L6-v2,D_char_jaccard,218,2f93e8f923e8,examine characteristics or behavior of living organisms,2042,0d107e0021ce,4,0.44523765444755553,0.2589046359062195,2.531320333480835,0.03947368264198303,0.625,0.3027627170085907,1
/home/jovyan/Joel_Pardo/AI4LABOUR/Mejoras/results_coursera/models/simcse_coursera_sup/sentence-transformers/all-MiniLM-L6-v2,D_char_jaccard,218,2f93e8f923e8,examine characteristics or behavior of living organisms,2893,54bd11022aa7,5,0.45511155128479003,0.24777567386627197,2.3835322856903076,0.07575757801532745,0.5,0.34543514251708984,1
/home/jovyan/Joel_Pardo/AI4LABOUR/Mejoras/results_coursera/models/simcse_coursera_sup/sentence-transformers/all-MiniLM-L6-v2,D_char_jaccard,218,2f93e8f923e8,examine characteristics or behavior of living organisms,2623,5b9cd334c378,6,0.5567320466041565,0.3597885072231293,3.8710176944732666,0.018518518656492233,0.7272727489471436,0.35482272505760193,1
/home/jovyan/Joel_Pardo/AI4LABOUR/Mejoras/results_coursera/models/simcse_coursera_sup/sentence-transformers/all-MiniLM-L6-v2,D_char_jaccard,218,2f93e8f923e8,examine characteristics or behavior of living organisms,3431,21ee2ab4106d,7,0.36283268332481383,0.15455026924610138,1.1455363035202026,0.0422535203397274,0.5,0.34543514251708984,1
/home/jovyan/Joel_Pardo/AI4LABOUR/Mejoras/results_coursera/models/simcse_coursera_sup/sentence-transformers/all-MiniLM-L6-v2,D_char_jaccard,218,2f93e8f923e8,examine characteristics or behavior of living organisms,3859,b535671f395e,8,0.39106045961380004,0.21612951159477234,1.963283896446228,0.022727273404598236,0.875,0.24278026819229126,1
/home/jovyan/Joel_Pardo/AI4LABOUR/Mejoras/results_coursera/models/simcse_coursera_sup/sentence-transformers/all-MiniLM-L6-v2,D_char_jaccard,218,2f93e8f923e8,examine characteristics or behavior of living organisms,5277,3d26f42de07f,9,0.3917949080467224,0.20811831951141357,1.8568984270095825,0.06451612710952759,1.0,0.22089840471744537,1
/home/jovyan/Joel_Pardo/AI4LABOUR/Mejoras/results_coursera/models/simcse_coursera_sup/sentence-transformers/all-MiniLM-L6-v2,D_char_jaccard,218,2f93e8f923e8,examine characteristics or behavior of living organisms,3966,69e2adcf9255,10,0.3915237069129944,0.31528162956237793,3.27998423576355,0.0810810774564743,0.75,0.0,1
/home/jovyan/Joel_Pardo/AI4LABOUR/Mejoras/results_coursera/models/simcse_coursera_sup/sentence-transformers/all-MiniLM-L6-v2,D_char_jaccard,219,573d5b3bbb3d,operate laboratory or field equipment,2641,414d1ab8da6a,1,0.7885891675949097,0.32827669382095337,3.6247663497924805,0.17307692766189575,0.6666666865348816,0.9163439273834229,1
/home/jovyan/Joel_Pardo/AI4LABOUR/Mejoras/results_coursera/models/simcse_coursera_sup/sentence-transformers/all-MiniLM-L6-v2,D_char_jaccard,219,573d5b3bbb3d,operate laboratory or field equipment,2236,4e7b71da39bd,2,0.7444377422332764,0.27227506041526794,2.8714020252227783,0.09756097197532654,0.5,1.0,1
/home/jovyan/Joel_Pardo/AI4LABOUR/Mejoras/results_coursera/models/simcse_coursera_sup/sentence-transformers/all-MiniLM-L6-v2,D_char_jaccard,219,573d5b3bbb3d,operate laboratory or field equipment,1694,d6c8c0983834,3,0.447241872549057,0.06513750553131104,0.08487436175346375,0.054054055362939835,0.5,0.8752614855766296,0
/home/jovyan/Joel_Pardo/AI4LABOUR/Mejoras/results_coursera/models/simcse_coursera_sup/sentence-transformers/all-MiniLM-L6-v2,D_char_jaccard,219,573d5b3bbb3d,operate laboratory or field equipment,2532,046df5a4594b,4,0.36843188405036925,0.32603543996810913,3.594615936279297,0.0,0.5,0.0,1
/home/jovyan/Joel_Pardo/AI4LABOUR/Mejoras/results_coursera/models/simcse_coursera_sup/sentence-transformers/all-MiniLM-L6-v2,D_char_jaccard,219,573d5b3bbb3d,operate laboratory or field equipment,5113,dfcd9280f8bd,5,0.3033988356590271,0.22431519627571106,2.226219654083252,0.072727270424366,0.6666666865348816,0.0,1
/home/jovyan/Joel_Pardo/AI4LABOUR/Mejoras/results_coursera/models/simcse_coursera_sup/sentence-transformers/all-MiniLM-L6-v2,D_char_jaccard,219,573d5b3bbb3d,operate laboratory or field equipment,4269,9c6603bfae00,6,0.5680176496505738,0.13309451937675476,0.9990692734718323,0.08510638028383255,0.6666666865348816,0.8590565323829651,1
/home/jovyan/Joel_Pardo/AI4LABOUR/Mejoras/results_coursera/models/simcse_coursera_sup/sentence-transformers/all-MiniLM-L6-v2,D_char_jaccard,219,573d5b3bbb3d,operate laboratory or field equipment,568,617c126cabc4,7,0.3306219160556793,0.293283611536026,3.1540205478668213,0.0,0.3333333432674408,0.0,1
/home/jovyan/Joel_Pardo/AI4LABOUR/Mejoras/results_coursera/models/simcse_coursera_sup/sentence-transformers/all-MiniLM-L6-v2,D_char_jaccard,219,573d5b3bbb3d,operate laboratory or field equipment,4501,7e31f9e44f69,8,0.4573841571807861,0.40995243191719055,4.723513603210449,0.033707864582538605,0.6000000238418579,0.0,1
/home/jovyan/Joel_Pardo/AI4LABOUR/Mejoras/results_coursera/models/simcse_coursera_sup/sentence-transformers/all-MiniLM-L6-v2,D_char_jaccard,219,573d5b3bbb3d,operate laboratory or field equipment,2295,15e018941f99,9,0.32520394325256347,0.2713906168937683,2.859503984451294,0.02380952425301075,0.5,0.0,1
/home/jovyan/Joel_Pardo/AI4LABOUR/Mejoras/results_coursera/models/simcse_coursera_sup/sentence-transformers/all-MiniLM-L6-v2,D_char_jaccard,219,573d5b3bbb3d,operate laboratory or field equipment,4728,f392491bc3ea,10,0.2982606619596481,0.23880815505981445,2.421186923980713,0.0,0.6666666865348816,0.0,1
/home/jovyan/Joel_Pardo/AI4LABOUR/Mejoras/results_coursera/models/simcse_coursera_sup/sentence-transformers/all-MiniLM-L6-v2,D_char_jaccard,220,7cd42be784e2,interpret design or operational test results,3431,21ee2ab4106d,1,1.0831193208694458,0.6359816789627075,6.572000980377197,0.3541666567325592,0.5714285969734192,0.8590565323829651,1
/home/jovyan/Joel_Pardo/AI4LABOUR/Mejoras/results_coursera/models/simcse_coursera_sup/sentence-transformers/all-MiniLM-L6-v2,D_char_jaccard,220,7cd42be784e2,interpret design or operational test results,3785,7f5f749196ba,2,0.6671308159828186,0.34451621770858765,3.269395351409912,0.145454540848732,0.7142857313156128,0.5874707698822021,1
/home/jovyan/Joel_Pardo/AI4LABOUR/Mejoras/results_coursera/models/simcse_coursera_sup/sentence-transformers/all-MiniLM-L6-v2,D_char_jaccard,220,7cd42be784e2,interpret design or operational test results,3919,b81d3a27898d,3,0.49927096366882323,0.2465273141860962,2.1590793132781982,0.1111111119389534,0.5714285969734192,0.4276179075241089,1
/home/jovyan/Joel_Pardo/AI4LABOUR/Mejoras/results_coursera/models/simcse_coursera_sup/sentence-transformers/all-MiniLM-L6-v2,D_char_jaccard,220,7cd42be784e2,interpret design or operational test results,4057,f7d2308e7f34,4,0.6142842054367066,0.2940118610858917,2.6971282958984375,0.14473684132099152,0.875,0.5493482947349548,1
/home/jovyan/Joel_Pardo/AI4LABOUR/Mejoras/results_coursera/models/simcse_coursera_sup/sentence-transformers/all-MiniLM-L6-v2,D_char_jaccard,220,7cd42be784e2,interpret design or operational test results,1897,d330010440a6,5,0.6776975274085999,0.41767609119415283,4.098372459411621,0.125,0.4285714328289032,0.49777621030807495,1
/home/jovyan/Joel_Pardo/AI4LABOUR/Mejoras/results_coursera/models/simcse_coursera_sup/sentence-transformers/all-MiniLM-L6-v2,D_char_jaccard,220,7cd42be784e2,interpret design or operational test results,116,7588597f0f7f,6,0.7306803941726685,0.40272098779678345,3.9289157390594482,0.08620689809322357,0.5714285969734192,0.6702709197998047,1
/home/jovyan/Joel_Pardo/AI4LABOUR/Mejoras/results_coursera/models/simcse_coursera_sup/sentence-transformers/all-MiniLM-L6-v2,D_char_jaccard,220,7cd42be784e2,interpret design or operational test results,3305,566422be97ea,7,0.665140438079834,0.39955705404281616,3.8930649757385254,0.14000000059604645,0.4285714328289032,0.49777621030807495,1
/home/jovyan/Joel_Pardo/AI4LABOUR/Mejoras/results_coursera/models/simcse_coursera_sup/sentence-transformers/all-MiniLM-L6-v2,D_char_jaccard,220,7cd42be784e2,interpret design or operational test results,3588,a6818b8d1354,8,0.5839176654815674,0.3450140655040741,3.275036096572876,0.07446808367967606,0.6363636255264282,0.4324246048927307,1
/home/jovyan/Joel_Pardo/AI4LABOUR/Mejoras/results_coursera/models/simcse_coursera_sup/sentence-transformers/all-MiniLM-L6-v2,D_char_jaccard,220,7cd42be784e2,interpret design or operational test results,3262,b0569152a26e,9,0.5667545080184937,0.18724855780601501,1.4873894453048706,0.05882352963089943,0.4285714328289032,0.7802407741546631,1
/home/jovyan/Joel_Pardo/AI4LABOUR/Mejoras/results_coursera/models/simcse_coursera_sup/sentence-transformers/all-MiniLM-L6-v2,D_char_jaccard,220,7cd42be784e2,interpret design or operational test results,4035,02bd3f0a6aec,10,0.5655010223388672,0.3432299494743347,3.2548205852508545,0.12121212482452393,0.8571428656578064,0.333584725856781,1
