model,preset,q_idx,q_label,q_text,cand_idx,cand_label,rank,score,sim,z,jacc,lenpen,bm25,mnn
/home/jovyan/Joel_Pardo/AI4LABOUR/Mejoras/results_coursera/models/tsdae_coursera/google-bert/bert-base-uncased,A_semantic_only,0,d52ebdd6c51c,train personnel on proper operational procedures,3612,4a2adc186b51,1,0.7541017532348633,0.7541017532348633,3.4860360622406006,0.0,0.4285714328289032,0.0,0
/home/jovyan/Joel_Pardo/AI4LABOUR/Mejoras/results_coursera/models/tsdae_coursera/google-bert/bert-base-uncased,A_semantic_only,0,d52ebdd6c51c,train personnel on proper operational procedures,4793,ecfb3bfe17da,2,0.7199124693870544,0.7199124693870544,3.2230687141418457,0.0,0.8571428656578064,0.0,0
/home/jovyan/Joel_Pardo/AI4LABOUR/Mejoras/results_coursera/models/tsdae_coursera/google-bert/bert-base-uncased,A_semantic_only,0,d52ebdd6c51c,train personnel on proper operational procedures,1792,0be97b2fe6a9,3,0.7079735994338989,0.7079735994338989,3.1312408447265625,0.0,0.5714285969734192,0.0,0
/home/jovyan/Joel_Pardo/AI4LABOUR/Mejoras/results_coursera/models/tsdae_coursera/google-bert/bert-base-uncased,A_semantic_only,0,d52ebdd6c51c,train personnel on proper operational procedures,3595,8639c05835d2,4,0.6977611780166626,0.6977611780166626,3.05269193649292,0.0,0.5714285969734192,0.0,0
/home/jovyan/Joel_Pardo/AI4LABOUR/Mejoras/results_coursera/models/tsdae_coursera/google-bert/bert-base-uncased,A_semantic_only,0,d52ebdd6c51c,train personnel on proper operational procedures,2151,b2b7074805f7,5,0.6962025761604309,0.6962025761604309,3.040703773498535,0.0,0.7777777910232544,0.0,0
/home/jovyan/Joel_Pardo/AI4LABOUR/Mejoras/results_coursera/models/tsdae_coursera/google-bert/bert-base-uncased,A_semantic_only,0,d52ebdd6c51c,train personnel on proper operational procedures,3213,e73f40d83ac6,6,0.6920825839042664,0.6920825839042664,3.009014844894409,0.0,0.5833333134651184,0.0,0
/home/jovyan/Joel_Pardo/AI4LABOUR/Mejoras/results_coursera/models/tsdae_coursera/google-bert/bert-base-uncased,A_semantic_only,0,d52ebdd6c51c,train personnel on proper operational procedures,688,675b456b5403,7,0.6870713829994202,0.6870713829994202,2.970471143722534,0.0,0.4117647111415863,0.0,0
/home/jovyan/Joel_Pardo/AI4LABOUR/Mejoras/results_coursera/models/tsdae_coursera/google-bert/bert-base-uncased,A_semantic_only,0,d52ebdd6c51c,train personnel on proper operational procedures,2149,ce5275d1f549,8,0.6849796175956726,0.6849796175956726,2.9543821811676025,0.0,0.7142857313156128,0.0,0
/home/jovyan/Joel_Pardo/AI4LABOUR/Mejoras/results_coursera/models/tsdae_coursera/google-bert/bert-base-uncased,A_semantic_only,0,d52ebdd6c51c,train personnel on proper operational procedures,3780,5279f5c334f7,9,0.6835883855819702,0.6835883855819702,2.9436817169189453,0.0,1.0,0.0,0
/home/jovyan/Joel_Pardo/AI4LABOUR/Mejoras/results_coursera/models/tsdae_coursera/google-bert/bert-base-uncased,A_semantic_only,0,d52ebdd6c51c,train personnel on proper operational procedures,1675,8335d26464b5,10,0.6795185208320618,0.6795185208320618,2.9123780727386475,0.0,0.7142857313156128,0.0,0
/home/jovyan/Joel_Pardo/AI4LABOUR/Mejoras/results_coursera/models/tsdae_coursera/google-bert/bert-base-uncased,A_semantic_only,1,06d678da6c8d,prepare procedural documents,2820,21f64da1e579,1,0.7487647533416748,0.7487647533416748,4.180592060089111,0.3333333432674408,0.5,1.0,0
/home/jovyan/Joel_Pardo/AI4LABOUR/Mejoras/results_coursera/models/tsdae_coursera/google-bert/bert-base-uncased,A_semantic_only,1,06d678da6c8d,prepare procedural documents,1702,6b306e6c84b1,2,0.7185684442520142,0.7185684442520142,3.8751707077026367,0.20000000298023224,1.0,0.7181130647659302,0
/home/jovyan/Joel_Pardo/AI4LABOUR/Mejoras/results_coursera/models/tsdae_coursera/google-bert/bert-base-uncased,A_semantic_only,1,06d678da6c8d,prepare procedural documents,3213,e73f40d83ac6,3,0.7015494704246521,0.7015494704246521,3.7030317783355713,0.0,0.3333333432674408,0.0,0
/home/jovyan/Joel_Pardo/AI4LABOUR/Mejoras/results_coursera/models/tsdae_coursera/google-bert/bert-base-uncased,A_semantic_only,1,06d678da6c8d,prepare procedural documents,2899,02494e9ed104,4,0.6941399574279785,0.6941399574279785,3.6280882358551025,0.0,1.0,0.0,0
/home/jovyan/Joel_Pardo/AI4LABOUR/Mejoras/results_coursera/models/tsdae_coursera/google-bert/bert-base-uncased,A_semantic_only,1,06d678da6c8d,prepare procedural documents,758,077b37efd178,5,0.6798968315124512,0.6798968315124512,3.484025716781616,0.0,1.0,0.0,0
/home/jovyan/Joel_Pardo/AI4LABOUR/Mejoras/results_coursera/models/tsdae_coursera/google-bert/bert-base-uncased,A_semantic_only,1,06d678da6c8d,prepare procedural documents,4856,8854c5efcfea,6,0.6783694624900818,0.6783694624900818,3.4685771465301514,0.0,0.75,0.0,0
/home/jovyan/Joel_Pardo/AI4LABOUR/Mejoras/results_coursera/models/tsdae_coursera/google-bert/bert-base-uncased,A_semantic_only,1,06d678da6c8d,prepare procedural documents,4590,5d45850c5baa,7,0.6779994964599609,0.6779994964599609,3.4648349285125732,0.25,0.75,0.8359322547912598,0
/home/jovyan/Joel_Pardo/AI4LABOUR/Mejoras/results_coursera/models/tsdae_coursera/google-bert/bert-base-uncased,A_semantic_only,1,06d678da6c8d,prepare procedural documents,181,6e0262463c46,8,0.6751081943511963,0.6751081943511963,3.435590982437134,0.0,0.4444444477558136,0.0,0
/home/jovyan/Joel_Pardo/AI4LABOUR/Mejoras/results_coursera/models/tsdae_coursera/google-bert/bert-base-uncased,A_semantic_only,1,06d678da6c8d,prepare procedural documents,4558,7b0342e1d11a,9,0.6727739572525024,0.6727739572525024,3.4119811058044434,0.1428571492433548,0.6666666865348816,0.560200035572052,0
/home/jovyan/Joel_Pardo/AI4LABOUR/Mejoras/results_coursera/models/tsdae_coursera/google-bert/bert-base-uncased,A_semantic_only,1,06d678da6c8d,prepare procedural documents,226,7e56613a2ebc,10,0.6717158555984497,0.6717158555984497,3.4012789726257324,0.1666666716337204,0.6666666865348816,0.560200035572052,0
/home/jovyan/Joel_Pardo/AI4LABOUR/Mejoras/results_coursera/models/tsdae_coursera/google-bert/bert-base-uncased,A_semantic_only,2,771b010da2fa,"recommend technical design or process changes to improve efficiency, quality, or performance",4793,ecfb3bfe17da,1,0.8003109097480774,0.8003109097480774,3.644040822982788,0.07692307978868484,0.4615384638309479,0.3802230656147003,0
/home/jovyan/Joel_Pardo/AI4LABOUR/Mejoras/results_coursera/models/tsdae_coursera/google-bert/bert-base-uncased,A_semantic_only,2,771b010da2fa,"recommend technical design or process changes to improve efficiency, quality, or performance",3891,6579f5e89913,2,0.7514790296554565,0.7514790296554565,3.218052625656128,0.0833333358168602,0.4615384638309479,0.4245058596134186,0
/home/jovyan/Joel_Pardo/AI4LABOUR/Mejoras/results_coursera/models/tsdae_coursera/google-bert/bert-base-uncased,A_semantic_only,2,771b010da2fa,"recommend technical design or process changes to improve efficiency, quality, or performance",5134,29c1e14899e6,3,0.7463216185569763,0.7463216185569763,3.1730616092681885,0.09090909361839294,0.3076923191547394,0.582549512386322,0
/home/jovyan/Joel_Pardo/AI4LABOUR/Mejoras/results_coursera/models/tsdae_coursera/google-bert/bert-base-uncased,A_semantic_only,2,771b010da2fa,"recommend technical design or process changes to improve efficiency, quality, or performance",4450,58319ec211bf,4,0.7292396426200867,0.7292396426200867,3.024045705795288,0.07692307978868484,0.5384615659713745,0.38245493173599243,0
/home/jovyan/Joel_Pardo/AI4LABOUR/Mejoras/results_coursera/models/tsdae_coursera/google-bert/bert-base-uncased,A_semantic_only,2,771b010da2fa,"recommend technical design or process changes to improve efficiency, quality, or performance",3378,d2e5330ba975,5,0.7226178050041199,0.7226178050041199,2.9662797451019287,0.0,0.9285714030265808,0.0,0
/home/jovyan/Joel_Pardo/AI4LABOUR/Mejoras/results_coursera/models/tsdae_coursera/google-bert/bert-base-uncased,A_semantic_only,2,771b010da2fa,"recommend technical design or process changes to improve efficiency, quality, or performance",3303,8dee13915ca0,6,0.7133083343505859,0.7133083343505859,2.885067939758301,0.07692307978868484,0.6153846383094788,0.3116838037967682,0
/home/jovyan/Joel_Pardo/AI4LABOUR/Mejoras/results_coursera/models/tsdae_coursera/google-bert/bert-base-uncased,A_semantic_only,2,771b010da2fa,"recommend technical design or process changes to improve efficiency, quality, or performance",5211,4da88cffef86,7,0.7115052938461304,0.7115052938461304,2.8693389892578125,0.10000000149011612,0.23076923191547394,0.6781270503997803,0
/home/jovyan/Joel_Pardo/AI4LABOUR/Mejoras/results_coursera/models/tsdae_coursera/google-bert/bert-base-uncased,A_semantic_only,2,771b010da2fa,"recommend technical design or process changes to improve efficiency, quality, or performance",4501,7e31f9e44f69,8,0.709099531173706,0.709099531173706,2.8483521938323975,0.0,0.7692307829856873,0.0,0
/home/jovyan/Joel_Pardo/AI4LABOUR/Mejoras/results_coursera/models/tsdae_coursera/google-bert/bert-base-uncased,A_semantic_only,2,771b010da2fa,"recommend technical design or process changes to improve efficiency, quality, or performance",3413,0c3e5c7f3c75,9,0.7084158658981323,0.7084158658981323,2.842388153076172,0.10000000149011612,0.23076923191547394,0.5673700571060181,0
/home/jovyan/Joel_Pardo/AI4LABOUR/Mejoras/results_coursera/models/tsdae_coursera/google-bert/bert-base-uncased,A_semantic_only,2,771b010da2fa,"recommend technical design or process changes to improve efficiency, quality, or performance",3041,d58419ba221e,10,0.7047327756881714,0.7047327756881714,2.810258388519287,0.06896551698446274,0.40625,0.30646517872810364,0
/home/jovyan/Joel_Pardo/AI4LABOUR/Mejoras/results_coursera/models/tsdae_coursera/google-bert/bert-base-uncased,A_semantic_only,3,33b4e36b0d81,confer with technical personnel to prepare designs or operational plans,3780,5279f5c334f7,1,0.7670702934265137,0.7670702934265137,3.8153235912323,0.0,0.6363636255264282,0.0,0
/home/jovyan/Joel_Pardo/AI4LABOUR/Mejoras/results_coursera/models/tsdae_coursera/google-bert/bert-base-uncased,A_semantic_only,3,33b4e36b0d81,confer with technical personnel to prepare designs or operational plans,4501,7e31f9e44f69,2,0.7528584599494934,0.7528584599494934,3.7005176544189453,0.0,0.9090909361839294,0.0,0
/home/jovyan/Joel_Pardo/AI4LABOUR/Mejoras/results_coursera/models/tsdae_coursera/google-bert/bert-base-uncased,A_semantic_only,3,33b4e36b0d81,confer with technical personnel to prepare designs or operational plans,3213,e73f40d83ac6,3,0.7350513935089111,0.7350513935089111,3.556668996810913,0.0714285746216774,0.9166666865348816,0.5619452595710754,0
/home/jovyan/Joel_Pardo/AI4LABOUR/Mejoras/results_coursera/models/tsdae_coursera/google-bert/bert-base-uncased,A_semantic_only,3,33b4e36b0d81,confer with technical personnel to prepare designs or operational plans,3782,0d6b3a3f8dee,4,0.7284284830093384,0.7284284830093384,3.5031678676605225,0.0,0.8181818127632141,0.0,0
/home/jovyan/Joel_Pardo/AI4LABOUR/Mejoras/results_coursera/models/tsdae_coursera/google-bert/bert-base-uncased,A_semantic_only,3,33b4e36b0d81,confer with technical personnel to prepare designs or operational plans,180,1984ba551855,5,0.7128095030784607,0.7128095030784607,3.3769948482513428,0.0,0.6875,0.22861574590206146,0
/home/jovyan/Joel_Pardo/AI4LABOUR/Mejoras/results_coursera/models/tsdae_coursera/google-bert/bert-base-uncased,A_semantic_only,3,33b4e36b0d81,confer with technical personnel to prepare designs or operational plans,3378,d2e5330ba975,6,0.7121435403823853,0.7121435403823853,3.371615171432495,0.0,0.7857142686843872,0.0,0
/home/jovyan/Joel_Pardo/AI4LABOUR/Mejoras/results_coursera/models/tsdae_coursera/google-bert/bert-base-uncased,A_semantic_only,3,33b4e36b0d81,confer with technical personnel to prepare designs or operational plans,4561,7dbb7909a0ac,7,0.6991956233978271,0.6991956233978271,3.267019271850586,0.10000000149011612,0.5454545617103577,0.47004103660583496,0
/home/jovyan/Joel_Pardo/AI4LABOUR/Mejoras/results_coursera/models/tsdae_coursera/google-bert/bert-base-uncased,A_semantic_only,3,33b4e36b0d81,confer with technical personnel to prepare designs or operational plans,181,6e0262463c46,8,0.6981399059295654,0.6981399059295654,3.258491039276123,0.0,0.8181818127632141,0.21023383736610413,0
/home/jovyan/Joel_Pardo/AI4LABOUR/Mejoras/results_coursera/models/tsdae_coursera/google-bert/bert-base-uncased,A_semantic_only,3,33b4e36b0d81,confer with technical personnel to prepare designs or operational plans,4454,bfc3dbee3d73,9,0.694214940071106,0.694214940071106,3.2267844676971436,0.06666667014360428,0.7333333492279053,0.47563159465789795,0
/home/jovyan/Joel_Pardo/AI4LABOUR/Mejoras/results_coursera/models/tsdae_coursera/google-bert/bert-base-uncased,A_semantic_only,3,33b4e36b0d81,confer with technical personnel to prepare designs or operational plans,4791,baded3c66d4d,10,0.6935216188430786,0.6935216188430786,3.2211837768554688,0.0,0.5454545617103577,0.0,0
/home/jovyan/Joel_Pardo/AI4LABOUR/Mejoras/results_coursera/models/tsdae_coursera/google-bert/bert-base-uncased,A_semantic_only,4,9fc64a999e12,"communicate technical information to suppliers, contractors, or regulatory agencies",2661,a40ee5969123,1,0.6943153738975525,0.6943153738975525,3.044679880142212,0.0,0.5,0.0,0
/home/jovyan/Joel_Pardo/AI4LABOUR/Mejoras/results_coursera/models/tsdae_coursera/google-bert/bert-base-uncased,A_semantic_only,4,9fc64a999e12,"communicate technical information to suppliers, contractors, or regulatory agencies",3621,917bf810d271,2,0.6855926513671875,0.6855926513671875,2.9639644622802734,0.1111111119389534,0.5,0.6493121981620789,0
/home/jovyan/Joel_Pardo/AI4LABOUR/Mejoras/results_coursera/models/tsdae_coursera/google-bert/bert-base-uncased,A_semantic_only,4,9fc64a999e12,"communicate technical information to suppliers, contractors, or regulatory agencies",180,1984ba551855,3,0.6807953119277954,0.6807953119277954,2.919572353363037,0.0,0.625,0.2414320707321167,0
/home/jovyan/Joel_Pardo/AI4LABOUR/Mejoras/results_coursera/models/tsdae_coursera/google-bert/bert-base-uncased,A_semantic_only,4,9fc64a999e12,"communicate technical information to suppliers, contractors, or regulatory agencies",181,6e0262463c46,4,0.6714646816253662,0.6714646816253662,2.8332316875457764,0.0,0.8999999761581421,0.22201967239379883,0
/home/jovyan/Joel_Pardo/AI4LABOUR/Mejoras/results_coursera/models/tsdae_coursera/google-bert/bert-base-uncased,A_semantic_only,4,9fc64a999e12,"communicate technical information to suppliers, contractors, or regulatory agencies",143,46da54665084,5,0.6690278649330139,0.6690278649330139,2.810682773590088,0.0,0.3333333432674408,0.0,0
/home/jovyan/Joel_Pardo/AI4LABOUR/Mejoras/results_coursera/models/tsdae_coursera/google-bert/bert-base-uncased,A_semantic_only,4,9fc64a999e12,"communicate technical information to suppliers, contractors, or regulatory agencies",145,28d847b0e520,6,0.6674525737762451,0.6674525737762451,2.7961058616638184,0.03703703731298447,0.29411765933036804,0.2405102550983429,0
/home/jovyan/Joel_Pardo/AI4LABOUR/Mejoras/results_coursera/models/tsdae_coursera/google-bert/bert-base-uncased,A_semantic_only,4,9fc64a999e12,"communicate technical information to suppliers, contractors, or regulatory agencies",4106,7a6199e2dfd9,7,0.6640561819076538,0.6640561819076538,2.7646775245666504,0.0,0.6666666865348816,0.0,0
/home/jovyan/Joel_Pardo/AI4LABOUR/Mejoras/results_coursera/models/tsdae_coursera/google-bert/bert-base-uncased,A_semantic_only,4,9fc64a999e12,"communicate technical information to suppliers, contractors, or regulatory agencies",425,b06cd44db3d0,8,0.6615117788314819,0.6615117788314819,2.741132974624634,0.0,0.5,0.0,0
/home/jovyan/Joel_Pardo/AI4LABOUR/Mejoras/results_coursera/models/tsdae_coursera/google-bert/bert-base-uncased,A_semantic_only,4,9fc64a999e12,"communicate technical information to suppliers, contractors, or regulatory agencies",3378,d2e5330ba975,9,0.6582271456718445,0.6582271456718445,2.7107386589050293,0.0,0.7142857313156128,0.0,0
/home/jovyan/Joel_Pardo/AI4LABOUR/Mejoras/results_coursera/models/tsdae_coursera/google-bert/bert-base-uncased,A_semantic_only,4,9fc64a999e12,"communicate technical information to suppliers, contractors, or regulatory agencies",4561,7dbb7909a0ac,10,0.6542365550994873,0.6542365550994873,2.673811912536621,0.10000000149011612,0.6000000238418579,0.49639177322387695,0
/home/jovyan/Joel_Pardo/AI4LABOUR/Mejoras/results_coursera/models/tsdae_coursera/google-bert/bert-base-uncased,A_semantic_only,5,abdac161e57b,design medical devices or appliances,1421,c88a10398d0d,1,0.7993031740188599,0.7993031740188599,5.054454803466797,0.20000000298023224,0.5,0.7869473099708557,0
/home/jovyan/Joel_Pardo/AI4LABOUR/Mejoras/results_coursera/models/tsdae_coursera/google-bert/bert-base-uncased,A_semantic_only,5,abdac161e57b,design medical devices or appliances,937,43b6a406ef58,2,0.691470742225647,0.691470742225647,3.8806400299072266,0.0,0.8333333134651184,0.0,0
/home/jovyan/Joel_Pardo/AI4LABOUR/Mejoras/results_coursera/models/tsdae_coursera/google-bert/bert-base-uncased,A_semantic_only,5,abdac161e57b,design medical devices or appliances,1268,41400dedd9f3,3,0.6860135793685913,0.6860135793685913,3.8212358951568604,0.20000000298023224,0.6666666865348816,0.4125571548938751,0
/home/jovyan/Joel_Pardo/AI4LABOUR/Mejoras/results_coursera/models/tsdae_coursera/google-bert/bert-base-uncased,A_semantic_only,5,abdac161e57b,design medical devices or appliances,1337,284a65d8619b,4,0.6712591648101807,0.6712591648101807,3.660626173019409,0.0,0.5,0.35662898421287537,0
/home/jovyan/Joel_Pardo/AI4LABOUR/Mejoras/results_coursera/models/tsdae_coursera/google-bert/bert-base-uncased,A_semantic_only,5,abdac161e57b,design medical devices or appliances,4412,a558f59f975e,5,0.6556190252304077,0.6556190252304077,3.490374803543091,0.4000000059604645,0.8333333134651184,1.0,0
/home/jovyan/Joel_Pardo/AI4LABOUR/Mejoras/results_coursera/models/tsdae_coursera/google-bert/bert-base-uncased,A_semantic_only,5,abdac161e57b,design medical devices or appliances,3379,baa41401a00d,6,0.6555261611938477,0.6555261611938477,3.4893639087677,0.20000000298023224,0.5,0.7869473099708557,0
/home/jovyan/Joel_Pardo/AI4LABOUR/Mejoras/results_coursera/models/tsdae_coursera/google-bert/bert-base-uncased,A_semantic_only,5,abdac161e57b,design medical devices or appliances,4347,90fea52781c2,7,0.6485555768013,0.6485555768013,3.413485288619995,0.0,0.8333333134651184,0.0,0
/home/jovyan/Joel_Pardo/AI4LABOUR/Mejoras/results_coursera/models/tsdae_coursera/google-bert/bert-base-uncased,A_semantic_only,5,abdac161e57b,design medical devices or appliances,3304,ecdd6aedb4c3,8,0.6373445987701416,0.6373445987701416,3.291447639465332,0.20000000298023224,0.6666666865348816,0.4125571548938751,0
/home/jovyan/Joel_Pardo/AI4LABOUR/Mejoras/results_coursera/models/tsdae_coursera/google-bert/bert-base-uncased,A_semantic_only,5,abdac161e57b,design medical devices or appliances,1243,14686b75fbe4,9,0.6306217908859253,0.6306217908859253,3.218266248703003,0.1428571492433548,0.8333333134651184,0.5925203561782837,0
/home/jovyan/Joel_Pardo/AI4LABOUR/Mejoras/results_coursera/models/tsdae_coursera/google-bert/bert-base-uncased,A_semantic_only,5,abdac161e57b,design medical devices or appliances,2581,40cb7c84e4c0,10,0.6301084160804749,0.6301084160804749,3.2126779556274414,0.0,0.5,0.0,0
/home/jovyan/Joel_Pardo/AI4LABOUR/Mejoras/results_coursera/models/tsdae_coursera/google-bert/bert-base-uncased,A_semantic_only,6,75e527217c38,research engineering aspects of biological or chemical processes,4159,85b33a7f44f2,1,0.8084743022918701,0.8084743022918701,3.931480884552002,0.0,0.4285714328289032,0.11496954411268234,0
/home/jovyan/Joel_Pardo/AI4LABOUR/Mejoras/results_coursera/models/tsdae_coursera/google-bert/bert-base-uncased,A_semantic_only,6,75e527217c38,research engineering aspects of biological or chemical processes,3407,2ad419560ca0,2,0.8050662279129028,0.8050662279129028,3.901662588119507,0.0,0.6666666865348816,0.0,0
/home/jovyan/Joel_Pardo/AI4LABOUR/Mejoras/results_coursera/models/tsdae_coursera/google-bert/bert-base-uncased,A_semantic_only,6,75e527217c38,research engineering aspects of biological or chemical processes,3378,d2e5330ba975,3,0.783957839012146,0.783957839012146,3.7169790267944336,0.0714285746216774,0.6428571343421936,0.23456047475337982,0
/home/jovyan/Joel_Pardo/AI4LABOUR/Mejoras/results_coursera/models/tsdae_coursera/google-bert/bert-base-uncased,A_semantic_only,6,75e527217c38,research engineering aspects of biological or chemical processes,4158,6eb280a204d6,4,0.77451092004776,0.77451092004776,3.6343250274658203,0.0,0.4285714328289032,0.11496954411268234,0
/home/jovyan/Joel_Pardo/AI4LABOUR/Mejoras/results_coursera/models/tsdae_coursera/google-bert/bert-base-uncased,A_semantic_only,6,75e527217c38,research engineering aspects of biological or chemical processes,3304,ecdd6aedb4c3,5,0.7736181020736694,0.7736181020736694,3.6265134811401367,0.0,0.4444444477558136,0.22074240446090698,0
/home/jovyan/Joel_Pardo/AI4LABOUR/Mejoras/results_coursera/models/tsdae_coursera/google-bert/bert-base-uncased,A_semantic_only,6,75e527217c38,research engineering aspects of biological or chemical processes,2951,14b0ec412e5c,6,0.7646362781524658,0.7646362781524658,3.54792857170105,0.0,0.75,0.0,0
/home/jovyan/Joel_Pardo/AI4LABOUR/Mejoras/results_coursera/models/tsdae_coursera/google-bert/bert-base-uncased,A_semantic_only,6,75e527217c38,research engineering aspects of biological or chemical processes,4679,aa2e3ac253d9,7,0.756551206111908,0.756551206111908,3.4771900177001953,0.0,0.6428571343421936,0.09161585569381714,0
/home/jovyan/Joel_Pardo/AI4LABOUR/Mejoras/results_coursera/models/tsdae_coursera/google-bert/bert-base-uncased,A_semantic_only,6,75e527217c38,research engineering aspects of biological or chemical processes,1822,39932b592d9d,8,0.7565217018127441,0.7565217018127441,3.4769318103790283,0.0,0.5,0.07424383610486984,0
/home/jovyan/Joel_Pardo/AI4LABOUR/Mejoras/results_coursera/models/tsdae_coursera/google-bert/bert-base-uncased,A_semantic_only,6,75e527217c38,research engineering aspects of biological or chemical processes,478,f0ad7971f1ce,9,0.7457454204559326,0.7457454204559326,3.3826467990875244,0.0,0.4444444477558136,0.0,0
/home/jovyan/Joel_Pardo/AI4LABOUR/Mejoras/results_coursera/models/tsdae_coursera/google-bert/bert-base-uncased,A_semantic_only,6,75e527217c38,research engineering aspects of biological or chemical processes,3303,8dee13915ca0,10,0.7438491582870483,0.7438491582870483,3.366055727005005,0.0,0.8888888955116272,0.0,0
/home/jovyan/Joel_Pardo/AI4LABOUR/Mejoras/results_coursera/models/tsdae_coursera/google-bert/bert-base-uncased,A_semantic_only,7,bfcc3cdee21d,devise research or testing protocols,4501,7e31f9e44f69,1,0.8032928705215454,0.8032928705215454,3.9533064365386963,0.1111111119389534,0.6000000238418579,0.30763545632362366,0
/home/jovyan/Joel_Pardo/AI4LABOUR/Mejoras/results_coursera/models/tsdae_coursera/google-bert/bert-base-uncased,A_semantic_only,7,bfcc3cdee21d,devise research or testing protocols,3304,ecdd6aedb4c3,2,0.7838951945304871,0.7838951945304871,3.783200979232788,0.0,0.6666666865348816,0.0,0
/home/jovyan/Joel_Pardo/AI4LABOUR/Mejoras/results_coursera/models/tsdae_coursera/google-bert/bert-base-uncased,A_semantic_only,7,bfcc3cdee21d,devise research or testing protocols,4503,8c63b2397fed,3,0.7826096415519714,0.7826096415519714,3.7719273567199707,0.0,0.8333333134651184,0.0,0
/home/jovyan/Joel_Pardo/AI4LABOUR/Mejoras/results_coursera/models/tsdae_coursera/google-bert/bert-base-uncased,A_semantic_only,7,bfcc3cdee21d,devise research or testing protocols,4499,a7b7131295ef,4,0.7668073177337646,0.7668073177337646,3.6333508491516113,0.1666666716337204,0.6666666865348816,0.567790687084198,0
/home/jovyan/Joel_Pardo/AI4LABOUR/Mejoras/results_coursera/models/tsdae_coursera/google-bert/bert-base-uncased,A_semantic_only,7,bfcc3cdee21d,devise research or testing protocols,3056,4b76c705aa42,5,0.7662829160690308,0.7662829160690308,3.6287522315979004,0.0,0.75,0.0,0
/home/jovyan/Joel_Pardo/AI4LABOUR/Mejoras/results_coursera/models/tsdae_coursera/google-bert/bert-base-uncased,A_semantic_only,7,bfcc3cdee21d,devise research or testing protocols,3816,d4dcc2b4ce0a,6,0.7584149837493896,0.7584149837493896,3.559755325317383,0.0,0.8571428656578064,0.0,0
/home/jovyan/Joel_Pardo/AI4LABOUR/Mejoras/results_coursera/models/tsdae_coursera/google-bert/bert-base-uncased,A_semantic_only,7,bfcc3cdee21d,devise research or testing protocols,3337,77c74b3d95ae,7,0.7516400814056396,0.7516400814056396,3.5003435611724854,0.0,0.8333333134651184,0.0,0
/home/jovyan/Joel_Pardo/AI4LABOUR/Mejoras/results_coursera/models/tsdae_coursera/google-bert/bert-base-uncased,A_semantic_only,7,bfcc3cdee21d,devise research or testing protocols,2688,0950dcce7437,8,0.7506029009819031,0.7506029009819031,3.49124813079834,0.0,0.6666666865348816,0.0,0
/home/jovyan/Joel_Pardo/AI4LABOUR/Mejoras/results_coursera/models/tsdae_coursera/google-bert/bert-base-uncased,A_semantic_only,7,bfcc3cdee21d,devise research or testing protocols,3306,1e9422ec7cfe,9,0.7396203279495239,0.7396203279495239,3.394937753677368,0.0,0.5,0.0,0
/home/jovyan/Joel_Pardo/AI4LABOUR/Mejoras/results_coursera/models/tsdae_coursera/google-bert/bert-base-uncased,A_semantic_only,7,bfcc3cdee21d,devise research or testing protocols,501,7e5e0cba4215,10,0.7391366362571716,0.7391366362571716,3.3906960487365723,0.0,0.8333333134651184,0.0,0
/home/jovyan/Joel_Pardo/AI4LABOUR/Mejoras/results_coursera/models/tsdae_coursera/google-bert/bert-base-uncased,A_semantic_only,8,04d0abdf0b41,develop operational methods or processes that use green materials or emphasize sustainability,2382,2c9191489a0d,1,0.8276529312133789,0.8276529312133789,3.306410312652588,0.1764705926179886,0.8666666746139526,0.6261020302772522,0
/home/jovyan/Joel_Pardo/AI4LABOUR/Mejoras/results_coursera/models/tsdae_coursera/google-bert/bert-base-uncased,A_semantic_only,8,04d0abdf0b41,develop operational methods or processes that use green materials or emphasize sustainability,2360,56d6d4e01982,2,0.8117917776107788,0.8117917776107788,3.1910226345062256,0.0,0.692307710647583,0.0,0
/home/jovyan/Joel_Pardo/AI4LABOUR/Mejoras/results_coursera/models/tsdae_coursera/google-bert/bert-base-uncased,A_semantic_only,8,04d0abdf0b41,develop operational methods or processes that use green materials or emphasize sustainability,4103,cd45bf616f0e,3,0.8077523112297058,0.8077523112297058,3.1616358757019043,0.0,0.7692307829856873,0.0,0
/home/jovyan/Joel_Pardo/AI4LABOUR/Mejoras/results_coursera/models/tsdae_coursera/google-bert/bert-base-uncased,A_semantic_only,8,04d0abdf0b41,develop operational methods or processes that use green materials or emphasize sustainability,3039,eb682bbd845f,4,0.8070939183235168,0.8070939183235168,3.156846284866333,0.03125,0.4193548262119293,0.11500850319862366,0
/home/jovyan/Joel_Pardo/AI4LABOUR/Mejoras/results_coursera/models/tsdae_coursera/google-bert/bert-base-uncased,A_semantic_only,8,04d0abdf0b41,develop operational methods or processes that use green materials or emphasize sustainability,1711,48410a978891,5,0.8042479157447815,0.8042479157447815,3.1361420154571533,0.0,0.9230769276618958,0.0,0
/home/jovyan/Joel_Pardo/AI4LABOUR/Mejoras/results_coursera/models/tsdae_coursera/google-bert/bert-base-uncased,A_semantic_only,8,04d0abdf0b41,develop operational methods or processes that use green materials or emphasize sustainability,2384,9f0afa80bca1,6,0.8009690046310425,0.8009690046310425,3.112288236618042,0.0,0.5384615659713745,0.0,0
/home/jovyan/Joel_Pardo/AI4LABOUR/Mejoras/results_coursera/models/tsdae_coursera/google-bert/bert-base-uncased,A_semantic_only,8,04d0abdf0b41,develop operational methods or processes that use green materials or emphasize sustainability,2358,9e8759a3fae4,7,0.7907954454421997,0.7907954454421997,3.0382769107818604,0.0,0.9230769276618958,0.0,0
/home/jovyan/Joel_Pardo/AI4LABOUR/Mejoras/results_coursera/models/tsdae_coursera/google-bert/bert-base-uncased,A_semantic_only,8,04d0abdf0b41,develop operational methods or processes that use green materials or emphasize sustainability,4105,a153f0f09099,8,0.7861671447753906,0.7861671447753906,3.0046067237854004,0.0,0.7692307829856873,0.0,0
/home/jovyan/Joel_Pardo/AI4LABOUR/Mejoras/results_coursera/models/tsdae_coursera/google-bert/bert-base-uncased,A_semantic_only,8,04d0abdf0b41,develop operational methods or processes that use green materials or emphasize sustainability,1861,6ae66fe596ed,9,0.7849419713020325,0.7849419713020325,2.9956936836242676,0.05000000074505806,0.9285714030265808,0.23514558374881744,0
/home/jovyan/Joel_Pardo/AI4LABOUR/Mejoras/results_coursera/models/tsdae_coursera/google-bert/bert-base-uncased,A_semantic_only,8,04d0abdf0b41,develop operational methods or processes that use green materials or emphasize sustainability,3040,34bec64bf262,10,0.7836446762084961,0.7836446762084961,2.9862561225891113,0.0,0.3513513505458832,0.0,0
/home/jovyan/Joel_Pardo/AI4LABOUR/Mejoras/results_coursera/models/tsdae_coursera/google-bert/bert-base-uncased,A_semantic_only,9,3cdbc3929112,develop technical methods or processes,3378,d2e5330ba975,1,0.8113970756530762,0.8113970756530762,3.887226104736328,0.0,0.4285714328289032,0.0,0
/home/jovyan/Joel_Pardo/AI4LABOUR/Mejoras/results_coursera/models/tsdae_coursera/google-bert/bert-base-uncased,A_semantic_only,9,3cdbc3929112,develop technical methods or processes,4501,7e31f9e44f69,2,0.7920974493026733,0.7920974493026733,3.7268106937408447,0.0,0.6000000238418579,0.0,0
/home/jovyan/Joel_Pardo/AI4LABOUR/Mejoras/results_coursera/models/tsdae_coursera/google-bert/bert-base-uncased,A_semantic_only,9,3cdbc3929112,develop technical methods or processes,4453,d9ea7797e0d6,3,0.7861061096191406,0.7861061096191406,3.677011489868164,0.1111111119389534,0.6000000238418579,0.40583303570747375,0
/home/jovyan/Joel_Pardo/AI4LABOUR/Mejoras/results_coursera/models/tsdae_coursera/google-bert/bert-base-uncased,A_semantic_only,9,3cdbc3929112,develop technical methods or processes,3213,e73f40d83ac6,4,0.7524646520614624,0.7524646520614624,3.3973886966705322,0.09090909361839294,0.5,0.3520626723766327,0
/home/jovyan/Joel_Pardo/AI4LABOUR/Mejoras/results_coursera/models/tsdae_coursera/google-bert/bert-base-uncased,A_semantic_only,9,3cdbc3929112,develop technical methods or processes,3215,d4793dfe8103,5,0.7498569488525391,0.7498569488525391,3.37571382522583,0.1428571492433548,0.8571428656578064,0.5264366865158081,0
/home/jovyan/Joel_Pardo/AI4LABOUR/Mejoras/results_coursera/models/tsdae_coursera/google-bert/bert-base-uncased,A_semantic_only,9,3cdbc3929112,develop technical methods or processes,3780,5279f5c334f7,6,0.7484256625175476,0.7484256625175476,3.3638172149658203,0.0,0.8571428656578064,0.0,0
/home/jovyan/Joel_Pardo/AI4LABOUR/Mejoras/results_coursera/models/tsdae_coursera/google-bert/bert-base-uncased,A_semantic_only,9,3cdbc3929112,develop technical methods or processes,4415,859f5dcf8041,7,0.7397447824478149,0.7397447824478149,3.29166316986084,0.0,0.4615384638309479,0.0,0
/home/jovyan/Joel_Pardo/AI4LABOUR/Mejoras/results_coursera/models/tsdae_coursera/google-bert/bert-base-uncased,A_semantic_only,9,3cdbc3929112,develop technical methods or processes,3781,22b12fb7265d,8,0.7312052249908447,0.7312052249908447,3.2206835746765137,0.0,0.8333333134651184,0.0,0
/home/jovyan/Joel_Pardo/AI4LABOUR/Mejoras/results_coursera/models/tsdae_coursera/google-bert/bert-base-uncased,A_semantic_only,9,3cdbc3929112,develop technical methods or processes,4561,7dbb7909a0ac,9,0.712715208530426,0.712715208530426,3.0669972896575928,0.1428571492433548,1.0,0.5843183994293213,0
/home/jovyan/Joel_Pardo/AI4LABOUR/Mejoras/results_coursera/models/tsdae_coursera/google-bert/bert-base-uncased,A_semantic_only,9,3cdbc3929112,develop technical methods or processes,4791,baded3c66d4d,10,0.7113999128341675,0.7113999128341675,3.0560648441314697,0.0,1.0,0.0,0
/home/jovyan/Joel_Pardo/AI4LABOUR/Mejoras/results_coursera/models/tsdae_coursera/google-bert/bert-base-uncased,A_semantic_only,10,365ec2897755,create models of engineering designs or methods,3378,d2e5330ba975,1,0.826103687286377,0.826103687286377,3.650718927383423,0.07692307978868484,0.5714285969734192,0.3915365934371948,0
/home/jovyan/Joel_Pardo/AI4LABOUR/Mejoras/results_coursera/models/tsdae_coursera/google-bert/bert-base-uncased,A_semantic_only,10,365ec2897755,create models of engineering designs or methods,5053,de7b151e0afe,2,0.812758207321167,0.812758207321167,3.547191858291626,0.1111111119389534,1.0,0.3514130413532257,0
/home/jovyan/Joel_Pardo/AI4LABOUR/Mejoras/results_coursera/models/tsdae_coursera/google-bert/bert-base-uncased,A_semantic_only,10,365ec2897755,create models of engineering designs or methods,4158,6eb280a204d6,3,0.7952368259429932,0.7952368259429932,3.4112701416015625,0.0,0.380952388048172,0.19191119074821472,0
/home/jovyan/Joel_Pardo/AI4LABOUR/Mejoras/results_coursera/models/tsdae_coursera/google-bert/bert-base-uncased,A_semantic_only,10,365ec2897755,create models of engineering designs or methods,4828,0207b591a5d5,4,0.7935936450958252,0.7935936450958252,3.3985233306884766,0.1666666716337204,0.375,1.0,0
/home/jovyan/Joel_Pardo/AI4LABOUR/Mejoras/results_coursera/models/tsdae_coursera/google-bert/bert-base-uncased,A_semantic_only,10,365ec2897755,create models of engineering designs or methods,4159,85b33a7f44f2,5,0.790034294128418,0.790034294128418,3.3709118366241455,0.0,0.380952388048172,0.19191119074821472,0
/home/jovyan/Joel_Pardo/AI4LABOUR/Mejoras/results_coursera/models/tsdae_coursera/google-bert/bert-base-uncased,A_semantic_only,10,365ec2897755,create models of engineering designs or methods,4415,859f5dcf8041,6,0.7894191741943359,0.7894191741943359,3.3661398887634277,0.0,0.6153846383094788,0.16242998838424683,0
/home/jovyan/Joel_Pardo/AI4LABOUR/Mejoras/results_coursera/models/tsdae_coursera/google-bert/bert-base-uncased,A_semantic_only,10,365ec2897755,create models of engineering designs or methods,4453,d9ea7797e0d6,7,0.7801173329353333,0.7801173329353333,3.2939813137054443,0.0,0.800000011920929,0.0,0
/home/jovyan/Joel_Pardo/AI4LABOUR/Mejoras/results_coursera/models/tsdae_coursera/google-bert/bert-base-uncased,A_semantic_only,10,365ec2897755,create models of engineering designs or methods,1822,39932b592d9d,8,0.771602988243103,0.771602988243103,3.227931499481201,0.0,0.4444444477558136,0.123930424451828,0
/home/jovyan/Joel_Pardo/AI4LABOUR/Mejoras/results_coursera/models/tsdae_coursera/google-bert/bert-base-uncased,A_semantic_only,10,365ec2897755,create models of engineering designs or methods,3303,8dee13915ca0,9,0.7674261927604675,0.7674261927604675,3.1955301761627197,0.1111111119389534,1.0,0.4058113396167755,0
/home/jovyan/Joel_Pardo/AI4LABOUR/Mejoras/results_coursera/models/tsdae_coursera/google-bert/bert-base-uncased,A_semantic_only,10,365ec2897755,create models of engineering designs or methods,3407,2ad419560ca0,10,0.7659156322479248,0.7659156322479248,3.183811902999878,0.0,0.75,0.0,0
/home/jovyan/Joel_Pardo/AI4LABOUR/Mejoras/results_coursera/models/tsdae_coursera/google-bert/bert-base-uncased,A_semantic_only,11,810124c49b5c,maintain operational records or records systems,690,32402d5443a6,1,0.7094907760620117,0.7094907760620117,3.520923376083374,0.0,0.5,0.0,0
/home/jovyan/Joel_Pardo/AI4LABOUR/Mejoras/results_coursera/models/tsdae_coursera/google-bert/bert-base-uncased,A_semantic_only,11,810124c49b5c,maintain operational records or records systems,943,74651aa1038d,2,0.6973954439163208,0.6973954439163208,3.4141602516174316,0.0,0.7777777910232544,0.0,0
/home/jovyan/Joel_Pardo/AI4LABOUR/Mejoras/results_coursera/models/tsdae_coursera/google-bert/bert-base-uncased,A_semantic_only,11,810124c49b5c,maintain operational records or records systems,1936,7c021a986370,3,0.6856614351272583,0.6856614351272583,3.310586452484131,0.0,0.5714285969734192,0.0,0
/home/jovyan/Joel_Pardo/AI4LABOUR/Mejoras/results_coursera/models/tsdae_coursera/google-bert/bert-base-uncased,A_semantic_only,11,810124c49b5c,maintain operational records or records systems,4070,b6622ed71abb,4,0.6849274635314941,0.6849274635314941,3.304107904434204,0.0,1.0,0.0,0
/home/jovyan/Joel_Pardo/AI4LABOUR/Mejoras/results_coursera/models/tsdae_coursera/google-bert/bert-base-uncased,A_semantic_only,11,810124c49b5c,maintain operational records or records systems,4590,5d45850c5baa,5,0.6837810277938843,0.6837810277938843,3.2939884662628174,0.0,0.4285714328289032,0.0,0
/home/jovyan/Joel_Pardo/AI4LABOUR/Mejoras/results_coursera/models/tsdae_coursera/google-bert/bert-base-uncased,A_semantic_only,11,810124c49b5c,maintain operational records or records systems,181,6e0262463c46,6,0.6811310648918152,0.6811310648918152,3.2705976963043213,0.0,0.7777777910232544,0.0,0
/home/jovyan/Joel_Pardo/AI4LABOUR/Mejoras/results_coursera/models/tsdae_coursera/google-bert/bert-base-uncased,A_semantic_only,11,810124c49b5c,maintain operational records or records systems,688,675b456b5403,7,0.6775012612342834,0.6775012612342834,3.238558292388916,0.0,0.4117647111415863,0.0,0
/home/jovyan/Joel_Pardo/AI4LABOUR/Mejoras/results_coursera/models/tsdae_coursera/google-bert/bert-base-uncased,A_semantic_only,11,810124c49b5c,maintain operational records or records systems,4975,0181584577c0,8,0.675746500492096,0.675746500492096,3.223069190979004,0.0,0.875,0.0,0
/home/jovyan/Joel_Pardo/AI4LABOUR/Mejoras/results_coursera/models/tsdae_coursera/google-bert/bert-base-uncased,A_semantic_only,11,810124c49b5c,maintain operational records or records systems,803,da2ac143a09a,9,0.6715431213378906,0.6715431213378906,3.185966968536377,0.0,0.5714285969734192,0.0,0
/home/jovyan/Joel_Pardo/AI4LABOUR/Mejoras/results_coursera/models/tsdae_coursera/google-bert/bert-base-uncased,A_semantic_only,11,810124c49b5c,maintain operational records or records systems,4722,24baac04910a,10,0.6659281849861145,0.6659281849861145,3.1364049911499023,0.0,0.5714285969734192,0.0,0
/home/jovyan/Joel_Pardo/AI4LABOUR/Mejoras/results_coursera/models/tsdae_coursera/google-bert/bert-base-uncased,A_semantic_only,12,9251af4a3821,supervise engineering or other technical personnel,3378,d2e5330ba975,1,0.6875510215759277,0.6875510215759277,3.649721622467041,0.07692307978868484,0.5,0.22369101643562317,0
/home/jovyan/Joel_Pardo/AI4LABOUR/Mejoras/results_coursera/models/tsdae_coursera/google-bert/bert-base-uncased,A_semantic_only,12,9251af4a3821,supervise engineering or other technical personnel,1607,6544768291be,2,0.674579381942749,0.674579381942749,3.5346903800964355,0.1666666716337204,0.4285714328289032,0.7223473191261292,0
/home/jovyan/Joel_Pardo/AI4LABOUR/Mejoras/results_coursera/models/tsdae_coursera/google-bert/bert-base-uncased,A_semantic_only,12,9251af4a3821,supervise engineering or other technical personnel,937,43b6a406ef58,3,0.6690793633460999,0.6690793633460999,3.48591685295105,0.0,0.7142857313156128,0.0,0
/home/jovyan/Joel_Pardo/AI4LABOUR/Mejoras/results_coursera/models/tsdae_coursera/google-bert/bert-base-uncased,A_semantic_only,12,9251af4a3821,supervise engineering or other technical personnel,2899,02494e9ed104,4,0.6634278893470764,0.6634278893470764,3.435800313949585,0.1428571492433548,0.5714285969734192,0.6205371618270874,0
/home/jovyan/Joel_Pardo/AI4LABOUR/Mejoras/results_coursera/models/tsdae_coursera/google-bert/bert-base-uncased,A_semantic_only,12,9251af4a3821,supervise engineering or other technical personnel,2235,373b347cdc67,5,0.6622501611709595,0.6622501611709595,3.425356149673462,0.0,0.7142857313156128,0.0,0
/home/jovyan/Joel_Pardo/AI4LABOUR/Mejoras/results_coursera/models/tsdae_coursera/google-bert/bert-base-uncased,A_semantic_only,12,9251af4a3821,supervise engineering or other technical personnel,1268,41400dedd9f3,6,0.653484582901001,0.653484582901001,3.3476240634918213,0.0,0.5714285969734192,0.0,0
/home/jovyan/Joel_Pardo/AI4LABOUR/Mejoras/results_coursera/models/tsdae_coursera/google-bert/bert-base-uncased,A_semantic_only,12,9251af4a3821,supervise engineering or other technical personnel,227,5a37bf1ef9f0,7,0.6478192210197449,0.6478192210197449,3.297384262084961,0.0,0.7142857313156128,0.0,0
/home/jovyan/Joel_Pardo/AI4LABOUR/Mejoras/results_coursera/models/tsdae_coursera/google-bert/bert-base-uncased,A_semantic_only,12,9251af4a3821,supervise engineering or other technical personnel,2112,49e1b35b16b4,8,0.6475192904472351,0.6475192904472351,3.294724464416504,0.0,0.8571428656578064,0.0,0
/home/jovyan/Joel_Pardo/AI4LABOUR/Mejoras/results_coursera/models/tsdae_coursera/google-bert/bert-base-uncased,A_semantic_only,12,9251af4a3821,supervise engineering or other technical personnel,4453,d9ea7797e0d6,9,0.6462927460670471,0.6462927460670471,3.2838475704193115,0.10000000149011612,0.699999988079071,0.3362140953540802,0
/home/jovyan/Joel_Pardo/AI4LABOUR/Mejoras/results_coursera/models/tsdae_coursera/google-bert/bert-base-uncased,A_semantic_only,12,9251af4a3821,supervise engineering or other technical personnel,187,4f31d62fd9b2,10,0.6405436992645264,0.6405436992645264,3.232865810394287,0.0,0.5714285969734192,0.0,0
/home/jovyan/Joel_Pardo/AI4LABOUR/Mejoras/results_coursera/models/tsdae_coursera/google-bert/bert-base-uncased,A_semantic_only,13,f7e80a0049c6,estimate operational costs,1649,bd1d85f33bd2,1,0.9050577282905579,0.9050577282905579,4.070824146270752,0.25,0.75,1.0,0
/home/jovyan/Joel_Pardo/AI4LABOUR/Mejoras/results_coursera/models/tsdae_coursera/google-bert/bert-base-uncased,A_semantic_only,13,f7e80a0049c6,estimate operational costs,4561,7dbb7909a0ac,2,0.7727560997009277,0.7727560997009277,3.1010165214538574,0.0,0.6666666865348816,0.0,0
/home/jovyan/Joel_Pardo/AI4LABOUR/Mejoras/results_coursera/models/tsdae_coursera/google-bert/bert-base-uncased,A_semantic_only,13,f7e80a0049c6,estimate operational costs,4058,74fe0528c27f,3,0.7711302638053894,0.7711302638053894,3.0890986919403076,0.1428571492433548,0.6666666865348816,0.6407135128974915,0
/home/jovyan/Joel_Pardo/AI4LABOUR/Mejoras/results_coursera/models/tsdae_coursera/google-bert/bert-base-uncased,A_semantic_only,13,f7e80a0049c6,estimate operational costs,4059,966ff254f415,4,0.7706006765365601,0.7706006765365601,3.085216760635376,0.1666666716337204,0.800000011920929,0.7198624014854431,0
/home/jovyan/Joel_Pardo/AI4LABOUR/Mejoras/results_coursera/models/tsdae_coursera/google-bert/bert-base-uncased,A_semantic_only,13,f7e80a0049c6,estimate operational costs,178,4e1566f0798f,5,0.7643232345581055,0.7643232345581055,3.039201259613037,0.0,0.5,0.0,0
/home/jovyan/Joel_Pardo/AI4LABOUR/Mejoras/results_coursera/models/tsdae_coursera/google-bert/bert-base-uncased,A_semantic_only,13,f7e80a0049c6,estimate operational costs,186,00cd500cb766,6,0.7624328136444092,0.7624328136444092,3.025343894958496,0.0,1.0,0.0,0
/home/jovyan/Joel_Pardo/AI4LABOUR/Mejoras/results_coursera/models/tsdae_coursera/google-bert/bert-base-uncased,A_semantic_only,13,f7e80a0049c6,estimate operational costs,3880,3815b0b5a181,7,0.7567408084869385,0.7567408084869385,2.9836199283599854,0.25,0.75,1.0,0
/home/jovyan/Joel_Pardo/AI4LABOUR/Mejoras/results_coursera/models/tsdae_coursera/google-bert/bert-base-uncased,A_semantic_only,13,f7e80a0049c6,estimate operational costs,4995,cc71debfe9f5,8,0.7517656087875366,0.7517656087875366,2.947150468826294,0.0,0.800000011920929,0.0,0
/home/jovyan/Joel_Pardo/AI4LABOUR/Mejoras/results_coursera/models/tsdae_coursera/google-bert/bert-base-uncased,A_semantic_only,13,f7e80a0049c6,estimate operational costs,5134,29c1e14899e6,9,0.750234842300415,0.750234842300415,2.935929536819458,0.0,1.0,0.0,0
/home/jovyan/Joel_Pardo/AI4LABOUR/Mejoras/results_coursera/models/tsdae_coursera/google-bert/bert-base-uncased,A_semantic_only,13,f7e80a0049c6,estimate operational costs,2535,e97f0c698df9,10,0.7430959939956665,0.7430959939956665,2.8835997581481934,0.0,1.0,0.0,0
/home/jovyan/Joel_Pardo/AI4LABOUR/Mejoras/results_coursera/models/tsdae_coursera/google-bert/bert-base-uncased,A_semantic_only,14,ccf9fc39d00f,estimate time requirements for development or production projects,1649,bd1d85f33bd2,1,0.7923052310943604,0.7923052310943604,3.9065651893615723,0.1428571492433548,0.3333333432674408,1.0,0
/home/jovyan/Joel_Pardo/AI4LABOUR/Mejoras/results_coursera/models/tsdae_coursera/google-bert/bert-base-uncased,A_semantic_only,14,ccf9fc39d00f,estimate time requirements for development or production projects,4561,7dbb7909a0ac,2,0.7735015153884888,0.7735015153884888,3.7560782432556152,0.0,0.6666666865348816,0.0,0
/home/jovyan/Joel_Pardo/AI4LABOUR/Mejoras/results_coursera/models/tsdae_coursera/google-bert/bert-base-uncased,A_semantic_only,14,ccf9fc39d00f,estimate time requirements for development or production projects,2926,747bfa9e8bfc,3,0.7356489300727844,0.7356489300727844,3.4531424045562744,0.1428571492433548,0.4444444477558136,0.6177434921264648,0
/home/jovyan/Joel_Pardo/AI4LABOUR/Mejoras/results_coursera/models/tsdae_coursera/google-bert/bert-base-uncased,A_semantic_only,14,ccf9fc39d00f,estimate time requirements for development or production projects,4791,baded3c66d4d,4,0.7356352806091309,0.7356352806091309,3.453033208847046,0.0,0.6666666865348816,0.3427419662475586,0
/home/jovyan/Joel_Pardo/AI4LABOUR/Mejoras/results_coursera/models/tsdae_coursera/google-bert/bert-base-uncased,A_semantic_only,14,ccf9fc39d00f,estimate time requirements for development or production projects,2300,754666b07e71,5,0.7337160110473633,0.7337160110473633,3.4376730918884277,0.07692307978868484,0.6428571343421936,0.55592280626297,0
/home/jovyan/Joel_Pardo/AI4LABOUR/Mejoras/results_coursera/models/tsdae_coursera/google-bert/bert-base-uncased,A_semantic_only,14,ccf9fc39d00f,estimate time requirements for development or production projects,4895,d9ed0b19f811,6,0.7230474948883057,0.7230474948883057,3.352292537689209,0.0,0.3333333432674408,0.0,0
/home/jovyan/Joel_Pardo/AI4LABOUR/Mejoras/results_coursera/models/tsdae_coursera/google-bert/bert-base-uncased,A_semantic_only,14,ccf9fc39d00f,estimate time requirements for development or production projects,1950,26eeaf26a09d,7,0.7188024520874023,0.7188024520874023,3.318319320678711,0.0,0.8888888955116272,0.0,0
/home/jovyan/Joel_Pardo/AI4LABOUR/Mejoras/results_coursera/models/tsdae_coursera/google-bert/bert-base-uncased,A_semantic_only,14,ccf9fc39d00f,estimate time requirements for development or production projects,4501,7e31f9e44f69,8,0.715679407119751,0.715679407119751,3.293325424194336,0.09090909361839294,0.8999999761581421,0.2515351176261902,0
/home/jovyan/Joel_Pardo/AI4LABOUR/Mejoras/results_coursera/models/tsdae_coursera/google-bert/bert-base-uncased,A_semantic_only,14,ccf9fc39d00f,estimate time requirements for development or production projects,690,32402d5443a6,9,0.7116474509239197,0.7116474509239197,3.2610573768615723,0.0,0.6428571343421936,0.0,0
/home/jovyan/Joel_Pardo/AI4LABOUR/Mejoras/results_coursera/models/tsdae_coursera/google-bert/bert-base-uncased,A_semantic_only,14,ccf9fc39d00f,estimate time requirements for development or production projects,4484,2dcbf8ba788e,10,0.7112825512886047,0.7112825512886047,3.2581372261047363,0.0,0.3333333432674408,0.0,0
/home/jovyan/Joel_Pardo/AI4LABOUR/Mejoras/results_coursera/models/tsdae_coursera/google-bert/bert-base-uncased,A_semantic_only,15,c5e6a1a8c44d,prepare detailed work plans,1786,c538af615e86,1,0.7388795614242554,0.7388795614242554,4.122517108917236,0.0,0.6000000238418579,0.0,0
/home/jovyan/Joel_Pardo/AI4LABOUR/Mejoras/results_coursera/models/tsdae_coursera/google-bert/bert-base-uncased,A_semantic_only,15,c5e6a1a8c44d,prepare detailed work plans,1371,5fc25157650d,2,0.7385076284408569,0.7385076284408569,4.119239330291748,0.0,0.4000000059604645,0.0,0
/home/jovyan/Joel_Pardo/AI4LABOUR/Mejoras/results_coursera/models/tsdae_coursera/google-bert/bert-base-uncased,A_semantic_only,15,c5e6a1a8c44d,prepare detailed work plans,4310,506583358173,3,0.7232198715209961,0.7232198715209961,3.98452091217041,0.2857142984867096,0.7142857313156128,1.0,0
/home/jovyan/Joel_Pardo/AI4LABOUR/Mejoras/results_coursera/models/tsdae_coursera/google-bert/bert-base-uncased,A_semantic_only,15,c5e6a1a8c44d,prepare detailed work plans,4129,c0c66eb294df,4,0.70638108253479,0.70638108253479,3.836134672164917,0.0,0.6000000238418579,0.0,0
/home/jovyan/Joel_Pardo/AI4LABOUR/Mejoras/results_coursera/models/tsdae_coursera/google-bert/bert-base-uncased,A_semantic_only,15,c5e6a1a8c44d,prepare detailed work plans,4590,5d45850c5baa,5,0.7038410902023315,0.7038410902023315,3.813751697540283,0.20000000298023224,0.6000000238418579,0.768450140953064,0
/home/jovyan/Joel_Pardo/AI4LABOUR/Mejoras/results_coursera/models/tsdae_coursera/google-bert/bert-base-uncased,A_semantic_only,15,c5e6a1a8c44d,prepare detailed work plans,3780,5279f5c334f7,6,0.6947944164276123,0.6947944164276123,3.7340307235717773,0.0,0.7142857313156128,0.0,0
/home/jovyan/Joel_Pardo/AI4LABOUR/Mejoras/results_coursera/models/tsdae_coursera/google-bert/bert-base-uncased,A_semantic_only,15,c5e6a1a8c44d,prepare detailed work plans,3782,0d6b3a3f8dee,7,0.694767951965332,0.694767951965332,3.733797550201416,0.0,0.5555555820465088,0.0,0
/home/jovyan/Joel_Pardo/AI4LABOUR/Mejoras/results_coursera/models/tsdae_coursera/google-bert/bert-base-uncased,A_semantic_only,15,c5e6a1a8c44d,prepare detailed work plans,4895,d9ed0b19f811,8,0.6890374422073364,0.6890374422073364,3.6832993030548096,0.0,0.6000000238418579,0.0,0
/home/jovyan/Joel_Pardo/AI4LABOUR/Mejoras/results_coursera/models/tsdae_coursera/google-bert/bert-base-uncased,A_semantic_only,15,c5e6a1a8c44d,prepare detailed work plans,4856,8854c5efcfea,9,0.6661932468414307,0.6661932468414307,3.481992244720459,0.0,0.6000000238418579,0.0,0
/home/jovyan/Joel_Pardo/AI4LABOUR/Mejoras/results_coursera/models/tsdae_coursera/google-bert/bert-base-uncased,A_semantic_only,15,c5e6a1a8c44d,prepare detailed work plans,5207,e7b5a7f54463,10,0.6626385450363159,0.6626385450363159,3.4506676197052,0.0,1.0,0.0,0
/home/jovyan/Joel_Pardo/AI4LABOUR/Mejoras/results_coursera/models/tsdae_coursera/google-bert/bert-base-uncased,A_semantic_only,16,6e6ec1a475b8,prepare technical reports for internal use,4590,5d45850c5baa,1,0.7461938858032227,0.7461938858032227,3.4962751865386963,0.1666666716337204,0.4285714328289032,0.8603436946868896,0
/home/jovyan/Joel_Pardo/AI4LABOUR/Mejoras/results_coursera/models/tsdae_coursera/google-bert/bert-base-uncased,A_semantic_only,16,6e6ec1a475b8,prepare technical reports for internal use,181,6e0262463c46,2,0.7261359691619873,0.7261359691619873,3.338459014892578,0.0,0.7777777910232544,0.0,0
/home/jovyan/Joel_Pardo/AI4LABOUR/Mejoras/results_coursera/models/tsdae_coursera/google-bert/bert-base-uncased,A_semantic_only,16,6e6ec1a475b8,prepare technical reports for internal use,3780,5279f5c334f7,3,0.7184948325157166,0.7184948325157166,3.2783384323120117,0.0,1.0,0.0,0
/home/jovyan/Joel_Pardo/AI4LABOUR/Mejoras/results_coursera/models/tsdae_coursera/google-bert/bert-base-uncased,A_semantic_only,16,6e6ec1a475b8,prepare technical reports for internal use,1786,c538af615e86,4,0.718120813369751,0.718120813369751,3.275395631790161,0.0,0.4285714328289032,0.0,0
/home/jovyan/Joel_Pardo/AI4LABOUR/Mejoras/results_coursera/models/tsdae_coursera/google-bert/bert-base-uncased,A_semantic_only,16,6e6ec1a475b8,prepare technical reports for internal use,4310,506583358173,5,0.7172006964683533,0.7172006964683533,3.2681562900543213,0.1111111119389534,1.0,0.5194462537765503,0
/home/jovyan/Joel_Pardo/AI4LABOUR/Mejoras/results_coursera/models/tsdae_coursera/google-bert/bert-base-uncased,A_semantic_only,16,6e6ec1a475b8,prepare technical reports for internal use,690,32402d5443a6,6,0.7170392274856567,0.7170392274856567,3.266885757446289,0.0,0.5,0.0,0
/home/jovyan/Joel_Pardo/AI4LABOUR/Mejoras/results_coursera/models/tsdae_coursera/google-bert/bert-base-uncased,A_semantic_only,16,6e6ec1a475b8,prepare technical reports for internal use,4558,7b0342e1d11a,7,0.7153956890106201,0.7153956890106201,3.2539544105529785,0.1111111119389534,0.8571428656578064,0.48117130994796753,0
/home/jovyan/Joel_Pardo/AI4LABOUR/Mejoras/results_coursera/models/tsdae_coursera/google-bert/bert-base-uncased,A_semantic_only,16,6e6ec1a475b8,prepare technical reports for internal use,4501,7e31f9e44f69,8,0.7136480808258057,0.7136480808258057,3.240204095840454,0.10000000149011612,0.699999988079071,0.27890196442604065,0
/home/jovyan/Joel_Pardo/AI4LABOUR/Mejoras/results_coursera/models/tsdae_coursera/google-bert/bert-base-uncased,A_semantic_only,16,6e6ec1a475b8,prepare technical reports for internal use,4502,98c2bfc7d4aa,9,0.7135978937149048,0.7135978937149048,3.239809274673462,0.0,0.7777777910232544,0.0,0
/home/jovyan/Joel_Pardo/AI4LABOUR/Mejoras/results_coursera/models/tsdae_coursera/google-bert/bert-base-uncased,A_semantic_only,16,6e6ec1a475b8,prepare technical reports for internal use,226,7e56613a2ebc,10,0.7122209072113037,0.7122209072113037,3.2289750576019287,0.125,0.8571428656578064,0.5765593647956848,0
/home/jovyan/Joel_Pardo/AI4LABOUR/Mejoras/results_coursera/models/tsdae_coursera/google-bert/bert-base-uncased,A_semantic_only,17,e1dbddbff402,"prepare contracts, disclosures, or applications",146,e108b321d664,1,0.6942457556724548,0.6942457556724548,3.9909424781799316,0.0,0.5,0.0,0
/home/jovyan/Joel_Pardo/AI4LABOUR/Mejoras/results_coursera/models/tsdae_coursera/google-bert/bert-base-uncased,A_semantic_only,17,e1dbddbff402,"prepare contracts, disclosures, or applications",226,7e56613a2ebc,2,0.6827462911605835,0.6827462911605835,3.8694257736206055,0.1428571492433548,1.0,0.5409764647483826,0
/home/jovyan/Joel_Pardo/AI4LABOUR/Mejoras/results_coursera/models/tsdae_coursera/google-bert/bert-base-uncased,A_semantic_only,17,e1dbddbff402,"prepare contracts, disclosures, or applications",150,e1b657c11575,3,0.6739481687545776,0.6739481687545776,3.7764546871185303,0.0,0.3529411852359772,0.0,0
/home/jovyan/Joel_Pardo/AI4LABOUR/Mejoras/results_coursera/models/tsdae_coursera/google-bert/bert-base-uncased,A_semantic_only,17,e1dbddbff402,"prepare contracts, disclosures, or applications",2913,0a5b7130fab4,4,0.6662192344665527,0.6662192344665527,3.69478178024292,0.0,0.8333333134651184,0.0,0
/home/jovyan/Joel_Pardo/AI4LABOUR/Mejoras/results_coursera/models/tsdae_coursera/google-bert/bert-base-uncased,A_semantic_only,17,e1dbddbff402,"prepare contracts, disclosures, or applications",3946,d77de4fdc1c2,5,0.6640486717224121,0.6640486717224121,3.671844959259033,0.0,0.4285714328289032,0.0,0
/home/jovyan/Joel_Pardo/AI4LABOUR/Mejoras/results_coursera/models/tsdae_coursera/google-bert/bert-base-uncased,A_semantic_only,17,e1dbddbff402,"prepare contracts, disclosures, or applications",4228,91aa446c1ed9,6,0.6546281576156616,0.6546281576156616,3.5722970962524414,0.0,0.8333333134651184,0.0,0
/home/jovyan/Joel_Pardo/AI4LABOUR/Mejoras/results_coursera/models/tsdae_coursera/google-bert/bert-base-uncased,A_semantic_only,17,e1dbddbff402,"prepare contracts, disclosures, or applications",3619,e9839443e2c0,7,0.6531975269317627,0.6531975269317627,3.5571792125701904,0.25,0.3333333432674408,1.0,0
/home/jovyan/Joel_Pardo/AI4LABOUR/Mejoras/results_coursera/models/tsdae_coursera/google-bert/bert-base-uncased,A_semantic_only,17,e1dbddbff402,"prepare contracts, disclosures, or applications",180,1984ba551855,8,0.6528981328010559,0.6528981328010559,3.554015636444092,0.07692307978868484,0.375,0.26682543754577637,0
/home/jovyan/Joel_Pardo/AI4LABOUR/Mejoras/results_coursera/models/tsdae_coursera/google-bert/bert-base-uncased,A_semantic_only,17,e1dbddbff402,"prepare contracts, disclosures, or applications",145,28d847b0e520,9,0.6528292894363403,0.6528292894363403,3.553287982940674,0.0,0.1764705926179886,0.0,0
/home/jovyan/Joel_Pardo/AI4LABOUR/Mejoras/results_coursera/models/tsdae_coursera/google-bert/bert-base-uncased,A_semantic_only,17,e1dbddbff402,"prepare contracts, disclosures, or applications",149,a1be0f01fcf6,10,0.6398051977157593,0.6398051977157593,3.4156603813171387,0.0,0.6666666865348816,0.0,0
/home/jovyan/Joel_Pardo/AI4LABOUR/Mejoras/results_coursera/models/tsdae_coursera/google-bert/bert-base-uncased,A_semantic_only,18,1c10b347eeee,update technical knowledge,3215,d4793dfe8103,1,0.8097480535507202,0.8097480535507202,3.753298759460449,0.1666666716337204,0.5714285969734192,0.6037659645080566,0
/home/jovyan/Joel_Pardo/AI4LABOUR/Mejoras/results_coursera/models/tsdae_coursera/google-bert/bert-base-uncased,A_semantic_only,18,1c10b347eeee,update technical knowledge,3378,d2e5330ba975,2,0.7926071882247925,0.7926071882247925,3.614804983139038,0.0,0.2857142984867096,0.0,0
/home/jovyan/Joel_Pardo/AI4LABOUR/Mejoras/results_coursera/models/tsdae_coursera/google-bert/bert-base-uncased,A_semantic_only,18,1c10b347eeee,update technical knowledge,2380,6af8ce579757,3,0.7801080942153931,0.7801080942153931,3.513815402984619,0.20000000298023224,0.800000011920929,0.7289459109306335,0
/home/jovyan/Joel_Pardo/AI4LABOUR/Mejoras/results_coursera/models/tsdae_coursera/google-bert/bert-base-uncased,A_semantic_only,18,1c10b347eeee,update technical knowledge,4453,d9ea7797e0d6,4,0.7685858011245728,0.7685858011245728,3.420718193054199,0.125,0.4000000059604645,0.4654465913772583,0
/home/jovyan/Joel_Pardo/AI4LABOUR/Mejoras/results_coursera/models/tsdae_coursera/google-bert/bert-base-uncased,A_semantic_only,18,1c10b347eeee,update technical knowledge,4501,7e31f9e44f69,5,0.7284835577011108,0.7284835577011108,3.0967023372650146,0.0,0.4000000059604645,0.0,0
/home/jovyan/Joel_Pardo/AI4LABOUR/Mejoras/results_coursera/models/tsdae_coursera/google-bert/bert-base-uncased,A_semantic_only,18,1c10b347eeee,update technical knowledge,4793,ecfb3bfe17da,6,0.719158411026001,0.719158411026001,3.021357297897339,0.0,0.6666666865348816,0.0,0
/home/jovyan/Joel_Pardo/AI4LABOUR/Mejoras/results_coursera/models/tsdae_coursera/google-bert/bert-base-uncased,A_semantic_only,18,1c10b347eeee,update technical knowledge,4561,7dbb7909a0ac,7,0.7189263105392456,0.7189263105392456,3.019482135772705,0.1666666716337204,0.6666666865348816,0.6701500415802002,0
/home/jovyan/Joel_Pardo/AI4LABOUR/Mejoras/results_coursera/models/tsdae_coursera/google-bert/bert-base-uncased,A_semantic_only,18,1c10b347eeee,update technical knowledge,3213,e73f40d83ac6,8,0.7177227139472961,0.7177227139472961,3.0097572803497314,0.10000000149011612,0.3333333432674408,0.4037778079509735,0
/home/jovyan/Joel_Pardo/AI4LABOUR/Mejoras/results_coursera/models/tsdae_coursera/google-bert/bert-base-uncased,A_semantic_only,18,1c10b347eeee,update technical knowledge,5151,5522b0cf362d,9,0.7167624235153198,0.7167624235153198,3.0019984245300293,0.0,0.5714285969734192,0.0,0
/home/jovyan/Joel_Pardo/AI4LABOUR/Mejoras/results_coursera/models/tsdae_coursera/google-bert/bert-base-uncased,A_semantic_only,18,1c10b347eeee,update technical knowledge,4103,cd45bf616f0e,10,0.713441789150238,0.713441789150238,2.975168466567993,0.0,0.4000000059604645,0.0,0
/home/jovyan/Joel_Pardo/AI4LABOUR/Mejoras/results_coursera/models/tsdae_coursera/google-bert/bert-base-uncased,A_semantic_only,19,9d76ae41867e,evaluate characteristics of equipment or systems,937,43b6a406ef58,1,0.769317090511322,0.769317090511322,3.5496909618377686,0.0,0.7142857313156128,0.0,0
/home/jovyan/Joel_Pardo/AI4LABOUR/Mejoras/results_coursera/models/tsdae_coursera/google-bert/bert-base-uncased,A_semantic_only,19,9d76ae41867e,evaluate characteristics of equipment or systems,3816,d4dcc2b4ce0a,2,0.7573691010475159,0.7573691010475159,3.4511098861694336,0.1111111119389534,1.0,0.3293631970882416,0
/home/jovyan/Joel_Pardo/AI4LABOUR/Mejoras/results_coursera/models/tsdae_coursera/google-bert/bert-base-uncased,A_semantic_only,19,9d76ae41867e,evaluate characteristics of equipment or systems,2235,373b347cdc67,3,0.7452828288078308,0.7452828288078308,3.3513882160186768,0.1666666716337204,0.7142857313156128,0.7134999632835388,0
/home/jovyan/Joel_Pardo/AI4LABOUR/Mejoras/results_coursera/models/tsdae_coursera/google-bert/bert-base-uncased,A_semantic_only,19,9d76ae41867e,evaluate characteristics of equipment or systems,3056,4b76c705aa42,4,0.7427607178688049,0.7427607178688049,3.330578565597534,0.0,0.875,0.0,0
/home/jovyan/Joel_Pardo/AI4LABOUR/Mejoras/results_coursera/models/tsdae_coursera/google-bert/bert-base-uncased,A_semantic_only,19,9d76ae41867e,evaluate characteristics of equipment or systems,1822,39932b592d9d,5,0.7422059774398804,0.7422059774398804,3.3260014057159424,0.0,0.3888888955116272,0.11618261784315109,0
/home/jovyan/Joel_Pardo/AI4LABOUR/Mejoras/results_coursera/models/tsdae_coursera/google-bert/bert-base-uncased,A_semantic_only,19,9d76ae41867e,evaluate characteristics of equipment or systems,4501,7e31f9e44f69,6,0.7260676622390747,0.7260676622390747,3.1928467750549316,0.0,0.699999988079071,0.1871607005596161,0
/home/jovyan/Joel_Pardo/AI4LABOUR/Mejoras/results_coursera/models/tsdae_coursera/google-bert/bert-base-uncased,A_semantic_only,19,9d76ae41867e,evaluate characteristics of equipment or systems,3303,8dee13915ca0,7,0.72572922706604,0.72572922706604,3.190054416656494,0.0,0.875,0.0,0
/home/jovyan/Joel_Pardo/AI4LABOUR/Mejoras/results_coursera/models/tsdae_coursera/google-bert/bert-base-uncased,A_semantic_only,19,9d76ae41867e,evaluate characteristics of equipment or systems,3981,c3c0e3736c09,8,0.7177143096923828,0.7177143096923828,3.123924732208252,0.0,0.4285714328289032,0.0,0
/home/jovyan/Joel_Pardo/AI4LABOUR/Mejoras/results_coursera/models/tsdae_coursera/google-bert/bert-base-uncased,A_semantic_only,19,9d76ae41867e,evaluate characteristics of equipment or systems,943,74651aa1038d,9,0.7159382104873657,0.7159382104873657,3.1092703342437744,0.0,0.7777777910232544,0.20263485610485077,0
/home/jovyan/Joel_Pardo/AI4LABOUR/Mejoras/results_coursera/models/tsdae_coursera/google-bert/bert-base-uncased,A_semantic_only,19,9d76ae41867e,evaluate characteristics of equipment or systems,1268,41400dedd9f3,10,0.714103102684021,0.714103102684021,3.0941293239593506,0.0,0.5714285969734192,0.0,0
/home/jovyan/Joel_Pardo/AI4LABOUR/Mejoras/results_coursera/models/tsdae_coursera/google-bert/bert-base-uncased,A_semantic_only,20,1bd49058235f,advise customers on the use of products or services,5001,76280139c9ae,1,0.7536136507987976,0.7536136507987976,3.1810195446014404,0.0,0.800000011920929,0.2541600465774536,0
/home/jovyan/Joel_Pardo/AI4LABOUR/Mejoras/results_coursera/models/tsdae_coursera/google-bert/bert-base-uncased,A_semantic_only,20,1bd49058235f,advise customers on the use of products or services,4313,1d0debea8ecf,2,0.7521618604660034,0.7521618604660034,3.169887065887451,0.0,0.625,0.31352367997169495,0
/home/jovyan/Joel_Pardo/AI4LABOUR/Mejoras/results_coursera/models/tsdae_coursera/google-bert/bert-base-uncased,A_semantic_only,20,1bd49058235f,advise customers on the use of products or services,4998,8ce14d15a94f,3,0.7485793232917786,0.7485793232917786,3.142415761947632,0.0,0.800000011920929,0.2541600465774536,0
/home/jovyan/Joel_Pardo/AI4LABOUR/Mejoras/results_coursera/models/tsdae_coursera/google-bert/bert-base-uncased,A_semantic_only,20,1bd49058235f,advise customers on the use of products or services,4999,f2070a56a7d1,4,0.7295248508453369,0.7295248508453369,2.9963035583496094,0.0,0.9090909361839294,0.2246769666671753,0
/home/jovyan/Joel_Pardo/AI4LABOUR/Mejoras/results_coursera/models/tsdae_coursera/google-bert/bert-base-uncased,A_semantic_only,20,1bd49058235f,advise customers on the use of products or services,1863,6a901f9ab4b7,5,0.7252033948898315,0.7252033948898315,2.9631662368774414,0.043478261679410934,0.38461539149284363,0.5019668340682983,0
/home/jovyan/Joel_Pardo/AI4LABOUR/Mejoras/results_coursera/models/tsdae_coursera/google-bert/bert-base-uncased,A_semantic_only,20,1bd49058235f,advise customers on the use of products or services,4303,0358af5c4ed1,6,0.7239693403244019,0.7239693403244019,2.9537034034729004,0.0625,0.6666666865348816,0.30528029799461365,0
/home/jovyan/Joel_Pardo/AI4LABOUR/Mejoras/results_coursera/models/tsdae_coursera/google-bert/bert-base-uncased,A_semantic_only,20,1bd49058235f,advise customers on the use of products or services,5258,941921aaf291,7,0.7218493223190308,0.7218493223190308,2.9374468326568604,0.0,0.7142857313156128,0.0,0
/home/jovyan/Joel_Pardo/AI4LABOUR/Mejoras/results_coursera/models/tsdae_coursera/google-bert/bert-base-uncased,A_semantic_only,20,1bd49058235f,advise customers on the use of products or services,1109,d5ec45b1f73d,8,0.71994948387146,0.71994948387146,2.9228785037994385,0.0,0.7142857313156128,0.0,0
/home/jovyan/Joel_Pardo/AI4LABOUR/Mejoras/results_coursera/models/tsdae_coursera/google-bert/bert-base-uncased,A_semantic_only,20,1bd49058235f,advise customers on the use of products or services,3025,5653d4592b47,9,0.7195436954498291,0.7195436954498291,2.919766902923584,0.09090909361839294,1.0,0.9882408380508423,0
/home/jovyan/Joel_Pardo/AI4LABOUR/Mejoras/results_coursera/models/tsdae_coursera/google-bert/bert-base-uncased,A_semantic_only,20,1bd49058235f,advise customers on the use of products or services,1855,20dc1dc3600c,10,0.7175155878067017,0.7175155878067017,2.904215097427368,0.0,0.8999999761581421,0.35139721632003784,0
/home/jovyan/Joel_Pardo/AI4LABOUR/Mejoras/results_coursera/models/tsdae_coursera/google-bert/bert-base-uncased,A_semantic_only,21,c9b70de179fe,develop software or computer applications,1260,63dfa587738c,1,0.7628910541534424,0.7628910541534424,3.4465835094451904,0.1666666716337204,0.6666666865348816,0.4498499631881714,0
/home/jovyan/Joel_Pardo/AI4LABOUR/Mejoras/results_coursera/models/tsdae_coursera/google-bert/bert-base-uncased,A_semantic_only,21,c9b70de179fe,develop software or computer applications,4322,111b01115aeb,2,0.7625725269317627,0.7625725269317627,3.443855047225952,0.1666666716337204,1.0,0.3509279489517212,0
/home/jovyan/Joel_Pardo/AI4LABOUR/Mejoras/results_coursera/models/tsdae_coursera/google-bert/bert-base-uncased,A_semantic_only,21,c9b70de179fe,develop software or computer applications,3327,7fab491d7371,3,0.7605157494544983,0.7605157494544983,3.426236867904663,0.1666666716337204,0.6666666865348816,0.4092065691947937,0
/home/jovyan/Joel_Pardo/AI4LABOUR/Mejoras/results_coursera/models/tsdae_coursera/google-bert/bert-base-uncased,A_semantic_only,21,c9b70de179fe,develop software or computer applications,429,2531bc498841,4,0.7580798864364624,0.7580798864364624,3.4053714275360107,0.0,0.8333333134651184,0.0,0
/home/jovyan/Joel_Pardo/AI4LABOUR/Mejoras/results_coursera/models/tsdae_coursera/google-bert/bert-base-uncased,A_semantic_only,21,c9b70de179fe,develop software or computer applications,1618,a6ec7cc907d1,5,0.7416086196899414,0.7416086196899414,3.264279365539551,0.5,0.5,1.0,0
/home/jovyan/Joel_Pardo/AI4LABOUR/Mejoras/results_coursera/models/tsdae_coursera/google-bert/bert-base-uncased,A_semantic_only,21,c9b70de179fe,develop software or computer applications,1569,65a6cc530b16,6,0.7348588705062866,0.7348588705062866,3.2064614295959473,0.1666666716337204,0.6666666865348816,0.4498499631881714,0
/home/jovyan/Joel_Pardo/AI4LABOUR/Mejoras/results_coursera/models/tsdae_coursera/google-bert/bert-base-uncased,A_semantic_only,21,c9b70de179fe,develop software or computer applications,4348,b75ac8ea7b39,7,0.7135266065597534,0.7135266065597534,3.023730516433716,0.0,1.0,0.0,0
/home/jovyan/Joel_Pardo/AI4LABOUR/Mejoras/results_coursera/models/tsdae_coursera/google-bert/bert-base-uncased,A_semantic_only,21,c9b70de179fe,develop software or computer applications,4399,73536425bdf2,8,0.7092856168746948,0.7092856168746948,2.9874024391174316,0.0,0.5,0.0,0
/home/jovyan/Joel_Pardo/AI4LABOUR/Mejoras/results_coursera/models/tsdae_coursera/google-bert/bert-base-uncased,A_semantic_only,21,c9b70de179fe,develop software or computer applications,1617,678771700447,9,0.7085643410682678,0.7085643410682678,2.9812240600585938,0.0,0.5,0.0,0
/home/jovyan/Joel_Pardo/AI4LABOUR/Mejoras/results_coursera/models/tsdae_coursera/google-bert/bert-base-uncased,A_semantic_only,21,c9b70de179fe,develop software or computer applications,3272,75a60472874a,10,0.7060037851333618,0.7060037851333618,2.9592905044555664,0.0,0.8333333134651184,0.0,0
/home/jovyan/Joel_Pardo/AI4LABOUR/Mejoras/results_coursera/models/tsdae_coursera/google-bert/bert-base-uncased,A_semantic_only,22,bab0b2935945,"analyze operational data to evaluate operations, processes or products",4791,baded3c66d4d,1,0.8269332647323608,0.8269332647323608,3.1850786209106445,0.0,0.6000000238418579,0.0,0
/home/jovyan/Joel_Pardo/AI4LABOUR/Mejoras/results_coursera/models/tsdae_coursera/google-bert/bert-base-uncased,A_semantic_only,22,bab0b2935945,"analyze operational data to evaluate operations, processes or products",2661,a40ee5969123,2,0.8106811046600342,0.8106811046600342,3.0672965049743652,0.1111111119389534,0.5,0.5054271221160889,0
/home/jovyan/Joel_Pardo/AI4LABOUR/Mejoras/results_coursera/models/tsdae_coursera/google-bert/bert-base-uncased,A_semantic_only,22,bab0b2935945,"analyze operational data to evaluate operations, processes or products",754,2af854050699,3,0.8058569431304932,0.8058569431304932,3.032335042953491,0.10000000149011612,0.6000000238418579,0.44985541701316833,0
/home/jovyan/Joel_Pardo/AI4LABOUR/Mejoras/results_coursera/models/tsdae_coursera/google-bert/bert-base-uncased,A_semantic_only,22,bab0b2935945,"analyze operational data to evaluate operations, processes or products",1950,26eeaf26a09d,4,0.8032011985778809,0.8032011985778809,3.0130882263183594,0.0833333358168602,0.800000011920929,0.20844899117946625,0
/home/jovyan/Joel_Pardo/AI4LABOUR/Mejoras/results_coursera/models/tsdae_coursera/google-bert/bert-base-uncased,A_semantic_only,22,bab0b2935945,"analyze operational data to evaluate operations, processes or products",4058,74fe0528c27f,5,0.8006266951560974,0.8006266951560974,2.9944305419921875,0.09090909361839294,0.6000000238418579,0.5444977879524231,0
/home/jovyan/Joel_Pardo/AI4LABOUR/Mejoras/results_coursera/models/tsdae_coursera/google-bert/bert-base-uncased,A_semantic_only,22,bab0b2935945,"analyze operational data to evaluate operations, processes or products",3303,8dee13915ca0,6,0.7900176048278809,0.7900176048278809,2.9175446033477783,0.0,0.800000011920929,0.0,0
/home/jovyan/Joel_Pardo/AI4LABOUR/Mejoras/results_coursera/models/tsdae_coursera/google-bert/bert-base-uncased,A_semantic_only,22,bab0b2935945,"analyze operational data to evaluate operations, processes or products",181,6e0262463c46,7,0.7890608310699463,0.7890608310699463,2.9106106758117676,0.0,0.8999999761581421,0.19627001881599426,0
/home/jovyan/Joel_Pardo/AI4LABOUR/Mejoras/results_coursera/models/tsdae_coursera/google-bert/bert-base-uncased,A_semantic_only,22,bab0b2935945,"analyze operational data to evaluate operations, processes or products",180,1984ba551855,8,0.7856143116950989,0.7856143116950989,2.8856332302093506,0.0,0.625,0.2134309858083725,0
/home/jovyan/Joel_Pardo/AI4LABOUR/Mejoras/results_coursera/models/tsdae_coursera/google-bert/bert-base-uncased,A_semantic_only,22,bab0b2935945,"analyze operational data to evaluate operations, processes or products",5053,de7b151e0afe,9,0.7848410606384277,0.7848410606384277,2.8800292015075684,0.09090909361839294,0.800000011920929,0.20844899117946625,0
/home/jovyan/Joel_Pardo/AI4LABOUR/Mejoras/results_coursera/models/tsdae_coursera/google-bert/bert-base-uncased,A_semantic_only,22,bab0b2935945,"analyze operational data to evaluate operations, processes or products",151,1ac23fe60e17,10,0.7833001017570496,0.7833001017570496,2.868861675262451,0.05882352963089943,0.4545454680919647,0.2576344907283783,0
/home/jovyan/Joel_Pardo/AI4LABOUR/Mejoras/results_coursera/models/tsdae_coursera/google-bert/bert-base-uncased,A_semantic_only,23,9a8d83e8b2e2,conduct environmental audits,2486,efb61440c3a1,1,0.8404504656791687,0.8404504656791687,3.859940528869629,0.25,0.75,1.0,0
/home/jovyan/Joel_Pardo/AI4LABOUR/Mejoras/results_coursera/models/tsdae_coursera/google-bert/bert-base-uncased,A_semantic_only,23,9a8d83e8b2e2,conduct environmental audits,2277,e2ee4e5d252a,2,0.7728366851806641,0.7728366851806641,3.3319427967071533,0.25,0.75,0.7798467874526978,0
/home/jovyan/Joel_Pardo/AI4LABOUR/Mejoras/results_coursera/models/tsdae_coursera/google-bert/bert-base-uncased,A_semantic_only,23,9a8d83e8b2e2,conduct environmental audits,5211,4da88cffef86,3,0.7600924968719482,0.7600924968719482,3.2324230670928955,0.0,0.75,0.0,0
/home/jovyan/Joel_Pardo/AI4LABOUR/Mejoras/results_coursera/models/tsdae_coursera/google-bert/bert-base-uncased,A_semantic_only,23,9a8d83e8b2e2,conduct environmental audits,3152,a5a63d9b90e6,4,0.757803201675415,0.757803201675415,3.214545965194702,0.0,0.5,0.0,0
/home/jovyan/Joel_Pardo/AI4LABOUR/Mejoras/results_coursera/models/tsdae_coursera/google-bert/bert-base-uncased,A_semantic_only,23,9a8d83e8b2e2,conduct environmental audits,2038,15c6e5f68495,5,0.7460444569587708,0.7460444569587708,3.1227216720581055,0.0,0.800000011920929,0.0,0
/home/jovyan/Joel_Pardo/AI4LABOUR/Mejoras/results_coursera/models/tsdae_coursera/google-bert/bert-base-uncased,A_semantic_only,23,9a8d83e8b2e2,conduct environmental audits,688,675b456b5403,6,0.729264497756958,0.729264497756958,2.9916863441467285,0.0,0.23529411852359772,0.0,0
/home/jovyan/Joel_Pardo/AI4LABOUR/Mejoras/results_coursera/models/tsdae_coursera/google-bert/bert-base-uncased,A_semantic_only,23,9a8d83e8b2e2,conduct environmental audits,1972,f89cc430126b,7,0.7252751588821411,0.7252751588821411,2.960533618927002,0.0,0.800000011920929,0.0,0
/home/jovyan/Joel_Pardo/AI4LABOUR/Mejoras/results_coursera/models/tsdae_coursera/google-bert/bert-base-uncased,A_semantic_only,23,9a8d83e8b2e2,conduct environmental audits,4793,ecfb3bfe17da,8,0.7201232314109802,0.7201232314109802,2.920301914215088,0.0,0.6666666865348816,0.0,0
/home/jovyan/Joel_Pardo/AI4LABOUR/Mejoras/results_coursera/models/tsdae_coursera/google-bert/bert-base-uncased,A_semantic_only,23,9a8d83e8b2e2,conduct environmental audits,1528,b5a989054bb6,9,0.7196999192237854,0.7196999192237854,2.9169962406158447,0.0,0.75,0.0,0
/home/jovyan/Joel_Pardo/AI4LABOUR/Mejoras/results_coursera/models/tsdae_coursera/google-bert/bert-base-uncased,A_semantic_only,23,9a8d83e8b2e2,conduct environmental audits,3280,381a707f2810,10,0.7155468463897705,0.7155468463897705,2.8845648765563965,0.0,0.75,0.0,0
/home/jovyan/Joel_Pardo/AI4LABOUR/Mejoras/results_coursera/models/tsdae_coursera/google-bert/bert-base-uncased,A_semantic_only,24,2ae9204d54c8,design industrial processing systems,2795,0270e82e5a44,1,0.8731296062469482,0.8731296062469482,3.7683284282684326,0.0,0.6000000238418579,0.0,0
/home/jovyan/Joel_Pardo/AI4LABOUR/Mejoras/results_coursera/models/tsdae_coursera/google-bert/bert-base-uncased,A_semantic_only,24,2ae9204d54c8,design industrial processing systems,3117,d659070a6144,2,0.8682535886764526,0.8682535886764526,3.7317652702331543,0.20000000298023224,0.6000000238418579,0.545514702796936,0
/home/jovyan/Joel_Pardo/AI4LABOUR/Mejoras/results_coursera/models/tsdae_coursera/google-bert/bert-base-uncased,A_semantic_only,24,2ae9204d54c8,design industrial processing systems,2365,103eab151086,3,0.8620654344558716,0.8620654344558716,3.6853630542755127,0.20000000298023224,0.6000000238418579,0.4461585581302643,0
/home/jovyan/Joel_Pardo/AI4LABOUR/Mejoras/results_coursera/models/tsdae_coursera/google-bert/bert-base-uncased,A_semantic_only,24,2ae9204d54c8,design industrial processing systems,4723,66fe44b4fefa,4,0.8604414463043213,0.8604414463043213,3.6731855869293213,0.5,0.6000000238418579,0.9916732311248779,0
/home/jovyan/Joel_Pardo/AI4LABOUR/Mejoras/results_coursera/models/tsdae_coursera/google-bert/bert-base-uncased,A_semantic_only,24,2ae9204d54c8,design industrial processing systems,1474,39dc86297043,5,0.8449087142944336,0.8449087142944336,3.5567126274108887,0.0,0.6000000238418579,0.0,0
/home/jovyan/Joel_Pardo/AI4LABOUR/Mejoras/results_coursera/models/tsdae_coursera/google-bert/bert-base-uncased,A_semantic_only,24,2ae9204d54c8,design industrial processing systems,78,cefdec315735,6,0.8366924524307251,0.8366924524307251,3.495102643966675,0.1666666716337204,0.800000011920929,0.38327541947364807,0
/home/jovyan/Joel_Pardo/AI4LABOUR/Mejoras/results_coursera/models/tsdae_coursera/google-bert/bert-base-uncased,A_semantic_only,24,2ae9204d54c8,design industrial processing systems,3663,9b1383e434a5,7,0.8366184234619141,0.8366184234619141,3.4945476055145264,0.4000000059604645,1.0,0.7466657161712646,0
/home/jovyan/Joel_Pardo/AI4LABOUR/Mejoras/results_coursera/models/tsdae_coursera/google-bert/bert-base-uncased,A_semantic_only,24,2ae9204d54c8,design industrial processing systems,301,b3202b182771,8,0.8345648646354675,0.8345648646354675,3.4791488647460938,0.0,1.0,0.0,0
/home/jovyan/Joel_Pardo/AI4LABOUR/Mejoras/results_coursera/models/tsdae_coursera/google-bert/bert-base-uncased,A_semantic_only,24,2ae9204d54c8,design industrial processing systems,3650,67d0281c5215,9,0.830883800983429,0.830883800983429,3.4515461921691895,0.1666666716337204,0.800000011920929,0.4686279594898224,0
/home/jovyan/Joel_Pardo/AI4LABOUR/Mejoras/results_coursera/models/tsdae_coursera/google-bert/bert-base-uncased,A_semantic_only,24,2ae9204d54c8,design industrial processing systems,2211,29e1a9665271,10,0.8306686878204346,0.8306686878204346,3.4499330520629883,0.0,0.6000000238418579,0.0,0
/home/jovyan/Joel_Pardo/AI4LABOUR/Mejoras/results_coursera/models/tsdae_coursera/google-bert/bert-base-uncased,A_semantic_only,25,79d2ac46742b,direct operational or production activities,4483,d8ed544e2272,1,0.7155146598815918,0.7155146598815918,3.3523337841033936,0.0,0.5,0.0,0
/home/jovyan/Joel_Pardo/AI4LABOUR/Mejoras/results_coursera/models/tsdae_coursera/google-bert/bert-base-uncased,A_semantic_only,25,79d2ac46742b,direct operational or production activities,2661,a40ee5969123,2,0.6990764141082764,0.6990764141082764,3.2195072174072266,0.0,0.8333333134651184,0.0,0
/home/jovyan/Joel_Pardo/AI4LABOUR/Mejoras/results_coursera/models/tsdae_coursera/google-bert/bert-base-uncased,A_semantic_only,25,79d2ac46742b,direct operational or production activities,2532,046df5a4594b,3,0.6940765380859375,0.6940765380859375,3.1791067123413086,0.20000000298023224,0.5,0.8359322547912598,0
/home/jovyan/Joel_Pardo/AI4LABOUR/Mejoras/results_coursera/models/tsdae_coursera/google-bert/bert-base-uncased,A_semantic_only,25,79d2ac46742b,direct operational or production activities,5193,3c01d05648e6,4,0.6833337545394897,0.6833337545394897,3.092301368713379,0.0,0.5,0.0,0
/home/jovyan/Joel_Pardo/AI4LABOUR/Mejoras/results_coursera/models/tsdae_coursera/google-bert/bert-base-uncased,A_semantic_only,25,79d2ac46742b,direct operational or production activities,4838,53dd4fb611bb,5,0.6804804801940918,0.6804804801940918,3.0692460536956787,0.0,0.6666666865348816,0.0,0
/home/jovyan/Joel_Pardo/AI4LABOUR/Mejoras/results_coursera/models/tsdae_coursera/google-bert/bert-base-uncased,A_semantic_only,25,79d2ac46742b,direct operational or production activities,1676,4abb63e41447,6,0.6796296834945679,0.6796296834945679,3.062371253967285,0.1666666716337204,0.6666666865348816,0.8074454665184021,0
/home/jovyan/Joel_Pardo/AI4LABOUR/Mejoras/results_coursera/models/tsdae_coursera/google-bert/bert-base-uncased,A_semantic_only,25,79d2ac46742b,direct operational or production activities,147,575ea3efc7e8,7,0.6792959570884705,0.6792959570884705,3.0596747398376465,0.125,0.23999999463558197,0.7272757887840271,0
/home/jovyan/Joel_Pardo/AI4LABOUR/Mejoras/results_coursera/models/tsdae_coursera/google-bert/bert-base-uncased,A_semantic_only,25,79d2ac46742b,direct operational or production activities,80,5402ba93471c,8,0.6772629022598267,0.6772629022598267,3.0432469844818115,0.0,0.6666666865348816,0.0,0
/home/jovyan/Joel_Pardo/AI4LABOUR/Mejoras/results_coursera/models/tsdae_coursera/google-bert/bert-base-uncased,A_semantic_only,25,79d2ac46742b,direct operational or production activities,4695,01577c91d859,9,0.675963282585144,0.675963282585144,3.032745599746704,0.0,0.5,0.0,0
/home/jovyan/Joel_Pardo/AI4LABOUR/Mejoras/results_coursera/models/tsdae_coursera/google-bert/bert-base-uncased,A_semantic_only,25,79d2ac46742b,direct operational or production activities,2112,49e1b35b16b4,10,0.6701981425285339,0.6701981425285339,2.986161470413208,0.0,1.0,0.0,0
/home/jovyan/Joel_Pardo/AI4LABOUR/Mejoras/results_coursera/models/tsdae_coursera/google-bert/bert-base-uncased,A_semantic_only,26,a86fc9314475,respond to emergencies to provide assistance,142,c477df18ea2a,1,0.6672717332839966,0.6672717332839966,3.4597008228302,0.0,0.5833333134651184,0.4700247049331665,0
/home/jovyan/Joel_Pardo/AI4LABOUR/Mejoras/results_coursera/models/tsdae_coursera/google-bert/bert-base-uncased,A_semantic_only,26,a86fc9314475,respond to emergencies to provide assistance,1642,5b89e6807b57,2,0.6655287742614746,0.6655287742614746,3.4439897537231445,0.0,0.5714285969734192,0.0,0
/home/jovyan/Joel_Pardo/AI4LABOUR/Mejoras/results_coursera/models/tsdae_coursera/google-bert/bert-base-uncased,A_semantic_only,26,a86fc9314475,respond to emergencies to provide assistance,4311,dad8075f10c2,3,0.6544331312179565,0.6544331312179565,3.3439736366271973,0.0,1.0,0.0,0
/home/jovyan/Joel_Pardo/AI4LABOUR/Mejoras/results_coursera/models/tsdae_coursera/google-bert/bert-base-uncased,A_semantic_only,26,a86fc9314475,respond to emergencies to provide assistance,2151,b2b7074805f7,4,0.635583758354187,0.635583758354187,3.174065589904785,0.0,0.7777777910232544,0.5866075158119202,0
/home/jovyan/Joel_Pardo/AI4LABOUR/Mejoras/results_coursera/models/tsdae_coursera/google-bert/bert-base-uncased,A_semantic_only,26,a86fc9314475,respond to emergencies to provide assistance,2662,385697b55285,5,0.628947913646698,0.628947913646698,3.1142499446868896,0.0,0.4285714328289032,0.0,0
/home/jovyan/Joel_Pardo/AI4LABOUR/Mejoras/results_coursera/models/tsdae_coursera/google-bert/bert-base-uncased,A_semantic_only,26,a86fc9314475,respond to emergencies to provide assistance,4069,2bfbc5fe989c,6,0.6269816160202026,0.6269816160202026,3.0965259075164795,0.0,0.8571428656578064,0.0,0
/home/jovyan/Joel_Pardo/AI4LABOUR/Mejoras/results_coursera/models/tsdae_coursera/google-bert/bert-base-uncased,A_semantic_only,26,a86fc9314475,respond to emergencies to provide assistance,1457,ee8cd2e07c86,7,0.623422384262085,0.623422384262085,3.0644428730010986,0.0,0.4285714328289032,0.0,0
/home/jovyan/Joel_Pardo/AI4LABOUR/Mejoras/results_coursera/models/tsdae_coursera/google-bert/bert-base-uncased,A_semantic_only,26,a86fc9314475,respond to emergencies to provide assistance,2746,77be515d9948,8,0.6209431886672974,0.6209431886672974,3.042095422744751,0.0,0.8571428656578064,0.0,0
/home/jovyan/Joel_Pardo/AI4LABOUR/Mejoras/results_coursera/models/tsdae_coursera/google-bert/bert-base-uncased,A_semantic_only,26,a86fc9314475,respond to emergencies to provide assistance,3526,18c8486ca97a,9,0.6182589530944824,0.6182589530944824,3.017899751663208,0.0,0.6363636255264282,0.0,0
/home/jovyan/Joel_Pardo/AI4LABOUR/Mejoras/results_coursera/models/tsdae_coursera/google-bert/bert-base-uncased,A_semantic_only,26,a86fc9314475,respond to emergencies to provide assistance,4306,01c767aac2ad,10,0.6179904341697693,0.6179904341697693,3.015479326248169,0.0,0.6363636255264282,0.0,0
/home/jovyan/Joel_Pardo/AI4LABOUR/Mejoras/results_coursera/models/tsdae_coursera/google-bert/bert-base-uncased,A_semantic_only,27,88a991273442,maintain regulatory or compliance documentation,3872,4e4ff7039f22,1,0.7802156209945679,0.7802156209945679,4.137833118438721,0.5,0.5,1.0,0
/home/jovyan/Joel_Pardo/AI4LABOUR/Mejoras/results_coursera/models/tsdae_coursera/google-bert/bert-base-uncased,A_semantic_only,27,88a991273442,maintain regulatory or compliance documentation,1891,50173787ddd0,2,0.768398106098175,0.768398106098175,4.023359298706055,0.20000000298023224,0.5,0.47164326906204224,0
/home/jovyan/Joel_Pardo/AI4LABOUR/Mejoras/results_coursera/models/tsdae_coursera/google-bert/bert-base-uncased,A_semantic_only,27,88a991273442,maintain regulatory or compliance documentation,835,e9aecb868cc4,3,0.758590817451477,0.758590817451477,3.9283580780029297,0.25,0.3333333432674408,0.5642123222351074,0
/home/jovyan/Joel_Pardo/AI4LABOUR/Mejoras/results_coursera/models/tsdae_coursera/google-bert/bert-base-uncased,A_semantic_only,27,88a991273442,maintain regulatory or compliance documentation,1600,e07ea79deb22,4,0.7582502365112305,0.7582502365112305,3.9250590801239014,0.20000000298023224,0.5,0.47164326906204224,0
/home/jovyan/Joel_Pardo/AI4LABOUR/Mejoras/results_coursera/models/tsdae_coursera/google-bert/bert-base-uncased,A_semantic_only,27,88a991273442,maintain regulatory or compliance documentation,1599,afa25b53b685,5,0.748470664024353,0.748470664024353,3.830326557159424,0.20000000298023224,0.5,0.47164326906204224,0
/home/jovyan/Joel_Pardo/AI4LABOUR/Mejoras/results_coursera/models/tsdae_coursera/google-bert/bert-base-uncased,A_semantic_only,27,88a991273442,maintain regulatory or compliance documentation,2699,485d26352e99,6,0.7269175052642822,0.7269175052642822,3.6215457916259766,0.1666666716337204,0.8333333134651184,0.5112791061401367,0
/home/jovyan/Joel_Pardo/AI4LABOUR/Mejoras/results_coursera/models/tsdae_coursera/google-bert/bert-base-uncased,A_semantic_only,27,88a991273442,maintain regulatory or compliance documentation,3401,ee6929dafa83,7,0.7238682508468628,0.7238682508468628,3.592008352279663,0.0,0.3333333432674408,0.0,0
/home/jovyan/Joel_Pardo/AI4LABOUR/Mejoras/results_coursera/models/tsdae_coursera/google-bert/bert-base-uncased,A_semantic_only,27,88a991273442,maintain regulatory or compliance documentation,1602,5ea97cc0076e,8,0.7126904129981995,0.7126904129981995,3.4837310314178467,0.20000000298023224,0.5,0.47164326906204224,0
/home/jovyan/Joel_Pardo/AI4LABOUR/Mejoras/results_coursera/models/tsdae_coursera/google-bert/bert-base-uncased,A_semantic_only,27,88a991273442,maintain regulatory or compliance documentation,181,6e0262463c46,9,0.6763838529586792,0.6763838529586792,3.132037401199341,0.0,0.6666666865348816,0.0,0
/home/jovyan/Joel_Pardo/AI4LABOUR/Mejoras/results_coursera/models/tsdae_coursera/google-bert/bert-base-uncased,A_semantic_only,27,88a991273442,maintain regulatory or compliance documentation,2027,25cf50b99247,10,0.6745176315307617,0.6745176315307617,3.113959550857544,0.1666666716337204,0.6666666865348816,0.45388829708099365,0
/home/jovyan/Joel_Pardo/AI4LABOUR/Mejoras/results_coursera/models/tsdae_coursera/google-bert/bert-base-uncased,A_semantic_only,28,ce1178bafa1d,monitor external affairs or events affecting business operations,4106,7a6199e2dfd9,1,0.8027309775352478,0.8027309775352478,3.701625108718872,0.13333334028720856,0.6000000238418579,0.39178410172462463,0
/home/jovyan/Joel_Pardo/AI4LABOUR/Mejoras/results_coursera/models/tsdae_coursera/google-bert/bert-base-uncased,A_semantic_only,28,ce1178bafa1d,monitor external affairs or events affecting business operations,688,675b456b5403,2,0.7562419772148132,0.7562419772148132,3.360887050628662,0.0,0.529411792755127,0.0,0
/home/jovyan/Joel_Pardo/AI4LABOUR/Mejoras/results_coursera/models/tsdae_coursera/google-bert/bert-base-uncased,A_semantic_only,28,ce1178bafa1d,monitor external affairs or events affecting business operations,151,1ac23fe60e17,3,0.7436611652374268,0.7436611652374268,3.268676519393921,0.0,0.40909090638160706,0.0,0
/home/jovyan/Joel_Pardo/AI4LABOUR/Mejoras/results_coursera/models/tsdae_coursera/google-bert/bert-base-uncased,A_semantic_only,28,ce1178bafa1d,monitor external affairs or events affecting business operations,2112,49e1b35b16b4,4,0.7430984973907471,0.7430984973907471,3.264552593231201,0.10000000149011612,0.6666666865348816,0.28200221061706543,0
/home/jovyan/Joel_Pardo/AI4LABOUR/Mejoras/results_coursera/models/tsdae_coursera/google-bert/bert-base-uncased,A_semantic_only,28,ce1178bafa1d,monitor external affairs or events affecting business operations,4988,2ebd7081bf5a,5,0.7055074572563171,0.7055074572563171,2.9890313148498535,0.0,0.75,0.0,0
/home/jovyan/Joel_Pardo/AI4LABOUR/Mejoras/results_coursera/models/tsdae_coursera/google-bert/bert-base-uncased,A_semantic_only,28,ce1178bafa1d,monitor external affairs or events affecting business operations,2384,9f0afa80bca1,6,0.7024211287498474,0.7024211287498474,2.9664101600646973,0.0,0.7777777910232544,0.0,0
/home/jovyan/Joel_Pardo/AI4LABOUR/Mejoras/results_coursera/models/tsdae_coursera/google-bert/bert-base-uncased,A_semantic_only,28,ce1178bafa1d,monitor external affairs or events affecting business operations,2300,754666b07e71,7,0.7013269066810608,0.7013269066810608,2.9583899974823,0.0,0.6428571343421936,0.0,0
/home/jovyan/Joel_Pardo/AI4LABOUR/Mejoras/results_coursera/models/tsdae_coursera/google-bert/bert-base-uncased,A_semantic_only,28,ce1178bafa1d,monitor external affairs or events affecting business operations,145,28d847b0e520,8,0.7002513408660889,0.7002513408660889,2.9505066871643066,0.0,0.2647058963775635,0.0,0
/home/jovyan/Joel_Pardo/AI4LABOUR/Mejoras/results_coursera/models/tsdae_coursera/google-bert/bert-base-uncased,A_semantic_only,28,ce1178bafa1d,monitor external affairs or events affecting business operations,690,32402d5443a6,9,0.7000759840011597,0.7000759840011597,2.949221611022949,0.0,0.6428571343421936,0.0,0
/home/jovyan/Joel_Pardo/AI4LABOUR/Mejoras/results_coursera/models/tsdae_coursera/google-bert/bert-base-uncased,A_semantic_only,28,ce1178bafa1d,monitor external affairs or events affecting business operations,5218,c440d73a48c6,10,0.6979725956916809,0.6979725956916809,2.933804988861084,0.0,1.0,0.0,0
/home/jovyan/Joel_Pardo/AI4LABOUR/Mejoras/results_coursera/models/tsdae_coursera/google-bert/bert-base-uncased,A_semantic_only,29,ef7349785e11,implement design or process improvements,1950,26eeaf26a09d,1,0.7535165548324585,0.7535165548324585,3.471691846847534,0.1111111119389534,0.75,0.3116838037967682,0
/home/jovyan/Joel_Pardo/AI4LABOUR/Mejoras/results_coursera/models/tsdae_coursera/google-bert/bert-base-uncased,A_semantic_only,29,ef7349785e11,implement design or process improvements,4828,0207b591a5d5,2,0.7423183917999268,0.7423183917999268,3.372145175933838,0.0,0.5,0.0,0
/home/jovyan/Joel_Pardo/AI4LABOUR/Mejoras/results_coursera/models/tsdae_coursera/google-bert/bert-base-uncased,A_semantic_only,29,ef7349785e11,implement design or process improvements,4793,ecfb3bfe17da,3,0.7352566123008728,0.7352566123008728,3.3093690872192383,0.125,1.0,0.3802230656147003,0
/home/jovyan/Joel_Pardo/AI4LABOUR/Mejoras/results_coursera/models/tsdae_coursera/google-bert/bert-base-uncased,A_semantic_only,29,ef7349785e11,implement design or process improvements,1268,41400dedd9f3,4,0.7350224256515503,0.7350224256515503,3.3072874546051025,0.20000000298023224,0.6666666865348816,0.37165355682373047,0
/home/jovyan/Joel_Pardo/AI4LABOUR/Mejoras/results_coursera/models/tsdae_coursera/google-bert/bert-base-uncased,A_semantic_only,29,ef7349785e11,implement design or process improvements,3303,8dee13915ca0,5,0.7310030460357666,0.7310030460357666,3.271556854248047,0.125,0.75,0.3116838037967682,0
/home/jovyan/Joel_Pardo/AI4LABOUR/Mejoras/results_coursera/models/tsdae_coursera/google-bert/bert-base-uncased,A_semantic_only,29,ef7349785e11,implement design or process improvements,1676,4abb63e41447,6,0.7285006046295166,0.7285006046295166,3.2493112087249756,0.0,0.6666666865348816,0.0,0
/home/jovyan/Joel_Pardo/AI4LABOUR/Mejoras/results_coursera/models/tsdae_coursera/google-bert/bert-base-uncased,A_semantic_only,29,ef7349785e11,implement design or process improvements,3272,75a60472874a,7,0.7272784113883972,0.7272784113883972,3.2384464740753174,0.0,0.8333333134651184,0.0,0
/home/jovyan/Joel_Pardo/AI4LABOUR/Mejoras/results_coursera/models/tsdae_coursera/google-bert/bert-base-uncased,A_semantic_only,29,ef7349785e11,implement design or process improvements,4791,baded3c66d4d,8,0.7228743433952332,0.7228743433952332,3.199296236038208,0.1666666716337204,1.0,0.3802230656147003,0
/home/jovyan/Joel_Pardo/AI4LABOUR/Mejoras/results_coursera/models/tsdae_coursera/google-bert/bert-base-uncased,A_semantic_only,29,ef7349785e11,implement design or process improvements,4562,f45fd7dd887f,9,0.7183586359024048,0.7183586359024048,3.159153699874878,0.1428571492433548,1.0,0.3802230656147003,0
/home/jovyan/Joel_Pardo/AI4LABOUR/Mejoras/results_coursera/models/tsdae_coursera/google-bert/bert-base-uncased,A_semantic_only,29,ef7349785e11,implement design or process improvements,4503,8c63b2397fed,10,0.7157131433486938,0.7157131433486938,3.135636568069458,0.0,0.8333333134651184,0.0,0
/home/jovyan/Joel_Pardo/AI4LABOUR/Mejoras/results_coursera/models/tsdae_coursera/google-bert/bert-base-uncased,A_semantic_only,30,c6a87cc5d35e,prepare operational reports,4590,5d45850c5baa,1,0.7778770327568054,0.7778770327568054,3.886096477508545,0.25,0.75,0.8603436946868896,0
/home/jovyan/Joel_Pardo/AI4LABOUR/Mejoras/results_coursera/models/tsdae_coursera/google-bert/bert-base-uncased,A_semantic_only,30,c6a87cc5d35e,prepare operational reports,1786,c538af615e86,2,0.751518726348877,0.751518726348877,3.668044090270996,0.0,0.75,0.0,0
/home/jovyan/Joel_Pardo/AI4LABOUR/Mejoras/results_coursera/models/tsdae_coursera/google-bert/bert-base-uncased,A_semantic_only,30,c6a87cc5d35e,prepare operational reports,4129,c0c66eb294df,3,0.7499293684959412,0.7499293684959412,3.654895782470703,0.0,0.75,0.0,0
/home/jovyan/Joel_Pardo/AI4LABOUR/Mejoras/results_coursera/models/tsdae_coursera/google-bert/bert-base-uncased,A_semantic_only,30,c6a87cc5d35e,prepare operational reports,4058,74fe0528c27f,4,0.7281978130340576,0.7281978130340576,3.475118637084961,0.1428571492433548,0.6666666865348816,0.5970473289489746,0
/home/jovyan/Joel_Pardo/AI4LABOUR/Mejoras/results_coursera/models/tsdae_coursera/google-bert/bert-base-uncased,A_semantic_only,30,c6a87cc5d35e,prepare operational reports,1371,5fc25157650d,5,0.7234107255935669,0.7234107255935669,3.435516834259033,0.0,0.5,0.0,0
/home/jovyan/Joel_Pardo/AI4LABOUR/Mejoras/results_coursera/models/tsdae_coursera/google-bert/bert-base-uncased,A_semantic_only,30,c6a87cc5d35e,prepare operational reports,4310,506583358173,6,0.7231959104537964,0.7231959104537964,3.43373966217041,0.1428571492433548,0.5714285969734192,0.5194462537765503,0
/home/jovyan/Joel_Pardo/AI4LABOUR/Mejoras/results_coursera/models/tsdae_coursera/google-bert/bert-base-uncased,A_semantic_only,30,c6a87cc5d35e,prepare operational reports,4895,d9ed0b19f811,7,0.7196590900421143,0.7196590900421143,3.4044809341430664,0.0,0.75,0.0,0
/home/jovyan/Joel_Pardo/AI4LABOUR/Mejoras/results_coursera/models/tsdae_coursera/google-bert/bert-base-uncased,A_semantic_only,30,c6a87cc5d35e,prepare operational reports,226,7e56613a2ebc,8,0.6897348165512085,0.6897348165512085,3.156928539276123,0.1666666716337204,0.6666666865348816,0.5765593647956848,0
/home/jovyan/Joel_Pardo/AI4LABOUR/Mejoras/results_coursera/models/tsdae_coursera/google-bert/bert-base-uncased,A_semantic_only,30,c6a87cc5d35e,prepare operational reports,3612,4a2adc186b51,9,0.6820517778396606,0.6820517778396606,3.093369483947754,0.0,0.75,0.0,0
/home/jovyan/Joel_Pardo/AI4LABOUR/Mejoras/results_coursera/models/tsdae_coursera/google-bert/bert-base-uncased,A_semantic_only,30,c6a87cc5d35e,prepare operational reports,181,6e0262463c46,10,0.6741225123405457,0.6741225123405457,3.02777361869812,0.0,0.4444444477558136,0.0,0
/home/jovyan/Joel_Pardo/AI4LABOUR/Mejoras/results_coursera/models/tsdae_coursera/google-bert/bert-base-uncased,A_semantic_only,31,53acfaed8c01,supervise employees,425,b06cd44db3d0,1,0.6905995607376099,0.6905995607376099,3.787839651107788,0.0,0.6000000238418579,0.0,0
/home/jovyan/Joel_Pardo/AI4LABOUR/Mejoras/results_coursera/models/tsdae_coursera/google-bert/bert-base-uncased,A_semantic_only,31,53acfaed8c01,supervise employees,3564,855db815bc04,2,0.6533216834068298,0.6533216834068298,3.4321534633636475,0.0,0.75,0.0,0
/home/jovyan/Joel_Pardo/AI4LABOUR/Mejoras/results_coursera/models/tsdae_coursera/google-bert/bert-base-uncased,A_semantic_only,31,53acfaed8c01,supervise employees,4905,a57e4cb16fc4,3,0.6523864269256592,0.6523864269256592,3.423229932785034,0.0,1.0,0.0,0
/home/jovyan/Joel_Pardo/AI4LABOUR/Mejoras/results_coursera/models/tsdae_coursera/google-bert/bert-base-uncased,A_semantic_only,31,53acfaed8c01,supervise employees,4811,cbd229cf0c5e,4,0.652209997177124,0.652209997177124,3.421546459197998,0.0,1.0,0.0,0
/home/jovyan/Joel_Pardo/AI4LABOUR/Mejoras/results_coursera/models/tsdae_coursera/google-bert/bert-base-uncased,A_semantic_only,31,53acfaed8c01,supervise employees,1300,b510e0f063cc,5,0.6447041034698486,0.6447041034698486,3.349929094314575,0.0,1.0,0.0,0
/home/jovyan/Joel_Pardo/AI4LABOUR/Mejoras/results_coursera/models/tsdae_coursera/google-bert/bert-base-uncased,A_semantic_only,31,53acfaed8c01,supervise employees,137,105da530d328,6,0.6401128768920898,0.6401128768920898,3.306122064590454,0.0,1.0,0.0,0
/home/jovyan/Joel_Pardo/AI4LABOUR/Mejoras/results_coursera/models/tsdae_coursera/google-bert/bert-base-uncased,A_semantic_only,31,53acfaed8c01,supervise employees,2539,8657d3271db0,7,0.610343337059021,0.610343337059021,3.0220766067504883,0.0,0.6000000238418579,0.0,0
/home/jovyan/Joel_Pardo/AI4LABOUR/Mejoras/results_coursera/models/tsdae_coursera/google-bert/bert-base-uncased,A_semantic_only,31,53acfaed8c01,supervise employees,4854,3da636e70e82,8,0.6082055568695068,0.6082055568695068,3.0016791820526123,0.0,1.0,0.0,0
/home/jovyan/Joel_Pardo/AI4LABOUR/Mejoras/results_coursera/models/tsdae_coursera/google-bert/bert-base-uncased,A_semantic_only,31,53acfaed8c01,supervise employees,396,d0d62d040f36,9,0.6076768636703491,0.6076768636703491,2.9966347217559814,0.0,0.75,0.0,0
/home/jovyan/Joel_Pardo/AI4LABOUR/Mejoras/results_coursera/models/tsdae_coursera/google-bert/bert-base-uncased,A_semantic_only,31,53acfaed8c01,supervise employees,1727,7a8fd898a210,10,0.6054215431213379,0.6054215431213379,2.9751155376434326,0.0,1.0,0.0,0
/home/jovyan/Joel_Pardo/AI4LABOUR/Mejoras/results_coursera/models/tsdae_coursera/google-bert/bert-base-uncased,A_semantic_only,32,85a88cfd39f0,"direct sales, marketing, or customer service activities",3524,711b7667ca38,1,0.8318859338760376,0.8318859338760376,3.294827461242676,0.10000000149011612,0.75,0.287548303604126,0
/home/jovyan/Joel_Pardo/AI4LABOUR/Mejoras/results_coursera/models/tsdae_coursera/google-bert/bert-base-uncased,A_semantic_only,32,85a88cfd39f0,"direct sales, marketing, or customer service activities",3380,21144e59bbf3,2,0.8253911137580872,0.8253911137580872,3.24617862701416,0.1428571492433548,0.375,0.5296781659126282,0
/home/jovyan/Joel_Pardo/AI4LABOUR/Mejoras/results_coursera/models/tsdae_coursera/google-bert/bert-base-uncased,A_semantic_only,32,85a88cfd39f0,"direct sales, marketing, or customer service activities",3425,71839a6aad3b,3,0.8207128047943115,0.8207128047943115,3.2111361026763916,0.125,0.625,0.3988133668899536,0
/home/jovyan/Joel_Pardo/AI4LABOUR/Mejoras/results_coursera/models/tsdae_coursera/google-bert/bert-base-uncased,A_semantic_only,32,85a88cfd39f0,"direct sales, marketing, or customer service activities",1155,f8b551716e9f,4,0.8121777772903442,0.8121777772903442,3.147205114364624,0.1428571492433548,0.375,0.5296781659126282,0
/home/jovyan/Joel_Pardo/AI4LABOUR/Mejoras/results_coursera/models/tsdae_coursera/google-bert/bert-base-uncased,A_semantic_only,32,85a88cfd39f0,"direct sales, marketing, or customer service activities",3535,379e0f7794d9,5,0.8092970252037048,0.8092970252037048,3.125627040863037,0.1428571492433548,0.375,0.4290804862976074,0
/home/jovyan/Joel_Pardo/AI4LABOUR/Mejoras/results_coursera/models/tsdae_coursera/google-bert/bert-base-uncased,A_semantic_only,32,85a88cfd39f0,"direct sales, marketing, or customer service activities",1154,9ed083b1436e,6,0.8085570335388184,0.8085570335388184,3.120084047317505,0.1666666716337204,0.25,0.6336376667022705,0
/home/jovyan/Joel_Pardo/AI4LABOUR/Mejoras/results_coursera/models/tsdae_coursera/google-bert/bert-base-uncased,A_semantic_only,32,85a88cfd39f0,"direct sales, marketing, or customer service activities",4206,86e9a49ffb57,7,0.8013215065002441,0.8013215065002441,3.065886974334717,0.1428571492433548,0.375,0.4290804862976074,0
/home/jovyan/Joel_Pardo/AI4LABOUR/Mejoras/results_coursera/models/tsdae_coursera/google-bert/bert-base-uncased,A_semantic_only,32,85a88cfd39f0,"direct sales, marketing, or customer service activities",1349,33f37d88b0b7,8,0.7950289845466614,0.7950289845466614,3.0187532901763916,0.1428571492433548,0.375,0.4290804862976074,0
/home/jovyan/Joel_Pardo/AI4LABOUR/Mejoras/results_coursera/models/tsdae_coursera/google-bert/bert-base-uncased,A_semantic_only,32,85a88cfd39f0,"direct sales, marketing, or customer service activities",4207,1d1b9ec01466,9,0.7944619655609131,0.7944619655609131,3.0145058631896973,0.1428571492433548,0.375,0.4290804862976074,0
/home/jovyan/Joel_Pardo/AI4LABOUR/Mejoras/results_coursera/models/tsdae_coursera/google-bert/bert-base-uncased,A_semantic_only,32,85a88cfd39f0,"direct sales, marketing, or customer service activities",3131,3f4f46c7cea1,10,0.7883733510971069,0.7883733510971069,2.968899726867676,0.1428571492433548,0.375,0.5296781659126282,0
/home/jovyan/Joel_Pardo/AI4LABOUR/Mejoras/results_coursera/models/tsdae_coursera/google-bert/bert-base-uncased,A_semantic_only,33,2be03b534579,"direct organizational operations, projects, or services",425,b06cd44db3d0,1,0.8002585172653198,0.8002585172653198,3.126270055770874,0.0,0.7142857313156128,0.0,0
/home/jovyan/Joel_Pardo/AI4LABOUR/Mejoras/results_coursera/models/tsdae_coursera/google-bert/bert-base-uncased,A_semantic_only,33,2be03b534579,"direct organizational operations, projects, or services",1863,6a901f9ab4b7,2,0.7772189974784851,0.7772189974784851,2.951193332672119,0.0,0.26923078298568726,0.0,0
/home/jovyan/Joel_Pardo/AI4LABOUR/Mejoras/results_coursera/models/tsdae_coursera/google-bert/bert-base-uncased,A_semantic_only,33,2be03b534579,"direct organizational operations, projects, or services",2661,a40ee5969123,3,0.7659623622894287,0.7659623622894287,2.865654468536377,0.0,0.7142857313156128,0.0,0
/home/jovyan/Joel_Pardo/AI4LABOUR/Mejoras/results_coursera/models/tsdae_coursera/google-bert/bert-base-uncased,A_semantic_only,33,2be03b534579,"direct organizational operations, projects, or services",3586,f77f2bcecc27,4,0.755063533782959,0.755063533782959,2.782834529876709,0.0,0.875,0.0,0
/home/jovyan/Joel_Pardo/AI4LABOUR/Mejoras/results_coursera/models/tsdae_coursera/google-bert/bert-base-uncased,A_semantic_only,33,2be03b534579,"direct organizational operations, projects, or services",1711,48410a978891,5,0.7513037919998169,0.7513037919998169,2.7542643547058105,0.0,0.5833333134651184,0.0,0
/home/jovyan/Joel_Pardo/AI4LABOUR/Mejoras/results_coursera/models/tsdae_coursera/google-bert/bert-base-uncased,A_semantic_only,33,2be03b534579,"direct organizational operations, projects, or services",2188,d9811f03b461,6,0.7487056255340576,0.7487056255340576,2.73452091217041,0.0,0.2857142984867096,0.0,0
/home/jovyan/Joel_Pardo/AI4LABOUR/Mejoras/results_coursera/models/tsdae_coursera/google-bert/bert-base-uncased,A_semantic_only,33,2be03b534579,"direct organizational operations, projects, or services",3562,1f7bad34c487,7,0.7455025911331177,0.7455025911331177,2.71018123626709,0.0,1.0,0.0,0
/home/jovyan/Joel_Pardo/AI4LABOUR/Mejoras/results_coursera/models/tsdae_coursera/google-bert/bert-base-uncased,A_semantic_only,33,2be03b534579,"direct organizational operations, projects, or services",2384,9f0afa80bca1,8,0.7440875172615051,0.7440875172615051,2.699428081512451,0.0,1.0,0.0,0
/home/jovyan/Joel_Pardo/AI4LABOUR/Mejoras/results_coursera/models/tsdae_coursera/google-bert/bert-base-uncased,A_semantic_only,33,2be03b534579,"direct organizational operations, projects, or services",3587,f687024e11a9,9,0.7434048056602478,0.7434048056602478,2.694240093231201,0.0,0.5833333134651184,0.0,0
/home/jovyan/Joel_Pardo/AI4LABOUR/Mejoras/results_coursera/models/tsdae_coursera/google-bert/bert-base-uncased,A_semantic_only,33,2be03b534579,"direct organizational operations, projects, or services",2111,8cb3848302c6,10,0.739865779876709,0.739865779876709,2.6673471927642822,0.1666666716337204,0.4285714328289032,0.828681468963623,0
/home/jovyan/Joel_Pardo/AI4LABOUR/Mejoras/results_coursera/models/tsdae_coursera/google-bert/bert-base-uncased,A_semantic_only,34,614f5f558eca,approve expenditures,1240,2f212049ce79,1,0.7456148266792297,0.7456148266792297,4.639499664306641,0.0,0.6666666865348816,0.0,0
/home/jovyan/Joel_Pardo/AI4LABOUR/Mejoras/results_coursera/models/tsdae_coursera/google-bert/bert-base-uncased,A_semantic_only,34,614f5f558eca,approve expenditures,2535,e97f0c698df9,2,0.7176041603088379,0.7176041603088379,4.362826824188232,0.0,0.75,0.0,0
/home/jovyan/Joel_Pardo/AI4LABOUR/Mejoras/results_coursera/models/tsdae_coursera/google-bert/bert-base-uncased,A_semantic_only,34,614f5f558eca,approve expenditures,2924,aecc2e790690,3,0.6882848739624023,0.6882848739624023,4.073228359222412,0.0,0.75,0.0,0
/home/jovyan/Joel_Pardo/AI4LABOUR/Mejoras/results_coursera/models/tsdae_coursera/google-bert/bert-base-uncased,A_semantic_only,34,614f5f558eca,approve expenditures,2533,bcda8539ae90,4,0.6785008907318115,0.6785008907318115,3.976588249206543,0.0,1.0,0.0,0
/home/jovyan/Joel_Pardo/AI4LABOUR/Mejoras/results_coursera/models/tsdae_coursera/google-bert/bert-base-uncased,A_semantic_only,34,614f5f558eca,approve expenditures,226,7e56613a2ebc,5,0.6648174524307251,0.6648174524307251,3.8414313793182373,0.0,0.5,0.0,0
/home/jovyan/Joel_Pardo/AI4LABOUR/Mejoras/results_coursera/models/tsdae_coursera/google-bert/bert-base-uncased,A_semantic_only,34,614f5f558eca,approve expenditures,4598,e3849dfc2aec,6,0.6533819437026978,0.6533819437026978,3.728478193283081,0.0,0.75,0.0,0
/home/jovyan/Joel_Pardo/AI4LABOUR/Mejoras/results_coursera/models/tsdae_coursera/google-bert/bert-base-uncased,A_semantic_only,34,614f5f558eca,approve expenditures,4129,c0c66eb294df,7,0.6422838568687439,0.6422838568687439,3.6188580989837646,0.0,1.0,0.0,0
/home/jovyan/Joel_Pardo/AI4LABOUR/Mejoras/results_coursera/models/tsdae_coursera/google-bert/bert-base-uncased,A_semantic_only,34,614f5f558eca,approve expenditures,2913,0a5b7130fab4,8,0.6386143565177917,0.6386143565177917,3.5826127529144287,0.0,0.6000000238418579,0.0,0
/home/jovyan/Joel_Pardo/AI4LABOUR/Mejoras/results_coursera/models/tsdae_coursera/google-bert/bert-base-uncased,A_semantic_only,34,614f5f558eca,approve expenditures,46,a3db224ea72e,9,0.6361964344978333,0.6361964344978333,3.558730125427246,0.0,0.75,0.0,0
/home/jovyan/Joel_Pardo/AI4LABOUR/Mejoras/results_coursera/models/tsdae_coursera/google-bert/bert-base-uncased,A_semantic_only,34,614f5f558eca,approve expenditures,3630,28ca774567f5,10,0.6356214284896851,0.6356214284896851,3.5530505180358887,0.0,0.6000000238418579,0.0,0
/home/jovyan/Joel_Pardo/AI4LABOUR/Mejoras/results_coursera/models/tsdae_coursera/google-bert/bert-base-uncased,A_semantic_only,35,e19513a85bed,prepare operational budgets,4129,c0c66eb294df,1,0.8188176155090332,0.8188176155090332,4.035762786865234,0.0,0.75,0.0,0
/home/jovyan/Joel_Pardo/AI4LABOUR/Mejoras/results_coursera/models/tsdae_coursera/google-bert/bert-base-uncased,A_semantic_only,35,e19513a85bed,prepare operational budgets,1371,5fc25157650d,2,0.7624990940093994,0.7624990940093994,3.609879970550537,0.0,0.5,0.0,0
/home/jovyan/Joel_Pardo/AI4LABOUR/Mejoras/results_coursera/models/tsdae_coursera/google-bert/bert-base-uncased,A_semantic_only,35,e19513a85bed,prepare operational budgets,4598,e3849dfc2aec,3,0.7333767414093018,0.7333767414093018,3.389655351638794,0.0,1.0,0.0,0
/home/jovyan/Joel_Pardo/AI4LABOUR/Mejoras/results_coursera/models/tsdae_coursera/google-bert/bert-base-uncased,A_semantic_only,35,e19513a85bed,prepare operational budgets,1649,bd1d85f33bd2,4,0.7247909307479858,0.7247909307479858,3.3247289657592773,0.0,0.75,0.0,0
/home/jovyan/Joel_Pardo/AI4LABOUR/Mejoras/results_coursera/models/tsdae_coursera/google-bert/bert-base-uncased,A_semantic_only,35,e19513a85bed,prepare operational budgets,4058,74fe0528c27f,5,0.7237404584884644,0.7237404584884644,3.3167853355407715,0.1428571492433548,0.6666666865348816,0.6939637064933777,0
/home/jovyan/Joel_Pardo/AI4LABOUR/Mejoras/results_coursera/models/tsdae_coursera/google-bert/bert-base-uncased,A_semantic_only,35,e19513a85bed,prepare operational budgets,688,675b456b5403,6,0.7031053900718689,0.7031053900718689,3.1607420444488525,0.0,0.23529411852359772,0.0,0
/home/jovyan/Joel_Pardo/AI4LABOUR/Mejoras/results_coursera/models/tsdae_coursera/google-bert/bert-base-uncased,A_semantic_only,35,e19513a85bed,prepare operational budgets,4590,5d45850c5baa,7,0.6975972652435303,0.6975972652435303,3.119089365005493,0.25,0.75,1.0,0
/home/jovyan/Joel_Pardo/AI4LABOUR/Mejoras/results_coursera/models/tsdae_coursera/google-bert/bert-base-uncased,A_semantic_only,35,e19513a85bed,prepare operational budgets,4561,7dbb7909a0ac,8,0.694995641708374,0.694995641708374,3.0994157791137695,0.0,0.6666666865348816,0.0,0
/home/jovyan/Joel_Pardo/AI4LABOUR/Mejoras/results_coursera/models/tsdae_coursera/google-bert/bert-base-uncased,A_semantic_only,35,e19513a85bed,prepare operational budgets,4260,f66d5097d73f,9,0.6947219371795654,0.6947219371795654,3.097346067428589,0.0,0.75,0.0,0
/home/jovyan/Joel_Pardo/AI4LABOUR/Mejoras/results_coursera/models/tsdae_coursera/google-bert/bert-base-uncased,A_semantic_only,35,e19513a85bed,prepare operational budgets,1240,2f212049ce79,10,0.6934078931808472,0.6934078931808472,3.087409019470215,0.0,0.5,0.0,0
/home/jovyan/Joel_Pardo/AI4LABOUR/Mejoras/results_coursera/models/tsdae_coursera/google-bert/bert-base-uncased,A_semantic_only,36,e5bfe7745119,analyze data to inform operational decisions or activities,4791,baded3c66d4d,1,0.8321533799171448,0.8321533799171448,3.335995674133301,0.0,0.6666666865348816,0.0,0
/home/jovyan/Joel_Pardo/AI4LABOUR/Mejoras/results_coursera/models/tsdae_coursera/google-bert/bert-base-uncased,A_semantic_only,36,e5bfe7745119,analyze data to inform operational decisions or activities,3041,d58419ba221e,2,0.8213348388671875,0.8213348388671875,3.2612268924713135,0.03703703731298447,0.28125,0.2608988285064697,0
/home/jovyan/Joel_Pardo/AI4LABOUR/Mejoras/results_coursera/models/tsdae_coursera/google-bert/bert-base-uncased,A_semantic_only,36,e5bfe7745119,analyze data to inform operational decisions or activities,688,675b456b5403,3,0.8044071793556213,0.8044071793556213,3.1442365646362305,0.06666667014360428,0.529411792755127,0.23055756092071533,0
/home/jovyan/Joel_Pardo/AI4LABOUR/Mejoras/results_coursera/models/tsdae_coursera/google-bert/bert-base-uncased,A_semantic_only,36,e5bfe7745119,analyze data to inform operational decisions or activities,180,1984ba551855,4,0.7995641231536865,0.7995641231536865,3.110765218734741,0.0,0.5625,0.22720248997211456,0
/home/jovyan/Joel_Pardo/AI4LABOUR/Mejoras/results_coursera/models/tsdae_coursera/google-bert/bert-base-uncased,A_semantic_only,36,e5bfe7745119,analyze data to inform operational decisions or activities,4793,ecfb3bfe17da,5,0.7993837594985962,0.7993837594985962,3.1095187664031982,0.10000000149011612,0.6666666865348816,0.5094053745269775,0
/home/jovyan/Joel_Pardo/AI4LABOUR/Mejoras/results_coursera/models/tsdae_coursera/google-bert/bert-base-uncased,A_semantic_only,36,e5bfe7745119,analyze data to inform operational decisions or activities,4058,74fe0528c27f,6,0.7977451086044312,0.7977451086044312,3.098193645477295,0.10000000149011612,0.6666666865348816,0.5796312093734741,0
/home/jovyan/Joel_Pardo/AI4LABOUR/Mejoras/results_coursera/models/tsdae_coursera/google-bert/bert-base-uncased,A_semantic_only,36,e5bfe7745119,analyze data to inform operational decisions or activities,3780,5279f5c334f7,7,0.7948963642120361,0.7948963642120361,3.078505516052246,0.0,0.7777777910232544,0.0,0
/home/jovyan/Joel_Pardo/AI4LABOUR/Mejoras/results_coursera/models/tsdae_coursera/google-bert/bert-base-uncased,A_semantic_only,36,e5bfe7745119,analyze data to inform operational decisions or activities,690,32402d5443a6,8,0.7938647270202637,0.7938647270202637,3.071375608444214,0.0,0.6428571343421936,0.14782463014125824,0
/home/jovyan/Joel_Pardo/AI4LABOUR/Mejoras/results_coursera/models/tsdae_coursera/google-bert/bert-base-uncased,A_semantic_only,36,e5bfe7745119,analyze data to inform operational decisions or activities,143,46da54665084,9,0.792992353439331,0.792992353439331,3.0653464794158936,0.07692307978868484,0.30000001192092896,0.26745617389678955,0
/home/jovyan/Joel_Pardo/AI4LABOUR/Mejoras/results_coursera/models/tsdae_coursera/google-bert/bert-base-uncased,A_semantic_only,36,e5bfe7745119,analyze data to inform operational decisions or activities,4501,7e31f9e44f69,10,0.7910374999046326,0.7910374999046326,3.0518362522125244,0.0,0.8999999761581421,0.0,0
/home/jovyan/Joel_Pardo/AI4LABOUR/Mejoras/results_coursera/models/tsdae_coursera/google-bert/bert-base-uncased,A_semantic_only,37,78a6d412d86e,monitor organizational procedures to ensure proper functioning,4793,ecfb3bfe17da,1,0.8133410811424255,0.8133410811424255,3.5275917053222656,0.0,0.75,0.0,0
/home/jovyan/Joel_Pardo/AI4LABOUR/Mejoras/results_coursera/models/tsdae_coursera/google-bert/bert-base-uncased,A_semantic_only,37,78a6d412d86e,monitor organizational procedures to ensure proper functioning,2151,b2b7074805f7,2,0.7836663126945496,0.7836663126945496,3.3127169609069824,0.0,0.8888888955116272,0.2165134847164154,0
/home/jovyan/Joel_Pardo/AI4LABOUR/Mejoras/results_coursera/models/tsdae_coursera/google-bert/bert-base-uncased,A_semantic_only,37,78a6d412d86e,monitor organizational procedures to ensure proper functioning,688,675b456b5403,3,0.7698434591293335,0.7698434591293335,3.212625741958618,0.0,0.47058823704719543,0.0,0
/home/jovyan/Joel_Pardo/AI4LABOUR/Mejoras/results_coursera/models/tsdae_coursera/google-bert/bert-base-uncased,A_semantic_only,37,78a6d412d86e,monitor organizational procedures to ensure proper functioning,3586,f77f2bcecc27,4,0.750847578048706,0.750847578048706,3.0750765800476074,0.0,1.0,0.0,0
/home/jovyan/Joel_Pardo/AI4LABOUR/Mejoras/results_coursera/models/tsdae_coursera/google-bert/bert-base-uncased,A_semantic_only,37,78a6d412d86e,monitor organizational procedures to ensure proper functioning,3595,8639c05835d2,5,0.737339437007904,0.737339437007904,2.977264404296875,0.0,0.5,0.0,0
/home/jovyan/Joel_Pardo/AI4LABOUR/Mejoras/results_coursera/models/tsdae_coursera/google-bert/bert-base-uncased,A_semantic_only,37,78a6d412d86e,monitor organizational procedures to ensure proper functioning,5218,c440d73a48c6,6,0.7341775894165039,0.7341775894165039,2.95436954498291,0.0,0.8888888955116272,0.0,0
/home/jovyan/Joel_Pardo/AI4LABOUR/Mejoras/results_coursera/models/tsdae_coursera/google-bert/bert-base-uncased,A_semantic_only,37,78a6d412d86e,monitor organizational procedures to ensure proper functioning,4106,7a6199e2dfd9,7,0.7276183366775513,0.7276183366775513,2.906873941421509,0.0,0.5333333611488342,0.0,0
/home/jovyan/Joel_Pardo/AI4LABOUR/Mejoras/results_coursera/models/tsdae_coursera/google-bert/bert-base-uncased,A_semantic_only,37,78a6d412d86e,monitor organizational procedures to ensure proper functioning,3751,f1ce5e300a4c,8,0.727021336555481,0.727021336555481,2.9025511741638184,0.1111111119389534,0.75,0.4556807577610016,0
/home/jovyan/Joel_Pardo/AI4LABOUR/Mejoras/results_coursera/models/tsdae_coursera/google-bert/bert-base-uncased,A_semantic_only,37,78a6d412d86e,monitor organizational procedures to ensure proper functioning,142,c477df18ea2a,9,0.7216379642486572,0.7216379642486572,2.863570213317871,0.0,0.6666666865348816,0.17348343133926392,0
/home/jovyan/Joel_Pardo/AI4LABOUR/Mejoras/results_coursera/models/tsdae_coursera/google-bert/bert-base-uncased,A_semantic_only,37,78a6d412d86e,monitor organizational procedures to ensure proper functioning,4392,3a094fbefb49,10,0.719444751739502,0.719444751739502,2.847689151763916,0.0,0.75,0.0,0
/home/jovyan/Joel_Pardo/AI4LABOUR/Mejoras/results_coursera/models/tsdae_coursera/google-bert/bert-base-uncased,A_semantic_only,38,a3c08ed1a115,confer with organizational members to accomplish work activities,3568,18d5478786f0,1,0.8440335988998413,0.8440335988998413,3.7326173782348633,0.0,0.8181818127632141,0.0,0
/home/jovyan/Joel_Pardo/AI4LABOUR/Mejoras/results_coursera/models/tsdae_coursera/google-bert/bert-base-uncased,A_semantic_only,38,a3c08ed1a115,confer with organizational members to accomplish work activities,5218,c440d73a48c6,2,0.8416142463684082,0.8416142463684082,3.7160539627075195,0.0,1.0,0.0,0
/home/jovyan/Joel_Pardo/AI4LABOUR/Mejoras/results_coursera/models/tsdae_coursera/google-bert/bert-base-uncased,A_semantic_only,38,a3c08ed1a115,confer with organizational members to accomplish work activities,3569,b90a5f932e75,3,0.8205628395080566,0.8205628395080566,3.571932315826416,0.0833333358168602,0.8999999761581421,0.5796136856079102,0
/home/jovyan/Joel_Pardo/AI4LABOUR/Mejoras/results_coursera/models/tsdae_coursera/google-bert/bert-base-uncased,A_semantic_only,38,a3c08ed1a115,confer with organizational members to accomplish work activities,3780,5279f5c334f7,4,0.8147926330566406,0.8147926330566406,3.532428503036499,0.0,0.7777777910232544,0.0,0
/home/jovyan/Joel_Pardo/AI4LABOUR/Mejoras/results_coursera/models/tsdae_coursera/google-bert/bert-base-uncased,A_semantic_only,38,a3c08ed1a115,confer with organizational members to accomplish work activities,2975,8479908ec09d,5,0.8023555278778076,0.8023555278778076,3.447281837463379,0.0,0.4736842215061188,0.0,0
/home/jovyan/Joel_Pardo/AI4LABOUR/Mejoras/results_coursera/models/tsdae_coursera/google-bert/bert-base-uncased,A_semantic_only,38,a3c08ed1a115,confer with organizational members to accomplish work activities,3751,f1ce5e300a4c,6,0.8007280826568604,0.8007280826568604,3.4361400604248047,0.1111111119389534,0.6666666865348816,0.5674524307250977,0
/home/jovyan/Joel_Pardo/AI4LABOUR/Mejoras/results_coursera/models/tsdae_coursera/google-bert/bert-base-uncased,A_semantic_only,38,a3c08ed1a115,confer with organizational members to accomplish work activities,2151,b2b7074805f7,7,0.7994175553321838,0.7994175553321838,3.4271676540374756,0.0,1.0,0.26962098479270935,0
/home/jovyan/Joel_Pardo/AI4LABOUR/Mejoras/results_coursera/models/tsdae_coursera/google-bert/bert-base-uncased,A_semantic_only,38,a3c08ed1a115,confer with organizational members to accomplish work activities,4300,c825cd049c18,8,0.7981919646263123,0.7981919646263123,3.4187772274017334,0.0,0.529411792755127,0.2805822193622589,0
/home/jovyan/Joel_Pardo/AI4LABOUR/Mejoras/results_coursera/models/tsdae_coursera/google-bert/bert-base-uncased,A_semantic_only,38,a3c08ed1a115,confer with organizational members to accomplish work activities,3567,b9a61efec89c,9,0.792043924331665,0.792043924331665,3.3766865730285645,0.0,1.0,0.0,0
/home/jovyan/Joel_Pardo/AI4LABOUR/Mejoras/results_coursera/models/tsdae_coursera/google-bert/bert-base-uncased,A_semantic_only,38,a3c08ed1a115,confer with organizational members to accomplish work activities,3040,34bec64bf262,10,0.7918940186500549,0.7918940186500549,3.3756604194641113,0.0,0.2432432472705841,0.08133368194103241,0
/home/jovyan/Joel_Pardo/AI4LABOUR/Mejoras/results_coursera/models/tsdae_coursera/google-bert/bert-base-uncased,A_semantic_only,39,202cbfb3aef7,evaluate employee performance,399,63d29bfd492f,1,0.8078556060791016,0.8078556060791016,3.0889084339141846,0.20000000298023224,1.0,0.6672930717468262,0
/home/jovyan/Joel_Pardo/AI4LABOUR/Mejoras/results_coursera/models/tsdae_coursera/google-bert/bert-base-uncased,A_semantic_only,39,202cbfb3aef7,evaluate employee performance,4820,c7f2b0bb78b1,2,0.7926657199859619,0.7926657199859619,2.9825856685638428,0.0,0.75,0.0,0
/home/jovyan/Joel_Pardo/AI4LABOUR/Mejoras/results_coursera/models/tsdae_coursera/google-bert/bert-base-uncased,A_semantic_only,39,202cbfb3aef7,evaluate employee performance,5256,8066d6db65a7,3,0.7813146114349365,0.7813146114349365,2.903132677078247,0.0,0.75,0.0,0
/home/jovyan/Joel_Pardo/AI4LABOUR/Mejoras/results_coursera/models/tsdae_coursera/google-bert/bert-base-uncased,A_semantic_only,39,202cbfb3aef7,evaluate employee performance,2348,90b862722457,4,0.7747553586959839,0.7747553586959839,2.8572206497192383,0.25,0.75,1.0,0
/home/jovyan/Joel_Pardo/AI4LABOUR/Mejoras/results_coursera/models/tsdae_coursera/google-bert/bert-base-uncased,A_semantic_only,39,202cbfb3aef7,evaluate employee performance,3411,170ec06a71d8,5,0.7678327560424805,0.7678327560424805,2.808765411376953,0.0,0.75,0.0,0
/home/jovyan/Joel_Pardo/AI4LABOUR/Mejoras/results_coursera/models/tsdae_coursera/google-bert/bert-base-uncased,A_semantic_only,39,202cbfb3aef7,evaluate employee performance,3164,51a475e83bed,6,0.7605403661727905,0.7605403661727905,2.7577219009399414,0.0,0.75,0.0,0
/home/jovyan/Joel_Pardo/AI4LABOUR/Mejoras/results_coursera/models/tsdae_coursera/google-bert/bert-base-uncased,A_semantic_only,39,202cbfb3aef7,evaluate employee performance,397,7619e5df6176,7,0.7541519403457642,0.7541519403457642,2.713005542755127,0.0,1.0,0.0,0
/home/jovyan/Joel_Pardo/AI4LABOUR/Mejoras/results_coursera/models/tsdae_coursera/google-bert/bert-base-uncased,A_semantic_only,39,202cbfb3aef7,evaluate employee performance,4968,a2be8de849bb,8,0.753505289554596,0.753505289554596,2.708479404449463,0.0,1.0,0.0,0
/home/jovyan/Joel_Pardo/AI4LABOUR/Mejoras/results_coursera/models/tsdae_coursera/google-bert/bert-base-uncased,A_semantic_only,39,202cbfb3aef7,evaluate employee performance,2216,7f54b0ad802f,9,0.7520707845687866,0.7520707845687866,2.6984384059906006,0.25,0.75,0.7767742872238159,0
/home/jovyan/Joel_Pardo/AI4LABOUR/Mejoras/results_coursera/models/tsdae_coursera/google-bert/bert-base-uncased,A_semantic_only,39,202cbfb3aef7,evaluate employee performance,4450,58319ec211bf,10,0.7504623532295227,0.7504623532295227,2.6871800422668457,0.1428571492433548,0.5714285969734192,0.46898987889289856,0
/home/jovyan/Joel_Pardo/AI4LABOUR/Mejoras/results_coursera/models/tsdae_coursera/google-bert/bert-base-uncased,A_semantic_only,40,f64df278da5d,conduct employee training programs,3612,4a2adc186b51,1,0.7959660291671753,0.7959660291671753,3.3368923664093018,0.20000000298023224,0.6000000238418579,0.4626709222793579,0
/home/jovyan/Joel_Pardo/AI4LABOUR/Mejoras/results_coursera/models/tsdae_coursera/google-bert/bert-base-uncased,A_semantic_only,40,f64df278da5d,conduct employee training programs,3611,a9cf3208589d,2,0.7913487553596497,0.7913487553596497,3.3033647537231445,0.20000000298023224,0.6000000238418579,0.4626709222793579,0
/home/jovyan/Joel_Pardo/AI4LABOUR/Mejoras/results_coursera/models/tsdae_coursera/google-bert/bert-base-uncased,A_semantic_only,40,f64df278da5d,conduct employee training programs,5297,c91a5c4b0bdb,3,0.758021354675293,0.758021354675293,3.061363458633423,0.5,0.6000000238418579,1.0,0
/home/jovyan/Joel_Pardo/AI4LABOUR/Mejoras/results_coursera/models/tsdae_coursera/google-bert/bert-base-uncased,A_semantic_only,40,f64df278da5d,conduct employee training programs,4811,cbd229cf0c5e,4,0.7438472509384155,0.7438472509384155,2.9584407806396484,0.0,0.6000000238418579,0.0,0
/home/jovyan/Joel_Pardo/AI4LABOUR/Mejoras/results_coursera/models/tsdae_coursera/google-bert/bert-base-uncased,A_semantic_only,40,f64df278da5d,conduct employee training programs,3729,1871e097b0a5,5,0.740350604057312,0.740350604057312,2.9330503940582275,0.20000000298023224,0.800000011920929,0.3974604904651642,0
/home/jovyan/Joel_Pardo/AI4LABOUR/Mejoras/results_coursera/models/tsdae_coursera/google-bert/bert-base-uncased,A_semantic_only,40,f64df278da5d,conduct employee training programs,396,d0d62d040f36,6,0.7396235466003418,0.7396235466003418,2.9277710914611816,0.1666666716337204,0.800000011920929,0.3974604904651642,0
/home/jovyan/Joel_Pardo/AI4LABOUR/Mejoras/results_coursera/models/tsdae_coursera/google-bert/bert-base-uncased,A_semantic_only,40,f64df278da5d,conduct employee training programs,3596,12d4317a17e7,7,0.7318291664123535,0.7318291664123535,2.87117338180542,0.0,1.0,0.0,0
/home/jovyan/Joel_Pardo/AI4LABOUR/Mejoras/results_coursera/models/tsdae_coursera/google-bert/bert-base-uncased,A_semantic_only,40,f64df278da5d,conduct employee training programs,4854,3da636e70e82,8,0.7270426154136658,0.7270426154136658,2.836416721343994,0.0,0.6000000238418579,0.0,0
/home/jovyan/Joel_Pardo/AI4LABOUR/Mejoras/results_coursera/models/tsdae_coursera/google-bert/bert-base-uncased,A_semantic_only,40,f64df278da5d,conduct employee training programs,1300,b510e0f063cc,9,0.7228028774261475,0.7228028774261475,2.805630683898926,0.0,0.6000000238418579,0.0,0
/home/jovyan/Joel_Pardo/AI4LABOUR/Mejoras/results_coursera/models/tsdae_coursera/google-bert/bert-base-uncased,A_semantic_only,40,f64df278da5d,conduct employee training programs,4224,40b1287b6f99,10,0.7226271629333496,0.7226271629333496,2.804354667663574,0.0,0.6000000238418579,0.0,0
/home/jovyan/Joel_Pardo/AI4LABOUR/Mejoras/results_coursera/models/tsdae_coursera/google-bert/bert-base-uncased,A_semantic_only,41,babe1d93de49,hire personnel,396,d0d62d040f36,1,0.6593540906906128,0.6593540906906128,3.7015419006347656,0.0,0.75,0.0,0
/home/jovyan/Joel_Pardo/AI4LABOUR/Mejoras/results_coursera/models/tsdae_coursera/google-bert/bert-base-uncased,A_semantic_only,41,babe1d93de49,hire personnel,2960,52556ab43bfc,2,0.6378441452980042,0.6378441452980042,3.491596221923828,0.0,0.6666666865348816,0.0,0
/home/jovyan/Joel_Pardo/AI4LABOUR/Mejoras/results_coursera/models/tsdae_coursera/google-bert/bert-base-uncased,A_semantic_only,41,babe1d93de49,hire personnel,3345,27a06a9e3d5e,3,0.6327782869338989,0.6327782869338989,3.4421513080596924,0.0,0.6666666865348816,0.0,0
/home/jovyan/Joel_Pardo/AI4LABOUR/Mejoras/results_coursera/models/tsdae_coursera/google-bert/bert-base-uncased,A_semantic_only,41,babe1d93de49,hire personnel,3612,4a2adc186b51,4,0.630894660949707,0.630894660949707,3.4237663745880127,0.0,1.0,0.0,0
/home/jovyan/Joel_Pardo/AI4LABOUR/Mejoras/results_coursera/models/tsdae_coursera/google-bert/bert-base-uncased,A_semantic_only,41,babe1d93de49,hire personnel,4811,cbd229cf0c5e,5,0.6299049854278564,0.6299049854278564,3.414106607437134,0.0,1.0,0.0,0
/home/jovyan/Joel_Pardo/AI4LABOUR/Mejoras/results_coursera/models/tsdae_coursera/google-bert/bert-base-uncased,A_semantic_only,41,babe1d93de49,hire personnel,425,b06cd44db3d0,6,0.6271347999572754,0.6271347999572754,3.387068510055542,0.0,0.6000000238418579,0.0,0
/home/jovyan/Joel_Pardo/AI4LABOUR/Mejoras/results_coursera/models/tsdae_coursera/google-bert/bert-base-uncased,A_semantic_only,41,babe1d93de49,hire personnel,1300,b510e0f063cc,7,0.6264021992683411,0.6264021992683411,3.379918098449707,0.0,1.0,0.0,0
/home/jovyan/Joel_Pardo/AI4LABOUR/Mejoras/results_coursera/models/tsdae_coursera/google-bert/bert-base-uncased,A_semantic_only,41,babe1d93de49,hire personnel,2539,8657d3271db0,8,0.6153066158294678,0.6153066158294678,3.271620750427246,0.0,0.6000000238418579,0.0,0
/home/jovyan/Joel_Pardo/AI4LABOUR/Mejoras/results_coursera/models/tsdae_coursera/google-bert/bert-base-uncased,A_semantic_only,41,babe1d93de49,hire personnel,3024,6e84b51274fb,9,0.6071040630340576,0.6071040630340576,3.1915602684020996,0.0,0.3333333432674408,0.0,0
/home/jovyan/Joel_Pardo/AI4LABOUR/Mejoras/results_coursera/models/tsdae_coursera/google-bert/bert-base-uncased,A_semantic_only,41,babe1d93de49,hire personnel,3566,581ac2a59c21,10,0.603607714176178,0.603607714176178,3.1574347019195557,0.0,0.3333333432674408,0.0,0
/home/jovyan/Joel_Pardo/AI4LABOUR/Mejoras/results_coursera/models/tsdae_coursera/google-bert/bert-base-uncased,A_semantic_only,42,853f8faf3522,manage control system activities in organizations,1676,4abb63e41447,1,0.7940531373023987,0.7940531373023987,3.37996768951416,0.3333333432674408,0.5714285969734192,1.0,0
/home/jovyan/Joel_Pardo/AI4LABOUR/Mejoras/results_coursera/models/tsdae_coursera/google-bert/bert-base-uncased,A_semantic_only,42,853f8faf3522,manage control system activities in organizations,754,2af854050699,2,0.790072500705719,0.790072500705719,3.3492813110351562,0.0,0.8571428656578064,0.0,0
/home/jovyan/Joel_Pardo/AI4LABOUR/Mejoras/results_coursera/models/tsdae_coursera/google-bert/bert-base-uncased,A_semantic_only,42,853f8faf3522,manage control system activities in organizations,425,b06cd44db3d0,3,0.7732374668121338,0.7732374668121338,3.219501495361328,0.0,0.7142857313156128,0.0,0
/home/jovyan/Joel_Pardo/AI4LABOUR/Mejoras/results_coursera/models/tsdae_coursera/google-bert/bert-base-uncased,A_semantic_only,42,853f8faf3522,manage control system activities in organizations,2661,a40ee5969123,4,0.7652091383934021,0.7652091383934021,3.157611846923828,0.0,0.7142857313156128,0.0,0
/home/jovyan/Joel_Pardo/AI4LABOUR/Mejoras/results_coursera/models/tsdae_coursera/google-bert/bert-base-uncased,A_semantic_only,42,853f8faf3522,manage control system activities in organizations,4975,0181584577c0,5,0.7619669437408447,0.7619669437408447,3.132617950439453,0.0,0.875,0.0,0
/home/jovyan/Joel_Pardo/AI4LABOUR/Mejoras/results_coursera/models/tsdae_coursera/google-bert/bert-base-uncased,A_semantic_only,42,853f8faf3522,manage control system activities in organizations,943,74651aa1038d,6,0.7536886930465698,0.7536886930465698,3.0688016414642334,0.1111111119389534,0.7777777910232544,0.2355877012014389,0
/home/jovyan/Joel_Pardo/AI4LABOUR/Mejoras/results_coursera/models/tsdae_coursera/google-bert/bert-base-uncased,A_semantic_only,42,853f8faf3522,manage control system activities in organizations,2112,49e1b35b16b4,7,0.7496962547302246,0.7496962547302246,3.0380241870880127,0.0,0.8571428656578064,0.0,0
/home/jovyan/Joel_Pardo/AI4LABOUR/Mejoras/results_coursera/models/tsdae_coursera/google-bert/bert-base-uncased,A_semantic_only,42,853f8faf3522,manage control system activities in organizations,137,105da530d328,8,0.7490444779396057,0.7490444779396057,3.0329997539520264,0.0,0.4285714328289032,0.0,0
/home/jovyan/Joel_Pardo/AI4LABOUR/Mejoras/results_coursera/models/tsdae_coursera/google-bert/bert-base-uncased,A_semantic_only,42,853f8faf3522,manage control system activities in organizations,4791,baded3c66d4d,9,0.7462553381919861,0.7462553381919861,3.01149845123291,0.0,0.8571428656578064,0.0,0
/home/jovyan/Joel_Pardo/AI4LABOUR/Mejoras/results_coursera/models/tsdae_coursera/google-bert/bert-base-uncased,A_semantic_only,42,853f8faf3522,manage control system activities in organizations,4070,b6622ed71abb,10,0.7438619136810303,0.7438619136810303,2.9930477142333984,0.0,1.0,0.0,0
/home/jovyan/Joel_Pardo/AI4LABOUR/Mejoras/results_coursera/models/tsdae_coursera/google-bert/bert-base-uncased,A_semantic_only,43,61355ce7e829,maintain personnel records,3127,1df2bc055e00,1,0.6727368831634521,0.6727368831634521,3.541978359222412,0.0,1.0,0.0,0
/home/jovyan/Joel_Pardo/AI4LABOUR/Mejoras/results_coursera/models/tsdae_coursera/google-bert/bert-base-uncased,A_semantic_only,43,61355ce7e829,maintain personnel records,1936,7c021a986370,2,0.6689387559890747,0.6689387559890747,3.505018711090088,0.0,1.0,0.0,0
/home/jovyan/Joel_Pardo/AI4LABOUR/Mejoras/results_coursera/models/tsdae_coursera/google-bert/bert-base-uncased,A_semantic_only,43,61355ce7e829,maintain personnel records,4590,5d45850c5baa,3,0.6626266241073608,0.6626266241073608,3.4435949325561523,0.0,0.75,0.0,0
/home/jovyan/Joel_Pardo/AI4LABOUR/Mejoras/results_coursera/models/tsdae_coursera/google-bert/bert-base-uncased,A_semantic_only,43,61355ce7e829,maintain personnel records,2535,e97f0c698df9,4,0.6455304026603699,0.6455304026603699,3.277230739593506,0.0,1.0,0.0,0
/home/jovyan/Joel_Pardo/AI4LABOUR/Mejoras/results_coursera/models/tsdae_coursera/google-bert/bert-base-uncased,A_semantic_only,43,61355ce7e829,maintain personnel records,4310,506583358173,5,0.6452446579933167,0.6452446579933167,3.2744503021240234,0.0,0.5714285969734192,0.0,0
/home/jovyan/Joel_Pardo/AI4LABOUR/Mejoras/results_coursera/models/tsdae_coursera/google-bert/bert-base-uncased,A_semantic_only,43,61355ce7e829,maintain personnel records,137,105da530d328,6,0.6430978775024414,0.6430978775024414,3.2535598278045654,0.0,0.75,0.0,0
/home/jovyan/Joel_Pardo/AI4LABOUR/Mejoras/results_coursera/models/tsdae_coursera/google-bert/bert-base-uncased,A_semantic_only,43,61355ce7e829,maintain personnel records,226,7e56613a2ebc,7,0.633313000202179,0.633313000202179,3.1583425998687744,0.0,0.6666666865348816,0.0,0
/home/jovyan/Joel_Pardo/AI4LABOUR/Mejoras/results_coursera/models/tsdae_coursera/google-bert/bert-base-uncased,A_semantic_only,43,61355ce7e829,maintain personnel records,425,b06cd44db3d0,8,0.6277653574943542,0.6277653574943542,3.104358196258545,0.0,0.800000011920929,0.0,0
/home/jovyan/Joel_Pardo/AI4LABOUR/Mejoras/results_coursera/models/tsdae_coursera/google-bert/bert-base-uncased,A_semantic_only,43,61355ce7e829,maintain personnel records,688,675b456b5403,9,0.6263749599456787,0.6263749599456787,3.0908281803131104,0.0,0.23529411852359772,0.0,0
/home/jovyan/Joel_Pardo/AI4LABOUR/Mejoras/results_coursera/models/tsdae_coursera/google-bert/bert-base-uncased,A_semantic_only,43,61355ce7e829,maintain personnel records,4811,cbd229cf0c5e,10,0.6257568597793579,0.6257568597793579,3.0848135948181152,0.0,0.75,0.0,0
/home/jovyan/Joel_Pardo/AI4LABOUR/Mejoras/results_coursera/models/tsdae_coursera/google-bert/bert-base-uncased,A_semantic_only,44,2d4009710863,prepare operational progress or status reports,4590,5d45850c5baa,1,0.7365557551383972,0.7365557551383972,3.612997055053711,0.1666666716337204,0.4285714328289032,0.8603436946868896,0
/home/jovyan/Joel_Pardo/AI4LABOUR/Mejoras/results_coursera/models/tsdae_coursera/google-bert/bert-base-uncased,A_semantic_only,44,2d4009710863,prepare operational progress or status reports,4129,c0c66eb294df,2,0.7281173467636108,0.7281173467636108,3.543708086013794,0.0,0.4285714328289032,0.0,0
/home/jovyan/Joel_Pardo/AI4LABOUR/Mejoras/results_coursera/models/tsdae_coursera/google-bert/bert-base-uncased,A_semantic_only,44,2d4009710863,prepare operational progress or status reports,4058,74fe0528c27f,3,0.7231066823005676,0.7231066823005676,3.5025649070739746,0.1111111119389534,0.8571428656578064,0.5970473289489746,0
/home/jovyan/Joel_Pardo/AI4LABOUR/Mejoras/results_coursera/models/tsdae_coursera/google-bert/bert-base-uncased,A_semantic_only,44,2d4009710863,prepare operational progress or status reports,4310,506583358173,4,0.7195913791656494,0.7195913791656494,3.4737002849578857,0.1111111119389534,1.0,0.5194462537765503,0
/home/jovyan/Joel_Pardo/AI4LABOUR/Mejoras/results_coursera/models/tsdae_coursera/google-bert/bert-base-uncased,A_semantic_only,44,2d4009710863,prepare operational progress or status reports,1786,c538af615e86,5,0.7150571942329407,0.7150571942329407,3.436469554901123,0.0,0.4285714328289032,0.0,0
/home/jovyan/Joel_Pardo/AI4LABOUR/Mejoras/results_coursera/models/tsdae_coursera/google-bert/bert-base-uncased,A_semantic_only,44,2d4009710863,prepare operational progress or status reports,688,675b456b5403,6,0.7105537056922913,0.7105537056922913,3.3994908332824707,0.0,0.4117647111415863,0.0,0
/home/jovyan/Joel_Pardo/AI4LABOUR/Mejoras/results_coursera/models/tsdae_coursera/google-bert/bert-base-uncased,A_semantic_only,44,2d4009710863,prepare operational progress or status reports,690,32402d5443a6,7,0.6994568109512329,0.6994568109512329,3.308372735977173,0.0,0.5,0.0,0
/home/jovyan/Joel_Pardo/AI4LABOUR/Mejoras/results_coursera/models/tsdae_coursera/google-bert/bert-base-uncased,A_semantic_only,44,2d4009710863,prepare operational progress or status reports,4895,d9ed0b19f811,8,0.6950228214263916,0.6950228214263916,3.2719647884368896,0.0,0.4285714328289032,0.0,0
/home/jovyan/Joel_Pardo/AI4LABOUR/Mejoras/results_coursera/models/tsdae_coursera/google-bert/bert-base-uncased,A_semantic_only,44,2d4009710863,prepare operational progress or status reports,226,7e56613a2ebc,9,0.6931149959564209,0.6931149959564209,3.2562992572784424,0.125,0.8571428656578064,0.5765593647956848,0
/home/jovyan/Joel_Pardo/AI4LABOUR/Mejoras/results_coursera/models/tsdae_coursera/google-bert/bert-base-uncased,A_semantic_only,44,2d4009710863,prepare operational progress or status reports,4793,ecfb3bfe17da,10,0.6926180124282837,0.6926180124282837,3.25221848487854,0.0,0.8571428656578064,0.0,0
/home/jovyan/Joel_Pardo/AI4LABOUR/Mejoras/results_coursera/models/tsdae_coursera/google-bert/bert-base-uncased,A_semantic_only,45,aa03c0034762,evaluate quality of materials or products,989,4ec4f7a20f54,1,0.7508347630500793,0.7508347630500793,3.8708627223968506,0.1666666716337204,0.7142857313156128,0.5973789691925049,0
/home/jovyan/Joel_Pardo/AI4LABOUR/Mejoras/results_coursera/models/tsdae_coursera/google-bert/bert-base-uncased,A_semantic_only,45,aa03c0034762,evaluate quality of materials or products,1822,39932b592d9d,2,0.7389124035835266,0.7389124035835266,3.76798677444458,0.0,0.3888888955116272,0.12278847396373749,0
/home/jovyan/Joel_Pardo/AI4LABOUR/Mejoras/results_coursera/models/tsdae_coursera/google-bert/bert-base-uncased,A_semantic_only,45,aa03c0034762,evaluate quality of materials or products,4679,aa2e3ac253d9,3,0.7290631532669067,0.7290631532669067,3.6829991340637207,0.0,0.5,0.15151925384998322,0
/home/jovyan/Joel_Pardo/AI4LABOUR/Mejoras/results_coursera/models/tsdae_coursera/google-bert/bert-base-uncased,A_semantic_only,45,aa03c0034762,evaluate quality of materials or products,1268,41400dedd9f3,4,0.7119529843330383,0.7119529843330383,3.535358190536499,0.0,0.5714285969734192,0.0,0
/home/jovyan/Joel_Pardo/AI4LABOUR/Mejoras/results_coursera/models/tsdae_coursera/google-bert/bert-base-uncased,A_semantic_only,45,aa03c0034762,evaluate quality of materials or products,937,43b6a406ef58,5,0.7103884816169739,0.7103884816169739,3.5218584537506104,0.0,0.7142857313156128,0.0,0
/home/jovyan/Joel_Pardo/AI4LABOUR/Mejoras/results_coursera/models/tsdae_coursera/google-bert/bert-base-uncased,A_semantic_only,45,aa03c0034762,evaluate quality of materials or products,3378,d2e5330ba975,6,0.7049263119697571,0.7049263119697571,3.4747262001037598,0.0833333358168602,0.5,0.4343970715999603,0
/home/jovyan/Joel_Pardo/AI4LABOUR/Mejoras/results_coursera/models/tsdae_coursera/google-bert/bert-base-uncased,A_semantic_only,45,aa03c0034762,evaluate quality of materials or products,4501,7e31f9e44f69,7,0.6932899951934814,0.6932899951934814,3.3743183612823486,0.0,0.699999988079071,0.19780218601226807,0
/home/jovyan/Joel_Pardo/AI4LABOUR/Mejoras/results_coursera/models/tsdae_coursera/google-bert/bert-base-uncased,A_semantic_only,45,aa03c0034762,evaluate quality of materials or products,3816,d4dcc2b4ce0a,8,0.693069338798523,0.693069338798523,3.3724143505096436,0.0,1.0,0.0,0
/home/jovyan/Joel_Pardo/AI4LABOUR/Mejoras/results_coursera/models/tsdae_coursera/google-bert/bert-base-uncased,A_semantic_only,45,aa03c0034762,evaluate quality of materials or products,3056,4b76c705aa42,9,0.6921555995941162,0.6921555995941162,3.364529848098755,0.0,0.875,0.0,0
/home/jovyan/Joel_Pardo/AI4LABOUR/Mejoras/results_coursera/models/tsdae_coursera/google-bert/bert-base-uncased,A_semantic_only,45,aa03c0034762,evaluate quality of materials or products,3303,8dee13915ca0,10,0.6898895502090454,0.6898895502090454,3.3449764251708984,0.0,0.875,0.0,0
/home/jovyan/Joel_Pardo/AI4LABOUR/Mejoras/results_coursera/models/tsdae_coursera/google-bert/bert-base-uncased,A_semantic_only,46,f64f2eefbcb7,"develop operating strategies, plans, or procedures",1727,7a8fd898a210,1,0.7555450201034546,0.7555450201034546,3.1307101249694824,0.0,0.4285714328289032,0.0,0
/home/jovyan/Joel_Pardo/AI4LABOUR/Mejoras/results_coursera/models/tsdae_coursera/google-bert/bert-base-uncased,A_semantic_only,46,f64f2eefbcb7,"develop operating strategies, plans, or procedures",2661,a40ee5969123,2,0.7518078088760376,0.7518078088760376,3.100741147994995,0.0,0.7142857313156128,0.0,0
/home/jovyan/Joel_Pardo/AI4LABOUR/Mejoras/results_coursera/models/tsdae_coursera/google-bert/bert-base-uncased,A_semantic_only,46,f64f2eefbcb7,"develop operating strategies, plans, or procedures",4058,74fe0528c27f,3,0.7511861324310303,0.7511861324310303,3.0957558155059814,0.0,0.8571428656578064,0.0,0
/home/jovyan/Joel_Pardo/AI4LABOUR/Mejoras/results_coursera/models/tsdae_coursera/google-bert/bert-base-uncased,A_semantic_only,46,f64f2eefbcb7,"develop operating strategies, plans, or procedures",3586,f77f2bcecc27,4,0.7438710927963257,0.7438710927963257,3.0370960235595703,0.09090909361839294,0.875,0.4871867597103119,0
/home/jovyan/Joel_Pardo/AI4LABOUR/Mejoras/results_coursera/models/tsdae_coursera/google-bert/bert-base-uncased,A_semantic_only,46,f64f2eefbcb7,"develop operating strategies, plans, or procedures",688,675b456b5403,5,0.7388041615486145,0.7388041615486145,2.9964637756347656,0.0,0.4117647111415863,0.0,0
/home/jovyan/Joel_Pardo/AI4LABOUR/Mejoras/results_coursera/models/tsdae_coursera/google-bert/bert-base-uncased,A_semantic_only,46,f64f2eefbcb7,"develop operating strategies, plans, or procedures",3730,667727a74b62,6,0.7333940267562866,0.7333940267562866,2.9530794620513916,0.0,0.4285714328289032,0.0,0
/home/jovyan/Joel_Pardo/AI4LABOUR/Mejoras/results_coursera/models/tsdae_coursera/google-bert/bert-base-uncased,A_semantic_only,46,f64f2eefbcb7,"develop operating strategies, plans, or procedures",4129,c0c66eb294df,7,0.7321178913116455,0.7321178913116455,2.9428460597991943,0.0,0.4285714328289032,0.0,0
/home/jovyan/Joel_Pardo/AI4LABOUR/Mejoras/results_coursera/models/tsdae_coursera/google-bert/bert-base-uncased,A_semantic_only,46,f64f2eefbcb7,"develop operating strategies, plans, or procedures",1115,6c7a4bf54759,8,0.7268993854522705,0.7268993854522705,2.90099835395813,0.0,0.4285714328289032,0.0,0
/home/jovyan/Joel_Pardo/AI4LABOUR/Mejoras/results_coursera/models/tsdae_coursera/google-bert/bert-base-uncased,A_semantic_only,46,f64f2eefbcb7,"develop operating strategies, plans, or procedures",181,6e0262463c46,9,0.7258184552192688,0.7258184552192688,2.8923304080963135,0.0,0.7777777910232544,0.0,0
/home/jovyan/Joel_Pardo/AI4LABOUR/Mejoras/results_coursera/models/tsdae_coursera/google-bert/bert-base-uncased,A_semantic_only,46,f64f2eefbcb7,"develop operating strategies, plans, or procedures",180,1984ba551855,10,0.7179977893829346,0.7179977893829346,2.829615592956543,0.0,0.4375,0.0,0
/home/jovyan/Joel_Pardo/AI4LABOUR/Mejoras/results_coursera/models/tsdae_coursera/google-bert/bert-base-uncased,A_semantic_only,47,8f3ed6033a9e,implement organizational process or policy changes,3586,f77f2bcecc27,1,0.83260178565979,0.83260178565979,3.4927167892456055,0.0,0.875,0.0,0
/home/jovyan/Joel_Pardo/AI4LABOUR/Mejoras/results_coursera/models/tsdae_coursera/google-bert/bert-base-uncased,A_semantic_only,47,8f3ed6033a9e,implement organizational process or policy changes,4793,ecfb3bfe17da,2,0.8219782114028931,0.8219782114028931,3.417755365371704,0.1111111119389534,0.8571428656578064,0.41826149821281433,0
/home/jovyan/Joel_Pardo/AI4LABOUR/Mejoras/results_coursera/models/tsdae_coursera/google-bert/bert-base-uncased,A_semantic_only,47,8f3ed6033a9e,implement organizational process or policy changes,3751,f1ce5e300a4c,3,0.8157657384872437,0.8157657384872437,3.3739192485809326,0.125,0.8571428656578064,0.4860684871673584,0
/home/jovyan/Joel_Pardo/AI4LABOUR/Mejoras/results_coursera/models/tsdae_coursera/google-bert/bert-base-uncased,A_semantic_only,47,8f3ed6033a9e,implement organizational process or policy changes,2384,9f0afa80bca1,4,0.8007230162620544,0.8007230162620544,3.267775535583496,0.0,1.0,0.0,0
/home/jovyan/Joel_Pardo/AI4LABOUR/Mejoras/results_coursera/models/tsdae_coursera/google-bert/bert-base-uncased,A_semantic_only,47,8f3ed6033a9e,implement organizational process or policy changes,1711,48410a978891,5,0.7840655446052551,0.7840655446052551,3.150238275527954,0.0,0.5833333134651184,0.0,0
/home/jovyan/Joel_Pardo/AI4LABOUR/Mejoras/results_coursera/models/tsdae_coursera/google-bert/bert-base-uncased,A_semantic_only,47,8f3ed6033a9e,implement organizational process or policy changes,3589,959b1bc6a845,6,0.7824591398239136,0.7824591398239136,3.1389031410217285,0.0714285746216774,0.3684210479259491,0.2000817060470581,0
/home/jovyan/Joel_Pardo/AI4LABOUR/Mejoras/results_coursera/models/tsdae_coursera/google-bert/bert-base-uncased,A_semantic_only,47,8f3ed6033a9e,implement organizational process or policy changes,2151,b2b7074805f7,7,0.7809373736381531,0.7809373736381531,3.1281654834747314,0.0,0.7777777910232544,0.0,0
/home/jovyan/Joel_Pardo/AI4LABOUR/Mejoras/results_coursera/models/tsdae_coursera/google-bert/bert-base-uncased,A_semantic_only,47,8f3ed6033a9e,implement organizational process or policy changes,2972,aa4eda621a1f,8,0.7804991006851196,0.7804991006851196,3.125072956085205,0.0,0.5384615659713745,0.0,0
/home/jovyan/Joel_Pardo/AI4LABOUR/Mejoras/results_coursera/models/tsdae_coursera/google-bert/bert-base-uncased,A_semantic_only,47,8f3ed6033a9e,implement organizational process or policy changes,2976,333e029b0118,9,0.7790542840957642,0.7790542840957642,3.114877939224243,0.09090909361839294,0.7777777910232544,0.3593822121620178,0
/home/jovyan/Joel_Pardo/AI4LABOUR/Mejoras/results_coursera/models/tsdae_coursera/google-bert/bert-base-uncased,A_semantic_only,47,8f3ed6033a9e,implement organizational process or policy changes,4103,cd45bf616f0e,10,0.7755956053733826,0.7755956053733826,3.090473175048828,0.0,0.699999988079071,0.0,0
/home/jovyan/Joel_Pardo/AI4LABOUR/Mejoras/results_coursera/models/tsdae_coursera/google-bert/bert-base-uncased,A_semantic_only,48,23ca56c5d573,develop organizational methods or procedures,3586,f77f2bcecc27,1,0.8346980810165405,0.8346980810165405,3.296710968017578,0.10000000149011612,0.75,0.5051829814910889,0
/home/jovyan/Joel_Pardo/AI4LABOUR/Mejoras/results_coursera/models/tsdae_coursera/google-bert/bert-base-uncased,A_semantic_only,48,23ca56c5d573,develop organizational methods or procedures,4103,cd45bf616f0e,2,0.8132979273796082,0.8132979273796082,3.141097068786621,0.0,0.6000000238418579,0.0,0
/home/jovyan/Joel_Pardo/AI4LABOUR/Mejoras/results_coursera/models/tsdae_coursera/google-bert/bert-base-uncased,A_semantic_only,48,23ca56c5d573,develop organizational methods or procedures,504,74434e985ee7,3,0.7756661176681519,0.7756661176681519,2.867452621459961,0.0,1.0,0.0,0
/home/jovyan/Joel_Pardo/AI4LABOUR/Mejoras/results_coursera/models/tsdae_coursera/google-bert/bert-base-uncased,A_semantic_only,48,23ca56c5d573,develop organizational methods or procedures,2151,b2b7074805f7,4,0.7611664533615112,0.7611664533615112,2.7620162963867188,0.0,0.6666666865348816,0.0,0
/home/jovyan/Joel_Pardo/AI4LABOUR/Mejoras/results_coursera/models/tsdae_coursera/google-bert/bert-base-uncased,A_semantic_only,48,23ca56c5d573,develop organizational methods or procedures,2111,8cb3848302c6,5,0.7588880062103271,0.7588880062103271,2.745448350906372,0.20000000298023224,0.5,0.8207674622535706,0
/home/jovyan/Joel_Pardo/AI4LABOUR/Mejoras/results_coursera/models/tsdae_coursera/google-bert/bert-base-uncased,A_semantic_only,48,23ca56c5d573,develop organizational methods or procedures,3213,e73f40d83ac6,6,0.7585054636001587,0.7585054636001587,2.742666721343994,0.0,0.5,0.0,0
/home/jovyan/Joel_Pardo/AI4LABOUR/Mejoras/results_coursera/models/tsdae_coursera/google-bert/bert-base-uncased,A_semantic_only,48,23ca56c5d573,develop organizational methods or procedures,3587,f687024e11a9,7,0.7566884756088257,0.7566884756088257,2.729454278945923,0.09090909361839294,0.5,0.37131571769714355,0
/home/jovyan/Joel_Pardo/AI4LABOUR/Mejoras/results_coursera/models/tsdae_coursera/google-bert/bert-base-uncased,A_semantic_only,48,23ca56c5d573,develop organizational methods or procedures,4793,ecfb3bfe17da,8,0.7560701370239258,0.7560701370239258,2.7249579429626465,0.0,1.0,0.0,0
/home/jovyan/Joel_Pardo/AI4LABOUR/Mejoras/results_coursera/models/tsdae_coursera/google-bert/bert-base-uncased,A_semantic_only,48,23ca56c5d573,develop organizational methods or procedures,3751,f1ce5e300a4c,9,0.7548173666000366,0.7548173666000366,2.715848207473755,0.1428571492433548,1.0,0.5500373244285583,0
/home/jovyan/Joel_Pardo/AI4LABOUR/Mejoras/results_coursera/models/tsdae_coursera/google-bert/bert-base-uncased,A_semantic_only,48,23ca56c5d573,develop organizational methods or procedures,2528,9fb8b881e40a,10,0.7491341829299927,0.7491341829299927,2.6745221614837646,0.1428571492433548,0.8333333134651184,0.6179847717285156,0
/home/jovyan/Joel_Pardo/AI4LABOUR/Mejoras/results_coursera/models/tsdae_coursera/google-bert/bert-base-uncased,A_semantic_only,49,824d3015533f,develop specifications for new products or processes,4415,859f5dcf8041,1,0.7915742993354797,0.7915742993354797,3.7313239574432373,0.0,0.6153846383094788,0.21613451838493347,0
/home/jovyan/Joel_Pardo/AI4LABOUR/Mejoras/results_coursera/models/tsdae_coursera/google-bert/bert-base-uncased,A_semantic_only,49,824d3015533f,develop specifications for new products or processes,3378,d2e5330ba975,2,0.7797514796257019,0.7797514796257019,3.632587432861328,0.0,0.5714285969734192,0.2034914195537567,0
/home/jovyan/Joel_Pardo/AI4LABOUR/Mejoras/results_coursera/models/tsdae_coursera/google-bert/bert-base-uncased,A_semantic_only,49,824d3015533f,develop specifications for new products or processes,1268,41400dedd9f3,3,0.7718788385391235,0.7718788385391235,3.566840171813965,0.0,0.5,0.490299254655838,0
/home/jovyan/Joel_Pardo/AI4LABOUR/Mejoras/results_coursera/models/tsdae_coursera/google-bert/bert-base-uncased,A_semantic_only,49,824d3015533f,develop specifications for new products or processes,4501,7e31f9e44f69,4,0.7683234214782715,0.7683234214782715,3.5371475219726562,0.0,0.800000011920929,0.0,0
/home/jovyan/Joel_Pardo/AI4LABOUR/Mejoras/results_coursera/models/tsdae_coursera/google-bert/bert-base-uncased,A_semantic_only,49,824d3015533f,develop specifications for new products or processes,1822,39932b592d9d,5,0.7478745579719543,0.7478745579719543,3.3663716316223145,0.0,0.4444444477558136,0.16490577161312103,0
/home/jovyan/Joel_Pardo/AI4LABOUR/Mejoras/results_coursera/models/tsdae_coursera/google-bert/bert-base-uncased,A_semantic_only,49,824d3015533f,develop specifications for new products or processes,3303,8dee13915ca0,6,0.7462807297706604,0.7462807297706604,3.3530609607696533,0.0,1.0,0.3135358989238739,0
/home/jovyan/Joel_Pardo/AI4LABOUR/Mejoras/results_coursera/models/tsdae_coursera/google-bert/bert-base-uncased,A_semantic_only,49,824d3015533f,develop specifications for new products or processes,4791,baded3c66d4d,7,0.7403664588928223,0.7403664588928223,3.303668737411499,0.0,0.75,0.38248246908187866,0
/home/jovyan/Joel_Pardo/AI4LABOUR/Mejoras/results_coursera/models/tsdae_coursera/google-bert/bert-base-uncased,A_semantic_only,49,824d3015533f,develop specifications for new products or processes,4679,aa2e3ac253d9,8,0.7359476089477539,0.7359476089477539,3.2667653560638428,0.0,0.5714285969734192,0.2034914195537567,0
/home/jovyan/Joel_Pardo/AI4LABOUR/Mejoras/results_coursera/models/tsdae_coursera/google-bert/bert-base-uncased,A_semantic_only,49,824d3015533f,develop specifications for new products or processes,2951,14b0ec412e5c,9,0.7281237840652466,0.7281237840652466,3.201425790786743,0.0,0.6666666865348816,0.2304527759552002,0
/home/jovyan/Joel_Pardo/AI4LABOUR/Mejoras/results_coursera/models/tsdae_coursera/google-bert/bert-base-uncased,A_semantic_only,49,824d3015533f,develop specifications for new products or processes,989,4ec4f7a20f54,10,0.7272871136665344,0.7272871136665344,3.1944384574890137,0.1428571492433548,0.625,0.6636980175971985,0
/home/jovyan/Joel_Pardo/AI4LABOUR/Mejoras/results_coursera/models/tsdae_coursera/google-bert/bert-base-uncased,A_semantic_only,50,a787a095d9b0,direct facility maintenance or repair activities,1607,6544768291be,1,0.6854391694068909,0.6854391694068909,3.748244047164917,0.0,0.4285714328289032,0.0,0
/home/jovyan/Joel_Pardo/AI4LABOUR/Mejoras/results_coursera/models/tsdae_coursera/google-bert/bert-base-uncased,A_semantic_only,50,a787a095d9b0,direct facility maintenance or repair activities,937,43b6a406ef58,2,0.665825366973877,0.665825366973877,3.5578174591064453,0.0,0.7142857313156128,0.0,0
/home/jovyan/Joel_Pardo/AI4LABOUR/Mejoras/results_coursera/models/tsdae_coursera/google-bert/bert-base-uncased,A_semantic_only,50,a787a095d9b0,direct facility maintenance or repair activities,4838,53dd4fb611bb,3,0.662511944770813,0.662511944770813,3.5256481170654297,0.0,0.5714285969734192,0.0,0
/home/jovyan/Joel_Pardo/AI4LABOUR/Mejoras/results_coursera/models/tsdae_coursera/google-bert/bert-base-uncased,A_semantic_only,50,a787a095d9b0,direct facility maintenance or repair activities,2235,373b347cdc67,4,0.6620908975601196,0.6620908975601196,3.5215601921081543,0.0,0.7142857313156128,0.0,0
/home/jovyan/Joel_Pardo/AI4LABOUR/Mejoras/results_coursera/models/tsdae_coursera/google-bert/bert-base-uncased,A_semantic_only,50,a787a095d9b0,direct facility maintenance or repair activities,4735,d4c4823f0990,5,0.6455888152122498,0.6455888152122498,3.361344575881958,0.0,0.4285714328289032,0.0,0
/home/jovyan/Joel_Pardo/AI4LABOUR/Mejoras/results_coursera/models/tsdae_coursera/google-bert/bert-base-uncased,A_semantic_only,50,a787a095d9b0,direct facility maintenance or repair activities,1676,4abb63e41447,6,0.6265645027160645,0.6265645027160645,3.1766412258148193,0.1428571492433548,0.5714285969734192,0.8407211303710938,0
/home/jovyan/Joel_Pardo/AI4LABOUR/Mejoras/results_coursera/models/tsdae_coursera/google-bert/bert-base-uncased,A_semantic_only,50,a787a095d9b0,direct facility maintenance or repair activities,2093,bc30fde7977a,7,0.6238382458686829,0.6238382458686829,3.150172472000122,0.0,0.5714285969734192,0.0,0
/home/jovyan/Joel_Pardo/AI4LABOUR/Mejoras/results_coursera/models/tsdae_coursera/google-bert/bert-base-uncased,A_semantic_only,50,a787a095d9b0,direct facility maintenance or repair activities,3981,c3c0e3736c09,8,0.6225354075431824,0.6225354075431824,3.1375234127044678,0.0,0.4285714328289032,0.0,0
/home/jovyan/Joel_Pardo/AI4LABOUR/Mejoras/results_coursera/models/tsdae_coursera/google-bert/bert-base-uncased,A_semantic_only,50,a787a095d9b0,direct facility maintenance or repair activities,1675,8335d26464b5,9,0.621641218662262,0.621641218662262,3.1288418769836426,0.125,0.7142857313156128,0.7368648648262024,0
/home/jovyan/Joel_Pardo/AI4LABOUR/Mejoras/results_coursera/models/tsdae_coursera/google-bert/bert-base-uncased,A_semantic_only,50,a787a095d9b0,direct facility maintenance or repair activities,472,f09f0bf4e953,10,0.6110221147537231,0.6110221147537231,3.025743007659912,0.0,0.4285714328289032,0.0,0
/home/jovyan/Joel_Pardo/AI4LABOUR/Mejoras/results_coursera/models/tsdae_coursera/google-bert/bert-base-uncased,A_semantic_only,51,6385c0e2eb2e,recommend organizational process or policy changes,4793,ecfb3bfe17da,1,0.8455765247344971,0.8455765247344971,3.3718016147613525,0.1111111119389534,0.8571428656578064,0.41826149821281433,0
/home/jovyan/Joel_Pardo/AI4LABOUR/Mejoras/results_coursera/models/tsdae_coursera/google-bert/bert-base-uncased,A_semantic_only,51,6385c0e2eb2e,recommend organizational process or policy changes,3586,f77f2bcecc27,2,0.8303381204605103,0.8303381204605103,3.2683932781219482,0.0,0.875,0.0,0
/home/jovyan/Joel_Pardo/AI4LABOUR/Mejoras/results_coursera/models/tsdae_coursera/google-bert/bert-base-uncased,A_semantic_only,51,6385c0e2eb2e,recommend organizational process or policy changes,3751,f1ce5e300a4c,3,0.7996936440467834,0.7996936440467834,3.060439348220825,0.125,0.8571428656578064,0.4860684871673584,0
/home/jovyan/Joel_Pardo/AI4LABOUR/Mejoras/results_coursera/models/tsdae_coursera/google-bert/bert-base-uncased,A_semantic_only,51,6385c0e2eb2e,recommend organizational process or policy changes,3589,959b1bc6a845,4,0.7990735173225403,0.7990735173225403,3.0562310218811035,0.0714285746216774,0.3684210479259491,0.2000817060470581,0
/home/jovyan/Joel_Pardo/AI4LABOUR/Mejoras/results_coursera/models/tsdae_coursera/google-bert/bert-base-uncased,A_semantic_only,51,6385c0e2eb2e,recommend organizational process or policy changes,2151,b2b7074805f7,5,0.7925846576690674,0.7925846576690674,3.012197494506836,0.0,0.7777777910232544,0.0,0
/home/jovyan/Joel_Pardo/AI4LABOUR/Mejoras/results_coursera/models/tsdae_coursera/google-bert/bert-base-uncased,A_semantic_only,51,6385c0e2eb2e,recommend organizational process or policy changes,2384,9f0afa80bca1,6,0.7771639823913574,0.7771639823913574,2.907552480697632,0.0,1.0,0.0,0
/home/jovyan/Joel_Pardo/AI4LABOUR/Mejoras/results_coursera/models/tsdae_coursera/google-bert/bert-base-uncased,A_semantic_only,51,6385c0e2eb2e,recommend organizational process or policy changes,4103,cd45bf616f0e,7,0.7750385999679565,0.7750385999679565,2.893129587173462,0.0,0.699999988079071,0.0,0
/home/jovyan/Joel_Pardo/AI4LABOUR/Mejoras/results_coursera/models/tsdae_coursera/google-bert/bert-base-uncased,A_semantic_only,51,6385c0e2eb2e,recommend organizational process or policy changes,2972,aa4eda621a1f,8,0.7747611999511719,0.7747611999511719,2.891247272491455,0.0,0.5384615659713745,0.0,0
/home/jovyan/Joel_Pardo/AI4LABOUR/Mejoras/results_coursera/models/tsdae_coursera/google-bert/bert-base-uncased,A_semantic_only,51,6385c0e2eb2e,recommend organizational process or policy changes,1711,48410a978891,9,0.77159184217453,0.77159184217453,2.8697397708892822,0.0,0.5833333134651184,0.0,0
/home/jovyan/Joel_Pardo/AI4LABOUR/Mejoras/results_coursera/models/tsdae_coursera/google-bert/bert-base-uncased,A_semantic_only,51,6385c0e2eb2e,recommend organizational process or policy changes,4997,02367bf1c37b,10,0.7710034251213074,0.7710034251213074,2.8657467365264893,0.0,1.0,0.0,0
/home/jovyan/Joel_Pardo/AI4LABOUR/Mejoras/results_coursera/models/tsdae_coursera/google-bert/bert-base-uncased,A_semantic_only,52,7f83579eb5ca,maintain knowledge of current developments in area of expertise,3780,5279f5c334f7,1,0.8347741365432739,0.8347741365432739,4.206405162811279,0.0,0.699999988079071,0.0,0
/home/jovyan/Joel_Pardo/AI4LABOUR/Mejoras/results_coursera/models/tsdae_coursera/google-bert/bert-base-uncased,A_semantic_only,52,7f83579eb5ca,maintain knowledge of current developments in area of expertise,3782,0d6b3a3f8dee,2,0.813217043876648,0.813217043876648,4.042279243469238,0.0,0.8999999761581421,0.1869136542081833,0
/home/jovyan/Joel_Pardo/AI4LABOUR/Mejoras/results_coursera/models/tsdae_coursera/google-bert/bert-base-uncased,A_semantic_only,52,7f83579eb5ca,maintain knowledge of current developments in area of expertise,4501,7e31f9e44f69,3,0.8015035390853882,0.8015035390853882,3.9530982971191406,0.0,1.0,0.17264004051685333,0
/home/jovyan/Joel_Pardo/AI4LABOUR/Mejoras/results_coursera/models/tsdae_coursera/google-bert/bert-base-uncased,A_semantic_only,52,7f83579eb5ca,maintain knowledge of current developments in area of expertise,3040,34bec64bf262,4,0.7864400148391724,0.7864400148391724,3.838411569595337,0.0,0.2702702581882477,0.12682588398456573,0
/home/jovyan/Joel_Pardo/AI4LABOUR/Mejoras/results_coursera/models/tsdae_coursera/google-bert/bert-base-uncased,A_semantic_only,52,7f83579eb5ca,maintain knowledge of current developments in area of expertise,4044,32a696162ad2,5,0.7728385329246521,0.7728385329246521,3.734856367111206,0.0,0.6000000238418579,0.0,0
/home/jovyan/Joel_Pardo/AI4LABOUR/Mejoras/results_coursera/models/tsdae_coursera/google-bert/bert-base-uncased,A_semantic_only,52,7f83579eb5ca,maintain knowledge of current developments in area of expertise,3781,22b12fb7265d,6,0.7623902559280396,0.7623902559280396,3.6553080081939697,0.0,0.5,0.0,0
/home/jovyan/Joel_Pardo/AI4LABOUR/Mejoras/results_coursera/models/tsdae_coursera/google-bert/bert-base-uncased,A_semantic_only,52,7f83579eb5ca,maintain knowledge of current developments in area of expertise,3378,d2e5330ba975,7,0.7604340314865112,0.7604340314865112,3.640414237976074,0.0,0.7142857313156128,0.29745984077453613,0
/home/jovyan/Joel_Pardo/AI4LABOUR/Mejoras/results_coursera/models/tsdae_coursera/google-bert/bert-base-uncased,A_semantic_only,52,7f83579eb5ca,maintain knowledge of current developments in area of expertise,2381,b814ba42c9b1,8,0.7523723840713501,0.7523723840713501,3.5790364742279053,0.0,0.6666666865348816,0.2810210883617401,0
/home/jovyan/Joel_Pardo/AI4LABOUR/Mejoras/results_coursera/models/tsdae_coursera/google-bert/bert-base-uncased,A_semantic_only,52,7f83579eb5ca,maintain knowledge of current developments in area of expertise,3779,3fcaa173f4f9,9,0.7496693730354309,0.7496693730354309,3.558457136154175,0.0,0.800000011920929,0.20376025140285492,0
/home/jovyan/Joel_Pardo/AI4LABOUR/Mejoras/results_coursera/models/tsdae_coursera/google-bert/bert-base-uncased,A_semantic_only,52,7f83579eb5ca,maintain knowledge of current developments in area of expertise,2975,8479908ec09d,10,0.7469131350517273,0.7469131350517273,3.5374724864959717,0.0,0.5263158082962036,0.2301461398601532,0
/home/jovyan/Joel_Pardo/AI4LABOUR/Mejoras/results_coursera/models/tsdae_coursera/google-bert/bert-base-uncased,A_semantic_only,53,a68e486bae8e,negotiate sales or lease agreements for products or services,3618,082c56a3a156,1,0.7628384828567505,0.7628384828567505,4.216808319091797,0.3333333432674408,0.30000001192092896,1.0,0
/home/jovyan/Joel_Pardo/AI4LABOUR/Mejoras/results_coursera/models/tsdae_coursera/google-bert/bert-base-uncased,A_semantic_only,53,a68e486bae8e,negotiate sales or lease agreements for products or services,150,e1b657c11575,2,0.7089565396308899,0.7089565396308899,3.7016258239746094,0.06666667014360428,0.5882353186607361,0.28675588965415955,0
/home/jovyan/Joel_Pardo/AI4LABOUR/Mejoras/results_coursera/models/tsdae_coursera/google-bert/bert-base-uncased,A_semantic_only,53,a68e486bae8e,negotiate sales or lease agreements for products or services,4524,f0e415744ae6,3,0.6749001145362854,0.6749001145362854,3.3760011196136475,0.0,0.4000000059604645,0.0,0
/home/jovyan/Joel_Pardo/AI4LABOUR/Mejoras/results_coursera/models/tsdae_coursera/google-bert/bert-base-uncased,A_semantic_only,53,a68e486bae8e,negotiate sales or lease agreements for products or services,180,1984ba551855,4,0.6693750619888306,0.6693750619888306,3.323174476623535,0.0,0.625,0.0,0
/home/jovyan/Joel_Pardo/AI4LABOUR/Mejoras/results_coursera/models/tsdae_coursera/google-bert/bert-base-uncased,A_semantic_only,53,a68e486bae8e,negotiate sales or lease agreements for products or services,147,575ea3efc7e8,5,0.662926197052002,0.662926197052002,3.261514663696289,0.0,0.4000000059604645,0.0,0
/home/jovyan/Joel_Pardo/AI4LABOUR/Mejoras/results_coursera/models/tsdae_coursera/google-bert/bert-base-uncased,A_semantic_only,53,a68e486bae8e,negotiate sales or lease agreements for products or services,5169,69142a156a26,6,0.6460223197937012,0.6460223197937012,3.099891185760498,0.0,0.699999988079071,0.0,0
/home/jovyan/Joel_Pardo/AI4LABOUR/Mejoras/results_coursera/models/tsdae_coursera/google-bert/bert-base-uncased,A_semantic_only,53,a68e486bae8e,negotiate sales or lease agreements for products or services,145,28d847b0e520,7,0.6398712992668152,0.6398712992668152,3.04107928276062,0.0,0.29411765933036804,0.0,0
/home/jovyan/Joel_Pardo/AI4LABOUR/Mejoras/results_coursera/models/tsdae_coursera/google-bert/bert-base-uncased,A_semantic_only,53,a68e486bae8e,negotiate sales or lease agreements for products or services,3419,3a0da9f870a6,8,0.6398307085037231,0.6398307085037231,3.0406911373138428,0.1111111119389534,0.5,0.4312528371810913,0
/home/jovyan/Joel_Pardo/AI4LABOUR/Mejoras/results_coursera/models/tsdae_coursera/google-bert/bert-base-uncased,A_semantic_only,53,a68e486bae8e,negotiate sales or lease agreements for products or services,151,1ac23fe60e17,9,0.635857343673706,0.635857343673706,3.0027005672454834,0.0,0.4545454680919647,0.0,0
/home/jovyan/Joel_Pardo/AI4LABOUR/Mejoras/results_coursera/models/tsdae_coursera/google-bert/bert-base-uncased,A_semantic_only,53,a68e486bae8e,negotiate sales or lease agreements for products or services,3353,48515a626c44,10,0.6317031383514404,0.6317031383514404,2.9629809856414795,0.0,0.5,0.0,0
/home/jovyan/Joel_Pardo/AI4LABOUR/Mejoras/results_coursera/models/tsdae_coursera/google-bert/bert-base-uncased,A_semantic_only,54,00ee16f445cd,determine causes of operational problems or failures,4058,74fe0528c27f,1,0.7728768587112427,0.7728768587112427,3.4682540893554688,0.1111111119389534,0.75,0.5385082960128784,0
/home/jovyan/Joel_Pardo/AI4LABOUR/Mejoras/results_coursera/models/tsdae_coursera/google-bert/bert-base-uncased,A_semantic_only,54,00ee16f445cd,determine causes of operational problems or failures,1675,8335d26464b5,2,0.7712847590446472,0.7712847590446472,3.4554290771484375,0.0,0.625,0.0,0
/home/jovyan/Joel_Pardo/AI4LABOUR/Mejoras/results_coursera/models/tsdae_coursera/google-bert/bert-base-uncased,A_semantic_only,54,00ee16f445cd,determine causes of operational problems or failures,144,c5c6e125b314,3,0.7705420255661011,0.7705420255661011,3.449445962905884,0.0,0.2666666805744171,0.06639324873685837,0
/home/jovyan/Joel_Pardo/AI4LABOUR/Mejoras/results_coursera/models/tsdae_coursera/google-bert/bert-base-uncased,A_semantic_only,54,00ee16f445cd,determine causes of operational problems or failures,690,32402d5443a6,4,0.7407490015029907,0.7407490015029907,3.2094502449035645,0.0,0.5714285969734192,0.0,0
/home/jovyan/Joel_Pardo/AI4LABOUR/Mejoras/results_coursera/models/tsdae_coursera/google-bert/bert-base-uncased,A_semantic_only,54,00ee16f445cd,determine causes of operational problems or failures,3816,d4dcc2b4ce0a,5,0.7307770252227783,0.7307770252227783,3.1291215419769287,0.0,0.875,0.0,0
/home/jovyan/Joel_Pardo/AI4LABOUR/Mejoras/results_coursera/models/tsdae_coursera/google-bert/bert-base-uncased,A_semantic_only,54,00ee16f445cd,determine causes of operational problems or failures,4791,baded3c66d4d,6,0.727479100227356,0.727479100227356,3.102555274963379,0.0,0.75,0.0,0
/home/jovyan/Joel_Pardo/AI4LABOUR/Mejoras/results_coursera/models/tsdae_coursera/google-bert/bert-base-uncased,A_semantic_only,54,00ee16f445cd,determine causes of operational problems or failures,3813,d4fec0ffd15c,7,0.7235676050186157,0.7235676050186157,3.0710465908050537,0.0,0.7272727489471436,0.15589077770709991,0
/home/jovyan/Joel_Pardo/AI4LABOUR/Mejoras/results_coursera/models/tsdae_coursera/google-bert/bert-base-uncased,A_semantic_only,54,00ee16f445cd,determine causes of operational problems or failures,151,1ac23fe60e17,8,0.7222719788551331,0.7222719788551331,3.0606095790863037,0.0,0.3636363744735718,0.15558728575706482,0
/home/jovyan/Joel_Pardo/AI4LABOUR/Mejoras/results_coursera/models/tsdae_coursera/google-bert/bert-base-uncased,A_semantic_only,54,00ee16f445cd,determine causes of operational problems or failures,4722,24baac04910a,9,0.7198365330696106,0.7198365330696106,3.0409910678863525,0.0,0.5,0.0,0
/home/jovyan/Joel_Pardo/AI4LABOUR/Mejoras/results_coursera/models/tsdae_coursera/google-bert/bert-base-uncased,A_semantic_only,54,00ee16f445cd,determine causes of operational problems or failures,1676,4abb63e41447,10,0.7115433216094971,0.7115433216094971,2.9741857051849365,0.0,0.5,0.0,0
/home/jovyan/Joel_Pardo/AI4LABOUR/Mejoras/results_coursera/models/tsdae_coursera/google-bert/bert-base-uncased,A_semantic_only,55,4805101e52c6,monitor the productivity or efficiency of industrial operations,4106,7a6199e2dfd9,1,0.7617696523666382,0.7617696523666382,3.239121913909912,0.0,0.6000000238418579,0.2859029173851013,0
/home/jovyan/Joel_Pardo/AI4LABOUR/Mejoras/results_coursera/models/tsdae_coursera/google-bert/bert-base-uncased,A_semantic_only,55,4805101e52c6,monitor the productivity or efficiency of industrial operations,2112,49e1b35b16b4,2,0.7404088973999023,0.7404088973999023,3.0793232917785645,0.0,0.6666666865348816,0.2276180386543274,0
/home/jovyan/Joel_Pardo/AI4LABOUR/Mejoras/results_coursera/models/tsdae_coursera/google-bert/bert-base-uncased,A_semantic_only,55,4805101e52c6,monitor the productivity or efficiency of industrial operations,425,b06cd44db3d0,3,0.7378215789794922,0.7378215789794922,3.0599677562713623,0.0,0.5555555820465088,0.0,0
/home/jovyan/Joel_Pardo/AI4LABOUR/Mejoras/results_coursera/models/tsdae_coursera/google-bert/bert-base-uncased,A_semantic_only,55,4805101e52c6,monitor the productivity or efficiency of industrial operations,4793,ecfb3bfe17da,4,0.7203187942504883,0.7203187942504883,2.929030418395996,0.0,0.6666666865348816,0.0,0
/home/jovyan/Joel_Pardo/AI4LABOUR/Mejoras/results_coursera/models/tsdae_coursera/google-bert/bert-base-uncased,A_semantic_only,55,4805101e52c6,monitor the productivity or efficiency of industrial operations,2539,8657d3271db0,5,0.7170238494873047,0.7170238494873047,2.904381036758423,0.0,0.5555555820465088,0.25573623180389404,0
/home/jovyan/Joel_Pardo/AI4LABOUR/Mejoras/results_coursera/models/tsdae_coursera/google-bert/bert-base-uncased,A_semantic_only,55,4805101e52c6,monitor the productivity or efficiency of industrial operations,688,675b456b5403,6,0.7122268080711365,0.7122268080711365,2.868494749069214,0.0,0.529411792755127,0.21871432662010193,0
/home/jovyan/Joel_Pardo/AI4LABOUR/Mejoras/results_coursera/models/tsdae_coursera/google-bert/bert-base-uncased,A_semantic_only,55,4805101e52c6,monitor the productivity or efficiency of industrial operations,4301,32656e1612b0,7,0.6986170411109924,0.6986170411109924,2.7666807174682617,0.0,0.8888888955116272,0.5129988789558411,0
/home/jovyan/Joel_Pardo/AI4LABOUR/Mejoras/results_coursera/models/tsdae_coursera/google-bert/bert-base-uncased,A_semantic_only,55,4805101e52c6,monitor the productivity or efficiency of industrial operations,3378,d2e5330ba975,8,0.6949936747550964,0.6949936747550964,2.739574670791626,0.0,0.6428571343421936,0.25709637999534607,0
/home/jovyan/Joel_Pardo/AI4LABOUR/Mejoras/results_coursera/models/tsdae_coursera/google-bert/bert-base-uncased,A_semantic_only,55,4805101e52c6,monitor the productivity or efficiency of industrial operations,151,1ac23fe60e17,9,0.6918693780899048,0.6918693780899048,2.7162020206451416,0.0,0.40909090638160706,0.31120991706848145,0
/home/jovyan/Joel_Pardo/AI4LABOUR/Mejoras/results_coursera/models/tsdae_coursera/google-bert/bert-base-uncased,A_semantic_only,55,4805101e52c6,monitor the productivity or efficiency of industrial operations,4501,7e31f9e44f69,10,0.6864713430404663,0.6864713430404663,2.6758196353912354,0.0,0.8999999761581421,0.33562880754470825,0
/home/jovyan/Joel_Pardo/AI4LABOUR/Mejoras/results_coursera/models/tsdae_coursera/google-bert/bert-base-uncased,A_semantic_only,56,269bfa3db5c6,conduct validation tests of equipment or processes,3056,4b76c705aa42,1,0.7954197525978088,0.7954197525978088,3.868739366531372,0.0,1.0,0.0,0
/home/jovyan/Joel_Pardo/AI4LABOUR/Mejoras/results_coursera/models/tsdae_coursera/google-bert/bert-base-uncased,A_semantic_only,56,269bfa3db5c6,conduct validation tests of equipment or processes,3816,d4dcc2b4ce0a,2,0.7842795252799988,0.7842795252799988,3.7786917686462402,0.0,0.875,0.0,0
/home/jovyan/Joel_Pardo/AI4LABOUR/Mejoras/results_coursera/models/tsdae_coursera/google-bert/bert-base-uncased,A_semantic_only,56,269bfa3db5c6,conduct validation tests of equipment or processes,2093,bc30fde7977a,3,0.7478805780410767,0.7478805780410767,3.4844748973846436,0.0,0.5,0.0,0
/home/jovyan/Joel_Pardo/AI4LABOUR/Mejoras/results_coursera/models/tsdae_coursera/google-bert/bert-base-uncased,A_semantic_only,56,269bfa3db5c6,conduct validation tests of equipment or processes,2688,0950dcce7437,4,0.7478798031806946,0.7478798031806946,3.484468698501587,0.0,0.5,0.0,0
/home/jovyan/Joel_Pardo/AI4LABOUR/Mejoras/results_coursera/models/tsdae_coursera/google-bert/bert-base-uncased,A_semantic_only,56,269bfa3db5c6,conduct validation tests of equipment or processes,3116,e487c7bcbff2,5,0.7419611215591431,0.7419611215591431,3.4366273880004883,0.0,0.5,0.0,0
/home/jovyan/Joel_Pardo/AI4LABOUR/Mejoras/results_coursera/models/tsdae_coursera/google-bert/bert-base-uncased,A_semantic_only,56,269bfa3db5c6,conduct validation tests of equipment or processes,1822,39932b592d9d,6,0.7356902956962585,0.7356902956962585,3.385939598083496,0.0,0.4444444477558136,0.12329497188329697,0
/home/jovyan/Joel_Pardo/AI4LABOUR/Mejoras/results_coursera/models/tsdae_coursera/google-bert/bert-base-uncased,A_semantic_only,56,269bfa3db5c6,conduct validation tests of equipment or processes,3980,dc0ebdffa052,7,0.7331313490867615,0.7331313490867615,3.365255355834961,0.1666666716337204,0.375,0.8707735538482666,0
/home/jovyan/Joel_Pardo/AI4LABOUR/Mejoras/results_coursera/models/tsdae_coursera/google-bert/bert-base-uncased,A_semantic_only,56,269bfa3db5c6,conduct validation tests of equipment or processes,3304,ecdd6aedb4c3,8,0.7232705354690552,0.7232705354690552,3.2855491638183594,0.0,0.5,0.36658164858818054,0
/home/jovyan/Joel_Pardo/AI4LABOUR/Mejoras/results_coursera/models/tsdae_coursera/google-bert/bert-base-uncased,A_semantic_only,56,269bfa3db5c6,conduct validation tests of equipment or processes,117,1b45811985d9,9,0.7224968671798706,0.7224968671798706,3.2792956829071045,0.0,0.375,0.0,0
/home/jovyan/Joel_Pardo/AI4LABOUR/Mejoras/results_coursera/models/tsdae_coursera/google-bert/bert-base-uncased,A_semantic_only,56,269bfa3db5c6,conduct validation tests of equipment or processes,3303,8dee13915ca0,10,0.7202634811401367,0.7202634811401367,3.2612428665161133,0.0,1.0,0.0,0
/home/jovyan/Joel_Pardo/AI4LABOUR/Mejoras/results_coursera/models/tsdae_coursera/google-bert/bert-base-uncased,A_semantic_only,57,c1933354ef21,determine operational methods,4791,baded3c66d4d,1,0.8199814558029175,0.8199814558029175,3.2236709594726562,0.0,0.6666666865348816,0.0,0
/home/jovyan/Joel_Pardo/AI4LABOUR/Mejoras/results_coursera/models/tsdae_coursera/google-bert/bert-base-uncased,A_semantic_only,57,c1933354ef21,determine operational methods,3303,8dee13915ca0,2,0.8100160360336304,0.8100160360336304,3.149296998977661,0.1428571492433548,0.5,0.45921799540519714,0
/home/jovyan/Joel_Pardo/AI4LABOUR/Mejoras/results_coursera/models/tsdae_coursera/google-bert/bert-base-uncased,A_semantic_only,57,c1933354ef21,determine operational methods,4058,74fe0528c27f,3,0.8045365810394287,0.8045365810394287,3.108402729034424,0.1428571492433548,0.6666666865348816,0.7250343561172485,0
/home/jovyan/Joel_Pardo/AI4LABOUR/Mejoras/results_coursera/models/tsdae_coursera/google-bert/bert-base-uncased,A_semantic_only,57,c1933354ef21,determine operational methods,1950,26eeaf26a09d,4,0.8013527393341064,0.8013527393341064,3.0846409797668457,0.0,0.5,0.0,0
/home/jovyan/Joel_Pardo/AI4LABOUR/Mejoras/results_coursera/models/tsdae_coursera/google-bert/bert-base-uncased,A_semantic_only,57,c1933354ef21,determine operational methods,4503,8c63b2397fed,5,0.7955172657966614,0.7955172657966614,3.0410897731781006,0.0,0.800000011920929,0.0,0
/home/jovyan/Joel_Pardo/AI4LABOUR/Mejoras/results_coursera/models/tsdae_coursera/google-bert/bert-base-uncased,A_semantic_only,57,c1933354ef21,determine operational methods,4590,5d45850c5baa,6,0.7814888954162598,0.7814888954162598,2.9363930225372314,0.0,0.75,0.0,0
/home/jovyan/Joel_Pardo/AI4LABOUR/Mejoras/results_coursera/models/tsdae_coursera/google-bert/bert-base-uncased,A_semantic_only,57,c1933354ef21,determine operational methods,5053,de7b151e0afe,7,0.7795675992965698,0.7795675992965698,2.9220540523529053,0.0,0.5,0.0,0
/home/jovyan/Joel_Pardo/AI4LABOUR/Mejoras/results_coursera/models/tsdae_coursera/google-bert/bert-base-uncased,A_semantic_only,57,c1933354ef21,determine operational methods,4792,dd7287e532e0,8,0.7684934139251709,0.7684934139251709,2.839405059814453,0.0,0.6666666865348816,0.0,0
/home/jovyan/Joel_Pardo/AI4LABOUR/Mejoras/results_coursera/models/tsdae_coursera/google-bert/bert-base-uncased,A_semantic_only,57,c1933354ef21,determine operational methods,501,7e5e0cba4215,9,0.7682398557662964,0.7682398557662964,2.837512731552124,0.0,0.800000011920929,0.0,0
/home/jovyan/Joel_Pardo/AI4LABOUR/Mejoras/results_coursera/models/tsdae_coursera/google-bert/bert-base-uncased,A_semantic_only,57,c1933354ef21,determine operational methods,3813,d4fec0ffd15c,10,0.7679089307785034,0.7679089307785034,2.835042953491211,0.0,0.3636363744735718,0.0,0
/home/jovyan/Joel_Pardo/AI4LABOUR/Mejoras/results_coursera/models/tsdae_coursera/google-bert/bert-base-uncased,A_semantic_only,58,224946bca8ba,direct industrial production activities,989,4ec4f7a20f54,1,0.7501792907714844,0.7501792907714844,4.263735294342041,0.0,1.0,0.0,0
/home/jovyan/Joel_Pardo/AI4LABOUR/Mejoras/results_coursera/models/tsdae_coursera/google-bert/bert-base-uncased,A_semantic_only,58,224946bca8ba,direct industrial production activities,2795,0270e82e5a44,2,0.7442296743392944,0.7442296743392944,4.21038293838501,0.0,0.6000000238418579,0.0,0
/home/jovyan/Joel_Pardo/AI4LABOUR/Mejoras/results_coursera/models/tsdae_coursera/google-bert/bert-base-uncased,A_semantic_only,58,224946bca8ba,direct industrial production activities,1474,39dc86297043,3,0.7415965795516968,0.7415965795516968,4.186770915985107,0.0,0.6000000238418579,0.0,0
/home/jovyan/Joel_Pardo/AI4LABOUR/Mejoras/results_coursera/models/tsdae_coursera/google-bert/bert-base-uncased,A_semantic_only,58,224946bca8ba,direct industrial production activities,3454,68b455dc1687,4,0.727259635925293,0.727259635925293,4.058205604553223,0.1666666716337204,0.800000011920929,0.6135255098342896,0
/home/jovyan/Joel_Pardo/AI4LABOUR/Mejoras/results_coursera/models/tsdae_coursera/google-bert/bert-base-uncased,A_semantic_only,58,224946bca8ba,direct industrial production activities,4848,fa8a9d937f48,5,0.70633465051651,0.70633465051651,3.8705623149871826,0.20000000298023224,0.6000000238418579,0.7141852974891663,0
/home/jovyan/Joel_Pardo/AI4LABOUR/Mejoras/results_coursera/models/tsdae_coursera/google-bert/bert-base-uncased,A_semantic_only,58,224946bca8ba,direct industrial production activities,5193,3c01d05648e6,6,0.7041720151901245,0.7041720151901245,3.8511691093444824,0.0,0.6000000238418579,0.0,0
/home/jovyan/Joel_Pardo/AI4LABOUR/Mejoras/results_coursera/models/tsdae_coursera/google-bert/bert-base-uncased,A_semantic_only,58,224946bca8ba,direct industrial production activities,2532,046df5a4594b,7,0.7010385990142822,0.7010385990142822,3.823070526123047,0.20000000298023224,0.6000000238418579,0.7141852974891663,0
/home/jovyan/Joel_Pardo/AI4LABOUR/Mejoras/results_coursera/models/tsdae_coursera/google-bert/bert-base-uncased,A_semantic_only,58,224946bca8ba,direct industrial production activities,2396,218ffb34fa5f,8,0.6929736733436584,0.6929736733436584,3.750748872756958,0.0,0.4000000059604645,0.0,0
/home/jovyan/Joel_Pardo/AI4LABOUR/Mejoras/results_coursera/models/tsdae_coursera/google-bert/bert-base-uncased,A_semantic_only,58,224946bca8ba,direct industrial production activities,60,32756aab54ad,9,0.673440158367157,0.673440158367157,3.5755836963653564,0.0,0.800000011920929,0.0,0
/home/jovyan/Joel_Pardo/AI4LABOUR/Mejoras/results_coursera/models/tsdae_coursera/google-bert/bert-base-uncased,A_semantic_only,58,224946bca8ba,direct industrial production activities,4805,8ecbdfad174b,10,0.6734364032745361,0.6734364032745361,3.575550079345703,0.0,0.800000011920929,0.0,0
/home/jovyan/Joel_Pardo/AI4LABOUR/Mejoras/results_coursera/models/tsdae_coursera/google-bert/bert-base-uncased,A_semantic_only,59,da6e8742f6bf,research industrial processes or operations,989,4ec4f7a20f54,1,0.802327036857605,0.802327036857605,3.495313882827759,0.1666666716337204,0.8333333134651184,0.5575573444366455,0
/home/jovyan/Joel_Pardo/AI4LABOUR/Mejoras/results_coursera/models/tsdae_coursera/google-bert/bert-base-uncased,A_semantic_only,59,da6e8742f6bf,research industrial processes or operations,2795,0270e82e5a44,2,0.7799216508865356,0.7799216508865356,3.317051649093628,0.20000000298023224,0.5,0.7405116558074951,0
/home/jovyan/Joel_Pardo/AI4LABOUR/Mejoras/results_coursera/models/tsdae_coursera/google-bert/bert-base-uncased,A_semantic_only,59,da6e8742f6bf,research industrial processes or operations,1474,39dc86297043,3,0.7538393139839172,0.7538393139839172,3.109534740447998,0.0,0.5,0.0,0
/home/jovyan/Joel_Pardo/AI4LABOUR/Mejoras/results_coursera/models/tsdae_coursera/google-bert/bert-base-uncased,A_semantic_only,59,da6e8742f6bf,research industrial processes or operations,3454,68b455dc1687,4,0.7530664205551147,0.7530664205551147,3.1033854484558105,0.0,0.6666666865348816,0.0,0
/home/jovyan/Joel_Pardo/AI4LABOUR/Mejoras/results_coursera/models/tsdae_coursera/google-bert/bert-base-uncased,A_semantic_only,59,da6e8742f6bf,research industrial processes or operations,60,32756aab54ad,5,0.7517426013946533,0.7517426013946533,3.092852830886841,0.0,0.6666666865348816,0.0,0
/home/jovyan/Joel_Pardo/AI4LABOUR/Mejoras/results_coursera/models/tsdae_coursera/google-bert/bert-base-uncased,A_semantic_only,59,da6e8742f6bf,research industrial processes or operations,3303,8dee13915ca0,6,0.7425065636634827,0.7425065636634827,3.019368886947632,0.0,0.75,0.0,0
/home/jovyan/Joel_Pardo/AI4LABOUR/Mejoras/results_coursera/models/tsdae_coursera/google-bert/bert-base-uncased,A_semantic_only,59,da6e8742f6bf,research industrial processes or operations,3407,2ad419560ca0,7,0.7403427362442017,0.7403427362442017,3.002152919769287,0.0,1.0,0.0,0
/home/jovyan/Joel_Pardo/AI4LABOUR/Mejoras/results_coursera/models/tsdae_coursera/google-bert/bert-base-uncased,A_semantic_only,59,da6e8742f6bf,research industrial processes or operations,4862,b54736456520,8,0.7373221516609192,0.7373221516609192,2.9781205654144287,0.20000000298023224,0.5,0.572080135345459,0
/home/jovyan/Joel_Pardo/AI4LABOUR/Mejoras/results_coursera/models/tsdae_coursera/google-bert/bert-base-uncased,A_semantic_only,59,da6e8742f6bf,research industrial processes or operations,478,f0ad7971f1ce,9,0.7232123613357544,0.7232123613357544,2.8658599853515625,0.0,0.6666666865348816,0.0,0
/home/jovyan/Joel_Pardo/AI4LABOUR/Mejoras/results_coursera/models/tsdae_coursera/google-bert/bert-base-uncased,A_semantic_only,59,da6e8742f6bf,research industrial processes or operations,2661,a40ee5969123,10,0.7218211889266968,0.7218211889266968,2.8547914028167725,0.1666666716337204,0.8333333134651184,0.5575573444366455,0
/home/jovyan/Joel_Pardo/AI4LABOUR/Mejoras/results_coursera/models/tsdae_coursera/google-bert/bert-base-uncased,A_semantic_only,60,90e3d91fbf4d,design control systems for mechanical or other equipment,937,43b6a406ef58,1,0.8098888397216797,0.8098888397216797,4.276159763336182,0.0,0.5555555820465088,0.0,0
/home/jovyan/Joel_Pardo/AI4LABOUR/Mejoras/results_coursera/models/tsdae_coursera/google-bert/bert-base-uncased,A_semantic_only,60,90e3d91fbf4d,design control systems for mechanical or other equipment,3918,d4c62f1a558b,2,0.7931184768676758,0.7931184768676758,4.130956649780273,0.3333333432674408,0.3333333432674408,0.8804424405097961,0
/home/jovyan/Joel_Pardo/AI4LABOUR/Mejoras/results_coursera/models/tsdae_coursera/google-bert/bert-base-uncased,A_semantic_only,60,90e3d91fbf4d,design control systems for mechanical or other equipment,1268,41400dedd9f3,3,0.7817927598953247,0.7817927598953247,4.032895565032959,0.1428571492433548,0.4444444477558136,0.6062068343162537,0
/home/jovyan/Joel_Pardo/AI4LABOUR/Mejoras/results_coursera/models/tsdae_coursera/google-bert/bert-base-uncased,A_semantic_only,60,90e3d91fbf4d,design control systems for mechanical or other equipment,2235,373b347cdc67,4,0.767037034034729,0.767037034034729,3.9051358699798584,0.125,0.5555555820465088,0.3131323456764221,0
/home/jovyan/Joel_Pardo/AI4LABOUR/Mejoras/results_coursera/models/tsdae_coursera/google-bert/bert-base-uncased,A_semantic_only,60,90e3d91fbf4d,design control systems for mechanical or other equipment,1841,e649d3f24f2b,5,0.765125572681427,0.765125572681427,3.8885858058929443,0.125,0.4444444477558136,0.2921963632106781,0
/home/jovyan/Joel_Pardo/AI4LABOUR/Mejoras/results_coursera/models/tsdae_coursera/google-bert/bert-base-uncased,A_semantic_only,60,90e3d91fbf4d,design control systems for mechanical or other equipment,138,800f68468dea,6,0.7576823830604553,0.7576823830604553,3.8241405487060547,0.0,0.3333333432674408,0.0,0
/home/jovyan/Joel_Pardo/AI4LABOUR/Mejoras/results_coursera/models/tsdae_coursera/google-bert/bert-base-uncased,A_semantic_only,60,90e3d91fbf4d,design control systems for mechanical or other equipment,3663,9b1383e434a5,7,0.7295434474945068,0.7295434474945068,3.580505132675171,0.2857142984867096,0.5555555820465088,0.5692330002784729,0
/home/jovyan/Joel_Pardo/AI4LABOUR/Mejoras/results_coursera/models/tsdae_coursera/google-bert/bert-base-uncased,A_semantic_only,60,90e3d91fbf4d,design control systems for mechanical or other equipment,733,813e418f098e,8,0.7292166948318481,0.7292166948318481,3.5776760578155518,0.3333333432674408,0.3333333432674408,1.0,0
/home/jovyan/Joel_Pardo/AI4LABOUR/Mejoras/results_coursera/models/tsdae_coursera/google-bert/bert-base-uncased,A_semantic_only,60,90e3d91fbf4d,design control systems for mechanical or other equipment,4723,66fe44b4fefa,9,0.7218772172927856,0.7218772172927856,3.5141286849975586,0.3333333432674408,0.3333333432674408,0.7560185194015503,0
/home/jovyan/Joel_Pardo/AI4LABOUR/Mejoras/results_coursera/models/tsdae_coursera/google-bert/bert-base-uncased,A_semantic_only,60,90e3d91fbf4d,design control systems for mechanical or other equipment,3117,d659070a6144,10,0.718471884727478,0.718471884727478,3.4846444129943848,0.1428571492433548,0.3333333432674408,0.4158821702003479,0
/home/jovyan/Joel_Pardo/AI4LABOUR/Mejoras/results_coursera/models/tsdae_coursera/google-bert/bert-base-uncased,A_semantic_only,61,dc17b84d2d6b,review technical documents to plan work,3780,5279f5c334f7,1,0.7997510433197021,0.7997510433197021,4.003487586975098,0.0,1.0,0.0,0
/home/jovyan/Joel_Pardo/AI4LABOUR/Mejoras/results_coursera/models/tsdae_coursera/google-bert/bert-base-uncased,A_semantic_only,61,dc17b84d2d6b,review technical documents to plan work,3782,0d6b3a3f8dee,2,0.7942229509353638,0.7942229509353638,3.9606873989105225,0.0,0.7777777910232544,0.0,0
/home/jovyan/Joel_Pardo/AI4LABOUR/Mejoras/results_coursera/models/tsdae_coursera/google-bert/bert-base-uncased,A_semantic_only,61,dc17b84d2d6b,review technical documents to plan work,1786,c538af615e86,3,0.7560014128684998,0.7560014128684998,3.6647658348083496,0.0,0.4285714328289032,0.0,0
/home/jovyan/Joel_Pardo/AI4LABOUR/Mejoras/results_coursera/models/tsdae_coursera/google-bert/bert-base-uncased,A_semantic_only,61,dc17b84d2d6b,review technical documents to plan work,4502,98c2bfc7d4aa,4,0.7483023405075073,0.7483023405075073,3.6051573753356934,0.0,0.7777777910232544,0.0,0
/home/jovyan/Joel_Pardo/AI4LABOUR/Mejoras/results_coursera/models/tsdae_coursera/google-bert/bert-base-uncased,A_semantic_only,61,dc17b84d2d6b,review technical documents to plan work,4793,ecfb3bfe17da,5,0.7439917922019958,0.7439917922019958,3.571784019470215,0.0,0.8571428656578064,0.0,0
/home/jovyan/Joel_Pardo/AI4LABOUR/Mejoras/results_coursera/models/tsdae_coursera/google-bert/bert-base-uncased,A_semantic_only,61,dc17b84d2d6b,review technical documents to plan work,4590,5d45850c5baa,6,0.7334485054016113,0.7334485054016113,3.490154981613159,0.0,0.4285714328289032,0.0,0
/home/jovyan/Joel_Pardo/AI4LABOUR/Mejoras/results_coursera/models/tsdae_coursera/google-bert/bert-base-uncased,A_semantic_only,61,dc17b84d2d6b,review technical documents to plan work,4501,7e31f9e44f69,7,0.7290328145027161,0.7290328145027161,3.455967426300049,0.0,0.699999988079071,0.0,0
/home/jovyan/Joel_Pardo/AI4LABOUR/Mejoras/results_coursera/models/tsdae_coursera/google-bert/bert-base-uncased,A_semantic_only,61,dc17b84d2d6b,review technical documents to plan work,3213,e73f40d83ac6,8,0.7275235652923584,0.7275235652923584,3.444282293319702,0.0833333358168602,0.5833333134651184,0.5438547134399414,0
/home/jovyan/Joel_Pardo/AI4LABOUR/Mejoras/results_coursera/models/tsdae_coursera/google-bert/bert-base-uncased,A_semantic_only,61,dc17b84d2d6b,review technical documents to plan work,2975,8479908ec09d,9,0.7245317697525024,0.7245317697525024,3.421118974685669,0.0,0.3684210479259491,0.0,0
/home/jovyan/Joel_Pardo/AI4LABOUR/Mejoras/results_coursera/models/tsdae_coursera/google-bert/bert-base-uncased,A_semantic_only,61,dc17b84d2d6b,review technical documents to plan work,4306,01c767aac2ad,10,0.717397928237915,0.717397928237915,3.365886926651001,0.0,0.6363636255264282,0.0,0
/home/jovyan/Joel_Pardo/AI4LABOUR/Mejoras/results_coursera/models/tsdae_coursera/google-bert/bert-base-uncased,A_semantic_only,62,c6d9ce80244c,confer with other personnel to resolve design or operational problems,3780,5279f5c334f7,1,0.755248486995697,0.755248486995697,3.468291759490967,0.0,0.6363636255264282,0.0,0
/home/jovyan/Joel_Pardo/AI4LABOUR/Mejoras/results_coursera/models/tsdae_coursera/google-bert/bert-base-uncased,A_semantic_only,62,c6d9ce80244c,confer with other personnel to resolve design or operational problems,4501,7e31f9e44f69,2,0.7547682523727417,0.7547682523727417,3.4643917083740234,0.0,0.9090909361839294,0.0,0
/home/jovyan/Joel_Pardo/AI4LABOUR/Mejoras/results_coursera/models/tsdae_coursera/google-bert/bert-base-uncased,A_semantic_only,62,c6d9ce80244c,confer with other personnel to resolve design or operational problems,180,1984ba551855,3,0.7362332344055176,0.7362332344055176,3.3138670921325684,0.0,0.6875,0.23544445633888245,0
/home/jovyan/Joel_Pardo/AI4LABOUR/Mejoras/results_coursera/models/tsdae_coursera/google-bert/bert-base-uncased,A_semantic_only,62,c6d9ce80244c,confer with other personnel to resolve design or operational problems,3041,d58419ba221e,4,0.727219820022583,0.727219820022583,3.240668296813965,0.0357142873108387,0.34375,0.21443067491054535,0
/home/jovyan/Joel_Pardo/AI4LABOUR/Mejoras/results_coursera/models/tsdae_coursera/google-bert/bert-base-uncased,A_semantic_only,62,c6d9ce80244c,confer with other personnel to resolve design or operational problems,3378,d2e5330ba975,5,0.721450686454773,0.721450686454773,3.193816661834717,0.0,0.7857142686843872,0.0,0
/home/jovyan/Joel_Pardo/AI4LABOUR/Mejoras/results_coursera/models/tsdae_coursera/google-bert/bert-base-uncased,A_semantic_only,62,c6d9ce80244c,confer with other personnel to resolve design or operational problems,3213,e73f40d83ac6,6,0.7205881476402283,0.7205881476402283,3.186811923980713,0.0,0.9166666865348816,0.2870626449584961,0
/home/jovyan/Joel_Pardo/AI4LABOUR/Mejoras/results_coursera/models/tsdae_coursera/google-bert/bert-base-uncased,A_semantic_only,62,c6d9ce80244c,confer with other personnel to resolve design or operational problems,4312,e1d150ca0e67,7,0.7115139961242676,0.7115139961242676,3.1131198406219482,0.0,0.7272727489471436,0.23602791130542755,0
/home/jovyan/Joel_Pardo/AI4LABOUR/Mejoras/results_coursera/models/tsdae_coursera/google-bert/bert-base-uncased,A_semantic_only,62,c6d9ce80244c,confer with other personnel to resolve design or operational problems,4306,01c767aac2ad,8,0.7113276124000549,0.7113276124000549,3.1116061210632324,0.0833333358168602,1.0,0.34724950790405273,0
/home/jovyan/Joel_Pardo/AI4LABOUR/Mejoras/results_coursera/models/tsdae_coursera/google-bert/bert-base-uncased,A_semantic_only,62,c6d9ce80244c,confer with other personnel to resolve design or operational problems,4058,74fe0528c27f,9,0.7098082304000854,0.7098082304000854,3.09926700592041,0.09090909361839294,0.5454545617103577,0.6006578207015991,0
/home/jovyan/Joel_Pardo/AI4LABOUR/Mejoras/results_coursera/models/tsdae_coursera/google-bert/bert-base-uncased,A_semantic_only,62,c6d9ce80244c,confer with other personnel to resolve design or operational problems,688,675b456b5403,10,0.7096669673919678,0.7096669673919678,3.0981199741363525,0.0,0.6470588445663452,0.0,0
/home/jovyan/Joel_Pardo/AI4LABOUR/Mejoras/results_coursera/models/tsdae_coursera/google-bert/bert-base-uncased,A_semantic_only,63,50171927f859,analyze design or requirements information for mechanical equipment or systems,2235,373b347cdc67,1,0.7968506217002869,0.7968506217002869,3.6406068801879883,0.1111111119389534,0.4545454680919647,0.3131323456764221,0
/home/jovyan/Joel_Pardo/AI4LABOUR/Mejoras/results_coursera/models/tsdae_coursera/google-bert/bert-base-uncased,A_semantic_only,63,50171927f859,analyze design or requirements information for mechanical equipment or systems,937,43b6a406ef58,2,0.7961353063583374,0.7961353063583374,3.6349408626556396,0.0,0.4545454680919647,0.0,0
/home/jovyan/Joel_Pardo/AI4LABOUR/Mejoras/results_coursera/models/tsdae_coursera/google-bert/bert-base-uncased,A_semantic_only,63,50171927f859,analyze design or requirements information for mechanical equipment or systems,1268,41400dedd9f3,3,0.7938193082809448,0.7938193082809448,3.616596221923828,0.125,0.3636363744735718,0.6062068343162537,0
/home/jovyan/Joel_Pardo/AI4LABOUR/Mejoras/results_coursera/models/tsdae_coursera/google-bert/bert-base-uncased,A_semantic_only,63,50171927f859,analyze design or requirements information for mechanical equipment or systems,3378,d2e5330ba975,4,0.7885818481445312,0.7885818481445312,3.575111150741577,0.0,0.7857142686843872,0.13032536208629608,0
/home/jovyan/Joel_Pardo/AI4LABOUR/Mejoras/results_coursera/models/tsdae_coursera/google-bert/bert-base-uncased,A_semantic_only,63,50171927f859,analyze design or requirements information for mechanical equipment or systems,1822,39932b592d9d,5,0.7810426354408264,0.7810426354408264,3.5153942108154297,0.0555555559694767,0.6111111044883728,0.29626938700675964,0
/home/jovyan/Joel_Pardo/AI4LABOUR/Mejoras/results_coursera/models/tsdae_coursera/google-bert/bert-base-uncased,A_semantic_only,63,50171927f859,analyze design or requirements information for mechanical equipment or systems,3407,2ad419560ca0,6,0.7510665655136108,0.7510665655136108,3.277958393096924,0.0,0.5454545617103577,0.0,0
/home/jovyan/Joel_Pardo/AI4LABOUR/Mejoras/results_coursera/models/tsdae_coursera/google-bert/bert-base-uncased,A_semantic_only,63,50171927f859,analyze design or requirements information for mechanical equipment or systems,989,4ec4f7a20f54,7,0.7335163354873657,0.7335163354873657,3.1389458179473877,0.0,0.4545454680919647,0.0,0
/home/jovyan/Joel_Pardo/AI4LABOUR/Mejoras/results_coursera/models/tsdae_coursera/google-bert/bert-base-uncased,A_semantic_only,63,50171927f859,analyze design or requirements information for mechanical equipment or systems,3303,8dee13915ca0,8,0.7315776348114014,0.7315776348114014,3.123589515686035,0.0,0.7272727489471436,0.2008029818534851,0
/home/jovyan/Joel_Pardo/AI4LABOUR/Mejoras/results_coursera/models/tsdae_coursera/google-bert/bert-base-uncased,A_semantic_only,63,50171927f859,analyze design or requirements information for mechanical equipment or systems,4828,0207b591a5d5,9,0.7312830686569214,0.7312830686569214,3.1212563514709473,0.0,0.27272728085517883,0.0,0
/home/jovyan/Joel_Pardo/AI4LABOUR/Mejoras/results_coursera/models/tsdae_coursera/google-bert/bert-base-uncased,A_semantic_only,63,50171927f859,analyze design or requirements information for mechanical equipment or systems,5053,de7b151e0afe,10,0.7272672653198242,0.7272672653198242,3.0894477367401123,0.0,0.7272727489471436,0.2008029818534851,0
/home/jovyan/Joel_Pardo/AI4LABOUR/Mejoras/results_coursera/models/tsdae_coursera/google-bert/bert-base-uncased,A_semantic_only,64,445ae625480e,direct installation activities,2235,373b347cdc67,1,0.7688766717910767,0.7688766717910767,3.7731845378875732,0.0,0.800000011920929,0.0,0
/home/jovyan/Joel_Pardo/AI4LABOUR/Mejoras/results_coursera/models/tsdae_coursera/google-bert/bert-base-uncased,A_semantic_only,64,445ae625480e,direct installation activities,1607,6544768291be,2,0.7465739250183105,0.7465739250183105,3.577737331390381,0.0,0.75,0.0,0
/home/jovyan/Joel_Pardo/AI4LABOUR/Mejoras/results_coursera/models/tsdae_coursera/google-bert/bert-base-uncased,A_semantic_only,64,445ae625480e,direct installation activities,1268,41400dedd9f3,3,0.734308123588562,0.734308123588562,3.470247268676758,0.0,1.0,0.0,0
/home/jovyan/Joel_Pardo/AI4LABOUR/Mejoras/results_coursera/models/tsdae_coursera/google-bert/bert-base-uncased,A_semantic_only,64,445ae625480e,direct installation activities,3629,43801db48aa3,4,0.7266520857810974,0.7266520857810974,3.4031546115875244,0.0,1.0,0.0,0
/home/jovyan/Joel_Pardo/AI4LABOUR/Mejoras/results_coursera/models/tsdae_coursera/google-bert/bert-base-uncased,A_semantic_only,64,445ae625480e,direct installation activities,937,43b6a406ef58,5,0.7228333950042725,0.7228333950042725,3.36968994140625,0.0,0.800000011920929,0.0,0
/home/jovyan/Joel_Pardo/AI4LABOUR/Mejoras/results_coursera/models/tsdae_coursera/google-bert/bert-base-uncased,A_semantic_only,64,445ae625480e,direct installation activities,2093,bc30fde7977a,6,0.7143149971961975,0.7143149971961975,3.2950401306152344,0.0,1.0,0.0,0
/home/jovyan/Joel_Pardo/AI4LABOUR/Mejoras/results_coursera/models/tsdae_coursera/google-bert/bert-base-uncased,A_semantic_only,64,445ae625480e,direct installation activities,78,cefdec315735,7,0.7141017913818359,0.7141017913818359,3.2931716442108154,0.0,1.0,0.0,0
/home/jovyan/Joel_Pardo/AI4LABOUR/Mejoras/results_coursera/models/tsdae_coursera/google-bert/bert-base-uncased,A_semantic_only,64,445ae625480e,direct installation activities,3117,d659070a6144,8,0.7035494446754456,0.7035494446754456,3.200697422027588,0.0,0.75,0.0,0
/home/jovyan/Joel_Pardo/AI4LABOUR/Mejoras/results_coursera/models/tsdae_coursera/google-bert/bert-base-uncased,A_semantic_only,64,445ae625480e,direct installation activities,1676,4abb63e41447,9,0.7008050680160522,0.7008050680160522,3.176647424697876,0.20000000298023224,1.0,0.8590565323829651,0
/home/jovyan/Joel_Pardo/AI4LABOUR/Mejoras/results_coursera/models/tsdae_coursera/google-bert/bert-base-uncased,A_semantic_only,64,445ae625480e,direct installation activities,3981,c3c0e3736c09,10,0.6995874643325806,0.6995874643325806,3.1659770011901855,0.0,0.75,0.0,0
/home/jovyan/Joel_Pardo/AI4LABOUR/Mejoras/results_coursera/models/tsdae_coursera/google-bert/bert-base-uncased,A_semantic_only,65,8da0e9e0dffc,direct equipment maintenance or repair activities,937,43b6a406ef58,1,0.7893317937850952,0.7893317937850952,4.431456565856934,0.0,0.7142857313156128,0.0,0
/home/jovyan/Joel_Pardo/AI4LABOUR/Mejoras/results_coursera/models/tsdae_coursera/google-bert/bert-base-uncased,A_semantic_only,65,8da0e9e0dffc,direct equipment maintenance or repair activities,2235,373b347cdc67,2,0.7346065044403076,0.7346065044403076,3.9426891803741455,0.0,0.7142857313156128,0.0,0
/home/jovyan/Joel_Pardo/AI4LABOUR/Mejoras/results_coursera/models/tsdae_coursera/google-bert/bert-base-uncased,A_semantic_only,65,8da0e9e0dffc,direct equipment maintenance or repair activities,1607,6544768291be,3,0.7258521318435669,0.7258521318435669,3.864501476287842,0.0,0.4285714328289032,0.0,0
/home/jovyan/Joel_Pardo/AI4LABOUR/Mejoras/results_coursera/models/tsdae_coursera/google-bert/bert-base-uncased,A_semantic_only,65,8da0e9e0dffc,direct equipment maintenance or repair activities,1268,41400dedd9f3,4,0.6861215829849243,0.6861215829849243,3.5096564292907715,0.0,0.5714285969734192,0.0,0
/home/jovyan/Joel_Pardo/AI4LABOUR/Mejoras/results_coursera/models/tsdae_coursera/google-bert/bert-base-uncased,A_semantic_only,65,8da0e9e0dffc,direct equipment maintenance or repair activities,4838,53dd4fb611bb,5,0.6638603806495667,0.6638603806495667,3.310835123062134,0.0,0.5714285969734192,0.0,0
/home/jovyan/Joel_Pardo/AI4LABOUR/Mejoras/results_coursera/models/tsdae_coursera/google-bert/bert-base-uncased,A_semantic_only,65,8da0e9e0dffc,direct equipment maintenance or repair activities,1676,4abb63e41447,6,0.66374272108078,0.66374272108078,3.309784173965454,0.1428571492433548,0.5714285969734192,0.8030290603637695,0
/home/jovyan/Joel_Pardo/AI4LABOUR/Mejoras/results_coursera/models/tsdae_coursera/google-bert/bert-base-uncased,A_semantic_only,65,8da0e9e0dffc,direct equipment maintenance or repair activities,938,e06f4f123396,7,0.6529611349105835,0.6529611349105835,3.2134907245635986,0.0,0.5714285969734192,0.0,0
/home/jovyan/Joel_Pardo/AI4LABOUR/Mejoras/results_coursera/models/tsdae_coursera/google-bert/bert-base-uncased,A_semantic_only,65,8da0e9e0dffc,direct equipment maintenance or repair activities,2093,bc30fde7977a,8,0.6514947414398193,0.6514947414398193,3.2003941535949707,0.0,0.5714285969734192,0.0,0
/home/jovyan/Joel_Pardo/AI4LABOUR/Mejoras/results_coursera/models/tsdae_coursera/google-bert/bert-base-uncased,A_semantic_only,65,8da0e9e0dffc,direct equipment maintenance or repair activities,2091,15510201a5af,9,0.6432273983955383,0.6432273983955383,3.126555919647217,0.0,0.4285714328289032,0.0,0
/home/jovyan/Joel_Pardo/AI4LABOUR/Mejoras/results_coursera/models/tsdae_coursera/google-bert/bert-base-uncased,A_semantic_only,65,8da0e9e0dffc,direct equipment maintenance or repair activities,943,74651aa1038d,10,0.6403341889381409,0.6403341889381409,3.1007158756256104,0.0,0.7777777910232544,0.0,0
/home/jovyan/Joel_Pardo/AI4LABOUR/Mejoras/results_coursera/models/tsdae_coursera/google-bert/bert-base-uncased,A_semantic_only,66,196087c93944,"test performance of electrical, electronic, mechanical, or integrated systems or equipment",937,43b6a406ef58,1,0.7327821254730225,0.7327821254730225,3.50788950920105,0.10000000149011612,0.4166666567325592,0.5369860529899597,0
/home/jovyan/Joel_Pardo/AI4LABOUR/Mejoras/results_coursera/models/tsdae_coursera/google-bert/bert-base-uncased,A_semantic_only,66,196087c93944,"test performance of electrical, electronic, mechanical, or integrated systems or equipment",1822,39932b592d9d,2,0.7213956117630005,0.7213956117630005,3.4008238315582275,0.05263157933950424,0.6666666865348816,0.3252909779548645,0
/home/jovyan/Joel_Pardo/AI4LABOUR/Mejoras/results_coursera/models/tsdae_coursera/google-bert/bert-base-uncased,A_semantic_only,66,196087c93944,"test performance of electrical, electronic, mechanical, or integrated systems or equipment",1337,284a65d8619b,3,0.7132395505905151,0.7132395505905151,3.3241333961486816,0.0,1.0,0.2942507565021515,0
/home/jovyan/Joel_Pardo/AI4LABOUR/Mejoras/results_coursera/models/tsdae_coursera/google-bert/bert-base-uncased,A_semantic_only,66,196087c93944,"test performance of electrical, electronic, mechanical, or integrated systems or equipment",3707,ae14f32b277d,4,0.7088067531585693,0.7088067531585693,3.282452344894409,0.0,0.6666666865348816,0.0,0
/home/jovyan/Joel_Pardo/AI4LABOUR/Mejoras/results_coursera/models/tsdae_coursera/google-bert/bert-base-uncased,A_semantic_only,66,196087c93944,"test performance of electrical, electronic, mechanical, or integrated systems or equipment",3918,d4c62f1a558b,5,0.7068859934806824,0.7068859934806824,3.2643916606903076,0.1111111119389534,0.25,0.4844852685928345,0
/home/jovyan/Joel_Pardo/AI4LABOUR/Mejoras/results_coursera/models/tsdae_coursera/google-bert/bert-base-uncased,A_semantic_only,66,196087c93944,"test performance of electrical, electronic, mechanical, or integrated systems or equipment",3407,2ad419560ca0,6,0.7067341804504395,0.7067341804504395,3.2629642486572266,0.0,0.5,0.0,0
/home/jovyan/Joel_Pardo/AI4LABOUR/Mejoras/results_coursera/models/tsdae_coursera/google-bert/bert-base-uncased,A_semantic_only,66,196087c93944,"test performance of electrical, electronic, mechanical, or integrated systems or equipment",2328,94f3c42259fb,7,0.7038302421569824,0.7038302421569824,3.235658884048462,0.0,0.4166666567325592,0.0,0
/home/jovyan/Joel_Pardo/AI4LABOUR/Mejoras/results_coursera/models/tsdae_coursera/google-bert/bert-base-uncased,A_semantic_only,66,196087c93944,"test performance of electrical, electronic, mechanical, or integrated systems or equipment",3663,9b1383e434a5,8,0.7037270069122314,0.7037270069122314,3.2346882820129395,0.10000000149011612,0.4166666567325592,0.6336771845817566,0
/home/jovyan/Joel_Pardo/AI4LABOUR/Mejoras/results_coursera/models/tsdae_coursera/google-bert/bert-base-uncased,A_semantic_only,66,196087c93944,"test performance of electrical, electronic, mechanical, or integrated systems or equipment",215,f3e87868bbce,9,0.7018895149230957,0.7018895149230957,3.2174105644226074,0.10000000149011612,0.3333333432674408,0.6260325312614441,0
/home/jovyan/Joel_Pardo/AI4LABOUR/Mejoras/results_coursera/models/tsdae_coursera/google-bert/bert-base-uncased,A_semantic_only,66,196087c93944,"test performance of electrical, electronic, mechanical, or integrated systems or equipment",1841,e649d3f24f2b,10,0.7018610239028931,0.7018610239028931,3.2171425819396973,0.0,0.3333333432674408,0.0,0
/home/jovyan/Joel_Pardo/AI4LABOUR/Mejoras/results_coursera/models/tsdae_coursera/google-bert/bert-base-uncased,A_semantic_only,67,3574e4789085,coordinate safety or regulatory compliance activities,3872,4e4ff7039f22,1,0.7830023169517517,0.7830023169517517,3.455458164215088,0.4000000059604645,0.4285714328289032,1.0,0
/home/jovyan/Joel_Pardo/AI4LABOUR/Mejoras/results_coursera/models/tsdae_coursera/google-bert/bert-base-uncased,A_semantic_only,67,3574e4789085,coordinate safety or regulatory compliance activities,1891,50173787ddd0,2,0.7579542398452759,0.7579542398452759,3.252063512802124,0.1666666716337204,0.4285714328289032,0.47164326906204224,0
/home/jovyan/Joel_Pardo/AI4LABOUR/Mejoras/results_coursera/models/tsdae_coursera/google-bert/bert-base-uncased,A_semantic_only,67,3574e4789085,coordinate safety or regulatory compliance activities,1602,5ea97cc0076e,3,0.7454941272735596,0.7454941272735596,3.150885581970215,0.4000000059604645,0.4285714328289032,0.9579766392707825,0
/home/jovyan/Joel_Pardo/AI4LABOUR/Mejoras/results_coursera/models/tsdae_coursera/google-bert/bert-base-uncased,A_semantic_only,67,3574e4789085,coordinate safety or regulatory compliance activities,1972,f89cc430126b,4,0.7424741983413696,0.7424741983413696,3.1263632774353027,0.0,0.7142857313156128,0.0,0
/home/jovyan/Joel_Pardo/AI4LABOUR/Mejoras/results_coursera/models/tsdae_coursera/google-bert/bert-base-uncased,A_semantic_only,67,3574e4789085,coordinate safety or regulatory compliance activities,1600,e07ea79deb22,5,0.7376071214675903,0.7376071214675903,3.0868418216705322,0.1666666716337204,0.4285714328289032,0.47164326906204224,0
/home/jovyan/Joel_Pardo/AI4LABOUR/Mejoras/results_coursera/models/tsdae_coursera/google-bert/bert-base-uncased,A_semantic_only,67,3574e4789085,coordinate safety or regulatory compliance activities,2027,25cf50b99247,6,0.7360905408859253,0.7360905408859253,3.074526786804199,0.1428571492433548,0.5714285969734192,0.45388829708099365,0
/home/jovyan/Joel_Pardo/AI4LABOUR/Mejoras/results_coursera/models/tsdae_coursera/google-bert/bert-base-uncased,A_semantic_only,67,3574e4789085,coordinate safety or regulatory compliance activities,3621,917bf810d271,7,0.7358307838439941,0.7358307838439941,3.0724174976348877,0.1428571492433548,0.7142857313156128,0.397818386554718,0
/home/jovyan/Joel_Pardo/AI4LABOUR/Mejoras/results_coursera/models/tsdae_coursera/google-bert/bert-base-uncased,A_semantic_only,67,3574e4789085,coordinate safety or regulatory compliance activities,2573,f5d5121e9328,8,0.7241132855415344,0.7241132855415344,2.9772696495056152,0.1428571492433548,0.5714285969734192,0.45388829708099365,0
/home/jovyan/Joel_Pardo/AI4LABOUR/Mejoras/results_coursera/models/tsdae_coursera/google-bert/bert-base-uncased,A_semantic_only,67,3574e4789085,coordinate safety or regulatory compliance activities,4058,74fe0528c27f,9,0.718132734298706,0.718132734298706,2.928706407546997,0.0,0.8571428656578064,0.0,0
/home/jovyan/Joel_Pardo/AI4LABOUR/Mejoras/results_coursera/models/tsdae_coursera/google-bert/bert-base-uncased,A_semantic_only,67,3574e4789085,coordinate safety or regulatory compliance activities,835,e9aecb868cc4,10,0.7177953720092773,0.7177953720092773,2.92596697807312,0.20000000298023224,0.2857142984867096,0.5642123222351074,0
/home/jovyan/Joel_Pardo/AI4LABOUR/Mejoras/results_coursera/models/tsdae_coursera/google-bert/bert-base-uncased,A_semantic_only,68,7a9450b42a26,document technical design details,4558,7b0342e1d11a,1,0.8092164993286133,0.8092164993286133,3.9817662239074707,0.125,0.8333333134651184,0.5899524688720703,0
/home/jovyan/Joel_Pardo/AI4LABOUR/Mejoras/results_coursera/models/tsdae_coursera/google-bert/bert-base-uncased,A_semantic_only,68,7a9450b42a26,document technical design details,758,077b37efd178,2,0.7741270065307617,0.7741270065307617,3.681705951690674,0.1666666716337204,0.800000011920929,0.8590565323829651,0
/home/jovyan/Joel_Pardo/AI4LABOUR/Mejoras/results_coursera/models/tsdae_coursera/google-bert/bert-base-uncased,A_semantic_only,68,7a9450b42a26,document technical design details,4828,0207b591a5d5,3,0.7640606164932251,0.7640606164932251,3.595625400543213,0.0,0.6000000238418579,0.0,0
/home/jovyan/Joel_Pardo/AI4LABOUR/Mejoras/results_coursera/models/tsdae_coursera/google-bert/bert-base-uncased,A_semantic_only,68,7a9450b42a26,document technical design details,3629,43801db48aa3,4,0.7584817409515381,0.7584817409515381,3.5479187965393066,0.20000000298023224,0.800000011920929,0.46710005402565,0
/home/jovyan/Joel_Pardo/AI4LABOUR/Mejoras/results_coursera/models/tsdae_coursera/google-bert/bert-base-uncased,A_semantic_only,68,7a9450b42a26,document technical design details,1897,d330010440a6,5,0.7552208304405212,0.7552208304405212,3.520033836364746,0.20000000298023224,0.6000000238418579,0.5437361001968384,0
/home/jovyan/Joel_Pardo/AI4LABOUR/Mejoras/results_coursera/models/tsdae_coursera/google-bert/bert-base-uncased,A_semantic_only,68,7a9450b42a26,document technical design details,1268,41400dedd9f3,6,0.7548015117645264,0.7548015117645264,3.5164480209350586,0.20000000298023224,0.800000011920929,0.46710005402565,0
/home/jovyan/Joel_Pardo/AI4LABOUR/Mejoras/results_coursera/models/tsdae_coursera/google-bert/bert-base-uncased,A_semantic_only,68,7a9450b42a26,document technical design details,78,cefdec315735,7,0.7423754334449768,0.7423754334449768,3.410189151763916,0.1666666716337204,0.800000011920929,0.46710005402565,0
/home/jovyan/Joel_Pardo/AI4LABOUR/Mejoras/results_coursera/models/tsdae_coursera/google-bert/bert-base-uncased,A_semantic_only,68,7a9450b42a26,document technical design details,1949,985516ab67e2,8,0.7342044115066528,0.7342044115066528,3.3403165340423584,0.0,0.7142857313156128,0.0,0
/home/jovyan/Joel_Pardo/AI4LABOUR/Mejoras/results_coursera/models/tsdae_coursera/google-bert/bert-base-uncased,A_semantic_only,68,7a9450b42a26,document technical design details,1607,6544768291be,9,0.7332788705825806,0.7332788705825806,3.332401990890503,0.20000000298023224,0.6000000238418579,0.8803290128707886,0
/home/jovyan/Joel_Pardo/AI4LABOUR/Mejoras/results_coursera/models/tsdae_coursera/google-bert/bert-base-uncased,A_semantic_only,68,7a9450b42a26,document technical design details,3327,7fab491d7371,10,0.7268633842468262,0.7268633842468262,3.277541160583496,0.0,0.800000011920929,0.0,0
/home/jovyan/Joel_Pardo/AI4LABOUR/Mejoras/results_coursera/models/tsdae_coursera/google-bert/bert-base-uncased,A_semantic_only,69,636981831618,identify new applications for existing technologies,4282,b462239f8295,1,0.8322629332542419,0.8322629332542419,4.042806625366211,0.125,0.8571428656578064,1.0,0
/home/jovyan/Joel_Pardo/AI4LABOUR/Mejoras/results_coursera/models/tsdae_coursera/google-bert/bert-base-uncased,A_semantic_only,69,636981831618,identify new applications for existing technologies,4501,7e31f9e44f69,2,0.8074818253517151,0.8074818253517151,3.8371779918670654,0.0,0.699999988079071,0.0,0
/home/jovyan/Joel_Pardo/AI4LABOUR/Mejoras/results_coursera/models/tsdae_coursera/google-bert/bert-base-uncased,A_semantic_only,69,636981831618,identify new applications for existing technologies,2382,2c9191489a0d,3,0.7839001417160034,0.7839001417160034,3.6415016651153564,0.0,0.46666666865348816,0.0,0
/home/jovyan/Joel_Pardo/AI4LABOUR/Mejoras/results_coursera/models/tsdae_coursera/google-bert/bert-base-uncased,A_semantic_only,69,636981831618,identify new applications for existing technologies,4415,859f5dcf8041,4,0.779991626739502,0.779991626739502,3.609069585800171,0.0,0.5384615659713745,0.21613451838493347,0
/home/jovyan/Joel_Pardo/AI4LABOUR/Mejoras/results_coursera/models/tsdae_coursera/google-bert/bert-base-uncased,A_semantic_only,69,636981831618,identify new applications for existing technologies,2301,6d7d5c1c49a4,5,0.7773354053497314,0.7773354053497314,3.587028741836548,0.07692307978868484,0.5833333134651184,0.3859710097312927,0
/home/jovyan/Joel_Pardo/AI4LABOUR/Mejoras/results_coursera/models/tsdae_coursera/google-bert/bert-base-uncased,A_semantic_only,69,636981831618,identify new applications for existing technologies,5151,5522b0cf362d,6,0.7651262283325195,0.7651262283325195,3.4857194423675537,0.0,1.0,0.0,0
/home/jovyan/Joel_Pardo/AI4LABOUR/Mejoras/results_coursera/models/tsdae_coursera/google-bert/bert-base-uncased,A_semantic_only,69,636981831618,identify new applications for existing technologies,2338,f6de122e0fd3,7,0.7648464441299438,0.7648464441299438,3.4833977222442627,0.0,1.0,0.0,0
/home/jovyan/Joel_Pardo/AI4LABOUR/Mejoras/results_coursera/models/tsdae_coursera/google-bert/bert-base-uncased,A_semantic_only,69,636981831618,identify new applications for existing technologies,4499,a7b7131295ef,8,0.764845609664917,0.764845609664917,3.4833908081054688,0.0,0.5714285969734192,0.0,0
/home/jovyan/Joel_Pardo/AI4LABOUR/Mejoras/results_coursera/models/tsdae_coursera/google-bert/bert-base-uncased,A_semantic_only,69,636981831618,identify new applications for existing technologies,4791,baded3c66d4d,9,0.7632569074630737,0.7632569074630737,3.470208168029785,0.0,0.8571428656578064,0.38248246908187866,0
/home/jovyan/Joel_Pardo/AI4LABOUR/Mejoras/results_coursera/models/tsdae_coursera/google-bert/bert-base-uncased,A_semantic_only,69,636981831618,identify new applications for existing technologies,3378,d2e5330ba975,10,0.7607802748680115,0.7607802748680115,3.449657440185547,0.07692307978868484,0.5,0.48724281787872314,0
/home/jovyan/Joel_Pardo/AI4LABOUR/Mejoras/results_coursera/models/tsdae_coursera/google-bert/bert-base-uncased,A_semantic_only,70,d5bb4574fc4d,design electronic or computer equipment or instrumentation,937,43b6a406ef58,1,0.7845927476882935,0.7845927476882935,3.7714433670043945,0.0,0.625,0.0,0
/home/jovyan/Joel_Pardo/AI4LABOUR/Mejoras/results_coursera/models/tsdae_coursera/google-bert/bert-base-uncased,A_semantic_only,70,d5bb4574fc4d,design electronic or computer equipment or instrumentation,1841,e649d3f24f2b,2,0.7727470397949219,0.7727470397949219,3.6718316078186035,0.1428571492433548,0.5,0.4461585581302643,0
/home/jovyan/Joel_Pardo/AI4LABOUR/Mejoras/results_coursera/models/tsdae_coursera/google-bert/bert-base-uncased,A_semantic_only,70,d5bb4574fc4d,design electronic or computer equipment or instrumentation,3918,d4c62f1a558b,3,0.7565275430679321,0.7565275430679321,3.53544020652771,0.0,0.375,0.0,0
/home/jovyan/Joel_Pardo/AI4LABOUR/Mejoras/results_coursera/models/tsdae_coursera/google-bert/bert-base-uncased,A_semantic_only,70,d5bb4574fc4d,design electronic or computer equipment or instrumentation,1838,510cca2d2620,4,0.7410723567008972,0.7410723567008972,3.4054760932922363,0.0,0.375,0.0,0
/home/jovyan/Joel_Pardo/AI4LABOUR/Mejoras/results_coursera/models/tsdae_coursera/google-bert/bert-base-uncased,A_semantic_only,70,d5bb4574fc4d,design electronic or computer equipment or instrumentation,3663,9b1383e434a5,5,0.7383482456207275,0.7383482456207275,3.382568597793579,0.1428571492433548,0.625,0.3910435140132904,0
/home/jovyan/Joel_Pardo/AI4LABOUR/Mejoras/results_coursera/models/tsdae_coursera/google-bert/bert-base-uncased,A_semantic_only,70,d5bb4574fc4d,design electronic or computer equipment or instrumentation,3407,2ad419560ca0,6,0.736485481262207,0.736485481262207,3.3669044971466064,0.0,0.75,0.0,0
/home/jovyan/Joel_Pardo/AI4LABOUR/Mejoras/results_coursera/models/tsdae_coursera/google-bert/bert-base-uncased,A_semantic_only,70,d5bb4574fc4d,design electronic or computer equipment or instrumentation,215,f3e87868bbce,7,0.7362008094787598,0.7362008094787598,3.3645105361938477,0.1428571492433548,0.5,0.8205423951148987,0
/home/jovyan/Joel_Pardo/AI4LABOUR/Mejoras/results_coursera/models/tsdae_coursera/google-bert/bert-base-uncased,A_semantic_only,70,d5bb4574fc4d,design electronic or computer equipment or instrumentation,4729,1d83ab47ce3e,8,0.7358094453811646,0.7358094453811646,3.361219644546509,0.1666666716337204,0.375,0.51935875415802,0
/home/jovyan/Joel_Pardo/AI4LABOUR/Mejoras/results_coursera/models/tsdae_coursera/google-bert/bert-base-uncased,A_semantic_only,70,d5bb4574fc4d,design electronic or computer equipment or instrumentation,1268,41400dedd9f3,9,0.7325679063796997,0.7325679063796997,3.333961248397827,0.1666666716337204,0.5,0.4461585581302643,0
/home/jovyan/Joel_Pardo/AI4LABOUR/Mejoras/results_coursera/models/tsdae_coursera/google-bert/bert-base-uncased,A_semantic_only,70,d5bb4574fc4d,design electronic or computer equipment or instrumentation,3651,1efe61d0a58c,10,0.7301578521728516,0.7301578521728516,3.313694715499878,0.0,0.375,0.0,0
/home/jovyan/Joel_Pardo/AI4LABOUR/Mejoras/results_coursera/models/tsdae_coursera/google-bert/bert-base-uncased,A_semantic_only,71,1cb040da80f9,evaluate plans or specifications to determine technological or environmental implications,3041,d58419ba221e,1,0.7547223567962646,0.7547223567962646,3.352165937423706,0.0,0.34375,0.14788416028022766,0
/home/jovyan/Joel_Pardo/AI4LABOUR/Mejoras/results_coursera/models/tsdae_coursera/google-bert/bert-base-uncased,A_semantic_only,71,1cb040da80f9,evaluate plans or specifications to determine technological or environmental implications,4561,7dbb7909a0ac,2,0.7494783997535706,0.7494783997535706,3.3100533485412598,0.0,0.5454545617103577,0.0,0
/home/jovyan/Joel_Pardo/AI4LABOUR/Mejoras/results_coursera/models/tsdae_coursera/google-bert/bert-base-uncased,A_semantic_only,71,1cb040da80f9,evaluate plans or specifications to determine technological or environmental implications,2301,6d7d5c1c49a4,3,0.7481774091720581,0.7481774091720581,3.29960560798645,0.0,0.9166666865348816,0.0,0
/home/jovyan/Joel_Pardo/AI4LABOUR/Mejoras/results_coursera/models/tsdae_coursera/google-bert/bert-base-uncased,A_semantic_only,71,1cb040da80f9,evaluate plans or specifications to determine technological or environmental implications,143,46da54665084,4,0.7479363679885864,0.7479363679885864,3.2976698875427246,0.0357142873108387,0.36666667461395264,0.19887886941432953,0
/home/jovyan/Joel_Pardo/AI4LABOUR/Mejoras/results_coursera/models/tsdae_coursera/google-bert/bert-base-uncased,A_semantic_only,71,1cb040da80f9,evaluate plans or specifications to determine technological or environmental implications,3378,d2e5330ba975,5,0.7414369583129883,0.7414369583129883,3.2454752922058105,0.06666667014360428,0.7857142686843872,0.2980421483516693,0
/home/jovyan/Joel_Pardo/AI4LABOUR/Mejoras/results_coursera/models/tsdae_coursera/google-bert/bert-base-uncased,A_semantic_only,71,1cb040da80f9,evaluate plans or specifications to determine technological or environmental implications,4791,baded3c66d4d,6,0.7404192686080933,0.7404192686080933,3.237302541732788,0.0,0.5454545617103577,0.0,0
/home/jovyan/Joel_Pardo/AI4LABOUR/Mejoras/results_coursera/models/tsdae_coursera/google-bert/bert-base-uncased,A_semantic_only,71,1cb040da80f9,evaluate plans or specifications to determine technological or environmental implications,4501,7e31f9e44f69,7,0.7394822835922241,0.7394822835922241,3.2297780513763428,0.0,0.9090909361839294,0.0,0
/home/jovyan/Joel_Pardo/AI4LABOUR/Mejoras/results_coursera/models/tsdae_coursera/google-bert/bert-base-uncased,A_semantic_only,71,1cb040da80f9,evaluate plans or specifications to determine technological or environmental implications,2300,754666b07e71,8,0.7294344902038574,0.7294344902038574,3.14908766746521,0.0714285746216774,0.7857142686843872,0.3450932800769806,0
/home/jovyan/Joel_Pardo/AI4LABOUR/Mejoras/results_coursera/models/tsdae_coursera/google-bert/bert-base-uncased,A_semantic_only,71,1cb040da80f9,evaluate plans or specifications to determine technological or environmental implications,4312,e1d150ca0e67,9,0.7277560234069824,0.7277560234069824,3.135608434677124,0.0,0.7272727489471436,0.2548814117908478,0
/home/jovyan/Joel_Pardo/AI4LABOUR/Mejoras/results_coursera/models/tsdae_coursera/google-bert/bert-base-uncased,A_semantic_only,71,1cb040da80f9,evaluate plans or specifications to determine technological or environmental implications,3621,917bf810d271,10,0.7245621681213379,0.7245621681213379,3.109959602355957,0.1111111119389534,0.4545454680919647,0.6294028759002686,0
/home/jovyan/Joel_Pardo/AI4LABOUR/Mejoras/results_coursera/models/tsdae_coursera/google-bert/bert-base-uncased,A_semantic_only,72,91e3b64a6f04,advise others regarding green practices or environmental concerns,4247,310c23fd2d02,1,0.8389750719070435,0.8389750719070435,3.613679885864258,0.2222222238779068,0.6666666865348816,1.0,0
/home/jovyan/Joel_Pardo/AI4LABOUR/Mejoras/results_coursera/models/tsdae_coursera/google-bert/bert-base-uncased,A_semantic_only,72,91e3b64a6f04,advise others regarding green practices or environmental concerns,2360,56d6d4e01982,2,0.7791107892990112,0.7791107892990112,3.182523488998413,0.0,1.0,0.0,0
/home/jovyan/Joel_Pardo/AI4LABOUR/Mejoras/results_coursera/models/tsdae_coursera/google-bert/bert-base-uncased,A_semantic_only,72,91e3b64a6f04,advise others regarding green practices or environmental concerns,4093,94a2e56a2ee9,3,0.758371114730835,0.758371114730835,3.033151626586914,0.1111111119389534,0.4444444477558136,0.6097512245178223,0
/home/jovyan/Joel_Pardo/AI4LABOUR/Mejoras/results_coursera/models/tsdae_coursera/google-bert/bert-base-uncased,A_semantic_only,72,91e3b64a6f04,advise others regarding green practices or environmental concerns,4988,2ebd7081bf5a,4,0.7560529708862305,0.7560529708862305,3.016455888748169,0.0,0.75,0.0,0
/home/jovyan/Joel_Pardo/AI4LABOUR/Mejoras/results_coursera/models/tsdae_coursera/google-bert/bert-base-uncased,A_semantic_only,72,91e3b64a6f04,advise others regarding green practices or environmental concerns,142,c477df18ea2a,5,0.7549107670783997,0.7549107670783997,3.0082294940948486,0.0,0.75,0.0,0
/home/jovyan/Joel_Pardo/AI4LABOUR/Mejoras/results_coursera/models/tsdae_coursera/google-bert/bert-base-uncased,A_semantic_only,72,91e3b64a6f04,advise others regarding green practices or environmental concerns,1691,19ae2b3326d0,6,0.7439408302307129,0.7439408302307129,2.9292216300964355,0.0,0.8999999761581421,0.0,0
/home/jovyan/Joel_Pardo/AI4LABOUR/Mejoras/results_coursera/models/tsdae_coursera/google-bert/bert-base-uncased,A_semantic_only,72,91e3b64a6f04,advise others regarding green practices or environmental concerns,3750,4e46877e9689,7,0.7421454191207886,0.7421454191207886,2.916290521621704,0.0,0.6666666865348816,0.0,0
/home/jovyan/Joel_Pardo/AI4LABOUR/Mejoras/results_coursera/models/tsdae_coursera/google-bert/bert-base-uncased,A_semantic_only,72,91e3b64a6f04,advise others regarding green practices or environmental concerns,4077,aa1012ca2dbf,8,0.7378979921340942,0.7378979921340942,2.88569974899292,0.10000000149011612,0.6666666865348816,0.47566694021224976,0
/home/jovyan/Joel_Pardo/AI4LABOUR/Mejoras/results_coursera/models/tsdae_coursera/google-bert/bert-base-uncased,A_semantic_only,72,91e3b64a6f04,advise others regarding green practices or environmental concerns,3733,ef8db7afdaaf,9,0.735339879989624,0.735339879989624,2.8672754764556885,0.0,0.75,0.0,0
/home/jovyan/Joel_Pardo/AI4LABOUR/Mejoras/results_coursera/models/tsdae_coursera/google-bert/bert-base-uncased,A_semantic_only,72,91e3b64a6f04,advise others regarding green practices or environmental concerns,2620,89d5c7b39619,10,0.7307208180427551,0.7307208180427551,2.834007978439331,0.0,0.692307710647583,0.0,0
/home/jovyan/Joel_Pardo/AI4LABOUR/Mejoras/results_coursera/models/tsdae_coursera/google-bert/bert-base-uncased,A_semantic_only,73,a40c650a049f,"select tools, equipment, or technologies for use in operations or projects",4501,7e31f9e44f69,1,0.7483571767807007,0.7483571767807007,3.482588052749634,0.0833333358168602,0.8333333134651184,0.3130508065223694,0
/home/jovyan/Joel_Pardo/AI4LABOUR/Mejoras/results_coursera/models/tsdae_coursera/google-bert/bert-base-uncased,A_semantic_only,73,a40c650a049f,"select tools, equipment, or technologies for use in operations or projects",4415,859f5dcf8041,2,0.7282053232192993,0.7282053232192993,3.300379991531372,0.0714285746216774,0.9230769276618958,0.504321277141571,0
/home/jovyan/Joel_Pardo/AI4LABOUR/Mejoras/results_coursera/models/tsdae_coursera/google-bert/bert-base-uncased,A_semantic_only,73,a40c650a049f,"select tools, equipment, or technologies for use in operations or projects",3378,d2e5330ba975,3,0.7275282144546509,0.7275282144546509,3.294257640838623,0.0,0.8571428656578064,0.3905593752861023,0
/home/jovyan/Joel_Pardo/AI4LABOUR/Mejoras/results_coursera/models/tsdae_coursera/google-bert/bert-base-uncased,A_semantic_only,73,a40c650a049f,"select tools, equipment, or technologies for use in operations or projects",180,1984ba551855,4,0.7102407217025757,0.7102407217025757,3.1379482746124268,0.0,0.75,0.0,0
/home/jovyan/Joel_Pardo/AI4LABOUR/Mejoras/results_coursera/models/tsdae_coursera/google-bert/bert-base-uncased,A_semantic_only,73,a40c650a049f,"select tools, equipment, or technologies for use in operations or projects",4791,baded3c66d4d,5,0.709027886390686,0.709027886390686,3.1269822120666504,0.0,0.5,0.35848867893218994,0
/home/jovyan/Joel_Pardo/AI4LABOUR/Mejoras/results_coursera/models/tsdae_coursera/google-bert/bert-base-uncased,A_semantic_only,73,a40c650a049f,"select tools, equipment, or technologies for use in operations or projects",2661,a40ee5969123,6,0.7060021162033081,0.7060021162033081,3.099623918533325,0.0,0.4166666567325592,0.0,0
/home/jovyan/Joel_Pardo/AI4LABOUR/Mejoras/results_coursera/models/tsdae_coursera/google-bert/bert-base-uncased,A_semantic_only,73,a40c650a049f,"select tools, equipment, or technologies for use in operations or projects",2382,2c9191489a0d,7,0.7052042484283447,0.7052042484283447,3.09240984916687,0.13333334028720856,0.800000011920929,0.49494311213493347,0
/home/jovyan/Joel_Pardo/AI4LABOUR/Mejoras/results_coursera/models/tsdae_coursera/google-bert/bert-base-uncased,A_semantic_only,73,a40c650a049f,"select tools, equipment, or technologies for use in operations or projects",425,b06cd44db3d0,8,0.7008247375488281,0.7008247375488281,3.05281138420105,0.0,0.4166666567325592,0.0,0
/home/jovyan/Joel_Pardo/AI4LABOUR/Mejoras/results_coursera/models/tsdae_coursera/google-bert/bert-base-uncased,A_semantic_only,73,a40c650a049f,"select tools, equipment, or technologies for use in operations or projects",754,2af854050699,9,0.6978998184204102,0.6978998184204102,3.026364803314209,0.0,0.5,0.35848867893218994,0
/home/jovyan/Joel_Pardo/AI4LABOUR/Mejoras/results_coursera/models/tsdae_coursera/google-bert/bert-base-uncased,A_semantic_only,73,a40c650a049f,"select tools, equipment, or technologies for use in operations or projects",3984,615b2ee6942c,10,0.6956283450126648,0.6956283450126648,3.005826711654663,0.0,0.4166666567325592,0.0,0
/home/jovyan/Joel_Pardo/AI4LABOUR/Mejoras/results_coursera/models/tsdae_coursera/google-bert/bert-base-uncased,A_semantic_only,74,318da22b73fb,install production equipment or systems,2235,373b347cdc67,1,0.7881661057472229,0.7881661057472229,4.252723217010498,0.1666666716337204,0.8333333134651184,0.4781259596347809,0
/home/jovyan/Joel_Pardo/AI4LABOUR/Mejoras/results_coursera/models/tsdae_coursera/google-bert/bert-base-uncased,A_semantic_only,74,318da22b73fb,install production equipment or systems,937,43b6a406ef58,2,0.7857555747032166,0.7857555747032166,4.231595039367676,0.0,0.8333333134651184,0.0,0
/home/jovyan/Joel_Pardo/AI4LABOUR/Mejoras/results_coursera/models/tsdae_coursera/google-bert/bert-base-uncased,A_semantic_only,74,318da22b73fb,install production equipment or systems,1268,41400dedd9f3,3,0.7803012132644653,0.7803012132644653,4.1837873458862305,0.0,0.6666666865348816,0.0,0
/home/jovyan/Joel_Pardo/AI4LABOUR/Mejoras/results_coursera/models/tsdae_coursera/google-bert/bert-base-uncased,A_semantic_only,74,318da22b73fb,install production equipment or systems,989,4ec4f7a20f54,4,0.6994395852088928,0.6994395852088928,3.4750375747680664,0.0,0.8333333134651184,0.0,0
/home/jovyan/Joel_Pardo/AI4LABOUR/Mejoras/results_coursera/models/tsdae_coursera/google-bert/bert-base-uncased,A_semantic_only,74,318da22b73fb,install production equipment or systems,3117,d659070a6144,5,0.6935112476348877,0.6935112476348877,3.4230756759643555,0.20000000298023224,0.5,0.6350160837173462,0
/home/jovyan/Joel_Pardo/AI4LABOUR/Mejoras/results_coursera/models/tsdae_coursera/google-bert/bert-base-uncased,A_semantic_only,74,318da22b73fb,install production equipment or systems,2091,15510201a5af,6,0.6926835775375366,0.6926835775375366,3.4158213138580322,0.0,0.5,0.0,0
/home/jovyan/Joel_Pardo/AI4LABOUR/Mejoras/results_coursera/models/tsdae_coursera/google-bert/bert-base-uncased,A_semantic_only,74,318da22b73fb,install production equipment or systems,3629,43801db48aa3,7,0.6909463405609131,0.6909463405609131,3.400594472885132,0.0,0.6666666865348816,0.0,0
/home/jovyan/Joel_Pardo/AI4LABOUR/Mejoras/results_coursera/models/tsdae_coursera/google-bert/bert-base-uncased,A_semantic_only,74,318da22b73fb,install production equipment or systems,78,cefdec315735,8,0.690341591835022,0.690341591835022,3.395293712615967,0.0,0.6666666865348816,0.0,0
/home/jovyan/Joel_Pardo/AI4LABOUR/Mejoras/results_coursera/models/tsdae_coursera/google-bert/bert-base-uncased,A_semantic_only,74,318da22b73fb,install production equipment or systems,1474,39dc86297043,9,0.6882604956626892,0.6882604956626892,3.3770530223846436,0.0,0.5,0.0,0
/home/jovyan/Joel_Pardo/AI4LABOUR/Mejoras/results_coursera/models/tsdae_coursera/google-bert/bert-base-uncased,A_semantic_only,74,318da22b73fb,install production equipment or systems,1607,6544768291be,10,0.6786386370658875,0.6786386370658875,3.292717695236206,0.0,0.5,0.0,0
/home/jovyan/Joel_Pardo/AI4LABOUR/Mejoras/results_coursera/models/tsdae_coursera/google-bert/bert-base-uncased,A_semantic_only,75,f634ee56b726,design industrial equipment,1268,41400dedd9f3,1,0.8835616707801819,0.8835616707801819,4.326522350311279,0.25,1.0,0.38327541947364807,0
/home/jovyan/Joel_Pardo/AI4LABOUR/Mejoras/results_coursera/models/tsdae_coursera/google-bert/bert-base-uncased,A_semantic_only,75,f634ee56b726,design industrial equipment,3117,d659070a6144,2,0.8519580364227295,0.8519580364227295,4.073239326477051,0.0,0.75,0.0,0
/home/jovyan/Joel_Pardo/AI4LABOUR/Mejoras/results_coursera/models/tsdae_coursera/google-bert/bert-base-uncased,A_semantic_only,75,f634ee56b726,design industrial equipment,4864,b4b65dd80416,3,0.8441388010978699,0.8441388010978699,4.01057243347168,0.0,0.75,0.0,0
/home/jovyan/Joel_Pardo/AI4LABOUR/Mejoras/results_coursera/models/tsdae_coursera/google-bert/bert-base-uncased,A_semantic_only,75,f634ee56b726,design industrial equipment,2211,29e1a9665271,4,0.8416234254837036,0.8416234254837036,3.9904136657714844,0.0,0.75,0.0,0
/home/jovyan/Joel_Pardo/AI4LABOUR/Mejoras/results_coursera/models/tsdae_coursera/google-bert/bert-base-uncased,A_semantic_only,75,f634ee56b726,design industrial equipment,2795,0270e82e5a44,5,0.8378750681877136,0.8378750681877136,3.9603729248046875,0.0,0.75,0.0,0
/home/jovyan/Joel_Pardo/AI4LABOUR/Mejoras/results_coursera/models/tsdae_coursera/google-bert/bert-base-uncased,A_semantic_only,75,f634ee56b726,design industrial equipment,4723,66fe44b4fefa,6,0.8360350131988525,0.8360350131988525,3.9456260204315186,0.25,0.75,0.4461585581302643,0
/home/jovyan/Joel_Pardo/AI4LABOUR/Mejoras/results_coursera/models/tsdae_coursera/google-bert/bert-base-uncased,A_semantic_only,75,f634ee56b726,design industrial equipment,1474,39dc86297043,7,0.8308199644088745,0.8308199644088745,3.9038305282592773,0.0,0.75,0.0,0
/home/jovyan/Joel_Pardo/AI4LABOUR/Mejoras/results_coursera/models/tsdae_coursera/google-bert/bert-base-uncased,A_semantic_only,75,f634ee56b726,design industrial equipment,1375,38b024ca010b,8,0.8241305351257324,0.8241305351257324,3.8502190113067627,0.25,0.75,0.4461585581302643,0
/home/jovyan/Joel_Pardo/AI4LABOUR/Mejoras/results_coursera/models/tsdae_coursera/google-bert/bert-base-uncased,A_semantic_only,75,f634ee56b726,design industrial equipment,733,813e418f098e,9,0.8233175873756409,0.8233175873756409,3.8437037467956543,0.25,0.75,0.4461585581302643,0
/home/jovyan/Joel_Pardo/AI4LABOUR/Mejoras/results_coursera/models/tsdae_coursera/google-bert/bert-base-uncased,A_semantic_only,75,f634ee56b726,design industrial equipment,78,cefdec315735,10,0.8224344253540039,0.8224344253540039,3.836625576019287,0.20000000298023224,1.0,0.38327541947364807,0
/home/jovyan/Joel_Pardo/AI4LABOUR/Mejoras/results_coursera/models/tsdae_coursera/google-bert/bert-base-uncased,A_semantic_only,76,298036041aa4,"investigate system, equipment, or product failures",1458,b36a6998874b,1,0.7177321910858154,0.7177321910858154,3.36393666267395,0.0,0.5714285969734192,0.0,0
/home/jovyan/Joel_Pardo/AI4LABOUR/Mejoras/results_coursera/models/tsdae_coursera/google-bert/bert-base-uncased,A_semantic_only,76,298036041aa4,"investigate system, equipment, or product failures",4866,8e4d0a700359,2,0.6914031505584717,0.6914031505584717,3.0919573307037354,0.0,0.4285714328289032,0.0,0
/home/jovyan/Joel_Pardo/AI4LABOUR/Mejoras/results_coursera/models/tsdae_coursera/google-bert/bert-base-uncased,A_semantic_only,76,298036041aa4,"investigate system, equipment, or product failures",4722,24baac04910a,3,0.6897040009498596,0.6897040009498596,3.0744051933288574,0.1428571492433548,0.5714285969734192,0.5672325491905212,0
/home/jovyan/Joel_Pardo/AI4LABOUR/Mejoras/results_coursera/models/tsdae_coursera/google-bert/bert-base-uncased,A_semantic_only,76,298036041aa4,"investigate system, equipment, or product failures",3303,8dee13915ca0,4,0.6835828423500061,0.6835828423500061,3.0111734867095947,0.1111111119389534,0.875,0.4147336781024933,0
/home/jovyan/Joel_Pardo/AI4LABOUR/Mejoras/results_coursera/models/tsdae_coursera/google-bert/bert-base-uncased,A_semantic_only,76,298036041aa4,"investigate system, equipment, or product failures",1675,8335d26464b5,5,0.682080864906311,0.682080864906311,2.9956581592559814,0.0,0.7142857313156128,0.0,0
/home/jovyan/Joel_Pardo/AI4LABOUR/Mejoras/results_coursera/models/tsdae_coursera/google-bert/bert-base-uncased,A_semantic_only,76,298036041aa4,"investigate system, equipment, or product failures",3413,0c3e5c7f3c75,6,0.6808620691299438,0.6808620691299438,2.9830679893493652,0.0,0.4285714328289032,0.0,0
/home/jovyan/Joel_Pardo/AI4LABOUR/Mejoras/results_coursera/models/tsdae_coursera/google-bert/bert-base-uncased,A_semantic_only,76,298036041aa4,"investigate system, equipment, or product failures",3981,c3c0e3736c09,7,0.6808001399040222,0.6808001399040222,2.9824283123016357,0.1666666716337204,0.4285714328289032,0.660297155380249,0
/home/jovyan/Joel_Pardo/AI4LABOUR/Mejoras/results_coursera/models/tsdae_coursera/google-bert/bert-base-uncased,A_semantic_only,76,298036041aa4,"investigate system, equipment, or product failures",4063,cdccc9909802,8,0.6778415441513062,0.6778415441513062,2.9518659114837646,0.0,0.4285714328289032,0.0,0
/home/jovyan/Joel_Pardo/AI4LABOUR/Mejoras/results_coursera/models/tsdae_coursera/google-bert/bert-base-uncased,A_semantic_only,76,298036041aa4,"investigate system, equipment, or product failures",3665,3ee28fe1a60c,9,0.6760977506637573,0.6760977506637573,2.933852434158325,0.0,0.2857142984867096,0.0,0
/home/jovyan/Joel_Pardo/AI4LABOUR/Mejoras/results_coursera/models/tsdae_coursera/google-bert/bert-base-uncased,A_semantic_only,76,298036041aa4,"investigate system, equipment, or product failures",937,43b6a406ef58,10,0.6759523153305054,0.6759523153305054,2.9323501586914062,0.0,0.7142857313156128,0.0,0
/home/jovyan/Joel_Pardo/AI4LABOUR/Mejoras/results_coursera/models/tsdae_coursera/google-bert/bert-base-uncased,A_semantic_only,77,9b108680399f,prepare proposal documents,1786,c538af615e86,1,0.7178394198417664,0.7178394198417664,4.528693675994873,0.0,0.75,0.0,0
/home/jovyan/Joel_Pardo/AI4LABOUR/Mejoras/results_coursera/models/tsdae_coursera/google-bert/bert-base-uncased,A_semantic_only,77,9b108680399f,prepare proposal documents,4129,c0c66eb294df,2,0.709489107131958,0.709489107131958,4.439924240112305,0.0,0.75,0.0,0
/home/jovyan/Joel_Pardo/AI4LABOUR/Mejoras/results_coursera/models/tsdae_coursera/google-bert/bert-base-uncased,A_semantic_only,77,9b108680399f,prepare proposal documents,4484,2dcbf8ba788e,3,0.6899384260177612,0.6899384260177612,4.2320876121521,0.0,0.75,0.0,0
/home/jovyan/Joel_Pardo/AI4LABOUR/Mejoras/results_coursera/models/tsdae_coursera/google-bert/bert-base-uncased,A_semantic_only,77,9b108680399f,prepare proposal documents,4590,5d45850c5baa,4,0.6878345608711243,0.6878345608711243,4.20972204208374,0.25,0.75,0.8359322547912598,0
/home/jovyan/Joel_Pardo/AI4LABOUR/Mejoras/results_coursera/models/tsdae_coursera/google-bert/bert-base-uncased,A_semantic_only,77,9b108680399f,prepare proposal documents,4310,506583358173,5,0.6871745586395264,0.6871745586395264,4.2027058601379395,0.1428571492433548,0.5714285969734192,0.5047074556350708,0
/home/jovyan/Joel_Pardo/AI4LABOUR/Mejoras/results_coursera/models/tsdae_coursera/google-bert/bert-base-uncased,A_semantic_only,77,9b108680399f,prepare proposal documents,4895,d9ed0b19f811,6,0.6808467507362366,0.6808467507362366,4.13543701171875,0.0,0.75,0.0,0
/home/jovyan/Joel_Pardo/AI4LABOUR/Mejoras/results_coursera/models/tsdae_coursera/google-bert/bert-base-uncased,A_semantic_only,77,9b108680399f,prepare proposal documents,2820,21f64da1e579,7,0.6745283603668213,0.6745283603668213,4.068268299102783,0.3333333432674408,0.5,1.0,0
/home/jovyan/Joel_Pardo/AI4LABOUR/Mejoras/results_coursera/models/tsdae_coursera/google-bert/bert-base-uncased,A_semantic_only,77,9b108680399f,prepare proposal documents,1371,5fc25157650d,8,0.6712270975112915,0.6712270975112915,4.033173561096191,0.0,0.5,0.0,0
/home/jovyan/Joel_Pardo/AI4LABOUR/Mejoras/results_coursera/models/tsdae_coursera/google-bert/bert-base-uncased,A_semantic_only,77,9b108680399f,prepare proposal documents,3782,0d6b3a3f8dee,9,0.6701884865760803,0.6701884865760803,4.022132396697998,0.1666666716337204,0.4444444477558136,0.45626100897789,0
/home/jovyan/Joel_Pardo/AI4LABOUR/Mejoras/results_coursera/models/tsdae_coursera/google-bert/bert-base-uncased,A_semantic_only,77,9b108680399f,prepare proposal documents,2899,02494e9ed104,10,0.6585754156112671,0.6585754156112671,3.8986780643463135,0.0,1.0,0.0,0
/home/jovyan/Joel_Pardo/AI4LABOUR/Mejoras/results_coursera/models/tsdae_coursera/google-bert/bert-base-uncased,A_semantic_only,78,98d9410b9c2c,supervise production or support personnel,1607,6544768291be,1,0.6865853071212769,0.6865853071212769,3.6625213623046875,0.20000000298023224,0.5,0.7223473191261292,0
/home/jovyan/Joel_Pardo/AI4LABOUR/Mejoras/results_coursera/models/tsdae_coursera/google-bert/bert-base-uncased,A_semantic_only,78,98d9410b9c2c,supervise production or support personnel,2235,373b347cdc67,2,0.6618210077285767,0.6618210077285767,3.4389991760253906,0.1666666716337204,0.8333333134651184,0.5438807606697083,0
/home/jovyan/Joel_Pardo/AI4LABOUR/Mejoras/results_coursera/models/tsdae_coursera/google-bert/bert-base-uncased,A_semantic_only,78,98d9410b9c2c,supervise production or support personnel,425,b06cd44db3d0,3,0.6539192199707031,0.6539192199707031,3.367677688598633,0.0,0.8333333134651184,0.0,0
/home/jovyan/Joel_Pardo/AI4LABOUR/Mejoras/results_coursera/models/tsdae_coursera/google-bert/bert-base-uncased,A_semantic_only,78,98d9410b9c2c,supervise production or support personnel,1268,41400dedd9f3,4,0.6421603560447693,0.6421603560447693,3.261542320251465,0.0,0.6666666865348816,0.0,0
/home/jovyan/Joel_Pardo/AI4LABOUR/Mejoras/results_coursera/models/tsdae_coursera/google-bert/bert-base-uncased,A_semantic_only,78,98d9410b9c2c,supervise production or support personnel,1676,4abb63e41447,5,0.6360426545143127,0.6360426545143127,3.2063238620758057,0.0,0.6666666865348816,0.0,0
/home/jovyan/Joel_Pardo/AI4LABOUR/Mejoras/results_coursera/models/tsdae_coursera/google-bert/bert-base-uncased,A_semantic_only,78,98d9410b9c2c,supervise production or support personnel,937,43b6a406ef58,6,0.6187354326248169,0.6187354326248169,3.0501091480255127,0.0,0.8333333134651184,0.0,0
/home/jovyan/Joel_Pardo/AI4LABOUR/Mejoras/results_coursera/models/tsdae_coursera/google-bert/bert-base-uncased,A_semantic_only,78,98d9410b9c2c,supervise production or support personnel,2899,02494e9ed104,7,0.6179978847503662,0.6179978847503662,3.043452024459839,0.0,0.6666666865348816,0.0,0
/home/jovyan/Joel_Pardo/AI4LABOUR/Mejoras/results_coursera/models/tsdae_coursera/google-bert/bert-base-uncased,A_semantic_only,78,98d9410b9c2c,supervise production or support personnel,2093,bc30fde7977a,8,0.6044738292694092,0.6044738292694092,2.92138409614563,0.0,0.6666666865348816,0.0,0
/home/jovyan/Joel_Pardo/AI4LABOUR/Mejoras/results_coursera/models/tsdae_coursera/google-bert/bert-base-uncased,A_semantic_only,78,98d9410b9c2c,supervise production or support personnel,989,4ec4f7a20f54,9,0.6041405200958252,0.6041405200958252,2.9183757305145264,0.0,0.8333333134651184,0.0,0
/home/jovyan/Joel_Pardo/AI4LABOUR/Mejoras/results_coursera/models/tsdae_coursera/google-bert/bert-base-uncased,A_semantic_only,78,98d9410b9c2c,supervise production or support personnel,1727,7a8fd898a210,10,0.5943152904510498,0.5943152904510498,2.82969331741333,0.0,0.5,0.0,0
/home/jovyan/Joel_Pardo/AI4LABOUR/Mejoras/results_coursera/models/tsdae_coursera/google-bert/bert-base-uncased,A_semantic_only,79,5b935f6121b7,perform marketing activities,4834,1d8e86f4a956,1,0.8414407968521118,0.8414407968521118,3.66447377204895,0.20000000298023224,1.0,0.5793854594230652,0
/home/jovyan/Joel_Pardo/AI4LABOUR/Mejoras/results_coursera/models/tsdae_coursera/google-bert/bert-base-uncased,A_semantic_only,79,5b935f6121b7,perform marketing activities,323,12d6b9675639,2,0.8377997875213623,0.8377997875213623,3.6370389461517334,0.25,0.75,0.6744439005851746,0
/home/jovyan/Joel_Pardo/AI4LABOUR/Mejoras/results_coursera/models/tsdae_coursera/google-bert/bert-base-uncased,A_semantic_only,79,5b935f6121b7,perform marketing activities,4206,86e9a49ffb57,3,0.7960144877433777,0.7960144877433777,3.3221890926361084,0.25,0.75,0.6744439005851746,0
/home/jovyan/Joel_Pardo/AI4LABOUR/Mejoras/results_coursera/models/tsdae_coursera/google-bert/bert-base-uncased,A_semantic_only,79,5b935f6121b7,perform marketing activities,4301,32656e1612b0,4,0.7733488082885742,0.7733488082885742,3.151404619216919,0.0,0.5,0.0,0
/home/jovyan/Joel_Pardo/AI4LABOUR/Mejoras/results_coursera/models/tsdae_coursera/google-bert/bert-base-uncased,A_semantic_only,79,5b935f6121b7,perform marketing activities,2215,9a2f8f73fd58,5,0.7698826789855957,0.7698826789855957,3.1252875328063965,0.20000000298023224,1.0,0.5793854594230652,0
/home/jovyan/Joel_Pardo/AI4LABOUR/Mejoras/results_coursera/models/tsdae_coursera/google-bert/bert-base-uncased,A_semantic_only,79,5b935f6121b7,perform marketing activities,3786,fa53552c9405,6,0.7635425329208374,0.7635425329208374,3.077514886856079,0.25,0.75,0.6744439005851746,0
/home/jovyan/Joel_Pardo/AI4LABOUR/Mejoras/results_coursera/models/tsdae_coursera/google-bert/bert-base-uncased,A_semantic_only,79,5b935f6121b7,perform marketing activities,3535,379e0f7794d9,7,0.7617936730384827,0.7617936730384827,3.0643372535705566,0.25,0.75,0.6744439005851746,0
/home/jovyan/Joel_Pardo/AI4LABOUR/Mejoras/results_coursera/models/tsdae_coursera/google-bert/bert-base-uncased,A_semantic_only,79,5b935f6121b7,perform marketing activities,3238,0abefc5de889,8,0.7489758729934692,0.7489758729934692,2.9677560329437256,0.25,1.0,0.5793854594230652,0
/home/jovyan/Joel_Pardo/AI4LABOUR/Mejoras/results_coursera/models/tsdae_coursera/google-bert/bert-base-uncased,A_semantic_only,79,5b935f6121b7,perform marketing activities,2616,c8a530a7b733,9,0.748652458190918,0.748652458190918,2.9653189182281494,0.20000000298023224,0.800000011920929,0.5078126192092896,0
/home/jovyan/Joel_Pardo/AI4LABOUR/Mejoras/results_coursera/models/tsdae_coursera/google-bert/bert-base-uncased,A_semantic_only,79,5b935f6121b7,perform marketing activities,4999,f2070a56a7d1,10,0.7405821681022644,0.7405821681022644,2.9045097827911377,0.1111111119389534,0.3636363744735718,0.29164615273475647,0
/home/jovyan/Joel_Pardo/AI4LABOUR/Mejoras/results_coursera/models/tsdae_coursera/google-bert/bert-base-uncased,A_semantic_only,80,4e4d6d43dbf9,advise others on logistics topics,4561,7dbb7909a0ac,1,0.7704732418060303,0.7704732418060303,2.9152841567993164,0.0,1.0,0.0,0
/home/jovyan/Joel_Pardo/AI4LABOUR/Mejoras/results_coursera/models/tsdae_coursera/google-bert/bert-base-uncased,A_semantic_only,80,4e4d6d43dbf9,advise others on logistics topics,2112,49e1b35b16b4,2,0.7697887420654297,0.7697887420654297,2.9103028774261475,0.0,1.0,0.0,0
/home/jovyan/Joel_Pardo/AI4LABOUR/Mejoras/results_coursera/models/tsdae_coursera/google-bert/bert-base-uncased,A_semantic_only,80,4e4d6d43dbf9,advise others on logistics topics,4301,32656e1612b0,3,0.7574763298034668,0.7574763298034668,2.8207013607025146,0.0,0.75,0.0,0
/home/jovyan/Joel_Pardo/AI4LABOUR/Mejoras/results_coursera/models/tsdae_coursera/google-bert/bert-base-uncased,A_semantic_only,80,4e4d6d43dbf9,advise others on logistics topics,4103,cd45bf616f0e,4,0.749662458896637,0.749662458896637,2.7638370990753174,0.0,0.6000000238418579,0.0,0
/home/jovyan/Joel_Pardo/AI4LABOUR/Mejoras/results_coursera/models/tsdae_coursera/google-bert/bert-base-uncased,A_semantic_only,80,4e4d6d43dbf9,advise others on logistics topics,2384,9f0afa80bca1,5,0.7462438344955444,0.7462438344955444,2.7389585971832275,0.0,0.8571428656578064,0.0,0
/home/jovyan/Joel_Pardo/AI4LABOUR/Mejoras/results_coursera/models/tsdae_coursera/google-bert/bert-base-uncased,A_semantic_only,80,4e4d6d43dbf9,advise others on logistics topics,180,1984ba551855,6,0.7441539764404297,0.7441539764404297,2.723750114440918,0.0,0.375,0.0,0
/home/jovyan/Joel_Pardo/AI4LABOUR/Mejoras/results_coursera/models/tsdae_coursera/google-bert/bert-base-uncased,A_semantic_only,80,4e4d6d43dbf9,advise others on logistics topics,3586,f77f2bcecc27,7,0.7393786907196045,0.7393786907196045,2.6889986991882324,0.0,0.75,0.0,0
/home/jovyan/Joel_Pardo/AI4LABOUR/Mejoras/results_coursera/models/tsdae_coursera/google-bert/bert-base-uncased,A_semantic_only,80,4e4d6d43dbf9,advise others on logistics topics,4834,1d8e86f4a956,8,0.7382259964942932,0.7382259964942932,2.680610179901123,0.0,0.6666666865348816,0.0,0
/home/jovyan/Joel_Pardo/AI4LABOUR/Mejoras/results_coursera/models/tsdae_coursera/google-bert/bert-base-uncased,A_semantic_only,80,4e4d6d43dbf9,advise others on logistics topics,4106,7a6199e2dfd9,9,0.7303213477134705,0.7303213477134705,2.6230854988098145,0.0,0.4000000059604645,0.0,0
/home/jovyan/Joel_Pardo/AI4LABOUR/Mejoras/results_coursera/models/tsdae_coursera/google-bert/bert-base-uncased,A_semantic_only,80,4e4d6d43dbf9,advise others on logistics topics,2661,a40ee5969123,10,0.7283852100372314,0.7283852100372314,2.6089956760406494,0.0,0.8333333134651184,0.0,0
/home/jovyan/Joel_Pardo/AI4LABOUR/Mejoras/results_coursera/models/tsdae_coursera/google-bert/bert-base-uncased,A_semantic_only,81,e9ce432833f3,identify opportunities to improve operational efficiency,1711,48410a978891,1,0.902442455291748,0.902442455291748,3.176628589630127,0.0833333358168602,0.5833333134651184,0.47371166944503784,0
/home/jovyan/Joel_Pardo/AI4LABOUR/Mejoras/results_coursera/models/tsdae_coursera/google-bert/bert-base-uncased,A_semantic_only,81,e9ce432833f3,identify opportunities to improve operational efficiency,3567,b9a61efec89c,2,0.8896916508674622,0.8896916508674622,3.1012542247772217,0.0,0.7777777910232544,0.0,0
/home/jovyan/Joel_Pardo/AI4LABOUR/Mejoras/results_coursera/models/tsdae_coursera/google-bert/bert-base-uncased,A_semantic_only,81,e9ce432833f3,identify opportunities to improve operational efficiency,2384,9f0afa80bca1,3,0.877413809299469,0.877413809299469,3.0286755561828613,0.0,1.0,0.0,0
/home/jovyan/Joel_Pardo/AI4LABOUR/Mejoras/results_coursera/models/tsdae_coursera/google-bert/bert-base-uncased,A_semantic_only,81,e9ce432833f3,identify opportunities to improve operational efficiency,1713,be979f0acda4,4,0.872057318687439,0.872057318687439,2.997011423110962,0.0,1.0,0.0,0
/home/jovyan/Joel_Pardo/AI4LABOUR/Mejoras/results_coursera/models/tsdae_coursera/google-bert/bert-base-uncased,A_semantic_only,81,e9ce432833f3,identify opportunities to improve operational efficiency,3751,f1ce5e300a4c,5,0.8644521236419678,0.8644521236419678,2.952054500579834,0.0,0.8571428656578064,0.0,0
/home/jovyan/Joel_Pardo/AI4LABOUR/Mejoras/results_coursera/models/tsdae_coursera/google-bert/bert-base-uncased,A_semantic_only,81,e9ce432833f3,identify opportunities to improve operational efficiency,399,63d29bfd492f,6,0.8550561666488647,0.8550561666488647,2.8965115547180176,0.0,0.5714285969734192,0.0,0
/home/jovyan/Joel_Pardo/AI4LABOUR/Mejoras/results_coursera/models/tsdae_coursera/google-bert/bert-base-uncased,A_semantic_only,81,e9ce432833f3,identify opportunities to improve operational efficiency,3039,eb682bbd845f,7,0.8455533981323242,0.8455533981323242,2.8403375148773193,0.03703703731298447,0.22580644488334656,0.20972837507724762,0
/home/jovyan/Joel_Pardo/AI4LABOUR/Mejoras/results_coursera/models/tsdae_coursera/google-bert/bert-base-uncased,A_semantic_only,81,e9ce432833f3,identify opportunities to improve operational efficiency,3593,eb14a1f4bc1b,8,0.8453478813171387,0.8453478813171387,2.8391225337982178,0.0,1.0,0.0,0
/home/jovyan/Joel_Pardo/AI4LABOUR/Mejoras/results_coursera/models/tsdae_coursera/google-bert/bert-base-uncased,A_semantic_only,81,e9ce432833f3,identify opportunities to improve operational efficiency,2382,2c9191489a0d,9,0.8396821022033691,0.8396821022033691,2.8056302070617676,0.0,0.46666666865348816,0.15747256577014923,0
/home/jovyan/Joel_Pardo/AI4LABOUR/Mejoras/results_coursera/models/tsdae_coursera/google-bert/bert-base-uncased,A_semantic_only,81,e9ce432833f3,identify opportunities to improve operational efficiency,5217,bb78b3909667,10,0.8356629014015198,0.8356629014015198,2.7818713188171387,0.0,0.5384615659713745,0.17704039812088013,0
/home/jovyan/Joel_Pardo/AI4LABOUR/Mejoras/results_coursera/models/tsdae_coursera/google-bert/bert-base-uncased,A_semantic_only,82,68d8248a643f,"analyze jobs using observation, survey, or interview techniques",189,22a8a394965f,1,0.7695910930633545,0.7695910930633545,3.4422669410705566,0.1111111119389534,0.4444444477558136,0.6065617203712463,0
/home/jovyan/Joel_Pardo/AI4LABOUR/Mejoras/results_coursera/models/tsdae_coursera/google-bert/bert-base-uncased,A_semantic_only,82,68d8248a643f,"analyze jobs using observation, survey, or interview techniques",188,830f076691ad,2,0.7294257879257202,0.7294257879257202,3.0890438556671143,0.125,0.3333333432674408,0.7060788869857788,0
/home/jovyan/Joel_Pardo/AI4LABOUR/Mejoras/results_coursera/models/tsdae_coursera/google-bert/bert-base-uncased,A_semantic_only,82,68d8248a643f,"analyze jobs using observation, survey, or interview techniques",3588,a6818b8d1354,3,0.7232760190963745,0.7232760190963745,3.034961462020874,0.0,0.8181818127632141,0.0,0
/home/jovyan/Joel_Pardo/AI4LABOUR/Mejoras/results_coursera/models/tsdae_coursera/google-bert/bert-base-uncased,A_semantic_only,82,68d8248a643f,"analyze jobs using observation, survey, or interview techniques",4579,aaf0d7f98bf7,4,0.6969759464263916,0.6969759464263916,2.8036725521087646,0.0,0.5555555820465088,0.0,0
/home/jovyan/Joel_Pardo/AI4LABOUR/Mejoras/results_coursera/models/tsdae_coursera/google-bert/bert-base-uncased,A_semantic_only,82,68d8248a643f,"analyze jobs using observation, survey, or interview techniques",1851,55ece87a90b6,5,0.6946638226509094,0.6946638226509094,2.783339262008667,0.0,0.44999998807907104,0.0,0
/home/jovyan/Joel_Pardo/AI4LABOUR/Mejoras/results_coursera/models/tsdae_coursera/google-bert/bert-base-uncased,A_semantic_only,82,68d8248a643f,"analyze jobs using observation, survey, or interview techniques",3366,7346750a9cce,6,0.6898890733718872,0.6898890733718872,2.7413489818573,0.0,0.3333333432674408,0.0,0
/home/jovyan/Joel_Pardo/AI4LABOUR/Mejoras/results_coursera/models/tsdae_coursera/google-bert/bert-base-uncased,A_semantic_only,82,68d8248a643f,"analyze jobs using observation, survey, or interview techniques",4305,c17b06904856,7,0.6897727847099304,0.6897727847099304,2.740326166152954,0.0,0.8888888955116272,0.0,0
/home/jovyan/Joel_Pardo/AI4LABOUR/Mejoras/results_coursera/models/tsdae_coursera/google-bert/bert-base-uncased,A_semantic_only,82,68d8248a643f,"analyze jobs using observation, survey, or interview techniques",1775,00de981e846c,8,0.6882531642913818,0.6882531642913818,2.7269623279571533,0.1111111119389534,0.4444444477558136,0.6065617203712463,0
/home/jovyan/Joel_Pardo/AI4LABOUR/Mejoras/results_coursera/models/tsdae_coursera/google-bert/bert-base-uncased,A_semantic_only,82,68d8248a643f,"analyze jobs using observation, survey, or interview techniques",633,82024490e005,9,0.6784581542015076,0.6784581542015076,2.6408228874206543,0.0,0.3333333432674408,0.0,0
/home/jovyan/Joel_Pardo/AI4LABOUR/Mejoras/results_coursera/models/tsdae_coursera/google-bert/bert-base-uncased,A_semantic_only,82,68d8248a643f,"analyze jobs using observation, survey, or interview techniques",4507,4308d262ba90,10,0.6774592995643616,0.6774592995643616,2.6320385932922363,0.0,0.6666666865348816,0.0,0
/home/jovyan/Joel_Pardo/AI4LABOUR/Mejoras/results_coursera/models/tsdae_coursera/google-bert/bert-base-uncased,A_semantic_only,83,4ffdd533affb,plan facility layouts or designs,591,110dfbe4dc46,1,0.6926568150520325,0.6926568150520325,3.776277542114258,0.0,0.5,0.0,0
/home/jovyan/Joel_Pardo/AI4LABOUR/Mejoras/results_coursera/models/tsdae_coursera/google-bert/bert-base-uncased,A_semantic_only,83,4ffdd533affb,plan facility layouts or designs,3450,9e822f1f1f18,2,0.6783038377761841,0.6783038377761841,3.633615255355835,0.0,0.5,0.0,0
/home/jovyan/Joel_Pardo/AI4LABOUR/Mejoras/results_coursera/models/tsdae_coursera/google-bert/bert-base-uncased,A_semantic_only,83,4ffdd533affb,plan facility layouts or designs,1897,d330010440a6,3,0.6719969511032104,0.6719969511032104,3.570927619934082,0.0,0.5,0.0,0
/home/jovyan/Joel_Pardo/AI4LABOUR/Mejoras/results_coursera/models/tsdae_coursera/google-bert/bert-base-uncased,A_semantic_only,83,4ffdd533affb,plan facility layouts or designs,4828,0207b591a5d5,4,0.6656244397163391,0.6656244397163391,3.5075876712799072,0.20000000298023224,0.5,1.0,0
/home/jovyan/Joel_Pardo/AI4LABOUR/Mejoras/results_coursera/models/tsdae_coursera/google-bert/bert-base-uncased,A_semantic_only,83,4ffdd533affb,plan facility layouts or designs,5225,432925001607,5,0.655246913433075,0.655246913433075,3.404439687728882,0.0,0.5,0.0,0
/home/jovyan/Joel_Pardo/AI4LABOUR/Mejoras/results_coursera/models/tsdae_coursera/google-bert/bert-base-uncased,A_semantic_only,83,4ffdd533affb,plan facility layouts or designs,1268,41400dedd9f3,6,0.6526800394058228,0.6526800394058228,3.3789260387420654,0.0,0.6666666865348816,0.0,0
/home/jovyan/Joel_Pardo/AI4LABOUR/Mejoras/results_coursera/models/tsdae_coursera/google-bert/bert-base-uncased,A_semantic_only,83,4ffdd533affb,plan facility layouts or designs,3873,09a84053a60b,7,0.645218014717102,0.645218014717102,3.3047568798065186,0.0,0.6666666865348816,0.0,0
/home/jovyan/Joel_Pardo/AI4LABOUR/Mejoras/results_coursera/models/tsdae_coursera/google-bert/bert-base-uncased,A_semantic_only,83,4ffdd533affb,plan facility layouts or designs,3629,43801db48aa3,8,0.6445088982582092,0.6445088982582092,3.297708511352539,0.0,0.6666666865348816,0.0,0
/home/jovyan/Joel_Pardo/AI4LABOUR/Mejoras/results_coursera/models/tsdae_coursera/google-bert/bert-base-uncased,A_semantic_only,83,4ffdd533affb,plan facility layouts or designs,1371,5fc25157650d,9,0.6440142393112183,0.6440142393112183,3.2927918434143066,0.25,0.3333333432674408,0.9329066276550293,0
/home/jovyan/Joel_Pardo/AI4LABOUR/Mejoras/results_coursera/models/tsdae_coursera/google-bert/bert-base-uncased,A_semantic_only,83,4ffdd533affb,plan facility layouts or designs,4320,ffb47dd70a93,10,0.6318398714065552,0.6318398714065552,3.171783924102783,0.0,0.5,0.0,0
/home/jovyan/Joel_Pardo/AI4LABOUR/Mejoras/results_coursera/models/tsdae_coursera/google-bert/bert-base-uncased,A_semantic_only,84,c6940290ea74,develop technical specifications for systems or equipment,2235,373b347cdc67,1,0.7634788751602173,0.7634788751602173,3.7259137630462646,0.1428571492433548,0.625,0.4781259596347809,0
/home/jovyan/Joel_Pardo/AI4LABOUR/Mejoras/results_coursera/models/tsdae_coursera/google-bert/bert-base-uncased,A_semantic_only,84,c6940290ea74,develop technical specifications for systems or equipment,937,43b6a406ef58,2,0.7628782391548157,0.7628782391548157,3.7210171222686768,0.0,0.625,0.0,0
/home/jovyan/Joel_Pardo/AI4LABOUR/Mejoras/results_coursera/models/tsdae_coursera/google-bert/bert-base-uncased,A_semantic_only,84,c6940290ea74,develop technical specifications for systems or equipment,3378,d2e5330ba975,3,0.7621236443519592,0.7621236443519592,3.714865207672119,0.0,0.5714285969734192,0.19899554550647736,0
/home/jovyan/Joel_Pardo/AI4LABOUR/Mejoras/results_coursera/models/tsdae_coursera/google-bert/bert-base-uncased,A_semantic_only,84,c6940290ea74,develop technical specifications for systems or equipment,4501,7e31f9e44f69,4,0.7550621628761292,0.7550621628761292,3.657297134399414,0.0,0.800000011920929,0.0,0
/home/jovyan/Joel_Pardo/AI4LABOUR/Mejoras/results_coursera/models/tsdae_coursera/google-bert/bert-base-uncased,A_semantic_only,84,c6940290ea74,develop technical specifications for systems or equipment,1268,41400dedd9f3,5,0.7490495443344116,0.7490495443344116,3.6082797050476074,0.0,0.5,0.4794667661190033,0
/home/jovyan/Joel_Pardo/AI4LABOUR/Mejoras/results_coursera/models/tsdae_coursera/google-bert/bert-base-uncased,A_semantic_only,84,c6940290ea74,develop technical specifications for systems or equipment,1822,39932b592d9d,6,0.7314736247062683,0.7314736247062683,3.464993476867676,0.0,0.4444444477558136,0.1612624078989029,0
/home/jovyan/Joel_Pardo/AI4LABOUR/Mejoras/results_coursera/models/tsdae_coursera/google-bert/bert-base-uncased,A_semantic_only,84,c6940290ea74,develop technical specifications for systems or equipment,4558,7b0342e1d11a,7,0.7175916433334351,0.7175916433334351,3.3518218994140625,0.1111111119389534,0.75,0.5635031461715698,0
/home/jovyan/Joel_Pardo/AI4LABOUR/Mejoras/results_coursera/models/tsdae_coursera/google-bert/bert-base-uncased,A_semantic_only,84,c6940290ea74,develop technical specifications for systems or equipment,4415,859f5dcf8041,8,0.7114310264587402,0.7114310264587402,3.301598072052002,0.0,0.6153846383094788,0.21135932207107544,0
/home/jovyan/Joel_Pardo/AI4LABOUR/Mejoras/results_coursera/models/tsdae_coursera/google-bert/bert-base-uncased,A_semantic_only,84,c6940290ea74,develop technical specifications for systems or equipment,3816,d4dcc2b4ce0a,9,0.7089998722076416,0.7089998722076416,3.281778335571289,0.10000000149011612,0.875,0.3834010660648346,0
/home/jovyan/Joel_Pardo/AI4LABOUR/Mejoras/results_coursera/models/tsdae_coursera/google-bert/bert-base-uncased,A_semantic_only,84,c6940290ea74,develop technical specifications for systems or equipment,3056,4b76c705aa42,10,0.7079962491989136,0.7079962491989136,3.2735962867736816,0.0,1.0,0.0,0
/home/jovyan/Joel_Pardo/AI4LABOUR/Mejoras/results_coursera/models/tsdae_coursera/google-bert/bert-base-uncased,A_semantic_only,85,e9ceea91a9c3,analyze logistics processes,4845,537673b823b1,1,0.8280727863311768,0.8280727863311768,2.9462015628814697,0.25,0.75,1.0,0
/home/jovyan/Joel_Pardo/AI4LABOUR/Mejoras/results_coursera/models/tsdae_coursera/google-bert/bert-base-uncased,A_semantic_only,85,e9ceea91a9c3,analyze logistics processes,756,d5200b2d3f2b,2,0.8254653215408325,0.8254653215408325,2.927246570587158,0.0,0.75,0.0,0
/home/jovyan/Joel_Pardo/AI4LABOUR/Mejoras/results_coursera/models/tsdae_coursera/google-bert/bert-base-uncased,A_semantic_only,85,e9ceea91a9c3,analyze logistics processes,1950,26eeaf26a09d,3,0.8038771152496338,0.8038771152496338,2.7703094482421875,0.0,0.5,0.0,0
/home/jovyan/Joel_Pardo/AI4LABOUR/Mejoras/results_coursera/models/tsdae_coursera/google-bert/bert-base-uncased,A_semantic_only,85,e9ceea91a9c3,analyze logistics processes,2153,5075140835d0,4,0.8033449649810791,0.8033449649810791,2.7664411067962646,0.0,0.5,0.0,0
/home/jovyan/Joel_Pardo/AI4LABOUR/Mejoras/results_coursera/models/tsdae_coursera/google-bert/bert-base-uncased,A_semantic_only,85,e9ceea91a9c3,analyze logistics processes,2479,8cee47cceb1c,5,0.7964690923690796,0.7964690923690796,2.716456413269043,0.0,0.75,0.0,0
/home/jovyan/Joel_Pardo/AI4LABOUR/Mejoras/results_coursera/models/tsdae_coursera/google-bert/bert-base-uncased,A_semantic_only,85,e9ceea91a9c3,analyze logistics processes,60,32756aab54ad,6,0.792750358581543,0.792750358581543,2.689422845840454,0.0,1.0,0.0,0
/home/jovyan/Joel_Pardo/AI4LABOUR/Mejoras/results_coursera/models/tsdae_coursera/google-bert/bert-base-uncased,A_semantic_only,85,e9ceea91a9c3,analyze logistics processes,1948,73221dd7834f,7,0.7868304252624512,0.7868304252624512,2.6463875770568848,0.0,0.800000011920929,0.0,0
/home/jovyan/Joel_Pardo/AI4LABOUR/Mejoras/results_coursera/models/tsdae_coursera/google-bert/bert-base-uncased,A_semantic_only,85,e9ceea91a9c3,analyze logistics processes,1993,8c65eb5d1baf,8,0.7844060659408569,0.7844060659408569,2.628763437271118,0.0,0.75,0.0,0
/home/jovyan/Joel_Pardo/AI4LABOUR/Mejoras/results_coursera/models/tsdae_coursera/google-bert/bert-base-uncased,A_semantic_only,85,e9ceea91a9c3,analyze logistics processes,2661,a40ee5969123,9,0.7794786691665649,0.7794786691665649,2.5929434299468994,0.20000000298023224,0.800000011920929,0.6441680192947388,0
/home/jovyan/Joel_Pardo/AI4LABOUR/Mejoras/results_coursera/models/tsdae_coursera/google-bert/bert-base-uncased,A_semantic_only,85,e9ceea91a9c3,analyze logistics processes,4061,d08315cf2b4b,10,0.7777227163314819,0.7777227163314819,2.5801784992218018,0.0,0.75,0.0,0
/home/jovyan/Joel_Pardo/AI4LABOUR/Mejoras/results_coursera/models/tsdae_coursera/google-bert/bert-base-uncased,A_semantic_only,86,19ea31d71f7c,maintain data in information systems or databases,5284,44e862edbe4f,1,0.8645405769348145,0.8645405769348145,4.219146728515625,0.4000000059604645,0.5,1.0,0
/home/jovyan/Joel_Pardo/AI4LABOUR/Mejoras/results_coursera/models/tsdae_coursera/google-bert/bert-base-uncased,A_semantic_only,86,19ea31d71f7c,maintain data in information systems or databases,4975,0181584577c0,2,0.7844414710998535,0.7844414710998535,3.5310091972351074,0.125,1.0,0.21911658346652985,0
/home/jovyan/Joel_Pardo/AI4LABOUR/Mejoras/results_coursera/models/tsdae_coursera/google-bert/bert-base-uncased,A_semantic_only,86,19ea31d71f7c,maintain data in information systems or databases,1916,c2162f90818e,3,0.7785875201225281,0.7785875201225281,3.480717420578003,0.1428571492433548,0.625,0.300320565700531,0
/home/jovyan/Joel_Pardo/AI4LABOUR/Mejoras/results_coursera/models/tsdae_coursera/google-bert/bert-base-uncased,A_semantic_only,86,19ea31d71f7c,maintain data in information systems or databases,4070,b6622ed71abb,4,0.7683355808258057,0.7683355808258057,3.3926422595977783,0.0,0.875,0.0,0
/home/jovyan/Joel_Pardo/AI4LABOUR/Mejoras/results_coursera/models/tsdae_coursera/google-bert/bert-base-uncased,A_semantic_only,86,19ea31d71f7c,maintain data in information systems or databases,4902,96856e0b5375,5,0.7549207806587219,0.7549207806587219,3.2773945331573486,0.1666666716337204,0.375,0.3988663852214813,0
/home/jovyan/Joel_Pardo/AI4LABOUR/Mejoras/results_coursera/models/tsdae_coursera/google-bert/bert-base-uncased,A_semantic_only,86,19ea31d71f7c,maintain data in information systems or databases,2778,1efc7e62e004,6,0.7435988187789917,0.7435988187789917,3.180126905441284,0.1666666716337204,0.375,0.3988663852214813,0
/home/jovyan/Joel_Pardo/AI4LABOUR/Mejoras/results_coursera/models/tsdae_coursera/google-bert/bert-base-uncased,A_semantic_only,86,19ea31d71f7c,maintain data in information systems or databases,1189,a3c583a2df53,7,0.7423408031463623,0.7423408031463623,3.1693191528320312,0.125,0.75,0.2673003077507019,0
/home/jovyan/Joel_Pardo/AI4LABOUR/Mejoras/results_coursera/models/tsdae_coursera/google-bert/bert-base-uncased,A_semantic_only,86,19ea31d71f7c,maintain data in information systems or databases,5053,de7b151e0afe,8,0.7411720156669617,0.7411720156669617,3.15927791595459,0.1111111119389534,1.0,0.21911658346652985,0
/home/jovyan/Joel_Pardo/AI4LABOUR/Mejoras/results_coursera/models/tsdae_coursera/google-bert/bert-base-uncased,A_semantic_only,86,19ea31d71f7c,maintain data in information systems or databases,4071,a3db37d11fa1,9,0.7373555302619934,0.7373555302619934,3.1264901161193848,0.0,0.625,0.0,0
/home/jovyan/Joel_Pardo/AI4LABOUR/Mejoras/results_coursera/models/tsdae_coursera/google-bert/bert-base-uncased,A_semantic_only,86,19ea31d71f7c,maintain data in information systems or databases,3984,615b2ee6942c,10,0.7323039770126343,0.7323039770126343,3.083091974258423,0.1428571492433548,0.625,0.4558962285518646,0
/home/jovyan/Joel_Pardo/AI4LABOUR/Mejoras/results_coursera/models/tsdae_coursera/google-bert/bert-base-uncased,A_semantic_only,87,bd28ef3a0af3,establish organizational guidelines or policies,3586,f77f2bcecc27,1,0.7968204021453857,0.7968204021453857,3.2107152938842773,0.0,0.75,0.0,0
/home/jovyan/Joel_Pardo/AI4LABOUR/Mejoras/results_coursera/models/tsdae_coursera/google-bert/bert-base-uncased,A_semantic_only,87,bd28ef3a0af3,establish organizational guidelines or policies,4103,cd45bf616f0e,2,0.7738237977027893,0.7738237977027893,3.0432703495025635,0.0,0.6000000238418579,0.0,0
/home/jovyan/Joel_Pardo/AI4LABOUR/Mejoras/results_coursera/models/tsdae_coursera/google-bert/bert-base-uncased,A_semantic_only,87,bd28ef3a0af3,establish organizational guidelines or policies,3751,f1ce5e300a4c,3,0.768262505531311,0.768262505531311,3.002776861190796,0.1428571492433548,1.0,0.5084000825881958,0
/home/jovyan/Joel_Pardo/AI4LABOUR/Mejoras/results_coursera/models/tsdae_coursera/google-bert/bert-base-uncased,A_semantic_only,87,bd28ef3a0af3,establish organizational guidelines or policies,3587,f687024e11a9,4,0.7633658051490784,0.7633658051490784,2.9671225547790527,0.0,0.5,0.0,0
/home/jovyan/Joel_Pardo/AI4LABOUR/Mejoras/results_coursera/models/tsdae_coursera/google-bert/bert-base-uncased,A_semantic_only,87,bd28ef3a0af3,establish organizational guidelines or policies,3730,667727a74b62,5,0.7612664699554443,0.7612664699554443,2.9518368244171143,0.0,0.5,0.0,0
/home/jovyan/Joel_Pardo/AI4LABOUR/Mejoras/results_coursera/models/tsdae_coursera/google-bert/bert-base-uncased,A_semantic_only,87,bd28ef3a0af3,establish organizational guidelines or policies,4793,ecfb3bfe17da,6,0.7579168677330017,0.7579168677330017,2.9274473190307617,0.0,1.0,0.0,0
/home/jovyan/Joel_Pardo/AI4LABOUR/Mejoras/results_coursera/models/tsdae_coursera/google-bert/bert-base-uncased,A_semantic_only,87,bd28ef3a0af3,establish organizational guidelines or policies,3041,d58419ba221e,7,0.7574432492256165,0.7574432492256165,2.9239988327026367,0.0,0.1875,0.0,0
/home/jovyan/Joel_Pardo/AI4LABOUR/Mejoras/results_coursera/models/tsdae_coursera/google-bert/bert-base-uncased,A_semantic_only,87,bd28ef3a0af3,establish organizational guidelines or policies,2975,8479908ec09d,8,0.7547750473022461,0.7547750473022461,2.9045708179473877,0.0,0.31578946113586426,0.0,0
/home/jovyan/Joel_Pardo/AI4LABOUR/Mejoras/results_coursera/models/tsdae_coursera/google-bert/bert-base-uncased,A_semantic_only,87,bd28ef3a0af3,establish organizational guidelines or policies,3780,5279f5c334f7,9,0.7526146769523621,0.7526146769523621,2.888840436935425,0.0,0.8571428656578064,0.0,0
/home/jovyan/Joel_Pardo/AI4LABOUR/Mejoras/results_coursera/models/tsdae_coursera/google-bert/bert-base-uncased,A_semantic_only,87,bd28ef3a0af3,establish organizational guidelines or policies,2972,aa4eda621a1f,10,0.7496261596679688,0.7496261596679688,2.8670802116394043,0.0,0.4615384638309479,0.0,0
/home/jovyan/Joel_Pardo/AI4LABOUR/Mejoras/results_coursera/models/tsdae_coursera/google-bert/bert-base-uncased,A_semantic_only,88,d1809a4492b8,estimate costs of goods or services,690,32402d5443a6,1,0.7813296318054199,0.7813296318054199,3.8646373748779297,0.0,0.5,0.0,0
/home/jovyan/Joel_Pardo/AI4LABOUR/Mejoras/results_coursera/models/tsdae_coursera/google-bert/bert-base-uncased,A_semantic_only,88,d1809a4492b8,estimate costs of goods or services,3943,1eedfa96d1f9,2,0.7523420453071594,0.7523420453071594,3.6346938610076904,0.0,0.5833333134651184,0.0,0
/home/jovyan/Joel_Pardo/AI4LABOUR/Mejoras/results_coursera/models/tsdae_coursera/google-bert/bert-base-uncased,A_semantic_only,88,d1809a4492b8,estimate costs of goods or services,3942,3a8edd5ac6e7,3,0.7294772863388062,0.7294772863388062,3.453319549560547,0.0,0.5,0.1433677226305008,0
/home/jovyan/Joel_Pardo/AI4LABOUR/Mejoras/results_coursera/models/tsdae_coursera/google-bert/bert-base-uncased,A_semantic_only,88,d1809a4492b8,estimate costs of goods or services,4561,7dbb7909a0ac,4,0.7186956405639648,0.7186956405639648,3.3677942752838135,0.0,0.8571428656578064,0.0,0
/home/jovyan/Joel_Pardo/AI4LABOUR/Mejoras/results_coursera/models/tsdae_coursera/google-bert/bert-base-uncased,A_semantic_only,88,d1809a4492b8,estimate costs of goods or services,3858,3142e9280587,5,0.718564510345459,0.718564510345459,3.3667542934417725,0.0,0.7142857313156128,0.0,0
/home/jovyan/Joel_Pardo/AI4LABOUR/Mejoras/results_coursera/models/tsdae_coursera/google-bert/bert-base-uncased,A_semantic_only,88,d1809a4492b8,estimate costs of goods or services,2300,754666b07e71,6,0.7159826755523682,0.7159826755523682,3.346273899078369,0.0,0.5,0.1433677226305008,0
/home/jovyan/Joel_Pardo/AI4LABOUR/Mejoras/results_coursera/models/tsdae_coursera/google-bert/bert-base-uncased,A_semantic_only,88,d1809a4492b8,estimate costs of goods or services,2926,747bfa9e8bfc,7,0.7142281532287598,0.7142281532287598,3.3323562145233154,0.0,0.5714285969734192,0.34543514251708984,0
/home/jovyan/Joel_Pardo/AI4LABOUR/Mejoras/results_coursera/models/tsdae_coursera/google-bert/bert-base-uncased,A_semantic_only,88,d1809a4492b8,estimate costs of goods or services,4645,802cb912449e,8,0.713592529296875,0.713592529296875,3.3273141384124756,0.0,0.5,0.0,0
/home/jovyan/Joel_Pardo/AI4LABOUR/Mejoras/results_coursera/models/tsdae_coursera/google-bert/bert-base-uncased,A_semantic_only,88,d1809a4492b8,estimate costs of goods or services,2918,34daa13d90ae,9,0.7135269641876221,0.7135269641876221,3.326793909072876,0.0,0.5714285969734192,0.34543514251708984,0
/home/jovyan/Joel_Pardo/AI4LABOUR/Mejoras/results_coursera/models/tsdae_coursera/google-bert/bert-base-uncased,A_semantic_only,88,d1809a4492b8,estimate costs of goods or services,183,46923271eee8,10,0.7108389139175415,0.7108389139175415,3.3054709434509277,0.0,0.6363636255264282,0.17388221621513367,0
/home/jovyan/Joel_Pardo/AI4LABOUR/Mejoras/results_coursera/models/tsdae_coursera/google-bert/bert-base-uncased,A_semantic_only,89,b03b706832f2,"assess the cost effectiveness of products, projects, or services",2300,754666b07e71,1,0.7756024599075317,0.7756024599075317,3.011497735977173,0.07692307978868484,0.7142857313156128,0.9717735648155212,0
/home/jovyan/Joel_Pardo/AI4LABOUR/Mejoras/results_coursera/models/tsdae_coursera/google-bert/bert-base-uncased,A_semantic_only,89,b03b706832f2,"assess the cost effectiveness of products, projects, or services",180,1984ba551855,2,0.7721983194351196,0.7721983194351196,2.985470771789551,0.0,0.625,0.16967429220676422,0
/home/jovyan/Joel_Pardo/AI4LABOUR/Mejoras/results_coursera/models/tsdae_coursera/google-bert/bert-base-uncased,A_semantic_only,89,b03b706832f2,"assess the cost effectiveness of products, projects, or services",3891,6579f5e89913,3,0.7669160962104797,0.7669160962104797,2.945084571838379,0.1111111119389534,0.6000000238418579,0.5363979935646057,0
/home/jovyan/Joel_Pardo/AI4LABOUR/Mejoras/results_coursera/models/tsdae_coursera/google-bert/bert-base-uncased,A_semantic_only,89,b03b706832f2,"assess the cost effectiveness of products, projects, or services",2301,6d7d5c1c49a4,4,0.7664180994033813,0.7664180994033813,2.941277027130127,0.0714285746216774,0.8333333134651184,0.8171544075012207,0
/home/jovyan/Joel_Pardo/AI4LABOUR/Mejoras/results_coursera/models/tsdae_coursera/google-bert/bert-base-uncased,A_semantic_only,89,b03b706832f2,"assess the cost effectiveness of products, projects, or services",690,32402d5443a6,5,0.7603871822357178,0.7603871822357178,2.8951663970947266,0.0,0.7142857313156128,0.0,0
/home/jovyan/Joel_Pardo/AI4LABOUR/Mejoras/results_coursera/models/tsdae_coursera/google-bert/bert-base-uncased,A_semantic_only,89,b03b706832f2,"assess the cost effectiveness of products, projects, or services",688,675b456b5403,6,0.7555208802223206,0.7555208802223206,2.8579602241516113,0.0,0.5882353186607361,0.3047991693019867,0
/home/jovyan/Joel_Pardo/AI4LABOUR/Mejoras/results_coursera/models/tsdae_coursera/google-bert/bert-base-uncased,A_semantic_only,89,b03b706832f2,"assess the cost effectiveness of products, projects, or services",4793,ecfb3bfe17da,7,0.752440333366394,0.752440333366394,2.834407329559326,0.0,0.6000000238418579,0.0,0
/home/jovyan/Joel_Pardo/AI4LABOUR/Mejoras/results_coursera/models/tsdae_coursera/google-bert/bert-base-uncased,A_semantic_only,89,b03b706832f2,"assess the cost effectiveness of products, projects, or services",142,c477df18ea2a,8,0.7471176385879517,0.7471176385879517,2.7937116622924805,0.0,0.8333333134651184,0.21463587880134583,0
/home/jovyan/Joel_Pardo/AI4LABOUR/Mejoras/results_coursera/models/tsdae_coursera/google-bert/bert-base-uncased,A_semantic_only,89,b03b706832f2,"assess the cost effectiveness of products, projects, or services",5134,29c1e14899e6,9,0.7470171451568604,0.7470171451568604,2.7929434776306152,0.125,0.4000000059604645,0.6876015663146973,0
/home/jovyan/Joel_Pardo/AI4LABOUR/Mejoras/results_coursera/models/tsdae_coursera/google-bert/bert-base-uncased,A_semantic_only,89,b03b706832f2,"assess the cost effectiveness of products, projects, or services",4106,7a6199e2dfd9,10,0.74680095911026,0.74680095911026,2.791290521621704,0.06666667014360428,0.6666666865348816,0.7416223883628845,0
/home/jovyan/Joel_Pardo/AI4LABOUR/Mejoras/results_coursera/models/tsdae_coursera/google-bert/bert-base-uncased,A_semantic_only,90,2e4769a8f723,apply mathematical models of financial or business conditions,147,575ea3efc7e8,1,0.8195360898971558,0.8195360898971558,3.3683528900146484,0.0,0.36000001430511475,0.08647680282592773,0
/home/jovyan/Joel_Pardo/AI4LABOUR/Mejoras/results_coursera/models/tsdae_coursera/google-bert/bert-base-uncased,A_semantic_only,90,2e4769a8f723,apply mathematical models of financial or business conditions,151,1ac23fe60e17,2,0.8177553415298462,0.8177553415298462,3.354647159576416,0.0625,0.40909090638160706,0.4178568720817566,0
/home/jovyan/Joel_Pardo/AI4LABOUR/Mejoras/results_coursera/models/tsdae_coursera/google-bert/bert-base-uncased,A_semantic_only,90,2e4769a8f723,apply mathematical models of financial or business conditions,4467,7893d13e313e,3,0.8171918392181396,0.8171918392181396,3.3503100872039795,0.0,0.6666666865348816,0.0,0
/home/jovyan/Joel_Pardo/AI4LABOUR/Mejoras/results_coursera/models/tsdae_coursera/google-bert/bert-base-uncased,A_semantic_only,90,2e4769a8f723,apply mathematical models of financial or business conditions,5054,d337e4b947ae,4,0.8114078640937805,0.8114078640937805,3.305793523788452,0.1111111119389534,0.7777777910232544,0.35892993211746216,0
/home/jovyan/Joel_Pardo/AI4LABOUR/Mejoras/results_coursera/models/tsdae_coursera/google-bert/bert-base-uncased,A_semantic_only,90,2e4769a8f723,apply mathematical models of financial or business conditions,179,490e0bd0d96e,5,0.8038506507873535,0.8038506507873535,3.247628927230835,0.09090909361839294,1.0,0.2870291769504547,0
/home/jovyan/Joel_Pardo/AI4LABOUR/Mejoras/results_coursera/models/tsdae_coursera/google-bert/bert-base-uncased,A_semantic_only,90,2e4769a8f723,apply mathematical models of financial or business conditions,4561,7dbb7909a0ac,6,0.7845317125320435,0.7845317125320435,3.0989394187927246,0.1111111119389534,0.6666666865348816,0.38170573115348816,0
/home/jovyan/Joel_Pardo/AI4LABOUR/Mejoras/results_coursera/models/tsdae_coursera/google-bert/bert-base-uncased,A_semantic_only,90,2e4769a8f723,apply mathematical models of financial or business conditions,5038,d81a55777dc2,7,0.7795623540878296,0.7795623540878296,3.060692548751831,0.2857142984867096,0.4444444477558136,1.0,0
/home/jovyan/Joel_Pardo/AI4LABOUR/Mejoras/results_coursera/models/tsdae_coursera/google-bert/bert-base-uncased,A_semantic_only,90,2e4769a8f723,apply mathematical models of financial or business conditions,181,6e0262463c46,8,0.7773830890655518,0.7773830890655518,3.043919563293457,0.0833333358168602,1.0,0.2870291769504547,0
/home/jovyan/Joel_Pardo/AI4LABOUR/Mejoras/results_coursera/models/tsdae_coursera/google-bert/bert-base-uncased,A_semantic_only,90,2e4769a8f723,apply mathematical models of financial or business conditions,1086,c46b6d5fecba,9,0.7767125964164734,0.7767125964164734,3.038759231567383,0.0,0.4444444477558136,0.3424319624900818,0
/home/jovyan/Joel_Pardo/AI4LABOUR/Mejoras/results_coursera/models/tsdae_coursera/google-bert/bert-base-uncased,A_semantic_only,90,2e4769a8f723,apply mathematical models of financial or business conditions,180,1984ba551855,10,0.7746520042419434,0.7746520042419434,3.022899627685547,0.06666667014360428,0.5625,0.24494028091430664,0
/home/jovyan/Joel_Pardo/AI4LABOUR/Mejoras/results_coursera/models/tsdae_coursera/google-bert/bert-base-uncased,A_semantic_only,91,b1f99c3dcd62,develop business or financial information systems,2112,49e1b35b16b4,1,0.8510856628417969,0.8510856628417969,3.276440382003784,0.125,0.8571428656578064,0.3660959005355835,0
/home/jovyan/Joel_Pardo/AI4LABOUR/Mejoras/results_coursera/models/tsdae_coursera/google-bert/bert-base-uncased,A_semantic_only,91,b1f99c3dcd62,develop business or financial information systems,2661,a40ee5969123,2,0.8133913278579712,0.8133913278579712,3.0120697021484375,0.1428571492433548,0.7142857313156128,0.41132062673568726,0
/home/jovyan/Joel_Pardo/AI4LABOUR/Mejoras/results_coursera/models/tsdae_coursera/google-bert/bert-base-uncased,A_semantic_only,91,b1f99c3dcd62,develop business or financial information systems,3452,d602b9ca2c05,3,0.809625506401062,0.809625506401062,2.9856579303741455,0.0,1.0,0.0,0
/home/jovyan/Joel_Pardo/AI4LABOUR/Mejoras/results_coursera/models/tsdae_coursera/google-bert/bert-base-uncased,A_semantic_only,91,b1f99c3dcd62,develop business or financial information systems,4145,7915162f0c8c,4,0.795312762260437,0.795312762260437,2.88527512550354,0.3333333432674408,0.5714285969734192,1.0,0
/home/jovyan/Joel_Pardo/AI4LABOUR/Mejoras/results_coursera/models/tsdae_coursera/google-bert/bert-base-uncased,A_semantic_only,91,b1f99c3dcd62,develop business or financial information systems,181,6e0262463c46,5,0.7893671989440918,0.7893671989440918,2.8435754776000977,0.09090909361839294,0.7777777910232544,0.3113164007663727,0
/home/jovyan/Joel_Pardo/AI4LABOUR/Mejoras/results_coursera/models/tsdae_coursera/google-bert/bert-base-uncased,A_semantic_only,91,b1f99c3dcd62,develop business or financial information systems,754,2af854050699,6,0.7807110548019409,0.7807110548019409,2.782865285873413,0.125,0.8571428656578064,0.3660959005355835,0
/home/jovyan/Joel_Pardo/AI4LABOUR/Mejoras/results_coursera/models/tsdae_coursera/google-bert/bert-base-uncased,A_semantic_only,91,b1f99c3dcd62,develop business or financial information systems,5193,3c01d05648e6,7,0.7706313133239746,0.7706313133239746,2.7121708393096924,0.0,0.4285714328289032,0.0,0
/home/jovyan/Joel_Pardo/AI4LABOUR/Mejoras/results_coursera/models/tsdae_coursera/google-bert/bert-base-uncased,A_semantic_only,91,b1f99c3dcd62,develop business or financial information systems,218,31c01c8c701d,8,0.7696410417556763,0.7696410417556763,2.7052254676818848,0.1666666716337204,0.4285714328289032,0.5462895035743713,0
/home/jovyan/Joel_Pardo/AI4LABOUR/Mejoras/results_coursera/models/tsdae_coursera/google-bert/bert-base-uncased,A_semantic_only,91,b1f99c3dcd62,develop business or financial information systems,4561,7dbb7909a0ac,9,0.7625364065170288,0.7625364065170288,2.6553966999053955,0.125,0.8571428656578064,0.4140040874481201,0
/home/jovyan/Joel_Pardo/AI4LABOUR/Mejoras/results_coursera/models/tsdae_coursera/google-bert/bert-base-uncased,A_semantic_only,91,b1f99c3dcd62,develop business or financial information systems,2067,9c7403fc6e17,10,0.7556012868881226,0.7556012868881226,2.606757164001465,0.0,0.5714285969734192,0.0,0
/home/jovyan/Joel_Pardo/AI4LABOUR/Mejoras/results_coursera/models/tsdae_coursera/google-bert/bert-base-uncased,A_semantic_only,92,3f67b920ee49,evaluate logistics methods to reduce environmental impact,4997,02367bf1c37b,1,0.7853116393089294,0.7853116393089294,3.0686590671539307,0.0,0.875,0.20226432383060455,0
/home/jovyan/Joel_Pardo/AI4LABOUR/Mejoras/results_coursera/models/tsdae_coursera/google-bert/bert-base-uncased,A_semantic_only,92,3f67b920ee49,evaluate logistics methods to reduce environmental impact,2301,6d7d5c1c49a4,2,0.7716676592826843,0.7716676592826843,2.962496757507324,0.0,0.6666666865348816,0.0,0
/home/jovyan/Joel_Pardo/AI4LABOUR/Mejoras/results_coursera/models/tsdae_coursera/google-bert/bert-base-uncased,A_semantic_only,92,3f67b920ee49,evaluate logistics methods to reduce environmental impact,4106,7a6199e2dfd9,3,0.7541455030441284,0.7541455030441284,2.8261590003967285,0.0,0.5333333611488342,0.0,0
/home/jovyan/Joel_Pardo/AI4LABOUR/Mejoras/results_coursera/models/tsdae_coursera/google-bert/bert-base-uncased,A_semantic_only,92,3f67b920ee49,evaluate logistics methods to reduce environmental impact,2338,f6de122e0fd3,4,0.7527617812156677,0.7527617812156677,2.81539249420166,0.0,0.875,0.20226432383060455,0
/home/jovyan/Joel_Pardo/AI4LABOUR/Mejoras/results_coursera/models/tsdae_coursera/google-bert/bert-base-uncased,A_semantic_only,92,3f67b920ee49,evaluate logistics methods to reduce environmental impact,142,c477df18ea2a,5,0.7521253824234009,0.7521253824234009,2.8104407787323,0.0,0.6666666865348816,0.13526739180088043,0
/home/jovyan/Joel_Pardo/AI4LABOUR/Mejoras/results_coursera/models/tsdae_coursera/google-bert/bert-base-uncased,A_semantic_only,92,3f67b920ee49,evaluate logistics methods to reduce environmental impact,2626,d7c46c558d85,6,0.7485666275024414,0.7485666275024414,2.7827506065368652,0.1111111119389534,0.75,0.7470283508300781,0
/home/jovyan/Joel_Pardo/AI4LABOUR/Mejoras/results_coursera/models/tsdae_coursera/google-bert/bert-base-uncased,A_semantic_only,92,3f67b920ee49,evaluate logistics methods to reduce environmental impact,4058,74fe0528c27f,7,0.7448568344116211,0.7448568344116211,2.75388503074646,0.0,0.75,0.0,0
/home/jovyan/Joel_Pardo/AI4LABOUR/Mejoras/results_coursera/models/tsdae_coursera/google-bert/bert-base-uncased,A_semantic_only,92,3f67b920ee49,evaluate logistics methods to reduce environmental impact,4793,ecfb3bfe17da,8,0.7418094277381897,0.7418094277381897,2.7301735877990723,0.0,0.75,0.0,0
/home/jovyan/Joel_Pardo/AI4LABOUR/Mejoras/results_coursera/models/tsdae_coursera/google-bert/bert-base-uncased,A_semantic_only,92,3f67b920ee49,evaluate logistics methods to reduce environmental impact,1649,bd1d85f33bd2,9,0.7378724217414856,0.7378724217414856,2.699540376663208,0.0,0.375,0.0,0
/home/jovyan/Joel_Pardo/AI4LABOUR/Mejoras/results_coursera/models/tsdae_coursera/google-bert/bert-base-uncased,A_semantic_only,92,3f67b920ee49,evaluate logistics methods to reduce environmental impact,2300,754666b07e71,10,0.737671971321106,0.737671971321106,2.6979806423187256,0.07692307978868484,0.5714285969734192,0.24917060136795044,0
/home/jovyan/Joel_Pardo/AI4LABOUR/Mejoras/results_coursera/models/tsdae_coursera/google-bert/bert-base-uncased,A_semantic_only,93,4b8b2b6692c3,develop business or market strategies,1712,0d23c5fd52ea,1,0.8304925560951233,0.8304925560951233,2.85273814201355,0.0,0.5454545617103577,0.0,0
/home/jovyan/Joel_Pardo/AI4LABOUR/Mejoras/results_coursera/models/tsdae_coursera/google-bert/bert-base-uncased,A_semantic_only,93,4b8b2b6692c3,develop business or market strategies,4834,1d8e86f4a956,2,0.824155330657959,0.824155330657959,2.8135292530059814,0.0,0.6666666865348816,0.0,0
/home/jovyan/Joel_Pardo/AI4LABOUR/Mejoras/results_coursera/models/tsdae_coursera/google-bert/bert-base-uncased,A_semantic_only,93,4b8b2b6692c3,develop business or market strategies,1310,dee03d615f1d,3,0.8151706457138062,0.8151706457138062,2.7579400539398193,0.1666666716337204,0.6666666865348816,0.37583687901496887,0
/home/jovyan/Joel_Pardo/AI4LABOUR/Mejoras/results_coursera/models/tsdae_coursera/google-bert/bert-base-uncased,A_semantic_only,93,4b8b2b6692c3,develop business or market strategies,4103,cd45bf616f0e,4,0.8099018335342407,0.8099018335342407,2.725341558456421,0.0,0.6000000238418579,0.0,0
/home/jovyan/Joel_Pardo/AI4LABOUR/Mejoras/results_coursera/models/tsdae_coursera/google-bert/bert-base-uncased,A_semantic_only,93,4b8b2b6692c3,develop business or market strategies,2384,9f0afa80bca1,5,0.8029211163520813,0.8029211163520813,2.6821510791778564,0.0,0.8571428656578064,0.0,0
/home/jovyan/Joel_Pardo/AI4LABOUR/Mejoras/results_coursera/models/tsdae_coursera/google-bert/bert-base-uncased,A_semantic_only,93,4b8b2b6692c3,develop business or market strategies,4106,7a6199e2dfd9,6,0.8028388619422913,0.8028388619422913,2.6816422939300537,0.07692307978868484,0.4000000059604645,0.14736516773700714,0
/home/jovyan/Joel_Pardo/AI4LABOUR/Mejoras/results_coursera/models/tsdae_coursera/google-bert/bert-base-uncased,A_semantic_only,93,4b8b2b6692c3,develop business or market strategies,4361,b0b886822421,7,0.7986267805099487,0.7986267805099487,2.6555817127227783,0.1666666716337204,0.6666666865348816,0.37583687901496887,0
/home/jovyan/Joel_Pardo/AI4LABOUR/Mejoras/results_coursera/models/tsdae_coursera/google-bert/bert-base-uncased,A_semantic_only,93,4b8b2b6692c3,develop business or market strategies,2382,2c9191489a0d,8,0.7947016358375549,0.7947016358375549,2.631296396255493,0.1666666716337204,0.4000000059604645,0.41043564677238464,0
/home/jovyan/Joel_Pardo/AI4LABOUR/Mejoras/results_coursera/models/tsdae_coursera/google-bert/bert-base-uncased,A_semantic_only,93,4b8b2b6692c3,develop business or market strategies,4464,ff6881fe743f,9,0.7921486496925354,0.7921486496925354,2.6155009269714355,0.0,1.0,0.0,0
/home/jovyan/Joel_Pardo/AI4LABOUR/Mejoras/results_coursera/models/tsdae_coursera/google-bert/bert-base-uncased,A_semantic_only,93,4b8b2b6692c3,develop business or market strategies,4301,32656e1612b0,10,0.7912511825561523,0.7912511825561523,2.60994815826416,0.0,0.75,0.0,0
/home/jovyan/Joel_Pardo/AI4LABOUR/Mejoras/results_coursera/models/tsdae_coursera/google-bert/bert-base-uncased,A_semantic_only,94,832ecabbf00a,develop sustainable business strategies or practices,1712,0d23c5fd52ea,1,0.8743116855621338,0.8743116855621338,2.9269943237304688,0.0,0.6363636255264282,0.0,0
/home/jovyan/Joel_Pardo/AI4LABOUR/Mejoras/results_coursera/models/tsdae_coursera/google-bert/bert-base-uncased,A_semantic_only,94,832ecabbf00a,develop sustainable business strategies or practices,4103,cd45bf616f0e,2,0.8541896343231201,0.8541896343231201,2.8071377277374268,0.0,0.699999988079071,0.0,0
/home/jovyan/Joel_Pardo/AI4LABOUR/Mejoras/results_coursera/models/tsdae_coursera/google-bert/bert-base-uncased,A_semantic_only,94,832ecabbf00a,develop sustainable business strategies or practices,1711,48410a978891,3,0.848183274269104,0.848183274269104,2.7713608741760254,0.0833333358168602,0.5833333134651184,0.2057194858789444,0
/home/jovyan/Joel_Pardo/AI4LABOUR/Mejoras/results_coursera/models/tsdae_coursera/google-bert/bert-base-uncased,A_semantic_only,94,832ecabbf00a,develop sustainable business strategies or practices,5221,e21ef1e19406,4,0.8452791571617126,0.8452791571617126,2.7540624141693115,0.0,0.7142857313156128,0.0,0
/home/jovyan/Joel_Pardo/AI4LABOUR/Mejoras/results_coursera/models/tsdae_coursera/google-bert/bert-base-uncased,A_semantic_only,94,832ecabbf00a,develop sustainable business strategies or practices,3748,34fad830f97b,5,0.8327360153198242,0.8327360153198242,2.679349422454834,0.125,0.8571428656578064,0.39818981289863586,0
/home/jovyan/Joel_Pardo/AI4LABOUR/Mejoras/results_coursera/models/tsdae_coursera/google-bert/bert-base-uncased,A_semantic_only,94,832ecabbf00a,develop sustainable business strategies or practices,2089,6417b8d2e34e,6,0.8293999433517456,0.8293999433517456,2.659477949142456,0.0833333358168602,0.46666666865348816,0.13347655534744263,0
/home/jovyan/Joel_Pardo/AI4LABOUR/Mejoras/results_coursera/models/tsdae_coursera/google-bert/bert-base-uncased,A_semantic_only,94,832ecabbf00a,develop sustainable business strategies or practices,2384,9f0afa80bca1,7,0.8284516334533691,0.8284516334533691,2.653829336166382,0.0,1.0,0.0,0
/home/jovyan/Joel_Pardo/AI4LABOUR/Mejoras/results_coursera/models/tsdae_coursera/google-bert/bert-base-uncased,A_semantic_only,94,832ecabbf00a,develop sustainable business strategies or practices,3586,f77f2bcecc27,8,0.824953556060791,0.824953556060791,2.632993221282959,0.09090909361839294,0.875,0.3264118432998657,0
/home/jovyan/Joel_Pardo/AI4LABOUR/Mejoras/results_coursera/models/tsdae_coursera/google-bert/bert-base-uncased,A_semantic_only,94,832ecabbf00a,develop sustainable business strategies or practices,2382,2c9191489a0d,9,0.8235845565795898,0.8235845565795898,2.6248388290405273,0.1538461595773697,0.46666666865348816,0.37175363302230835,0
/home/jovyan/Joel_Pardo/AI4LABOUR/Mejoras/results_coursera/models/tsdae_coursera/google-bert/bert-base-uncased,A_semantic_only,94,832ecabbf00a,develop sustainable business strategies or practices,4105,a153f0f09099,10,0.8235434889793396,0.8235434889793396,2.624594211578369,0.0833333358168602,0.699999988079071,0.18444108963012695,0
/home/jovyan/Joel_Pardo/AI4LABOUR/Mejoras/results_coursera/models/tsdae_coursera/google-bert/bert-base-uncased,A_semantic_only,95,7c80e08ee743,prepare financial documents,226,7e56613a2ebc,1,0.8686486482620239,0.8686486482620239,4.464837551116943,0.4000000059604645,0.6666666865348816,0.932079017162323,0
/home/jovyan/Joel_Pardo/AI4LABOUR/Mejoras/results_coursera/models/tsdae_coursera/google-bert/bert-base-uncased,A_semantic_only,95,7c80e08ee743,prepare financial documents,1089,766934966e97,2,0.7890834808349609,0.7890834808349609,3.814620018005371,0.20000000298023224,1.0,0.4767068326473236,0
/home/jovyan/Joel_Pardo/AI4LABOUR/Mejoras/results_coursera/models/tsdae_coursera/google-bert/bert-base-uncased,A_semantic_only,95,7c80e08ee743,prepare financial documents,173,076af9cd9a13,3,0.7707741856575012,0.7707741856575012,3.66499400138855,0.25,0.75,0.5549190640449524,0
/home/jovyan/Joel_Pardo/AI4LABOUR/Mejoras/results_coursera/models/tsdae_coursera/google-bert/bert-base-uncased,A_semantic_only,95,7c80e08ee743,prepare financial documents,2536,62bb27f24dab,4,0.7700302600860596,0.7700302600860596,3.658914566040039,0.20000000298023224,1.0,0.4767068326473236,0
/home/jovyan/Joel_Pardo/AI4LABOUR/Mejoras/results_coursera/models/tsdae_coursera/google-bert/bert-base-uncased,A_semantic_only,95,7c80e08ee743,prepare financial documents,4228,91aa446c1ed9,5,0.7382978200912476,0.7382978200912476,3.399592876434326,0.0,0.800000011920929,0.0,0
/home/jovyan/Joel_Pardo/AI4LABOUR/Mejoras/results_coursera/models/tsdae_coursera/google-bert/bert-base-uncased,A_semantic_only,95,7c80e08ee743,prepare financial documents,4310,506583358173,6,0.7197393178939819,0.7197393178939819,3.2479302883148193,0.1428571492433548,0.5714285969734192,0.5047074556350708,0
/home/jovyan/Joel_Pardo/AI4LABOUR/Mejoras/results_coursera/models/tsdae_coursera/google-bert/bert-base-uncased,A_semantic_only,95,7c80e08ee743,prepare financial documents,179,490e0bd0d96e,7,0.7165745496749878,0.7165745496749878,3.222067356109619,0.125,0.4444444477558136,0.2796398103237152,0
/home/jovyan/Joel_Pardo/AI4LABOUR/Mejoras/results_coursera/models/tsdae_coursera/google-bert/bert-base-uncased,A_semantic_only,95,7c80e08ee743,prepare financial documents,2540,965646130a65,8,0.7104964256286621,0.7104964256286621,3.172395944595337,0.0,1.0,0.0,0
/home/jovyan/Joel_Pardo/AI4LABOUR/Mejoras/results_coursera/models/tsdae_coursera/google-bert/bert-base-uncased,A_semantic_only,95,7c80e08ee743,prepare financial documents,4338,147e545bdd08,9,0.7065306901931763,0.7065306901931763,3.1399874687194824,0.0,1.0,0.0,0
/home/jovyan/Joel_Pardo/AI4LABOUR/Mejoras/results_coursera/models/tsdae_coursera/google-bert/bert-base-uncased,A_semantic_only,95,7c80e08ee743,prepare financial documents,181,6e0262463c46,10,0.7049393057823181,0.7049393057823181,3.1269824504852295,0.1111111119389534,0.4444444477558136,0.2796398103237152,0
/home/jovyan/Joel_Pardo/AI4LABOUR/Mejoras/results_coursera/models/tsdae_coursera/google-bert/bert-base-uncased,A_semantic_only,96,1cbedefabffc,analyze environmental regulations to ensure organizational compliance,4793,ecfb3bfe17da,1,0.7891727685928345,0.7891727685928345,2.940633535385132,0.0,0.75,0.0,0
/home/jovyan/Joel_Pardo/AI4LABOUR/Mejoras/results_coursera/models/tsdae_coursera/google-bert/bert-base-uncased,A_semantic_only,96,1cbedefabffc,analyze environmental regulations to ensure organizational compliance,688,675b456b5403,2,0.7721506953239441,0.7721506953239441,2.816159725189209,0.0,0.47058823704719543,0.0,0
/home/jovyan/Joel_Pardo/AI4LABOUR/Mejoras/results_coursera/models/tsdae_coursera/google-bert/bert-base-uncased,A_semantic_only,96,1cbedefabffc,analyze environmental regulations to ensure organizational compliance,4058,74fe0528c27f,3,0.77101731300354,0.77101731300354,2.8078720569610596,0.0,0.75,0.0,0
/home/jovyan/Joel_Pardo/AI4LABOUR/Mejoras/results_coursera/models/tsdae_coursera/google-bert/bert-base-uncased,A_semantic_only,96,1cbedefabffc,analyze environmental regulations to ensure organizational compliance,4106,7a6199e2dfd9,4,0.7575211524963379,0.7575211524963379,2.709181547164917,0.06666667014360428,0.5333333611488342,0.2224113494157791,0
/home/jovyan/Joel_Pardo/AI4LABOUR/Mejoras/results_coursera/models/tsdae_coursera/google-bert/bert-base-uncased,A_semantic_only,96,1cbedefabffc,analyze environmental regulations to ensure organizational compliance,3621,917bf810d271,5,0.7544689178466797,0.7544689178466797,2.686861991882324,0.0,0.625,0.0,0
/home/jovyan/Joel_Pardo/AI4LABOUR/Mejoras/results_coursera/models/tsdae_coursera/google-bert/bert-base-uncased,A_semantic_only,96,1cbedefabffc,analyze environmental regulations to ensure organizational compliance,2277,e2ee4e5d252a,6,0.7467324733734131,0.7467324733734131,2.6302895545959473,0.1428571492433548,0.375,0.6518990993499756,0
/home/jovyan/Joel_Pardo/AI4LABOUR/Mejoras/results_coursera/models/tsdae_coursera/google-bert/bert-base-uncased,A_semantic_only,96,1cbedefabffc,analyze environmental regulations to ensure organizational compliance,3586,f77f2bcecc27,7,0.7453954815864563,0.7453954815864563,2.6205127239227295,0.0,1.0,0.0,0
/home/jovyan/Joel_Pardo/AI4LABOUR/Mejoras/results_coursera/models/tsdae_coursera/google-bert/bert-base-uncased,A_semantic_only,96,1cbedefabffc,analyze environmental regulations to ensure organizational compliance,142,c477df18ea2a,8,0.7450015544891357,0.7450015544891357,2.6176321506500244,0.0,0.6666666865348816,0.15469129383563995,0
/home/jovyan/Joel_Pardo/AI4LABOUR/Mejoras/results_coursera/models/tsdae_coursera/google-bert/bert-base-uncased,A_semantic_only,96,1cbedefabffc,analyze environmental regulations to ensure organizational compliance,2274,082c805e8003,9,0.7443681955337524,0.7443681955337524,2.6130006313323975,0.0,0.75,0.25674113631248474,0
/home/jovyan/Joel_Pardo/AI4LABOUR/Mejoras/results_coursera/models/tsdae_coursera/google-bert/bert-base-uncased,A_semantic_only,96,1cbedefabffc,analyze environmental regulations to ensure organizational compliance,2897,f073c86c6791,10,0.7439746856689453,0.7439746856689453,2.6101231575012207,0.0,0.375,0.0,0
/home/jovyan/Joel_Pardo/AI4LABOUR/Mejoras/results_coursera/models/tsdae_coursera/google-bert/bert-base-uncased,A_semantic_only,97,48c561c86be0,create graphical representations of industrial production systems,2085,dff8968fc034,1,0.7938977479934692,0.7938977479934692,3.5372424125671387,0.0,0.800000011920929,0.0,0
/home/jovyan/Joel_Pardo/AI4LABOUR/Mejoras/results_coursera/models/tsdae_coursera/google-bert/bert-base-uncased,A_semantic_only,97,48c561c86be0,create graphical representations of industrial production systems,5053,de7b151e0afe,2,0.7596615552902222,0.7596615552902222,3.251589059829712,0.0,1.0,0.0,0
/home/jovyan/Joel_Pardo/AI4LABOUR/Mejoras/results_coursera/models/tsdae_coursera/google-bert/bert-base-uncased,A_semantic_only,97,48c561c86be0,create graphical representations of industrial production systems,3378,d2e5330ba975,3,0.7352611422538757,0.7352611422538757,3.048001766204834,0.0,0.5714285969734192,0.1433677226305008,0
/home/jovyan/Joel_Pardo/AI4LABOUR/Mejoras/results_coursera/models/tsdae_coursera/google-bert/bert-base-uncased,A_semantic_only,97,48c561c86be0,create graphical representations of industrial production systems,754,2af854050699,4,0.735089898109436,0.735089898109436,3.0465729236602783,0.0,0.75,0.0,0
/home/jovyan/Joel_Pardo/AI4LABOUR/Mejoras/results_coursera/models/tsdae_coursera/google-bert/bert-base-uncased,A_semantic_only,97,48c561c86be0,create graphical representations of industrial production systems,2727,d75e8eeafa2f,5,0.7271883487701416,0.7271883487701416,2.9806456565856934,0.06666667014360428,0.6153846383094788,0.23758915066719055,0
/home/jovyan/Joel_Pardo/AI4LABOUR/Mejoras/results_coursera/models/tsdae_coursera/google-bert/bert-base-uncased,A_semantic_only,97,48c561c86be0,create graphical representations of industrial production systems,3117,d659070a6144,6,0.7246232628822327,0.7246232628822327,2.9592435359954834,0.1428571492433548,0.375,0.545514702796936,0
/home/jovyan/Joel_Pardo/AI4LABOUR/Mejoras/results_coursera/models/tsdae_coursera/google-bert/bert-base-uncased,A_semantic_only,97,48c561c86be0,create graphical representations of industrial production systems,989,4ec4f7a20f54,7,0.7245680689811707,0.7245680689811707,2.958782911300659,0.0,0.625,0.0,0
/home/jovyan/Joel_Pardo/AI4LABOUR/Mejoras/results_coursera/models/tsdae_coursera/google-bert/bert-base-uncased,A_semantic_only,97,48c561c86be0,create graphical representations of industrial production systems,4582,bde8c91972ff,8,0.7207516431808472,0.7207516431808472,2.9269402027130127,0.125,0.625,0.4107372462749481,0
/home/jovyan/Joel_Pardo/AI4LABOUR/Mejoras/results_coursera/models/tsdae_coursera/google-bert/bert-base-uncased,A_semantic_only,97,48c561c86be0,create graphical representations of industrial production systems,3663,9b1383e434a5,9,0.7197639346122742,0.7197639346122742,2.918699264526367,0.125,0.625,0.7134999632835388,0
/home/jovyan/Joel_Pardo/AI4LABOUR/Mejoras/results_coursera/models/tsdae_coursera/google-bert/bert-base-uncased,A_semantic_only,97,48c561c86be0,create graphical representations of industrial production systems,1268,41400dedd9f3,10,0.7195699214935303,0.7195699214935303,2.9170804023742676,0.0,0.5,0.0,0
/home/jovyan/Joel_Pardo/AI4LABOUR/Mejoras/results_coursera/models/tsdae_coursera/google-bert/bert-base-uncased,A_semantic_only,98,207462e43a8e,estimate technical or resource requirements for development or production projects,4561,7dbb7909a0ac,1,0.7987356185913086,0.7987356185913086,3.8889009952545166,0.10000000149011612,0.5454545617103577,0.4353587031364441,0
/home/jovyan/Joel_Pardo/AI4LABOUR/Mejoras/results_coursera/models/tsdae_coursera/google-bert/bert-base-uncased,A_semantic_only,98,207462e43a8e,estimate technical or resource requirements for development or production projects,1649,bd1d85f33bd2,2,0.7539647221565247,0.7539647221565247,3.5312891006469727,0.125,0.27272728085517883,0.8431257605552673,0
/home/jovyan/Joel_Pardo/AI4LABOUR/Mejoras/results_coursera/models/tsdae_coursera/google-bert/bert-base-uncased,A_semantic_only,98,207462e43a8e,estimate technical or resource requirements for development or production projects,2300,754666b07e71,3,0.7533095479011536,0.7533095479011536,3.5260558128356934,0.0714285746216774,0.7857142686843872,0.46871286630630493,0
/home/jovyan/Joel_Pardo/AI4LABOUR/Mejoras/results_coursera/models/tsdae_coursera/google-bert/bert-base-uncased,A_semantic_only,98,207462e43a8e,estimate technical or resource requirements for development or production projects,4791,baded3c66d4d,4,0.743259847164154,0.743259847164154,3.4457828998565674,0.0,0.5454545617103577,0.2889746129512787,0
/home/jovyan/Joel_Pardo/AI4LABOUR/Mejoras/results_coursera/models/tsdae_coursera/google-bert/bert-base-uncased,A_semantic_only,98,207462e43a8e,estimate technical or resource requirements for development or production projects,4501,7e31f9e44f69,5,0.7420355081558228,0.7420355081558228,3.4360032081604004,0.0833333358168602,0.9090909361839294,0.21207574009895325,0
/home/jovyan/Joel_Pardo/AI4LABOUR/Mejoras/results_coursera/models/tsdae_coursera/google-bert/bert-base-uncased,A_semantic_only,98,207462e43a8e,estimate technical or resource requirements for development or production projects,690,32402d5443a6,6,0.7164456248283386,0.7164456248283386,3.2316017150878906,0.0,0.7857142686843872,0.0,0
/home/jovyan/Joel_Pardo/AI4LABOUR/Mejoras/results_coursera/models/tsdae_coursera/google-bert/bert-base-uncased,A_semantic_only,98,207462e43a8e,estimate technical or resource requirements for development or production projects,1950,26eeaf26a09d,7,0.7111914157867432,0.7111914157867432,3.1896331310272217,0.0,0.7272727489471436,0.0,0
/home/jovyan/Joel_Pardo/AI4LABOUR/Mejoras/results_coursera/models/tsdae_coursera/google-bert/bert-base-uncased,A_semantic_only,98,207462e43a8e,estimate technical or resource requirements for development or production projects,180,1984ba551855,8,0.7104588747024536,0.7104588747024536,3.183781862258911,0.0,0.6875,0.0,0
/home/jovyan/Joel_Pardo/AI4LABOUR/Mejoras/results_coursera/models/tsdae_coursera/google-bert/bert-base-uncased,A_semantic_only,98,207462e43a8e,estimate technical or resource requirements for development or production projects,4990,a08b50631e6a,9,0.7049314975738525,0.7049314975738525,3.139631509780884,0.0,0.7333333492279053,0.0,0
/home/jovyan/Joel_Pardo/AI4LABOUR/Mejoras/results_coursera/models/tsdae_coursera/google-bert/bert-base-uncased,A_semantic_only,98,207462e43a8e,estimate technical or resource requirements for development or production projects,3378,d2e5330ba975,10,0.7046313881874084,0.7046313881874084,3.1372342109680176,0.0,0.7857142686843872,0.15374261140823364,0
/home/jovyan/Joel_Pardo/AI4LABOUR/Mejoras/results_coursera/models/tsdae_coursera/google-bert/bert-base-uncased,A_semantic_only,99,78b76b55f875,assess product or process usefulness,3303,8dee13915ca0,1,0.8120155334472656,0.8120155334472656,3.415444850921631,0.2857142984867096,0.75,0.8259292840957642,0
/home/jovyan/Joel_Pardo/AI4LABOUR/Mejoras/results_coursera/models/tsdae_coursera/google-bert/bert-base-uncased,A_semantic_only,99,78b76b55f875,assess product or process usefulness,4791,baded3c66d4d,2,0.7710893154144287,0.7710893154144287,3.0815725326538086,0.1666666716337204,1.0,0.4778703451156616,0
/home/jovyan/Joel_Pardo/AI4LABOUR/Mejoras/results_coursera/models/tsdae_coursera/google-bert/bert-base-uncased,A_semantic_only,99,78b76b55f875,assess product or process usefulness,5134,29c1e14899e6,3,0.7654373049736023,0.7654373049736023,3.03546404838562,0.0,0.6666666865348816,0.0,0
/home/jovyan/Joel_Pardo/AI4LABOUR/Mejoras/results_coursera/models/tsdae_coursera/google-bert/bert-base-uncased,A_semantic_only,99,78b76b55f875,assess product or process usefulness,180,1984ba551855,4,0.7436434030532837,0.7436434030532837,2.8576712608337402,0.0,0.375,0.0,0
/home/jovyan/Joel_Pardo/AI4LABOUR/Mejoras/results_coursera/models/tsdae_coursera/google-bert/bert-base-uncased,A_semantic_only,99,78b76b55f875,assess product or process usefulness,4793,ecfb3bfe17da,5,0.7434300184249878,0.7434300184249878,2.8559305667877197,0.125,1.0,0.4778703451156616,0
/home/jovyan/Joel_Pardo/AI4LABOUR/Mejoras/results_coursera/models/tsdae_coursera/google-bert/bert-base-uncased,A_semantic_only,99,78b76b55f875,assess product or process usefulness,1950,26eeaf26a09d,6,0.7393394708633423,0.7393394708633423,2.8225603103637695,0.1111111119389534,0.75,0.39172911643981934,0
/home/jovyan/Joel_Pardo/AI4LABOUR/Mejoras/results_coursera/models/tsdae_coursera/google-bert/bert-base-uncased,A_semantic_only,99,78b76b55f875,assess product or process usefulness,182,0179dc362b27,7,0.7375279664993286,0.7375279664993286,2.8077821731567383,0.0,0.5454545617103577,0.0,0
/home/jovyan/Joel_Pardo/AI4LABOUR/Mejoras/results_coursera/models/tsdae_coursera/google-bert/bert-base-uncased,A_semantic_only,99,78b76b55f875,assess product or process usefulness,181,6e0262463c46,8,0.7264569997787476,0.7264569997787476,2.717466354370117,0.0,0.6666666865348816,0.0,0
/home/jovyan/Joel_Pardo/AI4LABOUR/Mejoras/results_coursera/models/tsdae_coursera/google-bert/bert-base-uncased,A_semantic_only,99,78b76b55f875,assess product or process usefulness,4695,01577c91d859,9,0.7261781692504883,0.7261781692504883,2.715191602706909,0.20000000298023224,0.5,0.7130796313285828,0
/home/jovyan/Joel_Pardo/AI4LABOUR/Mejoras/results_coursera/models/tsdae_coursera/google-bert/bert-base-uncased,A_semantic_only,99,78b76b55f875,assess product or process usefulness,80,5402ba93471c,10,0.7230777740478516,0.7230777740478516,2.68989896774292,0.1666666716337204,0.6666666865348816,0.67899090051651,0
/home/jovyan/Joel_Pardo/AI4LABOUR/Mejoras/results_coursera/models/tsdae_coursera/google-bert/bert-base-uncased,A_semantic_only,100,6002eddcd7d0,resolve operational performance problems,4058,74fe0528c27f,1,0.8039447069168091,0.8039447069168091,3.454136610031128,0.125,0.8333333134651184,0.768623948097229,0
/home/jovyan/Joel_Pardo/AI4LABOUR/Mejoras/results_coursera/models/tsdae_coursera/google-bert/bert-base-uncased,A_semantic_only,100,6002eddcd7d0,resolve operational performance problems,5134,29c1e14899e6,2,0.7570139169692993,0.7570139169692993,3.0882863998413086,0.0,0.800000011920929,0.0,0
/home/jovyan/Joel_Pardo/AI4LABOUR/Mejoras/results_coursera/models/tsdae_coursera/google-bert/bert-base-uncased,A_semantic_only,100,6002eddcd7d0,resolve operational performance problems,3891,6579f5e89913,3,0.7559076547622681,0.7559076547622681,3.079662561416626,0.1428571492433548,0.8333333134651184,0.560200035572052,0
/home/jovyan/Joel_Pardo/AI4LABOUR/Mejoras/results_coursera/models/tsdae_coursera/google-bert/bert-base-uncased,A_semantic_only,100,6002eddcd7d0,resolve operational performance problems,1528,b5a989054bb6,4,0.7458561658859253,0.7458561658859253,3.0013058185577393,0.0,0.6000000238418579,0.0,0
/home/jovyan/Joel_Pardo/AI4LABOUR/Mejoras/results_coursera/models/tsdae_coursera/google-bert/bert-base-uncased,A_semantic_only,100,6002eddcd7d0,resolve operational performance problems,1675,8335d26464b5,5,0.7369507551193237,0.7369507551193237,2.9318835735321045,0.0,1.0,0.0,0
/home/jovyan/Joel_Pardo/AI4LABOUR/Mejoras/results_coursera/models/tsdae_coursera/google-bert/bert-base-uncased,A_semantic_only,100,6002eddcd7d0,resolve operational performance problems,2216,7f54b0ad802f,6,0.7332623600959778,0.7332623600959778,2.903130531311035,0.20000000298023224,0.6000000238418579,0.8359322547912598,0
/home/jovyan/Joel_Pardo/AI4LABOUR/Mejoras/results_coursera/models/tsdae_coursera/google-bert/bert-base-uncased,A_semantic_only,100,6002eddcd7d0,resolve operational performance problems,1649,bd1d85f33bd2,7,0.7291743755340576,0.7291743755340576,2.871262550354004,0.0,0.6000000238418579,0.0,0
/home/jovyan/Joel_Pardo/AI4LABOUR/Mejoras/results_coursera/models/tsdae_coursera/google-bert/bert-base-uncased,A_semantic_only,100,6002eddcd7d0,resolve operational performance problems,1972,f89cc430126b,8,0.7162669897079468,0.7162669897079468,2.7706427574157715,0.0,1.0,0.0,0
/home/jovyan/Joel_Pardo/AI4LABOUR/Mejoras/results_coursera/models/tsdae_coursera/google-bert/bert-base-uncased,A_semantic_only,100,6002eddcd7d0,resolve operational performance problems,399,63d29bfd492f,9,0.7148169875144958,0.7148169875144958,2.7593390941619873,0.1666666716337204,0.800000011920929,0.7181130647659302,0
/home/jovyan/Joel_Pardo/AI4LABOUR/Mejoras/results_coursera/models/tsdae_coursera/google-bert/bert-base-uncased,A_semantic_only,100,6002eddcd7d0,resolve operational performance problems,4793,ecfb3bfe17da,10,0.7119839787483215,0.7119839787483215,2.7372543811798096,0.0,0.8333333134651184,0.0,0
/home/jovyan/Joel_Pardo/AI4LABOUR/Mejoras/results_coursera/models/tsdae_coursera/google-bert/bert-base-uncased,A_semantic_only,101,ae138f31c069,"purchase materials, equipment, or other resources",4561,7dbb7909a0ac,1,0.6006632447242737,0.6006632447242737,3.386404037475586,0.0,0.8571428656578064,0.0,0
/home/jovyan/Joel_Pardo/AI4LABOUR/Mejoras/results_coursera/models/tsdae_coursera/google-bert/bert-base-uncased,A_semantic_only,101,ae138f31c069,"purchase materials, equipment, or other resources",989,4ec4f7a20f54,2,0.5908554792404175,0.5908554792404175,3.269211530685425,0.1428571492433548,0.7142857313156128,0.6294028759002686,0
/home/jovyan/Joel_Pardo/AI4LABOUR/Mejoras/results_coursera/models/tsdae_coursera/google-bert/bert-base-uncased,A_semantic_only,101,ae138f31c069,"purchase materials, equipment, or other resources",4838,53dd4fb611bb,3,0.5907057523727417,0.5907057523727417,3.2674224376678467,0.0,0.5714285969734192,0.0,0
/home/jovyan/Joel_Pardo/AI4LABOUR/Mejoras/results_coursera/models/tsdae_coursera/google-bert/bert-base-uncased,A_semantic_only,101,ae138f31c069,"purchase materials, equipment, or other resources",1649,bd1d85f33bd2,4,0.5858868956565857,0.5858868956565857,3.2098419666290283,0.0,0.4285714328289032,0.0,0
/home/jovyan/Joel_Pardo/AI4LABOUR/Mejoras/results_coursera/models/tsdae_coursera/google-bert/bert-base-uncased,A_semantic_only,101,ae138f31c069,"purchase materials, equipment, or other resources",4990,a08b50631e6a,5,0.5848023891448975,0.5848023891448975,3.196883201599121,0.0,0.46666666865348816,0.0,0
/home/jovyan/Joel_Pardo/AI4LABOUR/Mejoras/results_coursera/models/tsdae_coursera/google-bert/bert-base-uncased,A_semantic_only,101,ae138f31c069,"purchase materials, equipment, or other resources",150,e1b657c11575,6,0.5837903618812561,0.5837903618812561,3.18479061126709,0.0,0.4117647111415863,0.0,0
/home/jovyan/Joel_Pardo/AI4LABOUR/Mejoras/results_coursera/models/tsdae_coursera/google-bert/bert-base-uncased,A_semantic_only,101,ae138f31c069,"purchase materials, equipment, or other resources",4679,aa2e3ac253d9,7,0.5820286273956299,0.5820286273956299,3.1637396812438965,0.0,0.5,0.0,0
/home/jovyan/Joel_Pardo/AI4LABOUR/Mejoras/results_coursera/models/tsdae_coursera/google-bert/bert-base-uncased,A_semantic_only,101,ae138f31c069,"purchase materials, equipment, or other resources",180,1984ba551855,8,0.5811967849731445,0.5811967849731445,3.1538000106811523,0.0,0.4375,0.0,0
/home/jovyan/Joel_Pardo/AI4LABOUR/Mejoras/results_coursera/models/tsdae_coursera/google-bert/bert-base-uncased,A_semantic_only,101,ae138f31c069,"purchase materials, equipment, or other resources",147,575ea3efc7e8,9,0.5780657529830933,0.5780657529830933,3.116387367248535,0.0,0.2800000011920929,0.0,0
/home/jovyan/Joel_Pardo/AI4LABOUR/Mejoras/results_coursera/models/tsdae_coursera/google-bert/bert-base-uncased,A_semantic_only,101,ae138f31c069,"purchase materials, equipment, or other resources",3943,1eedfa96d1f9,10,0.5754010677337646,0.5754010677337646,3.084547281265259,0.07692307978868484,0.5833333134651184,0.4215032160282135,0
/home/jovyan/Joel_Pardo/AI4LABOUR/Mejoras/results_coursera/models/tsdae_coursera/google-bert/bert-base-uncased,A_semantic_only,102,f2c8cd5b27ab,evaluate designs or specifications to ensure quality,4793,ecfb3bfe17da,1,0.7418642044067383,0.7418642044067383,3.3404226303100586,0.0,0.75,0.0,0
/home/jovyan/Joel_Pardo/AI4LABOUR/Mejoras/results_coursera/models/tsdae_coursera/google-bert/bert-base-uncased,A_semantic_only,102,f2c8cd5b27ab,evaluate designs or specifications to ensure quality,5134,29c1e14899e6,2,0.735662579536438,0.735662579536438,3.289055347442627,0.1428571492433548,0.5,0.6408291459083557,0
/home/jovyan/Joel_Pardo/AI4LABOUR/Mejoras/results_coursera/models/tsdae_coursera/google-bert/bert-base-uncased,A_semantic_only,102,f2c8cd5b27ab,evaluate designs or specifications to ensure quality,3816,d4dcc2b4ce0a,3,0.7351833581924438,0.7351833581924438,3.285086154937744,0.0,0.875,0.0,0
/home/jovyan/Joel_Pardo/AI4LABOUR/Mejoras/results_coursera/models/tsdae_coursera/google-bert/bert-base-uncased,A_semantic_only,102,f2c8cd5b27ab,evaluate designs or specifications to ensure quality,4828,0207b591a5d5,4,0.7273675203323364,0.7273675203323364,3.220348596572876,0.1666666716337204,0.375,1.0,0
/home/jovyan/Joel_Pardo/AI4LABOUR/Mejoras/results_coursera/models/tsdae_coursera/google-bert/bert-base-uncased,A_semantic_only,102,f2c8cd5b27ab,evaluate designs or specifications to ensure quality,5211,4da88cffef86,5,0.721243679523468,0.721243679523468,3.169625759124756,0.1666666716337204,0.375,0.7459685206413269,0
/home/jovyan/Joel_Pardo/AI4LABOUR/Mejoras/results_coursera/models/tsdae_coursera/google-bert/bert-base-uncased,A_semantic_only,102,f2c8cd5b27ab,evaluate designs or specifications to ensure quality,4450,58319ec211bf,6,0.7178437113761902,0.7178437113761902,3.1414642333984375,0.0,0.875,0.0,0
/home/jovyan/Joel_Pardo/AI4LABOUR/Mejoras/results_coursera/models/tsdae_coursera/google-bert/bert-base-uncased,A_semantic_only,102,f2c8cd5b27ab,evaluate designs or specifications to ensure quality,181,6e0262463c46,7,0.7134785652160645,0.7134785652160645,3.1053085327148438,0.0,0.8888888955116272,0.23095199465751648,0
/home/jovyan/Joel_Pardo/AI4LABOUR/Mejoras/results_coursera/models/tsdae_coursera/google-bert/bert-base-uncased,A_semantic_only,102,f2c8cd5b27ab,evaluate designs or specifications to ensure quality,4558,7b0342e1d11a,8,0.7134039402008057,0.7134039402008057,3.1046903133392334,0.0,0.75,0.0,0
/home/jovyan/Joel_Pardo/AI4LABOUR/Mejoras/results_coursera/models/tsdae_coursera/google-bert/bert-base-uncased,A_semantic_only,102,f2c8cd5b27ab,evaluate designs or specifications to ensure quality,4501,7e31f9e44f69,9,0.7052294015884399,0.7052294015884399,3.0369818210601807,0.0,0.800000011920929,0.0,0
/home/jovyan/Joel_Pardo/AI4LABOUR/Mejoras/results_coursera/models/tsdae_coursera/google-bert/bert-base-uncased,A_semantic_only,102,f2c8cd5b27ab,evaluate designs or specifications to ensure quality,1897,d330010440a6,10,0.6994069218635559,0.6994069218635559,2.988754987716675,0.0,0.375,0.0,0
/home/jovyan/Joel_Pardo/AI4LABOUR/Mejoras/results_coursera/models/tsdae_coursera/google-bert/bert-base-uncased,A_semantic_only,103,6680fc36f234,provide technical guidance to other personnel,3612,4a2adc186b51,1,0.7237792015075684,0.7237792015075684,3.4505996704101562,0.0,0.4285714328289032,0.0,0
/home/jovyan/Joel_Pardo/AI4LABOUR/Mejoras/results_coursera/models/tsdae_coursera/google-bert/bert-base-uncased,A_semantic_only,103,6680fc36f234,provide technical guidance to other personnel,5214,4d29d09f4c1d,2,0.7085679769515991,0.7085679769515991,3.3291754722595215,0.10000000149011612,0.699999988079071,0.3362140953540802,0
/home/jovyan/Joel_Pardo/AI4LABOUR/Mejoras/results_coursera/models/tsdae_coursera/google-bert/bert-base-uncased,A_semantic_only,103,6680fc36f234,provide technical guidance to other personnel,1607,6544768291be,3,0.6972523927688599,0.6972523927688599,3.2388482093811035,0.1666666716337204,0.4285714328289032,0.7223473191261292,0
/home/jovyan/Joel_Pardo/AI4LABOUR/Mejoras/results_coursera/models/tsdae_coursera/google-bert/bert-base-uncased,A_semantic_only,103,6680fc36f234,provide technical guidance to other personnel,3378,d2e5330ba975,4,0.6948173642158508,0.6948173642158508,3.2194104194641113,0.0,0.5,0.0,0
/home/jovyan/Joel_Pardo/AI4LABOUR/Mejoras/results_coursera/models/tsdae_coursera/google-bert/bert-base-uncased,A_semantic_only,103,6680fc36f234,provide technical guidance to other personnel,3213,e73f40d83ac6,5,0.6888410449028015,0.6888410449028015,3.1717042922973633,0.0833333358168602,0.5833333134651184,0.5787304639816284,0
/home/jovyan/Joel_Pardo/AI4LABOUR/Mejoras/results_coursera/models/tsdae_coursera/google-bert/bert-base-uncased,A_semantic_only,103,6680fc36f234,provide technical guidance to other personnel,4299,15a6d3bb4d7b,6,0.6880984902381897,0.6880984902381897,3.1657767295837402,0.0,0.7777777910232544,0.0,0
/home/jovyan/Joel_Pardo/AI4LABOUR/Mejoras/results_coursera/models/tsdae_coursera/google-bert/bert-base-uncased,A_semantic_only,103,6680fc36f234,provide technical guidance to other personnel,2112,49e1b35b16b4,7,0.6813696026802063,0.6813696026802063,3.11206316947937,0.0,0.8571428656578064,0.0,0
/home/jovyan/Joel_Pardo/AI4LABOUR/Mejoras/results_coursera/models/tsdae_coursera/google-bert/bert-base-uncased,A_semantic_only,103,6680fc36f234,provide technical guidance to other personnel,1792,0be97b2fe6a9,8,0.681292712688446,0.681292712688446,3.1114492416381836,0.0,0.5714285969734192,0.0,0
/home/jovyan/Joel_Pardo/AI4LABOUR/Mejoras/results_coursera/models/tsdae_coursera/google-bert/bert-base-uncased,A_semantic_only,103,6680fc36f234,provide technical guidance to other personnel,3215,d4793dfe8103,9,0.6799869537353516,0.6799869537353516,3.1010260581970215,0.125,1.0,0.6955372095108032,0
/home/jovyan/Joel_Pardo/AI4LABOUR/Mejoras/results_coursera/models/tsdae_coursera/google-bert/bert-base-uncased,A_semantic_only,103,6680fc36f234,provide technical guidance to other personnel,3780,5279f5c334f7,10,0.6724904775619507,0.6724904775619507,3.041185140609741,0.0,1.0,0.0,0
/home/jovyan/Joel_Pardo/AI4LABOUR/Mejoras/results_coursera/models/tsdae_coursera/google-bert/bert-base-uncased,A_semantic_only,104,985eed507e3a,analyze costs and benefits of proposed designs or projects,2300,754666b07e71,1,0.8426731824874878,0.8426731824874878,3.8840653896331787,0.07692307978868484,0.7142857313156128,0.6208434700965881,0
/home/jovyan/Joel_Pardo/AI4LABOUR/Mejoras/results_coursera/models/tsdae_coursera/google-bert/bert-base-uncased,A_semantic_only,104,985eed507e3a,analyze costs and benefits of proposed designs or projects,4561,7dbb7909a0ac,2,0.8236501216888428,0.8236501216888428,3.743074417114258,0.0,0.6000000238418579,0.1931527704000473,0
/home/jovyan/Joel_Pardo/AI4LABOUR/Mejoras/results_coursera/models/tsdae_coursera/google-bert/bert-base-uncased,A_semantic_only,104,985eed507e3a,analyze costs and benefits of proposed designs or projects,690,32402d5443a6,3,0.8081411123275757,0.8081411123275757,3.6281280517578125,0.0,0.7142857313156128,0.1735466718673706,0
/home/jovyan/Joel_Pardo/AI4LABOUR/Mejoras/results_coursera/models/tsdae_coursera/google-bert/bert-base-uncased,A_semantic_only,104,985eed507e3a,analyze costs and benefits of proposed designs or projects,2301,6d7d5c1c49a4,4,0.7981252670288086,0.7981252670288086,3.5538947582244873,0.0,0.8333333134651184,0.15168793499469757,0
/home/jovyan/Joel_Pardo/AI4LABOUR/Mejoras/results_coursera/models/tsdae_coursera/google-bert/bert-base-uncased,A_semantic_only,104,985eed507e3a,analyze costs and benefits of proposed designs or projects,2299,4344a6f8e289,5,0.7936204075813293,0.7936204075813293,3.5205066204071045,0.0,0.5555555820465088,0.2507457435131073,0
/home/jovyan/Joel_Pardo/AI4LABOUR/Mejoras/results_coursera/models/tsdae_coursera/google-bert/bert-base-uncased,A_semantic_only,104,985eed507e3a,analyze costs and benefits of proposed designs or projects,180,1984ba551855,6,0.7888534069061279,0.7888534069061279,3.485175371170044,0.0,0.625,0.1579435169696808,0
/home/jovyan/Joel_Pardo/AI4LABOUR/Mejoras/results_coursera/models/tsdae_coursera/google-bert/bert-base-uncased,A_semantic_only,104,985eed507e3a,analyze costs and benefits of proposed designs or projects,4990,a08b50631e6a,7,0.7866455316543579,0.7866455316543579,3.468811511993408,0.0,0.6666666865348816,0.16537787020206451,0
/home/jovyan/Joel_Pardo/AI4LABOUR/Mejoras/results_coursera/models/tsdae_coursera/google-bert/bert-base-uncased,A_semantic_only,104,985eed507e3a,analyze costs and benefits of proposed designs or projects,4306,01c767aac2ad,8,0.783554196357727,0.783554196357727,3.4458999633789062,0.0,0.9090909361839294,0.12463479489088058,0
/home/jovyan/Joel_Pardo/AI4LABOUR/Mejoras/results_coursera/models/tsdae_coursera/google-bert/bert-base-uncased,A_semantic_only,104,985eed507e3a,analyze costs and benefits of proposed designs or projects,4501,7e31f9e44f69,9,0.7810125946998596,0.7810125946998596,3.427062511444092,0.0,1.0,0.3090076744556427,0
/home/jovyan/Joel_Pardo/AI4LABOUR/Mejoras/results_coursera/models/tsdae_coursera/google-bert/bert-base-uncased,A_semantic_only,104,985eed507e3a,analyze costs and benefits of proposed designs or projects,4312,e1d150ca0e67,10,0.774092435836792,0.774092435836792,3.3757731914520264,0.0,0.800000011920929,0.15833492577075958,0
/home/jovyan/Joel_Pardo/AI4LABOUR/Mejoras/results_coursera/models/tsdae_coursera/google-bert/bert-base-uncased,A_semantic_only,105,8bb47fa10a52,investigate the environmental impact of projects,4247,310c23fd2d02,1,0.7969568967819214,0.7969568967819214,3.7036139965057373,0.1428571492433548,0.8571428656578064,0.5921268463134766,0
/home/jovyan/Joel_Pardo/AI4LABOUR/Mejoras/results_coursera/models/tsdae_coursera/google-bert/bert-base-uncased,A_semantic_only,105,8bb47fa10a52,investigate the environmental impact of projects,2300,754666b07e71,2,0.7899134755134583,0.7899134755134583,3.6496458053588867,0.09090909361839294,0.5,0.643685519695282,0
/home/jovyan/Joel_Pardo/AI4LABOUR/Mejoras/results_coursera/models/tsdae_coursera/google-bert/bert-base-uncased,A_semantic_only,105,8bb47fa10a52,investigate the environmental impact of projects,2301,6d7d5c1c49a4,3,0.7798138856887817,0.7798138856887817,3.572260618209839,0.0,0.5833333134651184,0.26876768469810486,0
/home/jovyan/Joel_Pardo/AI4LABOUR/Mejoras/results_coursera/models/tsdae_coursera/google-bert/bert-base-uncased,A_semantic_only,105,8bb47fa10a52,investigate the environmental impact of projects,2299,4344a6f8e289,4,0.7711888551712036,0.7711888551712036,3.506173849105835,0.0,0.3888888955116272,0.4442829191684723,0
/home/jovyan/Joel_Pardo/AI4LABOUR/Mejoras/results_coursera/models/tsdae_coursera/google-bert/bert-base-uncased,A_semantic_only,105,8bb47fa10a52,investigate the environmental impact of projects,5020,d5543f5402aa,5,0.7689481973648071,0.7689481973648071,3.4890055656433105,0.20000000298023224,0.4285714328289032,0.5700430274009705,0
/home/jovyan/Joel_Pardo/AI4LABOUR/Mejoras/results_coursera/models/tsdae_coursera/google-bert/bert-base-uncased,A_semantic_only,105,8bb47fa10a52,investigate the environmental impact of projects,4497,cfd44fc1bab7,6,0.7620172500610352,0.7620172500610352,3.435899019241333,0.20000000298023224,0.5714285969734192,0.5103008151054382,0
/home/jovyan/Joel_Pardo/AI4LABOUR/Mejoras/results_coursera/models/tsdae_coursera/google-bert/bert-base-uncased,A_semantic_only,105,8bb47fa10a52,investigate the environmental impact of projects,4989,f216a9fa6c2b,7,0.7559697031974792,0.7559697031974792,3.389561414718628,0.0,0.699999988079071,0.3098164498806,0
/home/jovyan/Joel_Pardo/AI4LABOUR/Mejoras/results_coursera/models/tsdae_coursera/google-bert/bert-base-uncased,A_semantic_only,105,8bb47fa10a52,investigate the environmental impact of projects,142,c477df18ea2a,8,0.7414664626121521,0.7414664626121521,3.2784345149993896,0.0,0.5833333134651184,0.1421709954738617,0
/home/jovyan/Joel_Pardo/AI4LABOUR/Mejoras/results_coursera/models/tsdae_coursera/google-bert/bert-base-uncased,A_semantic_only,105,8bb47fa10a52,investigate the environmental impact of projects,2975,8479908ec09d,9,0.739403247833252,0.739403247833252,3.2626259326934814,0.0,0.3684210479259491,0.2565086781978607,0
/home/jovyan/Joel_Pardo/AI4LABOUR/Mejoras/results_coursera/models/tsdae_coursera/google-bert/bert-base-uncased,A_semantic_only,105,8bb47fa10a52,investigate the environmental impact of projects,4988,2ebd7081bf5a,10,0.7362076044082642,0.7362076044082642,3.238140106201172,0.0,0.5833333134651184,0.0,0
/home/jovyan/Joel_Pardo/AI4LABOUR/Mejoras/results_coursera/models/tsdae_coursera/google-bert/bert-base-uncased,A_semantic_only,106,48548f20bc23,estimate labor requirements,1649,bd1d85f33bd2,1,0.7636632919311523,0.7636632919311523,3.574005603790283,0.25,0.75,1.0,0
/home/jovyan/Joel_Pardo/AI4LABOUR/Mejoras/results_coursera/models/tsdae_coursera/google-bert/bert-base-uncased,A_semantic_only,106,48548f20bc23,estimate labor requirements,4557,a807b9e8d04c,2,0.7308796644210815,0.7308796644210815,3.299819231033325,0.0,1.0,0.0,0
/home/jovyan/Joel_Pardo/AI4LABOUR/Mejoras/results_coursera/models/tsdae_coursera/google-bert/bert-base-uncased,A_semantic_only,106,48548f20bc23,estimate labor requirements,161,0158362822fe,3,0.7192878723144531,0.7192878723144531,3.202871084213257,0.0,1.0,0.0,0
/home/jovyan/Joel_Pardo/AI4LABOUR/Mejoras/results_coursera/models/tsdae_coursera/google-bert/bert-base-uncased,A_semantic_only,106,48548f20bc23,estimate labor requirements,2602,feb20efe8a4d,4,0.714516818523407,0.714516818523407,3.162968397140503,0.0,1.0,0.0,0
/home/jovyan/Joel_Pardo/AI4LABOUR/Mejoras/results_coursera/models/tsdae_coursera/google-bert/bert-base-uncased,A_semantic_only,106,48548f20bc23,estimate labor requirements,2926,747bfa9e8bfc,5,0.7121845483779907,0.7121845483779907,3.1434624195098877,0.0,1.0,0.0,0
/home/jovyan/Joel_Pardo/AI4LABOUR/Mejoras/results_coursera/models/tsdae_coursera/google-bert/bert-base-uncased,A_semantic_only,106,48548f20bc23,estimate labor requirements,2918,34daa13d90ae,6,0.704872190952301,0.704872190952301,3.082305431365967,0.0,1.0,0.0,0
/home/jovyan/Joel_Pardo/AI4LABOUR/Mejoras/results_coursera/models/tsdae_coursera/google-bert/bert-base-uncased,A_semantic_only,106,48548f20bc23,estimate labor requirements,425,b06cd44db3d0,7,0.6997064352035522,0.6997064352035522,3.0391013622283936,0.0,0.800000011920929,0.0,0
/home/jovyan/Joel_Pardo/AI4LABOUR/Mejoras/results_coursera/models/tsdae_coursera/google-bert/bert-base-uncased,A_semantic_only,106,48548f20bc23,estimate labor requirements,2669,5cbdfa772103,8,0.6974676251411438,0.6974676251411438,3.0203771591186523,0.0,0.800000011920929,0.0,0
/home/jovyan/Joel_Pardo/AI4LABOUR/Mejoras/results_coursera/models/tsdae_coursera/google-bert/bert-base-uncased,A_semantic_only,106,48548f20bc23,estimate labor requirements,2054,2fa5be7270a6,9,0.6915639638900757,0.6915639638900757,2.9710018634796143,0.0,0.800000011920929,0.0,0
/home/jovyan/Joel_Pardo/AI4LABOUR/Mejoras/results_coursera/models/tsdae_coursera/google-bert/bert-base-uncased,A_semantic_only,106,48548f20bc23,estimate labor requirements,4838,53dd4fb611bb,10,0.6908604502677917,0.6908604502677917,2.965117931365967,0.0,1.0,0.0,0
/home/jovyan/Joel_Pardo/AI4LABOUR/Mejoras/results_coursera/models/tsdae_coursera/google-bert/bert-base-uncased,A_semantic_only,107,750257b28f11,perform human resources activities,1293,2c9ee3397278,1,0.8105359077453613,0.8105359077453613,3.3791627883911133,0.4000000059604645,0.800000011920929,1.0,0
/home/jovyan/Joel_Pardo/AI4LABOUR/Mejoras/results_coursera/models/tsdae_coursera/google-bert/bert-base-uncased,A_semantic_only,107,750257b28f11,perform human resources activities,3050,c06738d7cb15,2,0.783708930015564,0.783708930015564,3.191136360168457,0.3333333432674408,1.0,0.8764676451683044,0
/home/jovyan/Joel_Pardo/AI4LABOUR/Mejoras/results_coursera/models/tsdae_coursera/google-bert/bert-base-uncased,A_semantic_only,107,750257b28f11,perform human resources activities,3586,f77f2bcecc27,3,0.7786481380462646,0.7786481380462646,3.155665874481201,0.0,0.625,0.0,0
/home/jovyan/Joel_Pardo/AI4LABOUR/Mejoras/results_coursera/models/tsdae_coursera/google-bert/bert-base-uncased,A_semantic_only,107,750257b28f11,perform human resources activities,2384,9f0afa80bca1,4,0.7753162384033203,0.7753162384033203,3.1323130130767822,0.0,0.7142857313156128,0.0,0
/home/jovyan/Joel_Pardo/AI4LABOUR/Mejoras/results_coursera/models/tsdae_coursera/google-bert/bert-base-uncased,A_semantic_only,107,750257b28f11,perform human resources activities,3223,fdc84c4c4b02,5,0.7611017227172852,0.7611017227172852,3.0326855182647705,0.4000000059604645,0.800000011920929,1.0,0
/home/jovyan/Joel_Pardo/AI4LABOUR/Mejoras/results_coursera/models/tsdae_coursera/google-bert/bert-base-uncased,A_semantic_only,107,750257b28f11,perform human resources activities,425,b06cd44db3d0,6,0.7465177774429321,0.7465177774429321,2.9304685592651367,0.0,1.0,0.0,0
/home/jovyan/Joel_Pardo/AI4LABOUR/Mejoras/results_coursera/models/tsdae_coursera/google-bert/bert-base-uncased,A_semantic_only,107,750257b28f11,perform human resources activities,2112,49e1b35b16b4,7,0.745689868927002,0.745689868927002,2.924665927886963,0.0,0.8333333134651184,0.0,0
/home/jovyan/Joel_Pardo/AI4LABOUR/Mejoras/results_coursera/models/tsdae_coursera/google-bert/bert-base-uncased,A_semantic_only,107,750257b28f11,perform human resources activities,504,74434e985ee7,8,0.7426502704620361,0.7426502704620361,2.9033617973327637,0.0,0.8333333134651184,0.0,0
/home/jovyan/Joel_Pardo/AI4LABOUR/Mejoras/results_coursera/models/tsdae_coursera/google-bert/bert-base-uncased,A_semantic_only,107,750257b28f11,perform human resources activities,1863,6a901f9ab4b7,9,0.7394012808799744,0.7394012808799744,2.8805899620056152,0.04545454680919647,0.19230769574642181,0.1362917125225067,0
/home/jovyan/Joel_Pardo/AI4LABOUR/Mejoras/results_coursera/models/tsdae_coursera/google-bert/bert-base-uncased,A_semantic_only,107,750257b28f11,perform human resources activities,3780,5279f5c334f7,10,0.7392925024032593,0.7392925024032593,2.8798274993896484,0.0,0.7142857313156128,0.0,0
/home/jovyan/Joel_Pardo/AI4LABOUR/Mejoras/results_coursera/models/tsdae_coursera/google-bert/bert-base-uncased,A_semantic_only,108,3f3251058257,administer standardized physical or psychological tests,3785,7f5f749196ba,1,0.7796516418457031,0.7796516418457031,3.945283889770508,0.0,0.7142857313156128,0.0,0
/home/jovyan/Joel_Pardo/AI4LABOUR/Mejoras/results_coursera/models/tsdae_coursera/google-bert/bert-base-uncased,A_semantic_only,108,3f3251058257,administer standardized physical or psychological tests,2159,73e7c7a9947e,2,0.7549770474433899,0.7549770474433899,3.742316722869873,0.0,0.4285714328289032,0.0,0
/home/jovyan/Joel_Pardo/AI4LABOUR/Mejoras/results_coursera/models/tsdae_coursera/google-bert/bert-base-uncased,A_semantic_only,108,3f3251058257,administer standardized physical or psychological tests,4232,16309f7990f0,3,0.7547459602355957,0.7547459602355957,3.7404158115386963,0.0,0.4285714328289032,0.0,0
/home/jovyan/Joel_Pardo/AI4LABOUR/Mejoras/results_coursera/models/tsdae_coursera/google-bert/bert-base-uncased,A_semantic_only,108,3f3251058257,administer standardized physical or psychological tests,3086,2f64529e9d77,4,0.7305858135223389,0.7305858135223389,3.541680335998535,0.0,0.4285714328289032,0.0,0
/home/jovyan/Joel_Pardo/AI4LABOUR/Mejoras/results_coursera/models/tsdae_coursera/google-bert/bert-base-uncased,A_semantic_only,108,3f3251058257,administer standardized physical or psychological tests,1294,5096c410d87f,5,0.6996297836303711,0.6996297836303711,3.287043571472168,0.0,0.2857142984867096,0.0,0
/home/jovyan/Joel_Pardo/AI4LABOUR/Mejoras/results_coursera/models/tsdae_coursera/google-bert/bert-base-uncased,A_semantic_only,108,3f3251058257,administer standardized physical or psychological tests,855,834fcfea4206,6,0.6986292004585266,0.6986292004585266,3.278813123703003,0.0,0.4285714328289032,0.0,0
/home/jovyan/Joel_Pardo/AI4LABOUR/Mejoras/results_coursera/models/tsdae_coursera/google-bert/bert-base-uncased,A_semantic_only,108,3f3251058257,administer standardized physical or psychological tests,3659,dda10b91032b,7,0.6963351964950562,0.6963351964950562,3.2599430084228516,0.0,0.4285714328289032,0.0,0
/home/jovyan/Joel_Pardo/AI4LABOUR/Mejoras/results_coursera/models/tsdae_coursera/google-bert/bert-base-uncased,A_semantic_only,108,3f3251058257,administer standardized physical or psychological tests,1038,a57be234a339,8,0.6859537959098816,0.6859537959098816,3.1745481491088867,0.1666666716337204,0.4285714328289032,0.9154738783836365,0
/home/jovyan/Joel_Pardo/AI4LABOUR/Mejoras/results_coursera/models/tsdae_coursera/google-bert/bert-base-uncased,A_semantic_only,108,3f3251058257,administer standardized physical or psychological tests,1290,586e2422dc62,9,0.6806345582008362,0.6806345582008362,3.130793571472168,0.0,0.4285714328289032,0.0,0
/home/jovyan/Joel_Pardo/AI4LABOUR/Mejoras/results_coursera/models/tsdae_coursera/google-bert/bert-base-uncased,A_semantic_only,108,3f3251058257,administer standardized physical or psychological tests,4217,54a8e7155159,10,0.6792615652084351,0.6792615652084351,3.119499683380127,0.0,0.4285714328289032,0.0,0
/home/jovyan/Joel_Pardo/AI4LABOUR/Mejoras/results_coursera/models/tsdae_coursera/google-bert/bert-base-uncased,A_semantic_only,109,d052bd1e246e,manage human resources activities,1293,2c9ee3397278,1,0.8429195880889893,0.8429195880889893,3.330940008163452,0.4000000059604645,0.800000011920929,1.0,0
/home/jovyan/Joel_Pardo/AI4LABOUR/Mejoras/results_coursera/models/tsdae_coursera/google-bert/bert-base-uncased,A_semantic_only,109,d052bd1e246e,manage human resources activities,3586,f77f2bcecc27,2,0.824328601360321,0.824328601360321,3.2069945335388184,0.0,0.625,0.0,0
/home/jovyan/Joel_Pardo/AI4LABOUR/Mejoras/results_coursera/models/tsdae_coursera/google-bert/bert-base-uncased,A_semantic_only,109,d052bd1e246e,manage human resources activities,3050,c06738d7cb15,3,0.8242529630661011,0.8242529630661011,3.2064902782440186,0.3333333432674408,1.0,0.8764676451683044,0
/home/jovyan/Joel_Pardo/AI4LABOUR/Mejoras/results_coursera/models/tsdae_coursera/google-bert/bert-base-uncased,A_semantic_only,109,d052bd1e246e,manage human resources activities,2384,9f0afa80bca1,4,0.8024364709854126,0.8024364709854126,3.0610406398773193,0.0,0.7142857313156128,0.0,0
/home/jovyan/Joel_Pardo/AI4LABOUR/Mejoras/results_coursera/models/tsdae_coursera/google-bert/bert-base-uncased,A_semantic_only,109,d052bd1e246e,manage human resources activities,3223,fdc84c4c4b02,5,0.8001507520675659,0.8001507520675659,3.045801877975464,0.4000000059604645,0.800000011920929,1.0,0
/home/jovyan/Joel_Pardo/AI4LABOUR/Mejoras/results_coursera/models/tsdae_coursera/google-bert/bert-base-uncased,A_semantic_only,109,d052bd1e246e,manage human resources activities,425,b06cd44db3d0,6,0.7944895029067993,0.7944895029067993,3.008058547973633,0.0,1.0,0.0,0
/home/jovyan/Joel_Pardo/AI4LABOUR/Mejoras/results_coursera/models/tsdae_coursera/google-bert/bert-base-uncased,A_semantic_only,109,d052bd1e246e,manage human resources activities,504,74434e985ee7,7,0.7918076515197754,0.7918076515197754,2.9901788234710693,0.0,0.8333333134651184,0.0,0
/home/jovyan/Joel_Pardo/AI4LABOUR/Mejoras/results_coursera/models/tsdae_coursera/google-bert/bert-base-uncased,A_semantic_only,109,d052bd1e246e,manage human resources activities,217,92e79f28faab,8,0.7658736705780029,0.7658736705780029,2.8172779083251953,0.0,0.800000011920929,0.0,0
/home/jovyan/Joel_Pardo/AI4LABOUR/Mejoras/results_coursera/models/tsdae_coursera/google-bert/bert-base-uncased,A_semantic_only,109,d052bd1e246e,manage human resources activities,4106,7a6199e2dfd9,9,0.7599266767501831,0.7599266767501831,2.7776296138763428,0.0,0.3333333432674408,0.0,0
/home/jovyan/Joel_Pardo/AI4LABOUR/Mejoras/results_coursera/models/tsdae_coursera/google-bert/bert-base-uncased,A_semantic_only,109,d052bd1e246e,manage human resources activities,3562,1f7bad34c487,10,0.7529634237289429,0.7529634237289429,2.731205701828003,0.0,0.7142857313156128,0.0,0
/home/jovyan/Joel_Pardo/AI4LABOUR/Mejoras/results_coursera/models/tsdae_coursera/google-bert/bert-base-uncased,A_semantic_only,110,d9dbdf9d5d1a,coordinate special events or programs,3780,5279f5c334f7,1,0.7168048620223999,0.7168048620223999,3.9636142253875732,0.0,0.8571428656578064,0.0,0
/home/jovyan/Joel_Pardo/AI4LABOUR/Mejoras/results_coursera/models/tsdae_coursera/google-bert/bert-base-uncased,A_semantic_only,110,d9dbdf9d5d1a,coordinate special events or programs,2975,8479908ec09d,2,0.6904616355895996,0.6904616355895996,3.733170986175537,0.0,0.31578946113586426,0.0,0
/home/jovyan/Joel_Pardo/AI4LABOUR/Mejoras/results_coursera/models/tsdae_coursera/google-bert/bert-base-uncased,A_semantic_only,110,d9dbdf9d5d1a,coordinate special events or programs,4501,7e31f9e44f69,3,0.6901372075080872,0.6901372075080872,3.730332851409912,0.0,0.6000000238418579,0.0,0
/home/jovyan/Joel_Pardo/AI4LABOUR/Mejoras/results_coursera/models/tsdae_coursera/google-bert/bert-base-uncased,A_semantic_only,110,d9dbdf9d5d1a,coordinate special events or programs,3782,0d6b3a3f8dee,4,0.6868742108345032,0.6868742108345032,3.701789140701294,0.0,0.6666666865348816,0.0,0
/home/jovyan/Joel_Pardo/AI4LABOUR/Mejoras/results_coursera/models/tsdae_coursera/google-bert/bert-base-uncased,A_semantic_only,110,d9dbdf9d5d1a,coordinate special events or programs,5218,c440d73a48c6,5,0.6802719831466675,0.6802719831466675,3.6440346240997314,0.0,0.6666666865348816,0.0,0
/home/jovyan/Joel_Pardo/AI4LABOUR/Mejoras/results_coursera/models/tsdae_coursera/google-bert/bert-base-uncased,A_semantic_only,110,d9dbdf9d5d1a,coordinate special events or programs,2973,b3e3e74956d8,6,0.6797819137573242,0.6797819137573242,3.6397476196289062,0.0,0.6000000238418579,0.0,0
/home/jovyan/Joel_Pardo/AI4LABOUR/Mejoras/results_coursera/models/tsdae_coursera/google-bert/bert-base-uncased,A_semantic_only,110,d9dbdf9d5d1a,coordinate special events or programs,4306,01c767aac2ad,7,0.6738163232803345,0.6738163232803345,3.587562322616577,0.0,0.5454545617103577,0.0,0
/home/jovyan/Joel_Pardo/AI4LABOUR/Mejoras/results_coursera/models/tsdae_coursera/google-bert/bert-base-uncased,A_semantic_only,110,d9dbdf9d5d1a,coordinate special events or programs,2384,9f0afa80bca1,8,0.6677249670028687,0.6677249670028687,3.5342767238616943,0.0,0.8571428656578064,0.0,0
/home/jovyan/Joel_Pardo/AI4LABOUR/Mejoras/results_coursera/models/tsdae_coursera/google-bert/bert-base-uncased,A_semantic_only,110,d9dbdf9d5d1a,coordinate special events or programs,683,25c1ed3f26e5,9,0.6531512141227722,0.6531512141227722,3.406789541244507,0.0,0.8333333134651184,0.0,0
/home/jovyan/Joel_Pardo/AI4LABOUR/Mejoras/results_coursera/models/tsdae_coursera/google-bert/bert-base-uncased,A_semantic_only,110,d9dbdf9d5d1a,coordinate special events or programs,2382,2c9191489a0d,10,0.6501617431640625,0.6501617431640625,3.380638360977173,0.0,0.4000000059604645,0.0,0
/home/jovyan/Joel_Pardo/AI4LABOUR/Mejoras/results_coursera/models/tsdae_coursera/google-bert/bert-base-uncased,A_semantic_only,111,059770361813,advise others on career or personal development,5217,bb78b3909667,1,0.7945302724838257,0.7945302724838257,3.127758502960205,0.0,0.6153846383094788,0.0,0
/home/jovyan/Joel_Pardo/AI4LABOUR/Mejoras/results_coursera/models/tsdae_coursera/google-bert/bert-base-uncased,A_semantic_only,111,059770361813,advise others on career or personal development,2152,b0b4728d5bc0,2,0.7867683172225952,0.7867683172225952,3.0782558917999268,0.0,0.625,0.0,0
/home/jovyan/Joel_Pardo/AI4LABOUR/Mejoras/results_coursera/models/tsdae_coursera/google-bert/bert-base-uncased,A_semantic_only,111,059770361813,advise others on career or personal development,964,229a73b90a86,3,0.7804872989654541,0.7804872989654541,3.0381979942321777,0.0833333358168602,0.6153846383094788,0.20159965753555298,0
/home/jovyan/Joel_Pardo/AI4LABOUR/Mejoras/results_coursera/models/tsdae_coursera/google-bert/bert-base-uncased,A_semantic_only,111,059770361813,advise others on career or personal development,2151,b2b7074805f7,4,0.7804034352302551,0.7804034352302551,3.037663221359253,0.0,0.8888888955116272,0.0,0
/home/jovyan/Joel_Pardo/AI4LABOUR/Mejoras/results_coursera/models/tsdae_coursera/google-bert/bert-base-uncased,A_semantic_only,111,059770361813,advise others on career or personal development,4304,752a4c697549,5,0.7696946263313293,0.7696946263313293,2.9693665504455566,0.0,0.8888888955116272,0.0,0
/home/jovyan/Joel_Pardo/AI4LABOUR/Mejoras/results_coursera/models/tsdae_coursera/google-bert/bert-base-uncased,A_semantic_only,111,059770361813,advise others on career or personal development,2149,ce5275d1f549,6,0.7656676769256592,0.7656676769256592,2.9436843395233154,0.0,0.625,0.0,0
/home/jovyan/Joel_Pardo/AI4LABOUR/Mejoras/results_coursera/models/tsdae_coursera/google-bert/bert-base-uncased,A_semantic_only,111,059770361813,advise others on career or personal development,2985,a5a78f6c9b8c,7,0.7645388245582581,0.7645388245582581,2.9364848136901855,0.0,0.800000011920929,0.0,0
/home/jovyan/Joel_Pardo/AI4LABOUR/Mejoras/results_coursera/models/tsdae_coursera/google-bert/bert-base-uncased,A_semantic_only,111,059770361813,advise others on career or personal development,3596,12d4317a17e7,8,0.7599889039993286,0.7599889039993286,2.9074673652648926,0.0,0.625,0.0,0
/home/jovyan/Joel_Pardo/AI4LABOUR/Mejoras/results_coursera/models/tsdae_coursera/google-bert/bert-base-uncased,A_semantic_only,111,059770361813,advise others on career or personal development,4300,c825cd049c18,9,0.7575168013572693,0.7575168013572693,2.8917012214660645,0.0,0.47058823704719543,0.0,0
/home/jovyan/Joel_Pardo/AI4LABOUR/Mejoras/results_coursera/models/tsdae_coursera/google-bert/bert-base-uncased,A_semantic_only,111,059770361813,advise others on career or personal development,3587,f687024e11a9,10,0.7503479719161987,0.7503479719161987,2.8459811210632324,0.0,0.6666666865348816,0.0,0
/home/jovyan/Joel_Pardo/AI4LABOUR/Mejoras/results_coursera/models/tsdae_coursera/google-bert/bert-base-uncased,A_semantic_only,112,6379204aa590,administer compensation or benefits programs,1585,22ab77af0930,1,0.8607385158538818,0.8607385158538818,5.405133247375488,0.5,0.6666666865348816,1.0,0
/home/jovyan/Joel_Pardo/AI4LABOUR/Mejoras/results_coursera/models/tsdae_coursera/google-bert/bert-base-uncased,A_semantic_only,112,6379204aa590,administer compensation or benefits programs,1580,1feb3a822430,2,0.6858381628990173,0.6858381628990173,3.708416223526001,0.0,0.5,0.0,0
/home/jovyan/Joel_Pardo/AI4LABOUR/Mejoras/results_coursera/models/tsdae_coursera/google-bert/bert-base-uncased,A_semantic_only,112,6379204aa590,administer compensation or benefits programs,148,387ea797eb30,3,0.6571840047836304,0.6571840047836304,3.430440902709961,0.0,1.0,0.0,0
/home/jovyan/Joel_Pardo/AI4LABOUR/Mejoras/results_coursera/models/tsdae_coursera/google-bert/bert-base-uncased,A_semantic_only,112,6379204aa590,administer compensation or benefits programs,146,e108b321d664,4,0.6451983451843262,0.6451983451843262,3.3141674995422363,0.0,0.5,0.0,0
/home/jovyan/Joel_Pardo/AI4LABOUR/Mejoras/results_coursera/models/tsdae_coursera/google-bert/bert-base-uncased,A_semantic_only,112,6379204aa590,administer compensation or benefits programs,2976,333e029b0118,5,0.6388810873031616,0.6388810873031616,3.2528834342956543,0.0,0.6666666865348816,0.0,0
/home/jovyan/Joel_Pardo/AI4LABOUR/Mejoras/results_coursera/models/tsdae_coursera/google-bert/bert-base-uncased,A_semantic_only,112,6379204aa590,administer compensation or benefits programs,4600,44c77b667713,6,0.6381943225860596,0.6381943225860596,3.2462210655212402,0.0,0.6666666865348816,0.0,0
/home/jovyan/Joel_Pardo/AI4LABOUR/Mejoras/results_coursera/models/tsdae_coursera/google-bert/bert-base-uncased,A_semantic_only,112,6379204aa590,administer compensation or benefits programs,206,b49a9e6f7e10,7,0.6310445070266724,0.6310445070266724,3.1768603324890137,0.20000000298023224,0.5,0.5297568440437317,0
/home/jovyan/Joel_Pardo/AI4LABOUR/Mejoras/results_coursera/models/tsdae_coursera/google-bert/bert-base-uncased,A_semantic_only,112,6379204aa590,administer compensation or benefits programs,1583,ccf718deaf4e,8,0.6287667751312256,0.6287667751312256,3.15476393699646,0.20000000298023224,0.5,0.5588122010231018,0
/home/jovyan/Joel_Pardo/AI4LABOUR/Mejoras/results_coursera/models/tsdae_coursera/google-bert/bert-base-uncased,A_semantic_only,112,6379204aa590,administer compensation or benefits programs,4120,b7a5c5464363,9,0.6241189241409302,0.6241189241409302,3.1096749305725098,0.0,0.6666666865348816,0.0,0
/home/jovyan/Joel_Pardo/AI4LABOUR/Mejoras/results_coursera/models/tsdae_coursera/google-bert/bert-base-uncased,A_semantic_only,112,6379204aa590,administer compensation or benefits programs,2539,8657d3271db0,10,0.6208322644233704,0.6208322644233704,3.0777909755706787,0.0,0.8333333134651184,0.0,0
/home/jovyan/Joel_Pardo/AI4LABOUR/Mejoras/results_coursera/models/tsdae_coursera/google-bert/bert-base-uncased,A_semantic_only,113,322cdff981bb,"interview employees, customers, or others to collect information",633,82024490e005,1,0.6898137331008911,0.6898137331008911,3.2249033451080322,0.0,0.3333333432674408,0.0,0
/home/jovyan/Joel_Pardo/AI4LABOUR/Mejoras/results_coursera/models/tsdae_coursera/google-bert/bert-base-uncased,A_semantic_only,113,322cdff981bb,"interview employees, customers, or others to collect information",1851,55ece87a90b6,2,0.6888935565948486,0.6888935565948486,3.2162842750549316,0.0,0.44999998807907104,0.12964989244937897,0
/home/jovyan/Joel_Pardo/AI4LABOUR/Mejoras/results_coursera/models/tsdae_coursera/google-bert/bert-base-uncased,A_semantic_only,113,322cdff981bb,"interview employees, customers, or others to collect information",4305,c17b06904856,3,0.685655951499939,0.685655951499939,3.1859586238861084,0.0,0.8888888955116272,0.26987457275390625,0
/home/jovyan/Joel_Pardo/AI4LABOUR/Mejoras/results_coursera/models/tsdae_coursera/google-bert/bert-base-uncased,A_semantic_only,113,322cdff981bb,"interview employees, customers, or others to collect information",4302,5e4a1ccf5b7d,4,0.6727854013442993,0.6727854013442993,3.065403461456299,0.0,1.0,0.0,0
/home/jovyan/Joel_Pardo/AI4LABOUR/Mejoras/results_coursera/models/tsdae_coursera/google-bert/bert-base-uncased,A_semantic_only,113,322cdff981bb,"interview employees, customers, or others to collect information",3566,581ac2a59c21,5,0.6651952266693115,0.6651952266693115,2.9943082332611084,0.10000000149011612,1.0,0.5761929750442505,0
/home/jovyan/Joel_Pardo/AI4LABOUR/Mejoras/results_coursera/models/tsdae_coursera/google-bert/bert-base-uncased,A_semantic_only,113,322cdff981bb,"interview employees, customers, or others to collect information",4303,0358af5c4ed1,6,0.6591296195983887,0.6591296195983887,2.937493085861206,0.05882352963089943,0.6000000238418579,0.46885159611701965,0
/home/jovyan/Joel_Pardo/AI4LABOUR/Mejoras/results_coursera/models/tsdae_coursera/google-bert/bert-base-uncased,A_semantic_only,113,322cdff981bb,"interview employees, customers, or others to collect information",4905,a57e4cb16fc4,7,0.6530818939208984,0.6530818939208984,2.880845546722412,0.0,0.3333333432674408,0.0,0
/home/jovyan/Joel_Pardo/AI4LABOUR/Mejoras/results_coursera/models/tsdae_coursera/google-bert/bert-base-uncased,A_semantic_only,113,322cdff981bb,"interview employees, customers, or others to collect information",425,b06cd44db3d0,8,0.6530249714851379,0.6530249714851379,2.880312442779541,0.0,0.5555555820465088,0.0,0
/home/jovyan/Joel_Pardo/AI4LABOUR/Mejoras/results_coursera/models/tsdae_coursera/google-bert/bert-base-uncased,A_semantic_only,113,322cdff981bb,"interview employees, customers, or others to collect information",4299,15a6d3bb4d7b,9,0.6522152423858643,0.6522152423858643,2.872727870941162,0.0,1.0,0.0,0
/home/jovyan/Joel_Pardo/AI4LABOUR/Mejoras/results_coursera/models/tsdae_coursera/google-bert/bert-base-uncased,A_semantic_only,113,322cdff981bb,"interview employees, customers, or others to collect information",1855,20dc1dc3600c,10,0.6491986513137817,0.6491986513137817,2.8444721698760986,0.0,1.0,0.2475617378950119,0
/home/jovyan/Joel_Pardo/AI4LABOUR/Mejoras/results_coursera/models/tsdae_coursera/google-bert/bert-base-uncased,A_semantic_only,114,98e7b9000779,recruit personnel,4811,cbd229cf0c5e,1,0.7848119735717773,0.7848119735717773,4.8210554122924805,0.0,1.0,0.0,0
/home/jovyan/Joel_Pardo/AI4LABOUR/Mejoras/results_coursera/models/tsdae_coursera/google-bert/bert-base-uncased,A_semantic_only,114,98e7b9000779,recruit personnel,396,d0d62d040f36,2,0.7731924057006836,0.7731924057006836,4.7005109786987305,0.0,0.75,0.0,0
/home/jovyan/Joel_Pardo/AI4LABOUR/Mejoras/results_coursera/models/tsdae_coursera/google-bert/bert-base-uncased,A_semantic_only,114,98e7b9000779,recruit personnel,1300,b510e0f063cc,3,0.7578415274620056,0.7578415274620056,4.541256904602051,0.0,1.0,0.0,0
/home/jovyan/Joel_Pardo/AI4LABOUR/Mejoras/results_coursera/models/tsdae_coursera/google-bert/bert-base-uncased,A_semantic_only,114,98e7b9000779,recruit personnel,405,0536dfcb9bba,4,0.732527494430542,0.732527494430542,4.278642654418945,0.0,0.6666666865348816,0.0,0
/home/jovyan/Joel_Pardo/AI4LABOUR/Mejoras/results_coursera/models/tsdae_coursera/google-bert/bert-base-uncased,A_semantic_only,114,98e7b9000779,recruit personnel,397,7619e5df6176,5,0.7121782302856445,0.7121782302856445,4.067534446716309,0.0,0.75,0.0,0
/home/jovyan/Joel_Pardo/AI4LABOUR/Mejoras/results_coursera/models/tsdae_coursera/google-bert/bert-base-uncased,A_semantic_only,114,98e7b9000779,recruit personnel,1345,7856ebf310df,6,0.7073124647140503,0.7073124647140503,4.017055511474609,0.0,0.6666666865348816,0.0,0
/home/jovyan/Joel_Pardo/AI4LABOUR/Mejoras/results_coursera/models/tsdae_coursera/google-bert/bert-base-uncased,A_semantic_only,114,98e7b9000779,recruit personnel,3978,6918d9132472,7,0.6855220794677734,0.6855220794677734,3.790996789932251,0.3333333432674408,1.0,1.0,0
/home/jovyan/Joel_Pardo/AI4LABOUR/Mejoras/results_coursera/models/tsdae_coursera/google-bert/bert-base-uncased,A_semantic_only,114,98e7b9000779,recruit personnel,406,bf1b5efc3fd1,8,0.6848744750022888,0.6848744750022888,3.784278392791748,0.0,0.75,0.0,0
/home/jovyan/Joel_Pardo/AI4LABOUR/Mejoras/results_coursera/models/tsdae_coursera/google-bert/bert-base-uncased,A_semantic_only,114,98e7b9000779,recruit personnel,633,82024490e005,9,0.6534830331802368,0.6534830331802368,3.45861554145813,0.0,1.0,0.0,0
/home/jovyan/Joel_Pardo/AI4LABOUR/Mejoras/results_coursera/models/tsdae_coursera/google-bert/bert-base-uncased,A_semantic_only,114,98e7b9000779,recruit personnel,1303,a796f929350d,10,0.6532910466194153,0.6532910466194153,3.4566237926483154,0.0,1.0,0.0,0
/home/jovyan/Joel_Pardo/AI4LABOUR/Mejoras/results_coursera/models/tsdae_coursera/google-bert/bert-base-uncased,A_semantic_only,115,830e9df61ddd,communicate organizational policies and procedures,3586,f77f2bcecc27,1,0.8508787155151367,0.8508787155151367,3.4250779151916504,0.0,0.75,0.0,0
/home/jovyan/Joel_Pardo/AI4LABOUR/Mejoras/results_coursera/models/tsdae_coursera/google-bert/bert-base-uncased,A_semantic_only,115,830e9df61ddd,communicate organizational policies and procedures,3751,f1ce5e300a4c,2,0.8243784308433533,0.8243784308433533,3.239117383956909,0.1428571492433548,1.0,0.7390652298927307,0
/home/jovyan/Joel_Pardo/AI4LABOUR/Mejoras/results_coursera/models/tsdae_coursera/google-bert/bert-base-uncased,A_semantic_only,115,830e9df61ddd,communicate organizational policies and procedures,4793,ecfb3bfe17da,3,0.8156373500823975,0.8156373500823975,3.177778482437134,0.0,1.0,0.0,0
/home/jovyan/Joel_Pardo/AI4LABOUR/Mejoras/results_coursera/models/tsdae_coursera/google-bert/bert-base-uncased,A_semantic_only,115,830e9df61ddd,communicate organizational policies and procedures,4103,cd45bf616f0e,4,0.8123796582221985,0.8123796582221985,3.1549181938171387,0.0,0.6000000238418579,0.1602064073085785,0
/home/jovyan/Joel_Pardo/AI4LABOUR/Mejoras/results_coursera/models/tsdae_coursera/google-bert/bert-base-uncased,A_semantic_only,115,830e9df61ddd,communicate organizational policies and procedures,2384,9f0afa80bca1,5,0.7958232164382935,0.7958232164382935,3.038736581802368,0.0,0.8571428656578064,0.0,0
/home/jovyan/Joel_Pardo/AI4LABOUR/Mejoras/results_coursera/models/tsdae_coursera/google-bert/bert-base-uncased,A_semantic_only,115,830e9df61ddd,communicate organizational policies and procedures,3589,959b1bc6a845,6,0.7953885793685913,0.7953885793685913,3.035686492919922,0.07692307978868484,0.31578946113586426,0.3042234778404236,0
/home/jovyan/Joel_Pardo/AI4LABOUR/Mejoras/results_coursera/models/tsdae_coursera/google-bert/bert-base-uncased,A_semantic_only,115,830e9df61ddd,communicate organizational policies and procedures,3590,9a31decf24c3,7,0.7936843633651733,0.7936843633651733,3.0237276554107666,0.0,0.8571428656578064,0.0,0
/home/jovyan/Joel_Pardo/AI4LABOUR/Mejoras/results_coursera/models/tsdae_coursera/google-bert/bert-base-uncased,A_semantic_only,115,830e9df61ddd,communicate organizational policies and procedures,5218,c440d73a48c6,8,0.791774332523346,0.791774332523346,3.010324239730835,0.0,0.6666666865348816,0.0,0
/home/jovyan/Joel_Pardo/AI4LABOUR/Mejoras/results_coursera/models/tsdae_coursera/google-bert/bert-base-uncased,A_semantic_only,115,830e9df61ddd,communicate organizational policies and procedures,3587,f687024e11a9,9,0.7902207374572754,0.7902207374572754,2.999422311782837,0.0,0.5,0.22996996343135834,0
/home/jovyan/Joel_Pardo/AI4LABOUR/Mejoras/results_coursera/models/tsdae_coursera/google-bert/bert-base-uncased,A_semantic_only,115,830e9df61ddd,communicate organizational policies and procedures,4106,7a6199e2dfd9,10,0.7881072163581848,0.7881072163581848,2.984591007232666,0.0,0.4000000059604645,0.11593837291002274,0
/home/jovyan/Joel_Pardo/AI4LABOUR/Mejoras/results_coursera/models/tsdae_coursera/google-bert/bert-base-uncased,A_semantic_only,116,1cf7420e0aac,advise others on legal or regulatory compliance matters,3872,4e4ff7039f22,1,0.7710411548614502,0.7710411548614502,3.5624663829803467,0.3333333432674408,0.3333333432674408,1.0,0
/home/jovyan/Joel_Pardo/AI4LABOUR/Mejoras/results_coursera/models/tsdae_coursera/google-bert/bert-base-uncased,A_semantic_only,116,1cf7420e0aac,advise others on legal or regulatory compliance matters,2573,f5d5121e9328,2,0.7631908655166626,0.7631908655166626,3.497331142425537,0.125,0.4444444477558136,0.45388829708099365,0
/home/jovyan/Joel_Pardo/AI4LABOUR/Mejoras/results_coursera/models/tsdae_coursera/google-bert/bert-base-uncased,A_semantic_only,116,1cf7420e0aac,advise others on legal or regulatory compliance matters,1599,afa25b53b685,3,0.7415964007377625,0.7415964007377625,3.3181583881378174,0.3333333432674408,0.3333333432674408,0.9579766392707825,0
/home/jovyan/Joel_Pardo/AI4LABOUR/Mejoras/results_coursera/models/tsdae_coursera/google-bert/bert-base-uncased,A_semantic_only,116,1cf7420e0aac,advise others on legal or regulatory compliance matters,2027,25cf50b99247,4,0.7309345006942749,0.7309345006942749,3.2296948432922363,0.125,0.4444444477558136,0.45388829708099365,0
/home/jovyan/Joel_Pardo/AI4LABOUR/Mejoras/results_coursera/models/tsdae_coursera/google-bert/bert-base-uncased,A_semantic_only,116,1cf7420e0aac,advise others on legal or regulatory compliance matters,2897,f073c86c6791,5,0.7299962639808655,0.7299962639808655,3.221909999847412,0.1428571492433548,0.3333333432674408,0.5283567309379578,0
/home/jovyan/Joel_Pardo/AI4LABOUR/Mejoras/results_coursera/models/tsdae_coursera/google-bert/bert-base-uncased,A_semantic_only,116,1cf7420e0aac,advise others on legal or regulatory compliance matters,3621,917bf810d271,6,0.722496509552002,0.722496509552002,3.1596832275390625,0.125,0.5555555820465088,0.397818386554718,0
/home/jovyan/Joel_Pardo/AI4LABOUR/Mejoras/results_coursera/models/tsdae_coursera/google-bert/bert-base-uncased,A_semantic_only,116,1cf7420e0aac,advise others on legal or regulatory compliance matters,145,28d847b0e520,7,0.6967878341674805,0.6967878341674805,2.9463741779327393,0.0,0.2647058963775635,0.0,0
/home/jovyan/Joel_Pardo/AI4LABOUR/Mejoras/results_coursera/models/tsdae_coursera/google-bert/bert-base-uncased,A_semantic_only,116,1cf7420e0aac,advise others on legal or regulatory compliance matters,1891,50173787ddd0,8,0.6898875832557678,0.6898875832557678,2.8891215324401855,0.1428571492433548,0.3333333432674408,0.47164326906204224,0
/home/jovyan/Joel_Pardo/AI4LABOUR/Mejoras/results_coursera/models/tsdae_coursera/google-bert/bert-base-uncased,A_semantic_only,116,1cf7420e0aac,advise others on legal or regulatory compliance matters,688,675b456b5403,9,0.6816394329071045,0.6816394329071045,2.820685386657715,0.0,0.529411792755127,0.0,0
/home/jovyan/Joel_Pardo/AI4LABOUR/Mejoras/results_coursera/models/tsdae_coursera/google-bert/bert-base-uncased,A_semantic_only,116,1cf7420e0aac,advise others on legal or regulatory compliance matters,1334,51d17dc5df8a,10,0.6803962588310242,0.6803962588310242,2.810370445251465,0.0,0.8888888955116272,0.0,0
/home/jovyan/Joel_Pardo/AI4LABOUR/Mejoras/results_coursera/models/tsdae_coursera/google-bert/bert-base-uncased,A_semantic_only,117,f2f5eb941075,liaise between departments or other groups to improve function or communication,5218,c440d73a48c6,1,0.7702552080154419,0.7702552080154419,3.529057025909424,0.0,0.75,0.0,0
/home/jovyan/Joel_Pardo/AI4LABOUR/Mejoras/results_coursera/models/tsdae_coursera/google-bert/bert-base-uncased,A_semantic_only,117,f2f5eb941075,liaise between departments or other groups to improve function or communication,1863,6a901f9ab4b7,2,0.7619160413742065,0.7619160413742065,3.4668421745300293,0.0,0.4615384638309479,0.07776614278554916,0
/home/jovyan/Joel_Pardo/AI4LABOUR/Mejoras/results_coursera/models/tsdae_coursera/google-bert/bert-base-uncased,A_semantic_only,117,f2f5eb941075,liaise between departments or other groups to improve function or communication,3569,b90a5f932e75,3,0.7612004280090332,0.7612004280090332,3.461503267288208,0.0714285746216774,0.8333333134651184,0.24116837978363037,0
/home/jovyan/Joel_Pardo/AI4LABOUR/Mejoras/results_coursera/models/tsdae_coursera/google-bert/bert-base-uncased,A_semantic_only,117,f2f5eb941075,liaise between departments or other groups to improve function or communication,3568,18d5478786f0,4,0.7377637624740601,0.7377637624740601,3.2866528034210205,0.0,0.9166666865348816,0.0,0
/home/jovyan/Joel_Pardo/AI4LABOUR/Mejoras/results_coursera/models/tsdae_coursera/google-bert/bert-base-uncased,A_semantic_only,117,f2f5eb941075,liaise between departments or other groups to improve function or communication,2384,9f0afa80bca1,5,0.7327063083648682,0.7327063083648682,3.2489216327667236,0.0,0.5833333134651184,0.0,0
/home/jovyan/Joel_Pardo/AI4LABOUR/Mejoras/results_coursera/models/tsdae_coursera/google-bert/bert-base-uncased,A_semantic_only,117,f2f5eb941075,liaise between departments or other groups to improve function or communication,5260,6c9f6760efbe,6,0.7318699359893799,0.7318699359893799,3.2426817417144775,0.06666667014360428,0.9166666865348816,0.31420785188674927,0
/home/jovyan/Joel_Pardo/AI4LABOUR/Mejoras/results_coursera/models/tsdae_coursera/google-bert/bert-base-uncased,A_semantic_only,117,f2f5eb941075,liaise between departments or other groups to improve function or communication,1711,48410a978891,7,0.730389416217804,0.730389416217804,3.2316362857818604,0.0,1.0,0.14989088475704193,0
/home/jovyan/Joel_Pardo/AI4LABOUR/Mejoras/results_coursera/models/tsdae_coursera/google-bert/bert-base-uncased,A_semantic_only,117,f2f5eb941075,liaise between departments or other groups to improve function or communication,2973,b3e3e74956d8,8,0.7265229225158691,0.7265229225158691,3.2027900218963623,0.0,0.8333333134651184,0.0,0
/home/jovyan/Joel_Pardo/AI4LABOUR/Mejoras/results_coursera/models/tsdae_coursera/google-bert/bert-base-uncased,A_semantic_only,117,f2f5eb941075,liaise between departments or other groups to improve function or communication,3751,f1ce5e300a4c,9,0.7265182733535767,0.7265182733535767,3.2027554512023926,0.0,0.5,0.0,0
/home/jovyan/Joel_Pardo/AI4LABOUR/Mejoras/results_coursera/models/tsdae_coursera/google-bert/bert-base-uncased,A_semantic_only,117,f2f5eb941075,liaise between departments or other groups to improve function or communication,3733,ef8db7afdaaf,10,0.7239013910293579,0.7239013910293579,3.183232069015503,0.0,1.0,0.14989088475704193,0
/home/jovyan/Joel_Pardo/AI4LABOUR/Mejoras/results_coursera/models/tsdae_coursera/google-bert/bert-base-uncased,A_semantic_only,118,eb485b5cf6a6,compile operational data,4590,5d45850c5baa,1,0.8242690563201904,0.8242690563201904,3.2491614818573,0.25,0.75,0.6202549934387207,0
/home/jovyan/Joel_Pardo/AI4LABOUR/Mejoras/results_coursera/models/tsdae_coursera/google-bert/bert-base-uncased,A_semantic_only,118,eb485b5cf6a6,compile operational data,1918,50dc77a549a6,2,0.8032040596008301,0.8032040596008301,3.0902857780456543,0.20000000298023224,1.0,0.5328341126441956,0
/home/jovyan/Joel_Pardo/AI4LABOUR/Mejoras/results_coursera/models/tsdae_coursera/google-bert/bert-base-uncased,A_semantic_only,118,eb485b5cf6a6,compile operational data,5053,de7b151e0afe,3,0.8012759685516357,0.8012759685516357,3.0757436752319336,0.1428571492433548,0.5,0.3407360315322876,0
/home/jovyan/Joel_Pardo/AI4LABOUR/Mejoras/results_coursera/models/tsdae_coursera/google-bert/bert-base-uncased,A_semantic_only,118,eb485b5cf6a6,compile operational data,1950,26eeaf26a09d,4,0.7955585718154907,0.7955585718154907,3.0326220989227295,0.125,0.5,0.3407360315322876,0
/home/jovyan/Joel_Pardo/AI4LABOUR/Mejoras/results_coursera/models/tsdae_coursera/google-bert/bert-base-uncased,A_semantic_only,118,eb485b5cf6a6,compile operational data,758,077b37efd178,5,0.7824260592460632,0.7824260592460632,2.9335744380950928,0.0,1.0,0.0,0
/home/jovyan/Joel_Pardo/AI4LABOUR/Mejoras/results_coursera/models/tsdae_coursera/google-bert/bert-base-uncased,A_semantic_only,118,eb485b5cf6a6,compile operational data,1949,985516ab67e2,6,0.7757043242454529,0.7757043242454529,2.882878065109253,0.1428571492433548,0.5714285969734192,0.37448883056640625,0
/home/jovyan/Joel_Pardo/AI4LABOUR/Mejoras/results_coursera/models/tsdae_coursera/google-bert/bert-base-uncased,A_semantic_only,118,eb485b5cf6a6,compile operational data,170,8b7c50fed2a1,7,0.7725639939308167,0.7725639939308167,2.8591930866241455,0.25,0.75,0.6202549934387207,0
/home/jovyan/Joel_Pardo/AI4LABOUR/Mejoras/results_coursera/models/tsdae_coursera/google-bert/bert-base-uncased,A_semantic_only,118,eb485b5cf6a6,compile operational data,525,41a7464b2f8c,8,0.7719701528549194,0.7719701528549194,2.8547141551971436,0.25,0.75,0.6202549934387207,0
/home/jovyan/Joel_Pardo/AI4LABOUR/Mejoras/results_coursera/models/tsdae_coursera/google-bert/bert-base-uncased,A_semantic_only,118,eb485b5cf6a6,compile operational data,4562,f45fd7dd887f,9,0.7717150449752808,0.7717150449752808,2.852790117263794,0.0,0.6666666865348816,0.0,0
/home/jovyan/Joel_Pardo/AI4LABOUR/Mejoras/results_coursera/models/tsdae_coursera/google-bert/bert-base-uncased,A_semantic_only,118,eb485b5cf6a6,compile operational data,2268,b376efa6883e,10,0.7706646919250488,0.7706646919250488,2.8448681831359863,0.20000000298023224,0.800000011920929,0.46701183915138245,0
/home/jovyan/Joel_Pardo/AI4LABOUR/Mejoras/results_coursera/models/tsdae_coursera/google-bert/bert-base-uncased,A_semantic_only,119,b729f6985724,analyze data to inform personnel decisions,4793,ecfb3bfe17da,1,0.8291784524917603,0.8291784524917603,3.147440195083618,0.1111111119389534,0.8571428656578064,0.5094053745269775,0
/home/jovyan/Joel_Pardo/AI4LABOUR/Mejoras/results_coursera/models/tsdae_coursera/google-bert/bert-base-uncased,A_semantic_only,119,b729f6985724,analyze data to inform personnel decisions,3041,d58419ba221e,2,0.8160611391067505,0.8160611391067505,3.058835029602051,0.03846153989434242,0.21875,0.2608988285064697,0
/home/jovyan/Joel_Pardo/AI4LABOUR/Mejoras/results_coursera/models/tsdae_coursera/google-bert/bert-base-uncased,A_semantic_only,119,b729f6985724,analyze data to inform personnel decisions,4303,0358af5c4ed1,3,0.8075166940689087,0.8075166940689087,3.0011186599731445,0.0625,0.46666666865348816,0.3956958055496216,0
/home/jovyan/Joel_Pardo/AI4LABOUR/Mejoras/results_coursera/models/tsdae_coursera/google-bert/bert-base-uncased,A_semantic_only,119,b729f6985724,analyze data to inform personnel decisions,688,675b456b5403,4,0.7936305999755859,0.7936305999755859,2.907320499420166,0.0714285746216774,0.4117647111415863,0.23055756092071533,0
/home/jovyan/Joel_Pardo/AI4LABOUR/Mejoras/results_coursera/models/tsdae_coursera/google-bert/bert-base-uncased,A_semantic_only,119,b729f6985724,analyze data to inform personnel decisions,1851,55ece87a90b6,5,0.7809407711029053,0.7809407711029053,2.8216028213500977,0.0,0.3499999940395355,0.10942038148641586,0
/home/jovyan/Joel_Pardo/AI4LABOUR/Mejoras/results_coursera/models/tsdae_coursera/google-bert/bert-base-uncased,A_semantic_only,119,b729f6985724,analyze data to inform personnel decisions,4058,74fe0528c27f,6,0.7780797481536865,0.7780797481536865,2.802277088165283,0.0,0.8571428656578064,0.0,0
/home/jovyan/Joel_Pardo/AI4LABOUR/Mejoras/results_coursera/models/tsdae_coursera/google-bert/bert-base-uncased,A_semantic_only,119,b729f6985724,analyze data to inform personnel decisions,4590,5d45850c5baa,7,0.7780433893203735,0.7780433893203735,2.8020315170288086,0.1666666716337204,0.4285714328289032,0.4039313793182373,0
/home/jovyan/Joel_Pardo/AI4LABOUR/Mejoras/results_coursera/models/tsdae_coursera/google-bert/bert-base-uncased,A_semantic_only,119,b729f6985724,analyze data to inform personnel decisions,3214,38264b2c039c,8,0.7773131728172302,0.7773131728172302,2.7970991134643555,0.0,0.5833333134651184,0.1674104779958725,0
/home/jovyan/Joel_Pardo/AI4LABOUR/Mejoras/results_coursera/models/tsdae_coursera/google-bert/bert-base-uncased,A_semantic_only,119,b729f6985724,analyze data to inform personnel decisions,4106,7a6199e2dfd9,9,0.777104377746582,0.777104377746582,2.7956886291503906,0.0714285746216774,0.46666666865348816,0.2406986802816391,0
/home/jovyan/Joel_Pardo/AI4LABOUR/Mejoras/results_coursera/models/tsdae_coursera/google-bert/bert-base-uncased,A_semantic_only,119,b729f6985724,analyze data to inform personnel decisions,182,0179dc362b27,10,0.774156391620636,0.774156391620636,2.775775671005249,0.0,0.6363636255264282,0.17928773164749146,0
/home/jovyan/Joel_Pardo/AI4LABOUR/Mejoras/results_coursera/models/tsdae_coursera/google-bert/bert-base-uncased,A_semantic_only,120,a04637eaf44a,investigate industrial or transportation accidents,937,43b6a406ef58,1,0.6604686975479126,0.6604686975479126,3.5598177909851074,0.0,0.8333333134651184,0.0,0
/home/jovyan/Joel_Pardo/AI4LABOUR/Mejoras/results_coursera/models/tsdae_coursera/google-bert/bert-base-uncased,A_semantic_only,120,a04637eaf44a,investigate industrial or transportation accidents,3803,e7357543590c,2,0.6316065192222595,0.6316065192222595,3.2751736640930176,0.0,0.5,0.0,0
/home/jovyan/Joel_Pardo/AI4LABOUR/Mejoras/results_coursera/models/tsdae_coursera/google-bert/bert-base-uncased,A_semantic_only,120,a04637eaf44a,investigate industrial or transportation accidents,4838,53dd4fb611bb,3,0.6213384866714478,0.6213384866714478,3.1739084720611572,0.20000000298023224,0.6666666865348816,0.7435532808303833,0
/home/jovyan/Joel_Pardo/AI4LABOUR/Mejoras/results_coursera/models/tsdae_coursera/google-bert/bert-base-uncased,A_semantic_only,120,a04637eaf44a,investigate industrial or transportation accidents,4561,7dbb7909a0ac,4,0.6118482351303101,0.6118482351303101,3.0803139209747314,0.0,1.0,0.0,0
/home/jovyan/Joel_Pardo/AI4LABOUR/Mejoras/results_coursera/models/tsdae_coursera/google-bert/bert-base-uncased,A_semantic_only,120,a04637eaf44a,investigate industrial or transportation accidents,3401,ee6929dafa83,5,0.6100441217422485,0.6100441217422485,3.062521457672119,0.0,0.3333333432674408,0.0,0
/home/jovyan/Joel_Pardo/AI4LABOUR/Mejoras/results_coursera/models/tsdae_coursera/google-bert/bert-base-uncased,A_semantic_only,120,a04637eaf44a,investigate industrial or transportation accidents,2112,49e1b35b16b4,6,0.5996599197387695,0.5996599197387695,2.9601104259490967,0.0,1.0,0.0,0
/home/jovyan/Joel_Pardo/AI4LABOUR/Mejoras/results_coursera/models/tsdae_coursera/google-bert/bert-base-uncased,A_semantic_only,120,a04637eaf44a,investigate industrial or transportation accidents,3378,d2e5330ba975,7,0.5991135239601135,0.5991135239601135,2.9547219276428223,0.0,0.4285714328289032,0.0,0
/home/jovyan/Joel_Pardo/AI4LABOUR/Mejoras/results_coursera/models/tsdae_coursera/google-bert/bert-base-uncased,A_semantic_only,120,a04637eaf44a,investigate industrial or transportation accidents,1676,4abb63e41447,8,0.597305178642273,0.597305178642273,2.936887741088867,0.0,0.6666666865348816,0.0,0
/home/jovyan/Joel_Pardo/AI4LABOUR/Mejoras/results_coursera/models/tsdae_coursera/google-bert/bert-base-uncased,A_semantic_only,120,a04637eaf44a,investigate industrial or transportation accidents,3621,917bf810d271,9,0.5961291790008545,0.5961291790008545,2.9252896308898926,0.0,0.8333333134651184,0.0,0
/home/jovyan/Joel_Pardo/AI4LABOUR/Mejoras/results_coursera/models/tsdae_coursera/google-bert/bert-base-uncased,A_semantic_only,120,a04637eaf44a,investigate industrial or transportation accidents,989,4ec4f7a20f54,10,0.5930907726287842,0.5930907726287842,2.895324468612671,0.0,0.8333333134651184,0.0,0
/home/jovyan/Joel_Pardo/AI4LABOUR/Mejoras/results_coursera/models/tsdae_coursera/google-bert/bert-base-uncased,A_semantic_only,121,66497e9d2189,prepare reports related to compliance matters,226,7e56613a2ebc,1,0.7451591491699219,0.7451591491699219,3.6419949531555176,0.125,0.8571428656578064,0.8627591133117676,0
/home/jovyan/Joel_Pardo/AI4LABOUR/Mejoras/results_coursera/models/tsdae_coursera/google-bert/bert-base-uncased,A_semantic_only,121,66497e9d2189,prepare reports related to compliance matters,1786,c538af615e86,2,0.726111650466919,0.726111650466919,3.4835352897644043,0.0,0.4285714328289032,0.0,0
/home/jovyan/Joel_Pardo/AI4LABOUR/Mejoras/results_coursera/models/tsdae_coursera/google-bert/bert-base-uncased,A_semantic_only,121,66497e9d2189,prepare reports related to compliance matters,181,6e0262463c46,3,0.7059738636016846,0.7059738636016846,3.3160054683685303,0.0,0.7777777910232544,0.21521204710006714,0
/home/jovyan/Joel_Pardo/AI4LABOUR/Mejoras/results_coursera/models/tsdae_coursera/google-bert/bert-base-uncased,A_semantic_only,121,66497e9d2189,prepare reports related to compliance matters,690,32402d5443a6,4,0.6962468028068542,0.6962468028068542,3.235084295272827,0.0714285746216774,0.5,0.46991226077079773,0
/home/jovyan/Joel_Pardo/AI4LABOUR/Mejoras/results_coursera/models/tsdae_coursera/google-bert/bert-base-uncased,A_semantic_only,121,66497e9d2189,prepare reports related to compliance matters,182,0179dc362b27,5,0.6953478455543518,0.6953478455543518,3.2276058197021484,0.0,0.6363636255264282,0.18467478454113007,0
/home/jovyan/Joel_Pardo/AI4LABOUR/Mejoras/results_coursera/models/tsdae_coursera/google-bert/bert-base-uncased,A_semantic_only,121,66497e9d2189,prepare reports related to compliance matters,1891,50173787ddd0,6,0.692338764667511,0.692338764667511,3.202572822570801,0.1666666716337204,0.4285714328289032,0.7462038397789001,0
/home/jovyan/Joel_Pardo/AI4LABOUR/Mejoras/results_coursera/models/tsdae_coursera/google-bert/bert-base-uncased,A_semantic_only,121,66497e9d2189,prepare reports related to compliance matters,3401,ee6929dafa83,7,0.6908344626426697,0.6908344626426697,3.1900582313537598,0.0,0.2857142984867096,0.0,0
/home/jovyan/Joel_Pardo/AI4LABOUR/Mejoras/results_coursera/models/tsdae_coursera/google-bert/bert-base-uncased,A_semantic_only,121,66497e9d2189,prepare reports related to compliance matters,1972,f89cc430126b,8,0.6906247735023499,0.6906247735023499,3.1883137226104736,0.0,0.7142857313156128,0.0,0
/home/jovyan/Joel_Pardo/AI4LABOUR/Mejoras/results_coursera/models/tsdae_coursera/google-bert/bert-base-uncased,A_semantic_only,121,66497e9d2189,prepare reports related to compliance matters,688,675b456b5403,9,0.6889547109603882,0.6889547109603882,3.174420118331909,0.0,0.4117647111415863,0.0,0
/home/jovyan/Joel_Pardo/AI4LABOUR/Mejoras/results_coursera/models/tsdae_coursera/google-bert/bert-base-uncased,A_semantic_only,121,66497e9d2189,prepare reports related to compliance matters,146,e108b321d664,10,0.6847115755081177,0.6847115755081177,3.1391208171844482,0.0,0.5833333134651184,0.0,0
/home/jovyan/Joel_Pardo/AI4LABOUR/Mejoras/results_coursera/models/tsdae_coursera/google-bert/bert-base-uncased,A_semantic_only,122,4e4a52d4b158,represent the organization in external relations,4106,7a6199e2dfd9,1,0.7961537837982178,0.7961537837982178,3.679525852203369,0.1666666716337204,0.46666666865348816,0.9070048928260803,0
/home/jovyan/Joel_Pardo/AI4LABOUR/Mejoras/results_coursera/models/tsdae_coursera/google-bert/bert-base-uncased,A_semantic_only,122,4e4a52d4b158,represent the organization in external relations,2384,9f0afa80bca1,2,0.7503597736358643,0.7503597736358643,3.3228023052215576,0.125,1.0,0.7171462178230286,0
/home/jovyan/Joel_Pardo/AI4LABOUR/Mejoras/results_coursera/models/tsdae_coursera/google-bert/bert-base-uncased,A_semantic_only,122,4e4a52d4b158,represent the organization in external relations,5218,c440d73a48c6,3,0.7440387010574341,0.7440387010574341,3.2735626697540283,0.10000000149011612,0.7777777910232544,0.6251290440559387,0
/home/jovyan/Joel_Pardo/AI4LABOUR/Mejoras/results_coursera/models/tsdae_coursera/google-bert/bert-base-uncased,A_semantic_only,122,4e4a52d4b158,represent the organization in external relations,1710,d548ad3bd5cf,4,0.7412941455841064,0.7412941455841064,3.252183437347412,0.1428571492433548,0.7777777910232544,1.0,0
/home/jovyan/Joel_Pardo/AI4LABOUR/Mejoras/results_coursera/models/tsdae_coursera/google-bert/bert-base-uncased,A_semantic_only,122,4e4a52d4b158,represent the organization in external relations,4301,32656e1612b0,5,0.7314132452011108,0.7314132452011108,3.175213575363159,0.0,0.875,0.4011867940425873,0
/home/jovyan/Joel_Pardo/AI4LABOUR/Mejoras/results_coursera/models/tsdae_coursera/google-bert/bert-base-uncased,A_semantic_only,122,4e4a52d4b158,represent the organization in external relations,2112,49e1b35b16b4,6,0.7190573811531067,0.7190573811531067,3.0789647102355957,0.0,0.8571428656578064,0.0,0
/home/jovyan/Joel_Pardo/AI4LABOUR/Mejoras/results_coursera/models/tsdae_coursera/google-bert/bert-base-uncased,A_semantic_only,122,4e4a52d4b158,represent the organization in external relations,4103,cd45bf616f0e,7,0.7178679704666138,0.7178679704666138,3.06969952583313,0.0,0.699999988079071,0.21820992231369019,0
/home/jovyan/Joel_Pardo/AI4LABOUR/Mejoras/results_coursera/models/tsdae_coursera/google-bert/bert-base-uncased,A_semantic_only,122,4e4a52d4b158,represent the organization in external relations,2148,21fa4262c46d,8,0.7167906761169434,0.7167906761169434,3.061307668685913,0.0,0.875,0.257544606924057,0
/home/jovyan/Joel_Pardo/AI4LABOUR/Mejoras/results_coursera/models/tsdae_coursera/google-bert/bert-base-uncased,A_semantic_only,122,4e4a52d4b158,represent the organization in external relations,139,0be413ff1c08,9,0.7104675769805908,0.7104675769805908,3.012052297592163,0.0,1.0,0.2830565869808197,0
/home/jovyan/Joel_Pardo/AI4LABOUR/Mejoras/results_coursera/models/tsdae_coursera/google-bert/bert-base-uncased,A_semantic_only,122,4e4a52d4b158,represent the organization in external relations,3586,f77f2bcecc27,10,0.7082064151763916,0.7082064151763916,2.994438409805298,0.0,0.875,0.0,0
/home/jovyan/Joel_Pardo/AI4LABOUR/Mejoras/results_coursera/models/tsdae_coursera/google-bert/bert-base-uncased,A_semantic_only,123,05f356a221b7,negotiate labor disputes,1448,dbbd592a2319,1,0.6898006200790405,0.6898006200790405,3.912219285964966,0.0,0.75,0.0,0
/home/jovyan/Joel_Pardo/AI4LABOUR/Mejoras/results_coursera/models/tsdae_coursera/google-bert/bert-base-uncased,A_semantic_only,123,05f356a221b7,negotiate labor disputes,3619,e9839443e2c0,2,0.6875688433647156,0.6875688433647156,3.889570474624634,0.0,0.5,0.0,0
/home/jovyan/Joel_Pardo/AI4LABOUR/Mejoras/results_coursera/models/tsdae_coursera/google-bert/bert-base-uncased,A_semantic_only,123,05f356a221b7,negotiate labor disputes,4258,2edf95aa0513,3,0.6798034906387329,0.6798034906387329,3.810765027999878,0.20000000298023224,1.0,1.0,0
/home/jovyan/Joel_Pardo/AI4LABOUR/Mejoras/results_coursera/models/tsdae_coursera/google-bert/bert-base-uncased,A_semantic_only,123,05f356a221b7,negotiate labor disputes,19,c450044ed981,4,0.6717480421066284,0.6717480421066284,3.729015588760376,0.0,0.5,0.0,0
/home/jovyan/Joel_Pardo/AI4LABOUR/Mejoras/results_coursera/models/tsdae_coursera/google-bert/bert-base-uncased,A_semantic_only,123,05f356a221b7,negotiate labor disputes,3220,3f0b17155681,5,0.6401345729827881,0.6401345729827881,3.408191204071045,0.0,1.0,0.0,0
/home/jovyan/Joel_Pardo/AI4LABOUR/Mejoras/results_coursera/models/tsdae_coursera/google-bert/bert-base-uncased,A_semantic_only,123,05f356a221b7,negotiate labor disputes,20,15269137d10a,6,0.6226842999458313,0.6226842999458313,3.231099843978882,0.0,0.5,0.0,0
/home/jovyan/Joel_Pardo/AI4LABOUR/Mejoras/results_coursera/models/tsdae_coursera/google-bert/bert-base-uncased,A_semantic_only,123,05f356a221b7,negotiate labor disputes,3618,082c56a3a156,7,0.6177495718002319,0.6177495718002319,3.181020498275757,0.0,0.75,0.0,0
/home/jovyan/Joel_Pardo/AI4LABOUR/Mejoras/results_coursera/models/tsdae_coursera/google-bert/bert-base-uncased,A_semantic_only,123,05f356a221b7,negotiate labor disputes,3983,1292506f4417,8,0.6135345101356506,0.6135345101356506,3.13824462890625,0.0,1.0,0.0,0
/home/jovyan/Joel_Pardo/AI4LABOUR/Mejoras/results_coursera/models/tsdae_coursera/google-bert/bert-base-uncased,A_semantic_only,123,05f356a221b7,negotiate labor disputes,3241,1e4571c1cfb8,9,0.6074643135070801,0.6074643135070801,3.0766422748565674,0.0,0.5,0.0,0
/home/jovyan/Joel_Pardo/AI4LABOUR/Mejoras/results_coursera/models/tsdae_coursera/google-bert/bert-base-uncased,A_semantic_only,123,05f356a221b7,negotiate labor disputes,4746,a31f8781a2c2,10,0.6021441221237183,0.6021441221237183,3.022651195526123,0.0,1.0,0.0,0
/home/jovyan/Joel_Pardo/AI4LABOUR/Mejoras/results_coursera/models/tsdae_coursera/google-bert/bert-base-uncased,A_semantic_only,124,3b11edaeeba4,document design or operational test results,3892,23b7ed1361dc,1,0.8080195784568787,0.8080195784568787,3.6506080627441406,0.0,1.0,0.0,0
/home/jovyan/Joel_Pardo/AI4LABOUR/Mejoras/results_coursera/models/tsdae_coursera/google-bert/bert-base-uncased,A_semantic_only,124,3b11edaeeba4,document design or operational test results,1949,985516ab67e2,2,0.7943094968795776,0.7943094968795776,3.5405642986297607,0.0,1.0,0.0,0
/home/jovyan/Joel_Pardo/AI4LABOUR/Mejoras/results_coursera/models/tsdae_coursera/google-bert/bert-base-uncased,A_semantic_only,124,3b11edaeeba4,document design or operational test results,4558,7b0342e1d11a,3,0.7887856364250183,0.7887856364250183,3.496227264404297,0.0,0.8571428656578064,0.0,0
/home/jovyan/Joel_Pardo/AI4LABOUR/Mejoras/results_coursera/models/tsdae_coursera/google-bert/bert-base-uncased,A_semantic_only,124,3b11edaeeba4,document design or operational test results,4895,d9ed0b19f811,4,0.7788558602333069,0.7788558602333069,3.4165260791778564,0.1666666716337204,0.4285714328289032,0.7802407741546631,0
/home/jovyan/Joel_Pardo/AI4LABOUR/Mejoras/results_coursera/models/tsdae_coursera/google-bert/bert-base-uncased,A_semantic_only,124,3b11edaeeba4,document design or operational test results,758,077b37efd178,5,0.7784493565559387,0.7784493565559387,3.4132633209228516,0.1428571492433548,0.5714285969734192,0.786443829536438,0
/home/jovyan/Joel_Pardo/AI4LABOUR/Mejoras/results_coursera/models/tsdae_coursera/google-bert/bert-base-uncased,A_semantic_only,124,3b11edaeeba4,document design or operational test results,3116,e487c7bcbff2,6,0.7662294507026672,0.7662294507026672,3.315180540084839,0.0,0.5714285969734192,0.0,0
/home/jovyan/Joel_Pardo/AI4LABOUR/Mejoras/results_coursera/models/tsdae_coursera/google-bert/bert-base-uncased,A_semantic_only,124,3b11edaeeba4,document design or operational test results,1950,26eeaf26a09d,7,0.7647905349731445,0.7647905349731445,3.30363130569458,0.0,0.875,0.0,0
/home/jovyan/Joel_Pardo/AI4LABOUR/Mejoras/results_coursera/models/tsdae_coursera/google-bert/bert-base-uncased,A_semantic_only,124,3b11edaeeba4,document design or operational test results,1397,674593793bab,8,0.7423824071884155,0.7423824071884155,3.1237728595733643,0.0,0.4285714328289032,0.0,0
/home/jovyan/Joel_Pardo/AI4LABOUR/Mejoras/results_coursera/models/tsdae_coursera/google-bert/bert-base-uncased,A_semantic_only,124,3b11edaeeba4,document design or operational test results,4828,0207b591a5d5,9,0.7353425025939941,0.7353425025939941,3.067267417907715,0.0,0.4285714328289032,0.0,0
/home/jovyan/Joel_Pardo/AI4LABOUR/Mejoras/results_coursera/models/tsdae_coursera/google-bert/bert-base-uncased,A_semantic_only,124,3b11edaeeba4,document design or operational test results,3981,c3c0e3736c09,10,0.7319852709770203,0.7319852709770203,3.040320634841919,0.0,0.4285714328289032,0.0,0
/home/jovyan/Joel_Pardo/AI4LABOUR/Mejoras/results_coursera/models/tsdae_coursera/google-bert/bert-base-uncased,A_semantic_only,125,12a1310a48ad,create graphical representations of mechanical equipment,1268,41400dedd9f3,1,0.7742003202438354,0.7742003202438354,3.785997152328491,0.0,0.5714285969734192,0.0,0
/home/jovyan/Joel_Pardo/AI4LABOUR/Mejoras/results_coursera/models/tsdae_coursera/google-bert/bert-base-uncased,A_semantic_only,125,12a1310a48ad,create graphical representations of mechanical equipment,2235,373b347cdc67,2,0.7520824670791626,0.7520824670791626,3.59907603263855,0.0,0.7142857313156128,0.32295289635658264,0
/home/jovyan/Joel_Pardo/AI4LABOUR/Mejoras/results_coursera/models/tsdae_coursera/google-bert/bert-base-uncased,A_semantic_only,125,12a1310a48ad,create graphical representations of mechanical equipment,4453,d9ea7797e0d6,3,0.7461764812469482,0.7461764812469482,3.549163818359375,0.0,0.699999988079071,0.0,0
/home/jovyan/Joel_Pardo/AI4LABOUR/Mejoras/results_coursera/models/tsdae_coursera/google-bert/bert-base-uncased,A_semantic_only,125,12a1310a48ad,create graphical representations of mechanical equipment,3955,5ceeb0faa0fc,4,0.7423053979873657,0.7423053979873657,3.516448736190796,0.1428571492433548,0.7142857313156128,0.5038906931877136,0
/home/jovyan/Joel_Pardo/AI4LABOUR/Mejoras/results_coursera/models/tsdae_coursera/google-bert/bert-base-uncased,A_semantic_only,125,12a1310a48ad,create graphical representations of mechanical equipment,4158,6eb280a204d6,5,0.7304574251174927,0.7304574251174927,3.4163196086883545,0.0,0.3333333432674408,0.19191119074821472,0
/home/jovyan/Joel_Pardo/AI4LABOUR/Mejoras/results_coursera/models/tsdae_coursera/google-bert/bert-base-uncased,A_semantic_only,125,12a1310a48ad,create graphical representations of mechanical equipment,3378,d2e5330ba975,6,0.727161705493927,0.727161705493927,3.3884670734405518,0.0,0.5,0.1529283970594406,0
/home/jovyan/Joel_Pardo/AI4LABOUR/Mejoras/results_coursera/models/tsdae_coursera/google-bert/bert-base-uncased,A_semantic_only,125,12a1310a48ad,create graphical representations of mechanical equipment,2085,dff8968fc034,7,0.7208660244941711,0.7208660244941711,3.335261344909668,0.0,0.699999988079071,0.0,0
/home/jovyan/Joel_Pardo/AI4LABOUR/Mejoras/results_coursera/models/tsdae_coursera/google-bert/bert-base-uncased,A_semantic_only,125,12a1310a48ad,create graphical representations of mechanical equipment,5053,de7b151e0afe,8,0.7182484865188599,0.7182484865188599,3.3131401538848877,0.0,0.875,0.0,0
/home/jovyan/Joel_Pardo/AI4LABOUR/Mejoras/results_coursera/models/tsdae_coursera/google-bert/bert-base-uncased,A_semantic_only,125,12a1310a48ad,create graphical representations of mechanical equipment,1822,39932b592d9d,9,0.7131496667861938,0.7131496667861938,3.2700493335723877,0.0625,0.3888888955116272,0.3906921446323395,0
/home/jovyan/Joel_Pardo/AI4LABOUR/Mejoras/results_coursera/models/tsdae_coursera/google-bert/bert-base-uncased,A_semantic_only,125,12a1310a48ad,create graphical representations of mechanical equipment,215,f3e87868bbce,10,0.7099747657775879,0.7099747657775879,3.243217706680298,0.0,0.5714285969734192,0.0,0
/home/jovyan/Joel_Pardo/AI4LABOUR/Mejoras/results_coursera/models/tsdae_coursera/google-bert/bert-base-uncased,A_semantic_only,126,ebdb003908ef,research engineering applications of emerging technologies,1309,a8e51d116de8,1,0.8382772207260132,0.8382772207260132,3.8053195476531982,0.1428571492433548,0.5714285969734192,0.27256864309310913,0
/home/jovyan/Joel_Pardo/AI4LABOUR/Mejoras/results_coursera/models/tsdae_coursera/google-bert/bert-base-uncased,A_semantic_only,126,ebdb003908ef,research engineering applications of emerging technologies,3378,d2e5330ba975,2,0.8349317908287048,0.8349317908287048,3.776953935623169,0.1666666716337204,0.5,0.3357858955860138,0
/home/jovyan/Joel_Pardo/AI4LABOUR/Mejoras/results_coursera/models/tsdae_coursera/google-bert/bert-base-uncased,A_semantic_only,126,ebdb003908ef,research engineering applications of emerging technologies,2581,40cb7c84e4c0,3,0.77574223279953,0.77574223279953,3.2750890254974365,0.1666666716337204,0.4285714328289032,0.37080681324005127,0
/home/jovyan/Joel_Pardo/AI4LABOUR/Mejoras/results_coursera/models/tsdae_coursera/google-bert/bert-base-uncased,A_semantic_only,126,ebdb003908ef,research engineering applications of emerging technologies,2951,14b0ec412e5c,4,0.7736005187034607,0.7736005187034607,3.256929636001587,0.09090909361839294,0.5833333134651184,0.14972355961799622,0
/home/jovyan/Joel_Pardo/AI4LABOUR/Mejoras/results_coursera/models/tsdae_coursera/google-bert/bert-base-uncased,A_semantic_only,126,ebdb003908ef,research engineering applications of emerging technologies,4499,a7b7131295ef,5,0.7708456516265869,0.7708456516265869,3.2335712909698486,0.1428571492433548,0.5714285969734192,0.27256864309310913,0
/home/jovyan/Joel_Pardo/AI4LABOUR/Mejoras/results_coursera/models/tsdae_coursera/google-bert/bert-base-uncased,A_semantic_only,126,ebdb003908ef,research engineering applications of emerging technologies,1475,886332682111,6,0.7697620391845703,0.7697620391845703,3.2243833541870117,0.1666666716337204,0.5714285969734192,0.27256864309310913,0
/home/jovyan/Joel_Pardo/AI4LABOUR/Mejoras/results_coursera/models/tsdae_coursera/google-bert/bert-base-uncased,A_semantic_only,126,ebdb003908ef,research engineering applications of emerging technologies,3161,8582ddf1573d,7,0.7677594423294067,0.7677594423294067,3.2074034214019775,0.0,0.2857142984867096,0.0,0
/home/jovyan/Joel_Pardo/AI4LABOUR/Mejoras/results_coursera/models/tsdae_coursera/google-bert/bert-base-uncased,A_semantic_only,126,ebdb003908ef,research engineering applications of emerging technologies,3407,2ad419560ca0,8,0.7662975192070007,0.7662975192070007,3.195007801055908,0.0,0.8571428656578064,0.0,0
/home/jovyan/Joel_Pardo/AI4LABOUR/Mejoras/results_coursera/models/tsdae_coursera/google-bert/bert-base-uncased,A_semantic_only,126,ebdb003908ef,research engineering applications of emerging technologies,4390,3cec85239a89,9,0.7628302574157715,0.7628302574157715,3.165609121322632,0.0,0.7142857313156128,0.0,0
/home/jovyan/Joel_Pardo/AI4LABOUR/Mejoras/results_coursera/models/tsdae_coursera/google-bert/bert-base-uncased,A_semantic_only,126,ebdb003908ef,research engineering applications of emerging technologies,4501,7e31f9e44f69,10,0.7533447742462158,0.7533447742462158,3.0851824283599854,0.10000000149011612,0.699999988079071,0.2514842748641968,0
/home/jovyan/Joel_Pardo/AI4LABOUR/Mejoras/results_coursera/models/tsdae_coursera/google-bert/bert-base-uncased,A_semantic_only,127,3d77dabe7560,design electromechanical equipment or systems,1841,e649d3f24f2b,1,0.8221476674079895,0.8221476674079895,3.990023374557495,0.1666666716337204,0.6666666865348816,0.38649365305900574,0
/home/jovyan/Joel_Pardo/AI4LABOUR/Mejoras/results_coursera/models/tsdae_coursera/google-bert/bert-base-uncased,A_semantic_only,127,3d77dabe7560,design electromechanical equipment or systems,3663,9b1383e434a5,2,0.8014888167381287,0.8014888167381287,3.8085641860961914,0.4000000059604645,0.8333333134651184,0.7529352307319641,0
/home/jovyan/Joel_Pardo/AI4LABOUR/Mejoras/results_coursera/models/tsdae_coursera/google-bert/bert-base-uncased,A_semantic_only,127,3d77dabe7560,design electromechanical equipment or systems,4729,1d83ab47ce3e,3,0.7989100217819214,0.7989100217819214,3.7859129905700684,0.20000000298023224,0.5,0.44990479946136475,0
/home/jovyan/Joel_Pardo/AI4LABOUR/Mejoras/results_coursera/models/tsdae_coursera/google-bert/bert-base-uncased,A_semantic_only,127,3d77dabe7560,design electromechanical equipment or systems,1838,510cca2d2620,4,0.7798053026199341,0.7798053026199341,3.6181046962738037,0.0,0.5,0.0,0
/home/jovyan/Joel_Pardo/AI4LABOUR/Mejoras/results_coursera/models/tsdae_coursera/google-bert/bert-base-uncased,A_semantic_only,127,3d77dabe7560,design electromechanical equipment or systems,3776,a89b81917b58,5,0.779755711555481,0.779755711555481,3.617669105529785,0.0,0.8333333134651184,0.0,0
/home/jovyan/Joel_Pardo/AI4LABOUR/Mejoras/results_coursera/models/tsdae_coursera/google-bert/bert-base-uncased,A_semantic_only,127,3d77dabe7560,design electromechanical equipment or systems,4723,66fe44b4fefa,6,0.7782608270645142,0.7782608270645142,3.604538679122925,0.5,0.5,1.0,0
/home/jovyan/Joel_Pardo/AI4LABOUR/Mejoras/results_coursera/models/tsdae_coursera/google-bert/bert-base-uncased,A_semantic_only,127,3d77dabe7560,design electromechanical equipment or systems,733,813e418f098e,7,0.7760330438613892,0.7760330438613892,3.584970712661743,0.20000000298023224,0.5,0.44990479946136475,0
/home/jovyan/Joel_Pardo/AI4LABOUR/Mejoras/results_coursera/models/tsdae_coursera/google-bert/bert-base-uncased,A_semantic_only,127,3d77dabe7560,design electromechanical equipment or systems,1268,41400dedd9f3,8,0.7757360935211182,0.7757360935211182,3.582362413406372,0.20000000298023224,0.6666666865348816,0.38649365305900574,0
/home/jovyan/Joel_Pardo/AI4LABOUR/Mejoras/results_coursera/models/tsdae_coursera/google-bert/bert-base-uncased,A_semantic_only,127,3d77dabe7560,design electromechanical equipment or systems,3705,7e3f91e1936e,9,0.7745668888092041,0.7745668888092041,3.5720925331115723,0.0,0.5454545617103577,0.0,0
/home/jovyan/Joel_Pardo/AI4LABOUR/Mejoras/results_coursera/models/tsdae_coursera/google-bert/bert-base-uncased,A_semantic_only,127,3d77dabe7560,design electromechanical equipment or systems,937,43b6a406ef58,10,0.7741636037826538,0.7741636037826538,3.5685501098632812,0.0,0.8333333134651184,0.0,0
/home/jovyan/Joel_Pardo/AI4LABOUR/Mejoras/results_coursera/models/tsdae_coursera/google-bert/bert-base-uncased,A_semantic_only,128,54e485ae84d0,design environmental control systems,4873,6483104c7cb1,1,0.8890442252159119,0.8890442252159119,4.1689677238464355,0.5,0.6000000238418579,1.0,0
/home/jovyan/Joel_Pardo/AI4LABOUR/Mejoras/results_coursera/models/tsdae_coursera/google-bert/bert-base-uncased,A_semantic_only,128,54e485ae84d0,design environmental control systems,4896,1d892e09d5fd,2,0.8583034873008728,0.8583034873008728,3.914062023162842,0.0,0.800000011920929,0.0,0
/home/jovyan/Joel_Pardo/AI4LABOUR/Mejoras/results_coursera/models/tsdae_coursera/google-bert/bert-base-uncased,A_semantic_only,128,54e485ae84d0,design environmental control systems,4723,66fe44b4fefa,3,0.8577184677124023,0.8577184677124023,3.9092109203338623,0.5,0.6000000238418579,0.7768035531044006,0
/home/jovyan/Joel_Pardo/AI4LABOUR/Mejoras/results_coursera/models/tsdae_coursera/google-bert/bert-base-uncased,A_semantic_only,128,54e485ae84d0,design environmental control systems,4163,2efc353a10d0,4,0.8300541043281555,0.8300541043281555,3.6798148155212402,0.1666666716337204,0.800000011920929,0.30022963881492615,0
/home/jovyan/Joel_Pardo/AI4LABOUR/Mejoras/results_coursera/models/tsdae_coursera/google-bert/bert-base-uncased,A_semantic_only,128,54e485ae84d0,design environmental control systems,3918,d4c62f1a558b,5,0.8292672634124756,0.8292672634124756,3.673290252685547,0.5,0.6000000238418579,0.9046481847763062,0
/home/jovyan/Joel_Pardo/AI4LABOUR/Mejoras/results_coursera/models/tsdae_coursera/google-bert/bert-base-uncased,A_semantic_only,128,54e485ae84d0,design environmental control systems,733,813e418f098e,6,0.8179131746292114,0.8179131746292114,3.5791409015655518,0.20000000298023224,0.6000000238418579,0.34948763251304626,0
/home/jovyan/Joel_Pardo/AI4LABOUR/Mejoras/results_coursera/models/tsdae_coursera/google-bert/bert-base-uncased,A_semantic_only,128,54e485ae84d0,design environmental control systems,2714,d9855438ae33,7,0.8124994039535522,0.8124994039535522,3.5342493057250977,0.20000000298023224,0.6000000238418579,0.34948763251304626,0
/home/jovyan/Joel_Pardo/AI4LABOUR/Mejoras/results_coursera/models/tsdae_coursera/google-bert/bert-base-uncased,A_semantic_only,128,54e485ae84d0,design environmental control systems,2365,103eab151086,8,0.7998329401016235,0.7998329401016235,3.429217576980591,0.20000000298023224,0.6000000238418579,0.34948763251304626,0
/home/jovyan/Joel_Pardo/AI4LABOUR/Mejoras/results_coursera/models/tsdae_coursera/google-bert/bert-base-uncased,A_semantic_only,128,54e485ae84d0,design environmental control systems,620,5f10fa09479b,9,0.799563467502594,0.799563467502594,3.426983118057251,0.20000000298023224,0.6000000238418579,0.42731592059135437,0
/home/jovyan/Joel_Pardo/AI4LABOUR/Mejoras/results_coursera/models/tsdae_coursera/google-bert/bert-base-uncased,A_semantic_only,128,54e485ae84d0,design environmental control systems,478,f0ad7971f1ce,10,0.7966182231903076,0.7966182231903076,3.4025607109069824,0.1666666716337204,0.800000011920929,0.36708852648735046,0
/home/jovyan/Joel_Pardo/AI4LABOUR/Mejoras/results_coursera/models/tsdae_coursera/google-bert/bert-base-uncased,A_semantic_only,129,06f6e71fddcf,calibrate scientific or technical equipment,3056,4b76c705aa42,1,0.741432785987854,0.741432785987854,3.916367530822754,0.0,0.75,0.0,0
/home/jovyan/Joel_Pardo/AI4LABOUR/Mejoras/results_coursera/models/tsdae_coursera/google-bert/bert-base-uncased,A_semantic_only,129,06f6e71fddcf,calibrate scientific or technical equipment,1822,39932b592d9d,2,0.7358838319778442,0.7358838319778442,3.865736722946167,0.0,0.3333333432674408,0.0,0
/home/jovyan/Joel_Pardo/AI4LABOUR/Mejoras/results_coursera/models/tsdae_coursera/google-bert/bert-base-uncased,A_semantic_only,129,06f6e71fddcf,calibrate scientific or technical equipment,4501,7e31f9e44f69,3,0.7285563945770264,0.7285563945770264,3.7988784313201904,0.0,0.6000000238418579,0.0,0
/home/jovyan/Joel_Pardo/AI4LABOUR/Mejoras/results_coursera/models/tsdae_coursera/google-bert/bert-base-uncased,A_semantic_only,129,06f6e71fddcf,calibrate scientific or technical equipment,4499,a7b7131295ef,4,0.7199292778968811,0.7199292778968811,3.7201614379882812,0.0,0.6666666865348816,0.0,0
/home/jovyan/Joel_Pardo/AI4LABOUR/Mejoras/results_coursera/models/tsdae_coursera/google-bert/bert-base-uncased,A_semantic_only,129,06f6e71fddcf,calibrate scientific or technical equipment,4503,8c63b2397fed,5,0.7092491388320923,0.7092491388320923,3.6227118968963623,0.0,0.8333333134651184,0.0,0
/home/jovyan/Joel_Pardo/AI4LABOUR/Mejoras/results_coursera/models/tsdae_coursera/google-bert/bert-base-uncased,A_semantic_only,129,06f6e71fddcf,calibrate scientific or technical equipment,3816,d4dcc2b4ce0a,6,0.7001376152038574,0.7001376152038574,3.5395748615264893,0.0,0.8571428656578064,0.0,0
/home/jovyan/Joel_Pardo/AI4LABOUR/Mejoras/results_coursera/models/tsdae_coursera/google-bert/bert-base-uncased,A_semantic_only,129,06f6e71fddcf,calibrate scientific or technical equipment,4415,859f5dcf8041,7,0.6946465969085693,0.6946465969085693,3.4894726276397705,0.0,0.4615384638309479,0.0,0
/home/jovyan/Joel_Pardo/AI4LABOUR/Mejoras/results_coursera/models/tsdae_coursera/google-bert/bert-base-uncased,A_semantic_only,129,06f6e71fddcf,calibrate scientific or technical equipment,3304,ecdd6aedb4c3,8,0.6932157874107361,0.6932157874107361,3.476417303085327,0.0,0.6666666865348816,0.0,0
/home/jovyan/Joel_Pardo/AI4LABOUR/Mejoras/results_coursera/models/tsdae_coursera/google-bert/bert-base-uncased,A_semantic_only,129,06f6e71fddcf,calibrate scientific or technical equipment,3378,d2e5330ba975,9,0.6845433115959167,0.6845433115959167,3.3972864151000977,0.0,0.4285714328289032,0.0,0
/home/jovyan/Joel_Pardo/AI4LABOUR/Mejoras/results_coursera/models/tsdae_coursera/google-bert/bert-base-uncased,A_semantic_only,129,06f6e71fddcf,calibrate scientific or technical equipment,3407,2ad419560ca0,10,0.6837976574897766,0.6837976574897766,3.3904829025268555,0.0,1.0,0.0,0
/home/jovyan/Joel_Pardo/AI4LABOUR/Mejoras/results_coursera/models/tsdae_coursera/google-bert/bert-base-uncased,A_semantic_only,130,cbb58925807f,select project materials,4828,0207b591a5d5,1,0.7320253849029541,0.7320253849029541,3.7526726722717285,0.0,0.75,0.0,0
/home/jovyan/Joel_Pardo/AI4LABOUR/Mejoras/results_coursera/models/tsdae_coursera/google-bert/bert-base-uncased,A_semantic_only,130,cbb58925807f,select project materials,1268,41400dedd9f3,2,0.7298614978790283,0.7298614978790283,3.734086751937866,0.0,1.0,0.0,0
/home/jovyan/Joel_Pardo/AI4LABOUR/Mejoras/results_coursera/models/tsdae_coursera/google-bert/bert-base-uncased,A_semantic_only,130,cbb58925807f,select project materials,4895,d9ed0b19f811,3,0.7216769456863403,0.7216769456863403,3.6637892723083496,0.0,0.75,0.0,0
/home/jovyan/Joel_Pardo/AI4LABOUR/Mejoras/results_coursera/models/tsdae_coursera/google-bert/bert-base-uncased,A_semantic_only,130,cbb58925807f,select project materials,4501,7e31f9e44f69,4,0.6982890367507935,0.6982890367507935,3.462909460067749,0.0,0.4000000059604645,0.0,0
/home/jovyan/Joel_Pardo/AI4LABOUR/Mejoras/results_coursera/models/tsdae_coursera/google-bert/bert-base-uncased,A_semantic_only,130,cbb58925807f,select project materials,4342,2ee8e7421336,5,0.6970240473747253,0.6970240473747253,3.4520442485809326,0.20000000298023224,1.0,0.6001487970352173,0
/home/jovyan/Joel_Pardo/AI4LABOUR/Mejoras/results_coursera/models/tsdae_coursera/google-bert/bert-base-uncased,A_semantic_only,130,cbb58925807f,select project materials,3407,2ad419560ca0,6,0.6932159662246704,0.6932159662246704,3.4193365573883057,0.1666666716337204,0.6666666865348816,0.560200035572052,0
/home/jovyan/Joel_Pardo/AI4LABOUR/Mejoras/results_coursera/models/tsdae_coursera/google-bert/bert-base-uncased,A_semantic_only,130,cbb58925807f,select project materials,4484,2dcbf8ba788e,7,0.687085747718811,0.687085747718811,3.3666837215423584,0.25,0.75,0.6986138224601746,0
/home/jovyan/Joel_Pardo/AI4LABOUR/Mejoras/results_coursera/models/tsdae_coursera/google-bert/bert-base-uncased,A_semantic_only,130,cbb58925807f,select project materials,1223,46f86faa6bbf,8,0.6856486797332764,0.6856486797332764,3.3543405532836914,0.3333333432674408,0.5,0.8357301950454712,0
/home/jovyan/Joel_Pardo/AI4LABOUR/Mejoras/results_coursera/models/tsdae_coursera/google-bert/bert-base-uncased,A_semantic_only,130,cbb58925807f,select project materials,2093,bc30fde7977a,9,0.6848636865615845,0.6848636865615845,3.3475983142852783,0.0,1.0,0.0,0
/home/jovyan/Joel_Pardo/AI4LABOUR/Mejoras/results_coursera/models/tsdae_coursera/google-bert/bert-base-uncased,A_semantic_only,130,cbb58925807f,select project materials,2235,373b347cdc67,10,0.6840798854827881,0.6840798854827881,3.3408663272857666,0.0,0.800000011920929,0.0,0
/home/jovyan/Joel_Pardo/AI4LABOUR/Mejoras/results_coursera/models/tsdae_coursera/google-bert/bert-base-uncased,A_semantic_only,131,c3b47654a283,create physical models or prototypes,775,c04765236833,1,0.7689872980117798,0.7689872980117798,3.552652597427368,0.20000000298023224,0.5,0.6690802574157715,0
/home/jovyan/Joel_Pardo/AI4LABOUR/Mejoras/results_coursera/models/tsdae_coursera/google-bert/bert-base-uncased,A_semantic_only,131,c3b47654a283,create physical models or prototypes,3919,b81d3a27898d,2,0.7559279203414917,0.7559279203414917,3.4414005279541016,0.0,0.6666666865348816,0.0,0
/home/jovyan/Joel_Pardo/AI4LABOUR/Mejoras/results_coursera/models/tsdae_coursera/google-bert/bert-base-uncased,A_semantic_only,131,c3b47654a283,create physical models or prototypes,5053,de7b151e0afe,3,0.7376642823219299,0.7376642823219299,3.285813570022583,0.125,0.75,0.3675581216812134,0
/home/jovyan/Joel_Pardo/AI4LABOUR/Mejoras/results_coursera/models/tsdae_coursera/google-bert/bert-base-uncased,A_semantic_only,131,c3b47654a283,create physical models or prototypes,2268,b376efa6883e,4,0.7351940870285034,0.7351940870285034,3.264770030975342,0.0,0.8333333134651184,0.0,0
/home/jovyan/Joel_Pardo/AI4LABOUR/Mejoras/results_coursera/models/tsdae_coursera/google-bert/bert-base-uncased,A_semantic_only,131,c3b47654a283,create physical models or prototypes,4828,0207b591a5d5,5,0.7243431210517883,0.7243431210517883,3.1723313331604004,0.0,0.5,0.0,0
/home/jovyan/Joel_Pardo/AI4LABOUR/Mejoras/results_coursera/models/tsdae_coursera/google-bert/bert-base-uncased,A_semantic_only,131,c3b47654a283,create physical models or prototypes,3304,ecdd6aedb4c3,6,0.7216691970825195,0.7216691970825195,3.149552345275879,0.0,0.6666666865348816,0.0,0
/home/jovyan/Joel_Pardo/AI4LABOUR/Mejoras/results_coursera/models/tsdae_coursera/google-bert/bert-base-uncased,A_semantic_only,131,c3b47654a283,create physical models or prototypes,2727,d75e8eeafa2f,7,0.7197172045707703,0.7197172045707703,3.1329233646392822,0.07692307978868484,0.4615384638309479,0.2650766670703888,0
/home/jovyan/Joel_Pardo/AI4LABOUR/Mejoras/results_coursera/models/tsdae_coursera/google-bert/bert-base-uncased,A_semantic_only,131,c3b47654a283,create physical models or prototypes,4158,6eb280a204d6,8,0.7131627202033997,0.7131627202033997,3.0770862102508545,0.0,0.2857142984867096,0.0,0
/home/jovyan/Joel_Pardo/AI4LABOUR/Mejoras/results_coursera/models/tsdae_coursera/google-bert/bert-base-uncased,A_semantic_only,131,c3b47654a283,create physical models or prototypes,3272,75a60472874a,9,0.7086906433105469,0.7086906433105469,3.0389888286590576,0.0,0.8333333134651184,0.0,0
/home/jovyan/Joel_Pardo/AI4LABOUR/Mejoras/results_coursera/models/tsdae_coursera/google-bert/bert-base-uncased,A_semantic_only,131,c3b47654a283,create physical models or prototypes,3314,5ccae7640253,10,0.7032555937767029,0.7032555937767029,2.992687940597534,0.0,0.8333333134651184,0.0,0
/home/jovyan/Joel_Pardo/AI4LABOUR/Mejoras/results_coursera/models/tsdae_coursera/google-bert/bert-base-uncased,A_semantic_only,132,22f88df4c22c,program robotic equipment,4536,d5ec9cc158c6,1,0.7510725259780884,0.7510725259780884,3.9069578647613525,0.25,0.75,1.0,0
/home/jovyan/Joel_Pardo/AI4LABOUR/Mejoras/results_coursera/models/tsdae_coursera/google-bert/bert-base-uncased,A_semantic_only,132,22f88df4c22c,program robotic equipment,246,f1178d8582ef,2,0.7162343263626099,0.7162343263626099,3.579545497894287,0.0,0.75,0.0,0
/home/jovyan/Joel_Pardo/AI4LABOUR/Mejoras/results_coursera/models/tsdae_coursera/google-bert/bert-base-uncased,A_semantic_only,132,22f88df4c22c,program robotic equipment,610,8e727206b35b,3,0.7019402980804443,0.7019402980804443,3.44520902633667,0.20000000298023224,1.0,0.8590565323829651,0
/home/jovyan/Joel_Pardo/AI4LABOUR/Mejoras/results_coursera/models/tsdae_coursera/google-bert/bert-base-uncased,A_semantic_only,132,22f88df4c22c,program robotic equipment,514,4771395651ce,4,0.6984150409698486,0.6984150409698486,3.412078380584717,0.0,0.800000011920929,0.0,0
/home/jovyan/Joel_Pardo/AI4LABOUR/Mejoras/results_coursera/models/tsdae_coursera/google-bert/bert-base-uncased,A_semantic_only,132,22f88df4c22c,program robotic equipment,3981,c3c0e3736c09,5,0.6939710378646851,0.6939710378646851,3.3703134059906006,0.0,0.75,0.0,0
/home/jovyan/Joel_Pardo/AI4LABOUR/Mejoras/results_coursera/models/tsdae_coursera/google-bert/bert-base-uncased,A_semantic_only,132,22f88df4c22c,program robotic equipment,4855,0e550c83c7ff,6,0.6922632455825806,0.6922632455825806,3.3542633056640625,0.0,0.75,0.0,0
/home/jovyan/Joel_Pardo/AI4LABOUR/Mejoras/results_coursera/models/tsdae_coursera/google-bert/bert-base-uncased,A_semantic_only,132,22f88df4c22c,program robotic equipment,117,1b45811985d9,7,0.6911205053329468,0.6911205053329468,3.3435237407684326,0.0,0.75,0.0,0
/home/jovyan/Joel_Pardo/AI4LABOUR/Mejoras/results_coursera/models/tsdae_coursera/google-bert/bert-base-uncased,A_semantic_only,132,22f88df4c22c,program robotic equipment,4895,d9ed0b19f811,8,0.6906324625015259,0.6906324625015259,3.338937282562256,0.0,0.75,0.0,0
/home/jovyan/Joel_Pardo/AI4LABOUR/Mejoras/results_coursera/models/tsdae_coursera/google-bert/bert-base-uncased,A_semantic_only,132,22f88df4c22c,program robotic equipment,2093,bc30fde7977a,9,0.6904563903808594,0.6904563903808594,3.337282419204712,0.0,1.0,0.0,0
/home/jovyan/Joel_Pardo/AI4LABOUR/Mejoras/results_coursera/models/tsdae_coursera/google-bert/bert-base-uncased,A_semantic_only,132,22f88df4c22c,program robotic equipment,3980,dc0ebdffa052,10,0.6857669353485107,0.6857669353485107,3.293210506439209,0.0,0.75,0.0,0
/home/jovyan/Joel_Pardo/AI4LABOUR/Mejoras/results_coursera/models/tsdae_coursera/google-bert/bert-base-uncased,A_semantic_only,133,70f88532846f,fabricate products or components using machine tools,1268,41400dedd9f3,1,0.8156650066375732,0.8156650066375732,4.836967945098877,0.0,0.5,0.0,0
/home/jovyan/Joel_Pardo/AI4LABOUR/Mejoras/results_coursera/models/tsdae_coursera/google-bert/bert-base-uncased,A_semantic_only,133,70f88532846f,fabricate products or components using machine tools,989,4ec4f7a20f54,2,0.7435885667800903,0.7435885667800903,4.1264214515686035,0.0,0.625,0.0,0
/home/jovyan/Joel_Pardo/AI4LABOUR/Mejoras/results_coursera/models/tsdae_coursera/google-bert/bert-base-uncased,A_semantic_only,133,70f88532846f,fabricate products or components using machine tools,301,b3202b182771,3,0.7377108335494995,0.7377108335494995,4.068477630615234,0.0,0.625,0.0,0
/home/jovyan/Joel_Pardo/AI4LABOUR/Mejoras/results_coursera/models/tsdae_coursera/google-bert/bert-base-uncased,A_semantic_only,133,70f88532846f,fabricate products or components using machine tools,2795,0270e82e5a44,4,0.7365059852600098,0.7365059852600098,4.056600093841553,0.0,0.375,0.0,0
/home/jovyan/Joel_Pardo/AI4LABOUR/Mejoras/results_coursera/models/tsdae_coursera/google-bert/bert-base-uncased,A_semantic_only,133,70f88532846f,fabricate products or components using machine tools,1474,39dc86297043,5,0.7350476980209351,0.7350476980209351,4.042223930358887,0.0,0.375,0.0,0
/home/jovyan/Joel_Pardo/AI4LABOUR/Mejoras/results_coursera/models/tsdae_coursera/google-bert/bert-base-uncased,A_semantic_only,133,70f88532846f,fabricate products or components using machine tools,78,cefdec315735,6,0.7319459915161133,0.7319459915161133,4.011646270751953,0.0,0.5,0.0,0
/home/jovyan/Joel_Pardo/AI4LABOUR/Mejoras/results_coursera/models/tsdae_coursera/google-bert/bert-base-uncased,A_semantic_only,133,70f88532846f,fabricate products or components using machine tools,2092,a3727e4c2309,7,0.7275301814079285,0.7275301814079285,3.9681143760681152,0.0,0.75,0.0,0
/home/jovyan/Joel_Pardo/AI4LABOUR/Mejoras/results_coursera/models/tsdae_coursera/google-bert/bert-base-uncased,A_semantic_only,133,70f88532846f,fabricate products or components using machine tools,3938,3eb5a1be20e7,8,0.7114293575286865,0.7114293575286865,3.8093886375427246,0.0,0.5,0.0,0
/home/jovyan/Joel_Pardo/AI4LABOUR/Mejoras/results_coursera/models/tsdae_coursera/google-bert/bert-base-uncased,A_semantic_only,133,70f88532846f,fabricate products or components using machine tools,62,422cb95c884c,9,0.7068697810173035,0.7068697810173035,3.764439344406128,0.0,0.5,0.0,0
/home/jovyan/Joel_Pardo/AI4LABOUR/Mejoras/results_coursera/models/tsdae_coursera/google-bert/bert-base-uncased,A_semantic_only,133,70f88532846f,fabricate products or components using machine tools,2211,29e1a9665271,10,0.6997464299201965,0.6997464299201965,3.694215774536133,0.0,0.375,0.0,0
/home/jovyan/Joel_Pardo/AI4LABOUR/Mejoras/results_coursera/models/tsdae_coursera/google-bert/bert-base-uncased,A_semantic_only,134,469df54e4928,inspect facilities or sites to determine if they meet specifications or standards,3056,4b76c705aa42,1,0.6625068187713623,0.6625068187713623,3.528064012527466,0.0,0.6153846383094788,0.0,0
/home/jovyan/Joel_Pardo/AI4LABOUR/Mejoras/results_coursera/models/tsdae_coursera/google-bert/bert-base-uncased,A_semantic_only,134,469df54e4928,inspect facilities or sites to determine if they meet specifications or standards,3816,d4dcc2b4ce0a,2,0.6621074676513672,0.6621074676513672,3.524197816848755,0.0,0.5384615659713745,0.0,0
/home/jovyan/Joel_Pardo/AI4LABOUR/Mejoras/results_coursera/models/tsdae_coursera/google-bert/bert-base-uncased,A_semantic_only,134,469df54e4928,inspect facilities or sites to determine if they meet specifications or standards,150,e1b657c11575,3,0.6479431390762329,0.6479431390762329,3.3870673179626465,0.0,0.7647058963775635,0.14539462327957153,0
/home/jovyan/Joel_Pardo/AI4LABOUR/Mejoras/results_coursera/models/tsdae_coursera/google-bert/bert-base-uncased,A_semantic_only,134,469df54e4928,inspect facilities or sites to determine if they meet specifications or standards,690,32402d5443a6,4,0.644283652305603,0.644283652305603,3.3516383171081543,0.0,0.9285714030265808,0.1709098517894745,0
/home/jovyan/Joel_Pardo/AI4LABOUR/Mejoras/results_coursera/models/tsdae_coursera/google-bert/bert-base-uncased,A_semantic_only,134,469df54e4928,inspect facilities or sites to determine if they meet specifications or standards,689,f1b8bdf23453,5,0.6403066515922546,0.6403066515922546,3.3131353855133057,0.0625,0.9230769276618958,0.38992196321487427,0
/home/jovyan/Joel_Pardo/AI4LABOUR/Mejoras/results_coursera/models/tsdae_coursera/google-bert/bert-base-uncased,A_semantic_only,134,469df54e4928,inspect facilities or sites to determine if they meet specifications or standards,4735,d4c4823f0990,6,0.6366568803787231,0.6366568803787231,3.2778005599975586,0.0,0.23076923191547394,0.0,0
/home/jovyan/Joel_Pardo/AI4LABOUR/Mejoras/results_coursera/models/tsdae_coursera/google-bert/bert-base-uncased,A_semantic_only,134,469df54e4928,inspect facilities or sites to determine if they meet specifications or standards,5211,4da88cffef86,7,0.628581166267395,0.628581166267395,3.1996164321899414,0.0,0.23076923191547394,0.0,0
/home/jovyan/Joel_Pardo/AI4LABOUR/Mejoras/results_coursera/models/tsdae_coursera/google-bert/bert-base-uncased,A_semantic_only,134,469df54e4928,inspect facilities or sites to determine if they meet specifications or standards,362,af64042459da,8,0.6222449541091919,0.6222449541091919,3.138273000717163,0.0,0.3076923191547394,0.0,0
/home/jovyan/Joel_Pardo/AI4LABOUR/Mejoras/results_coursera/models/tsdae_coursera/google-bert/bert-base-uncased,A_semantic_only,134,469df54e4928,inspect facilities or sites to determine if they meet specifications or standards,5134,29c1e14899e6,9,0.6217144131660461,0.6217144131660461,3.133136510848999,0.0,0.3076923191547394,0.0,0
/home/jovyan/Joel_Pardo/AI4LABOUR/Mejoras/results_coursera/models/tsdae_coursera/google-bert/bert-base-uncased,A_semantic_only,134,469df54e4928,inspect facilities or sites to determine if they meet specifications or standards,144,c5c6e125b314,10,0.620311975479126,0.620311975479126,3.1195590496063232,0.0,0.4333333373069763,0.08828244358301163,0
/home/jovyan/Joel_Pardo/AI4LABOUR/Mejoras/results_coursera/models/tsdae_coursera/google-bert/bert-base-uncased,A_semantic_only,135,4055e1544ee0,assemble equipment or components,1268,41400dedd9f3,1,0.8090986609458923,0.8090986609458923,4.634156703948975,0.0,0.800000011920929,0.0,0
/home/jovyan/Joel_Pardo/AI4LABOUR/Mejoras/results_coursera/models/tsdae_coursera/google-bert/bert-base-uncased,A_semantic_only,135,4055e1544ee0,assemble equipment or components,2235,373b347cdc67,2,0.7550994157791138,0.7550994157791138,4.136477947235107,0.0,1.0,0.0,0
/home/jovyan/Joel_Pardo/AI4LABOUR/Mejoras/results_coursera/models/tsdae_coursera/google-bert/bert-base-uncased,A_semantic_only,135,4055e1544ee0,assemble equipment or components,937,43b6a406ef58,3,0.7430175542831421,0.7430175542831421,4.0251264572143555,0.0,1.0,0.0,0
/home/jovyan/Joel_Pardo/AI4LABOUR/Mejoras/results_coursera/models/tsdae_coursera/google-bert/bert-base-uncased,A_semantic_only,135,4055e1544ee0,assemble equipment or components,989,4ec4f7a20f54,4,0.728706955909729,0.728706955909729,3.8932342529296875,0.0,1.0,0.0,0
/home/jovyan/Joel_Pardo/AI4LABOUR/Mejoras/results_coursera/models/tsdae_coursera/google-bert/bert-base-uncased,A_semantic_only,135,4055e1544ee0,assemble equipment or components,1474,39dc86297043,5,0.7265002727508545,0.7265002727508545,3.872896671295166,0.0,0.6000000238418579,0.0,0
/home/jovyan/Joel_Pardo/AI4LABOUR/Mejoras/results_coursera/models/tsdae_coursera/google-bert/bert-base-uncased,A_semantic_only,135,4055e1544ee0,assemble equipment or components,2211,29e1a9665271,6,0.7245808243751526,0.7245808243751526,3.855206251144409,0.0,0.6000000238418579,0.0,0
/home/jovyan/Joel_Pardo/AI4LABOUR/Mejoras/results_coursera/models/tsdae_coursera/google-bert/bert-base-uncased,A_semantic_only,135,4055e1544ee0,assemble equipment or components,2091,15510201a5af,7,0.7214128971099854,0.7214128971099854,3.8260092735290527,0.0,0.6000000238418579,0.0,0
/home/jovyan/Joel_Pardo/AI4LABOUR/Mejoras/results_coursera/models/tsdae_coursera/google-bert/bert-base-uncased,A_semantic_only,135,4055e1544ee0,assemble equipment or components,2795,0270e82e5a44,8,0.7206985354423523,0.7206985354423523,3.819425344467163,0.0,0.6000000238418579,0.0,0
/home/jovyan/Joel_Pardo/AI4LABOUR/Mejoras/results_coursera/models/tsdae_coursera/google-bert/bert-base-uncased,A_semantic_only,135,4055e1544ee0,assemble equipment or components,1705,53b592783e35,9,0.6943259239196777,0.6943259239196777,3.576364755630493,0.20000000298023224,1.0,0.6677367687225342,0
/home/jovyan/Joel_Pardo/AI4LABOUR/Mejoras/results_coursera/models/tsdae_coursera/google-bert/bert-base-uncased,A_semantic_only,135,4055e1544ee0,assemble equipment or components,78,cefdec315735,10,0.6911004185676575,0.6911004185676575,3.5466370582580566,0.0,0.800000011920929,0.0,0
/home/jovyan/Joel_Pardo/AI4LABOUR/Mejoras/results_coursera/models/tsdae_coursera/google-bert/bert-base-uncased,A_semantic_only,136,ded8762bb927,maintain electromechanical equipment,3705,7e3f91e1936e,1,0.7828847169876099,0.7828847169876099,4.262255668640137,0.0,0.3636363744735718,0.0,0
/home/jovyan/Joel_Pardo/AI4LABOUR/Mejoras/results_coursera/models/tsdae_coursera/google-bert/bert-base-uncased,A_semantic_only,136,ded8762bb927,maintain electromechanical equipment,937,43b6a406ef58,2,0.7757928967475891,0.7757928967475891,4.193811893463135,0.0,0.800000011920929,0.0,0
/home/jovyan/Joel_Pardo/AI4LABOUR/Mejoras/results_coursera/models/tsdae_coursera/google-bert/bert-base-uncased,A_semantic_only,136,ded8762bb927,maintain electromechanical equipment,1337,284a65d8619b,3,0.7546306848526001,0.7546306848526001,3.9895732402801514,0.0,0.3333333432674408,0.0,0
/home/jovyan/Joel_Pardo/AI4LABOUR/Mejoras/results_coursera/models/tsdae_coursera/google-bert/bert-base-uncased,A_semantic_only,136,ded8762bb927,maintain electromechanical equipment,3706,f35d80d38c13,4,0.7531981468200684,0.7531981468200684,3.97574782371521,0.0,0.3333333432674408,0.0,0
/home/jovyan/Joel_Pardo/AI4LABOUR/Mejoras/results_coursera/models/tsdae_coursera/google-bert/bert-base-uncased,A_semantic_only,136,ded8762bb927,maintain electromechanical equipment,1841,e649d3f24f2b,5,0.7476020455360413,0.7476020455360413,3.921739339828491,0.0,1.0,0.0,0
/home/jovyan/Joel_Pardo/AI4LABOUR/Mejoras/results_coursera/models/tsdae_coursera/google-bert/bert-base-uncased,A_semantic_only,136,ded8762bb927,maintain electromechanical equipment,938,e06f4f123396,6,0.7381167411804199,0.7381167411804199,3.830195665359497,0.0,1.0,0.0,0
/home/jovyan/Joel_Pardo/AI4LABOUR/Mejoras/results_coursera/models/tsdae_coursera/google-bert/bert-base-uncased,A_semantic_only,136,ded8762bb927,maintain electromechanical equipment,1838,510cca2d2620,7,0.7322193384170532,0.7322193384170532,3.7732794284820557,0.0,0.75,0.0,0
/home/jovyan/Joel_Pardo/AI4LABOUR/Mejoras/results_coursera/models/tsdae_coursera/google-bert/bert-base-uncased,A_semantic_only,136,ded8762bb927,maintain electromechanical equipment,3707,ae14f32b277d,8,0.7302674055099487,0.7302674055099487,3.754441022872925,0.0,0.5,0.0,0
/home/jovyan/Joel_Pardo/AI4LABOUR/Mejoras/results_coursera/models/tsdae_coursera/google-bert/bert-base-uncased,A_semantic_only,136,ded8762bb927,maintain electromechanical equipment,1822,39932b592d9d,9,0.7179509401321411,0.7179509401321411,3.635573625564575,0.0,0.2222222238779068,0.0,0
/home/jovyan/Joel_Pardo/AI4LABOUR/Mejoras/results_coursera/models/tsdae_coursera/google-bert/bert-base-uncased,A_semantic_only,136,ded8762bb927,maintain electromechanical equipment,1268,41400dedd9f3,10,0.7078649997711182,0.7078649997711182,3.538233518600464,0.0,1.0,0.0,0
/home/jovyan/Joel_Pardo/AI4LABOUR/Mejoras/results_coursera/models/tsdae_coursera/google-bert/bert-base-uncased,A_semantic_only,137,a4f4cc8a14a2,operate industrial equipment,989,4ec4f7a20f54,1,0.7494362592697144,0.7494362592697144,4.19919490814209,0.0,0.800000011920929,0.0,0
/home/jovyan/Joel_Pardo/AI4LABOUR/Mejoras/results_coursera/models/tsdae_coursera/google-bert/bert-base-uncased,A_semantic_only,137,a4f4cc8a14a2,operate industrial equipment,1474,39dc86297043,2,0.7199143171310425,0.7199143171310425,3.9405338764190674,0.0,0.75,0.0,0
/home/jovyan/Joel_Pardo/AI4LABOUR/Mejoras/results_coursera/models/tsdae_coursera/google-bert/bert-base-uncased,A_semantic_only,137,a4f4cc8a14a2,operate industrial equipment,937,43b6a406ef58,3,0.7174656391143799,0.7174656391143799,3.919079303741455,0.0,0.800000011920929,0.0,0
/home/jovyan/Joel_Pardo/AI4LABOUR/Mejoras/results_coursera/models/tsdae_coursera/google-bert/bert-base-uncased,A_semantic_only,137,a4f4cc8a14a2,operate industrial equipment,1268,41400dedd9f3,4,0.7021629810333252,0.7021629810333252,3.7850027084350586,0.0,1.0,0.0,0
/home/jovyan/Joel_Pardo/AI4LABOUR/Mejoras/results_coursera/models/tsdae_coursera/google-bert/bert-base-uncased,A_semantic_only,137,a4f4cc8a14a2,operate industrial equipment,2795,0270e82e5a44,5,0.694917619228363,0.694917619228363,3.7215213775634766,0.0,0.75,0.0,0
/home/jovyan/Joel_Pardo/AI4LABOUR/Mejoras/results_coursera/models/tsdae_coursera/google-bert/bert-base-uncased,A_semantic_only,137,a4f4cc8a14a2,operate industrial equipment,5193,3c01d05648e6,6,0.6764283776283264,0.6764283776283264,3.5595250129699707,0.0,0.75,0.0,0
/home/jovyan/Joel_Pardo/AI4LABOUR/Mejoras/results_coursera/models/tsdae_coursera/google-bert/bert-base-uncased,A_semantic_only,137,a4f4cc8a14a2,operate industrial equipment,2235,373b347cdc67,7,0.6762906312942505,0.6762906312942505,3.5583181381225586,0.0,0.800000011920929,0.0,0
/home/jovyan/Joel_Pardo/AI4LABOUR/Mejoras/results_coursera/models/tsdae_coursera/google-bert/bert-base-uncased,A_semantic_only,137,a4f4cc8a14a2,operate industrial equipment,3454,68b455dc1687,8,0.6633856892585754,0.6633856892585754,3.445249319076538,0.0,1.0,0.0,0
/home/jovyan/Joel_Pardo/AI4LABOUR/Mejoras/results_coursera/models/tsdae_coursera/google-bert/bert-base-uncased,A_semantic_only,137,a4f4cc8a14a2,operate industrial equipment,2112,49e1b35b16b4,9,0.6412198543548584,0.6412198543548584,3.251039981842041,0.0,0.6666666865348816,0.0,0
/home/jovyan/Joel_Pardo/AI4LABOUR/Mejoras/results_coursera/models/tsdae_coursera/google-bert/bert-base-uncased,A_semantic_only,137,a4f4cc8a14a2,operate industrial equipment,4679,aa2e3ac253d9,10,0.6325305700302124,0.6325305700302124,3.1749074459075928,0.0,0.2857142984867096,0.0,0
/home/jovyan/Joel_Pardo/AI4LABOUR/Mejoras/results_coursera/models/tsdae_coursera/google-bert/bert-base-uncased,A_semantic_only,138,ef5aeb4ce41e,repair electronic equipment,937,43b6a406ef58,1,0.816075325012207,0.816075325012207,5.004794120788574,0.0,0.800000011920929,0.0,0
/home/jovyan/Joel_Pardo/AI4LABOUR/Mejoras/results_coursera/models/tsdae_coursera/google-bert/bert-base-uncased,A_semantic_only,138,ef5aeb4ce41e,repair electronic equipment,2330,8310086930a5,2,0.7092248797416687,0.7092248797416687,3.9750583171844482,0.0,0.75,0.0,0
/home/jovyan/Joel_Pardo/AI4LABOUR/Mejoras/results_coursera/models/tsdae_coursera/google-bert/bert-base-uncased,A_semantic_only,138,ef5aeb4ce41e,repair electronic equipment,938,e06f4f123396,3,0.7031653523445129,0.7031653523445129,3.9166617393493652,0.0,1.0,0.0,0
/home/jovyan/Joel_Pardo/AI4LABOUR/Mejoras/results_coursera/models/tsdae_coursera/google-bert/bert-base-uncased,A_semantic_only,138,ef5aeb4ce41e,repair electronic equipment,1841,e649d3f24f2b,4,0.7027969360351562,0.7027969360351562,3.9131112098693848,0.0,1.0,0.0,0
/home/jovyan/Joel_Pardo/AI4LABOUR/Mejoras/results_coursera/models/tsdae_coursera/google-bert/bert-base-uncased,A_semantic_only,138,ef5aeb4ce41e,repair electronic equipment,1838,510cca2d2620,5,0.6997100114822388,0.6997100114822388,3.883362054824829,0.0,0.75,0.0,0
/home/jovyan/Joel_Pardo/AI4LABOUR/Mejoras/results_coursera/models/tsdae_coursera/google-bert/bert-base-uncased,A_semantic_only,138,ef5aeb4ce41e,repair electronic equipment,1268,41400dedd9f3,6,0.6888504028320312,0.6888504028320312,3.7787063121795654,0.0,1.0,0.0,0
/home/jovyan/Joel_Pardo/AI4LABOUR/Mejoras/results_coursera/models/tsdae_coursera/google-bert/bert-base-uncased,A_semantic_only,138,ef5aeb4ce41e,repair electronic equipment,2091,15510201a5af,7,0.6801514625549316,0.6801514625549316,3.694873094558716,0.0,0.75,0.0,0
/home/jovyan/Joel_Pardo/AI4LABOUR/Mejoras/results_coursera/models/tsdae_coursera/google-bert/bert-base-uncased,A_semantic_only,138,ef5aeb4ce41e,repair electronic equipment,215,f3e87868bbce,8,0.6783589720726013,0.6783589720726013,3.677598476409912,0.20000000298023224,1.0,0.8205423951148987,0
/home/jovyan/Joel_Pardo/AI4LABOUR/Mejoras/results_coursera/models/tsdae_coursera/google-bert/bert-base-uncased,A_semantic_only,138,ef5aeb4ce41e,repair electronic equipment,1607,6544768291be,9,0.6766332387924194,0.6766332387924194,3.6609673500061035,0.0,0.75,0.0,0
/home/jovyan/Joel_Pardo/AI4LABOUR/Mejoras/results_coursera/models/tsdae_coursera/google-bert/bert-base-uncased,A_semantic_only,138,ef5aeb4ce41e,repair electronic equipment,2235,373b347cdc67,10,0.6753222942352295,0.6753222942352295,3.6483335494995117,0.0,0.800000011920929,0.0,0
/home/jovyan/Joel_Pardo/AI4LABOUR/Mejoras/results_coursera/models/tsdae_coursera/google-bert/bert-base-uncased,A_semantic_only,139,80c1c070d6f0,"maintain inventories of materials, equipment, or products",4501,7e31f9e44f69,1,0.7090232372283936,0.7090232372283936,4.0331339836120605,0.0,0.800000011920929,0.20840583741664886,0
/home/jovyan/Joel_Pardo/AI4LABOUR/Mejoras/results_coursera/models/tsdae_coursera/google-bert/bert-base-uncased,A_semantic_only,139,80c1c070d6f0,"maintain inventories of materials, equipment, or products",937,43b6a406ef58,2,0.7057374715805054,0.7057374715805054,3.99924373626709,0.0,0.625,0.0,0
/home/jovyan/Joel_Pardo/AI4LABOUR/Mejoras/results_coursera/models/tsdae_coursera/google-bert/bert-base-uncased,A_semantic_only,139,80c1c070d6f0,"maintain inventories of materials, equipment, or products",3378,d2e5330ba975,3,0.6852084398269653,0.6852084398269653,3.787503719329834,0.07692307978868484,0.5714285969734192,0.4576839506626129,0
/home/jovyan/Joel_Pardo/AI4LABOUR/Mejoras/results_coursera/models/tsdae_coursera/google-bert/bert-base-uncased,A_semantic_only,139,80c1c070d6f0,"maintain inventories of materials, equipment, or products",4415,859f5dcf8041,4,0.6828295588493347,0.6828295588493347,3.762967586517334,0.0833333358168602,0.6153846383094788,0.4861202836036682,0
/home/jovyan/Joel_Pardo/AI4LABOUR/Mejoras/results_coursera/models/tsdae_coursera/google-bert/bert-base-uncased,A_semantic_only,139,80c1c070d6f0,"maintain inventories of materials, equipment, or products",3056,4b76c705aa42,5,0.6740218997001648,0.6740218997001648,3.672123908996582,0.0,1.0,0.0,0
/home/jovyan/Joel_Pardo/AI4LABOUR/Mejoras/results_coursera/models/tsdae_coursera/google-bert/bert-base-uncased,A_semantic_only,139,80c1c070d6f0,"maintain inventories of materials, equipment, or products",4679,aa2e3ac253d9,6,0.6659293174743652,0.6659293174743652,3.588655471801758,0.0,0.5714285969734192,0.1596418023109436,0
/home/jovyan/Joel_Pardo/AI4LABOUR/Mejoras/results_coursera/models/tsdae_coursera/google-bert/bert-base-uncased,A_semantic_only,139,80c1c070d6f0,"maintain inventories of materials, equipment, or products",2951,14b0ec412e5c,7,0.6634176969528198,0.6634176969528198,3.5627501010894775,0.0,0.6666666865348816,0.0,0
/home/jovyan/Joel_Pardo/AI4LABOUR/Mejoras/results_coursera/models/tsdae_coursera/google-bert/bert-base-uncased,A_semantic_only,139,80c1c070d6f0,"maintain inventories of materials, equipment, or products",1822,39932b592d9d,8,0.6627662777900696,0.6627662777900696,3.5560314655303955,0.0,0.4444444477558136,0.12937083840370178,0
/home/jovyan/Joel_Pardo/AI4LABOUR/Mejoras/results_coursera/models/tsdae_coursera/google-bert/bert-base-uncased,A_semantic_only,139,80c1c070d6f0,"maintain inventories of materials, equipment, or products",690,32402d5443a6,9,0.6540110111236572,0.6540110111236572,3.4657280445098877,0.0714285746216774,0.5714285969734192,0.39701035618782043,0
/home/jovyan/Joel_Pardo/AI4LABOUR/Mejoras/results_coursera/models/tsdae_coursera/google-bert/bert-base-uncased,A_semantic_only,139,80c1c070d6f0,"maintain inventories of materials, equipment, or products",1268,41400dedd9f3,10,0.6527707576751709,0.6527707576751709,3.4529356956481934,0.0,0.5,0.0,0
/home/jovyan/Joel_Pardo/AI4LABOUR/Mejoras/results_coursera/models/tsdae_coursera/google-bert/bert-base-uncased,A_semantic_only,140,f07eaef01260,determine operational criteria or specifications,181,6e0262463c46,1,0.7518496513366699,0.7518496513366699,3.307161331176758,0.0,0.6666666865348816,0.0,0
/home/jovyan/Joel_Pardo/AI4LABOUR/Mejoras/results_coursera/models/tsdae_coursera/google-bert/bert-base-uncased,A_semantic_only,140,f07eaef01260,determine operational criteria or specifications,4791,baded3c66d4d,2,0.7433561086654663,0.7433561086654663,3.241523027420044,0.0,1.0,0.0,0
/home/jovyan/Joel_Pardo/AI4LABOUR/Mejoras/results_coursera/models/tsdae_coursera/google-bert/bert-base-uncased,A_semantic_only,140,f07eaef01260,determine operational criteria or specifications,3780,5279f5c334f7,3,0.7430847883224487,0.7430847883224487,3.2394261360168457,0.0,0.8571428656578064,0.0,0
/home/jovyan/Joel_Pardo/AI4LABOUR/Mejoras/results_coursera/models/tsdae_coursera/google-bert/bert-base-uncased,A_semantic_only,140,f07eaef01260,determine operational criteria or specifications,180,1984ba551855,4,0.7376905679702759,0.7376905679702759,3.197739601135254,0.0,0.375,0.0,0
/home/jovyan/Joel_Pardo/AI4LABOUR/Mejoras/results_coursera/models/tsdae_coursera/google-bert/bert-base-uncased,A_semantic_only,140,f07eaef01260,determine operational criteria or specifications,4561,7dbb7909a0ac,5,0.7343261241912842,0.7343261241912842,3.171739101409912,0.0,1.0,0.0,0
/home/jovyan/Joel_Pardo/AI4LABOUR/Mejoras/results_coursera/models/tsdae_coursera/google-bert/bert-base-uncased,A_semantic_only,140,f07eaef01260,determine operational criteria or specifications,4058,74fe0528c27f,6,0.7325019836425781,0.7325019836425781,3.157641887664795,0.125,1.0,0.6006578207015991,0
/home/jovyan/Joel_Pardo/AI4LABOUR/Mejoras/results_coursera/models/tsdae_coursera/google-bert/bert-base-uncased,A_semantic_only,140,f07eaef01260,determine operational criteria or specifications,4501,7e31f9e44f69,7,0.7270562052726746,0.7270562052726746,3.1155569553375244,0.0,0.6000000238418579,0.0,0
/home/jovyan/Joel_Pardo/AI4LABOUR/Mejoras/results_coursera/models/tsdae_coursera/google-bert/bert-base-uncased,A_semantic_only,140,f07eaef01260,determine operational criteria or specifications,2661,a40ee5969123,8,0.7267096042633057,0.7267096042633057,3.1128783226013184,0.0,0.8333333134651184,0.0,0
/home/jovyan/Joel_Pardo/AI4LABOUR/Mejoras/results_coursera/models/tsdae_coursera/google-bert/bert-base-uncased,A_semantic_only,140,f07eaef01260,determine operational criteria or specifications,3816,d4dcc2b4ce0a,9,0.7238686084747314,0.7238686084747314,3.0909230709075928,0.0,0.8571428656578064,0.0,0
/home/jovyan/Joel_Pardo/AI4LABOUR/Mejoras/results_coursera/models/tsdae_coursera/google-bert/bert-base-uncased,A_semantic_only,140,f07eaef01260,determine operational criteria or specifications,3621,917bf810d271,10,0.7176225781440735,0.7176225781440735,3.0426535606384277,0.0,0.8333333134651184,0.0,0
/home/jovyan/Joel_Pardo/AI4LABOUR/Mejoras/results_coursera/models/tsdae_coursera/google-bert/bert-base-uncased,A_semantic_only,141,dbc0d59bd942,research advanced engineering designs or applications,3378,d2e5330ba975,1,0.8154446482658386,0.8154446482658386,3.857880115509033,0.1666666716337204,0.5,0.49287739396095276,0
/home/jovyan/Joel_Pardo/AI4LABOUR/Mejoras/results_coursera/models/tsdae_coursera/google-bert/bert-base-uncased,A_semantic_only,141,dbc0d59bd942,research advanced engineering designs or applications,1475,886332682111,2,0.7885462045669556,0.7885462045669556,3.6250061988830566,0.1666666716337204,0.5714285969734192,0.5242221355438232,0
/home/jovyan/Joel_Pardo/AI4LABOUR/Mejoras/results_coursera/models/tsdae_coursera/google-bert/bert-base-uncased,A_semantic_only,141,dbc0d59bd942,research advanced engineering designs or applications,3407,2ad419560ca0,3,0.7864482402801514,0.7864482402801514,3.6068429946899414,0.0,0.8571428656578064,0.0,0
/home/jovyan/Joel_Pardo/AI4LABOUR/Mejoras/results_coursera/models/tsdae_coursera/google-bert/bert-base-uncased,A_semantic_only,141,dbc0d59bd942,research advanced engineering designs or applications,4501,7e31f9e44f69,4,0.7628829479217529,0.7628829479217529,3.4028260707855225,0.10000000149011612,0.699999988079071,0.2840295433998108,0
/home/jovyan/Joel_Pardo/AI4LABOUR/Mejoras/results_coursera/models/tsdae_coursera/google-bert/bert-base-uncased,A_semantic_only,141,dbc0d59bd942,research advanced engineering designs or applications,2581,40cb7c84e4c0,5,0.7588605284690857,0.7588605284690857,3.368001699447632,0.1666666716337204,0.4285714328289032,0.7131603360176086,0
/home/jovyan/Joel_Pardo/AI4LABOUR/Mejoras/results_coursera/models/tsdae_coursera/google-bert/bert-base-uncased,A_semantic_only,141,dbc0d59bd942,research advanced engineering designs or applications,4828,0207b591a5d5,6,0.7461491823196411,0.7461491823196411,3.257952928543091,0.1666666716337204,0.4285714328289032,1.0,0
/home/jovyan/Joel_Pardo/AI4LABOUR/Mejoras/results_coursera/models/tsdae_coursera/google-bert/bert-base-uncased,A_semantic_only,141,dbc0d59bd942,research advanced engineering designs or applications,4499,a7b7131295ef,7,0.7373827695846558,0.7373827695846558,3.1820576190948486,0.1428571492433548,0.5714285969734192,0.5242221355438232,0
/home/jovyan/Joel_Pardo/AI4LABOUR/Mejoras/results_coursera/models/tsdae_coursera/google-bert/bert-base-uncased,A_semantic_only,141,dbc0d59bd942,research advanced engineering designs or applications,1822,39932b592d9d,8,0.7359778881072998,0.7359778881072998,3.1698946952819824,0.0625,0.3888888955116272,0.2060551941394806,0
/home/jovyan/Joel_Pardo/AI4LABOUR/Mejoras/results_coursera/models/tsdae_coursera/google-bert/bert-base-uncased,A_semantic_only,141,dbc0d59bd942,research advanced engineering designs or applications,3303,8dee13915ca0,9,0.7345288991928101,0.7345288991928101,3.1573500633239746,0.0,0.875,0.0,0
/home/jovyan/Joel_Pardo/AI4LABOUR/Mejoras/results_coursera/models/tsdae_coursera/google-bert/bert-base-uncased,A_semantic_only,141,dbc0d59bd942,research advanced engineering designs or applications,2582,0be93a9a20bc,10,0.7336623072624207,0.7336623072624207,3.1498475074768066,0.1428571492433548,0.7142857313156128,0.5369635820388794,0
/home/jovyan/Joel_Pardo/AI4LABOUR/Mejoras/results_coursera/models/tsdae_coursera/google-bert/bert-base-uncased,A_semantic_only,142,c71cb5036aef,"coordinate activities with suppliers, contractors, clients, or other departments",1863,6a901f9ab4b7,1,0.7407242059707642,0.7407242059707642,3.500222682952881,0.0833333358168602,0.38461539149284363,0.4603196084499359,0
/home/jovyan/Joel_Pardo/AI4LABOUR/Mejoras/results_coursera/models/tsdae_coursera/google-bert/bert-base-uncased,A_semantic_only,142,c71cb5036aef,"coordinate activities with suppliers, contractors, clients, or other departments",425,b06cd44db3d0,2,0.7267929911613464,0.7267929911613464,3.3778114318847656,0.0,0.5,0.0,0
/home/jovyan/Joel_Pardo/AI4LABOUR/Mejoras/results_coursera/models/tsdae_coursera/google-bert/bert-base-uncased,A_semantic_only,142,c71cb5036aef,"coordinate activities with suppliers, contractors, clients, or other departments",180,1984ba551855,3,0.7024273872375488,0.7024273872375488,3.16371488571167,0.0,0.625,0.0,0
/home/jovyan/Joel_Pardo/AI4LABOUR/Mejoras/results_coursera/models/tsdae_coursera/google-bert/bert-base-uncased,A_semantic_only,142,c71cb5036aef,"coordinate activities with suppliers, contractors, clients, or other departments",4106,7a6199e2dfd9,4,0.6821964979171753,0.6821964979171753,2.9859492778778076,0.0,0.6666666865348816,0.0,0
/home/jovyan/Joel_Pardo/AI4LABOUR/Mejoras/results_coursera/models/tsdae_coursera/google-bert/bert-base-uncased,A_semantic_only,142,c71cb5036aef,"coordinate activities with suppliers, contractors, clients, or other departments",2661,a40ee5969123,5,0.6739464998245239,0.6739464998245239,2.9134578704833984,0.0,0.5,0.0,0
/home/jovyan/Joel_Pardo/AI4LABOUR/Mejoras/results_coursera/models/tsdae_coursera/google-bert/bert-base-uncased,A_semantic_only,142,c71cb5036aef,"coordinate activities with suppliers, contractors, clients, or other departments",3566,581ac2a59c21,6,0.6703085899353027,0.6703085899353027,2.8814921379089355,0.0,0.8999999761581421,0.0,0
/home/jovyan/Joel_Pardo/AI4LABOUR/Mejoras/results_coursera/models/tsdae_coursera/google-bert/bert-base-uncased,A_semantic_only,142,c71cb5036aef,"coordinate activities with suppliers, contractors, clients, or other departments",145,28d847b0e520,7,0.6660462617874146,0.6660462617874146,2.8440399169921875,0.0,0.29411765933036804,0.0,0
/home/jovyan/Joel_Pardo/AI4LABOUR/Mejoras/results_coursera/models/tsdae_coursera/google-bert/bert-base-uncased,A_semantic_only,142,c71cb5036aef,"coordinate activities with suppliers, contractors, clients, or other departments",3944,8a71642c046c,8,0.6638474464416504,0.6638474464416504,2.824719190597534,0.0,0.5555555820465088,0.0,0
/home/jovyan/Joel_Pardo/AI4LABOUR/Mejoras/results_coursera/models/tsdae_coursera/google-bert/bert-base-uncased,A_semantic_only,142,c71cb5036aef,"coordinate activities with suppliers, contractors, clients, or other departments",150,e1b657c11575,9,0.6633059978485107,0.6633059978485107,2.8199615478515625,0.0,0.5882353186607361,0.0,0
/home/jovyan/Joel_Pardo/AI4LABOUR/Mejoras/results_coursera/models/tsdae_coursera/google-bert/bert-base-uncased,A_semantic_only,142,c71cb5036aef,"coordinate activities with suppliers, contractors, clients, or other departments",2384,9f0afa80bca1,10,0.6579207181930542,0.6579207181930542,2.772642135620117,0.0,0.699999988079071,0.0,0
/home/jovyan/Joel_Pardo/AI4LABOUR/Mejoras/results_coursera/models/tsdae_coursera/google-bert/bert-base-uncased,A_semantic_only,143,fd635c6ca5be,conduct quantitative failure analyses of operational data,4058,74fe0528c27f,1,0.8418223261833191,0.8418223261833191,3.247994899749756,0.10000000149011612,0.75,0.560200035572052,0
/home/jovyan/Joel_Pardo/AI4LABOUR/Mejoras/results_coursera/models/tsdae_coursera/google-bert/bert-base-uncased,A_semantic_only,143,fd635c6ca5be,conduct quantitative failure analyses of operational data,1950,26eeaf26a09d,2,0.8257501125335693,0.8257501125335693,3.1340885162353516,0.09090909361839294,1.0,0.21446022391319275,0
/home/jovyan/Joel_Pardo/AI4LABOUR/Mejoras/results_coursera/models/tsdae_coursera/google-bert/bert-base-uncased,A_semantic_only,143,fd635c6ca5be,conduct quantitative failure analyses of operational data,3813,d4fec0ffd15c,3,0.8118138313293457,0.8118138313293457,3.0353200435638428,0.0,0.7272727489471436,0.16217024624347687,0
/home/jovyan/Joel_Pardo/AI4LABOUR/Mejoras/results_coursera/models/tsdae_coursera/google-bert/bert-base-uncased,A_semantic_only,143,fd635c6ca5be,conduct quantitative failure analyses of operational data,3303,8dee13915ca0,4,0.8071035146713257,0.8071035146713257,3.0019371509552,0.0,1.0,0.0,0
/home/jovyan/Joel_Pardo/AI4LABOUR/Mejoras/results_coursera/models/tsdae_coursera/google-bert/bert-base-uncased,A_semantic_only,143,fd635c6ca5be,conduct quantitative failure analyses of operational data,4792,dd7287e532e0,5,0.7962808609008789,0.7962808609008789,2.9252355098724365,0.0,0.75,0.0,0
/home/jovyan/Joel_Pardo/AI4LABOUR/Mejoras/results_coursera/models/tsdae_coursera/google-bert/bert-base-uncased,A_semantic_only,143,fd635c6ca5be,conduct quantitative failure analyses of operational data,3814,55c7fc3d9a9c,6,0.7936838865280151,0.7936838865280151,2.906830310821533,0.0,0.800000011920929,0.0,0
/home/jovyan/Joel_Pardo/AI4LABOUR/Mejoras/results_coursera/models/tsdae_coursera/google-bert/bert-base-uncased,A_semantic_only,143,fd635c6ca5be,conduct quantitative failure analyses of operational data,4791,baded3c66d4d,7,0.7925828099250793,0.7925828099250793,2.89902663230896,0.0,0.75,0.0,0
/home/jovyan/Joel_Pardo/AI4LABOUR/Mejoras/results_coursera/models/tsdae_coursera/google-bert/bert-base-uncased,A_semantic_only,143,fd635c6ca5be,conduct quantitative failure analyses of operational data,5053,de7b151e0afe,8,0.7889302372932434,0.7889302372932434,2.873140335083008,0.10000000149011612,1.0,0.21446022391319275,0
/home/jovyan/Joel_Pardo/AI4LABOUR/Mejoras/results_coursera/models/tsdae_coursera/google-bert/bert-base-uncased,A_semantic_only,143,fd635c6ca5be,conduct quantitative failure analyses of operational data,3816,d4dcc2b4ce0a,9,0.7841943502426147,0.7841943502426147,2.839576482772827,0.0,0.875,0.0,0
/home/jovyan/Joel_Pardo/AI4LABOUR/Mejoras/results_coursera/models/tsdae_coursera/google-bert/bert-base-uncased,A_semantic_only,143,fd635c6ca5be,conduct quantitative failure analyses of operational data,501,7e5e0cba4215,10,0.7833224534988403,0.7833224534988403,2.833397150039673,0.125,0.625,0.2939385771751404,0
/home/jovyan/Joel_Pardo/AI4LABOUR/Mejoras/results_coursera/models/tsdae_coursera/google-bert/bert-base-uncased,A_semantic_only,144,7a053b14e6ec,determine design criteria or specifications,4828,0207b591a5d5,1,0.7522450685501099,0.7522450685501099,3.707710027694702,0.0,0.5,0.0,0
/home/jovyan/Joel_Pardo/AI4LABOUR/Mejoras/results_coursera/models/tsdae_coursera/google-bert/bert-base-uncased,A_semantic_only,144,7a053b14e6ec,determine design criteria or specifications,4558,7b0342e1d11a,2,0.7449350953102112,0.7449350953102112,3.6437671184539795,0.0,1.0,0.0,0
/home/jovyan/Joel_Pardo/AI4LABOUR/Mejoras/results_coursera/models/tsdae_coursera/google-bert/bert-base-uncased,A_semantic_only,144,7a053b14e6ec,determine design criteria or specifications,1268,41400dedd9f3,3,0.703721284866333,0.703721284866333,3.2832558155059814,0.20000000298023224,0.6666666865348816,0.38327541947364807,0
/home/jovyan/Joel_Pardo/AI4LABOUR/Mejoras/results_coursera/models/tsdae_coursera/google-bert/bert-base-uncased,A_semantic_only,144,7a053b14e6ec,determine design criteria or specifications,1897,d330010440a6,4,0.6991809606552124,0.6991809606552124,3.243540048599243,0.20000000298023224,0.5,0.4461585581302643,0
/home/jovyan/Joel_Pardo/AI4LABOUR/Mejoras/results_coursera/models/tsdae_coursera/google-bert/bert-base-uncased,A_semantic_only,144,7a053b14e6ec,determine design criteria or specifications,181,6e0262463c46,5,0.6924614310264587,0.6924614310264587,3.1847622394561768,0.0,0.6666666865348816,0.0,0
/home/jovyan/Joel_Pardo/AI4LABOUR/Mejoras/results_coursera/models/tsdae_coursera/google-bert/bert-base-uncased,A_semantic_only,144,7a053b14e6ec,determine design criteria or specifications,3378,d2e5330ba975,6,0.6862925291061401,0.6862925291061401,3.130800724029541,0.0,0.4285714328289032,0.0,0
/home/jovyan/Joel_Pardo/AI4LABOUR/Mejoras/results_coursera/models/tsdae_coursera/google-bert/bert-base-uncased,A_semantic_only,144,7a053b14e6ec,determine design criteria or specifications,3629,43801db48aa3,7,0.6848315000534058,0.6848315000534058,3.118020534515381,0.20000000298023224,0.6666666865348816,0.38327541947364807,0
/home/jovyan/Joel_Pardo/AI4LABOUR/Mejoras/results_coursera/models/tsdae_coursera/google-bert/bert-base-uncased,A_semantic_only,144,7a053b14e6ec,determine design criteria or specifications,1786,c538af615e86,8,0.6831783652305603,0.6831783652305603,3.103559970855713,0.0,0.5,0.0,0
/home/jovyan/Joel_Pardo/AI4LABOUR/Mejoras/results_coursera/models/tsdae_coursera/google-bert/bert-base-uncased,A_semantic_only,144,7a053b14e6ec,determine design criteria or specifications,3780,5279f5c334f7,9,0.6794671416282654,0.6794671416282654,3.071096658706665,0.0,0.8571428656578064,0.0,0
/home/jovyan/Joel_Pardo/AI4LABOUR/Mejoras/results_coursera/models/tsdae_coursera/google-bert/bert-base-uncased,A_semantic_only,144,7a053b14e6ec,determine design criteria or specifications,4895,d9ed0b19f811,10,0.6761019229888916,0.6761019229888916,3.0416598320007324,0.0,0.5,0.0,0
/home/jovyan/Joel_Pardo/AI4LABOUR/Mejoras/results_coursera/models/tsdae_coursera/google-bert/bert-base-uncased,A_semantic_only,145,7809c19536e4,evaluate technical data to determine effect on designs or plans,690,32402d5443a6,1,0.7896676063537598,0.7896676063537598,3.5100789070129395,0.0,0.7857142686843872,0.16340258717536926,0
/home/jovyan/Joel_Pardo/AI4LABOUR/Mejoras/results_coursera/models/tsdae_coursera/google-bert/bert-base-uncased,A_semantic_only,145,7809c19536e4,evaluate technical data to determine effect on designs or plans,4501,7e31f9e44f69,2,0.785122275352478,0.785122275352478,3.4770898818969727,0.0,0.9090909361839294,0.0,0
/home/jovyan/Joel_Pardo/AI4LABOUR/Mejoras/results_coursera/models/tsdae_coursera/google-bert/bert-base-uncased,A_semantic_only,145,7809c19536e4,evaluate technical data to determine effect on designs or plans,144,c5c6e125b314,3,0.7812397480010986,0.7812397480010986,3.448911428451538,0.0,0.36666667461395264,0.08440461754798889,0
/home/jovyan/Joel_Pardo/AI4LABOUR/Mejoras/results_coursera/models/tsdae_coursera/google-bert/bert-base-uncased,A_semantic_only,145,7809c19536e4,evaluate technical data to determine effect on designs or plans,3041,d58419ba221e,4,0.7780954241752625,0.7780954241752625,3.4260904788970947,0.0357142873108387,0.34375,0.28839269280433655,0
/home/jovyan/Joel_Pardo/AI4LABOUR/Mejoras/results_coursera/models/tsdae_coursera/google-bert/bert-base-uncased,A_semantic_only,145,7809c19536e4,evaluate technical data to determine effect on designs or plans,3780,5279f5c334f7,5,0.7708562612533569,0.7708562612533569,3.3735501766204834,0.0,0.6363636255264282,0.0,0
/home/jovyan/Joel_Pardo/AI4LABOUR/Mejoras/results_coursera/models/tsdae_coursera/google-bert/bert-base-uncased,A_semantic_only,145,7809c19536e4,evaluate technical data to determine effect on designs or plans,2300,754666b07e71,6,0.7691103219985962,0.7691103219985962,3.3608784675598145,0.0714285746216774,0.7857142686843872,0.571370542049408,0
/home/jovyan/Joel_Pardo/AI4LABOUR/Mejoras/results_coursera/models/tsdae_coursera/google-bert/bert-base-uncased,A_semantic_only,145,7809c19536e4,evaluate technical data to determine effect on designs or plans,4791,baded3c66d4d,7,0.76761794090271,0.76761794090271,3.3500471115112305,0.0,0.5454545617103577,0.0,0
/home/jovyan/Joel_Pardo/AI4LABOUR/Mejoras/results_coursera/models/tsdae_coursera/google-bert/bert-base-uncased,A_semantic_only,145,7809c19536e4,evaluate technical data to determine effect on designs or plans,3816,d4dcc2b4ce0a,8,0.7654876708984375,0.7654876708984375,3.3345861434936523,0.0,0.6363636255264282,0.0,0
/home/jovyan/Joel_Pardo/AI4LABOUR/Mejoras/results_coursera/models/tsdae_coursera/google-bert/bert-base-uncased,A_semantic_only,145,7809c19536e4,evaluate technical data to determine effect on designs or plans,4561,7dbb7909a0ac,9,0.7649353742599487,0.7649353742599487,3.3305776119232178,0.10000000149011612,0.5454545617103577,0.5163626670837402,0
/home/jovyan/Joel_Pardo/AI4LABOUR/Mejoras/results_coursera/models/tsdae_coursera/google-bert/bert-base-uncased,A_semantic_only,145,7809c19536e4,evaluate technical data to determine effect on designs or plans,180,1984ba551855,10,0.7558468580245972,0.7558468580245972,3.264615058898926,0.0,0.6875,0.2511453926563263,0
/home/jovyan/Joel_Pardo/AI4LABOUR/Mejoras/results_coursera/models/tsdae_coursera/google-bert/bert-base-uncased,A_semantic_only,146,284cc33eb902,direct design or development activities,3629,43801db48aa3,1,0.7592437863349915,0.7592437863349915,3.483509063720703,0.20000000298023224,0.6666666865348816,0.46710005402565,0
/home/jovyan/Joel_Pardo/AI4LABOUR/Mejoras/results_coursera/models/tsdae_coursera/google-bert/bert-base-uncased,A_semantic_only,146,284cc33eb902,direct design or development activities,5207,e7b5a7f54463,2,0.7572305798530579,0.7572305798530579,3.4666292667388916,0.0,0.8333333134651184,0.0,0
/home/jovyan/Joel_Pardo/AI4LABOUR/Mejoras/results_coursera/models/tsdae_coursera/google-bert/bert-base-uncased,A_semantic_only,146,284cc33eb902,direct design or development activities,1475,886332682111,3,0.745020866394043,0.745020866394043,3.3642563819885254,0.20000000298023224,0.6666666865348816,0.46710005402565,0
/home/jovyan/Joel_Pardo/AI4LABOUR/Mejoras/results_coursera/models/tsdae_coursera/google-bert/bert-base-uncased,A_semantic_only,146,284cc33eb902,direct design or development activities,2097,ab3e5c82d2d5,4,0.716727077960968,0.716727077960968,3.1270253658294678,0.0,0.8333333134651184,0.0,0
/home/jovyan/Joel_Pardo/AI4LABOUR/Mejoras/results_coursera/models/tsdae_coursera/google-bert/bert-base-uncased,A_semantic_only,146,284cc33eb902,direct design or development activities,80,5402ba93471c,5,0.7162017226219177,0.7162017226219177,3.1226205825805664,0.1666666716337204,0.6666666865348816,0.5304111838340759,0
/home/jovyan/Joel_Pardo/AI4LABOUR/Mejoras/results_coursera/models/tsdae_coursera/google-bert/bert-base-uncased,A_semantic_only,146,284cc33eb902,direct design or development activities,4129,c0c66eb294df,6,0.7087406516075134,0.7087406516075134,3.060062885284424,0.0,0.5,0.0,0
/home/jovyan/Joel_Pardo/AI4LABOUR/Mejoras/results_coursera/models/tsdae_coursera/google-bert/bert-base-uncased,A_semantic_only,146,284cc33eb902,direct design or development activities,4330,5e662c0eb204,7,0.7084965705871582,0.7084965705871582,3.058016300201416,0.1428571492433548,0.8333333134651184,0.46488824486732483,0
/home/jovyan/Joel_Pardo/AI4LABOUR/Mejoras/results_coursera/models/tsdae_coursera/google-bert/bert-base-uncased,A_semantic_only,146,284cc33eb902,direct design or development activities,4329,976b00314c5c,8,0.708495020866394,0.708495020866394,3.0580034255981445,0.0,0.5,0.0,0
/home/jovyan/Joel_Pardo/AI4LABOUR/Mejoras/results_coursera/models/tsdae_coursera/google-bert/bert-base-uncased,A_semantic_only,146,284cc33eb902,direct design or development activities,4791,baded3c66d4d,9,0.7027077674865723,0.7027077674865723,3.0094797611236572,0.0,1.0,0.0,0
/home/jovyan/Joel_Pardo/AI4LABOUR/Mejoras/results_coursera/models/tsdae_coursera/google-bert/bert-base-uncased,A_semantic_only,146,284cc33eb902,direct design or development activities,4501,7e31f9e44f69,10,0.7019224762916565,0.7019224762916565,3.0028955936431885,0.1111111119389534,0.6000000238418579,0.2873828113079071,0
/home/jovyan/Joel_Pardo/AI4LABOUR/Mejoras/results_coursera/models/tsdae_coursera/google-bert/bert-base-uncased,A_semantic_only,147,a2140782858a,design energy-efficient vehicles or vehicle components,215,f3e87868bbce,1,0.7708286643028259,0.7708286643028259,3.979600429534912,0.125,0.5,0.4346347153186798,0
/home/jovyan/Joel_Pardo/AI4LABOUR/Mejoras/results_coursera/models/tsdae_coursera/google-bert/bert-base-uncased,A_semantic_only,147,a2140782858a,design energy-efficient vehicles or vehicle components,3663,9b1383e434a5,2,0.7575011849403381,0.7575011849403381,3.851053476333618,0.125,0.625,0.22308999300003052,0
/home/jovyan/Joel_Pardo/AI4LABOUR/Mejoras/results_coursera/models/tsdae_coursera/google-bert/bert-base-uncased,A_semantic_only,147,a2140782858a,design energy-efficient vehicles or vehicle components,2614,4c8f350762de,3,0.757449209690094,0.757449209690094,3.8505520820617676,0.125,0.5,0.5704991221427917,0
/home/jovyan/Joel_Pardo/AI4LABOUR/Mejoras/results_coursera/models/tsdae_coursera/google-bert/bert-base-uncased,A_semantic_only,147,a2140782858a,design energy-efficient vehicles or vehicle components,1268,41400dedd9f3,4,0.756449818611145,0.756449818611145,3.8409128189086914,0.1428571492433548,0.5,0.2545330822467804,0
/home/jovyan/Joel_Pardo/AI4LABOUR/Mejoras/results_coursera/models/tsdae_coursera/google-bert/bert-base-uncased,A_semantic_only,147,a2140782858a,design energy-efficient vehicles or vehicle components,2235,373b347cdc67,5,0.7386659979820251,0.7386659979820251,3.6693832874298096,0.0,0.625,0.0,0
/home/jovyan/Joel_Pardo/AI4LABOUR/Mejoras/results_coursera/models/tsdae_coursera/google-bert/bert-base-uncased,A_semantic_only,147,a2140782858a,design energy-efficient vehicles or vehicle components,937,43b6a406ef58,6,0.725476861000061,0.725476861000061,3.542170763015747,0.0,0.625,0.0,0
/home/jovyan/Joel_Pardo/AI4LABOUR/Mejoras/results_coursera/models/tsdae_coursera/google-bert/bert-base-uncased,A_semantic_only,147,a2140782858a,design energy-efficient vehicles or vehicle components,4679,aa2e3ac253d9,7,0.724734365940094,0.724734365940094,3.5350091457366943,0.0,0.5714285969734192,0.0,0
/home/jovyan/Joel_Pardo/AI4LABOUR/Mejoras/results_coursera/models/tsdae_coursera/google-bert/bert-base-uncased,A_semantic_only,147,a2140782858a,design energy-efficient vehicles or vehicle components,4412,a558f59f975e,8,0.7220700979232788,0.7220700979232788,3.5093114376068115,0.125,0.625,0.22308999300003052,0
/home/jovyan/Joel_Pardo/AI4LABOUR/Mejoras/results_coursera/models/tsdae_coursera/google-bert/bert-base-uncased,A_semantic_only,147,a2140782858a,design energy-efficient vehicles or vehicle components,3629,43801db48aa3,9,0.7205469012260437,0.7205469012260437,3.494619846343994,0.1428571492433548,0.5,0.2545330822467804,0
/home/jovyan/Joel_Pardo/AI4LABOUR/Mejoras/results_coursera/models/tsdae_coursera/google-bert/bert-base-uncased,A_semantic_only,147,a2140782858a,design energy-efficient vehicles or vehicle components,478,f0ad7971f1ce,10,0.7200708389282227,0.7200708389282227,3.490028142929077,0.125,0.5,0.3515773415565491,0
/home/jovyan/Joel_Pardo/AI4LABOUR/Mejoras/results_coursera/models/tsdae_coursera/google-bert/bert-base-uncased,A_semantic_only,148,253c9a1feb09,research design or application of green technologies,4501,7e31f9e44f69,1,0.798061728477478,0.798061728477478,3.663428783416748,0.10000000149011612,0.800000011920929,0.3674889802932739,0
/home/jovyan/Joel_Pardo/AI4LABOUR/Mejoras/results_coursera/models/tsdae_coursera/google-bert/bert-base-uncased,A_semantic_only,148,253c9a1feb09,research design or application of green technologies,3378,d2e5330ba975,2,0.7929123640060425,0.7929123640060425,3.6177055835723877,0.0,0.5714285969734192,0.11619358509778976,0
/home/jovyan/Joel_Pardo/AI4LABOUR/Mejoras/results_coursera/models/tsdae_coursera/google-bert/bert-base-uncased,A_semantic_only,148,253c9a1feb09,research design or application of green technologies,1475,886332682111,3,0.7808873653411865,0.7808873653411865,3.5109310150146484,0.4000000059604645,0.5,0.7089279890060425,0
/home/jovyan/Joel_Pardo/AI4LABOUR/Mejoras/results_coursera/models/tsdae_coursera/google-bert/bert-base-uncased,A_semantic_only,148,253c9a1feb09,research design or application of green technologies,4486,ff4d75c3cd3e,4,0.7781237363815308,0.7781237363815308,3.48639178276062,0.0,0.5,0.0,0
/home/jovyan/Joel_Pardo/AI4LABOUR/Mejoras/results_coursera/models/tsdae_coursera/google-bert/bert-base-uncased,A_semantic_only,148,253c9a1feb09,research design or application of green technologies,1309,a8e51d116de8,5,0.77080237865448,0.77080237865448,3.4213826656341553,0.1428571492433548,0.5,0.3982991576194763,0
/home/jovyan/Joel_Pardo/AI4LABOUR/Mejoras/results_coursera/models/tsdae_coursera/google-bert/bert-base-uncased,A_semantic_only,148,253c9a1feb09,research design or application of green technologies,4679,aa2e3ac253d9,6,0.747339129447937,0.747339129447937,3.213043212890625,0.0,0.5714285969734192,0.11619358509778976,0
/home/jovyan/Joel_Pardo/AI4LABOUR/Mejoras/results_coursera/models/tsdae_coursera/google-bert/bert-base-uncased,A_semantic_only,148,253c9a1feb09,research design or application of green technologies,4499,a7b7131295ef,7,0.7460131049156189,0.7460131049156189,3.2012689113616943,0.1428571492433548,0.5,0.3982991576194763,0
/home/jovyan/Joel_Pardo/AI4LABOUR/Mejoras/results_coursera/models/tsdae_coursera/google-bert/bert-base-uncased,A_semantic_only,148,253c9a1feb09,research design or application of green technologies,4415,859f5dcf8041,8,0.7437795400619507,0.7437795400619507,3.18143630027771,0.0,0.6153846383094788,0.12341280281543732,0
/home/jovyan/Joel_Pardo/AI4LABOUR/Mejoras/results_coursera/models/tsdae_coursera/google-bert/bert-base-uncased,A_semantic_only,148,253c9a1feb09,research design or application of green technologies,2951,14b0ec412e5c,9,0.735592246055603,0.735592246055603,3.1087381839752197,0.0,0.6666666865348816,0.0,0
/home/jovyan/Joel_Pardo/AI4LABOUR/Mejoras/results_coursera/models/tsdae_coursera/google-bert/bert-base-uncased,A_semantic_only,148,253c9a1feb09,research design or application of green technologies,3781,22b12fb7265d,10,0.7337368726730347,0.7337368726730347,3.0922634601593018,0.1428571492433548,0.625,0.34909629821777344,0
/home/jovyan/Joel_Pardo/AI4LABOUR/Mejoras/results_coursera/models/tsdae_coursera/google-bert/bert-base-uncased,A_semantic_only,149,c9b79bbec6f3,monitor processes for compliance with standards,3816,d4dcc2b4ce0a,1,0.7645025253295898,0.7645025253295898,3.6072006225585938,0.0,1.0,0.0,0
/home/jovyan/Joel_Pardo/AI4LABOUR/Mejoras/results_coursera/models/tsdae_coursera/google-bert/bert-base-uncased,A_semantic_only,149,c9b79bbec6f3,monitor processes for compliance with standards,4793,ecfb3bfe17da,2,0.7644155621528625,0.7644155621528625,3.606471061706543,0.0,0.8571428656578064,0.0,0
/home/jovyan/Joel_Pardo/AI4LABOUR/Mejoras/results_coursera/models/tsdae_coursera/google-bert/bert-base-uncased,A_semantic_only,149,c9b79bbec6f3,monitor processes for compliance with standards,5211,4da88cffef86,3,0.724306583404541,0.724306583404541,3.2699856758117676,0.0,0.4285714328289032,0.0,0
/home/jovyan/Joel_Pardo/AI4LABOUR/Mejoras/results_coursera/models/tsdae_coursera/google-bert/bert-base-uncased,A_semantic_only,149,c9b79bbec6f3,monitor processes for compliance with standards,181,6e0262463c46,4,0.7229995727539062,0.7229995727539062,3.2590208053588867,0.10000000149011612,0.7777777910232544,0.4361739456653595,0
/home/jovyan/Joel_Pardo/AI4LABOUR/Mejoras/results_coursera/models/tsdae_coursera/google-bert/bert-base-uncased,A_semantic_only,149,c9b79bbec6f3,monitor processes for compliance with standards,1600,e07ea79deb22,5,0.7202869653701782,0.7202869653701782,3.2362639904022217,0.20000000298023224,0.4285714328289032,0.7507163286209106,0
/home/jovyan/Joel_Pardo/AI4LABOUR/Mejoras/results_coursera/models/tsdae_coursera/google-bert/bert-base-uncased,A_semantic_only,149,c9b79bbec6f3,monitor processes for compliance with standards,1972,f89cc430126b,6,0.7145453691482544,0.7145453691482544,3.188096046447754,0.0,0.7142857313156128,0.0,0
/home/jovyan/Joel_Pardo/AI4LABOUR/Mejoras/results_coursera/models/tsdae_coursera/google-bert/bert-base-uncased,A_semantic_only,149,c9b79bbec6f3,monitor processes for compliance with standards,4450,58319ec211bf,7,0.7079207301139832,0.7079207301139832,3.1325201988220215,0.0,1.0,0.2894856929779053,0
/home/jovyan/Joel_Pardo/AI4LABOUR/Mejoras/results_coursera/models/tsdae_coursera/google-bert/bert-base-uncased,A_semantic_only,149,c9b79bbec6f3,monitor processes for compliance with standards,1891,50173787ddd0,8,0.6997376680374146,0.6997376680374146,3.0638699531555176,0.20000000298023224,0.4285714328289032,0.7507163286209106,0
/home/jovyan/Joel_Pardo/AI4LABOUR/Mejoras/results_coursera/models/tsdae_coursera/google-bert/bert-base-uncased,A_semantic_only,149,c9b79bbec6f3,monitor processes for compliance with standards,4791,baded3c66d4d,9,0.6893682479858398,0.6893682479858398,2.9768781661987305,0.0,0.8571428656578064,0.32131466269493103,0
/home/jovyan/Joel_Pardo/AI4LABOUR/Mejoras/results_coursera/models/tsdae_coursera/google-bert/bert-base-uncased,A_semantic_only,149,c9b79bbec6f3,monitor processes for compliance with standards,2407,0d2971916a07,10,0.6886621117591858,0.6886621117591858,2.970954179763794,0.0,0.7142857313156128,0.0,0
/home/jovyan/Joel_Pardo/AI4LABOUR/Mejoras/results_coursera/models/tsdae_coursera/google-bert/bert-base-uncased,A_semantic_only,150,3ffc9e8eaffb,test products for functionality or quality,5134,29c1e14899e6,1,0.7473881840705872,0.7473881840705872,3.4434256553649902,0.1666666716337204,0.5714285969734192,0.6993325352668762,0
/home/jovyan/Joel_Pardo/AI4LABOUR/Mejoras/results_coursera/models/tsdae_coursera/google-bert/bert-base-uncased,A_semantic_only,150,3ffc9e8eaffb,test products for functionality or quality,3116,e487c7bcbff2,2,0.7337067127227783,0.7337067127227783,3.331148147583008,0.0,0.5714285969734192,0.0,0
/home/jovyan/Joel_Pardo/AI4LABOUR/Mejoras/results_coursera/models/tsdae_coursera/google-bert/bert-base-uncased,A_semantic_only,150,3ffc9e8eaffb,test products for functionality or quality,3892,23b7ed1361dc,3,0.7288227081298828,0.7288227081298828,3.291067361831665,0.0,1.0,0.0,0
/home/jovyan/Joel_Pardo/AI4LABOUR/Mejoras/results_coursera/models/tsdae_coursera/google-bert/bert-base-uncased,A_semantic_only,150,3ffc9e8eaffb,test products for functionality or quality,3056,4b76c705aa42,4,0.7239727973937988,0.7239727973937988,3.2512664794921875,0.125,0.875,0.4472082257270813,0
/home/jovyan/Joel_Pardo/AI4LABOUR/Mejoras/results_coursera/models/tsdae_coursera/google-bert/bert-base-uncased,A_semantic_only,150,3ffc9e8eaffb,test products for functionality or quality,3816,d4dcc2b4ce0a,5,0.723962128162384,0.723962128162384,3.251178741455078,0.0,1.0,0.0,0
/home/jovyan/Joel_Pardo/AI4LABOUR/Mejoras/results_coursera/models/tsdae_coursera/google-bert/bert-base-uncased,A_semantic_only,150,3ffc9e8eaffb,test products for functionality or quality,3813,d4fec0ffd15c,6,0.7190534472465515,0.7190534472465515,3.210895538330078,0.0,0.6363636255264282,0.24134992063045502,0
/home/jovyan/Joel_Pardo/AI4LABOUR/Mejoras/results_coursera/models/tsdae_coursera/google-bert/bert-base-uncased,A_semantic_only,150,3ffc9e8eaffb,test products for functionality or quality,4791,baded3c66d4d,7,0.7008579969406128,0.7008579969406128,3.0615739822387695,0.0,0.8571428656578064,0.37403202056884766,0
/home/jovyan/Joel_Pardo/AI4LABOUR/Mejoras/results_coursera/models/tsdae_coursera/google-bert/bert-base-uncased,A_semantic_only,150,3ffc9e8eaffb,test products for functionality or quality,5053,de7b151e0afe,8,0.6997712850570679,0.6997712850570679,3.0526556968688965,0.0,0.875,0.30660876631736755,0
/home/jovyan/Joel_Pardo/AI4LABOUR/Mejoras/results_coursera/models/tsdae_coursera/google-bert/bert-base-uncased,A_semantic_only,150,3ffc9e8eaffb,test products for functionality or quality,3303,8dee13915ca0,9,0.6967723369598389,0.6967723369598389,3.0280447006225586,0.0,0.875,0.30660876631736755,0
/home/jovyan/Joel_Pardo/AI4LABOUR/Mejoras/results_coursera/models/tsdae_coursera/google-bert/bert-base-uncased,A_semantic_only,150,3ffc9e8eaffb,test products for functionality or quality,4450,58319ec211bf,10,0.6936255693435669,0.6936255693435669,3.002220630645752,0.0,1.0,0.3369809687137604,0
/home/jovyan/Joel_Pardo/AI4LABOUR/Mejoras/results_coursera/models/tsdae_coursera/google-bert/bert-base-uncased,A_semantic_only,151,506120811a05,inspect operational processes,1676,4abb63e41447,1,0.7884515523910522,0.7884515523910522,3.1801321506500244,0.0,1.0,0.0,0
/home/jovyan/Joel_Pardo/AI4LABOUR/Mejoras/results_coursera/models/tsdae_coursera/google-bert/bert-base-uncased,A_semantic_only,151,506120811a05,inspect operational processes,2661,a40ee5969123,2,0.7870280742645264,0.7870280742645264,3.169283866882324,0.20000000298023224,0.800000011920929,0.7529352307319641,0
/home/jovyan/Joel_Pardo/AI4LABOUR/Mejoras/results_coursera/models/tsdae_coursera/google-bert/bert-base-uncased,A_semantic_only,151,506120811a05,inspect operational processes,4058,74fe0528c27f,3,0.7816325426101685,0.7816325426101685,3.1281652450561523,0.1428571492433548,0.6666666865348816,0.8111388683319092,0
/home/jovyan/Joel_Pardo/AI4LABOUR/Mejoras/results_coursera/models/tsdae_coursera/google-bert/bert-base-uncased,A_semantic_only,151,506120811a05,inspect operational processes,1727,7a8fd898a210,4,0.7715885639190674,0.7715885639190674,3.0516209602355957,0.0,0.75,0.0,0
/home/jovyan/Joel_Pardo/AI4LABOUR/Mejoras/results_coursera/models/tsdae_coursera/google-bert/bert-base-uncased,A_semantic_only,151,506120811a05,inspect operational processes,1675,8335d26464b5,5,0.7499487996101379,0.7499487996101379,2.886706590652466,0.0,0.800000011920929,0.0,0
/home/jovyan/Joel_Pardo/AI4LABOUR/Mejoras/results_coursera/models/tsdae_coursera/google-bert/bert-base-uncased,A_semantic_only,151,506120811a05,inspect operational processes,1950,26eeaf26a09d,6,0.749126672744751,0.749126672744751,2.880441427230835,0.0,0.5,0.0,0
/home/jovyan/Joel_Pardo/AI4LABOUR/Mejoras/results_coursera/models/tsdae_coursera/google-bert/bert-base-uncased,A_semantic_only,151,506120811a05,inspect operational processes,3413,0c3e5c7f3c75,7,0.7483217716217041,0.7483217716217041,2.87430739402771,0.0,0.75,0.0,0
/home/jovyan/Joel_Pardo/AI4LABOUR/Mejoras/results_coursera/models/tsdae_coursera/google-bert/bert-base-uncased,A_semantic_only,151,506120811a05,inspect operational processes,425,b06cd44db3d0,8,0.7460490465164185,0.7460490465164185,2.8569869995117188,0.20000000298023224,0.800000011920929,0.7529352307319641,0
/home/jovyan/Joel_Pardo/AI4LABOUR/Mejoras/results_coursera/models/tsdae_coursera/google-bert/bert-base-uncased,A_semantic_only,151,506120811a05,inspect operational processes,754,2af854050699,9,0.7444722652435303,0.7444722652435303,2.844970703125,0.1666666716337204,0.6666666865348816,0.6701500415802002,0
/home/jovyan/Joel_Pardo/AI4LABOUR/Mejoras/results_coursera/models/tsdae_coursera/google-bert/bert-base-uncased,A_semantic_only,151,506120811a05,inspect operational processes,3981,c3c0e3736c09,10,0.7426860928535461,0.7426860928535461,2.8313584327697754,0.0,0.75,0.0,0
/home/jovyan/Joel_Pardo/AI4LABOUR/Mejoras/results_coursera/models/tsdae_coursera/google-bert/bert-base-uncased,A_semantic_only,152,fbe465293a7d,monitor activities affecting environmental quality,5020,d5543f5402aa,1,0.7660412192344666,0.7660412192344666,3.5757174491882324,0.1666666716337204,0.5,0.7310928106307983,0
/home/jovyan/Joel_Pardo/AI4LABOUR/Mejoras/results_coursera/models/tsdae_coursera/google-bert/bert-base-uncased,A_semantic_only,152,fbe465293a7d,monitor activities affecting environmental quality,4247,310c23fd2d02,2,0.7652585506439209,0.7652585506439209,3.5696959495544434,0.125,1.0,0.4899418354034424,0
/home/jovyan/Joel_Pardo/AI4LABOUR/Mejoras/results_coursera/models/tsdae_coursera/google-bert/bert-base-uncased,A_semantic_only,152,fbe465293a7d,monitor activities affecting environmental quality,4793,ecfb3bfe17da,3,0.758213222026825,0.758213222026825,3.5154905319213867,0.0,1.0,0.0,0
/home/jovyan/Joel_Pardo/AI4LABOUR/Mejoras/results_coursera/models/tsdae_coursera/google-bert/bert-base-uncased,A_semantic_only,152,fbe465293a7d,monitor activities affecting environmental quality,2627,13827adf3ebe,4,0.7488763332366943,0.7488763332366943,3.4436542987823486,0.0,0.31578946113586426,0.0,0
/home/jovyan/Joel_Pardo/AI4LABOUR/Mejoras/results_coursera/models/tsdae_coursera/google-bert/bert-base-uncased,A_semantic_only,152,fbe465293a7d,monitor activities affecting environmental quality,2277,e2ee4e5d252a,5,0.7364251613616943,0.7364251613616943,3.347857713699341,0.1666666716337204,0.5,0.7310928106307983,0
/home/jovyan/Joel_Pardo/AI4LABOUR/Mejoras/results_coursera/models/tsdae_coursera/google-bert/bert-base-uncased,A_semantic_only,152,fbe465293a7d,monitor activities affecting environmental quality,2626,d7c46c558d85,6,0.7328809499740601,0.7328809499740601,3.320589065551758,0.0,1.0,0.0,0
/home/jovyan/Joel_Pardo/AI4LABOUR/Mejoras/results_coursera/models/tsdae_coursera/google-bert/bert-base-uncased,A_semantic_only,152,fbe465293a7d,monitor activities affecting environmental quality,2388,1c068fbebcb0,7,0.712005078792572,0.712005078792572,3.1599743366241455,0.1666666716337204,0.5,0.7310928106307983,0
/home/jovyan/Joel_Pardo/AI4LABOUR/Mejoras/results_coursera/models/tsdae_coursera/google-bert/bert-base-uncased,A_semantic_only,152,fbe465293a7d,monitor activities affecting environmental quality,142,c477df18ea2a,8,0.7083709239959717,0.7083709239959717,3.132014036178589,0.0,0.5,0.0,0
/home/jovyan/Joel_Pardo/AI4LABOUR/Mejoras/results_coursera/models/tsdae_coursera/google-bert/bert-base-uncased,A_semantic_only,152,fbe465293a7d,monitor activities affecting environmental quality,2999,a4a640d71221,9,0.7057929635047913,0.7057929635047913,3.112179756164551,0.1428571492433548,0.6666666865348816,0.6280500292778015,0
/home/jovyan/Joel_Pardo/AI4LABOUR/Mejoras/results_coursera/models/tsdae_coursera/google-bert/bert-base-uncased,A_semantic_only,152,fbe465293a7d,monitor activities affecting environmental quality,2746,77be515d9948,10,0.7030936479568481,0.7030936479568481,3.091411590576172,0.0,1.0,0.0,0
/home/jovyan/Joel_Pardo/AI4LABOUR/Mejoras/results_coursera/models/tsdae_coursera/google-bert/bert-base-uncased,A_semantic_only,153,8594b6595861,prepare drawings or diagrams of products or services,5053,de7b151e0afe,1,0.7219662666320801,0.7219662666320801,3.5212478637695312,0.0,0.8888888955116272,0.0,0
/home/jovyan/Joel_Pardo/AI4LABOUR/Mejoras/results_coursera/models/tsdae_coursera/google-bert/bert-base-uncased,A_semantic_only,153,8594b6595861,prepare drawings or diagrams of products or services,3984,615b2ee6942c,2,0.6906718015670776,0.6906718015670776,3.249850034713745,0.0,0.5555555820465088,0.0,0
/home/jovyan/Joel_Pardo/AI4LABOUR/Mejoras/results_coursera/models/tsdae_coursera/google-bert/bert-base-uncased,A_semantic_only,153,8594b6595861,prepare drawings or diagrams of products or services,2235,373b347cdc67,3,0.6853845715522766,0.6853845715522766,3.2039971351623535,0.0,0.5555555820465088,0.34979376196861267,0
/home/jovyan/Joel_Pardo/AI4LABOUR/Mejoras/results_coursera/models/tsdae_coursera/google-bert/bert-base-uncased,A_semantic_only,153,8594b6595861,prepare drawings or diagrams of products or services,4415,859f5dcf8041,4,0.6795554161071777,0.6795554161071777,3.153444528579712,0.0,0.692307710647583,0.17592966556549072,0
/home/jovyan/Joel_Pardo/AI4LABOUR/Mejoras/results_coursera/models/tsdae_coursera/google-bert/bert-base-uncased,A_semantic_only,153,8594b6595861,prepare drawings or diagrams of products or services,3056,4b76c705aa42,5,0.6742715835571289,0.6742715835571289,3.107621192932129,0.0,0.8888888955116272,0.0,0
/home/jovyan/Joel_Pardo/AI4LABOUR/Mejoras/results_coursera/models/tsdae_coursera/google-bert/bert-base-uncased,A_semantic_only,153,8594b6595861,prepare drawings or diagrams of products or services,2088,ec09f4cecbe4,6,0.6737402081489563,0.6737402081489563,3.103012800216675,0.0,0.8888888955116272,0.255212664604187,0
/home/jovyan/Joel_Pardo/AI4LABOUR/Mejoras/results_coursera/models/tsdae_coursera/google-bert/bert-base-uncased,A_semantic_only,153,8594b6595861,prepare drawings or diagrams of products or services,1268,41400dedd9f3,7,0.6696348190307617,0.6696348190307617,3.0674092769622803,0.0,0.4444444477558136,0.0,0
/home/jovyan/Joel_Pardo/AI4LABOUR/Mejoras/results_coursera/models/tsdae_coursera/google-bert/bert-base-uncased,A_semantic_only,153,8594b6595861,prepare drawings or diagrams of products or services,1109,d5ec45b1f73d,8,0.6688222289085388,0.6688222289085388,3.0603621006011963,0.0,0.6428571343421936,0.0,0
/home/jovyan/Joel_Pardo/AI4LABOUR/Mejoras/results_coursera/models/tsdae_coursera/google-bert/bert-base-uncased,A_semantic_only,153,8594b6595861,prepare drawings or diagrams of products or services,3629,43801db48aa3,9,0.6673053503036499,0.6673053503036499,3.0472071170806885,0.0,0.4444444477558136,0.0,0
/home/jovyan/Joel_Pardo/AI4LABOUR/Mejoras/results_coursera/models/tsdae_coursera/google-bert/bert-base-uncased,A_semantic_only,153,8594b6595861,prepare drawings or diagrams of products or services,4828,0207b591a5d5,10,0.6650059223175049,0.6650059223175049,3.027265787124634,0.0,0.3333333432674408,0.0,0
/home/jovyan/Joel_Pardo/AI4LABOUR/Mejoras/results_coursera/models/tsdae_coursera/google-bert/bert-base-uncased,A_semantic_only,154,17f9d29c543d,"explain engineering drawings, specifications, or other technical information",3378,d2e5330ba975,1,0.7547056674957275,0.7547056674957275,3.7385165691375732,0.1428571492433548,0.6428571343421936,0.3995344638824463,0
/home/jovyan/Joel_Pardo/AI4LABOUR/Mejoras/results_coursera/models/tsdae_coursera/google-bert/bert-base-uncased,A_semantic_only,154,17f9d29c543d,"explain engineering drawings, specifications, or other technical information",1822,39932b592d9d,2,0.7349148988723755,0.7349148988723755,3.5611629486083984,0.0,0.5,0.0,0
/home/jovyan/Joel_Pardo/AI4LABOUR/Mejoras/results_coursera/models/tsdae_coursera/google-bert/bert-base-uncased,A_semantic_only,154,17f9d29c543d,"explain engineering drawings, specifications, or other technical information",4558,7b0342e1d11a,3,0.733660101890564,0.733660101890564,3.5499181747436523,0.09090909361839294,0.6666666865348816,0.38333314657211304,0
/home/jovyan/Joel_Pardo/AI4LABOUR/Mejoras/results_coursera/models/tsdae_coursera/google-bert/bert-base-uncased,A_semantic_only,154,17f9d29c543d,"explain engineering drawings, specifications, or other technical information",4828,0207b591a5d5,4,0.7313450574874878,0.7313450574874878,3.52917218208313,0.0,0.3333333432674408,0.0,0
/home/jovyan/Joel_Pardo/AI4LABOUR/Mejoras/results_coursera/models/tsdae_coursera/google-bert/bert-base-uncased,A_semantic_only,154,17f9d29c543d,"explain engineering drawings, specifications, or other technical information",4158,6eb280a204d6,5,0.7284660935401917,0.7284660935401917,3.5033724308013916,0.0,0.4285714328289032,0.0,0
/home/jovyan/Joel_Pardo/AI4LABOUR/Mejoras/results_coursera/models/tsdae_coursera/google-bert/bert-base-uncased,A_semantic_only,154,17f9d29c543d,"explain engineering drawings, specifications, or other technical information",4159,85b33a7f44f2,6,0.721770167350769,0.721770167350769,3.4433674812316895,0.0,0.4285714328289032,0.0,0
/home/jovyan/Joel_Pardo/AI4LABOUR/Mejoras/results_coursera/models/tsdae_coursera/google-bert/bert-base-uncased,A_semantic_only,154,17f9d29c543d,"explain engineering drawings, specifications, or other technical information",5053,de7b151e0afe,7,0.7158228158950806,0.7158228158950806,3.390070676803589,0.0,0.8888888955116272,0.0,0
/home/jovyan/Joel_Pardo/AI4LABOUR/Mejoras/results_coursera/models/tsdae_coursera/google-bert/bert-base-uncased,A_semantic_only,154,17f9d29c543d,"explain engineering drawings, specifications, or other technical information",4453,d9ea7797e0d6,8,0.7126461267471313,0.7126461267471313,3.361603021621704,0.0833333358168602,0.8999999761581421,0.26624056696891785,0
/home/jovyan/Joel_Pardo/AI4LABOUR/Mejoras/results_coursera/models/tsdae_coursera/google-bert/bert-base-uncased,A_semantic_only,154,17f9d29c543d,"explain engineering drawings, specifications, or other technical information",3407,2ad419560ca0,9,0.7076412439346313,0.7076412439346313,3.3167519569396973,0.0,0.6666666865348816,0.0,0
/home/jovyan/Joel_Pardo/AI4LABOUR/Mejoras/results_coursera/models/tsdae_coursera/google-bert/bert-base-uncased,A_semantic_only,154,17f9d29c543d,"explain engineering drawings, specifications, or other technical information",1268,41400dedd9f3,10,0.7052132487297058,0.7052132487297058,3.2949936389923096,0.0,0.4444444477558136,0.0,0
/home/jovyan/Joel_Pardo/AI4LABOUR/Mejoras/results_coursera/models/tsdae_coursera/google-bert/bert-base-uncased,A_semantic_only,155,f6d7dbe3f71e,design structures or facilities,2235,373b347cdc67,1,0.7608730792999268,0.7608730792999268,4.076353549957275,0.0,1.0,0.0,0
/home/jovyan/Joel_Pardo/AI4LABOUR/Mejoras/results_coursera/models/tsdae_coursera/google-bert/bert-base-uncased,A_semantic_only,155,f6d7dbe3f71e,design structures or facilities,1268,41400dedd9f3,2,0.760785698890686,0.760785698890686,4.075557231903076,0.25,0.800000011920929,0.45574459433555603,0
/home/jovyan/Joel_Pardo/AI4LABOUR/Mejoras/results_coursera/models/tsdae_coursera/google-bert/bert-base-uncased,A_semantic_only,155,f6d7dbe3f71e,design structures or facilities,3873,09a84053a60b,3,0.759444534778595,0.759444534778595,4.063336372375488,0.20000000298023224,0.800000011920929,0.45574459433555603,0
/home/jovyan/Joel_Pardo/AI4LABOUR/Mejoras/results_coursera/models/tsdae_coursera/google-bert/bert-base-uncased,A_semantic_only,155,f6d7dbe3f71e,design structures or facilities,3117,d659070a6144,4,0.7360011339187622,0.7360011339187622,3.8497154712677,0.0,0.6000000238418579,0.0,0
/home/jovyan/Joel_Pardo/AI4LABOUR/Mejoras/results_coursera/models/tsdae_coursera/google-bert/bert-base-uncased,A_semantic_only,155,f6d7dbe3f71e,design structures or facilities,1375,38b024ca010b,5,0.7293996810913086,0.7293996810913086,3.7895617485046387,0.25,0.6000000238418579,0.530517578125,0
/home/jovyan/Joel_Pardo/AI4LABOUR/Mejoras/results_coursera/models/tsdae_coursera/google-bert/bert-base-uncased,A_semantic_only,155,f6d7dbe3f71e,design structures or facilities,3629,43801db48aa3,6,0.7101944088935852,0.7101944088935852,3.6145594120025635,0.25,0.800000011920929,0.45574459433555603,0
/home/jovyan/Joel_Pardo/AI4LABOUR/Mejoras/results_coursera/models/tsdae_coursera/google-bert/bert-base-uncased,A_semantic_only,155,f6d7dbe3f71e,design structures or facilities,4864,b4b65dd80416,7,0.7084053754806519,0.7084053754806519,3.598257541656494,0.0,0.6000000238418579,0.0,0
/home/jovyan/Joel_Pardo/AI4LABOUR/Mejoras/results_coursera/models/tsdae_coursera/google-bert/bert-base-uncased,A_semantic_only,155,f6d7dbe3f71e,design structures or facilities,4828,0207b591a5d5,8,0.6973271369934082,0.6973271369934082,3.4973104000091553,0.0,0.6000000238418579,0.0,0
/home/jovyan/Joel_Pardo/AI4LABOUR/Mejoras/results_coursera/models/tsdae_coursera/google-bert/bert-base-uncased,A_semantic_only,155,f6d7dbe3f71e,design structures or facilities,4723,66fe44b4fefa,9,0.6957741975784302,0.6957741975784302,3.4831597805023193,0.25,0.6000000238418579,0.530517578125,0
/home/jovyan/Joel_Pardo/AI4LABOUR/Mejoras/results_coursera/models/tsdae_coursera/google-bert/bert-base-uncased,A_semantic_only,155,f6d7dbe3f71e,design structures or facilities,1475,886332682111,10,0.6943868398666382,0.6943868398666382,3.470517873764038,0.25,0.800000011920929,0.45574459433555603,0
/home/jovyan/Joel_Pardo/AI4LABOUR/Mejoras/results_coursera/models/tsdae_coursera/google-bert/bert-base-uncased,A_semantic_only,156,ae5e42c6c3d0,direct quality control activities,5211,4da88cffef86,1,0.7754679918289185,0.7754679918289185,3.23357892036438,0.20000000298023224,0.6000000238418579,0.5763759016990662,0
/home/jovyan/Joel_Pardo/AI4LABOUR/Mejoras/results_coursera/models/tsdae_coursera/google-bert/bert-base-uncased,A_semantic_only,156,ae5e42c6c3d0,direct quality control activities,4793,ecfb3bfe17da,2,0.7629777789115906,0.7629777789115906,3.136492967605591,0.0,0.8333333134651184,0.0,0
/home/jovyan/Joel_Pardo/AI4LABOUR/Mejoras/results_coursera/models/tsdae_coursera/google-bert/bert-base-uncased,A_semantic_only,156,ae5e42c6c3d0,direct quality control activities,1727,7a8fd898a210,3,0.7392432689666748,0.7392432689666748,2.952005386352539,0.0,0.6000000238418579,0.0,0
/home/jovyan/Joel_Pardo/AI4LABOUR/Mejoras/results_coursera/models/tsdae_coursera/google-bert/bert-base-uncased,A_semantic_only,156,ae5e42c6c3d0,direct quality control activities,1676,4abb63e41447,4,0.738207221031189,0.738207221031189,2.9439523220062256,0.4000000059604645,0.800000011920929,1.0,0
/home/jovyan/Joel_Pardo/AI4LABOUR/Mejoras/results_coursera/models/tsdae_coursera/google-bert/bert-base-uncased,A_semantic_only,156,ae5e42c6c3d0,direct quality control activities,4130,a7c4c4994d02,5,0.7288030385971069,0.7288030385971069,2.870853900909424,0.20000000298023224,0.6000000238418579,0.5763759016990662,0
/home/jovyan/Joel_Pardo/AI4LABOUR/Mejoras/results_coursera/models/tsdae_coursera/google-bert/bert-base-uncased,A_semantic_only,156,ae5e42c6c3d0,direct quality control activities,5134,29c1e14899e6,6,0.7233366966247559,0.7233366966247559,2.828364133834839,0.1666666716337204,0.800000011920929,0.495139479637146,0
/home/jovyan/Joel_Pardo/AI4LABOUR/Mejoras/results_coursera/models/tsdae_coursera/google-bert/bert-base-uncased,A_semantic_only,156,ae5e42c6c3d0,direct quality control activities,2957,3f078e2078e8,7,0.7112176418304443,0.7112176418304443,2.734163284301758,0.20000000298023224,0.800000011920929,0.495139479637146,0
/home/jovyan/Joel_Pardo/AI4LABOUR/Mejoras/results_coursera/models/tsdae_coursera/google-bert/bert-base-uncased,A_semantic_only,156,ae5e42c6c3d0,direct quality control activities,4834,1d8e86f4a956,8,0.7107466459274292,0.7107466459274292,2.730502128601074,0.0,0.800000011920929,0.0,0
/home/jovyan/Joel_Pardo/AI4LABOUR/Mejoras/results_coursera/models/tsdae_coursera/google-bert/bert-base-uncased,A_semantic_only,156,ae5e42c6c3d0,direct quality control activities,137,105da530d328,9,0.7096068859100342,0.7096068859100342,2.7216429710388184,0.0,0.6000000238418579,0.0,0
/home/jovyan/Joel_Pardo/AI4LABOUR/Mejoras/results_coursera/models/tsdae_coursera/google-bert/bert-base-uncased,A_semantic_only,156,ae5e42c6c3d0,direct quality control activities,2512,5de07ec45ece,10,0.7051224112510681,0.7051224112510681,2.6867852210998535,0.0,1.0,0.0,0
/home/jovyan/Joel_Pardo/AI4LABOUR/Mejoras/results_coursera/models/tsdae_coursera/google-bert/bert-base-uncased,A_semantic_only,157,018f6a0e7f9a,research human performance or health factors related to engineering or design activities,3378,d2e5330ba975,1,0.8116079568862915,0.8116079568862915,3.5320470333099365,0.05882352963089943,0.9285714030265808,0.19633856415748596,0
/home/jovyan/Joel_Pardo/AI4LABOUR/Mejoras/results_coursera/models/tsdae_coursera/google-bert/bert-base-uncased,A_semantic_only,157,018f6a0e7f9a,research human performance or health factors related to engineering or design activities,4501,7e31f9e44f69,2,0.7770718336105347,0.7770718336105347,3.268449544906616,0.0714285746216774,0.7692307829856873,0.23371349275112152,0
/home/jovyan/Joel_Pardo/AI4LABOUR/Mejoras/results_coursera/models/tsdae_coursera/google-bert/bert-base-uncased,A_semantic_only,157,018f6a0e7f9a,research human performance or health factors related to engineering or design activities,3041,d58419ba221e,3,0.74668288230896,0.74668288230896,3.0365052223205566,0.1071428582072258,0.40625,0.380001038312912,0
/home/jovyan/Joel_Pardo/AI4LABOUR/Mejoras/results_coursera/models/tsdae_coursera/google-bert/bert-base-uncased,A_semantic_only,157,018f6a0e7f9a,research human performance or health factors related to engineering or design activities,4561,7dbb7909a0ac,4,0.7415807247161865,0.7415807247161865,2.997563123703003,0.0,0.4615384638309479,0.0,0
/home/jovyan/Joel_Pardo/AI4LABOUR/Mejoras/results_coursera/models/tsdae_coursera/google-bert/bert-base-uncased,A_semantic_only,157,018f6a0e7f9a,research human performance or health factors related to engineering or design activities,4791,baded3c66d4d,5,0.7295546531677246,0.7295546531677246,2.905773878097534,0.0,0.4615384638309479,0.0,0
/home/jovyan/Joel_Pardo/AI4LABOUR/Mejoras/results_coursera/models/tsdae_coursera/google-bert/bert-base-uncased,A_semantic_only,157,018f6a0e7f9a,research human performance or health factors related to engineering or design activities,4106,7a6199e2dfd9,6,0.7247934341430664,0.7247934341430664,2.869433879852295,0.0,0.8666666746139526,0.0,0
/home/jovyan/Joel_Pardo/AI4LABOUR/Mejoras/results_coursera/models/tsdae_coursera/google-bert/bert-base-uncased,A_semantic_only,157,018f6a0e7f9a,research human performance or health factors related to engineering or design activities,690,32402d5443a6,7,0.7225388288497925,0.7225388288497925,2.8522255420684814,0.0555555559694767,0.9285714030265808,0.414946585893631,0
/home/jovyan/Joel_Pardo/AI4LABOUR/Mejoras/results_coursera/models/tsdae_coursera/google-bert/bert-base-uncased,A_semantic_only,157,018f6a0e7f9a,research human performance or health factors related to engineering or design activities,2112,49e1b35b16b4,8,0.7225202322006226,0.7225202322006226,2.852083444595337,0.0,0.4615384638309479,0.0,0
/home/jovyan/Joel_Pardo/AI4LABOUR/Mejoras/results_coursera/models/tsdae_coursera/google-bert/bert-base-uncased,A_semantic_only,157,018f6a0e7f9a,research human performance or health factors related to engineering or design activities,151,1ac23fe60e17,9,0.7215407490730286,0.7215407490730286,2.8446075916290283,0.05263157933950424,0.5909090638160706,0.2308540642261505,0
/home/jovyan/Joel_Pardo/AI4LABOUR/Mejoras/results_coursera/models/tsdae_coursera/google-bert/bert-base-uncased,A_semantic_only,157,018f6a0e7f9a,research human performance or health factors related to engineering or design activities,180,1984ba551855,10,0.72123783826828,0.72123783826828,2.8422956466674805,0.0,0.8125,0.20665481686592102,0
/home/jovyan/Joel_Pardo/AI4LABOUR/Mejoras/results_coursera/models/tsdae_coursera/google-bert/bert-base-uncased,A_semantic_only,158,16ac0e74dbe1,analyze test or validation data,2265,7d614c5b9ae3,1,0.852224588394165,0.852224588394165,3.4982879161834717,0.5,0.5,1.0,0
/home/jovyan/Joel_Pardo/AI4LABOUR/Mejoras/results_coursera/models/tsdae_coursera/google-bert/bert-base-uncased,A_semantic_only,158,16ac0e74dbe1,analyze test or validation data,501,7e5e0cba4215,2,0.8316602110862732,0.8316602110862732,3.346540927886963,0.1666666716337204,0.8333333134651184,0.2612684369087219,0
/home/jovyan/Joel_Pardo/AI4LABOUR/Mejoras/results_coursera/models/tsdae_coursera/google-bert/bert-base-uncased,A_semantic_only,158,16ac0e74dbe1,analyze test or validation data,2287,8e44d871d454,3,0.8260886073112488,0.8260886073112488,3.305427312850952,0.0,0.5,0.0,0
/home/jovyan/Joel_Pardo/AI4LABOUR/Mejoras/results_coursera/models/tsdae_coursera/google-bert/bert-base-uncased,A_semantic_only,158,16ac0e74dbe1,analyze test or validation data,4503,8c63b2397fed,4,0.8228179216384888,0.8228179216384888,3.281292676925659,0.0,0.8333333134651184,0.0,0
/home/jovyan/Joel_Pardo/AI4LABOUR/Mejoras/results_coursera/models/tsdae_coursera/google-bert/bert-base-uncased,A_semantic_only,158,16ac0e74dbe1,analyze test or validation data,3458,29fb2efced4e,5,0.822793185710907,0.822793185710907,3.2811100482940674,0.0,0.5,0.0,0
/home/jovyan/Joel_Pardo/AI4LABOUR/Mejoras/results_coursera/models/tsdae_coursera/google-bert/bert-base-uncased,A_semantic_only,158,16ac0e74dbe1,analyze test or validation data,3055,8589af0279c6,6,0.819027304649353,0.819027304649353,3.2533211708068848,0.1428571492433548,0.8571428656578064,0.3500247299671173,0
/home/jovyan/Joel_Pardo/AI4LABOUR/Mejoras/results_coursera/models/tsdae_coursera/google-bert/bert-base-uncased,A_semantic_only,158,16ac0e74dbe1,analyze test or validation data,2053,aa22525ff7c0,7,0.8154788613319397,0.8154788613319397,3.2271366119384766,0.1428571492433548,0.8333333134651184,0.4916667938232422,0
/home/jovyan/Joel_Pardo/AI4LABOUR/Mejoras/results_coursera/models/tsdae_coursera/google-bert/bert-base-uncased,A_semantic_only,158,16ac0e74dbe1,analyze test or validation data,3814,55c7fc3d9a9c,8,0.8106290102005005,0.8106290102005005,3.1913490295410156,0.1111111119389534,0.6000000238418579,0.285724937915802,0
/home/jovyan/Joel_Pardo/AI4LABOUR/Mejoras/results_coursera/models/tsdae_coursera/google-bert/bert-base-uncased,A_semantic_only,158,16ac0e74dbe1,analyze test or validation data,3980,dc0ebdffa052,9,0.805152177810669,0.805152177810669,3.150934934616089,0.0,0.5,0.0,0
/home/jovyan/Joel_Pardo/AI4LABOUR/Mejoras/results_coursera/models/tsdae_coursera/google-bert/bert-base-uncased,A_semantic_only,158,16ac0e74dbe1,analyze test or validation data,3743,a1ba967d5168,10,0.8039591312408447,0.8039591312408447,3.1421310901641846,0.20000000298023224,0.5,0.3469998836517334,0
/home/jovyan/Joel_Pardo/AI4LABOUR/Mejoras/results_coursera/models/tsdae_coursera/google-bert/bert-base-uncased,A_semantic_only,159,3319e1abdfb1,analyze green technology design requirements,3963,91bd8992e298,1,0.7807537913322449,0.7807537913322449,3.100480556488037,0.125,0.8333333134651184,0.2331269085407257,0
/home/jovyan/Joel_Pardo/AI4LABOUR/Mejoras/results_coursera/models/tsdae_coursera/google-bert/bert-base-uncased,A_semantic_only,159,3319e1abdfb1,analyze green technology design requirements,3378,d2e5330ba975,2,0.7748702764511108,0.7748702764511108,3.051635980606079,0.0,0.4285714328289032,0.0,0
/home/jovyan/Joel_Pardo/AI4LABOUR/Mejoras/results_coursera/models/tsdae_coursera/google-bert/bert-base-uncased,A_semantic_only,159,3319e1abdfb1,analyze green technology design requirements,4486,ff4d75c3cd3e,3,0.7730244994163513,0.7730244994163513,3.0363123416900635,0.0,0.6666666865348816,0.0,0
/home/jovyan/Joel_Pardo/AI4LABOUR/Mejoras/results_coursera/models/tsdae_coursera/google-bert/bert-base-uncased,A_semantic_only,159,3319e1abdfb1,analyze green technology design requirements,4330,5e662c0eb204,4,0.7653023600578308,0.7653023600578308,2.9722037315368652,0.0,0.8333333134651184,0.0,0
/home/jovyan/Joel_Pardo/AI4LABOUR/Mejoras/results_coursera/models/tsdae_coursera/google-bert/bert-base-uncased,A_semantic_only,159,3319e1abdfb1,analyze green technology design requirements,3621,917bf810d271,5,0.7592129707336426,0.7592129707336426,2.921649932861328,0.0,0.8333333134651184,0.0,0
/home/jovyan/Joel_Pardo/AI4LABOUR/Mejoras/results_coursera/models/tsdae_coursera/google-bert/bert-base-uncased,A_semantic_only,159,3319e1abdfb1,analyze green technology design requirements,2800,02ac2ff76b94,6,0.7590222954750061,0.7590222954750061,2.920067071914673,0.0,0.5,0.0,0
/home/jovyan/Joel_Pardo/AI4LABOUR/Mejoras/results_coursera/models/tsdae_coursera/google-bert/bert-base-uncased,A_semantic_only,159,3319e1abdfb1,analyze green technology design requirements,1475,886332682111,7,0.7533179521560669,0.7533179521560669,2.8727099895477295,0.1666666716337204,0.6666666865348816,0.2659846246242523,0
/home/jovyan/Joel_Pardo/AI4LABOUR/Mejoras/results_coursera/models/tsdae_coursera/google-bert/bert-base-uncased,A_semantic_only,159,3319e1abdfb1,analyze green technology design requirements,4560,70a6e9271657,8,0.7531689405441284,0.7531689405441284,2.8714728355407715,0.0,0.6666666865348816,0.0,0
/home/jovyan/Joel_Pardo/AI4LABOUR/Mejoras/results_coursera/models/tsdae_coursera/google-bert/bert-base-uncased,A_semantic_only,159,3319e1abdfb1,analyze green technology design requirements,1950,26eeaf26a09d,9,0.7493325471878052,0.7493325471878052,2.83962345123291,0.0,0.75,0.0,0
/home/jovyan/Joel_Pardo/AI4LABOUR/Mejoras/results_coursera/models/tsdae_coursera/google-bert/bert-base-uncased,A_semantic_only,159,3319e1abdfb1,analyze green technology design requirements,4791,baded3c66d4d,10,0.738685131072998,0.738685131072998,2.7512292861938477,0.0,1.0,0.0,0
/home/jovyan/Joel_Pardo/AI4LABOUR/Mejoras/results_coursera/models/tsdae_coursera/google-bert/bert-base-uncased,A_semantic_only,160,56c85bc2a8f3,assist engineers or scientists with research,4501,7e31f9e44f69,1,0.7681002616882324,0.7681002616882324,4.406830787658691,0.1111111119389534,0.699999988079071,0.2840295433998108,0
/home/jovyan/Joel_Pardo/AI4LABOUR/Mejoras/results_coursera/models/tsdae_coursera/google-bert/bert-base-uncased,A_semantic_only,160,56c85bc2a8f3,assist engineers or scientists with research,3378,d2e5330ba975,2,0.742217481136322,0.742217481136322,4.142341613769531,0.0833333358168602,0.5,0.35653865337371826,0
/home/jovyan/Joel_Pardo/AI4LABOUR/Mejoras/results_coursera/models/tsdae_coursera/google-bert/bert-base-uncased,A_semantic_only,160,56c85bc2a8f3,assist engineers or scientists with research,4499,a7b7131295ef,3,0.7422118186950684,0.7422118186950684,4.142283916473389,0.1666666716337204,0.5714285969734192,0.5242221355438232,0
/home/jovyan/Joel_Pardo/AI4LABOUR/Mejoras/results_coursera/models/tsdae_coursera/google-bert/bert-base-uncased,A_semantic_only,160,56c85bc2a8f3,assist engineers or scientists with research,2951,14b0ec412e5c,4,0.7039982080459595,0.7039982080459595,3.7517893314361572,0.0,0.5833333134651184,0.0,0
/home/jovyan/Joel_Pardo/AI4LABOUR/Mejoras/results_coursera/models/tsdae_coursera/google-bert/bert-base-uncased,A_semantic_only,160,56c85bc2a8f3,assist engineers or scientists with research,3781,22b12fb7265d,5,0.702867865562439,0.702867865562439,3.740238666534424,0.1666666716337204,0.7142857313156128,0.4594637453556061,0
/home/jovyan/Joel_Pardo/AI4LABOUR/Mejoras/results_coursera/models/tsdae_coursera/google-bert/bert-base-uncased,A_semantic_only,160,56c85bc2a8f3,assist engineers or scientists with research,3780,5279f5c334f7,6,0.6950804591178894,0.6950804591178894,3.660661220550537,0.1428571492433548,1.0,0.36843615770339966,0
/home/jovyan/Joel_Pardo/AI4LABOUR/Mejoras/results_coursera/models/tsdae_coursera/google-bert/bert-base-uncased,A_semantic_only,160,56c85bc2a8f3,assist engineers or scientists with research,3304,ecdd6aedb4c3,7,0.692356526851654,0.692356526851654,3.632826089859009,0.0,0.5714285969734192,0.0,0
/home/jovyan/Joel_Pardo/AI4LABOUR/Mejoras/results_coursera/models/tsdae_coursera/google-bert/bert-base-uncased,A_semantic_only,160,56c85bc2a8f3,assist engineers or scientists with research,4415,859f5dcf8041,8,0.6892730593681335,0.6892730593681335,3.6013169288635254,0.0,0.5384615659713745,0.0,0
/home/jovyan/Joel_Pardo/AI4LABOUR/Mejoras/results_coursera/models/tsdae_coursera/google-bert/bert-base-uncased,A_semantic_only,160,56c85bc2a8f3,assist engineers or scientists with research,4503,8c63b2397fed,9,0.6756867170333862,0.6756867170333862,3.46248197555542,0.0,0.7142857313156128,0.0,0
/home/jovyan/Joel_Pardo/AI4LABOUR/Mejoras/results_coursera/models/tsdae_coursera/google-bert/bert-base-uncased,A_semantic_only,160,56c85bc2a8f3,assist engineers or scientists with research,4159,85b33a7f44f2,10,0.6722733974456787,0.6722733974456787,3.4276020526885986,0.0,0.3333333432674408,0.0,0
/home/jovyan/Joel_Pardo/AI4LABOUR/Mejoras/results_coursera/models/tsdae_coursera/google-bert/bert-base-uncased,A_semantic_only,161,f1f35b083d3a,assemble mechanical components or machine parts,1268,41400dedd9f3,1,0.8229266405105591,0.8229266405105591,4.7879791259765625,0.0,0.5714285969734192,0.0,0
/home/jovyan/Joel_Pardo/AI4LABOUR/Mejoras/results_coursera/models/tsdae_coursera/google-bert/bert-base-uncased,A_semantic_only,161,f1f35b083d3a,assemble mechanical components or machine parts,2235,373b347cdc67,2,0.753951907157898,0.753951907157898,4.164412975311279,0.0,0.7142857313156128,0.0,0
/home/jovyan/Joel_Pardo/AI4LABOUR/Mejoras/results_coursera/models/tsdae_coursera/google-bert/bert-base-uncased,A_semantic_only,161,f1f35b083d3a,assemble mechanical components or machine parts,989,4ec4f7a20f54,3,0.7445735931396484,0.7445735931396484,4.0796284675598145,0.0,0.7142857313156128,0.0,0
/home/jovyan/Joel_Pardo/AI4LABOUR/Mejoras/results_coursera/models/tsdae_coursera/google-bert/bert-base-uncased,A_semantic_only,161,f1f35b083d3a,assemble mechanical components or machine parts,733,813e418f098e,4,0.7370314598083496,0.7370314598083496,4.011444091796875,0.1666666716337204,0.4285714328289032,1.0,0
/home/jovyan/Joel_Pardo/AI4LABOUR/Mejoras/results_coursera/models/tsdae_coursera/google-bert/bert-base-uncased,A_semantic_only,161,f1f35b083d3a,assemble mechanical components or machine parts,2211,29e1a9665271,5,0.7284882068634033,0.7284882068634033,3.934208631515503,0.0,0.4285714328289032,0.0,0
/home/jovyan/Joel_Pardo/AI4LABOUR/Mejoras/results_coursera/models/tsdae_coursera/google-bert/bert-base-uncased,A_semantic_only,161,f1f35b083d3a,assemble mechanical components or machine parts,937,43b6a406ef58,6,0.7272627949714661,0.7272627949714661,3.923130512237549,0.0,0.7142857313156128,0.0,0
/home/jovyan/Joel_Pardo/AI4LABOUR/Mejoras/results_coursera/models/tsdae_coursera/google-bert/bert-base-uncased,A_semantic_only,161,f1f35b083d3a,assemble mechanical components or machine parts,2091,15510201a5af,7,0.7261903285980225,0.7261903285980225,3.9134347438812256,0.1666666716337204,0.4285714328289032,0.7161517143249512,0
/home/jovyan/Joel_Pardo/AI4LABOUR/Mejoras/results_coursera/models/tsdae_coursera/google-bert/bert-base-uncased,A_semantic_only,161,f1f35b083d3a,assemble mechanical components or machine parts,1474,39dc86297043,8,0.7242707014083862,0.7242707014083862,3.896080493927002,0.0,0.4285714328289032,0.0,0
/home/jovyan/Joel_Pardo/AI4LABOUR/Mejoras/results_coursera/models/tsdae_coursera/google-bert/bert-base-uncased,A_semantic_only,161,f1f35b083d3a,assemble mechanical components or machine parts,2795,0270e82e5a44,9,0.7209188342094421,0.7209188342094421,3.8657779693603516,0.0,0.4285714328289032,0.0,0
/home/jovyan/Joel_Pardo/AI4LABOUR/Mejoras/results_coursera/models/tsdae_coursera/google-bert/bert-base-uncased,A_semantic_only,161,f1f35b083d3a,assemble mechanical components or machine parts,2092,a3727e4c2309,10,0.7088050842285156,0.7088050842285156,3.756263494491577,0.0,0.8571428656578064,0.0,0
/home/jovyan/Joel_Pardo/AI4LABOUR/Mejoras/results_coursera/models/tsdae_coursera/google-bert/bert-base-uncased,A_semantic_only,162,957f012e4031,fabricate devices or components,215,f3e87868bbce,1,0.7654464244842529,0.7654464244842529,4.416497230529785,0.20000000298023224,0.800000011920929,0.7976091504096985,0
/home/jovyan/Joel_Pardo/AI4LABOUR/Mejoras/results_coursera/models/tsdae_coursera/google-bert/bert-base-uncased,A_semantic_only,162,957f012e4031,fabricate devices or components,4412,a558f59f975e,2,0.7500203847885132,0.7500203847885132,4.253454685211182,0.20000000298023224,1.0,0.722808837890625,0
/home/jovyan/Joel_Pardo/AI4LABOUR/Mejoras/results_coursera/models/tsdae_coursera/google-bert/bert-base-uncased,A_semantic_only,162,957f012e4031,fabricate devices or components,1268,41400dedd9f3,3,0.742294192314148,0.742294192314148,4.1717939376831055,0.0,0.800000011920929,0.0,0
/home/jovyan/Joel_Pardo/AI4LABOUR/Mejoras/results_coursera/models/tsdae_coursera/google-bert/bert-base-uncased,A_semantic_only,162,957f012e4031,fabricate devices or components,1337,284a65d8619b,4,0.7336106896400452,0.7336106896400452,4.080015182495117,0.0,0.4166666567325592,0.4037778079509735,0
/home/jovyan/Joel_Pardo/AI4LABOUR/Mejoras/results_coursera/models/tsdae_coursera/google-bert/bert-base-uncased,A_semantic_only,162,957f012e4031,fabricate devices or components,3776,a89b81917b58,5,0.715370774269104,0.715370774269104,3.8872320652008057,0.0,1.0,0.0,0
/home/jovyan/Joel_Pardo/AI4LABOUR/Mejoras/results_coursera/models/tsdae_coursera/google-bert/bert-base-uncased,A_semantic_only,162,957f012e4031,fabricate devices or components,937,43b6a406ef58,6,0.7130874395370483,0.7130874395370483,3.863098621368408,0.0,1.0,0.0,0
/home/jovyan/Joel_Pardo/AI4LABOUR/Mejoras/results_coursera/models/tsdae_coursera/google-bert/bert-base-uncased,A_semantic_only,162,957f012e4031,fabricate devices or components,3663,9b1383e434a5,7,0.7129716873168945,0.7129716873168945,3.861875295639038,0.0,1.0,0.0,0
/home/jovyan/Joel_Pardo/AI4LABOUR/Mejoras/results_coursera/models/tsdae_coursera/google-bert/bert-base-uncased,A_semantic_only,162,957f012e4031,fabricate devices or components,1708,2a145fc7beb8,8,0.697422981262207,0.697422981262207,3.6975362300872803,0.20000000298023224,1.0,0.6990785598754883,0
/home/jovyan/Joel_Pardo/AI4LABOUR/Mejoras/results_coursera/models/tsdae_coursera/google-bert/bert-base-uncased,A_semantic_only,162,957f012e4031,fabricate devices or components,3777,3707333d65ab,9,0.6884347200393677,0.6884347200393677,3.60253643989563,0.0,1.0,0.0,0
/home/jovyan/Joel_Pardo/AI4LABOUR/Mejoras/results_coursera/models/tsdae_coursera/google-bert/bert-base-uncased,A_semantic_only,162,957f012e4031,fabricate devices or components,301,b3202b182771,10,0.6867388486862183,0.6867388486862183,3.5846123695373535,0.0,1.0,0.0,0
/home/jovyan/Joel_Pardo/AI4LABOUR/Mejoras/results_coursera/models/tsdae_coursera/google-bert/bert-base-uncased,A_semantic_only,163,3ac212a9f7c3,collaborate with others to develop or refine designs,3041,d58419ba221e,1,0.7544323801994324,0.7544323801994324,3.7469613552093506,0.0,0.28125,0.11231904476881027,0
/home/jovyan/Joel_Pardo/AI4LABOUR/Mejoras/results_coursera/models/tsdae_coursera/google-bert/bert-base-uncased,A_semantic_only,163,3ac212a9f7c3,collaborate with others to develop or refine designs,4499,a7b7131295ef,2,0.7495298385620117,0.7495298385620117,3.6991336345672607,0.1428571492433548,0.4444444477558136,0.6605284810066223,0
/home/jovyan/Joel_Pardo/AI4LABOUR/Mejoras/results_coursera/models/tsdae_coursera/google-bert/bert-base-uncased,A_semantic_only,163,3ac212a9f7c3,collaborate with others to develop or refine designs,2382,2c9191489a0d,3,0.7441861033439636,0.7441861033439636,3.6470019817352295,0.0714285746216774,0.6000000238418579,0.32916831970214844,0
/home/jovyan/Joel_Pardo/AI4LABOUR/Mejoras/results_coursera/models/tsdae_coursera/google-bert/bert-base-uncased,A_semantic_only,163,3ac212a9f7c3,collaborate with others to develop or refine designs,3748,34fad830f97b,4,0.7395283579826355,0.7395283579826355,3.601562738418579,0.125,0.6666666865348816,0.41874343156814575,0
/home/jovyan/Joel_Pardo/AI4LABOUR/Mejoras/results_coursera/models/tsdae_coursera/google-bert/bert-base-uncased,A_semantic_only,163,3ac212a9f7c3,collaborate with others to develop or refine designs,3040,34bec64bf262,5,0.7182894945144653,0.7182894945144653,3.3943634033203125,0.0,0.2432432472705841,0.05356834828853607,0
/home/jovyan/Joel_Pardo/AI4LABOUR/Mejoras/results_coursera/models/tsdae_coursera/google-bert/bert-base-uncased,A_semantic_only,163,3ac212a9f7c3,collaborate with others to develop or refine designs,4501,7e31f9e44f69,6,0.715816855430603,0.715816855430603,3.370241165161133,0.0,0.8999999761581421,0.0,0
/home/jovyan/Joel_Pardo/AI4LABOUR/Mejoras/results_coursera/models/tsdae_coursera/google-bert/bert-base-uncased,A_semantic_only,163,3ac212a9f7c3,collaborate with others to develop or refine designs,3749,d53499e514eb,7,0.7089875936508179,0.7089875936508179,3.303617238998413,0.0,0.6666666865348816,0.0,0
/home/jovyan/Joel_Pardo/AI4LABOUR/Mejoras/results_coursera/models/tsdae_coursera/google-bert/bert-base-uncased,A_semantic_only,163,3ac212a9f7c3,collaborate with others to develop or refine designs,1711,48410a978891,8,0.7036757469177246,0.7036757469177246,3.2517964839935303,0.0,0.75,0.14228679239749908,0
/home/jovyan/Joel_Pardo/AI4LABOUR/Mejoras/results_coursera/models/tsdae_coursera/google-bert/bert-base-uncased,A_semantic_only,163,3ac212a9f7c3,collaborate with others to develop or refine designs,4513,39c3797faf00,9,0.7033170461654663,0.7033170461654663,3.2482972145080566,0.0,0.4444444477558136,0.0,0
/home/jovyan/Joel_Pardo/AI4LABOUR/Mejoras/results_coursera/models/tsdae_coursera/google-bert/bert-base-uncased,A_semantic_only,163,3ac212a9f7c3,collaborate with others to develop or refine designs,3212,d8505c1983d9,10,0.7018237113952637,0.7018237113952637,3.2337286472320557,0.0,0.8181818127632141,0.34877508878707886,0
/home/jovyan/Joel_Pardo/AI4LABOUR/Mejoras/results_coursera/models/tsdae_coursera/google-bert/bert-base-uncased,A_semantic_only,164,0c9fad019eee,schedule operational activities,4129,c0c66eb294df,1,0.7467777729034424,0.7467777729034424,4.056058883666992,0.0,0.75,0.0,0
/home/jovyan/Joel_Pardo/AI4LABOUR/Mejoras/results_coursera/models/tsdae_coursera/google-bert/bert-base-uncased,A_semantic_only,164,0c9fad019eee,schedule operational activities,1371,5fc25157650d,2,0.7224287986755371,0.7224287986755371,3.8514554500579834,0.0,0.5,0.0,0
/home/jovyan/Joel_Pardo/AI4LABOUR/Mejoras/results_coursera/models/tsdae_coursera/google-bert/bert-base-uncased,A_semantic_only,164,0c9fad019eee,schedule operational activities,4590,5d45850c5baa,3,0.6857473850250244,0.6857473850250244,3.5432229042053223,0.0,0.75,0.0,0
/home/jovyan/Joel_Pardo/AI4LABOUR/Mejoras/results_coursera/models/tsdae_coursera/google-bert/bert-base-uncased,A_semantic_only,164,0c9fad019eee,schedule operational activities,3730,667727a74b62,4,0.6782028675079346,0.6782028675079346,3.4798264503479004,0.0,0.75,0.0,0
/home/jovyan/Joel_Pardo/AI4LABOUR/Mejoras/results_coursera/models/tsdae_coursera/google-bert/bert-base-uncased,A_semantic_only,164,0c9fad019eee,schedule operational activities,1654,799855594adc,5,0.6781821250915527,0.6781821250915527,3.479652166366577,0.3333333432674408,0.5,1.0,0
/home/jovyan/Joel_Pardo/AI4LABOUR/Mejoras/results_coursera/models/tsdae_coursera/google-bert/bert-base-uncased,A_semantic_only,164,0c9fad019eee,schedule operational activities,1786,c538af615e86,6,0.6617956757545471,0.6617956757545471,3.3419573307037354,0.0,0.75,0.0,0
/home/jovyan/Joel_Pardo/AI4LABOUR/Mejoras/results_coursera/models/tsdae_coursera/google-bert/bert-base-uncased,A_semantic_only,164,0c9fad019eee,schedule operational activities,1676,4abb63e41447,7,0.6521337032318115,0.6521337032318115,3.260768175125122,0.20000000298023224,1.0,0.6433821320533752,0
/home/jovyan/Joel_Pardo/AI4LABOUR/Mejoras/results_coursera/models/tsdae_coursera/google-bert/bert-base-uncased,A_semantic_only,164,0c9fad019eee,schedule operational activities,3780,5279f5c334f7,8,0.6518134474754333,0.6518134474754333,3.2580771446228027,0.0,0.5714285969734192,0.0,0
/home/jovyan/Joel_Pardo/AI4LABOUR/Mejoras/results_coursera/models/tsdae_coursera/google-bert/bert-base-uncased,A_semantic_only,164,0c9fad019eee,schedule operational activities,4895,d9ed0b19f811,9,0.6407737731933594,0.6407737731933594,3.165311098098755,0.0,0.75,0.0,0
/home/jovyan/Joel_Pardo/AI4LABOUR/Mejoras/results_coursera/models/tsdae_coursera/google-bert/bert-base-uncased,A_semantic_only,164,0c9fad019eee,schedule operational activities,4058,74fe0528c27f,10,0.6372853517532349,0.6372853517532349,3.135998010635376,0.1428571492433548,0.6666666865348816,0.560200035572052,0
/home/jovyan/Joel_Pardo/AI4LABOUR/Mejoras/results_coursera/models/tsdae_coursera/google-bert/bert-base-uncased,A_semantic_only,165,72ea80489538,test characteristics of materials or structures,1822,39932b592d9d,1,0.8628654479980469,0.8628654479980469,4.468257904052734,0.06666667014360428,0.3888888955116272,0.35917118191719055,0
/home/jovyan/Joel_Pardo/AI4LABOUR/Mejoras/results_coursera/models/tsdae_coursera/google-bert/bert-base-uncased,A_semantic_only,165,72ea80489538,test characteristics of materials or structures,3407,2ad419560ca0,2,0.8260468244552612,0.8260468244552612,4.159560203552246,0.1428571492433548,0.8571428656578064,0.5030925273895264,0
/home/jovyan/Joel_Pardo/AI4LABOUR/Mejoras/results_coursera/models/tsdae_coursera/google-bert/bert-base-uncased,A_semantic_only,165,72ea80489538,test characteristics of materials or structures,4158,6eb280a204d6,3,0.804811954498291,0.804811954498291,3.9815211296081543,0.0,0.3333333432674408,0.17991341650485992,0
/home/jovyan/Joel_Pardo/AI4LABOUR/Mejoras/results_coursera/models/tsdae_coursera/google-bert/bert-base-uncased,A_semantic_only,165,72ea80489538,test characteristics of materials or structures,4159,85b33a7f44f2,4,0.7958130240440369,0.7958130240440369,3.906071424484253,0.0,0.3333333432674408,0.17991341650485992,0
/home/jovyan/Joel_Pardo/AI4LABOUR/Mejoras/results_coursera/models/tsdae_coursera/google-bert/bert-base-uncased,A_semantic_only,165,72ea80489538,test characteristics of materials or structures,3410,bfd722d7fa43,5,0.7750813961029053,0.7750813961029053,3.7322516441345215,0.1428571492433548,0.7142857313156128,0.5652408003807068,0
/home/jovyan/Joel_Pardo/AI4LABOUR/Mejoras/results_coursera/models/tsdae_coursera/google-bert/bert-base-uncased,A_semantic_only,165,72ea80489538,test characteristics of materials or structures,3707,ae14f32b277d,6,0.7578961849212646,0.7578961849212646,3.588165760040283,0.0,0.875,0.0,0
/home/jovyan/Joel_Pardo/AI4LABOUR/Mejoras/results_coursera/models/tsdae_coursera/google-bert/bert-base-uncased,A_semantic_only,165,72ea80489538,test characteristics of materials or structures,3304,ecdd6aedb4c3,7,0.7527261972427368,0.7527261972427368,3.5448191165924072,0.0,0.5714285969734192,0.34543514251708984,0
/home/jovyan/Joel_Pardo/AI4LABOUR/Mejoras/results_coursera/models/tsdae_coursera/google-bert/bert-base-uncased,A_semantic_only,165,72ea80489538,test characteristics of materials or structures,1268,41400dedd9f3,8,0.7409185171127319,0.7409185171127319,3.4458203315734863,0.0,0.5714285969734192,0.0,0
/home/jovyan/Joel_Pardo/AI4LABOUR/Mejoras/results_coursera/models/tsdae_coursera/google-bert/bert-base-uncased,A_semantic_only,165,72ea80489538,test characteristics of materials or structures,4828,0207b591a5d5,9,0.7288438081741333,0.7288438081741333,3.3445825576782227,0.0,0.4285714328289032,0.0,0
/home/jovyan/Joel_Pardo/AI4LABOUR/Mejoras/results_coursera/models/tsdae_coursera/google-bert/bert-base-uncased,A_semantic_only,165,72ea80489538,test characteristics of materials or structures,3303,8dee13915ca0,10,0.7287865281105042,0.7287865281105042,3.344102144241333,0.0,0.875,0.0,0
/home/jovyan/Joel_Pardo/AI4LABOUR/Mejoras/results_coursera/models/tsdae_coursera/google-bert/bert-base-uncased,A_semantic_only,166,505ab84c8d87,implement transportation changes to reduce environmental impact,5020,d5543f5402aa,1,0.7849123477935791,0.7849123477935791,3.7780816555023193,0.1428571492433548,0.375,0.5700430274009705,0
/home/jovyan/Joel_Pardo/AI4LABOUR/Mejoras/results_coursera/models/tsdae_coursera/google-bert/bert-base-uncased,A_semantic_only,166,505ab84c8d87,implement transportation changes to reduce environmental impact,4247,310c23fd2d02,2,0.7789207696914673,0.7789207696914673,3.730896472930908,0.1111111119389534,0.75,0.38201433420181274,0
/home/jovyan/Joel_Pardo/AI4LABOUR/Mejoras/results_coursera/models/tsdae_coursera/google-bert/bert-base-uncased,A_semantic_only,166,505ab84c8d87,implement transportation changes to reduce environmental impact,5082,12408b06820b,3,0.7765188217163086,0.7765188217163086,3.7119805812835693,0.10000000149011612,0.75,0.45226970314979553,0
/home/jovyan/Joel_Pardo/AI4LABOUR/Mejoras/results_coursera/models/tsdae_coursera/google-bert/bert-base-uncased,A_semantic_only,166,505ab84c8d87,implement transportation changes to reduce environmental impact,2626,d7c46c558d85,4,0.7695728540420532,0.7695728540420532,3.6572792530059814,0.1111111119389534,0.75,0.7470283508300781,0
/home/jovyan/Joel_Pardo/AI4LABOUR/Mejoras/results_coursera/models/tsdae_coursera/google-bert/bert-base-uncased,A_semantic_only,166,505ab84c8d87,implement transportation changes to reduce environmental impact,2338,f6de122e0fd3,5,0.7678821682929993,0.7678821682929993,3.6439647674560547,0.0,0.875,0.20226432383060455,0
/home/jovyan/Joel_Pardo/AI4LABOUR/Mejoras/results_coursera/models/tsdae_coursera/google-bert/bert-base-uncased,A_semantic_only,166,505ab84c8d87,implement transportation changes to reduce environmental impact,2358,9e8759a3fae4,6,0.7524011135101318,0.7524011135101318,3.522047758102417,0.0,0.6666666865348816,0.13526739180088043,0
/home/jovyan/Joel_Pardo/AI4LABOUR/Mejoras/results_coursera/models/tsdae_coursera/google-bert/bert-base-uncased,A_semantic_only,166,505ab84c8d87,implement transportation changes to reduce environmental impact,4997,02367bf1c37b,7,0.7439937591552734,0.7439937591552734,3.4558377265930176,0.0,0.875,0.20226432383060455,0
/home/jovyan/Joel_Pardo/AI4LABOUR/Mejoras/results_coursera/models/tsdae_coursera/google-bert/bert-base-uncased,A_semantic_only,166,505ab84c8d87,implement transportation changes to reduce environmental impact,2627,13827adf3ebe,8,0.7376395463943481,0.7376395463943481,3.405796766281128,0.0,0.42105263471603394,0.09241291135549545,0
/home/jovyan/Joel_Pardo/AI4LABOUR/Mejoras/results_coursera/models/tsdae_coursera/google-bert/bert-base-uncased,A_semantic_only,166,505ab84c8d87,implement transportation changes to reduce environmental impact,142,c477df18ea2a,9,0.7339715361595154,0.7339715361595154,3.3769102096557617,0.0,0.6666666865348816,0.13526739180088043,0
/home/jovyan/Joel_Pardo/AI4LABOUR/Mejoras/results_coursera/models/tsdae_coursera/google-bert/bert-base-uncased,A_semantic_only,166,505ab84c8d87,implement transportation changes to reduce environmental impact,1405,06c62fc8558d,10,0.7291349172592163,0.7291349172592163,3.338820695877075,0.10000000149011612,0.75,0.43943697214126587,0
/home/jovyan/Joel_Pardo/AI4LABOUR/Mejoras/results_coursera/models/tsdae_coursera/google-bert/bert-base-uncased,A_semantic_only,167,00c6f12023ab,document organizational or operational procedures,2661,a40ee5969123,1,0.7960106134414673,0.7960106134414673,3.2576355934143066,0.0,0.8333333134651184,0.0,0
/home/jovyan/Joel_Pardo/AI4LABOUR/Mejoras/results_coursera/models/tsdae_coursera/google-bert/bert-base-uncased,A_semantic_only,167,00c6f12023ab,document organizational or operational procedures,1727,7a8fd898a210,2,0.7943013906478882,0.7943013906478882,3.2445476055145264,0.0,0.5,0.0,0
/home/jovyan/Joel_Pardo/AI4LABOUR/Mejoras/results_coursera/models/tsdae_coursera/google-bert/bert-base-uncased,A_semantic_only,167,00c6f12023ab,document organizational or operational procedures,3586,f77f2bcecc27,3,0.7885212302207947,0.7885212302207947,3.200287342071533,0.0,0.75,0.0,0
/home/jovyan/Joel_Pardo/AI4LABOUR/Mejoras/results_coursera/models/tsdae_coursera/google-bert/bert-base-uncased,A_semantic_only,167,00c6f12023ab,document organizational or operational procedures,181,6e0262463c46,4,0.7818998098373413,0.7818998098373413,3.149585247039795,0.0,0.6666666865348816,0.0,0
/home/jovyan/Joel_Pardo/AI4LABOUR/Mejoras/results_coursera/models/tsdae_coursera/google-bert/bert-base-uncased,A_semantic_only,167,00c6f12023ab,document organizational or operational procedures,4058,74fe0528c27f,5,0.7787442207336426,0.7787442207336426,3.1254220008850098,0.125,1.0,0.7320252656936646,0
/home/jovyan/Joel_Pardo/AI4LABOUR/Mejoras/results_coursera/models/tsdae_coursera/google-bert/bert-base-uncased,A_semantic_only,167,00c6f12023ab,document organizational or operational procedures,4099,86bf8f8ad819,6,0.7747239470481873,0.7747239470481873,3.094637632369995,0.20000000298023224,0.5,0.828681468963623,0
/home/jovyan/Joel_Pardo/AI4LABOUR/Mejoras/results_coursera/models/tsdae_coursera/google-bert/bert-base-uncased,A_semantic_only,167,00c6f12023ab,document organizational or operational procedures,688,675b456b5403,7,0.7591109275817871,0.7591109275817871,2.9750843048095703,0.0,0.3529411852359772,0.0,0
/home/jovyan/Joel_Pardo/AI4LABOUR/Mejoras/results_coursera/models/tsdae_coursera/google-bert/bert-base-uncased,A_semantic_only,167,00c6f12023ab,document organizational or operational procedures,2111,8cb3848302c6,8,0.7541106939315796,0.7541106939315796,2.936796188354492,0.20000000298023224,0.5,0.828681468963623,0
/home/jovyan/Joel_Pardo/AI4LABOUR/Mejoras/results_coursera/models/tsdae_coursera/google-bert/bert-base-uncased,A_semantic_only,167,00c6f12023ab,document organizational or operational procedures,2112,49e1b35b16b4,9,0.744023859500885,0.744023859500885,2.859558582305908,0.0,1.0,0.0,0
/home/jovyan/Joel_Pardo/AI4LABOUR/Mejoras/results_coursera/models/tsdae_coursera/google-bert/bert-base-uncased,A_semantic_only,167,00c6f12023ab,document organizational or operational procedures,4793,ecfb3bfe17da,10,0.7387301325798035,0.7387301325798035,2.8190228939056396,0.0,1.0,0.0,0
/home/jovyan/Joel_Pardo/AI4LABOUR/Mejoras/results_coursera/models/tsdae_coursera/google-bert/bert-base-uncased,A_semantic_only,168,ab35d13698b5,"negotiate contracts for transportation, distribution, or logistics services",4841,e1b150754821,1,0.7803318500518799,0.7803318500518799,4.216006755828857,0.3333333432674408,0.4444444477558136,1.0,0
/home/jovyan/Joel_Pardo/AI4LABOUR/Mejoras/results_coursera/models/tsdae_coursera/google-bert/bert-base-uncased,A_semantic_only,168,ab35d13698b5,"negotiate contracts for transportation, distribution, or logistics services",4838,53dd4fb611bb,2,0.7624539136886597,0.7624539136886597,4.045812606811523,0.1428571492433548,0.4444444477558136,0.5318596363067627,0
/home/jovyan/Joel_Pardo/AI4LABOUR/Mejoras/results_coursera/models/tsdae_coursera/google-bert/bert-base-uncased,A_semantic_only,168,ab35d13698b5,"negotiate contracts for transportation, distribution, or logistics services",3227,7165fea5801a,3,0.7209411263465881,0.7209411263465881,3.6506197452545166,0.1428571492433548,0.3333333432674408,0.6191206574440002,0
/home/jovyan/Joel_Pardo/AI4LABOUR/Mejoras/results_coursera/models/tsdae_coursera/google-bert/bert-base-uncased,A_semantic_only,168,ab35d13698b5,"negotiate contracts for transportation, distribution, or logistics services",4845,537673b823b1,4,0.6998223662376404,0.6998223662376404,3.4495737552642822,0.1428571492433548,0.3333333432674408,0.6191206574440002,0
/home/jovyan/Joel_Pardo/AI4LABOUR/Mejoras/results_coursera/models/tsdae_coursera/google-bert/bert-base-uncased,A_semantic_only,168,ab35d13698b5,"negotiate contracts for transportation, distribution, or logistics services",2890,5371441504ea,5,0.68632972240448,0.68632972240448,3.321126699447632,0.1428571492433548,0.3333333432674408,0.6411210298538208,0
/home/jovyan/Joel_Pardo/AI4LABOUR/Mejoras/results_coursera/models/tsdae_coursera/google-bert/bert-base-uncased,A_semantic_only,168,ab35d13698b5,"negotiate contracts for transportation, distribution, or logistics services",2661,a40ee5969123,6,0.6696494817733765,0.6696494817733765,3.1623342037200928,0.0,0.5555555820465088,0.0,0
/home/jovyan/Joel_Pardo/AI4LABOUR/Mejoras/results_coursera/models/tsdae_coursera/google-bert/bert-base-uncased,A_semantic_only,168,ab35d13698b5,"negotiate contracts for transportation, distribution, or logistics services",3708,dfb103e84c83,7,0.6684325933456421,0.6684325933456421,3.150749683380127,0.0,0.4444444477558136,0.0,0
/home/jovyan/Joel_Pardo/AI4LABOUR/Mejoras/results_coursera/models/tsdae_coursera/google-bert/bert-base-uncased,A_semantic_only,168,ab35d13698b5,"negotiate contracts for transportation, distribution, or logistics services",3229,095a703ccc5d,8,0.6664862632751465,0.6664862632751465,3.132221221923828,0.1428571492433548,0.3333333432674408,0.6191206574440002,0
/home/jovyan/Joel_Pardo/AI4LABOUR/Mejoras/results_coursera/models/tsdae_coursera/google-bert/bert-base-uncased,A_semantic_only,168,ab35d13698b5,"negotiate contracts for transportation, distribution, or logistics services",3619,e9839443e2c0,9,0.6644985675811768,0.6644985675811768,3.1132986545562744,0.1666666716337204,0.2222222238779068,0.7669533491134644,0
/home/jovyan/Joel_Pardo/AI4LABOUR/Mejoras/results_coursera/models/tsdae_coursera/google-bert/bert-base-uncased,A_semantic_only,168,ab35d13698b5,"negotiate contracts for transportation, distribution, or logistics services",4806,fb76fbd7c8f3,10,0.6572529077529907,0.6572529077529907,3.0443215370178223,0.0,0.3333333432674408,0.0,0
/home/jovyan/Joel_Pardo/AI4LABOUR/Mejoras/results_coursera/models/tsdae_coursera/google-bert/bert-base-uncased,A_semantic_only,169,2d10ff099811,coordinate with external parties to exchange information,1552,edb364659909,1,0.681954026222229,0.681954026222229,3.8562424182891846,0.0,0.5,0.0,0
/home/jovyan/Joel_Pardo/AI4LABOUR/Mejoras/results_coursera/models/tsdae_coursera/google-bert/bert-base-uncased,A_semantic_only,169,2d10ff099811,coordinate with external parties to exchange information,2208,8a2fe72edc40,2,0.6603363752365112,0.6603363752365112,3.642317533493042,0.0,0.375,0.0,0
/home/jovyan/Joel_Pardo/AI4LABOUR/Mejoras/results_coursera/models/tsdae_coursera/google-bert/bert-base-uncased,A_semantic_only,169,2d10ff099811,coordinate with external parties to exchange information,675,e1f28709fa97,3,0.6596262454986572,0.6596262454986572,3.6352903842926025,0.0,0.5,0.41179609298706055,0
/home/jovyan/Joel_Pardo/AI4LABOUR/Mejoras/results_coursera/models/tsdae_coursera/google-bert/bert-base-uncased,A_semantic_only,169,2d10ff099811,coordinate with external parties to exchange information,1810,f399e851f1b0,4,0.6408296823501587,0.6408296823501587,3.449282646179199,0.0,0.5,0.0,0
/home/jovyan/Joel_Pardo/AI4LABOUR/Mejoras/results_coursera/models/tsdae_coursera/google-bert/bert-base-uncased,A_semantic_only,169,2d10ff099811,coordinate with external parties to exchange information,5218,c440d73a48c6,5,0.6403638124465942,0.6403638124465942,3.4446723461151123,0.0,0.8888888955116272,0.0,0
/home/jovyan/Joel_Pardo/AI4LABOUR/Mejoras/results_coursera/models/tsdae_coursera/google-bert/bert-base-uncased,A_semantic_only,169,2d10ff099811,coordinate with external parties to exchange information,4501,7e31f9e44f69,6,0.637928307056427,0.637928307056427,3.4205710887908936,0.0,0.800000011920929,0.0,0
/home/jovyan/Joel_Pardo/AI4LABOUR/Mejoras/results_coursera/models/tsdae_coursera/google-bert/bert-base-uncased,A_semantic_only,169,2d10ff099811,coordinate with external parties to exchange information,1443,3d9cb8ab1a44,7,0.6335601806640625,0.6335601806640625,3.377344846725464,0.0,0.75,0.0,0
/home/jovyan/Joel_Pardo/AI4LABOUR/Mejoras/results_coursera/models/tsdae_coursera/google-bert/bert-base-uncased,A_semantic_only,169,2d10ff099811,coordinate with external parties to exchange information,3569,b90a5f932e75,8,0.6316372156143188,0.6316372156143188,3.3583154678344727,0.0,0.800000011920929,0.0,0
/home/jovyan/Joel_Pardo/AI4LABOUR/Mejoras/results_coursera/models/tsdae_coursera/google-bert/bert-base-uncased,A_semantic_only,169,2d10ff099811,coordinate with external parties to exchange information,3780,5279f5c334f7,9,0.6312339305877686,0.6312339305877686,3.3543245792388916,0.0,0.875,0.0,0
/home/jovyan/Joel_Pardo/AI4LABOUR/Mejoras/results_coursera/models/tsdae_coursera/google-bert/bert-base-uncased,A_semantic_only,169,2d10ff099811,coordinate with external parties to exchange information,180,1984ba551855,10,0.6303409337997437,0.6303409337997437,3.345487594604492,0.0,0.5,0.26268383860588074,0
/home/jovyan/Joel_Pardo/AI4LABOUR/Mejoras/results_coursera/models/tsdae_coursera/google-bert/bert-base-uncased,A_semantic_only,170,57e3b12b8497,develop procedures to evaluate organizational activities,4793,ecfb3bfe17da,1,0.8216648101806641,0.8216648101806641,3.0421481132507324,0.0,0.8571428656578064,0.0,0
/home/jovyan/Joel_Pardo/AI4LABOUR/Mejoras/results_coursera/models/tsdae_coursera/google-bert/bert-base-uncased,A_semantic_only,170,57e3b12b8497,develop procedures to evaluate organizational activities,3586,f77f2bcecc27,2,0.8198584318161011,0.8198584318161011,3.0298941135406494,0.09090909361839294,0.875,0.5211778879165649,0
/home/jovyan/Joel_Pardo/AI4LABOUR/Mejoras/results_coursera/models/tsdae_coursera/google-bert/bert-base-uncased,A_semantic_only,170,57e3b12b8497,develop procedures to evaluate organizational activities,4058,74fe0528c27f,3,0.8095421195030212,0.8095421195030212,2.9599108695983887,0.0,0.8571428656578064,0.0,0
/home/jovyan/Joel_Pardo/AI4LABOUR/Mejoras/results_coursera/models/tsdae_coursera/google-bert/bert-base-uncased,A_semantic_only,170,57e3b12b8497,develop procedures to evaluate organizational activities,4106,7a6199e2dfd9,4,0.8007082939147949,0.8007082939147949,2.89998459815979,0.0,0.46666666865348816,0.0,0
/home/jovyan/Joel_Pardo/AI4LABOUR/Mejoras/results_coursera/models/tsdae_coursera/google-bert/bert-base-uncased,A_semantic_only,170,57e3b12b8497,develop procedures to evaluate organizational activities,3780,5279f5c334f7,5,0.7997745275497437,0.7997745275497437,2.8936500549316406,0.0,1.0,0.0,0
/home/jovyan/Joel_Pardo/AI4LABOUR/Mejoras/results_coursera/models/tsdae_coursera/google-bert/bert-base-uncased,A_semantic_only,170,57e3b12b8497,develop procedures to evaluate organizational activities,4103,cd45bf616f0e,6,0.7952100038528442,0.7952100038528442,2.8626856803894043,0.0,0.699999988079071,0.0,0
/home/jovyan/Joel_Pardo/AI4LABOUR/Mejoras/results_coursera/models/tsdae_coursera/google-bert/bert-base-uncased,A_semantic_only,170,57e3b12b8497,develop procedures to evaluate organizational activities,688,675b456b5403,7,0.7928202152252197,0.7928202152252197,2.8464739322662354,0.0,0.4117647111415863,0.0,0
/home/jovyan/Joel_Pardo/AI4LABOUR/Mejoras/results_coursera/models/tsdae_coursera/google-bert/bert-base-uncased,A_semantic_only,170,57e3b12b8497,develop procedures to evaluate organizational activities,3041,d58419ba221e,8,0.7885003089904785,0.7885003089904785,2.817168712615967,0.0,0.21875,0.17053581774234772,0
/home/jovyan/Joel_Pardo/AI4LABOUR/Mejoras/results_coursera/models/tsdae_coursera/google-bert/bert-base-uncased,A_semantic_only,170,57e3b12b8497,develop procedures to evaluate organizational activities,4834,1d8e86f4a956,9,0.7831829786300659,0.7831829786300659,2.781097412109375,0.0,0.5714285969734192,0.0,0
/home/jovyan/Joel_Pardo/AI4LABOUR/Mejoras/results_coursera/models/tsdae_coursera/google-bert/bert-base-uncased,A_semantic_only,170,57e3b12b8497,develop procedures to evaluate organizational activities,181,6e0262463c46,10,0.780354380607605,0.780354380607605,2.761909008026123,0.0,0.7777777910232544,0.26962098479270935,0
/home/jovyan/Joel_Pardo/AI4LABOUR/Mejoras/results_coursera/models/tsdae_coursera/google-bert/bert-base-uncased,A_semantic_only,171,02b5b4014078,develop organizational goals or objectives,3586,f77f2bcecc27,1,0.8354289531707764,0.8354289531707764,3.2716257572174072,0.10000000149011612,0.75,0.4185209572315216,0
/home/jovyan/Joel_Pardo/AI4LABOUR/Mejoras/results_coursera/models/tsdae_coursera/google-bert/bert-base-uncased,A_semantic_only,171,02b5b4014078,develop organizational goals or objectives,3730,667727a74b62,2,0.8157552480697632,0.8157552480697632,3.1381003856658936,0.20000000298023224,0.5,1.0,0
/home/jovyan/Joel_Pardo/AI4LABOUR/Mejoras/results_coursera/models/tsdae_coursera/google-bert/bert-base-uncased,A_semantic_only,171,02b5b4014078,develop organizational goals or objectives,3751,f1ce5e300a4c,3,0.811744749546051,0.811744749546051,3.1108810901641846,0.1428571492433548,1.0,0.4556807577610016,0
/home/jovyan/Joel_Pardo/AI4LABOUR/Mejoras/results_coursera/models/tsdae_coursera/google-bert/bert-base-uncased,A_semantic_only,171,02b5b4014078,develop organizational goals or objectives,4103,cd45bf616f0e,4,0.8090555667877197,0.8090555667877197,3.0926296710968018,0.0,0.6000000238418579,0.0,0
/home/jovyan/Joel_Pardo/AI4LABOUR/Mejoras/results_coursera/models/tsdae_coursera/google-bert/bert-base-uncased,A_semantic_only,171,02b5b4014078,develop organizational goals or objectives,2384,9f0afa80bca1,5,0.8032845258712769,0.8032845258712769,3.0534615516662598,0.0,0.8571428656578064,0.0,0
/home/jovyan/Joel_Pardo/AI4LABOUR/Mejoras/results_coursera/models/tsdae_coursera/google-bert/bert-base-uncased,A_semantic_only,171,02b5b4014078,develop organizational goals or objectives,1711,48410a978891,6,0.7930442094802856,0.7930442094802856,2.9839606285095215,0.0,0.5,0.0,0
/home/jovyan/Joel_Pardo/AI4LABOUR/Mejoras/results_coursera/models/tsdae_coursera/google-bert/bert-base-uncased,A_semantic_only,171,02b5b4014078,develop organizational goals or objectives,3587,f687024e11a9,7,0.7901386022567749,0.7901386022567749,2.964240074157715,0.09090909361839294,0.5,0.30761808156967163,0
/home/jovyan/Joel_Pardo/AI4LABOUR/Mejoras/results_coursera/models/tsdae_coursera/google-bert/bert-base-uncased,A_semantic_only,171,02b5b4014078,develop organizational goals or objectives,3568,18d5478786f0,8,0.7894093990325928,0.7894093990325928,2.9592909812927246,0.0,0.5454545617103577,0.0,0
/home/jovyan/Joel_Pardo/AI4LABOUR/Mejoras/results_coursera/models/tsdae_coursera/google-bert/bert-base-uncased,A_semantic_only,171,02b5b4014078,develop organizational goals or objectives,3780,5279f5c334f7,9,0.787639319896698,0.787639319896698,2.947277545928955,0.0,0.8571428656578064,0.0,0
/home/jovyan/Joel_Pardo/AI4LABOUR/Mejoras/results_coursera/models/tsdae_coursera/google-bert/bert-base-uncased,A_semantic_only,171,02b5b4014078,develop organizational goals or objectives,2973,b3e3e74956d8,10,0.7812632918357849,0.7812632918357849,2.904003381729126,0.0,0.6000000238418579,0.0,0
/home/jovyan/Joel_Pardo/AI4LABOUR/Mejoras/results_coursera/models/tsdae_coursera/google-bert/bert-base-uncased,A_semantic_only,172,2c5271f1a3e4,analyze data to assess operational or project effectiveness,4058,74fe0528c27f,1,0.8401220440864563,0.8401220440864563,3.186673402786255,0.10000000149011612,0.6666666865348816,0.6882561445236206,0
/home/jovyan/Joel_Pardo/AI4LABOUR/Mejoras/results_coursera/models/tsdae_coursera/google-bert/bert-base-uncased,A_semantic_only,172,2c5271f1a3e4,analyze data to assess operational or project effectiveness,4791,baded3c66d4d,2,0.8062142133712769,0.8062142133712769,2.947298765182495,0.0,0.6666666865348816,0.0,0
/home/jovyan/Joel_Pardo/AI4LABOUR/Mejoras/results_coursera/models/tsdae_coursera/google-bert/bert-base-uncased,A_semantic_only,172,2c5271f1a3e4,analyze data to assess operational or project effectiveness,3588,a6818b8d1354,3,0.7875033020973206,0.7875033020973206,2.8152079582214355,0.0,0.8181818127632141,0.0,0
/home/jovyan/Joel_Pardo/AI4LABOUR/Mejoras/results_coursera/models/tsdae_coursera/google-bert/bert-base-uncased,A_semantic_only,172,2c5271f1a3e4,analyze data to assess operational or project effectiveness,2038,15c6e5f68495,4,0.7852545976638794,0.7852545976638794,2.799332857131958,0.0,0.5555555820465088,0.0,0
/home/jovyan/Joel_Pardo/AI4LABOUR/Mejoras/results_coursera/models/tsdae_coursera/google-bert/bert-base-uncased,A_semantic_only,172,2c5271f1a3e4,analyze data to assess operational or project effectiveness,180,1984ba551855,5,0.7818794250488281,0.7818794250488281,2.775505781173706,0.0,0.5625,0.26978105306625366,0
/home/jovyan/Joel_Pardo/AI4LABOUR/Mejoras/results_coursera/models/tsdae_coursera/google-bert/bert-base-uncased,A_semantic_only,172,2c5271f1a3e4,analyze data to assess operational or project effectiveness,2300,754666b07e71,6,0.7814910411834717,0.7814910411834717,2.772763967514038,0.0,0.6428571343421936,0.0,0
/home/jovyan/Joel_Pardo/AI4LABOUR/Mejoras/results_coursera/models/tsdae_coursera/google-bert/bert-base-uncased,A_semantic_only,172,2c5271f1a3e4,analyze data to assess operational or project effectiveness,3041,d58419ba221e,7,0.781078577041626,0.781078577041626,2.7698521614074707,0.03703703731298447,0.28125,0.3097921907901764,0
/home/jovyan/Joel_Pardo/AI4LABOUR/Mejoras/results_coursera/models/tsdae_coursera/google-bert/bert-base-uncased,A_semantic_only,172,2c5271f1a3e4,analyze data to assess operational or project effectiveness,143,46da54665084,8,0.7801342606544495,0.7801342606544495,2.763185501098633,0.07692307978868484,0.30000001192092896,0.31757843494415283,0
/home/jovyan/Joel_Pardo/AI4LABOUR/Mejoras/results_coursera/models/tsdae_coursera/google-bert/bert-base-uncased,A_semantic_only,172,2c5271f1a3e4,analyze data to assess operational or project effectiveness,4312,e1d150ca0e67,9,0.7777479887008667,0.7777479887008667,2.7463395595550537,0.0,0.8888888955116272,0.27044960856437683,0
/home/jovyan/Joel_Pardo/AI4LABOUR/Mejoras/results_coursera/models/tsdae_coursera/google-bert/bert-base-uncased,A_semantic_only,172,2c5271f1a3e4,analyze data to assess operational or project effectiveness,399,63d29bfd492f,10,0.7773246765136719,0.7773246765136719,2.7433512210845947,0.0,0.4444444477558136,0.0,0
/home/jovyan/Joel_Pardo/AI4LABOUR/Mejoras/results_coursera/models/tsdae_coursera/google-bert/bert-base-uncased,A_semantic_only,173,49c0d2367c5d,"manage operations, research, or logistics projects",2661,a40ee5969123,1,0.8003503084182739,0.8003503084182739,3.3107001781463623,0.0,0.7142857313156128,0.0,0
/home/jovyan/Joel_Pardo/AI4LABOUR/Mejoras/results_coursera/models/tsdae_coursera/google-bert/bert-base-uncased,A_semantic_only,173,49c0d2367c5d,"manage operations, research, or logistics projects",4483,d8ed544e2272,2,0.7922383546829224,0.7922383546829224,3.247633695602417,0.1666666716337204,0.4285714328289032,0.8079665303230286,0
/home/jovyan/Joel_Pardo/AI4LABOUR/Mejoras/results_coursera/models/tsdae_coursera/google-bert/bert-base-uncased,A_semantic_only,173,49c0d2367c5d,"manage operations, research, or logistics projects",425,b06cd44db3d0,3,0.7832125425338745,0.7832125425338745,3.177462577819824,0.0,0.7142857313156128,0.0,0
/home/jovyan/Joel_Pardo/AI4LABOUR/Mejoras/results_coursera/models/tsdae_coursera/google-bert/bert-base-uncased,A_semantic_only,173,49c0d2367c5d,"manage operations, research, or logistics projects",4838,53dd4fb611bb,4,0.7425898313522339,0.7425898313522339,2.8616414070129395,0.0,0.5714285969734192,0.0,0
/home/jovyan/Joel_Pardo/AI4LABOUR/Mejoras/results_coursera/models/tsdae_coursera/google-bert/bert-base-uncased,A_semantic_only,173,49c0d2367c5d,"manage operations, research, or logistics projects",4845,537673b823b1,5,0.7394008040428162,0.7394008040428162,2.836848258972168,0.1666666716337204,0.4285714328289032,1.0,0
/home/jovyan/Joel_Pardo/AI4LABOUR/Mejoras/results_coursera/models/tsdae_coursera/google-bert/bert-base-uncased,A_semantic_only,173,49c0d2367c5d,"manage operations, research, or logistics projects",3425,71839a6aad3b,6,0.7380689382553101,0.7380689382553101,2.826493740081787,0.1428571492433548,0.7142857313156128,0.6083464622497559,0
/home/jovyan/Joel_Pardo/AI4LABOUR/Mejoras/results_coursera/models/tsdae_coursera/google-bert/bert-base-uncased,A_semantic_only,173,49c0d2367c5d,"manage operations, research, or logistics projects",2097,ab3e5c82d2d5,7,0.7254021167755127,0.7254021167755127,2.728015422821045,0.0,0.7142857313156128,0.0,0
/home/jovyan/Joel_Pardo/AI4LABOUR/Mejoras/results_coursera/models/tsdae_coursera/google-bert/bert-base-uncased,A_semantic_only,173,49c0d2367c5d,"manage operations, research, or logistics projects",217,92e79f28faab,8,0.7162036895751953,0.7162036895751953,2.6565022468566895,0.0,0.5714285969734192,0.0,0
/home/jovyan/Joel_Pardo/AI4LABOUR/Mejoras/results_coursera/models/tsdae_coursera/google-bert/bert-base-uncased,A_semantic_only,173,49c0d2367c5d,"manage operations, research, or logistics projects",4580,8ff3d17c8e2b,9,0.714759349822998,0.714759349822998,2.645273208618164,0.0,0.7142857313156128,0.0,0
/home/jovyan/Joel_Pardo/AI4LABOUR/Mejoras/results_coursera/models/tsdae_coursera/google-bert/bert-base-uncased,A_semantic_only,173,49c0d2367c5d,"manage operations, research, or logistics projects",3637,45cd002de650,10,0.7109545469284058,0.7109545469284058,2.6156928539276123,0.0,0.5714285969734192,0.0,0
/home/jovyan/Joel_Pardo/AI4LABOUR/Mejoras/results_coursera/models/tsdae_coursera/google-bert/bert-base-uncased,A_semantic_only,174,003763627ff4,evaluate environmental impact of operational or development activities,2300,754666b07e71,1,0.8190828561782837,0.8190828561782837,3.5401759147644043,0.07692307978868484,0.6428571343421936,0.3609563708305359,0
/home/jovyan/Joel_Pardo/AI4LABOUR/Mejoras/results_coursera/models/tsdae_coursera/google-bert/bert-base-uncased,A_semantic_only,174,003763627ff4,evaluate environmental impact of operational or development activities,4561,7dbb7909a0ac,2,0.7658933401107788,0.7658933401107788,3.162365674972534,0.0,0.6666666865348816,0.0,0
/home/jovyan/Joel_Pardo/AI4LABOUR/Mejoras/results_coursera/models/tsdae_coursera/google-bert/bert-base-uncased,A_semantic_only,174,003763627ff4,evaluate environmental impact of operational or development activities,4058,74fe0528c27f,3,0.764985203742981,0.764985203742981,3.1559150218963623,0.10000000149011612,0.6666666865348816,0.46834105253219604,0
/home/jovyan/Joel_Pardo/AI4LABOUR/Mejoras/results_coursera/models/tsdae_coursera/google-bert/bert-base-uncased,A_semantic_only,174,003763627ff4,evaluate environmental impact of operational or development activities,3780,5279f5c334f7,4,0.7591278553009033,0.7591278553009033,3.114309787750244,0.0,0.7777777910232544,0.0,0
/home/jovyan/Joel_Pardo/AI4LABOUR/Mejoras/results_coursera/models/tsdae_coursera/google-bert/bert-base-uncased,A_semantic_only,174,003763627ff4,evaluate environmental impact of operational or development activities,4106,7a6199e2dfd9,5,0.7544311285018921,0.7544311285018921,3.0809485912323,0.0,0.6000000238418579,0.0,0
/home/jovyan/Joel_Pardo/AI4LABOUR/Mejoras/results_coursera/models/tsdae_coursera/google-bert/bert-base-uncased,A_semantic_only,174,003763627ff4,evaluate environmental impact of operational or development activities,690,32402d5443a6,6,0.7502902746200562,0.7502902746200562,3.0515356063842773,0.0,0.6428571343421936,0.0,0
/home/jovyan/Joel_Pardo/AI4LABOUR/Mejoras/results_coursera/models/tsdae_coursera/google-bert/bert-base-uncased,A_semantic_only,174,003763627ff4,evaluate environmental impact of operational or development activities,4501,7e31f9e44f69,7,0.7489131689071655,0.7489131689071655,3.0417540073394775,0.09090909361839294,0.8999999761581421,0.32979583740234375,0
/home/jovyan/Joel_Pardo/AI4LABOUR/Mejoras/results_coursera/models/tsdae_coursera/google-bert/bert-base-uncased,A_semantic_only,174,003763627ff4,evaluate environmental impact of operational or development activities,3621,917bf810d271,8,0.747964084148407,0.747964084148407,3.0350124835968018,0.0,0.5555555820465088,0.0,0
/home/jovyan/Joel_Pardo/AI4LABOUR/Mejoras/results_coursera/models/tsdae_coursera/google-bert/bert-base-uncased,A_semantic_only,174,003763627ff4,evaluate environmental impact of operational or development activities,180,1984ba551855,9,0.7441361546516418,0.7441361546516418,3.007822275161743,0.0,0.5625,0.0,0
/home/jovyan/Joel_Pardo/AI4LABOUR/Mejoras/results_coursera/models/tsdae_coursera/google-bert/bert-base-uncased,A_semantic_only,174,003763627ff4,evaluate environmental impact of operational or development activities,688,675b456b5403,10,0.7415686845779419,0.7415686845779419,2.9895853996276855,0.0,0.529411792755127,0.09509720653295517,0
/home/jovyan/Joel_Pardo/AI4LABOUR/Mejoras/results_coursera/models/tsdae_coursera/google-bert/bert-base-uncased,A_semantic_only,175,825fff3275ff,develop sustainable organizational policies or practices,3586,f77f2bcecc27,1,0.8712034225463867,0.8712034225463867,3.1049885749816895,0.09090909361839294,0.875,0.46694111824035645,0
/home/jovyan/Joel_Pardo/AI4LABOUR/Mejoras/results_coursera/models/tsdae_coursera/google-bert/bert-base-uncased,A_semantic_only,175,825fff3275ff,develop sustainable organizational policies or practices,3751,f1ce5e300a4c,2,0.8580808639526367,0.8580808639526367,3.023226499557495,0.125,0.8571428656578064,0.5084000825881958,0
/home/jovyan/Joel_Pardo/AI4LABOUR/Mejoras/results_coursera/models/tsdae_coursera/google-bert/bert-base-uncased,A_semantic_only,175,825fff3275ff,develop sustainable organizational policies or practices,4103,cd45bf616f0e,3,0.8574786186218262,0.8574786186218262,3.0194740295410156,0.0,0.699999988079071,0.0,0
/home/jovyan/Joel_Pardo/AI4LABOUR/Mejoras/results_coursera/models/tsdae_coursera/google-bert/bert-base-uncased,A_semantic_only,175,825fff3275ff,develop sustainable organizational policies or practices,1711,48410a978891,4,0.8489598035812378,0.8489598035812378,2.9663963317871094,0.0,0.5833333134651184,0.0,0
/home/jovyan/Joel_Pardo/AI4LABOUR/Mejoras/results_coursera/models/tsdae_coursera/google-bert/bert-base-uncased,A_semantic_only,175,825fff3275ff,develop sustainable organizational policies or practices,2384,9f0afa80bca1,5,0.8354020118713379,0.8354020118713379,2.881922483444214,0.0,1.0,0.0,0
/home/jovyan/Joel_Pardo/AI4LABOUR/Mejoras/results_coursera/models/tsdae_coursera/google-bert/bert-base-uncased,A_semantic_only,175,825fff3275ff,develop sustainable organizational policies or practices,1712,0d23c5fd52ea,6,0.827684760093689,0.827684760093689,2.833839178085327,0.09090909361839294,0.6363636255264282,0.32805296778678894,0
/home/jovyan/Joel_Pardo/AI4LABOUR/Mejoras/results_coursera/models/tsdae_coursera/google-bert/bert-base-uncased,A_semantic_only,175,825fff3275ff,develop sustainable organizational policies or practices,3587,f687024e11a9,7,0.8249586224555969,0.8249586224555969,2.8168535232543945,0.0833333358168602,0.5833333134651184,0.3432075083255768,0
/home/jovyan/Joel_Pardo/AI4LABOUR/Mejoras/results_coursera/models/tsdae_coursera/google-bert/bert-base-uncased,A_semantic_only,175,825fff3275ff,develop sustainable organizational policies or practices,3562,1f7bad34c487,8,0.8197345733642578,0.8197345733642578,2.784304141998291,0.0,1.0,0.0,0
/home/jovyan/Joel_Pardo/AI4LABOUR/Mejoras/results_coursera/models/tsdae_coursera/google-bert/bert-base-uncased,A_semantic_only,175,825fff3275ff,develop sustainable organizational policies or practices,3590,9a31decf24c3,9,0.8174569606781006,0.8174569606781006,2.770113229751587,0.0,1.0,0.0,0
/home/jovyan/Joel_Pardo/AI4LABOUR/Mejoras/results_coursera/models/tsdae_coursera/google-bert/bert-base-uncased,A_semantic_only,175,825fff3275ff,develop sustainable organizational policies or practices,1713,be979f0acda4,10,0.8123249411582947,0.8123249411582947,2.7381374835968018,0.0,1.0,0.0,0
/home/jovyan/Joel_Pardo/AI4LABOUR/Mejoras/results_coursera/models/tsdae_coursera/google-bert/bert-base-uncased,A_semantic_only,176,62eda05f366c,identify opportunities for green initiatives,3750,4e46877e9689,1,0.8651095628738403,0.8651095628738403,3.4374847412109375,0.1428571492433548,1.0,0.6701500415802002,0
/home/jovyan/Joel_Pardo/AI4LABOUR/Mejoras/results_coursera/models/tsdae_coursera/google-bert/bert-base-uncased,A_semantic_only,176,62eda05f366c,identify opportunities for green initiatives,1339,4a3c695d29a2,2,0.8482752442359924,0.8482752442359924,3.332158327102661,0.0,0.5,0.0,0
/home/jovyan/Joel_Pardo/AI4LABOUR/Mejoras/results_coursera/models/tsdae_coursera/google-bert/bert-base-uncased,A_semantic_only,176,62eda05f366c,identify opportunities for green initiatives,4513,39c3797faf00,3,0.8454580307006836,0.8454580307006836,3.3145320415496826,0.0,0.6666666865348816,0.0,0
/home/jovyan/Joel_Pardo/AI4LABOUR/Mejoras/results_coursera/models/tsdae_coursera/google-bert/bert-base-uncased,A_semantic_only,176,62eda05f366c,identify opportunities for green initiatives,3749,d53499e514eb,4,0.8395665884017944,0.8395665884017944,3.2776713371276855,0.1428571492433548,1.0,0.6701500415802002,0
/home/jovyan/Joel_Pardo/AI4LABOUR/Mejoras/results_coursera/models/tsdae_coursera/google-bert/bert-base-uncased,A_semantic_only,176,62eda05f366c,identify opportunities for green initiatives,2360,56d6d4e01982,5,0.838546872138977,0.838546872138977,3.2712912559509277,0.0,0.6666666865348816,0.0,0
/home/jovyan/Joel_Pardo/AI4LABOUR/Mejoras/results_coursera/models/tsdae_coursera/google-bert/bert-base-uncased,A_semantic_only,176,62eda05f366c,identify opportunities for green initiatives,2320,b0009b60a70a,6,0.8360540866851807,0.8360540866851807,3.25569486618042,0.0,0.6666666865348816,0.0,0
/home/jovyan/Joel_Pardo/AI4LABOUR/Mejoras/results_coursera/models/tsdae_coursera/google-bert/bert-base-uncased,A_semantic_only,176,62eda05f366c,identify opportunities for green initiatives,1711,48410a978891,7,0.8280633091926575,0.8280633091926575,3.2056992053985596,0.09090909361839294,0.5,0.2921666204929352,0
/home/jovyan/Joel_Pardo/AI4LABOUR/Mejoras/results_coursera/models/tsdae_coursera/google-bert/bert-base-uncased,A_semantic_only,176,62eda05f366c,identify opportunities for green initiatives,2658,a55b33933d49,8,0.8239433765411377,0.8239433765411377,3.179922342300415,0.0,0.8333333134651184,0.0,0
/home/jovyan/Joel_Pardo/AI4LABOUR/Mejoras/results_coursera/models/tsdae_coursera/google-bert/bert-base-uncased,A_semantic_only,176,62eda05f366c,identify opportunities for green initiatives,3039,eb682bbd845f,9,0.8209136724472046,0.8209136724472046,3.160966396331787,0.03846153989434242,0.19354838132858276,0.22498102486133575,0
/home/jovyan/Joel_Pardo/AI4LABOUR/Mejoras/results_coursera/models/tsdae_coursera/google-bert/bert-base-uncased,A_semantic_only,176,62eda05f366c,identify opportunities for green initiatives,3601,54615e9d64aa,10,0.8167868852615356,0.8167868852615356,3.1351466178894043,0.0,0.6666666865348816,0.0,0
/home/jovyan/Joel_Pardo/AI4LABOUR/Mejoras/results_coursera/models/tsdae_coursera/google-bert/bert-base-uncased,A_semantic_only,177,ff18586218d4,estimate cost or material requirements,1649,bd1d85f33bd2,1,0.848739504814148,0.848739504814148,4.145357131958008,0.5,0.5,1.0,0
/home/jovyan/Joel_Pardo/AI4LABOUR/Mejoras/results_coursera/models/tsdae_coursera/google-bert/bert-base-uncased,A_semantic_only,177,ff18586218d4,estimate cost or material requirements,3410,bfd722d7fa43,2,0.761030375957489,0.761030375957489,3.452272415161133,0.0,0.8333333134651184,0.0,0
/home/jovyan/Joel_Pardo/AI4LABOUR/Mejoras/results_coursera/models/tsdae_coursera/google-bert/bert-base-uncased,A_semantic_only,177,ff18586218d4,estimate cost or material requirements,5134,29c1e14899e6,3,0.7374340295791626,0.7374340295791626,3.2658121585845947,0.1666666716337204,0.6666666865348816,0.3611430823802948,0
/home/jovyan/Joel_Pardo/AI4LABOUR/Mejoras/results_coursera/models/tsdae_coursera/google-bert/bert-base-uncased,A_semantic_only,177,ff18586218d4,estimate cost or material requirements,4561,7dbb7909a0ac,4,0.7356745004653931,0.7356745004653931,3.251908302307129,0.0,1.0,0.0,0
/home/jovyan/Joel_Pardo/AI4LABOUR/Mejoras/results_coursera/models/tsdae_coursera/google-bert/bert-base-uncased,A_semantic_only,177,ff18586218d4,estimate cost or material requirements,2926,747bfa9e8bfc,5,0.734369158744812,0.734369158744812,3.241593360900879,0.0,0.6666666865348816,0.0,0
/home/jovyan/Joel_Pardo/AI4LABOUR/Mejoras/results_coursera/models/tsdae_coursera/google-bert/bert-base-uncased,A_semantic_only,177,ff18586218d4,estimate cost or material requirements,1676,4abb63e41447,6,0.7229212522506714,0.7229212522506714,3.1511311531066895,0.0,0.6666666865348816,0.0,0
/home/jovyan/Joel_Pardo/AI4LABOUR/Mejoras/results_coursera/models/tsdae_coursera/google-bert/bert-base-uncased,A_semantic_only,177,ff18586218d4,estimate cost or material requirements,2093,bc30fde7977a,7,0.7206625938415527,0.7206625938415527,3.1332828998565674,0.1666666716337204,0.6666666865348816,0.41836708784103394,0
/home/jovyan/Joel_Pardo/AI4LABOUR/Mejoras/results_coursera/models/tsdae_coursera/google-bert/bert-base-uncased,A_semantic_only,177,ff18586218d4,estimate cost or material requirements,5053,de7b151e0afe,8,0.7178452610969543,0.7178452610969543,3.111020088195801,0.0,0.75,0.0,0
/home/jovyan/Joel_Pardo/AI4LABOUR/Mejoras/results_coursera/models/tsdae_coursera/google-bert/bert-base-uncased,A_semantic_only,177,ff18586218d4,estimate cost or material requirements,4562,f45fd7dd887f,9,0.7112651467323303,0.7112651467323303,3.05902361869812,0.0,1.0,0.0,0
/home/jovyan/Joel_Pardo/AI4LABOUR/Mejoras/results_coursera/models/tsdae_coursera/google-bert/bert-base-uncased,A_semantic_only,177,ff18586218d4,estimate cost or material requirements,4791,baded3c66d4d,10,0.7107314467430115,0.7107314467430115,3.0548062324523926,0.0,1.0,0.0,0
/home/jovyan/Joel_Pardo/AI4LABOUR/Mejoras/results_coursera/models/tsdae_coursera/google-bert/bert-base-uncased,A_semantic_only,178,78b65ab85b19,manage inventories of products or organizational resources,690,32402d5443a6,1,0.8187037706375122,0.8187037706375122,3.4158308506011963,0.0714285746216774,0.5714285969734192,0.4345157742500305,0
/home/jovyan/Joel_Pardo/AI4LABOUR/Mejoras/results_coursera/models/tsdae_coursera/google-bert/bert-base-uncased,A_semantic_only,178,78b65ab85b19,manage inventories of products or organizational resources,180,1984ba551855,2,0.7763137817382812,0.7763137817382812,3.1003012657165527,0.0,0.5,0.0,0
/home/jovyan/Joel_Pardo/AI4LABOUR/Mejoras/results_coursera/models/tsdae_coursera/google-bert/bert-base-uncased,A_semantic_only,178,78b65ab85b19,manage inventories of products or organizational resources,754,2af854050699,3,0.765990138053894,0.765990138053894,3.0234572887420654,0.0,0.75,0.0,0
/home/jovyan/Joel_Pardo/AI4LABOUR/Mejoras/results_coursera/models/tsdae_coursera/google-bert/bert-base-uncased,A_semantic_only,178,78b65ab85b19,manage inventories of products or organizational resources,2384,9f0afa80bca1,4,0.7629321217536926,0.7629321217536926,3.000694990158081,0.0,0.875,0.0,0
/home/jovyan/Joel_Pardo/AI4LABOUR/Mejoras/results_coursera/models/tsdae_coursera/google-bert/bert-base-uncased,A_semantic_only,178,78b65ab85b19,manage inventories of products or organizational resources,4791,baded3c66d4d,5,0.7627724409103394,0.7627724409103394,2.9995062351226807,0.0,0.75,0.0,0
/home/jovyan/Joel_Pardo/AI4LABOUR/Mejoras/results_coursera/models/tsdae_coursera/google-bert/bert-base-uncased,A_semantic_only,178,78b65ab85b19,manage inventories of products or organizational resources,2661,a40ee5969123,6,0.7619141936302185,0.7619141936302185,2.9931180477142334,0.0,0.625,0.0,0
/home/jovyan/Joel_Pardo/AI4LABOUR/Mejoras/results_coursera/models/tsdae_coursera/google-bert/bert-base-uncased,A_semantic_only,178,78b65ab85b19,manage inventories of products or organizational resources,3984,615b2ee6942c,7,0.7601029276847839,0.7601029276847839,2.979635715484619,0.0,0.625,0.0,0
/home/jovyan/Joel_Pardo/AI4LABOUR/Mejoras/results_coursera/models/tsdae_coursera/google-bert/bert-base-uncased,A_semantic_only,178,78b65ab85b19,manage inventories of products or organizational resources,425,b06cd44db3d0,8,0.7570863962173462,0.7570863962173462,2.9571821689605713,0.0,0.625,0.0,0
/home/jovyan/Joel_Pardo/AI4LABOUR/Mejoras/results_coursera/models/tsdae_coursera/google-bert/bert-base-uncased,A_semantic_only,178,78b65ab85b19,manage inventories of products or organizational resources,1863,6a901f9ab4b7,9,0.7569071650505066,0.7569071650505066,2.955848217010498,0.043478261679410934,0.3076923191547394,0.32363709807395935,0
/home/jovyan/Joel_Pardo/AI4LABOUR/Mejoras/results_coursera/models/tsdae_coursera/google-bert/bert-base-uncased,A_semantic_only,178,78b65ab85b19,manage inventories of products or organizational resources,4975,0181584577c0,10,0.7551854252815247,0.7551854252815247,2.9430325031280518,0.0,1.0,0.4193587899208069,0
/home/jovyan/Joel_Pardo/AI4LABOUR/Mejoras/results_coursera/models/tsdae_coursera/google-bert/bert-base-uncased,A_semantic_only,179,6a5f3442d709,monitor performance of organizational members or partners,5218,c440d73a48c6,1,0.8409473896026611,0.8409473896026611,3.2529964447021484,0.0,0.8888888955116272,0.0,0
/home/jovyan/Joel_Pardo/AI4LABOUR/Mejoras/results_coursera/models/tsdae_coursera/google-bert/bert-base-uncased,A_semantic_only,179,6a5f3442d709,monitor performance of organizational members or partners,2151,b2b7074805f7,2,0.8284727931022644,0.8284727931022644,3.1728296279907227,0.0,0.8888888955116272,0.0,0
/home/jovyan/Joel_Pardo/AI4LABOUR/Mejoras/results_coursera/models/tsdae_coursera/google-bert/bert-base-uncased,A_semantic_only,179,6a5f3442d709,monitor performance of organizational members or partners,3567,b9a61efec89c,3,0.8250662088394165,0.8250662088394165,3.150937557220459,0.10000000149011612,0.8888888955116272,0.3279384970664978,0
/home/jovyan/Joel_Pardo/AI4LABOUR/Mejoras/results_coursera/models/tsdae_coursera/google-bert/bert-base-uncased,A_semantic_only,179,6a5f3442d709,monitor performance of organizational members or partners,2384,9f0afa80bca1,4,0.8197850584983826,0.8197850584983826,3.1169986724853516,0.0,0.875,0.0,0
/home/jovyan/Joel_Pardo/AI4LABOUR/Mejoras/results_coursera/models/tsdae_coursera/google-bert/bert-base-uncased,A_semantic_only,179,6a5f3442d709,monitor performance of organizational members or partners,688,675b456b5403,5,0.808748722076416,0.808748722076416,3.046074628829956,0.0,0.47058823704719543,0.12149862200021744,0
/home/jovyan/Joel_Pardo/AI4LABOUR/Mejoras/results_coursera/models/tsdae_coursera/google-bert/bert-base-uncased,A_semantic_only,179,6a5f3442d709,monitor performance of organizational members or partners,3587,f687024e11a9,6,0.8045961856842041,0.8045961856842041,3.0193886756896973,0.0,0.6666666865348816,0.0,0
/home/jovyan/Joel_Pardo/AI4LABOUR/Mejoras/results_coursera/models/tsdae_coursera/google-bert/bert-base-uncased,A_semantic_only,179,6a5f3442d709,monitor performance of organizational members or partners,3596,12d4317a17e7,7,0.8027018904685974,0.8027018904685974,3.0072150230407715,0.0,0.625,0.0,0
/home/jovyan/Joel_Pardo/AI4LABOUR/Mejoras/results_coursera/models/tsdae_coursera/google-bert/bert-base-uncased,A_semantic_only,179,6a5f3442d709,monitor performance of organizational members or partners,4793,ecfb3bfe17da,8,0.8020131587982178,0.8020131587982178,3.00278902053833,0.0,0.75,0.0,0
/home/jovyan/Joel_Pardo/AI4LABOUR/Mejoras/results_coursera/models/tsdae_coursera/google-bert/bert-base-uncased,A_semantic_only,179,6a5f3442d709,monitor performance of organizational members or partners,1863,6a901f9ab4b7,9,0.7985308170318604,0.7985308170318604,2.980410099029541,0.0,0.3076923191547394,0.0839153304696083,0
/home/jovyan/Joel_Pardo/AI4LABOUR/Mejoras/results_coursera/models/tsdae_coursera/google-bert/bert-base-uncased,A_semantic_only,179,6a5f3442d709,monitor performance of organizational members or partners,3751,f1ce5e300a4c,10,0.7974884510040283,0.7974884510040283,2.9737114906311035,0.125,0.75,0.4539410173892975,0
/home/jovyan/Joel_Pardo/AI4LABOUR/Mejoras/results_coursera/models/tsdae_coursera/google-bert/bert-base-uncased,A_semantic_only,180,893bb3cbc01a,"evaluate potential of products, technologies, or resources",4501,7e31f9e44f69,1,0.8094041347503662,0.8094041347503662,3.7728829383850098,0.0,0.800000011920929,0.22809386253356934,0
/home/jovyan/Joel_Pardo/AI4LABOUR/Mejoras/results_coursera/models/tsdae_coursera/google-bert/bert-base-uncased,A_semantic_only,180,893bb3cbc01a,"evaluate potential of products, technologies, or resources",4561,7dbb7909a0ac,2,0.8049577474594116,0.8049577474594116,3.7376325130462646,0.0,0.75,0.0,0
/home/jovyan/Joel_Pardo/AI4LABOUR/Mejoras/results_coursera/models/tsdae_coursera/google-bert/bert-base-uncased,A_semantic_only,180,893bb3cbc01a,"evaluate potential of products, technologies, or resources",2382,2c9191489a0d,3,0.7925015091896057,0.7925015091896057,3.638880729675293,0.0,0.5333333611488342,0.0,0
/home/jovyan/Joel_Pardo/AI4LABOUR/Mejoras/results_coursera/models/tsdae_coursera/google-bert/bert-base-uncased,A_semantic_only,180,893bb3cbc01a,"evaluate potential of products, technologies, or resources",2300,754666b07e71,4,0.777841329574585,0.777841329574585,3.522656202316284,0.0833333358168602,0.5714285969734192,0.5641811490058899,0
/home/jovyan/Joel_Pardo/AI4LABOUR/Mejoras/results_coursera/models/tsdae_coursera/google-bert/bert-base-uncased,A_semantic_only,180,893bb3cbc01a,"evaluate potential of products, technologies, or resources",2301,6d7d5c1c49a4,5,0.7752658128738403,0.7752658128738403,3.5022377967834473,0.07692307978868484,0.6666666865348816,0.5930325388908386,0
/home/jovyan/Joel_Pardo/AI4LABOUR/Mejoras/results_coursera/models/tsdae_coursera/google-bert/bert-base-uncased,A_semantic_only,180,893bb3cbc01a,"evaluate potential of products, technologies, or resources",4990,a08b50631e6a,6,0.774665355682373,0.774665355682373,3.4974775314331055,0.07692307978868484,0.5333333611488342,0.32964569330215454,0
/home/jovyan/Joel_Pardo/AI4LABOUR/Mejoras/results_coursera/models/tsdae_coursera/google-bert/bert-base-uncased,A_semantic_only,180,893bb3cbc01a,"evaluate potential of products, technologies, or resources",2384,9f0afa80bca1,7,0.772765040397644,0.772765040397644,3.482412099838257,0.0,0.875,0.0,0
/home/jovyan/Joel_Pardo/AI4LABOUR/Mejoras/results_coursera/models/tsdae_coursera/google-bert/bert-base-uncased,A_semantic_only,180,893bb3cbc01a,"evaluate potential of products, technologies, or resources",4306,01c767aac2ad,8,0.7592614889144897,0.7592614889144897,3.3753573894500732,0.0,0.7272727489471436,0.0,0
/home/jovyan/Joel_Pardo/AI4LABOUR/Mejoras/results_coursera/models/tsdae_coursera/google-bert/bert-base-uncased,A_semantic_only,180,893bb3cbc01a,"evaluate potential of products, technologies, or resources",3621,917bf810d271,9,0.7522022724151611,0.7522022724151611,3.319392442703247,0.0,0.625,0.0,0
/home/jovyan/Joel_Pardo/AI4LABOUR/Mejoras/results_coursera/models/tsdae_coursera/google-bert/bert-base-uncased,A_semantic_only,180,893bb3cbc01a,"evaluate potential of products, technologies, or resources",4791,baded3c66d4d,10,0.7518520355224609,0.7518520355224609,3.3166158199310303,0.0,0.75,0.0,0
/home/jovyan/Joel_Pardo/AI4LABOUR/Mejoras/results_coursera/models/tsdae_coursera/google-bert/bert-base-uncased,A_semantic_only,181,49ccfbfcfc0a,analyze chemical compounds or substances,4159,85b33a7f44f2,1,0.7748111486434937,0.7748111486434937,4.520427227020264,0.0,0.2857142984867096,0.0,0
/home/jovyan/Joel_Pardo/AI4LABOUR/Mejoras/results_coursera/models/tsdae_coursera/google-bert/bert-base-uncased,A_semantic_only,181,49ccfbfcfc0a,analyze chemical compounds or substances,1822,39932b592d9d,2,0.7418830990791321,0.7418830990791321,4.200077056884766,0.0,0.3333333432674408,0.0,0
/home/jovyan/Joel_Pardo/AI4LABOUR/Mejoras/results_coursera/models/tsdae_coursera/google-bert/bert-base-uncased,A_semantic_only,181,49ccfbfcfc0a,analyze chemical compounds or substances,4158,6eb280a204d6,3,0.739544153213501,0.739544153213501,4.177321910858154,0.0,0.2857142984867096,0.0,0
/home/jovyan/Joel_Pardo/AI4LABOUR/Mejoras/results_coursera/models/tsdae_coursera/google-bert/bert-base-uncased,A_semantic_only,181,49ccfbfcfc0a,analyze chemical compounds or substances,3407,2ad419560ca0,4,0.7351193428039551,0.7351193428039551,4.134274005889893,0.0,1.0,0.0,0
/home/jovyan/Joel_Pardo/AI4LABOUR/Mejoras/results_coursera/models/tsdae_coursera/google-bert/bert-base-uncased,A_semantic_only,181,49ccfbfcfc0a,analyze chemical compounds or substances,3707,ae14f32b277d,5,0.718920886516571,0.718920886516571,3.976682424545288,0.125,0.75,0.4339267909526825,0
/home/jovyan/Joel_Pardo/AI4LABOUR/Mejoras/results_coursera/models/tsdae_coursera/google-bert/bert-base-uncased,A_semantic_only,181,49ccfbfcfc0a,analyze chemical compounds or substances,3304,ecdd6aedb4c3,6,0.7076514959335327,0.7076514959335327,3.867044687271118,0.0,0.6666666865348816,0.0,0
/home/jovyan/Joel_Pardo/AI4LABOUR/Mejoras/results_coursera/models/tsdae_coursera/google-bert/bert-base-uncased,A_semantic_only,181,49ccfbfcfc0a,analyze chemical compounds or substances,1337,284a65d8619b,7,0.70076984167099,0.70076984167099,3.8000946044921875,0.0,0.5,0.35341116786003113,0
/home/jovyan/Joel_Pardo/AI4LABOUR/Mejoras/results_coursera/models/tsdae_coursera/google-bert/bert-base-uncased,A_semantic_only,181,49ccfbfcfc0a,analyze chemical compounds or substances,4679,aa2e3ac253d9,8,0.6989117860794067,0.6989117860794067,3.782017946243286,0.0,0.4285714328289032,0.0,0
/home/jovyan/Joel_Pardo/AI4LABOUR/Mejoras/results_coursera/models/tsdae_coursera/google-bert/bert-base-uncased,A_semantic_only,181,49ccfbfcfc0a,analyze chemical compounds or substances,2951,14b0ec412e5c,9,0.6871901154518127,0.6871901154518127,3.667980194091797,0.0,0.5,0.0,0
/home/jovyan/Joel_Pardo/AI4LABOUR/Mejoras/results_coursera/models/tsdae_coursera/google-bert/bert-base-uncased,A_semantic_only,181,49ccfbfcfc0a,analyze chemical compounds or substances,4503,8c63b2397fed,10,0.6639963984489441,0.6639963984489441,3.442333221435547,0.0,0.8333333134651184,0.0,0
/home/jovyan/Joel_Pardo/AI4LABOUR/Mejoras/results_coursera/models/tsdae_coursera/google-bert/bert-base-uncased,A_semantic_only,182,8729852fc4b8,develop new or advanced products or production methods,4501,7e31f9e44f69,1,0.7748870849609375,0.7748870849609375,4.091949462890625,0.0,0.8999999761581421,0.0,0
/home/jovyan/Joel_Pardo/AI4LABOUR/Mejoras/results_coursera/models/tsdae_coursera/google-bert/bert-base-uncased,A_semantic_only,182,8729852fc4b8,develop new or advanced products or production methods,4415,859f5dcf8041,2,0.7614860534667969,0.7614860534667969,3.9678003787994385,0.0,0.692307710647583,0.0,0
/home/jovyan/Joel_Pardo/AI4LABOUR/Mejoras/results_coursera/models/tsdae_coursera/google-bert/bert-base-uncased,A_semantic_only,182,8729852fc4b8,develop new or advanced products or production methods,2951,14b0ec412e5c,3,0.7569764852523804,0.7569764852523804,3.926023006439209,0.0,0.75,0.0,0
/home/jovyan/Joel_Pardo/AI4LABOUR/Mejoras/results_coursera/models/tsdae_coursera/google-bert/bert-base-uncased,A_semantic_only,182,8729852fc4b8,develop new or advanced products or production methods,3378,d2e5330ba975,4,0.7506051063537598,0.7506051063537598,3.866997480392456,0.0,0.6428571343421936,0.0,0
/home/jovyan/Joel_Pardo/AI4LABOUR/Mejoras/results_coursera/models/tsdae_coursera/google-bert/bert-base-uncased,A_semantic_only,182,8729852fc4b8,develop new or advanced products or production methods,4679,aa2e3ac253d9,5,0.749599039554596,0.749599039554596,3.8576772212982178,0.0,0.6428571343421936,0.0,0
/home/jovyan/Joel_Pardo/AI4LABOUR/Mejoras/results_coursera/models/tsdae_coursera/google-bert/bert-base-uncased,A_semantic_only,182,8729852fc4b8,develop new or advanced products or production methods,75,eccdaab2ae71,6,0.7366265654563904,0.7366265654563904,3.7374980449676514,0.125,0.4444444477558136,0.5837141871452332,0
/home/jovyan/Joel_Pardo/AI4LABOUR/Mejoras/results_coursera/models/tsdae_coursera/google-bert/bert-base-uncased,A_semantic_only,182,8729852fc4b8,develop new or advanced products or production methods,4499,a7b7131295ef,7,0.7122160196304321,0.7122160196304321,3.511354923248291,0.0,0.4444444477558136,0.0,0
/home/jovyan/Joel_Pardo/AI4LABOUR/Mejoras/results_coursera/models/tsdae_coursera/google-bert/bert-base-uncased,A_semantic_only,182,8729852fc4b8,develop new or advanced products or production methods,1337,284a65d8619b,8,0.7019697427749634,0.7019697427749634,3.4164319038391113,0.0,0.75,0.2908209562301636,0
/home/jovyan/Joel_Pardo/AI4LABOUR/Mejoras/results_coursera/models/tsdae_coursera/google-bert/bert-base-uncased,A_semantic_only,182,8729852fc4b8,develop new or advanced products or production methods,3303,8dee13915ca0,9,0.701229453086853,0.701229453086853,3.409573793411255,0.10000000149011612,0.8888888955116272,0.33394089341163635,0
/home/jovyan/Joel_Pardo/AI4LABOUR/Mejoras/results_coursera/models/tsdae_coursera/google-bert/bert-base-uncased,A_semantic_only,182,8729852fc4b8,develop new or advanced products or production methods,989,4ec4f7a20f54,10,0.6946399211883545,0.6946399211883545,3.348527193069458,0.0,0.5555555820465088,0.0,0
/home/jovyan/Joel_Pardo/AI4LABOUR/Mejoras/results_coursera/models/tsdae_coursera/google-bert/bert-base-uncased,A_semantic_only,183,ff9c96c6d776,collaborate on research activities with scientists or technical specialists,4501,7e31f9e44f69,1,0.8465356230735779,0.8465356230735779,5.022204399108887,0.09090909361839294,1.0,0.3245082199573517,0
/home/jovyan/Joel_Pardo/AI4LABOUR/Mejoras/results_coursera/models/tsdae_coursera/google-bert/bert-base-uncased,A_semantic_only,183,ff9c96c6d776,collaborate on research activities with scientists or technical specialists,3780,5279f5c334f7,2,0.7731159925460815,0.7731159925460815,4.365850925445557,0.1111111119389534,0.699999988079071,0.42094412446022034,0
/home/jovyan/Joel_Pardo/AI4LABOUR/Mejoras/results_coursera/models/tsdae_coursera/google-bert/bert-base-uncased,A_semantic_only,183,ff9c96c6d776,collaborate on research activities with scientists or technical specialists,3782,0d6b3a3f8dee,3,0.773085355758667,0.773085355758667,4.36557674407959,0.1111111119389534,0.8999999761581421,0.7235434055328369,0
/home/jovyan/Joel_Pardo/AI4LABOUR/Mejoras/results_coursera/models/tsdae_coursera/google-bert/bert-base-uncased,A_semantic_only,183,ff9c96c6d776,collaborate on research activities with scientists or technical specialists,3781,22b12fb7265d,4,0.7541905641555786,0.7541905641555786,4.196661949157715,0.125,0.5,0.524944543838501,0
/home/jovyan/Joel_Pardo/AI4LABOUR/Mejoras/results_coursera/models/tsdae_coursera/google-bert/bert-base-uncased,A_semantic_only,183,ff9c96c6d776,collaborate on research activities with scientists or technical specialists,4044,32a696162ad2,5,0.7393847703933716,0.7393847703933716,4.06430196762085,0.0,0.6000000238418579,0.0,0
/home/jovyan/Joel_Pardo/AI4LABOUR/Mejoras/results_coursera/models/tsdae_coursera/google-bert/bert-base-uncased,A_semantic_only,183,ff9c96c6d776,collaborate on research activities with scientists or technical specialists,3378,d2e5330ba975,6,0.7336480617523193,0.7336480617523193,4.013017177581787,0.0,0.7142857313156128,0.0,0
/home/jovyan/Joel_Pardo/AI4LABOUR/Mejoras/results_coursera/models/tsdae_coursera/google-bert/bert-base-uncased,A_semantic_only,183,ff9c96c6d776,collaborate on research activities with scientists or technical specialists,4561,7dbb7909a0ac,7,0.7028309106826782,0.7028309106826782,3.7375195026397705,0.1111111119389534,0.6000000238418579,0.5899524688720703,0
/home/jovyan/Joel_Pardo/AI4LABOUR/Mejoras/results_coursera/models/tsdae_coursera/google-bert/bert-base-uncased,A_semantic_only,183,ff9c96c6d776,collaborate on research activities with scientists or technical specialists,4453,d9ea7797e0d6,8,0.6994849443435669,0.6994849443435669,3.7076075077056885,0.09090909361839294,1.0,0.723854124546051,0
/home/jovyan/Joel_Pardo/AI4LABOUR/Mejoras/results_coursera/models/tsdae_coursera/google-bert/bert-base-uncased,A_semantic_only,183,ff9c96c6d776,collaborate on research activities with scientists or technical specialists,3040,34bec64bf262,9,0.6982901692390442,0.6982901692390442,3.6969265937805176,0.0,0.2702702581882477,0.0,0
/home/jovyan/Joel_Pardo/AI4LABOUR/Mejoras/results_coursera/models/tsdae_coursera/google-bert/bert-base-uncased,A_semantic_only,183,ff9c96c6d776,collaborate on research activities with scientists or technical specialists,2951,14b0ec412e5c,10,0.6945067644119263,0.6945067644119263,3.6631038188934326,0.0,0.8333333134651184,0.0,0
/home/jovyan/Joel_Pardo/AI4LABOUR/Mejoras/results_coursera/models/tsdae_coursera/google-bert/bert-base-uncased,A_semantic_only,184,389dd43f303d,supervise scientific or technical personnel,4501,7e31f9e44f69,1,0.7146697640419006,0.7146697640419006,3.76861572265625,0.0,0.6000000238418579,0.0,0
/home/jovyan/Joel_Pardo/AI4LABOUR/Mejoras/results_coursera/models/tsdae_coursera/google-bert/bert-base-uncased,A_semantic_only,184,389dd43f303d,supervise scientific or technical personnel,3378,d2e5330ba975,2,0.6848007440567017,0.6848007440567017,3.50225830078125,0.0,0.4285714328289032,0.0,0
/home/jovyan/Joel_Pardo/AI4LABOUR/Mejoras/results_coursera/models/tsdae_coursera/google-bert/bert-base-uncased,A_semantic_only,184,389dd43f303d,supervise scientific or technical personnel,1607,6544768291be,3,0.6838266849517822,0.6838266849517822,3.493572235107422,0.20000000298023224,0.5,0.7223473191261292,0
/home/jovyan/Joel_Pardo/AI4LABOUR/Mejoras/results_coursera/models/tsdae_coursera/google-bert/bert-base-uncased,A_semantic_only,184,389dd43f303d,supervise scientific or technical personnel,3780,5279f5c334f7,4,0.6639754772186279,0.6639754772186279,3.3165485858917236,0.0,0.8571428656578064,0.0,0
/home/jovyan/Joel_Pardo/AI4LABOUR/Mejoras/results_coursera/models/tsdae_coursera/google-bert/bert-base-uncased,A_semantic_only,184,389dd43f303d,supervise scientific or technical personnel,3782,0d6b3a3f8dee,5,0.660082221031189,0.660082221031189,3.2818305492401123,0.0,0.6666666865348816,0.0,0
/home/jovyan/Joel_Pardo/AI4LABOUR/Mejoras/results_coursera/models/tsdae_coursera/google-bert/bert-base-uncased,A_semantic_only,184,389dd43f303d,supervise scientific or technical personnel,2899,02494e9ed104,6,0.6566451787948608,0.6566451787948608,3.251180648803711,0.1666666716337204,0.6666666865348816,0.6205371618270874,0
/home/jovyan/Joel_Pardo/AI4LABOUR/Mejoras/results_coursera/models/tsdae_coursera/google-bert/bert-base-uncased,A_semantic_only,184,389dd43f303d,supervise scientific or technical personnel,3056,4b76c705aa42,7,0.6465981602668762,0.6465981602668762,3.161586284637451,0.0,0.75,0.0,0
/home/jovyan/Joel_Pardo/AI4LABOUR/Mejoras/results_coursera/models/tsdae_coursera/google-bert/bert-base-uncased,A_semantic_only,184,389dd43f303d,supervise scientific or technical personnel,4453,d9ea7797e0d6,8,0.6454373598098755,0.6454373598098755,3.1512346267700195,0.1111111119389534,0.6000000238418579,0.3362140953540802,0
/home/jovyan/Joel_Pardo/AI4LABOUR/Mejoras/results_coursera/models/tsdae_coursera/google-bert/bert-base-uncased,A_semantic_only,184,389dd43f303d,supervise scientific or technical personnel,3213,e73f40d83ac6,9,0.6446613669395447,0.6446613669395447,3.144314765930176,0.09090909361839294,0.5,0.2916678190231323,0
/home/jovyan/Joel_Pardo/AI4LABOUR/Mejoras/results_coursera/models/tsdae_coursera/google-bert/bert-base-uncased,A_semantic_only,184,389dd43f303d,supervise scientific or technical personnel,2112,49e1b35b16b4,10,0.643971860408783,0.643971860408783,3.1381661891937256,0.0,1.0,0.0,0
/home/jovyan/Joel_Pardo/AI4LABOUR/Mejoras/results_coursera/models/tsdae_coursera/google-bert/bert-base-uncased,A_semantic_only,185,7b03e0901b8c,"establish standards for products, processes, or procedures",2661,a40ee5969123,1,0.7576618194580078,0.7576618194580078,3.5780739784240723,0.1428571492433548,0.625,0.6441680192947388,0
/home/jovyan/Joel_Pardo/AI4LABOUR/Mejoras/results_coursera/models/tsdae_coursera/google-bert/bert-base-uncased,A_semantic_only,185,7b03e0901b8c,"establish standards for products, processes, or procedures",181,6e0262463c46,2,0.7386065721511841,0.7386065721511841,3.4077794551849365,0.09090909361839294,0.8888888955116272,0.5039290189743042,0
/home/jovyan/Joel_Pardo/AI4LABOUR/Mejoras/results_coursera/models/tsdae_coursera/google-bert/bert-base-uncased,A_semantic_only,185,7b03e0901b8c,"establish standards for products, processes, or procedures",4501,7e31f9e44f69,3,0.7328637838363647,0.7328637838363647,3.356456756591797,0.0,0.800000011920929,0.0,0
/home/jovyan/Joel_Pardo/AI4LABOUR/Mejoras/results_coursera/models/tsdae_coursera/google-bert/bert-base-uncased,A_semantic_only,185,7b03e0901b8c,"establish standards for products, processes, or procedures",3816,d4dcc2b4ce0a,4,0.7271202802658081,0.7271202802658081,3.3051276206970215,0.0,0.875,0.0,0
/home/jovyan/Joel_Pardo/AI4LABOUR/Mejoras/results_coursera/models/tsdae_coursera/google-bert/bert-base-uncased,A_semantic_only,185,7b03e0901b8c,"establish standards for products, processes, or procedures",3621,917bf810d271,5,0.7151432633399963,0.7151432633399963,3.1980903148651123,0.0,0.625,0.0,0
/home/jovyan/Joel_Pardo/AI4LABOUR/Mejoras/results_coursera/models/tsdae_coursera/google-bert/bert-base-uncased,A_semantic_only,185,7b03e0901b8c,"establish standards for products, processes, or procedures",3378,d2e5330ba975,6,0.7082645893096924,0.7082645893096924,3.1366164684295654,0.0,0.5714285969734192,0.1975034773349762,0
/home/jovyan/Joel_Pardo/AI4LABOUR/Mejoras/results_coursera/models/tsdae_coursera/google-bert/bert-base-uncased,A_semantic_only,185,7b03e0901b8c,"establish standards for products, processes, or procedures",754,2af854050699,7,0.7038187384605408,0.7038187384605408,3.096884250640869,0.125,0.75,0.9445692896842957,0
/home/jovyan/Joel_Pardo/AI4LABOUR/Mejoras/results_coursera/models/tsdae_coursera/google-bert/bert-base-uncased,A_semantic_only,185,7b03e0901b8c,"establish standards for products, processes, or procedures",4791,baded3c66d4d,8,0.7033554315567017,0.7033554315567017,3.0927438735961914,0.0,0.75,0.37122753262519836,0
/home/jovyan/Joel_Pardo/AI4LABOUR/Mejoras/results_coursera/models/tsdae_coursera/google-bert/bert-base-uncased,A_semantic_only,185,7b03e0901b8c,"establish standards for products, processes, or procedures",3213,e73f40d83ac6,9,0.7005549073219299,0.7005549073219299,3.067715883255005,0.0,0.6666666865348816,0.0,0
/home/jovyan/Joel_Pardo/AI4LABOUR/Mejoras/results_coursera/models/tsdae_coursera/google-bert/bert-base-uncased,A_semantic_only,185,7b03e0901b8c,"establish standards for products, processes, or procedures",180,1984ba551855,10,0.6998637914657593,0.6998637914657593,3.0615394115448,0.0,0.5,0.0,0
/home/jovyan/Joel_Pardo/AI4LABOUR/Mejoras/results_coursera/models/tsdae_coursera/google-bert/bert-base-uncased,A_semantic_only,186,4c7ceb754866,prepare scientific or technical reports or presentations,3782,0d6b3a3f8dee,1,0.7260804772377014,0.7260804772377014,3.8563222885131836,0.0,0.8888888955116272,0.0,0
/home/jovyan/Joel_Pardo/AI4LABOUR/Mejoras/results_coursera/models/tsdae_coursera/google-bert/bert-base-uncased,A_semantic_only,186,4c7ceb754866,prepare scientific or technical reports or presentations,4502,98c2bfc7d4aa,2,0.7213836908340454,0.7213836908340454,3.810228109359741,0.0,0.8888888955116272,0.0,0
/home/jovyan/Joel_Pardo/AI4LABOUR/Mejoras/results_coursera/models/tsdae_coursera/google-bert/bert-base-uncased,A_semantic_only,186,4c7ceb754866,prepare scientific or technical reports or presentations,4501,7e31f9e44f69,3,0.7093396782875061,0.7093396782875061,3.692028284072876,0.0,0.800000011920929,0.0,0
/home/jovyan/Joel_Pardo/AI4LABOUR/Mejoras/results_coursera/models/tsdae_coursera/google-bert/bert-base-uncased,A_semantic_only,186,4c7ceb754866,prepare scientific or technical reports or presentations,3337,77c74b3d95ae,4,0.7065246105194092,0.7065246105194092,3.6644012928009033,0.1428571492433548,0.625,0.701620876789093,0
/home/jovyan/Joel_Pardo/AI4LABOUR/Mejoras/results_coursera/models/tsdae_coursera/google-bert/bert-base-uncased,A_semantic_only,186,4c7ceb754866,prepare scientific or technical reports or presentations,3780,5279f5c334f7,5,0.7040162086486816,0.7040162086486816,3.6397838592529297,0.0,0.875,0.0,0
/home/jovyan/Joel_Pardo/AI4LABOUR/Mejoras/results_coursera/models/tsdae_coursera/google-bert/bert-base-uncased,A_semantic_only,186,4c7ceb754866,prepare scientific or technical reports or presentations,3213,e73f40d83ac6,6,0.6867954730987549,0.6867954730987549,3.4707798957824707,0.0833333358168602,0.6666666865348816,0.28991463780403137,0
/home/jovyan/Joel_Pardo/AI4LABOUR/Mejoras/results_coursera/models/tsdae_coursera/google-bert/bert-base-uncased,A_semantic_only,186,4c7ceb754866,prepare scientific or technical reports or presentations,4561,7dbb7909a0ac,7,0.6864122748374939,0.6864122748374939,3.4670193195343018,0.125,0.75,0.48117130994796753,0
/home/jovyan/Joel_Pardo/AI4LABOUR/Mejoras/results_coursera/models/tsdae_coursera/google-bert/bert-base-uncased,A_semantic_only,186,4c7ceb754866,prepare scientific or technical reports or presentations,2582,0be93a9a20bc,8,0.6769911050796509,0.6769911050796509,3.3745598793029785,0.0,0.625,0.0,0
/home/jovyan/Joel_Pardo/AI4LABOUR/Mejoras/results_coursera/models/tsdae_coursera/google-bert/bert-base-uncased,A_semantic_only,186,4c7ceb754866,prepare scientific or technical reports or presentations,3378,d2e5330ba975,9,0.6747979521751404,0.6747979521751404,3.353036403656006,0.0,0.5714285969734192,0.0,0
/home/jovyan/Joel_Pardo/AI4LABOUR/Mejoras/results_coursera/models/tsdae_coursera/google-bert/bert-base-uncased,A_semantic_only,186,4c7ceb754866,prepare scientific or technical reports or presentations,3781,22b12fb7265d,10,0.673795223236084,0.673795223236084,3.343195676803589,0.0,0.625,0.0,0
/home/jovyan/Joel_Pardo/AI4LABOUR/Mejoras/results_coursera/models/tsdae_coursera/google-bert/bert-base-uncased,A_semantic_only,187,02b0fa193387,research methods to improve food products,2626,d7c46c558d85,1,0.7810711860656738,0.7810711860656738,3.560371160507202,0.125,0.8571428656578064,0.5982770323753357,0
/home/jovyan/Joel_Pardo/AI4LABOUR/Mejoras/results_coursera/models/tsdae_coursera/google-bert/bert-base-uncased,A_semantic_only,187,02b0fa193387,research methods to improve food products,2951,14b0ec412e5c,2,0.7525227069854736,0.7525227069854736,3.3056328296661377,0.0,0.5833333134651184,0.13718315958976746,0
/home/jovyan/Joel_Pardo/AI4LABOUR/Mejoras/results_coursera/models/tsdae_coursera/google-bert/bert-base-uncased,A_semantic_only,187,02b0fa193387,research methods to improve food products,4679,aa2e3ac253d9,3,0.7450937628746033,0.7450937628746033,3.239344358444214,0.0,0.5,0.12113369256258011,0
/home/jovyan/Joel_Pardo/AI4LABOUR/Mejoras/results_coursera/models/tsdae_coursera/google-bert/bert-base-uncased,A_semantic_only,187,02b0fa193387,research methods to improve food products,4499,a7b7131295ef,4,0.7415835857391357,0.7415835857391357,3.2080230712890625,0.1428571492433548,0.5714285969734192,0.3886166512966156,0
/home/jovyan/Joel_Pardo/AI4LABOUR/Mejoras/results_coursera/models/tsdae_coursera/google-bert/bert-base-uncased,A_semantic_only,187,02b0fa193387,research methods to improve food products,3303,8dee13915ca0,5,0.7385136485099792,0.7385136485099792,3.1806299686431885,0.1111111119389534,0.875,0.3008362650871277,0
/home/jovyan/Joel_Pardo/AI4LABOUR/Mejoras/results_coursera/models/tsdae_coursera/google-bert/bert-base-uncased,A_semantic_only,187,02b0fa193387,research methods to improve food products,2505,706a8c419d43,6,0.736270546913147,0.736270546913147,3.1606147289276123,0.0,0.5714285969734192,0.0,0
/home/jovyan/Joel_Pardo/AI4LABOUR/Mejoras/results_coursera/models/tsdae_coursera/google-bert/bert-base-uncased,A_semantic_only,187,02b0fa193387,research methods to improve food products,3378,d2e5330ba975,7,0.7340631484985352,0.7340631484985352,3.140918016433716,0.0,0.5,0.0,0
/home/jovyan/Joel_Pardo/AI4LABOUR/Mejoras/results_coursera/models/tsdae_coursera/google-bert/bert-base-uncased,A_semantic_only,187,02b0fa193387,research methods to improve food products,1109,d5ec45b1f73d,8,0.7318471074104309,0.7318471074104309,3.1211442947387695,0.0,0.5,0.12113369256258011,0
/home/jovyan/Joel_Pardo/AI4LABOUR/Mejoras/results_coursera/models/tsdae_coursera/google-bert/bert-base-uncased,A_semantic_only,187,02b0fa193387,research methods to improve food products,4415,859f5dcf8041,9,0.7305476665496826,0.7305476665496826,3.1095495223999023,0.0,0.5384615659713745,0.0,0
/home/jovyan/Joel_Pardo/AI4LABOUR/Mejoras/results_coursera/models/tsdae_coursera/google-bert/bert-base-uncased,A_semantic_only,187,02b0fa193387,research methods to improve food products,4501,7e31f9e44f69,10,0.7243340015411377,0.7243340015411377,3.054104804992676,0.10000000149011612,0.699999988079071,0.21055692434310913,0
/home/jovyan/Joel_Pardo/AI4LABOUR/Mejoras/results_coursera/models/tsdae_coursera/google-bert/bert-base-uncased,A_semantic_only,188,be19a52818cf,prepare compounds or solutions for products or testing,1822,39932b592d9d,1,0.7818664312362671,0.7818664312362671,4.075865745544434,0.0625,0.5,0.37654897570610046,0
/home/jovyan/Joel_Pardo/AI4LABOUR/Mejoras/results_coursera/models/tsdae_coursera/google-bert/bert-base-uncased,A_semantic_only,188,be19a52818cf,prepare compounds or solutions for products or testing,1337,284a65d8619b,2,0.758140504360199,0.758140504360199,3.8707540035247803,0.0,0.75,0.6064549088478088,0
/home/jovyan/Joel_Pardo/AI4LABOUR/Mejoras/results_coursera/models/tsdae_coursera/google-bert/bert-base-uncased,A_semantic_only,188,be19a52818cf,prepare compounds or solutions for products or testing,3056,4b76c705aa42,3,0.7548165917396545,0.7548165917396545,3.8420186042785645,0.0,0.8888888955116272,0.0,0
/home/jovyan/Joel_Pardo/AI4LABOUR/Mejoras/results_coursera/models/tsdae_coursera/google-bert/bert-base-uncased,A_semantic_only,188,be19a52818cf,prepare compounds or solutions for products or testing,4679,aa2e3ac253d9,4,0.7408139705657959,0.7408139705657959,3.720965623855591,0.0,0.6428571343421936,0.1975034773349762,0
/home/jovyan/Joel_Pardo/AI4LABOUR/Mejoras/results_coursera/models/tsdae_coursera/google-bert/bert-base-uncased,A_semantic_only,188,be19a52818cf,prepare compounds or solutions for products or testing,4415,859f5dcf8041,5,0.7367267608642578,0.7367267608642578,3.685631513595581,0.0,0.692307710647583,0.20977455377578735,0
/home/jovyan/Joel_Pardo/AI4LABOUR/Mejoras/results_coursera/models/tsdae_coursera/google-bert/bert-base-uncased,A_semantic_only,188,be19a52818cf,prepare compounds or solutions for products or testing,4159,85b33a7f44f2,6,0.7360482215881348,0.7360482215881348,3.679765462875366,0.0,0.4285714328289032,0.14012552797794342,0
/home/jovyan/Joel_Pardo/AI4LABOUR/Mejoras/results_coursera/models/tsdae_coursera/google-bert/bert-base-uncased,A_semantic_only,188,be19a52818cf,prepare compounds or solutions for products or testing,4501,7e31f9e44f69,7,0.7322333455085754,0.7322333455085754,3.6467857360839844,0.0,0.8999999761581421,0.0,0
/home/jovyan/Joel_Pardo/AI4LABOUR/Mejoras/results_coursera/models/tsdae_coursera/google-bert/bert-base-uncased,A_semantic_only,188,be19a52818cf,prepare compounds or solutions for products or testing,4158,6eb280a204d6,8,0.7322142720222473,0.7322142720222473,3.646620750427246,0.0,0.4285714328289032,0.14012552797794342,0
/home/jovyan/Joel_Pardo/AI4LABOUR/Mejoras/results_coursera/models/tsdae_coursera/google-bert/bert-base-uncased,A_semantic_only,188,be19a52818cf,prepare compounds or solutions for products or testing,2951,14b0ec412e5c,9,0.7313868999481201,0.7313868999481201,3.639468193054199,0.0,0.75,0.22367146611213684,0
/home/jovyan/Joel_Pardo/AI4LABOUR/Mejoras/results_coursera/models/tsdae_coursera/google-bert/bert-base-uncased,A_semantic_only,188,be19a52818cf,prepare compounds or solutions for products or testing,3303,8dee13915ca0,10,0.7244551181793213,0.7244551181793213,3.579542636871338,0.0,0.8888888955116272,0.30430981516838074,0
/home/jovyan/Joel_Pardo/AI4LABOUR/Mejoras/results_coursera/models/tsdae_coursera/google-bert/bert-base-uncased,A_semantic_only,189,a49d5a99c1d7,maintain laboratory or technical equipment,937,43b6a406ef58,1,0.7414295077323914,0.7414295077323914,3.925506353378296,0.0,0.8333333134651184,0.0,0
/home/jovyan/Joel_Pardo/AI4LABOUR/Mejoras/results_coursera/models/tsdae_coursera/google-bert/bert-base-uncased,A_semantic_only,189,a49d5a99c1d7,maintain laboratory or technical equipment,4501,7e31f9e44f69,2,0.7245268821716309,0.7245268821716309,3.7779593467712402,0.0,0.6000000238418579,0.0,0
/home/jovyan/Joel_Pardo/AI4LABOUR/Mejoras/results_coursera/models/tsdae_coursera/google-bert/bert-base-uncased,A_semantic_only,189,a49d5a99c1d7,maintain laboratory or technical equipment,3056,4b76c705aa42,3,0.7118648886680603,0.7118648886680603,3.6674296855926514,0.0,0.75,0.0,0
/home/jovyan/Joel_Pardo/AI4LABOUR/Mejoras/results_coursera/models/tsdae_coursera/google-bert/bert-base-uncased,A_semantic_only,189,a49d5a99c1d7,maintain laboratory or technical equipment,1607,6544768291be,4,0.6963280439376831,0.6963280439376831,3.5318050384521484,0.20000000298023224,0.5,0.8408612012863159,0
/home/jovyan/Joel_Pardo/AI4LABOUR/Mejoras/results_coursera/models/tsdae_coursera/google-bert/bert-base-uncased,A_semantic_only,189,a49d5a99c1d7,maintain laboratory or technical equipment,1268,41400dedd9f3,5,0.6953520774841309,0.6953520774841309,3.5232856273651123,0.0,0.6666666865348816,0.0,0
/home/jovyan/Joel_Pardo/AI4LABOUR/Mejoras/results_coursera/models/tsdae_coursera/google-bert/bert-base-uncased,A_semantic_only,189,a49d5a99c1d7,maintain laboratory or technical equipment,2235,373b347cdc67,6,0.6940564513206482,0.6940564513206482,3.5119757652282715,0.0,0.8333333134651184,0.0,0
/home/jovyan/Joel_Pardo/AI4LABOUR/Mejoras/results_coursera/models/tsdae_coursera/google-bert/bert-base-uncased,A_semantic_only,189,a49d5a99c1d7,maintain laboratory or technical equipment,1822,39932b592d9d,7,0.6910262107849121,0.6910262107849121,3.4855239391326904,0.0,0.3333333432674408,0.0,0
/home/jovyan/Joel_Pardo/AI4LABOUR/Mejoras/results_coursera/models/tsdae_coursera/google-bert/bert-base-uncased,A_semantic_only,189,a49d5a99c1d7,maintain laboratory or technical equipment,3304,ecdd6aedb4c3,8,0.6779959797859192,0.6779959797859192,3.3717801570892334,0.0,0.6666666865348816,0.0,0
/home/jovyan/Joel_Pardo/AI4LABOUR/Mejoras/results_coursera/models/tsdae_coursera/google-bert/bert-base-uncased,A_semantic_only,189,a49d5a99c1d7,maintain laboratory or technical equipment,3407,2ad419560ca0,9,0.6760669946670532,0.6760669946670532,3.3549413681030273,0.0,1.0,0.0,0
/home/jovyan/Joel_Pardo/AI4LABOUR/Mejoras/results_coursera/models/tsdae_coursera/google-bert/bert-base-uncased,A_semantic_only,189,a49d5a99c1d7,maintain laboratory or technical equipment,2581,40cb7c84e4c0,10,0.6728293895721436,0.6728293895721436,3.3266797065734863,0.0,0.5,0.0,0
/home/jovyan/Joel_Pardo/AI4LABOUR/Mejoras/results_coursera/models/tsdae_coursera/google-bert/bert-base-uncased,A_semantic_only,190,c2a2570c95d4,test quality of materials or finished products,1822,39932b592d9d,1,0.7661658525466919,0.7661658525466919,4.170581340789795,0.0,0.4444444477558136,0.12278847396373749,0
/home/jovyan/Joel_Pardo/AI4LABOUR/Mejoras/results_coursera/models/tsdae_coursera/google-bert/bert-base-uncased,A_semantic_only,190,c2a2570c95d4,test quality of materials or finished products,989,4ec4f7a20f54,2,0.7459415197372437,0.7459415197372437,3.9919986724853516,0.1428571492433548,0.625,0.5973789691925049,0
/home/jovyan/Joel_Pardo/AI4LABOUR/Mejoras/results_coursera/models/tsdae_coursera/google-bert/bert-base-uncased,A_semantic_only,190,c2a2570c95d4,test quality of materials or finished products,1268,41400dedd9f3,3,0.740955114364624,0.740955114364624,3.9479682445526123,0.0,0.5,0.0,0
/home/jovyan/Joel_Pardo/AI4LABOUR/Mejoras/results_coursera/models/tsdae_coursera/google-bert/bert-base-uncased,A_semantic_only,190,c2a2570c95d4,test quality of materials or finished products,4679,aa2e3ac253d9,4,0.7051020860671997,0.7051020860671997,3.631383180618286,0.0,0.5714285969734192,0.15151925384998322,0
/home/jovyan/Joel_Pardo/AI4LABOUR/Mejoras/results_coursera/models/tsdae_coursera/google-bert/bert-base-uncased,A_semantic_only,190,c2a2570c95d4,test quality of materials or finished products,3407,2ad419560ca0,5,0.6998244524002075,0.6998244524002075,3.5847814083099365,0.125,0.75,0.531697154045105,0
/home/jovyan/Joel_Pardo/AI4LABOUR/Mejoras/results_coursera/models/tsdae_coursera/google-bert/bert-base-uncased,A_semantic_only,190,c2a2570c95d4,test quality of materials or finished products,3056,4b76c705aa42,6,0.6976507306098938,0.6976507306098938,3.565587282180786,0.1111111119389534,1.0,0.40602052211761475,0
/home/jovyan/Joel_Pardo/AI4LABOUR/Mejoras/results_coursera/models/tsdae_coursera/google-bert/bert-base-uncased,A_semantic_only,190,c2a2570c95d4,test quality of materials or finished products,937,43b6a406ef58,7,0.6938883066177368,0.6938883066177368,3.5323646068573,0.0,0.625,0.0,0
/home/jovyan/Joel_Pardo/AI4LABOUR/Mejoras/results_coursera/models/tsdae_coursera/google-bert/bert-base-uncased,A_semantic_only,190,c2a2570c95d4,test quality of materials or finished products,3303,8dee13915ca0,8,0.6937950849533081,0.6937950849533081,3.531541585922241,0.0,1.0,0.0,0
/home/jovyan/Joel_Pardo/AI4LABOUR/Mejoras/results_coursera/models/tsdae_coursera/google-bert/bert-base-uncased,A_semantic_only,190,c2a2570c95d4,test quality of materials or finished products,2235,373b347cdc67,9,0.6879791617393494,0.6879791617393494,3.4801864624023438,0.0,0.625,0.3199770748615265,0
/home/jovyan/Joel_Pardo/AI4LABOUR/Mejoras/results_coursera/models/tsdae_coursera/google-bert/bert-base-uncased,A_semantic_only,190,c2a2570c95d4,test quality of materials or finished products,3410,bfd722d7fa43,10,0.6810065507888794,0.6810065507888794,3.4186177253723145,0.125,0.625,0.5973789691925049,0
/home/jovyan/Joel_Pardo/AI4LABOUR/Mejoras/results_coursera/models/tsdae_coursera/google-bert/bert-base-uncased,A_semantic_only,191,a9be4c9c15a1,monitor operational procedures in technical environments to ensure conformance to standards,181,6e0262463c46,1,0.7643963694572449,0.7643963694572449,3.2606093883514404,0.0714285746216774,0.75,0.6526874303817749,0
/home/jovyan/Joel_Pardo/AI4LABOUR/Mejoras/results_coursera/models/tsdae_coursera/google-bert/bert-base-uncased,A_semantic_only,191,a9be4c9c15a1,monitor operational procedures in technical environments to ensure conformance to standards,4793,ecfb3bfe17da,2,0.7639113068580627,0.7639113068580627,3.256849527359009,0.0,0.5,0.0,0
/home/jovyan/Joel_Pardo/AI4LABOUR/Mejoras/results_coursera/models/tsdae_coursera/google-bert/bert-base-uncased,A_semantic_only,191,a9be4c9c15a1,monitor operational procedures in technical environments to ensure conformance to standards,3816,d4dcc2b4ce0a,3,0.7592869400978088,0.7592869400978088,3.2210042476654053,0.0,0.5833333134651184,0.0,0
/home/jovyan/Joel_Pardo/AI4LABOUR/Mejoras/results_coursera/models/tsdae_coursera/google-bert/bert-base-uncased,A_semantic_only,191,a9be4c9c15a1,monitor operational procedures in technical environments to ensure conformance to standards,3213,e73f40d83ac6,4,0.7525595426559448,0.7525595426559448,3.1688578128814697,0.06666667014360428,1.0,0.5787304639816284,0
/home/jovyan/Joel_Pardo/AI4LABOUR/Mejoras/results_coursera/models/tsdae_coursera/google-bert/bert-base-uncased,A_semantic_only,191,a9be4c9c15a1,monitor operational procedures in technical environments to ensure conformance to standards,4454,bfc3dbee3d73,5,0.7358615398406982,0.7358615398406982,3.0394253730773926,0.0625,0.800000011920929,0.4898386001586914,0
/home/jovyan/Joel_Pardo/AI4LABOUR/Mejoras/results_coursera/models/tsdae_coursera/google-bert/bert-base-uncased,A_semantic_only,191,a9be4c9c15a1,monitor operational procedures in technical environments to ensure conformance to standards,4450,58319ec211bf,6,0.7354735732078552,0.7354735732078552,3.0364179611206055,0.0,0.5833333134651184,0.0,0
/home/jovyan/Joel_Pardo/AI4LABOUR/Mejoras/results_coursera/models/tsdae_coursera/google-bert/bert-base-uncased,A_semantic_only,191,a9be4c9c15a1,monitor operational procedures in technical environments to ensure conformance to standards,4501,7e31f9e44f69,7,0.7334407567977905,0.7334407567977905,3.020660877227783,0.0,0.8333333134651184,0.0,0
/home/jovyan/Joel_Pardo/AI4LABOUR/Mejoras/results_coursera/models/tsdae_coursera/google-bert/bert-base-uncased,A_semantic_only,191,a9be4c9c15a1,monitor operational procedures in technical environments to ensure conformance to standards,3378,d2e5330ba975,8,0.7328500151634216,0.7328500151634216,3.0160818099975586,0.0,0.8571428656578064,0.1791113168001175,0
/home/jovyan/Joel_Pardo/AI4LABOUR/Mejoras/results_coursera/models/tsdae_coursera/google-bert/bert-base-uncased,A_semantic_only,191,a9be4c9c15a1,monitor operational procedures in technical environments to ensure conformance to standards,180,1984ba551855,9,0.7296667098999023,0.7296667098999023,2.9914069175720215,0.0,0.75,0.23544445633888245,0
/home/jovyan/Joel_Pardo/AI4LABOUR/Mejoras/results_coursera/models/tsdae_coursera/google-bert/bert-base-uncased,A_semantic_only,191,a9be4c9c15a1,monitor operational procedures in technical environments to ensure conformance to standards,4058,74fe0528c27f,10,0.7217649817466736,0.7217649817466736,2.9301576614379883,0.0833333358168602,0.5,0.6006578207015991,0
/home/jovyan/Joel_Pardo/AI4LABOUR/Mejoras/results_coursera/models/tsdae_coursera/google-bert/bert-base-uncased,A_semantic_only,192,8562bf3caec4,manage scientific or technical project resources,4501,7e31f9e44f69,1,0.8120763897895813,0.8120763897895813,4.113093376159668,0.10000000149011612,0.699999988079071,0.38432878255844116,0
/home/jovyan/Joel_Pardo/AI4LABOUR/Mejoras/results_coursera/models/tsdae_coursera/google-bert/bert-base-uncased,A_semantic_only,192,8562bf3caec4,manage scientific or technical project resources,4561,7dbb7909a0ac,2,0.7902622818946838,0.7902622818946838,3.9235763549804688,0.125,0.8571428656578064,0.5163626670837402,0
/home/jovyan/Joel_Pardo/AI4LABOUR/Mejoras/results_coursera/models/tsdae_coursera/google-bert/bert-base-uncased,A_semantic_only,192,8562bf3caec4,manage scientific or technical project resources,3780,5279f5c334f7,3,0.7503992319107056,0.7503992319107056,3.577253580093384,0.0,1.0,0.0,0
/home/jovyan/Joel_Pardo/AI4LABOUR/Mejoras/results_coursera/models/tsdae_coursera/google-bert/bert-base-uncased,A_semantic_only,192,8562bf3caec4,manage scientific or technical project resources,4791,baded3c66d4d,4,0.7458579540252686,0.7458579540252686,3.537799596786499,0.0,0.8571428656578064,0.0,0
/home/jovyan/Joel_Pardo/AI4LABOUR/Mejoras/results_coursera/models/tsdae_coursera/google-bert/bert-base-uncased,A_semantic_only,192,8562bf3caec4,manage scientific or technical project resources,1607,6544768291be,5,0.7252118587493896,0.7252118587493896,3.3584301471710205,0.1666666716337204,0.4285714328289032,0.7705180644989014,0
/home/jovyan/Joel_Pardo/AI4LABOUR/Mejoras/results_coursera/models/tsdae_coursera/google-bert/bert-base-uncased,A_semantic_only,192,8562bf3caec4,manage scientific or technical project resources,3621,917bf810d271,6,0.7183206081390381,0.7183206081390381,3.29856014251709,0.0,0.7142857313156128,0.0,0
/home/jovyan/Joel_Pardo/AI4LABOUR/Mejoras/results_coursera/models/tsdae_coursera/google-bert/bert-base-uncased,A_semantic_only,192,8562bf3caec4,manage scientific or technical project resources,1950,26eeaf26a09d,7,0.717400312423706,0.717400312423706,3.290564775466919,0.10000000149011612,0.875,0.36764317750930786,0
/home/jovyan/Joel_Pardo/AI4LABOUR/Mejoras/results_coursera/models/tsdae_coursera/google-bert/bert-base-uncased,A_semantic_only,192,8562bf3caec4,manage scientific or technical project resources,180,1984ba551855,8,0.7149770855903625,0.7149770855903625,3.269512176513672,0.0,0.4375,0.0,0
/home/jovyan/Joel_Pardo/AI4LABOUR/Mejoras/results_coursera/models/tsdae_coursera/google-bert/bert-base-uncased,A_semantic_only,192,8562bf3caec4,manage scientific or technical project resources,4070,b6622ed71abb,9,0.7133289575576782,0.7133289575576782,3.2551937103271484,0.0,1.0,0.0,0
/home/jovyan/Joel_Pardo/AI4LABOUR/Mejoras/results_coursera/models/tsdae_coursera/google-bert/bert-base-uncased,A_semantic_only,192,8562bf3caec4,manage scientific or technical project resources,3782,0d6b3a3f8dee,10,0.7124271392822266,0.7124271392822266,3.247358798980713,0.0,0.7777777910232544,0.0,0
/home/jovyan/Joel_Pardo/AI4LABOUR/Mejoras/results_coursera/models/tsdae_coursera/google-bert/bert-base-uncased,A_semantic_only,193,adb21e5e1a03,inspect condition or functioning of facilities or equipment,3056,4b76c705aa42,1,0.7033383846282959,0.7033383846282959,4.0574951171875,0.0,0.8888888955116272,0.0,0
/home/jovyan/Joel_Pardo/AI4LABOUR/Mejoras/results_coursera/models/tsdae_coursera/google-bert/bert-base-uncased,A_semantic_only,193,adb21e5e1a03,inspect condition or functioning of facilities or equipment,937,43b6a406ef58,2,0.6991323232650757,0.6991323232650757,4.018911361694336,0.0,0.5555555820465088,0.0,0
/home/jovyan/Joel_Pardo/AI4LABOUR/Mejoras/results_coursera/models/tsdae_coursera/google-bert/bert-base-uncased,A_semantic_only,193,adb21e5e1a03,inspect condition or functioning of facilities or equipment,3816,d4dcc2b4ce0a,3,0.6662310361862183,0.6662310361862183,3.7170963287353516,0.0,0.7777777910232544,0.0,0
/home/jovyan/Joel_Pardo/AI4LABOUR/Mejoras/results_coursera/models/tsdae_coursera/google-bert/bert-base-uncased,A_semantic_only,193,adb21e5e1a03,inspect condition or functioning of facilities or equipment,4501,7e31f9e44f69,4,0.6403597593307495,0.6403597593307495,3.4797701835632324,0.0,0.8999999761581421,0.21786773204803467,0
/home/jovyan/Joel_Pardo/AI4LABOUR/Mejoras/results_coursera/models/tsdae_coursera/google-bert/bert-base-uncased,A_semantic_only,193,adb21e5e1a03,inspect condition or functioning of facilities or equipment,690,32402d5443a6,5,0.6208685636520386,0.6208685636520386,3.3009707927703857,0.0,0.6428571343421936,0.0,0
/home/jovyan/Joel_Pardo/AI4LABOUR/Mejoras/results_coursera/models/tsdae_coursera/google-bert/bert-base-uncased,A_semantic_only,193,adb21e5e1a03,inspect condition or functioning of facilities or equipment,4793,ecfb3bfe17da,6,0.6094465255737305,0.6094465255737305,3.196192502975464,0.0,0.6666666865348816,0.0,0
/home/jovyan/Joel_Pardo/AI4LABOUR/Mejoras/results_coursera/models/tsdae_coursera/google-bert/bert-base-uncased,A_semantic_only,193,adb21e5e1a03,inspect condition or functioning of facilities or equipment,943,74651aa1038d,7,0.6078388690948486,0.6078388690948486,3.1814448833465576,0.0,1.0,0.23588070273399353,0
/home/jovyan/Joel_Pardo/AI4LABOUR/Mejoras/results_coursera/models/tsdae_coursera/google-bert/bert-base-uncased,A_semantic_only,193,adb21e5e1a03,inspect condition or functioning of facilities or equipment,4571,0c985ebf7e52,8,0.6047831177711487,0.6047831177711487,3.1534135341644287,0.0,0.2222222238779068,0.0,0
/home/jovyan/Joel_Pardo/AI4LABOUR/Mejoras/results_coursera/models/tsdae_coursera/google-bert/bert-base-uncased,A_semantic_only,193,adb21e5e1a03,inspect condition or functioning of facilities or equipment,1822,39932b592d9d,9,0.6031389832496643,0.6031389832496643,3.138331174850464,0.0,0.5,0.1352444440126419,0
/home/jovyan/Joel_Pardo/AI4LABOUR/Mejoras/results_coursera/models/tsdae_coursera/google-bert/bert-base-uncased,A_semantic_only,193,adb21e5e1a03,inspect condition or functioning of facilities or equipment,2925,cf624f3920fa,10,0.602078378200531,0.602078378200531,3.1286020278930664,0.0,0.4444444477558136,0.40210992097854614,0
/home/jovyan/Joel_Pardo/AI4LABOUR/Mejoras/results_coursera/models/tsdae_coursera/google-bert/bert-base-uncased,A_semantic_only,194,094e12b11051,review details of technical drawings or specifications,3056,4b76c705aa42,1,0.7175197601318359,0.7175197601318359,3.843873977661133,0.0,1.0,0.0,0
/home/jovyan/Joel_Pardo/AI4LABOUR/Mejoras/results_coursera/models/tsdae_coursera/google-bert/bert-base-uncased,A_semantic_only,194,094e12b11051,review details of technical drawings or specifications,4828,0207b591a5d5,2,0.7068618535995483,0.7068618535995483,3.7524890899658203,0.0,0.375,0.0,0
/home/jovyan/Joel_Pardo/AI4LABOUR/Mejoras/results_coursera/models/tsdae_coursera/google-bert/bert-base-uncased,A_semantic_only,194,094e12b11051,review details of technical drawings or specifications,4558,7b0342e1d11a,3,0.7045794725418091,0.7045794725418091,3.732919216156006,0.1111111119389534,0.75,0.5163626670837402,0
/home/jovyan/Joel_Pardo/AI4LABOUR/Mejoras/results_coursera/models/tsdae_coursera/google-bert/bert-base-uncased,A_semantic_only,194,094e12b11051,review details of technical drawings or specifications,3782,0d6b3a3f8dee,4,0.6999766826629639,0.6999766826629639,3.693453311920166,0.0,0.8888888955116272,0.21614785492420197,0
/home/jovyan/Joel_Pardo/AI4LABOUR/Mejoras/results_coursera/models/tsdae_coursera/google-bert/bert-base-uncased,A_semantic_only,194,094e12b11051,review details of technical drawings or specifications,3816,d4dcc2b4ce0a,5,0.6945173740386963,0.6945173740386963,3.6466431617736816,0.0,0.875,0.0,0
/home/jovyan/Joel_Pardo/AI4LABOUR/Mejoras/results_coursera/models/tsdae_coursera/google-bert/bert-base-uncased,A_semantic_only,194,094e12b11051,review details of technical drawings or specifications,3378,d2e5330ba975,6,0.6729795336723328,0.6729795336723328,3.4619698524475098,0.0,0.5714285969734192,0.1529283970594406,0
/home/jovyan/Joel_Pardo/AI4LABOUR/Mejoras/results_coursera/models/tsdae_coursera/google-bert/bert-base-uncased,A_semantic_only,194,094e12b11051,review details of technical drawings or specifications,1786,c538af615e86,7,0.6719496250152588,0.6719496250152588,3.453139066696167,0.0,0.375,0.0,0
/home/jovyan/Joel_Pardo/AI4LABOUR/Mejoras/results_coursera/models/tsdae_coursera/google-bert/bert-base-uncased,A_semantic_only,194,094e12b11051,review details of technical drawings or specifications,4501,7e31f9e44f69,8,0.665564775466919,0.665564775466919,3.398393154144287,0.0,0.800000011920929,0.19964176416397095,0
/home/jovyan/Joel_Pardo/AI4LABOUR/Mejoras/results_coursera/models/tsdae_coursera/google-bert/bert-base-uncased,A_semantic_only,194,094e12b11051,review details of technical drawings or specifications,4895,d9ed0b19f811,9,0.6654139757156372,0.6654139757156372,3.3971002101898193,0.0,0.375,0.0,0
/home/jovyan/Joel_Pardo/AI4LABOUR/Mejoras/results_coursera/models/tsdae_coursera/google-bert/bert-base-uncased,A_semantic_only,194,094e12b11051,review details of technical drawings or specifications,4453,d9ea7797e0d6,10,0.6617377996444702,0.6617377996444702,3.365579128265381,0.10000000149011612,0.800000011920929,0.3586350083351135,0
/home/jovyan/Joel_Pardo/AI4LABOUR/Mejoras/results_coursera/models/tsdae_coursera/google-bert/bert-base-uncased,A_semantic_only,195,6b483cafcca2,evaluate new technologies or methods,4501,7e31f9e44f69,1,0.8238145112991333,0.8238145112991333,3.9576334953308105,0.0,0.6000000238418579,0.0,0
/home/jovyan/Joel_Pardo/AI4LABOUR/Mejoras/results_coursera/models/tsdae_coursera/google-bert/bert-base-uncased,A_semantic_only,195,6b483cafcca2,evaluate new technologies or methods,3378,d2e5330ba975,2,0.7864760160446167,0.7864760160446167,3.6327431201934814,0.0,0.4285714328289032,0.0,0
/home/jovyan/Joel_Pardo/AI4LABOUR/Mejoras/results_coursera/models/tsdae_coursera/google-bert/bert-base-uncased,A_semantic_only,195,6b483cafcca2,evaluate new technologies or methods,4499,a7b7131295ef,3,0.7833885550498962,0.7833885550498962,3.6058785915374756,0.0,0.6666666865348816,0.0,0
/home/jovyan/Joel_Pardo/AI4LABOUR/Mejoras/results_coursera/models/tsdae_coursera/google-bert/bert-base-uncased,A_semantic_only,195,6b483cafcca2,evaluate new technologies or methods,2301,6d7d5c1c49a4,4,0.7808550596237183,0.7808550596237183,3.583833932876587,0.0833333358168602,0.5,0.39138588309288025,0
/home/jovyan/Joel_Pardo/AI4LABOUR/Mejoras/results_coursera/models/tsdae_coursera/google-bert/bert-base-uncased,A_semantic_only,195,6b483cafcca2,evaluate new technologies or methods,5151,5522b0cf362d,5,0.7700133919715881,0.7700133919715881,3.4894983768463135,0.0,0.8571428656578064,0.0,0
/home/jovyan/Joel_Pardo/AI4LABOUR/Mejoras/results_coursera/models/tsdae_coursera/google-bert/bert-base-uncased,A_semantic_only,195,6b483cafcca2,evaluate new technologies or methods,4415,859f5dcf8041,6,0.7598289847373962,0.7598289847373962,3.400881767272949,0.0,0.4615384638309479,0.0,0
/home/jovyan/Joel_Pardo/AI4LABOUR/Mejoras/results_coursera/models/tsdae_coursera/google-bert/bert-base-uncased,A_semantic_only,195,6b483cafcca2,evaluate new technologies or methods,3041,d58419ba221e,7,0.7511245608329773,0.7511245608329773,3.3251426219940186,0.03999999910593033,0.1875,0.1451784372329712,0
/home/jovyan/Joel_Pardo/AI4LABOUR/Mejoras/results_coursera/models/tsdae_coursera/google-bert/bert-base-uncased,A_semantic_only,195,6b483cafcca2,evaluate new technologies or methods,4282,b462239f8295,8,0.7429608106613159,0.7429608106613159,3.254108190536499,0.1428571492433548,1.0,0.62618088722229,0
/home/jovyan/Joel_Pardo/AI4LABOUR/Mejoras/results_coursera/models/tsdae_coursera/google-bert/bert-base-uncased,A_semantic_only,195,6b483cafcca2,evaluate new technologies or methods,2951,14b0ec412e5c,9,0.7425998449325562,0.7425998449325562,3.250967264175415,0.0,0.5,0.0,0
/home/jovyan/Joel_Pardo/AI4LABOUR/Mejoras/results_coursera/models/tsdae_coursera/google-bert/bert-base-uncased,A_semantic_only,195,6b483cafcca2,evaluate new technologies or methods,3780,5279f5c334f7,10,0.7400611639022827,0.7400611639022827,3.228877544403076,0.0,0.8571428656578064,0.0,0
/home/jovyan/Joel_Pardo/AI4LABOUR/Mejoras/results_coursera/models/tsdae_coursera/google-bert/bert-base-uncased,A_semantic_only,196,0f2541e582f8,review documents or materials for compliance with policies or regulations,3213,e73f40d83ac6,1,0.7037423849105835,0.7037423849105835,3.4720284938812256,0.0,0.9166666865348816,0.0,0
/home/jovyan/Joel_Pardo/AI4LABOUR/Mejoras/results_coursera/models/tsdae_coursera/google-bert/bert-base-uncased,A_semantic_only,196,0f2541e582f8,review documents or materials for compliance with policies or regulations,3816,d4dcc2b4ce0a,2,0.700594425201416,0.700594425201416,3.4446969032287598,0.0,0.6363636255264282,0.0,0
/home/jovyan/Joel_Pardo/AI4LABOUR/Mejoras/results_coursera/models/tsdae_coursera/google-bert/bert-base-uncased,A_semantic_only,196,0f2541e582f8,review documents or materials for compliance with policies or regulations,181,6e0262463c46,3,0.6920648813247681,0.6920648813247681,3.370640277862549,0.0,0.8181818127632141,0.0,0
/home/jovyan/Joel_Pardo/AI4LABOUR/Mejoras/results_coursera/models/tsdae_coursera/google-bert/bert-base-uncased,A_semantic_only,196,0f2541e582f8,review documents or materials for compliance with policies or regulations,3401,ee6929dafa83,4,0.6907476782798767,0.6907476782798767,3.359203815460205,0.1666666716337204,0.1818181872367859,1.0,0
/home/jovyan/Joel_Pardo/AI4LABOUR/Mejoras/results_coursera/models/tsdae_coursera/google-bert/bert-base-uncased,A_semantic_only,196,0f2541e582f8,review documents or materials for compliance with policies or regulations,144,c5c6e125b314,5,0.6860368251800537,0.6860368251800537,3.318302631378174,0.0,0.36666667461395264,0.09093515574932098,0
/home/jovyan/Joel_Pardo/AI4LABOUR/Mejoras/results_coursera/models/tsdae_coursera/google-bert/bert-base-uncased,A_semantic_only,196,0f2541e582f8,review documents or materials for compliance with policies or regulations,2975,8479908ec09d,6,0.6852144002914429,0.6852144002914429,3.311161994934082,0.0,0.5789473652839661,0.0,0
/home/jovyan/Joel_Pardo/AI4LABOUR/Mejoras/results_coursera/models/tsdae_coursera/google-bert/bert-base-uncased,A_semantic_only,196,0f2541e582f8,review documents or materials for compliance with policies or regulations,690,32402d5443a6,7,0.6816948652267456,0.6816948652267456,3.280604124069214,0.0,0.7857142686843872,0.0,0
/home/jovyan/Joel_Pardo/AI4LABOUR/Mejoras/results_coursera/models/tsdae_coursera/google-bert/bert-base-uncased,A_semantic_only,196,0f2541e582f8,review documents or materials for compliance with policies or regulations,688,675b456b5403,8,0.6800432205200195,0.6800432205200195,3.266263961791992,0.0,0.6470588445663452,0.0,0
/home/jovyan/Joel_Pardo/AI4LABOUR/Mejoras/results_coursera/models/tsdae_coursera/google-bert/bert-base-uncased,A_semantic_only,196,0f2541e582f8,review documents or materials for compliance with policies or regulations,2407,0d2971916a07,9,0.6782302260398865,0.6782302260398865,3.2505228519439697,0.0,0.4545454680919647,0.0,0
/home/jovyan/Joel_Pardo/AI4LABOUR/Mejoras/results_coursera/models/tsdae_coursera/google-bert/bert-base-uncased,A_semantic_only,196,0f2541e582f8,review documents or materials for compliance with policies or regulations,4502,98c2bfc7d4aa,10,0.678024172782898,0.678024172782898,3.2487337589263916,0.0,0.8181818127632141,0.2488211691379547,0
/home/jovyan/Joel_Pardo/AI4LABOUR/Mejoras/results_coursera/models/tsdae_coursera/google-bert/bert-base-uncased,A_semantic_only,197,3a46124701c0,monitor facilities or operational systems,937,43b6a406ef58,1,0.7341272830963135,0.7341272830963135,3.529625177383423,0.0,0.8333333134651184,0.0,0
/home/jovyan/Joel_Pardo/AI4LABOUR/Mejoras/results_coursera/models/tsdae_coursera/google-bert/bert-base-uncased,A_semantic_only,197,3a46124701c0,monitor facilities or operational systems,1676,4abb63e41447,2,0.7306413650512695,0.7306413650512695,3.5004031658172607,0.0,0.6666666865348816,0.0,0
/home/jovyan/Joel_Pardo/AI4LABOUR/Mejoras/results_coursera/models/tsdae_coursera/google-bert/bert-base-uncased,A_semantic_only,197,3a46124701c0,monitor facilities or operational systems,943,74651aa1038d,3,0.7286714315414429,0.7286714315414429,3.483889579772949,0.0,0.6666666865348816,0.0,0
/home/jovyan/Joel_Pardo/AI4LABOUR/Mejoras/results_coursera/models/tsdae_coursera/google-bert/bert-base-uncased,A_semantic_only,197,3a46124701c0,monitor facilities or operational systems,3981,c3c0e3736c09,4,0.7247424125671387,0.7247424125671387,3.450953245162964,0.0,0.5,0.0,0
/home/jovyan/Joel_Pardo/AI4LABOUR/Mejoras/results_coursera/models/tsdae_coursera/google-bert/bert-base-uncased,A_semantic_only,197,3a46124701c0,monitor facilities or operational systems,2661,a40ee5969123,5,0.6854813694953918,0.6854813694953918,3.1218345165252686,0.0,0.8333333134651184,0.0,0
/home/jovyan/Joel_Pardo/AI4LABOUR/Mejoras/results_coursera/models/tsdae_coursera/google-bert/bert-base-uncased,A_semantic_only,197,3a46124701c0,monitor facilities or operational systems,1675,8335d26464b5,6,0.6821414828300476,0.6821414828300476,3.093836784362793,0.0,0.8333333134651184,0.0,0
/home/jovyan/Joel_Pardo/AI4LABOUR/Mejoras/results_coursera/models/tsdae_coursera/google-bert/bert-base-uncased,A_semantic_only,197,3a46124701c0,monitor facilities or operational systems,4722,24baac04910a,7,0.6816936731338501,0.6816936731338501,3.090082883834839,0.0,0.6666666865348816,0.0,0
/home/jovyan/Joel_Pardo/AI4LABOUR/Mejoras/results_coursera/models/tsdae_coursera/google-bert/bert-base-uncased,A_semantic_only,197,3a46124701c0,monitor facilities or operational systems,3816,d4dcc2b4ce0a,8,0.6815195083618164,0.6815195083618164,3.088622808456421,0.1111111119389534,0.8571428656578064,0.3293631970882416,0
/home/jovyan/Joel_Pardo/AI4LABOUR/Mejoras/results_coursera/models/tsdae_coursera/google-bert/bert-base-uncased,A_semantic_only,197,3a46124701c0,monitor facilities or operational systems,472,f09f0bf4e953,9,0.6756411194801331,0.6756411194801331,3.0393452644348145,0.0,0.5,0.0,0
/home/jovyan/Joel_Pardo/AI4LABOUR/Mejoras/results_coursera/models/tsdae_coursera/google-bert/bert-base-uncased,A_semantic_only,197,3a46124701c0,monitor facilities or operational systems,4590,5d45850c5baa,10,0.6737650632858276,0.6737650632858276,3.023618698120117,0.0,0.5,0.0,0
/home/jovyan/Joel_Pardo/AI4LABOUR/Mejoras/results_coursera/models/tsdae_coursera/google-bert/bert-base-uncased,A_semantic_only,198,edb3d68bc36f,advise customers on technical or procedural issues,1675,8335d26464b5,1,0.7494426965713501,0.7494426965713501,2.9993631839752197,0.0,0.625,0.0,0
/home/jovyan/Joel_Pardo/AI4LABOUR/Mejoras/results_coursera/models/tsdae_coursera/google-bert/bert-base-uncased,A_semantic_only,198,edb3d68bc36f,advise customers on technical or procedural issues,4793,ecfb3bfe17da,2,0.7365514039993286,0.7365514039993286,2.89851450920105,0.0,0.75,0.0,0
/home/jovyan/Joel_Pardo/AI4LABOUR/Mejoras/results_coursera/models/tsdae_coursera/google-bert/bert-base-uncased,A_semantic_only,198,edb3d68bc36f,advise customers on technical or procedural issues,4834,1d8e86f4a956,3,0.7322298288345337,0.7322298288345337,2.864706516265869,0.0,0.5,0.0,0
/home/jovyan/Joel_Pardo/AI4LABOUR/Mejoras/results_coursera/models/tsdae_coursera/google-bert/bert-base-uncased,A_semantic_only,198,edb3d68bc36f,advise customers on technical or procedural issues,4450,58319ec211bf,4,0.729367733001709,0.729367733001709,2.8423163890838623,0.0,0.875,0.0,0
/home/jovyan/Joel_Pardo/AI4LABOUR/Mejoras/results_coursera/models/tsdae_coursera/google-bert/bert-base-uncased,A_semantic_only,198,edb3d68bc36f,advise customers on technical or procedural issues,3213,e73f40d83ac6,5,0.7274417281150818,0.7274417281150818,2.82724928855896,0.0833333358168602,0.6666666865348816,0.3369753658771515,0
/home/jovyan/Joel_Pardo/AI4LABOUR/Mejoras/results_coursera/models/tsdae_coursera/google-bert/bert-base-uncased,A_semantic_only,198,edb3d68bc36f,advise customers on technical or procedural issues,4299,15a6d3bb4d7b,6,0.7241732478141785,0.7241732478141785,2.801679849624634,0.0,0.8888888955116272,0.0,0
/home/jovyan/Joel_Pardo/AI4LABOUR/Mejoras/results_coursera/models/tsdae_coursera/google-bert/bert-base-uncased,A_semantic_only,198,edb3d68bc36f,advise customers on technical or procedural issues,4454,bfc3dbee3d73,7,0.7178258895874023,0.7178258895874023,2.7520241737365723,0.07692307978868484,0.5333333611488342,0.2811077833175659,0
/home/jovyan/Joel_Pardo/AI4LABOUR/Mejoras/results_coursera/models/tsdae_coursera/google-bert/bert-base-uncased,A_semantic_only,198,edb3d68bc36f,advise customers on technical or procedural issues,2661,a40ee5969123,8,0.7177319526672363,0.7177319526672363,2.7512893676757812,0.0,0.625,0.0,0
/home/jovyan/Joel_Pardo/AI4LABOUR/Mejoras/results_coursera/models/tsdae_coursera/google-bert/bert-base-uncased,A_semantic_only,198,edb3d68bc36f,advise customers on technical or procedural issues,425,b06cd44db3d0,9,0.7154362201690674,0.7154362201690674,2.7333297729492188,0.0,0.625,0.0,0
/home/jovyan/Joel_Pardo/AI4LABOUR/Mejoras/results_coursera/models/tsdae_coursera/google-bert/bert-base-uncased,A_semantic_only,198,edb3d68bc36f,advise customers on technical or procedural issues,180,1984ba551855,10,0.7127524614334106,0.7127524614334106,2.712334632873535,0.0,0.5,0.0,0
/home/jovyan/Joel_Pardo/AI4LABOUR/Mejoras/results_coursera/models/tsdae_coursera/google-bert/bert-base-uncased,A_semantic_only,199,0d99df7b9f80,communicate organizational information to customers or other stakeholders,1863,6a901f9ab4b7,1,0.8721228837966919,0.8721228837966919,3.2364470958709717,0.0,0.3461538553237915,0.0838058814406395,0
/home/jovyan/Joel_Pardo/AI4LABOUR/Mejoras/results_coursera/models/tsdae_coursera/google-bert/bert-base-uncased,A_semantic_only,199,0d99df7b9f80,communicate organizational information to customers or other stakeholders,4106,7a6199e2dfd9,2,0.8387006521224976,0.8387006521224976,3.022874355316162,0.0,0.6000000238418579,0.0,0
/home/jovyan/Joel_Pardo/AI4LABOUR/Mejoras/results_coursera/models/tsdae_coursera/google-bert/bert-base-uncased,A_semantic_only,199,0d99df7b9f80,communicate organizational information to customers or other stakeholders,2384,9f0afa80bca1,3,0.8292223215103149,0.8292223215103149,2.962306261062622,0.0,0.7777777910232544,0.0,0
/home/jovyan/Joel_Pardo/AI4LABOUR/Mejoras/results_coursera/models/tsdae_coursera/google-bert/bert-base-uncased,A_semantic_only,199,0d99df7b9f80,communicate organizational information to customers or other stakeholders,4303,0358af5c4ed1,4,0.8223549723625183,0.8223549723625183,2.9184229373931885,0.05882352963089943,0.6000000238418579,0.3818017840385437,0
/home/jovyan/Joel_Pardo/AI4LABOUR/Mejoras/results_coursera/models/tsdae_coursera/google-bert/bert-base-uncased,A_semantic_only,199,0d99df7b9f80,communicate organizational information to customers or other stakeholders,5218,c440d73a48c6,5,0.8212482929229736,0.8212482929229736,2.911351203918457,0.0833333358168602,1.0,0.3850095868110657,0
/home/jovyan/Joel_Pardo/AI4LABOUR/Mejoras/results_coursera/models/tsdae_coursera/google-bert/bert-base-uncased,A_semantic_only,199,0d99df7b9f80,communicate organizational information to customers or other stakeholders,5001,76280139c9ae,6,0.8210657238960266,0.8210657238960266,2.910184621810913,0.0,0.8888888955116272,0.0,0
/home/jovyan/Joel_Pardo/AI4LABOUR/Mejoras/results_coursera/models/tsdae_coursera/google-bert/bert-base-uncased,A_semantic_only,199,0d99df7b9f80,communicate organizational information to customers or other stakeholders,4299,15a6d3bb4d7b,7,0.8202873468399048,0.8202873468399048,2.9052107334136963,0.0,1.0,0.0,0
/home/jovyan/Joel_Pardo/AI4LABOUR/Mejoras/results_coursera/models/tsdae_coursera/google-bert/bert-base-uncased,A_semantic_only,199,0d99df7b9f80,communicate organizational information to customers or other stakeholders,1711,48410a978891,8,0.8127236366271973,0.8127236366271973,2.856877326965332,0.0,0.75,0.1615322083234787,0
/home/jovyan/Joel_Pardo/AI4LABOUR/Mejoras/results_coursera/models/tsdae_coursera/google-bert/bert-base-uncased,A_semantic_only,199,0d99df7b9f80,communicate organizational information to customers or other stakeholders,1861,6ae66fe596ed,9,0.8110409379005432,0.8110409379005432,2.8461246490478516,0.0,0.6428571343421936,0.1426340788602829,0
/home/jovyan/Joel_Pardo/AI4LABOUR/Mejoras/results_coursera/models/tsdae_coursera/google-bert/bert-base-uncased,A_semantic_only,199,0d99df7b9f80,communicate organizational information to customers or other stakeholders,1853,48b46e4bb6b1,10,0.8100405931472778,0.8100405931472778,2.8397324085235596,0.0,0.8999999761581421,0.0,0
/home/jovyan/Joel_Pardo/AI4LABOUR/Mejoras/results_coursera/models/tsdae_coursera/google-bert/bert-base-uncased,A_semantic_only,200,9ff41f315fd5,operate computer systems,472,f09f0bf4e953,1,0.7940049171447754,0.7940049171447754,3.841679573059082,0.0,0.75,0.0,0
/home/jovyan/Joel_Pardo/AI4LABOUR/Mejoras/results_coursera/models/tsdae_coursera/google-bert/bert-base-uncased,A_semantic_only,200,9ff41f315fd5,operate computer systems,1619,39c1280cc062,2,0.7749075889587402,0.7749075889587402,3.6841111183166504,0.25,0.75,1.0,0
/home/jovyan/Joel_Pardo/AI4LABOUR/Mejoras/results_coursera/models/tsdae_coursera/google-bert/bert-base-uncased,A_semantic_only,200,9ff41f315fd5,operate computer systems,2186,d83f147fd804,3,0.7709784507751465,0.7709784507751465,3.6516926288604736,0.0,0.75,0.0,0
/home/jovyan/Joel_Pardo/AI4LABOUR/Mejoras/results_coursera/models/tsdae_coursera/google-bert/bert-base-uncased,A_semantic_only,200,9ff41f315fd5,operate computer systems,1512,f1624e5afb6a,4,0.7593479156494141,0.7593479156494141,3.5557315349578857,0.25,0.75,0.8748230934143066,0
/home/jovyan/Joel_Pardo/AI4LABOUR/Mejoras/results_coursera/models/tsdae_coursera/google-bert/bert-base-uncased,A_semantic_only,200,9ff41f315fd5,operate computer systems,1618,a6ec7cc907d1,5,0.7578644156455994,0.7578644156455994,3.5434913635253906,0.25,0.75,1.0,0
/home/jovyan/Joel_Pardo/AI4LABOUR/Mejoras/results_coursera/models/tsdae_coursera/google-bert/bert-base-uncased,A_semantic_only,200,9ff41f315fd5,operate computer systems,3883,212e7416897c,6,0.7553786039352417,0.7553786039352417,3.5229814052581787,0.0,0.75,0.0,0
/home/jovyan/Joel_Pardo/AI4LABOUR/Mejoras/results_coursera/models/tsdae_coursera/google-bert/bert-base-uncased,A_semantic_only,200,9ff41f315fd5,operate computer systems,4322,111b01115aeb,7,0.754777193069458,0.754777193069458,3.518019199371338,0.20000000298023224,0.6666666865348816,0.6701500415802002,0
/home/jovyan/Joel_Pardo/AI4LABOUR/Mejoras/results_coursera/models/tsdae_coursera/google-bert/bert-base-uncased,A_semantic_only,200,9ff41f315fd5,operate computer systems,4348,b75ac8ea7b39,8,0.7455558776855469,0.7455558776855469,3.4419360160827637,0.1666666716337204,0.6666666865348816,0.5862627029418945,0
/home/jovyan/Joel_Pardo/AI4LABOUR/Mejoras/results_coursera/models/tsdae_coursera/google-bert/bert-base-uncased,A_semantic_only,200,9ff41f315fd5,operate computer systems,3918,d4c62f1a558b,9,0.7233784198760986,0.7233784198760986,3.2589542865753174,0.25,0.75,0.8748230934143066,0
/home/jovyan/Joel_Pardo/AI4LABOUR/Mejoras/results_coursera/models/tsdae_coursera/google-bert/bert-base-uncased,A_semantic_only,200,9ff41f315fd5,operate computer systems,418,d32a11e24d2e,10,0.7225250601768494,0.7225250601768494,3.25191330909729,0.0,0.800000011920929,0.0,0
/home/jovyan/Joel_Pardo/AI4LABOUR/Mejoras/results_coursera/models/tsdae_coursera/google-bert/bert-base-uncased,A_semantic_only,201,42bb588edac5,maintain test equipment,117,1b45811985d9,1,0.780091404914856,0.780091404914856,4.153114318847656,0.0,0.75,0.0,0
/home/jovyan/Joel_Pardo/AI4LABOUR/Mejoras/results_coursera/models/tsdae_coursera/google-bert/bert-base-uncased,A_semantic_only,201,42bb588edac5,maintain test equipment,4895,d9ed0b19f811,2,0.7603975534439087,0.7603975534439087,3.983095645904541,0.25,0.75,0.814070463180542,0
/home/jovyan/Joel_Pardo/AI4LABOUR/Mejoras/results_coursera/models/tsdae_coursera/google-bert/bert-base-uncased,A_semantic_only,201,42bb588edac5,maintain test equipment,2688,0950dcce7437,3,0.7472721338272095,0.7472721338272095,3.8697826862335205,0.20000000298023224,1.0,0.6993325352668762,0
/home/jovyan/Joel_Pardo/AI4LABOUR/Mejoras/results_coursera/models/tsdae_coursera/google-bert/bert-base-uncased,A_semantic_only,201,42bb588edac5,maintain test equipment,3980,dc0ebdffa052,4,0.7418578267097473,0.7418578267097473,3.82304048538208,0.0,0.75,0.0,0
/home/jovyan/Joel_Pardo/AI4LABOUR/Mejoras/results_coursera/models/tsdae_coursera/google-bert/bert-base-uncased,A_semantic_only,201,42bb588edac5,maintain test equipment,3056,4b76c705aa42,5,0.7261391878128052,0.7261391878128052,3.687340259552002,0.1428571492433548,0.5,0.4472082257270813,0
/home/jovyan/Joel_Pardo/AI4LABOUR/Mejoras/results_coursera/models/tsdae_coursera/google-bert/bert-base-uncased,A_semantic_only,201,42bb588edac5,maintain test equipment,855,834fcfea4206,6,0.721706748008728,0.721706748008728,3.6490745544433594,0.25,0.75,0.814070463180542,0
/home/jovyan/Joel_Pardo/AI4LABOUR/Mejoras/results_coursera/models/tsdae_coursera/google-bert/bert-base-uncased,A_semantic_only,201,42bb588edac5,maintain test equipment,2159,73e7c7a9947e,7,0.7202289700508118,0.7202289700508118,3.6363167762756348,0.0,0.75,0.0,0
/home/jovyan/Joel_Pardo/AI4LABOUR/Mejoras/results_coursera/models/tsdae_coursera/google-bert/bert-base-uncased,A_semantic_only,201,42bb588edac5,maintain test equipment,1892,ca6117ea05ac,8,0.6980812549591064,0.6980812549591064,3.4451136589050293,0.0,0.75,0.0,0
/home/jovyan/Joel_Pardo/AI4LABOUR/Mejoras/results_coursera/models/tsdae_coursera/google-bert/bert-base-uncased,A_semantic_only,201,42bb588edac5,maintain test equipment,4503,8c63b2397fed,9,0.6961913704872131,0.6961913704872131,3.428798198699951,0.0,0.800000011920929,0.0,0
/home/jovyan/Joel_Pardo/AI4LABOUR/Mejoras/results_coursera/models/tsdae_coursera/google-bert/bert-base-uncased,A_semantic_only,201,42bb588edac5,maintain test equipment,4571,0c985ebf7e52,10,0.6878829598426819,0.6878829598426819,3.3570711612701416,0.0,0.5,0.0,0
/home/jovyan/Joel_Pardo/AI4LABOUR/Mejoras/results_coursera/models/tsdae_coursera/google-bert/bert-base-uncased,A_semantic_only,202,8747ed85441f,inspect finished products to locate flaws,3491,5e80ebd97e31,1,0.6760194301605225,0.6760194301605225,3.6223175525665283,0.0,0.7142857313156128,0.0,0
/home/jovyan/Joel_Pardo/AI4LABOUR/Mejoras/results_coursera/models/tsdae_coursera/google-bert/bert-base-uncased,A_semantic_only,202,8747ed85441f,inspect finished products to locate flaws,4571,0c985ebf7e52,2,0.6701982021331787,0.6701982021331787,3.5634658336639404,0.0,0.2857142984867096,0.0,0
/home/jovyan/Joel_Pardo/AI4LABOUR/Mejoras/results_coursera/models/tsdae_coursera/google-bert/bert-base-uncased,A_semantic_only,202,8747ed85441f,inspect finished products to locate flaws,2478,9b7d2bb3c766,3,0.6699783802032471,0.6699783802032471,3.5612435340881348,0.0,0.8571428656578064,0.0,0
/home/jovyan/Joel_Pardo/AI4LABOUR/Mejoras/results_coursera/models/tsdae_coursera/google-bert/bert-base-uncased,A_semantic_only,202,8747ed85441f,inspect finished products to locate flaws,1822,39932b592d9d,4,0.6576977968215942,0.6576977968215942,3.43708872795105,0.0,0.3888888955116272,0.1669551581144333,0
/home/jovyan/Joel_Pardo/AI4LABOUR/Mejoras/results_coursera/models/tsdae_coursera/google-bert/bert-base-uncased,A_semantic_only,202,8747ed85441f,inspect finished products to locate flaws,3056,4b76c705aa42,5,0.6527740359306335,0.6527740359306335,3.387310266494751,0.0,0.875,0.0,0
/home/jovyan/Joel_Pardo/AI4LABOUR/Mejoras/results_coursera/models/tsdae_coursera/google-bert/bert-base-uncased,A_semantic_only,202,8747ed85441f,inspect finished products to locate flaws,1675,8335d26464b5,6,0.6482654809951782,0.6482654809951782,3.3417294025421143,0.0,0.7142857313156128,0.0,0
/home/jovyan/Joel_Pardo/AI4LABOUR/Mejoras/results_coursera/models/tsdae_coursera/google-bert/bert-base-uncased,A_semantic_only,202,8747ed85441f,inspect finished products to locate flaws,2092,a3727e4c2309,7,0.6406908631324768,0.6406908631324768,3.265151262283325,0.0,0.8571428656578064,0.0,0
/home/jovyan/Joel_Pardo/AI4LABOUR/Mejoras/results_coursera/models/tsdae_coursera/google-bert/bert-base-uncased,A_semantic_only,202,8747ed85441f,inspect finished products to locate flaws,4735,d4c4823f0990,8,0.6343235969543457,0.6343235969543457,3.2007791996002197,0.0,0.4285714328289032,0.0,0
/home/jovyan/Joel_Pardo/AI4LABOUR/Mejoras/results_coursera/models/tsdae_coursera/google-bert/bert-base-uncased,A_semantic_only,202,8747ed85441f,inspect finished products to locate flaws,1268,41400dedd9f3,9,0.6331672668457031,0.6331672668457031,3.189088821411133,0.0,0.5714285969734192,0.0,0
/home/jovyan/Joel_Pardo/AI4LABOUR/Mejoras/results_coursera/models/tsdae_coursera/google-bert/bert-base-uncased,A_semantic_only,202,8747ed85441f,inspect finished products to locate flaws,4679,aa2e3ac253d9,10,0.6292431354522705,0.6292431354522705,3.149416446685791,0.0,0.5,0.206020325422287,0
/home/jovyan/Joel_Pardo/AI4LABOUR/Mejoras/results_coursera/models/tsdae_coursera/google-bert/bert-base-uncased,A_semantic_only,203,79676bc4eb6a,collect samples of raw materials or finished products,989,4ec4f7a20f54,1,0.8111377358436584,0.8111377358436584,4.7550740242004395,0.2857142984867096,0.5555555820465088,1.0,0
/home/jovyan/Joel_Pardo/AI4LABOUR/Mejoras/results_coursera/models/tsdae_coursera/google-bert/bert-base-uncased,A_semantic_only,203,79676bc4eb6a,collect samples of raw materials or finished products,4679,aa2e3ac253d9,2,0.7436979413032532,0.7436979413032532,4.136831760406494,0.0,0.6428571343421936,0.10876219719648361,0
/home/jovyan/Joel_Pardo/AI4LABOUR/Mejoras/results_coursera/models/tsdae_coursera/google-bert/bert-base-uncased,A_semantic_only,203,79676bc4eb6a,collect samples of raw materials or finished products,1822,39932b592d9d,3,0.7423473596572876,0.7423473596572876,4.12445068359375,0.0,0.5,0.08813893049955368,0
/home/jovyan/Joel_Pardo/AI4LABOUR/Mejoras/results_coursera/models/tsdae_coursera/google-bert/bert-base-uncased,A_semantic_only,203,79676bc4eb6a,collect samples of raw materials or finished products,1268,41400dedd9f3,4,0.7327254414558411,0.7327254414558411,4.036243438720703,0.0,0.4444444477558136,0.0,0
/home/jovyan/Joel_Pardo/AI4LABOUR/Mejoras/results_coursera/models/tsdae_coursera/google-bert/bert-base-uncased,A_semantic_only,203,79676bc4eb6a,collect samples of raw materials or finished products,2092,a3727e4c2309,5,0.7120715379714966,0.7120715379714966,3.846902370452881,0.0,0.6666666865348816,0.0,0
/home/jovyan/Joel_Pardo/AI4LABOUR/Mejoras/results_coursera/models/tsdae_coursera/google-bert/bert-base-uncased,A_semantic_only,203,79676bc4eb6a,collect samples of raw materials or finished products,1474,39dc86297043,6,0.7042621374130249,0.7042621374130249,3.775311231613159,0.0,0.3333333432674408,0.0,0
/home/jovyan/Joel_Pardo/AI4LABOUR/Mejoras/results_coursera/models/tsdae_coursera/google-bert/bert-base-uncased,A_semantic_only,203,79676bc4eb6a,collect samples of raw materials or finished products,4415,859f5dcf8041,7,0.6981360912322998,0.6981360912322998,3.719151735305786,0.07692307978868484,0.692307710647583,0.3311883807182312,0
/home/jovyan/Joel_Pardo/AI4LABOUR/Mejoras/results_coursera/models/tsdae_coursera/google-bert/bert-base-uncased,A_semantic_only,203,79676bc4eb6a,collect samples of raw materials or finished products,3407,2ad419560ca0,8,0.6962425708770752,0.6962425708770752,3.7017931938171387,0.1111111119389534,0.6666666865348816,0.3816581070423126,0
/home/jovyan/Joel_Pardo/AI4LABOUR/Mejoras/results_coursera/models/tsdae_coursera/google-bert/bert-base-uncased,A_semantic_only,203,79676bc4eb6a,collect samples of raw materials or finished products,4158,6eb280a204d6,9,0.6868637800216675,0.6868637800216675,3.6158149242401123,0.0,0.4285714328289032,0.13648663461208344,0
/home/jovyan/Joel_Pardo/AI4LABOUR/Mejoras/results_coursera/models/tsdae_coursera/google-bert/bert-base-uncased,A_semantic_only,203,79676bc4eb6a,collect samples of raw materials or finished products,4159,85b33a7f44f2,10,0.6804826259613037,0.6804826259613037,3.557316780090332,0.0,0.4285714328289032,0.13648663461208344,0
/home/jovyan/Joel_Pardo/AI4LABOUR/Mejoras/results_coursera/models/tsdae_coursera/google-bert/bert-base-uncased,A_semantic_only,204,62b52b411f3a,develop biological research methods,3781,22b12fb7265d,1,0.7943085432052612,0.7943085432052612,4.095302581787109,0.1666666716337204,1.0,0.34060990810394287,0
/home/jovyan/Joel_Pardo/AI4LABOUR/Mejoras/results_coursera/models/tsdae_coursera/google-bert/bert-base-uncased,A_semantic_only,204,62b52b411f3a,develop biological research methods,332,444510b9c3c3,2,0.793782114982605,0.793782114982605,4.0903000831604,0.5,0.6000000238418579,1.0,0
/home/jovyan/Joel_Pardo/AI4LABOUR/Mejoras/results_coursera/models/tsdae_coursera/google-bert/bert-base-uncased,A_semantic_only,204,62b52b411f3a,develop biological research methods,4499,a7b7131295ef,3,0.7725051641464233,0.7725051641464233,3.8881113529205322,0.1666666716337204,0.800000011920929,0.3886166512966156,0
/home/jovyan/Joel_Pardo/AI4LABOUR/Mejoras/results_coursera/models/tsdae_coursera/google-bert/bert-base-uncased,A_semantic_only,204,62b52b411f3a,develop biological research methods,3304,ecdd6aedb4c3,4,0.7549985647201538,0.7549985647201538,3.7217514514923096,0.0,0.800000011920929,0.0,0
/home/jovyan/Joel_Pardo/AI4LABOUR/Mejoras/results_coursera/models/tsdae_coursera/google-bert/bert-base-uncased,A_semantic_only,204,62b52b411f3a,develop biological research methods,4501,7e31f9e44f69,5,0.7484255433082581,0.7484255433082581,3.659289836883545,0.1111111119389534,0.5,0.21055692434310913,0
/home/jovyan/Joel_Pardo/AI4LABOUR/Mejoras/results_coursera/models/tsdae_coursera/google-bert/bert-base-uncased,A_semantic_only,204,62b52b411f3a,develop biological research methods,4415,859f5dcf8041,6,0.7324625253677368,0.7324625253677368,3.5075979232788086,0.0,0.38461539149284363,0.0,0
/home/jovyan/Joel_Pardo/AI4LABOUR/Mejoras/results_coursera/models/tsdae_coursera/google-bert/bert-base-uncased,A_semantic_only,204,62b52b411f3a,develop biological research methods,4505,18e16d21f7b2,7,0.7209683656692505,0.7209683656692505,3.3983724117279053,0.125,0.7142857313156128,0.27312928438186646,0
/home/jovyan/Joel_Pardo/AI4LABOUR/Mejoras/results_coursera/models/tsdae_coursera/google-bert/bert-base-uncased,A_semantic_only,204,62b52b411f3a,develop biological research methods,3378,d2e5330ba975,8,0.7137918472290039,0.7137918472290039,3.3301761150360107,0.0,0.3571428656578064,0.0,0
/home/jovyan/Joel_Pardo/AI4LABOUR/Mejoras/results_coursera/models/tsdae_coursera/google-bert/bert-base-uncased,A_semantic_only,204,62b52b411f3a,develop biological research methods,350,7412df2b1db8,9,0.7119811177253723,0.7119811177253723,3.312969207763672,0.25,0.4000000059604645,0.5411635637283325,0
/home/jovyan/Joel_Pardo/AI4LABOUR/Mejoras/results_coursera/models/tsdae_coursera/google-bert/bert-base-uncased,A_semantic_only,204,62b52b411f3a,develop biological research methods,2951,14b0ec412e5c,10,0.7107809782028198,0.7107809782028198,3.3015646934509277,0.0,0.4166666567325592,0.0,0
/home/jovyan/Joel_Pardo/AI4LABOUR/Mejoras/results_coursera/models/tsdae_coursera/google-bert/bert-base-uncased,A_semantic_only,205,45b6fa08d56b,research diseases or parasites,2172,895ce8e2039e,1,0.8084511756896973,0.8084511756896973,5.364621639251709,0.20000000298023224,1.0,0.7529352307319641,0
/home/jovyan/Joel_Pardo/AI4LABOUR/Mejoras/results_coursera/models/tsdae_coursera/google-bert/bert-base-uncased,A_semantic_only,205,45b6fa08d56b,research diseases or parasites,1078,4656b1965a99,2,0.6936397552490234,0.6936397552490234,4.183107852935791,0.1111111119389534,0.5,0.4654465913772583,0
/home/jovyan/Joel_Pardo/AI4LABOUR/Mejoras/results_coursera/models/tsdae_coursera/google-bert/bert-base-uncased,A_semantic_only,205,45b6fa08d56b,research diseases or parasites,2391,6c163196406f,3,0.693336546421051,0.693336546421051,4.17998743057251,0.0,0.6000000238418579,0.0,0
/home/jovyan/Joel_Pardo/AI4LABOUR/Mejoras/results_coursera/models/tsdae_coursera/google-bert/bert-base-uncased,A_semantic_only,205,45b6fa08d56b,research diseases or parasites,1318,d61a9bb433bc,4,0.6905286312103271,0.6905286312103271,4.151091575622559,0.20000000298023224,1.0,0.7529352307319641,0
/home/jovyan/Joel_Pardo/AI4LABOUR/Mejoras/results_coursera/models/tsdae_coursera/google-bert/bert-base-uncased,A_semantic_only,205,45b6fa08d56b,research diseases or parasites,1193,48ee2655e93b,5,0.6734744310379028,0.6734744310379028,3.975588083267212,0.25,0.6000000238418579,1.0,0
/home/jovyan/Joel_Pardo/AI4LABOUR/Mejoras/results_coursera/models/tsdae_coursera/google-bert/bert-base-uncased,A_semantic_only,205,45b6fa08d56b,research diseases or parasites,4124,d46cd1a332a7,6,0.6612715721130371,0.6612715721130371,3.8500096797943115,0.0,0.6000000238418579,0.0,0
/home/jovyan/Joel_Pardo/AI4LABOUR/Mejoras/results_coursera/models/tsdae_coursera/google-bert/bert-base-uncased,A_semantic_only,205,45b6fa08d56b,research diseases or parasites,3555,5e15d5526624,7,0.6516124606132507,0.6516124606132507,3.7506086826324463,0.25,0.6000000238418579,0.6802482008934021,0
/home/jovyan/Joel_Pardo/AI4LABOUR/Mejoras/results_coursera/models/tsdae_coursera/google-bert/bert-base-uncased,A_semantic_only,205,45b6fa08d56b,research diseases or parasites,2967,248515e83c8a,8,0.6449759006500244,0.6449759006500244,3.682312250137329,0.25,0.6000000238418579,0.6802482008934021,0
/home/jovyan/Joel_Pardo/AI4LABOUR/Mejoras/results_coursera/models/tsdae_coursera/google-bert/bert-base-uncased,A_semantic_only,205,45b6fa08d56b,research diseases or parasites,3430,8bf4c895668c,9,0.6429697275161743,0.6429697275161743,3.6616668701171875,0.0,0.6000000238418579,0.0,0
/home/jovyan/Joel_Pardo/AI4LABOUR/Mejoras/results_coursera/models/tsdae_coursera/google-bert/bert-base-uncased,A_semantic_only,205,45b6fa08d56b,research diseases or parasites,4203,e223a6935cb5,10,0.641227126121521,0.641227126121521,3.6437339782714844,0.0,0.7142857313156128,0.0,0
/home/jovyan/Joel_Pardo/AI4LABOUR/Mejoras/results_coursera/models/tsdae_coursera/google-bert/bert-base-uncased,A_semantic_only,206,c32f9f13a109,research microbiological or chemical processes or structures,3406,d8373a20460f,1,0.713631272315979,0.713631272315979,3.959265947341919,0.0,0.5,0.0,0
/home/jovyan/Joel_Pardo/AI4LABOUR/Mejoras/results_coursera/models/tsdae_coursera/google-bert/bert-base-uncased,A_semantic_only,206,c32f9f13a109,research microbiological or chemical processes or structures,4159,85b33a7f44f2,2,0.7069869041442871,0.7069869041442871,3.889025926589966,0.0,0.380952388048172,0.0,0
/home/jovyan/Joel_Pardo/AI4LABOUR/Mejoras/results_coursera/models/tsdae_coursera/google-bert/bert-base-uncased,A_semantic_only,206,c32f9f13a109,research microbiological or chemical processes or structures,1822,39932b592d9d,3,0.6920477151870728,0.6920477151870728,3.731097936630249,0.0625,0.4444444477558136,0.2591926157474518,0
/home/jovyan/Joel_Pardo/AI4LABOUR/Mejoras/results_coursera/models/tsdae_coursera/google-bert/bert-base-uncased,A_semantic_only,206,c32f9f13a109,research microbiological or chemical processes or structures,3304,ecdd6aedb4c3,4,0.6762741208076477,0.6762741208076477,3.5643491744995117,0.0,0.5,0.0,0
/home/jovyan/Joel_Pardo/AI4LABOUR/Mejoras/results_coursera/models/tsdae_coursera/google-bert/bert-base-uncased,A_semantic_only,206,c32f9f13a109,research microbiological or chemical processes or structures,4158,6eb280a204d6,5,0.6754018068313599,0.6754018068313599,3.5551276206970215,0.0,0.380952388048172,0.0,0
/home/jovyan/Joel_Pardo/AI4LABOUR/Mejoras/results_coursera/models/tsdae_coursera/google-bert/bert-base-uncased,A_semantic_only,206,c32f9f13a109,research microbiological or chemical processes or structures,4679,aa2e3ac253d9,6,0.673613965511322,0.673613965511322,3.5362274646759033,0.0,0.5714285969734192,0.0,0
/home/jovyan/Joel_Pardo/AI4LABOUR/Mejoras/results_coursera/models/tsdae_coursera/google-bert/bert-base-uncased,A_semantic_only,206,c32f9f13a109,research microbiological or chemical processes or structures,3407,2ad419560ca0,7,0.6716358661651611,0.6716358661651611,3.5153162479400635,0.0,0.75,0.0,0
/home/jovyan/Joel_Pardo/AI4LABOUR/Mejoras/results_coursera/models/tsdae_coursera/google-bert/bert-base-uncased,A_semantic_only,206,c32f9f13a109,research microbiological or chemical processes or structures,2951,14b0ec412e5c,8,0.668860912322998,0.668860912322998,3.4859812259674072,0.0,0.6666666865348816,0.0,0
/home/jovyan/Joel_Pardo/AI4LABOUR/Mejoras/results_coursera/models/tsdae_coursera/google-bert/bert-base-uncased,A_semantic_only,206,c32f9f13a109,research microbiological or chemical processes or structures,1337,284a65d8619b,9,0.6640963554382324,0.6640963554382324,3.4356131553649902,0.0,0.6666666865348816,0.35341116786003113,0
/home/jovyan/Joel_Pardo/AI4LABOUR/Mejoras/results_coursera/models/tsdae_coursera/google-bert/bert-base-uncased,A_semantic_only,206,c32f9f13a109,research microbiological or chemical processes or structures,568,617c126cabc4,10,0.6634593605995178,0.6634593605995178,3.4288792610168457,0.0,0.25,0.0,0
/home/jovyan/Joel_Pardo/AI4LABOUR/Mejoras/results_coursera/models/tsdae_coursera/google-bert/bert-base-uncased,A_semantic_only,207,7663c229a426,analyze biological samples,1425,4eaf6bd7e5db,1,0.7692933082580566,0.7692933082580566,3.6389219760894775,0.0,1.0,0.0,0
/home/jovyan/Joel_Pardo/AI4LABOUR/Mejoras/results_coursera/models/tsdae_coursera/google-bert/bert-base-uncased,A_semantic_only,207,7663c229a426,analyze biological samples,2489,0b71467e6421,2,0.7529031038284302,0.7529031038284302,3.498842716217041,0.0,0.75,0.0,0
/home/jovyan/Joel_Pardo/AI4LABOUR/Mejoras/results_coursera/models/tsdae_coursera/google-bert/bert-base-uncased,A_semantic_only,207,7663c229a426,analyze biological samples,3304,ecdd6aedb4c3,3,0.7446422576904297,0.7446422576904297,3.42824125289917,0.0,1.0,0.0,0
/home/jovyan/Joel_Pardo/AI4LABOUR/Mejoras/results_coursera/models/tsdae_coursera/google-bert/bert-base-uncased,A_semantic_only,207,7663c229a426,analyze biological samples,3306,1e9422ec7cfe,4,0.7350351214408875,0.7350351214408875,3.3461337089538574,0.0,0.75,0.0,0
/home/jovyan/Joel_Pardo/AI4LABOUR/Mejoras/results_coursera/models/tsdae_coursera/google-bert/bert-base-uncased,A_semantic_only,207,7663c229a426,analyze biological samples,3743,a1ba967d5168,5,0.7264564633369446,0.7264564633369446,3.2728161811828613,0.0,0.75,0.0,0
/home/jovyan/Joel_Pardo/AI4LABOUR/Mejoras/results_coursera/models/tsdae_coursera/google-bert/bert-base-uncased,A_semantic_only,207,7663c229a426,analyze biological samples,4503,8c63b2397fed,6,0.7160579562187195,0.7160579562187195,3.1839451789855957,0.0,0.800000011920929,0.0,0
/home/jovyan/Joel_Pardo/AI4LABOUR/Mejoras/results_coursera/models/tsdae_coursera/google-bert/bert-base-uncased,A_semantic_only,207,7663c229a426,analyze biological samples,501,7e5e0cba4215,7,0.6998047828674316,0.6998047828674316,3.045037031173706,0.0,0.800000011920929,0.0,0
/home/jovyan/Joel_Pardo/AI4LABOUR/Mejoras/results_coursera/models/tsdae_coursera/google-bert/bert-base-uncased,A_semantic_only,207,7663c229a426,analyze biological samples,3250,688e91eeecce,8,0.6991393566131592,0.6991393566131592,3.0393500328063965,0.0,1.0,0.0,0
/home/jovyan/Joel_Pardo/AI4LABOUR/Mejoras/results_coursera/models/tsdae_coursera/google-bert/bert-base-uncased,A_semantic_only,207,7663c229a426,analyze biological samples,2490,b33bffd03cdb,9,0.6983654499053955,0.6983654499053955,3.032735824584961,0.0,0.75,0.0,0
/home/jovyan/Joel_Pardo/AI4LABOUR/Mejoras/results_coursera/models/tsdae_coursera/google-bert/bert-base-uncased,A_semantic_only,207,7663c229a426,analyze biological samples,2475,f2ccb2a91703,10,0.6979992985725403,0.6979992985725403,3.029606342315674,0.0,0.5,0.0,0
/home/jovyan/Joel_Pardo/AI4LABOUR/Mejoras/results_coursera/models/tsdae_coursera/google-bert/bert-base-uncased,A_semantic_only,208,c1c0caaa937b,research genetic characteristics or expression,1028,8077f124cccc,1,0.7540120482444763,0.7540120482444763,4.734043598175049,0.20000000298023224,0.5,0.8743377327919006,0
/home/jovyan/Joel_Pardo/AI4LABOUR/Mejoras/results_coursera/models/tsdae_coursera/google-bert/bert-base-uncased,A_semantic_only,208,c1c0caaa937b,research genetic characteristics or expression,1079,8cd953430cf0,2,0.737831711769104,0.737831711769104,4.5614776611328125,0.0,0.4285714328289032,0.0,0
/home/jovyan/Joel_Pardo/AI4LABOUR/Mejoras/results_coursera/models/tsdae_coursera/google-bert/bert-base-uncased,A_semantic_only,208,c1c0caaa937b,research genetic characteristics or expression,1080,196c26d7d8e9,3,0.7066504955291748,0.7066504955291748,4.22892427444458,0.0,0.30000001192092896,0.0,0
/home/jovyan/Joel_Pardo/AI4LABOUR/Mejoras/results_coursera/models/tsdae_coursera/google-bert/bert-base-uncased,A_semantic_only,208,c1c0caaa937b,research genetic characteristics or expression,2796,bc4e6037a4eb,4,0.7000212669372559,0.7000212669372559,4.158222198486328,0.0,0.5,0.0,0
/home/jovyan/Joel_Pardo/AI4LABOUR/Mejoras/results_coursera/models/tsdae_coursera/google-bert/bert-base-uncased,A_semantic_only,208,c1c0caaa937b,research genetic characteristics or expression,991,1edae102638a,5,0.6606391668319702,0.6606391668319702,3.7382051944732666,0.0,0.3333333432674408,0.0,0
/home/jovyan/Joel_Pardo/AI4LABOUR/Mejoras/results_coursera/models/tsdae_coursera/google-bert/bert-base-uncased,A_semantic_only,208,c1c0caaa937b,research genetic characteristics or expression,1030,d42e1d806411,6,0.6569586992263794,0.6569586992263794,3.6989524364471436,0.0,0.5,0.0,0
/home/jovyan/Joel_Pardo/AI4LABOUR/Mejoras/results_coursera/models/tsdae_coursera/google-bert/bert-base-uncased,A_semantic_only,208,c1c0caaa937b,research genetic characteristics or expression,2394,bcbe00da4948,7,0.656950831413269,0.656950831413269,3.6988685131073,0.0,0.5,0.0,0
/home/jovyan/Joel_Pardo/AI4LABOUR/Mejoras/results_coursera/models/tsdae_coursera/google-bert/bert-base-uncased,A_semantic_only,208,c1c0caaa937b,research genetic characteristics or expression,1113,7ced5e389e92,8,0.6535122394561768,0.6535122394561768,3.6621952056884766,0.0,0.3333333432674408,0.0,0
/home/jovyan/Joel_Pardo/AI4LABOUR/Mejoras/results_coursera/models/tsdae_coursera/google-bert/bert-base-uncased,A_semantic_only,208,c1c0caaa937b,research genetic characteristics or expression,990,bd47bba637ff,9,0.6523845791816711,0.6523845791816711,3.6501686573028564,0.20000000298023224,0.5,0.8743377327919006,0
/home/jovyan/Joel_Pardo/AI4LABOUR/Mejoras/results_coursera/models/tsdae_coursera/google-bert/bert-base-uncased,A_semantic_only,208,c1c0caaa937b,research genetic characteristics or expression,4124,d46cd1a332a7,10,0.6450649499893188,0.6450649499893188,3.572103500366211,0.0,0.5,0.0,0
/home/jovyan/Joel_Pardo/AI4LABOUR/Mejoras/results_coursera/models/tsdae_coursera/google-bert/bert-base-uncased,A_semantic_only,209,2ac9980eb5e6,design research studies to obtain scientific information,4501,7e31f9e44f69,1,0.8539042472839355,0.8539042472839355,4.302901268005371,0.09090909361839294,0.800000011920929,0.2461879998445511,0
/home/jovyan/Joel_Pardo/AI4LABOUR/Mejoras/results_coursera/models/tsdae_coursera/google-bert/bert-base-uncased,A_semantic_only,209,2ac9980eb5e6,design research studies to obtain scientific information,3781,22b12fb7265d,2,0.8216500282287598,0.8216500282287598,4.032714366912842,0.125,0.625,0.39824897050857544,0
/home/jovyan/Joel_Pardo/AI4LABOUR/Mejoras/results_coursera/models/tsdae_coursera/google-bert/bert-base-uncased,A_semantic_only,209,2ac9980eb5e6,design research studies to obtain scientific information,4499,a7b7131295ef,3,0.8006494045257568,0.8006494045257568,3.856796979904175,0.125,0.5,0.45437952876091003,0
/home/jovyan/Joel_Pardo/AI4LABOUR/Mejoras/results_coursera/models/tsdae_coursera/google-bert/bert-base-uncased,A_semantic_only,209,2ac9980eb5e6,design research studies to obtain scientific information,3780,5279f5c334f7,4,0.7949272394180298,0.7949272394180298,3.808863639831543,0.1111111119389534,0.875,0.3193490505218506,0
/home/jovyan/Joel_Pardo/AI4LABOUR/Mejoras/results_coursera/models/tsdae_coursera/google-bert/bert-base-uncased,A_semantic_only,209,2ac9980eb5e6,design research studies to obtain scientific information,3304,ecdd6aedb4c3,5,0.7792445421218872,0.7792445421218872,3.677493095397949,0.1428571492433548,0.5,0.3543652594089508,0
/home/jovyan/Joel_Pardo/AI4LABOUR/Mejoras/results_coursera/models/tsdae_coursera/google-bert/bert-base-uncased,A_semantic_only,209,2ac9980eb5e6,design research studies to obtain scientific information,501,7e5e0cba4215,6,0.7774121761322021,0.7774121761322021,3.6621437072753906,0.0,0.625,0.0,0
/home/jovyan/Joel_Pardo/AI4LABOUR/Mejoras/results_coursera/models/tsdae_coursera/google-bert/bert-base-uncased,A_semantic_only,209,2ac9980eb5e6,design research studies to obtain scientific information,3337,77c74b3d95ae,7,0.7729319930076599,0.7729319930076599,3.6246142387390137,0.125,0.625,0.6526209712028503,0
/home/jovyan/Joel_Pardo/AI4LABOUR/Mejoras/results_coursera/models/tsdae_coursera/google-bert/bert-base-uncased,A_semantic_only,209,2ac9980eb5e6,design research studies to obtain scientific information,3378,d2e5330ba975,8,0.7647344470024109,0.7647344470024109,3.55594539642334,0.0,0.5714285969734192,0.0,0
/home/jovyan/Joel_Pardo/AI4LABOUR/Mejoras/results_coursera/models/tsdae_coursera/google-bert/bert-base-uncased,A_semantic_only,209,2ac9980eb5e6,design research studies to obtain scientific information,3782,0d6b3a3f8dee,9,0.7520169615745544,0.7520169615745544,3.449413776397705,0.1111111119389534,0.8888888955116272,0.2665424644947052,0
/home/jovyan/Joel_Pardo/AI4LABOUR/Mejoras/results_coursera/models/tsdae_coursera/google-bert/bert-base-uncased,A_semantic_only,209,2ac9980eb5e6,design research studies to obtain scientific information,5056,a70550d3c214,10,0.7442644834518433,0.7442644834518433,3.3844728469848633,0.0,1.0,0.0,0
/home/jovyan/Joel_Pardo/AI4LABOUR/Mejoras/results_coursera/models/tsdae_coursera/google-bert/bert-base-uncased,A_semantic_only,210,39fb30c0c188,instruct college students in physical or life sciences,5068,8cbd1bfd8873,1,0.6791534423828125,0.6791534423828125,3.5941240787506104,0.0,0.3333333432674408,0.0,0
/home/jovyan/Joel_Pardo/AI4LABOUR/Mejoras/results_coursera/models/tsdae_coursera/google-bert/bert-base-uncased,A_semantic_only,210,39fb30c0c188,instruct college students in physical or life sciences,2294,814e0c7620b3,2,0.6788675785064697,0.6788675785064697,3.5913705825805664,0.0,0.3333333432674408,0.0,0
/home/jovyan/Joel_Pardo/AI4LABOUR/Mejoras/results_coursera/models/tsdae_coursera/google-bert/bert-base-uncased,A_semantic_only,210,39fb30c0c188,instruct college students in physical or life sciences,2233,d334de0d305d,3,0.6708062887191772,0.6708062887191772,3.51371693611145,0.0,0.3333333432674408,0.0,0
/home/jovyan/Joel_Pardo/AI4LABOUR/Mejoras/results_coursera/models/tsdae_coursera/google-bert/bert-base-uncased,A_semantic_only,210,39fb30c0c188,instruct college students in physical or life sciences,3215,d4793dfe8103,4,0.6600120663642883,0.6600120663642883,3.4097375869750977,0.0,0.7777777910232544,0.0,0
/home/jovyan/Joel_Pardo/AI4LABOUR/Mejoras/results_coursera/models/tsdae_coursera/google-bert/bert-base-uncased,A_semantic_only,210,39fb30c0c188,instruct college students in physical or life sciences,2505,706a8c419d43,5,0.6539863348007202,0.6539863348007202,3.3516924381256104,0.0,0.4444444477558136,0.0,0
/home/jovyan/Joel_Pardo/AI4LABOUR/Mejoras/results_coursera/models/tsdae_coursera/google-bert/bert-base-uncased,A_semantic_only,210,39fb30c0c188,instruct college students in physical or life sciences,5297,c91a5c4b0bdb,6,0.6537322998046875,0.6537322998046875,3.349245309829712,0.0,0.3333333432674408,0.0,0
/home/jovyan/Joel_Pardo/AI4LABOUR/Mejoras/results_coursera/models/tsdae_coursera/google-bert/bert-base-uncased,A_semantic_only,210,39fb30c0c188,instruct college students in physical or life sciences,4453,d9ea7797e0d6,7,0.6505804061889648,0.6505804061889648,3.3188834190368652,0.0,0.8999999761581421,0.0,0
/home/jovyan/Joel_Pardo/AI4LABOUR/Mejoras/results_coursera/models/tsdae_coursera/google-bert/bert-base-uncased,A_semantic_only,210,39fb30c0c188,instruct college students in physical or life sciences,3378,d2e5330ba975,8,0.6469416618347168,0.6469416618347168,3.283831834793091,0.0,0.6428571343421936,0.15834009647369385,0
/home/jovyan/Joel_Pardo/AI4LABOUR/Mejoras/results_coursera/models/tsdae_coursera/google-bert/bert-base-uncased,A_semantic_only,210,39fb30c0c188,instruct college students in physical or life sciences,2103,edbccee389ef,9,0.6419325470924377,0.6419325470924377,3.235579490661621,0.0,0.3333333432674408,0.0,0
/home/jovyan/Joel_Pardo/AI4LABOUR/Mejoras/results_coursera/models/tsdae_coursera/google-bert/bert-base-uncased,A_semantic_only,210,39fb30c0c188,instruct college students in physical or life sciences,1535,3f28b4173283,10,0.6393711566925049,0.6393711566925049,3.2109060287475586,0.0,0.3333333432674408,0.0,0
/home/jovyan/Joel_Pardo/AI4LABOUR/Mejoras/results_coursera/models/tsdae_coursera/google-bert/bert-base-uncased,A_semantic_only,211,c7ea79acedc2,set up laboratory or field equipment,4501,7e31f9e44f69,1,0.7382569909095764,0.7382569909095764,4.2641072273254395,0.0,0.699999988079071,0.0,0
/home/jovyan/Joel_Pardo/AI4LABOUR/Mejoras/results_coursera/models/tsdae_coursera/google-bert/bert-base-uncased,A_semantic_only,211,c7ea79acedc2,set up laboratory or field equipment,3304,ecdd6aedb4c3,2,0.7061052322387695,0.7061052322387695,3.9604744911193848,0.0,0.5714285969734192,0.0,0
/home/jovyan/Joel_Pardo/AI4LABOUR/Mejoras/results_coursera/models/tsdae_coursera/google-bert/bert-base-uncased,A_semantic_only,211,c7ea79acedc2,set up laboratory or field equipment,4499,a7b7131295ef,3,0.6882982850074768,0.6882982850074768,3.7923102378845215,0.0,0.5714285969734192,0.0,0
/home/jovyan/Joel_Pardo/AI4LABOUR/Mejoras/results_coursera/models/tsdae_coursera/google-bert/bert-base-uncased,A_semantic_only,211,c7ea79acedc2,set up laboratory or field equipment,3056,4b76c705aa42,4,0.6790886521339417,0.6790886521339417,3.705336809158325,0.0,0.875,0.0,0
/home/jovyan/Joel_Pardo/AI4LABOUR/Mejoras/results_coursera/models/tsdae_coursera/google-bert/bert-base-uncased,A_semantic_only,211,c7ea79acedc2,set up laboratory or field equipment,4415,859f5dcf8041,5,0.6759524345397949,0.6759524345397949,3.6757192611694336,0.0,0.5384615659713745,0.0,0
/home/jovyan/Joel_Pardo/AI4LABOUR/Mejoras/results_coursera/models/tsdae_coursera/google-bert/bert-base-uncased,A_semantic_only,211,c7ea79acedc2,set up laboratory or field equipment,514,4771395651ce,6,0.6630322933197021,0.6630322933197021,3.5537047386169434,0.0,0.7142857313156128,0.0,0
/home/jovyan/Joel_Pardo/AI4LABOUR/Mejoras/results_coursera/models/tsdae_coursera/google-bert/bert-base-uncased,A_semantic_only,211,c7ea79acedc2,set up laboratory or field equipment,1268,41400dedd9f3,7,0.6541274785995483,0.6541274785995483,3.4696099758148193,0.0,0.5714285969734192,0.0,0
/home/jovyan/Joel_Pardo/AI4LABOUR/Mejoras/results_coursera/models/tsdae_coursera/google-bert/bert-base-uncased,A_semantic_only,211,c7ea79acedc2,set up laboratory or field equipment,4895,d9ed0b19f811,8,0.6500983238220215,0.6500983238220215,3.4315598011016846,0.0,0.4285714328289032,0.0,0
/home/jovyan/Joel_Pardo/AI4LABOUR/Mejoras/results_coursera/models/tsdae_coursera/google-bert/bert-base-uncased,A_semantic_only,211,c7ea79acedc2,set up laboratory or field equipment,1822,39932b592d9d,9,0.6485940217971802,0.6485940217971802,3.417353391647339,0.0,0.3888888955116272,0.0,0
/home/jovyan/Joel_Pardo/AI4LABOUR/Mejoras/results_coursera/models/tsdae_coursera/google-bert/bert-base-uncased,A_semantic_only,211,c7ea79acedc2,set up laboratory or field equipment,3780,5279f5c334f7,10,0.6429630517959595,0.6429630517959595,3.364176034927368,0.0,1.0,0.0,0
/home/jovyan/Joel_Pardo/AI4LABOUR/Mejoras/results_coursera/models/tsdae_coursera/google-bert/bert-base-uncased,A_semantic_only,212,0cf60304ef43,write grant proposals,1563,50c51c20afba,1,0.7306807637214661,0.7306807637214661,6.144439220428467,0.25,0.75,1.0,0
/home/jovyan/Joel_Pardo/AI4LABOUR/Mejoras/results_coursera/models/tsdae_coursera/google-bert/bert-base-uncased,A_semantic_only,212,0cf60304ef43,write grant proposals,47,b9241dcb1d13,2,0.7077210545539856,0.7077210545539856,5.813558578491211,0.0,0.75,0.0,0
/home/jovyan/Joel_Pardo/AI4LABOUR/Mejoras/results_coursera/models/tsdae_coursera/google-bert/bert-base-uncased,A_semantic_only,212,0cf60304ef43,write grant proposals,46,a3db224ea72e,3,0.5976545810699463,0.5976545810699463,4.227353096008301,0.0,1.0,0.0,0
/home/jovyan/Joel_Pardo/AI4LABOUR/Mejoras/results_coursera/models/tsdae_coursera/google-bert/bert-base-uncased,A_semantic_only,212,0cf60304ef43,write grant proposals,3157,07aafc585046,4,0.5840213298797607,0.5840213298797607,4.030879497528076,0.0,0.75,0.0,0
/home/jovyan/Joel_Pardo/AI4LABOUR/Mejoras/results_coursera/models/tsdae_coursera/google-bert/bert-base-uncased,A_semantic_only,212,0cf60304ef43,write grant proposals,4517,9162131cf882,5,0.5782487392425537,0.5782487392425537,3.9476888179779053,0.0,0.800000011920929,0.0,0
/home/jovyan/Joel_Pardo/AI4LABOUR/Mejoras/results_coursera/models/tsdae_coursera/google-bert/bert-base-uncased,A_semantic_only,212,0cf60304ef43,write grant proposals,2822,7144e66ff351,6,0.569016695022583,0.569016695022583,3.8146426677703857,0.0,0.75,0.0,0
/home/jovyan/Joel_Pardo/AI4LABOUR/Mejoras/results_coursera/models/tsdae_coursera/google-bert/bert-base-uncased,A_semantic_only,212,0cf60304ef43,write grant proposals,1704,357ff6cf3fd9,7,0.557875394821167,0.557875394821167,3.6540815830230713,0.1666666716337204,0.6666666865348816,0.6282539963722229,0
/home/jovyan/Joel_Pardo/AI4LABOUR/Mejoras/results_coursera/models/tsdae_coursera/google-bert/bert-base-uncased,A_semantic_only,212,0cf60304ef43,write grant proposals,3331,bd1098fcfc05,8,0.5539661645889282,0.5539661645889282,3.5977442264556885,0.0,1.0,0.0,0
/home/jovyan/Joel_Pardo/AI4LABOUR/Mejoras/results_coursera/models/tsdae_coursera/google-bert/bert-base-uncased,A_semantic_only,212,0cf60304ef43,write grant proposals,2869,ccc4d1d9a8f6,9,0.5525244474411011,0.5525244474411011,3.576967239379883,0.0,0.75,0.0,0
/home/jovyan/Joel_Pardo/AI4LABOUR/Mejoras/results_coursera/models/tsdae_coursera/google-bert/bert-base-uncased,A_semantic_only,212,0cf60304ef43,write grant proposals,3129,45e8690811f0,10,0.5433542728424072,0.5433542728424072,3.444812536239624,0.0,0.75,0.0,0
/home/jovyan/Joel_Pardo/AI4LABOUR/Mejoras/results_coursera/models/tsdae_coursera/google-bert/bert-base-uncased,A_semantic_only,213,f1b4c19341de,"cultivate micro-organisms for study, testing, or medical preparations",568,617c126cabc4,1,0.7049933075904846,0.7049933075904846,4.028521537780762,0.0,0.20000000298023224,0.0,0
/home/jovyan/Joel_Pardo/AI4LABOUR/Mejoras/results_coursera/models/tsdae_coursera/google-bert/bert-base-uncased,A_semantic_only,213,f1b4c19341de,"cultivate micro-organisms for study, testing, or medical preparations",3143,4f60ac427abf,2,0.7001520395278931,0.7001520395278931,3.973740816116333,0.0,0.20000000298023224,0.0,0
/home/jovyan/Joel_Pardo/AI4LABOUR/Mejoras/results_coursera/models/tsdae_coursera/google-bert/bert-base-uncased,A_semantic_only,213,f1b4c19341de,"cultivate micro-organisms for study, testing, or medical preparations",4031,c41b00b05cd5,3,0.6914997100830078,0.6914997100830078,3.8758366107940674,0.10000000149011612,0.5,0.7529352307319641,0
/home/jovyan/Joel_Pardo/AI4LABOUR/Mejoras/results_coursera/models/tsdae_coursera/google-bert/bert-base-uncased,A_semantic_only,213,f1b4c19341de,"cultivate micro-organisms for study, testing, or medical preparations",4415,859f5dcf8041,4,0.6829913258552551,0.6829913258552551,3.7795612812042236,0.0,0.7692307829856873,0.18156960606575012,0
/home/jovyan/Joel_Pardo/AI4LABOUR/Mejoras/results_coursera/models/tsdae_coursera/google-bert/bert-base-uncased,A_semantic_only,213,f1b4c19341de,"cultivate micro-organisms for study, testing, or medical preparations",3304,ecdd6aedb4c3,5,0.6783353686332703,0.6783353686332703,3.726877450942993,0.0,0.4000000059604645,0.0,0
/home/jovyan/Joel_Pardo/AI4LABOUR/Mejoras/results_coursera/models/tsdae_coursera/google-bert/bert-base-uncased,A_semantic_only,213,f1b4c19341de,"cultivate micro-organisms for study, testing, or medical preparations",4499,a7b7131295ef,6,0.6707286834716797,0.6707286834716797,3.6408050060272217,0.0,0.4000000059604645,0.0,0
/home/jovyan/Joel_Pardo/AI4LABOUR/Mejoras/results_coursera/models/tsdae_coursera/google-bert/bert-base-uncased,A_semantic_only,213,f1b4c19341de,"cultivate micro-organisms for study, testing, or medical preparations",3306,1e9422ec7cfe,7,0.6593236923217773,0.6593236923217773,3.511753559112549,0.0,0.30000001192092896,0.0,0
/home/jovyan/Joel_Pardo/AI4LABOUR/Mejoras/results_coursera/models/tsdae_coursera/google-bert/bert-base-uncased,A_semantic_only,213,f1b4c19341de,"cultivate micro-organisms for study, testing, or medical preparations",1025,332081e0745e,8,0.6558653116226196,0.6558653116226196,3.472620725631714,0.0,0.20000000298023224,0.0,0
/home/jovyan/Joel_Pardo/AI4LABOUR/Mejoras/results_coursera/models/tsdae_coursera/google-bert/bert-base-uncased,A_semantic_only,213,f1b4c19341de,"cultivate micro-organisms for study, testing, or medical preparations",1079,8cd953430cf0,9,0.649288535118103,0.649288535118103,3.3982021808624268,0.0,0.7142857313156128,0.17094843089580536,0
/home/jovyan/Joel_Pardo/AI4LABOUR/Mejoras/results_coursera/models/tsdae_coursera/google-bert/bert-base-uncased,A_semantic_only,213,f1b4c19341de,"cultivate micro-organisms for study, testing, or medical preparations",4503,8c63b2397fed,10,0.6489413380622864,0.6489413380622864,3.394273519515991,0.0,0.5,0.0,0
/home/jovyan/Joel_Pardo/AI4LABOUR/Mejoras/results_coursera/models/tsdae_coursera/google-bert/bert-base-uncased,A_semantic_only,214,fc824bfe7bf0,prepare biological samples for testing or analysis,3056,4b76c705aa42,1,0.7526547908782959,0.7526547908782959,3.775550603866577,0.0,1.0,0.0,0
/home/jovyan/Joel_Pardo/AI4LABOUR/Mejoras/results_coursera/models/tsdae_coursera/google-bert/bert-base-uncased,A_semantic_only,214,fc824bfe7bf0,prepare biological samples for testing or analysis,4503,8c63b2397fed,2,0.7446818947792053,0.7446818947792053,3.7055490016937256,0.0,0.625,0.0,0
/home/jovyan/Joel_Pardo/AI4LABOUR/Mejoras/results_coursera/models/tsdae_coursera/google-bert/bert-base-uncased,A_semantic_only,214,fc824bfe7bf0,prepare biological samples for testing or analysis,2489,0b71467e6421,3,0.7376619577407837,0.7376619577407837,3.643914222717285,0.0,0.375,0.0,0
/home/jovyan/Joel_Pardo/AI4LABOUR/Mejoras/results_coursera/models/tsdae_coursera/google-bert/bert-base-uncased,A_semantic_only,214,fc824bfe7bf0,prepare biological samples for testing or analysis,3304,ecdd6aedb4c3,4,0.7319259643554688,0.7319259643554688,3.593552350997925,0.0,0.5,0.0,0
/home/jovyan/Joel_Pardo/AI4LABOUR/Mejoras/results_coursera/models/tsdae_coursera/google-bert/bert-base-uncased,A_semantic_only,214,fc824bfe7bf0,prepare biological samples for testing or analysis,501,7e5e0cba4215,5,0.711754560470581,0.711754560470581,3.4164485931396484,0.0,0.625,0.0,0
/home/jovyan/Joel_Pardo/AI4LABOUR/Mejoras/results_coursera/models/tsdae_coursera/google-bert/bert-base-uncased,A_semantic_only,214,fc824bfe7bf0,prepare biological samples for testing or analysis,1822,39932b592d9d,6,0.7074743509292603,0.7074743509292603,3.378868579864502,0.0625,0.4444444477558136,0.37654897570610046,0
/home/jovyan/Joel_Pardo/AI4LABOUR/Mejoras/results_coursera/models/tsdae_coursera/google-bert/bert-base-uncased,A_semantic_only,214,fc824bfe7bf0,prepare biological samples for testing or analysis,4415,859f5dcf8041,7,0.7063113451004028,0.7063113451004028,3.368657350540161,0.0,0.6153846383094788,0.20977455377578735,0
/home/jovyan/Joel_Pardo/AI4LABOUR/Mejoras/results_coursera/models/tsdae_coursera/google-bert/bert-base-uncased,A_semantic_only,214,fc824bfe7bf0,prepare biological samples for testing or analysis,3303,8dee13915ca0,8,0.701522707939148,0.701522707939148,3.326613426208496,0.0,1.0,0.30430981516838074,0
/home/jovyan/Joel_Pardo/AI4LABOUR/Mejoras/results_coursera/models/tsdae_coursera/google-bert/bert-base-uncased,A_semantic_only,214,fc824bfe7bf0,prepare biological samples for testing or analysis,3407,2ad419560ca0,9,0.7008567452430725,0.7008567452430725,3.3207662105560303,0.125,0.75,0.3461252748966217,0
/home/jovyan/Joel_Pardo/AI4LABOUR/Mejoras/results_coursera/models/tsdae_coursera/google-bert/bert-base-uncased,A_semantic_only,214,fc824bfe7bf0,prepare biological samples for testing or analysis,2478,9b7d2bb3c766,10,0.699966549873352,0.699966549873352,3.312950372695923,0.125,0.75,0.3461252748966217,0
/home/jovyan/Joel_Pardo/AI4LABOUR/Mejoras/results_coursera/models/tsdae_coursera/google-bert/bert-base-uncased,A_semantic_only,215,79b70e0eb0dc,monitor environmental impacts of production or development activities,2300,754666b07e71,1,0.7429736852645874,0.7429736852645874,3.491476535797119,0.0,0.6428571343421936,0.08809638023376465,0
/home/jovyan/Joel_Pardo/AI4LABOUR/Mejoras/results_coursera/models/tsdae_coursera/google-bert/bert-base-uncased,A_semantic_only,215,79b70e0eb0dc,monitor environmental impacts of production or development activities,2301,6d7d5c1c49a4,2,0.7237045764923096,0.7237045764923096,3.3365514278411865,0.0,0.75,0.09976860135793686,0
/home/jovyan/Joel_Pardo/AI4LABOUR/Mejoras/results_coursera/models/tsdae_coursera/google-bert/bert-base-uncased,A_semantic_only,215,79b70e0eb0dc,monitor environmental impacts of production or development activities,5020,d5543f5402aa,3,0.7111525535583496,0.7111525535583496,3.2356324195861816,0.3333333432674408,0.3333333432674408,1.0,0
/home/jovyan/Joel_Pardo/AI4LABOUR/Mejoras/results_coursera/models/tsdae_coursera/google-bert/bert-base-uncased,A_semantic_only,215,79b70e0eb0dc,monitor environmental impacts of production or development activities,4106,7a6199e2dfd9,4,0.7043944001197815,0.7043944001197815,3.1812963485717773,0.0,0.6000000238418579,0.0,0
/home/jovyan/Joel_Pardo/AI4LABOUR/Mejoras/results_coursera/models/tsdae_coursera/google-bert/bert-base-uncased,A_semantic_only,215,79b70e0eb0dc,monitor environmental impacts of production or development activities,4561,7dbb7909a0ac,5,0.7007646560668945,0.7007646560668945,3.1521129608154297,0.0,0.6666666865348816,0.0,0
/home/jovyan/Joel_Pardo/AI4LABOUR/Mejoras/results_coursera/models/tsdae_coursera/google-bert/bert-base-uncased,A_semantic_only,215,79b70e0eb0dc,monitor environmental impacts of production or development activities,3621,917bf810d271,6,0.696667492389679,0.696667492389679,3.119171619415283,0.0,0.5555555820465088,0.0,0
/home/jovyan/Joel_Pardo/AI4LABOUR/Mejoras/results_coursera/models/tsdae_coursera/google-bert/bert-base-uncased,A_semantic_only,215,79b70e0eb0dc,monitor environmental impacts of production or development activities,4501,7e31f9e44f69,7,0.6960362195968628,0.6960362195968628,3.114096164703369,0.09090909361839294,0.8999999761581421,0.25990626215934753,0
/home/jovyan/Joel_Pardo/AI4LABOUR/Mejoras/results_coursera/models/tsdae_coursera/google-bert/bert-base-uncased,A_semantic_only,215,79b70e0eb0dc,monitor environmental impacts of production or development activities,2299,4344a6f8e289,8,0.6883500814437866,0.6883500814437866,3.0522990226745605,0.06666667014360428,0.5,0.32405343651771545,0
/home/jovyan/Joel_Pardo/AI4LABOUR/Mejoras/results_coursera/models/tsdae_coursera/google-bert/bert-base-uncased,A_semantic_only,215,79b70e0eb0dc,monitor environmental impacts of production or development activities,4989,f216a9fa6c2b,9,0.6880500316619873,0.6880500316619873,3.049886465072632,0.0,0.8999999761581421,0.1150062158703804,0
/home/jovyan/Joel_Pardo/AI4LABOUR/Mejoras/results_coursera/models/tsdae_coursera/google-bert/bert-base-uncased,A_semantic_only,215,79b70e0eb0dc,monitor environmental impacts of production or development activities,690,32402d5443a6,10,0.6863663792610168,0.6863663792610168,3.0363500118255615,0.0,0.6428571343421936,0.0,0
/home/jovyan/Joel_Pardo/AI4LABOUR/Mejoras/results_coursera/models/tsdae_coursera/google-bert/bert-base-uncased,A_semantic_only,216,f20501abeeb8,inspect condition of natural environments,2277,e2ee4e5d252a,1,0.6938740015029907,0.6938740015029907,3.637455701828003,0.0,0.5,0.0,0
/home/jovyan/Joel_Pardo/AI4LABOUR/Mejoras/results_coursera/models/tsdae_coursera/google-bert/bert-base-uncased,A_semantic_only,216,f20501abeeb8,inspect condition of natural environments,362,af64042459da,2,0.6925278902053833,0.6925278902053833,3.625169515609741,0.0,0.6666666865348816,0.0,0
/home/jovyan/Joel_Pardo/AI4LABOUR/Mejoras/results_coursera/models/tsdae_coursera/google-bert/bert-base-uncased,A_semantic_only,216,f20501abeeb8,inspect condition of natural environments,2627,13827adf3ebe,3,0.6776987910270691,0.6776987910270691,3.4898200035095215,0.0,0.31578946113586426,0.22432854771614075,0
/home/jovyan/Joel_Pardo/AI4LABOUR/Mejoras/results_coursera/models/tsdae_coursera/google-bert/bert-base-uncased,A_semantic_only,216,f20501abeeb8,inspect condition of natural environments,3816,d4dcc2b4ce0a,4,0.6731441020965576,0.6731441020965576,3.4482481479644775,0.0,0.8571428656578064,0.0,0
/home/jovyan/Joel_Pardo/AI4LABOUR/Mejoras/results_coursera/models/tsdae_coursera/google-bert/bert-base-uncased,A_semantic_only,216,f20501abeeb8,inspect condition of natural environments,4793,ecfb3bfe17da,5,0.6670995354652405,0.6670995354652405,3.3930776119232178,0.0,1.0,0.0,0
/home/jovyan/Joel_Pardo/AI4LABOUR/Mejoras/results_coursera/models/tsdae_coursera/google-bert/bert-base-uncased,A_semantic_only,216,f20501abeeb8,inspect condition of natural environments,3378,d2e5330ba975,6,0.6528520584106445,0.6528520584106445,3.2630369663238525,0.0,0.4285714328289032,0.16563840210437775,0
/home/jovyan/Joel_Pardo/AI4LABOUR/Mejoras/results_coursera/models/tsdae_coursera/google-bert/bert-base-uncased,A_semantic_only,216,f20501abeeb8,inspect condition of natural environments,4679,aa2e3ac253d9,7,0.6479439735412598,0.6479439735412598,3.2182395458221436,0.0,0.4285714328289032,0.16563840210437775,0
/home/jovyan/Joel_Pardo/AI4LABOUR/Mejoras/results_coursera/models/tsdae_coursera/google-bert/bert-base-uncased,A_semantic_only,216,f20501abeeb8,inspect condition of natural environments,3056,4b76c705aa42,8,0.6449149250984192,0.6449149250984192,3.1905925273895264,0.0,0.75,0.0,0
/home/jovyan/Joel_Pardo/AI4LABOUR/Mejoras/results_coursera/models/tsdae_coursera/google-bert/bert-base-uncased,A_semantic_only,216,f20501abeeb8,inspect condition of natural environments,4501,7e31f9e44f69,9,0.6431294083595276,0.6431294083595276,3.174295663833618,0.0,0.6000000238418579,0.21623414754867554,0
/home/jovyan/Joel_Pardo/AI4LABOUR/Mejoras/results_coursera/models/tsdae_coursera/google-bert/bert-base-uncased,A_semantic_only,216,f20501abeeb8,inspect condition of natural environments,4247,310c23fd2d02,10,0.6319005489349365,0.6319005489349365,3.0718066692352295,0.0,1.0,0.31133392453193665,0
/home/jovyan/Joel_Pardo/AI4LABOUR/Mejoras/results_coursera/models/tsdae_coursera/google-bert/bert-base-uncased,A_semantic_only,217,e2bfb92834a7,classify organisms based on their characteristics or behavior,1079,8cd953430cf0,1,0.6850968599319458,0.6850968599319458,3.7118186950683594,0.0,0.6428571343421936,0.0,0
/home/jovyan/Joel_Pardo/AI4LABOUR/Mejoras/results_coursera/models/tsdae_coursera/google-bert/bert-base-uncased,A_semantic_only,217,e2bfb92834a7,classify organisms based on their characteristics or behavior,3041,d58419ba221e,2,0.6850726008415222,0.6850726008415222,3.7115559577941895,0.0,0.28125,0.0,0
/home/jovyan/Joel_Pardo/AI4LABOUR/Mejoras/results_coursera/models/tsdae_coursera/google-bert/bert-base-uncased,A_semantic_only,217,e2bfb92834a7,classify organisms based on their characteristics or behavior,1797,b08da67facc1,3,0.6806281805038452,0.6806281805038452,3.6634552478790283,0.125,0.5555555820465088,0.5575573444366455,0
/home/jovyan/Joel_Pardo/AI4LABOUR/Mejoras/results_coursera/models/tsdae_coursera/google-bert/bert-base-uncased,A_semantic_only,217,e2bfb92834a7,classify organisms based on their characteristics or behavior,1080,196c26d7d8e9,4,0.6630470156669617,0.6630470156669617,3.4731791019439697,0.0,0.44999998807907104,0.0,0
/home/jovyan/Joel_Pardo/AI4LABOUR/Mejoras/results_coursera/models/tsdae_coursera/google-bert/bert-base-uncased,A_semantic_only,217,e2bfb92834a7,classify organisms based on their characteristics or behavior,3735,15e993a286c5,5,0.6523115634918213,0.6523115634918213,3.356992244720459,0.0625,0.692307710647583,0.28042489290237427,0
/home/jovyan/Joel_Pardo/AI4LABOUR/Mejoras/results_coursera/models/tsdae_coursera/google-bert/bert-base-uncased,A_semantic_only,217,e2bfb92834a7,classify organisms based on their characteristics or behavior,2618,01904a63687c,6,0.6473653316497803,0.6473653316497803,3.3034603595733643,0.0,0.8999999761581421,0.0,0
/home/jovyan/Joel_Pardo/AI4LABOUR/Mejoras/results_coursera/models/tsdae_coursera/google-bert/bert-base-uncased,A_semantic_only,217,e2bfb92834a7,classify organisms based on their characteristics or behavior,4859,48b964b8d9a2,7,0.6342617273330688,0.6342617273330688,3.1616437435150146,0.0,0.692307710647583,0.0,0
/home/jovyan/Joel_Pardo/AI4LABOUR/Mejoras/results_coursera/models/tsdae_coursera/google-bert/bert-base-uncased,A_semantic_only,217,e2bfb92834a7,classify organisms based on their characteristics or behavior,501,7e5e0cba4215,8,0.6320328712463379,0.6320328712463379,3.137521505355835,0.0,0.5555555820465088,0.0,0
/home/jovyan/Joel_Pardo/AI4LABOUR/Mejoras/results_coursera/models/tsdae_coursera/google-bert/bert-base-uncased,A_semantic_only,217,e2bfb92834a7,classify organisms based on their characteristics or behavior,2592,bf659a897a82,9,0.6317230463027954,0.6317230463027954,3.1341681480407715,0.0,0.6428571343421936,0.0,0
/home/jovyan/Joel_Pardo/AI4LABOUR/Mejoras/results_coursera/models/tsdae_coursera/google-bert/bert-base-uncased,A_semantic_only,217,e2bfb92834a7,classify organisms based on their characteristics or behavior,3588,a6818b8d1354,10,0.6222316026687622,0.6222316026687622,3.031445026397705,0.0,0.8181818127632141,0.0,0
/home/jovyan/Joel_Pardo/AI4LABOUR/Mejoras/results_coursera/models/tsdae_coursera/google-bert/bert-base-uncased,A_semantic_only,218,2f93e8f923e8,examine characteristics or behavior of living organisms,1797,b08da67facc1,1,0.7323086857795715,0.7323086857795715,3.8782782554626465,0.1428571492433548,0.625,0.8603200316429138,0
/home/jovyan/Joel_Pardo/AI4LABOUR/Mejoras/results_coursera/models/tsdae_coursera/google-bert/bert-base-uncased,A_semantic_only,218,2f93e8f923e8,examine characteristics or behavior of living organisms,3304,ecdd6aedb4c3,2,0.6944323182106018,0.6944323182106018,3.50393009185791,0.0,0.5,0.34543514251708984,0
/home/jovyan/Joel_Pardo/AI4LABOUR/Mejoras/results_coursera/models/tsdae_coursera/google-bert/bert-base-uncased,A_semantic_only,218,2f93e8f923e8,examine characteristics or behavior of living organisms,2627,13827adf3ebe,3,0.685615599155426,0.685615599155426,3.416790723800659,0.0,0.42105263471603394,0.19416676461696625,0
/home/jovyan/Joel_Pardo/AI4LABOUR/Mejoras/results_coursera/models/tsdae_coursera/google-bert/bert-base-uncased,A_semantic_only,218,2f93e8f923e8,examine characteristics or behavior of living organisms,3041,d58419ba221e,4,0.6802731156349182,0.6802731156349182,3.3639886379241943,0.0,0.25,0.0,0
/home/jovyan/Joel_Pardo/AI4LABOUR/Mejoras/results_coursera/models/tsdae_coursera/google-bert/bert-base-uncased,A_semantic_only,218,2f93e8f923e8,examine characteristics or behavior of living organisms,1080,196c26d7d8e9,5,0.6790517568588257,0.6790517568588257,3.3519175052642822,0.0,0.4000000059604645,0.1867685467004776,0
/home/jovyan/Joel_Pardo/AI4LABOUR/Mejoras/results_coursera/models/tsdae_coursera/google-bert/bert-base-uncased,A_semantic_only,218,2f93e8f923e8,examine characteristics or behavior of living organisms,1079,8cd953430cf0,6,0.6762035489082336,0.6762035489082336,3.3237674236297607,0.0,0.5714285969734192,0.0,0
/home/jovyan/Joel_Pardo/AI4LABOUR/Mejoras/results_coursera/models/tsdae_coursera/google-bert/bert-base-uncased,A_semantic_only,218,2f93e8f923e8,examine characteristics or behavior of living organisms,4194,60b2bc1c3e44,7,0.6607309579849243,0.6607309579849243,3.1708452701568604,0.0,0.375,0.0,0
/home/jovyan/Joel_Pardo/AI4LABOUR/Mejoras/results_coursera/models/tsdae_coursera/google-bert/bert-base-uncased,A_semantic_only,218,2f93e8f923e8,examine characteristics or behavior of living organisms,4159,85b33a7f44f2,8,0.6564213037490845,0.6564213037490845,3.128251075744629,0.0,0.380952388048172,0.17991341650485992,0
/home/jovyan/Joel_Pardo/AI4LABOUR/Mejoras/results_coursera/models/tsdae_coursera/google-bert/bert-base-uncased,A_semantic_only,218,2f93e8f923e8,examine characteristics or behavior of living organisms,501,7e5e0cba4215,9,0.652583122253418,0.652583122253418,3.0903167724609375,0.0,0.625,0.0,0
/home/jovyan/Joel_Pardo/AI4LABOUR/Mejoras/results_coursera/models/tsdae_coursera/google-bert/bert-base-uncased,A_semantic_only,218,2f93e8f923e8,examine characteristics or behavior of living organisms,3378,d2e5330ba975,10,0.6500555276870728,0.6500555276870728,3.065335512161255,0.0,0.5714285969734192,0.1433677226305008,0
/home/jovyan/Joel_Pardo/AI4LABOUR/Mejoras/results_coursera/models/tsdae_coursera/google-bert/bert-base-uncased,A_semantic_only,219,573d5b3bbb3d,operate laboratory or field equipment,3304,ecdd6aedb4c3,1,0.7046714425086975,0.7046714425086975,3.897399425506592,0.0,0.6666666865348816,0.0,0
/home/jovyan/Joel_Pardo/AI4LABOUR/Mejoras/results_coursera/models/tsdae_coursera/google-bert/bert-base-uncased,A_semantic_only,219,573d5b3bbb3d,operate laboratory or field equipment,4501,7e31f9e44f69,2,0.7040270566940308,0.7040270566940308,3.8912901878356934,0.0,0.6000000238418579,0.0,0
/home/jovyan/Joel_Pardo/AI4LABOUR/Mejoras/results_coursera/models/tsdae_coursera/google-bert/bert-base-uncased,A_semantic_only,219,573d5b3bbb3d,operate laboratory or field equipment,4499,a7b7131295ef,3,0.6881536245346069,0.6881536245346069,3.7407963275909424,0.0,0.6666666865348816,0.0,0
/home/jovyan/Joel_Pardo/AI4LABOUR/Mejoras/results_coursera/models/tsdae_coursera/google-bert/bert-base-uncased,A_semantic_only,219,573d5b3bbb3d,operate laboratory or field equipment,514,4771395651ce,4,0.6813681125640869,0.6813681125640869,3.6764636039733887,0.0,0.8333333134651184,0.0,0
/home/jovyan/Joel_Pardo/AI4LABOUR/Mejoras/results_coursera/models/tsdae_coursera/google-bert/bert-base-uncased,A_semantic_only,219,573d5b3bbb3d,operate laboratory or field equipment,3056,4b76c705aa42,5,0.6766428351402283,0.6766428351402283,3.6316640377044678,0.0,0.75,0.0,0
/home/jovyan/Joel_Pardo/AI4LABOUR/Mejoras/results_coursera/models/tsdae_coursera/google-bert/bert-base-uncased,A_semantic_only,219,573d5b3bbb3d,operate laboratory or field equipment,937,43b6a406ef58,6,0.6749377250671387,0.6749377250671387,3.6154980659484863,0.0,0.8333333134651184,0.0,0
/home/jovyan/Joel_Pardo/AI4LABOUR/Mejoras/results_coursera/models/tsdae_coursera/google-bert/bert-base-uncased,A_semantic_only,219,573d5b3bbb3d,operate laboratory or field equipment,4503,8c63b2397fed,7,0.6693434119224548,0.6693434119224548,3.5624589920043945,0.0,0.8333333134651184,0.0,0
/home/jovyan/Joel_Pardo/AI4LABOUR/Mejoras/results_coursera/models/tsdae_coursera/google-bert/bert-base-uncased,A_semantic_only,219,573d5b3bbb3d,operate laboratory or field equipment,1822,39932b592d9d,8,0.6674444079399109,0.6674444079399109,3.54445481300354,0.0,0.3333333432674408,0.0,0
/home/jovyan/Joel_Pardo/AI4LABOUR/Mejoras/results_coursera/models/tsdae_coursera/google-bert/bert-base-uncased,A_semantic_only,219,573d5b3bbb3d,operate laboratory or field equipment,1337,284a65d8619b,9,0.656174898147583,0.656174898147583,3.437610149383545,0.0,0.5,0.35341116786003113,0
/home/jovyan/Joel_Pardo/AI4LABOUR/Mejoras/results_coursera/models/tsdae_coursera/google-bert/bert-base-uncased,A_semantic_only,219,573d5b3bbb3d,operate laboratory or field equipment,3407,2ad419560ca0,10,0.6559867858886719,0.6559867858886719,3.4358267784118652,0.0,1.0,0.0,0
/home/jovyan/Joel_Pardo/AI4LABOUR/Mejoras/results_coursera/models/tsdae_coursera/google-bert/bert-base-uncased,A_semantic_only,220,7cd42be784e2,interpret design or operational test results,3116,e487c7bcbff2,1,0.7995709776878357,0.7995709776878357,3.4367663860321045,0.0,0.5714285969734192,0.0,0
/home/jovyan/Joel_Pardo/AI4LABOUR/Mejoras/results_coursera/models/tsdae_coursera/google-bert/bert-base-uncased,A_semantic_only,220,7cd42be784e2,interpret design or operational test results,4895,d9ed0b19f811,2,0.7960553765296936,0.7960553765296936,3.410163402557373,0.1666666716337204,0.4285714328289032,0.7802407741546631,0
/home/jovyan/Joel_Pardo/AI4LABOUR/Mejoras/results_coursera/models/tsdae_coursera/google-bert/bert-base-uncased,A_semantic_only,220,7cd42be784e2,interpret design or operational test results,3816,d4dcc2b4ce0a,3,0.7925897836685181,0.7925897836685181,3.383938789367676,0.0,1.0,0.0,0
/home/jovyan/Joel_Pardo/AI4LABOUR/Mejoras/results_coursera/models/tsdae_coursera/google-bert/bert-base-uncased,A_semantic_only,220,7cd42be784e2,interpret design or operational test results,3056,4b76c705aa42,4,0.7909896373748779,0.7909896373748779,3.371830463409424,0.1111111119389534,0.875,0.4286239743232727,0
/home/jovyan/Joel_Pardo/AI4LABOUR/Mejoras/results_coursera/models/tsdae_coursera/google-bert/bert-base-uncased,A_semantic_only,220,7cd42be784e2,interpret design or operational test results,2688,0950dcce7437,5,0.7879377603530884,0.7879377603530884,3.348736524581909,0.1428571492433548,0.5714285969734192,0.6702709197998047,0
/home/jovyan/Joel_Pardo/AI4LABOUR/Mejoras/results_coursera/models/tsdae_coursera/google-bert/bert-base-uncased,A_semantic_only,220,7cd42be784e2,interpret design or operational test results,3055,8589af0279c6,6,0.784099817276001,0.784099817276001,3.3196945190429688,0.125,1.0,0.47108280658721924,0
/home/jovyan/Joel_Pardo/AI4LABOUR/Mejoras/results_coursera/models/tsdae_coursera/google-bert/bert-base-uncased,A_semantic_only,220,7cd42be784e2,interpret design or operational test results,4503,8c63b2397fed,7,0.767332911491394,0.767332911491394,3.192817449569702,0.0,0.7142857313156128,0.0,0
/home/jovyan/Joel_Pardo/AI4LABOUR/Mejoras/results_coursera/models/tsdae_coursera/google-bert/bert-base-uncased,A_semantic_only,220,7cd42be784e2,interpret design or operational test results,3057,801d465b0d9e,8,0.7661463618278503,0.7661463618278503,3.1838388442993164,0.125,1.0,0.47108280658721924,0
/home/jovyan/Joel_Pardo/AI4LABOUR/Mejoras/results_coursera/models/tsdae_coursera/google-bert/bert-base-uncased,A_semantic_only,220,7cd42be784e2,interpret design or operational test results,3892,23b7ed1361dc,9,0.7629094123840332,0.7629094123840332,3.159344434738159,0.0,1.0,0.0,0
/home/jovyan/Joel_Pardo/AI4LABOUR/Mejoras/results_coursera/models/tsdae_coursera/google-bert/bert-base-uncased,A_semantic_only,220,7cd42be784e2,interpret design or operational test results,3813,d4fec0ffd15c,10,0.7624990940093994,0.7624990940093994,3.1562395095825195,0.0,0.6363636255264282,0.0,0
