model,preset,q_idx,q_label,q_text,cand_idx,cand_label,rank,score,sim,z,jacc,lenpen,bm25,mnn
/home/jovyan/Joel_Pardo/AI4LABOUR/Mejoras/results_coursera/models/simcse_coursera_hard/sentence-transformers/all-MiniLM-L6-v2,A_semantic_only,0,d52ebdd6c51c,train personnel on proper operational procedures,2206,2d6089baf90f,1,0.3562430143356323,0.3562430143356323,4.398410797119141,0.0,0.4285714328289032,0.0,0
/home/jovyan/Joel_Pardo/AI4LABOUR/Mejoras/results_coursera/models/simcse_coursera_hard/sentence-transformers/all-MiniLM-L6-v2,A_semantic_only,0,d52ebdd6c51c,train personnel on proper operational procedures,1300,b510e0f063cc,2,0.33067944645881653,0.33067944645881653,4.094092845916748,0.0,0.4285714328289032,0.0,0
/home/jovyan/Joel_Pardo/AI4LABOUR/Mejoras/results_coursera/models/simcse_coursera_hard/sentence-transformers/all-MiniLM-L6-v2,A_semantic_only,0,d52ebdd6c51c,train personnel on proper operational procedures,4171,0ea00d86baf8,3,0.3194096088409424,0.3194096088409424,3.959932565689087,0.0,0.5714285969734192,0.0,0
/home/jovyan/Joel_Pardo/AI4LABOUR/Mejoras/results_coursera/models/simcse_coursera_hard/sentence-transformers/all-MiniLM-L6-v2,A_semantic_only,0,d52ebdd6c51c,train personnel on proper operational procedures,1207,cde3daee3654,4,0.31706297397613525,0.31706297397613525,3.931997299194336,0.0,0.7142857313156128,0.0,0
/home/jovyan/Joel_Pardo/AI4LABOUR/Mejoras/results_coursera/models/simcse_coursera_hard/sentence-transformers/all-MiniLM-L6-v2,A_semantic_only,0,d52ebdd6c51c,train personnel on proper operational procedures,4855,0e550c83c7ff,5,0.3032796382904053,0.3032796382904053,3.7679154872894287,0.0,0.4285714328289032,0.0,0
/home/jovyan/Joel_Pardo/AI4LABOUR/Mejoras/results_coursera/models/simcse_coursera_hard/sentence-transformers/all-MiniLM-L6-v2,A_semantic_only,0,d52ebdd6c51c,train personnel on proper operational procedures,4224,40b1287b6f99,6,0.3016027808189392,0.3016027808189392,3.7479536533355713,0.0,0.4285714328289032,0.0,0
/home/jovyan/Joel_Pardo/AI4LABOUR/Mejoras/results_coursera/models/simcse_coursera_hard/sentence-transformers/all-MiniLM-L6-v2,A_semantic_only,0,d52ebdd6c51c,train personnel on proper operational procedures,3179,5ffef7f46939,7,0.2981158196926117,0.2981158196926117,3.7064435482025146,0.0,0.5714285969734192,0.0,0
/home/jovyan/Joel_Pardo/AI4LABOUR/Mejoras/results_coursera/models/simcse_coursera_hard/sentence-transformers/all-MiniLM-L6-v2,A_semantic_only,0,d52ebdd6c51c,train personnel on proper operational procedures,4905,a57e4cb16fc4,8,0.2979544401168823,0.2979544401168823,3.7045223712921143,0.0,0.4285714328289032,0.0,0
/home/jovyan/Joel_Pardo/AI4LABOUR/Mejoras/results_coursera/models/simcse_coursera_hard/sentence-transformers/all-MiniLM-L6-v2,A_semantic_only,0,d52ebdd6c51c,train personnel on proper operational procedures,4062,f5cd1e11c87f,9,0.29772356152534485,0.29772356152534485,3.7017738819122314,0.0,0.4285714328289032,0.0,0
/home/jovyan/Joel_Pardo/AI4LABOUR/Mejoras/results_coursera/models/simcse_coursera_hard/sentence-transformers/all-MiniLM-L6-v2,A_semantic_only,0,d52ebdd6c51c,train personnel on proper operational procedures,3050,c06738d7cb15,10,0.29699158668518066,0.29699158668518066,3.6930601596832275,0.0,0.7142857313156128,0.0,0
/home/jovyan/Joel_Pardo/AI4LABOUR/Mejoras/results_coursera/models/simcse_coursera_hard/sentence-transformers/all-MiniLM-L6-v2,A_semantic_only,1,06d678da6c8d,prepare procedural documents,4590,5d45850c5baa,1,0.48309892416000366,0.48309892416000366,6.169468402862549,0.25,0.75,0.8359322547912598,0
/home/jovyan/Joel_Pardo/AI4LABOUR/Mejoras/results_coursera/models/simcse_coursera_hard/sentence-transformers/all-MiniLM-L6-v2,A_semantic_only,1,06d678da6c8d,prepare procedural documents,170,8b7c50fed2a1,2,0.4375411868095398,0.4375411868095398,5.587122440338135,0.0,0.75,0.0,0
/home/jovyan/Joel_Pardo/AI4LABOUR/Mejoras/results_coursera/models/simcse_coursera_hard/sentence-transformers/all-MiniLM-L6-v2,A_semantic_only,1,06d678da6c8d,prepare procedural documents,1529,8c8790508d02,3,0.4138309061527252,0.4138309061527252,5.284043312072754,0.0,0.75,0.0,0
/home/jovyan/Joel_Pardo/AI4LABOUR/Mejoras/results_coursera/models/simcse_coursera_hard/sentence-transformers/all-MiniLM-L6-v2,A_semantic_only,1,06d678da6c8d,prepare procedural documents,2489,0b71467e6421,4,0.39959055185317993,0.39959055185317993,5.102015018463135,0.0,0.75,0.0,0
/home/jovyan/Joel_Pardo/AI4LABOUR/Mejoras/results_coursera/models/simcse_coursera_hard/sentence-transformers/all-MiniLM-L6-v2,A_semantic_only,1,06d678da6c8d,prepare procedural documents,4767,501c21443889,5,0.39527639746665955,0.39527639746665955,5.046868801116943,0.0,0.5,0.0,0
/home/jovyan/Joel_Pardo/AI4LABOUR/Mejoras/results_coursera/models/simcse_coursera_hard/sentence-transformers/all-MiniLM-L6-v2,A_semantic_only,1,06d678da6c8d,prepare procedural documents,2090,50716537594e,6,0.3948114514350891,0.3948114514350891,5.0409255027771,0.0,0.75,0.0,0
/home/jovyan/Joel_Pardo/AI4LABOUR/Mejoras/results_coursera/models/simcse_coursera_hard/sentence-transformers/all-MiniLM-L6-v2,A_semantic_only,1,06d678da6c8d,prepare procedural documents,855,834fcfea4206,7,0.3870623707771301,0.3870623707771301,4.9418721199035645,0.0,0.75,0.0,0
/home/jovyan/Joel_Pardo/AI4LABOUR/Mejoras/results_coursera/models/simcse_coursera_hard/sentence-transformers/all-MiniLM-L6-v2,A_semantic_only,1,06d678da6c8d,prepare procedural documents,2820,21f64da1e579,8,0.38682273030281067,0.38682273030281067,4.938808917999268,0.3333333432674408,0.5,1.0,0
/home/jovyan/Joel_Pardo/AI4LABOUR/Mejoras/results_coursera/models/simcse_coursera_hard/sentence-transformers/all-MiniLM-L6-v2,A_semantic_only,1,06d678da6c8d,prepare procedural documents,1303,a796f929350d,9,0.3860527276992798,0.3860527276992798,4.928966045379639,0.0,0.75,0.0,0
/home/jovyan/Joel_Pardo/AI4LABOUR/Mejoras/results_coursera/models/simcse_coursera_hard/sentence-transformers/all-MiniLM-L6-v2,A_semantic_only,1,06d678da6c8d,prepare procedural documents,4856,8854c5efcfea,10,0.3719044625759125,0.3719044625759125,4.748114585876465,0.0,0.75,0.0,0
/home/jovyan/Joel_Pardo/AI4LABOUR/Mejoras/results_coursera/models/simcse_coursera_hard/sentence-transformers/all-MiniLM-L6-v2,A_semantic_only,2,771b010da2fa,"recommend technical design or process changes to improve efficiency, quality, or performance",4793,ecfb3bfe17da,1,0.5668411254882812,0.5668411254882812,7.015676975250244,0.07692307978868484,0.4615384638309479,0.3802230656147003,0
/home/jovyan/Joel_Pardo/AI4LABOUR/Mejoras/results_coursera/models/simcse_coursera_hard/sentence-transformers/all-MiniLM-L6-v2,A_semantic_only,2,771b010da2fa,"recommend technical design or process changes to improve efficiency, quality, or performance",3303,8dee13915ca0,2,0.5439335703849792,0.5439335703849792,6.738982200622559,0.07692307978868484,0.6153846383094788,0.3116838037967682,0
/home/jovyan/Joel_Pardo/AI4LABOUR/Mejoras/results_coursera/models/simcse_coursera_hard/sentence-transformers/all-MiniLM-L6-v2,A_semantic_only,2,771b010da2fa,"recommend technical design or process changes to improve efficiency, quality, or performance",3413,0c3e5c7f3c75,3,0.533132016658783,0.533132016658783,6.608512878417969,0.10000000149011612,0.23076923191547394,0.5673700571060181,0
/home/jovyan/Joel_Pardo/AI4LABOUR/Mejoras/results_coursera/models/simcse_coursera_hard/sentence-transformers/all-MiniLM-L6-v2,A_semantic_only,2,771b010da2fa,"recommend technical design or process changes to improve efficiency, quality, or performance",5097,b18de4af858c,4,0.4564827084541321,0.4564827084541321,5.682684898376465,0.09090909361839294,0.3076923191547394,0.5441684722900391,0
/home/jovyan/Joel_Pardo/AI4LABOUR/Mejoras/results_coursera/models/simcse_coursera_hard/sentence-transformers/all-MiniLM-L6-v2,A_semantic_only,2,771b010da2fa,"recommend technical design or process changes to improve efficiency, quality, or performance",3891,6579f5e89913,5,0.4564555883407593,0.4564555883407593,5.682357311248779,0.0833333358168602,0.4615384638309479,0.4245058596134186,0
/home/jovyan/Joel_Pardo/AI4LABOUR/Mejoras/results_coursera/models/simcse_coursera_hard/sentence-transformers/all-MiniLM-L6-v2,A_semantic_only,2,771b010da2fa,"recommend technical design or process changes to improve efficiency, quality, or performance",2365,103eab151086,6,0.4056904911994934,0.4056904911994934,5.069178104400635,0.2222222238779068,0.23076923191547394,1.0,0
/home/jovyan/Joel_Pardo/AI4LABOUR/Mejoras/results_coursera/models/simcse_coursera_hard/sentence-transformers/all-MiniLM-L6-v2,A_semantic_only,2,771b010da2fa,"recommend technical design or process changes to improve efficiency, quality, or performance",4130,a7c4c4994d02,7,0.3961998224258423,0.3961998224258423,4.954542636871338,0.10000000149011612,0.23076923191547394,0.6781270503997803,0
/home/jovyan/Joel_Pardo/AI4LABOUR/Mejoras/results_coursera/models/simcse_coursera_hard/sentence-transformers/all-MiniLM-L6-v2,A_semantic_only,2,771b010da2fa,"recommend technical design or process changes to improve efficiency, quality, or performance",2479,8cee47cceb1c,8,0.3958660960197449,0.3958660960197449,4.950511455535889,0.10000000149011612,0.23076923191547394,0.5673700571060181,0
/home/jovyan/Joel_Pardo/AI4LABOUR/Mejoras/results_coursera/models/simcse_coursera_hard/sentence-transformers/all-MiniLM-L6-v2,A_semantic_only,2,771b010da2fa,"recommend technical design or process changes to improve efficiency, quality, or performance",78,cefdec315735,9,0.37309530377388,0.37309530377388,4.675468444824219,0.09090909361839294,0.3076923191547394,0.37165355682373047,0
/home/jovyan/Joel_Pardo/AI4LABOUR/Mejoras/results_coursera/models/simcse_coursera_hard/sentence-transformers/all-MiniLM-L6-v2,A_semantic_only,2,771b010da2fa,"recommend technical design or process changes to improve efficiency, quality, or performance",1950,26eeaf26a09d,10,0.34799396991729736,0.34799396991729736,4.3722758293151855,0.0714285746216774,0.6153846383094788,0.3116838037967682,0
/home/jovyan/Joel_Pardo/AI4LABOUR/Mejoras/results_coursera/models/simcse_coursera_hard/sentence-transformers/all-MiniLM-L6-v2,A_semantic_only,3,33b4e36b0d81,confer with technical personnel to prepare designs or operational plans,2899,02494e9ed104,1,0.44533711671829224,0.44533711671829224,5.014251708984375,0.1111111119389534,0.3636363744735718,0.6025394201278687,0
/home/jovyan/Joel_Pardo/AI4LABOUR/Mejoras/results_coursera/models/simcse_coursera_hard/sentence-transformers/all-MiniLM-L6-v2,A_semantic_only,3,33b4e36b0d81,confer with technical personnel to prepare designs or operational plans,4310,506583358173,2,0.43210306763648987,0.43210306763648987,4.87129545211792,0.09090909361839294,0.6363636255264282,0.5074306130409241,0
/home/jovyan/Joel_Pardo/AI4LABOUR/Mejoras/results_coursera/models/simcse_coursera_hard/sentence-transformers/all-MiniLM-L6-v2,A_semantic_only,3,33b4e36b0d81,confer with technical personnel to prepare designs or operational plans,4534,bb4a7577438c,3,0.4159476161003113,0.4159476161003113,4.696781635284424,0.0,0.27272728085517883,0.0,0
/home/jovyan/Joel_Pardo/AI4LABOUR/Mejoras/results_coursera/models/simcse_coursera_hard/sentence-transformers/all-MiniLM-L6-v2,A_semantic_only,3,33b4e36b0d81,confer with technical personnel to prepare designs or operational plans,2090,50716537594e,4,0.3988145589828491,0.3988145589828491,4.511707782745361,0.0,0.27272728085517883,0.0,0
/home/jovyan/Joel_Pardo/AI4LABOUR/Mejoras/results_coursera/models/simcse_coursera_hard/sentence-transformers/all-MiniLM-L6-v2,A_semantic_only,3,33b4e36b0d81,confer with technical personnel to prepare designs or operational plans,4311,dad8075f10c2,5,0.3954504132270813,0.3954504132270813,4.475367546081543,0.10000000149011612,0.6363636255264282,0.5074306130409241,0
/home/jovyan/Joel_Pardo/AI4LABOUR/Mejoras/results_coursera/models/simcse_coursera_hard/sentence-transformers/all-MiniLM-L6-v2,A_semantic_only,3,33b4e36b0d81,confer with technical personnel to prepare designs or operational plans,3331,bd1098fcfc05,6,0.3704283833503723,0.3704283833503723,4.205075740814209,0.1111111119389534,0.3636363744735718,0.8341408967971802,0
/home/jovyan/Joel_Pardo/AI4LABOUR/Mejoras/results_coursera/models/simcse_coursera_hard/sentence-transformers/all-MiniLM-L6-v2,A_semantic_only,3,33b4e36b0d81,confer with technical personnel to prepare designs or operational plans,4896,1d892e09d5fd,7,0.365833580493927,0.365833580493927,4.155441761016846,0.0,0.3636363744735718,0.0,0
/home/jovyan/Joel_Pardo/AI4LABOUR/Mejoras/results_coursera/models/simcse_coursera_hard/sentence-transformers/all-MiniLM-L6-v2,A_semantic_only,3,33b4e36b0d81,confer with technical personnel to prepare designs or operational plans,4855,0e550c83c7ff,8,0.36314326524734497,0.36314326524734497,4.126380920410156,0.0,0.27272728085517883,0.0,0
/home/jovyan/Joel_Pardo/AI4LABOUR/Mejoras/results_coursera/models/simcse_coursera_hard/sentence-transformers/all-MiniLM-L6-v2,A_semantic_only,3,33b4e36b0d81,confer with technical personnel to prepare designs or operational plans,3983,1292506f4417,9,0.3468417525291443,0.3468417525291443,3.950289249420166,0.0,0.3636363744735718,0.0,0
/home/jovyan/Joel_Pardo/AI4LABOUR/Mejoras/results_coursera/models/simcse_coursera_hard/sentence-transformers/all-MiniLM-L6-v2,A_semantic_only,3,33b4e36b0d81,confer with technical personnel to prepare designs or operational plans,4224,40b1287b6f99,10,0.3452364206314087,0.3452364206314087,3.932948112487793,0.0,0.27272728085517883,0.0,0
/home/jovyan/Joel_Pardo/AI4LABOUR/Mejoras/results_coursera/models/simcse_coursera_hard/sentence-transformers/all-MiniLM-L6-v2,A_semantic_only,4,9fc64a999e12,"communicate technical information to suppliers, contractors, or regulatory agencies",3354,76fd13c1a72a,1,0.3528307378292084,0.3528307378292084,4.373541355133057,0.0,0.30000001192092896,0.0,0
/home/jovyan/Joel_Pardo/AI4LABOUR/Mejoras/results_coursera/models/simcse_coursera_hard/sentence-transformers/all-MiniLM-L6-v2,A_semantic_only,4,9fc64a999e12,"communicate technical information to suppliers, contractors, or regulatory agencies",4184,1a65e7830d95,2,0.33523204922676086,0.33523204922676086,4.156961917877197,0.125,0.30000001192092896,0.7407174110412598,0
/home/jovyan/Joel_Pardo/AI4LABOUR/Mejoras/results_coursera/models/simcse_coursera_hard/sentence-transformers/all-MiniLM-L6-v2,A_semantic_only,4,9fc64a999e12,"communicate technical information to suppliers, contractors, or regulatory agencies",1218,b9b3e925b818,3,0.3078499138355255,0.3078499138355255,3.819981098175049,0.0,0.30000001192092896,0.0,0
/home/jovyan/Joel_Pardo/AI4LABOUR/Mejoras/results_coursera/models/simcse_coursera_hard/sentence-transformers/all-MiniLM-L6-v2,A_semantic_only,4,9fc64a999e12,"communicate technical information to suppliers, contractors, or regulatory agencies",4453,d9ea7797e0d6,4,0.30533093214035034,0.30533093214035034,3.7889811992645264,0.0833333358168602,1.0,0.5498296022415161,0
/home/jovyan/Joel_Pardo/AI4LABOUR/Mejoras/results_coursera/models/simcse_coursera_hard/sentence-transformers/all-MiniLM-L6-v2,A_semantic_only,4,9fc64a999e12,"communicate technical information to suppliers, contractors, or regulatory agencies",1200,f1d480de34a2,5,0.30368244647979736,0.30368244647979736,3.7686939239501953,0.0,0.30000001192092896,0.0,0
/home/jovyan/Joel_Pardo/AI4LABOUR/Mejoras/results_coursera/models/simcse_coursera_hard/sentence-transformers/all-MiniLM-L6-v2,A_semantic_only,4,9fc64a999e12,"communicate technical information to suppliers, contractors, or regulatory agencies",4317,23c804cca060,6,0.30099910497665405,0.30099910497665405,3.735671281814575,0.0,0.30000001192092896,0.0,0
/home/jovyan/Joel_Pardo/AI4LABOUR/Mejoras/results_coursera/models/simcse_coursera_hard/sentence-transformers/all-MiniLM-L6-v2,A_semantic_only,4,9fc64a999e12,"communicate technical information to suppliers, contractors, or regulatory agencies",145,28d847b0e520,7,0.3002002537250519,0.3002002537250519,3.7258400917053223,0.03703703731298447,0.29411765933036804,0.2405102550983429,0
/home/jovyan/Joel_Pardo/AI4LABOUR/Mejoras/results_coursera/models/simcse_coursera_hard/sentence-transformers/all-MiniLM-L6-v2,A_semantic_only,4,9fc64a999e12,"communicate technical information to suppliers, contractors, or regulatory agencies",3309,68232321735d,8,0.29670023918151855,0.29670023918151855,3.682766914367676,0.0,0.4000000059604645,0.0,0
/home/jovyan/Joel_Pardo/AI4LABOUR/Mejoras/results_coursera/models/simcse_coursera_hard/sentence-transformers/all-MiniLM-L6-v2,A_semantic_only,4,9fc64a999e12,"communicate technical information to suppliers, contractors, or regulatory agencies",3175,89ed3d47d132,9,0.28981316089630127,0.28981316089630127,3.598010301589966,0.0,0.4000000059604645,0.0,0
/home/jovyan/Joel_Pardo/AI4LABOUR/Mejoras/results_coursera/models/simcse_coursera_hard/sentence-transformers/all-MiniLM-L6-v2,A_semantic_only,4,9fc64a999e12,"communicate technical information to suppliers, contractors, or regulatory agencies",418,d32a11e24d2e,10,0.28753456473350525,0.28753456473350525,3.5699687004089355,0.0,0.5,0.0,0
/home/jovyan/Joel_Pardo/AI4LABOUR/Mejoras/results_coursera/models/simcse_coursera_hard/sentence-transformers/all-MiniLM-L6-v2,A_semantic_only,5,abdac161e57b,design medical devices or appliances,1421,c88a10398d0d,1,0.5998744964599609,0.5998744964599609,7.6413187980651855,0.20000000298023224,0.5,0.7869473099708557,0
/home/jovyan/Joel_Pardo/AI4LABOUR/Mejoras/results_coursera/models/simcse_coursera_hard/sentence-transformers/all-MiniLM-L6-v2,A_semantic_only,5,abdac161e57b,design medical devices or appliances,4412,a558f59f975e,2,0.5019050240516663,0.5019050240516663,6.396632194519043,0.4000000059604645,0.8333333134651184,1.0,0
/home/jovyan/Joel_Pardo/AI4LABOUR/Mejoras/results_coursera/models/simcse_coursera_hard/sentence-transformers/all-MiniLM-L6-v2,A_semantic_only,5,abdac161e57b,design medical devices or appliances,3448,e4f3b5639229,3,0.4686032831668854,0.4686032831668854,5.973538875579834,0.20000000298023224,0.5,0.8478910326957703,0
/home/jovyan/Joel_Pardo/AI4LABOUR/Mejoras/results_coursera/models/simcse_coursera_hard/sentence-transformers/all-MiniLM-L6-v2,A_semantic_only,5,abdac161e57b,design medical devices or appliances,289,09156eaf9ed2,4,0.3847942054271698,0.3847942054271698,4.90875768661499,0.20000000298023224,0.5,0.8478910326957703,0
/home/jovyan/Joel_Pardo/AI4LABOUR/Mejoras/results_coursera/models/simcse_coursera_hard/sentence-transformers/all-MiniLM-L6-v2,A_semantic_only,5,abdac161e57b,design medical devices or appliances,3920,31ec69d8e7e4,5,0.38449084758758545,0.38449084758758545,4.904903888702393,0.0,0.5,0.0,0
/home/jovyan/Joel_Pardo/AI4LABOUR/Mejoras/results_coursera/models/simcse_coursera_hard/sentence-transformers/all-MiniLM-L6-v2,A_semantic_only,5,abdac161e57b,design medical devices or appliances,3390,31fc544d01c2,6,0.37188953161239624,0.37188953161239624,4.744805812835693,0.0,0.5,0.0,0
/home/jovyan/Joel_Pardo/AI4LABOUR/Mejoras/results_coursera/models/simcse_coursera_hard/sentence-transformers/all-MiniLM-L6-v2,A_semantic_only,5,abdac161e57b,design medical devices or appliances,3379,baa41401a00d,7,0.366621732711792,0.366621732711792,4.677879333496094,0.20000000298023224,0.5,0.7869473099708557,0
/home/jovyan/Joel_Pardo/AI4LABOUR/Mejoras/results_coursera/models/simcse_coursera_hard/sentence-transformers/all-MiniLM-L6-v2,A_semantic_only,5,abdac161e57b,design medical devices or appliances,3825,878efe7aaf4d,8,0.365378737449646,0.365378737449646,4.662087440490723,0.20000000298023224,0.5,0.7869473099708557,0
/home/jovyan/Joel_Pardo/AI4LABOUR/Mejoras/results_coursera/models/simcse_coursera_hard/sentence-transformers/all-MiniLM-L6-v2,A_semantic_only,5,abdac161e57b,design medical devices or appliances,4729,1d83ab47ce3e,9,0.360454797744751,0.360454797744751,4.599529266357422,0.20000000298023224,0.5,0.4802444577217102,0
/home/jovyan/Joel_Pardo/AI4LABOUR/Mejoras/results_coursera/models/simcse_coursera_hard/sentence-transformers/all-MiniLM-L6-v2,A_semantic_only,5,abdac161e57b,design medical devices or appliances,1841,e649d3f24f2b,10,0.35803794860839844,0.35803794860839844,4.56882381439209,0.1666666716337204,0.6666666865348816,0.4125571548938751,0
/home/jovyan/Joel_Pardo/AI4LABOUR/Mejoras/results_coursera/models/simcse_coursera_hard/sentence-transformers/all-MiniLM-L6-v2,A_semantic_only,6,75e527217c38,research engineering aspects of biological or chemical processes,3142,ed60f88fd612,1,0.5409541130065918,0.5409541130065918,6.825106620788574,0.1428571492433548,0.3333333432674408,0.4009232223033905,0
/home/jovyan/Joel_Pardo/AI4LABOUR/Mejoras/results_coursera/models/simcse_coursera_hard/sentence-transformers/all-MiniLM-L6-v2,A_semantic_only,6,75e527217c38,research engineering aspects of biological or chemical processes,3797,74f3fd3bb3da,2,0.48661866784095764,0.48661866784095764,6.162108898162842,0.3333333432674408,0.3333333432674408,1.0,0
/home/jovyan/Joel_Pardo/AI4LABOUR/Mejoras/results_coursera/models/simcse_coursera_hard/sentence-transformers/all-MiniLM-L6-v2,A_semantic_only,6,75e527217c38,research engineering aspects of biological or chemical processes,3856,3e81bb54c44c,3,0.4062963128089905,0.4062963128089905,5.182021617889404,0.0,0.3333333432674408,0.0,0
/home/jovyan/Joel_Pardo/AI4LABOUR/Mejoras/results_coursera/models/simcse_coursera_hard/sentence-transformers/all-MiniLM-L6-v2,A_semantic_only,6,75e527217c38,research engineering aspects of biological or chemical processes,3781,22b12fb7265d,4,0.39434412121772766,0.39434412121772766,5.036181926727295,0.125,0.5555555820465088,0.2752540707588196,0
/home/jovyan/Joel_Pardo/AI4LABOUR/Mejoras/results_coursera/models/simcse_coursera_hard/sentence-transformers/all-MiniLM-L6-v2,A_semantic_only,6,75e527217c38,research engineering aspects of biological or chemical processes,2702,3dbe8eacf32d,5,0.3922192454338074,0.3922192454338074,5.010254383087158,0.125,0.4444444477558136,0.34441572427749634,0
/home/jovyan/Joel_Pardo/AI4LABOUR/Mejoras/results_coursera/models/simcse_coursera_hard/sentence-transformers/all-MiniLM-L6-v2,A_semantic_only,6,75e527217c38,research engineering aspects of biological or chemical processes,78,cefdec315735,6,0.37271609902381897,0.37271609902381897,4.772278308868408,0.125,0.4444444477558136,0.4065115749835968,0
/home/jovyan/Joel_Pardo/AI4LABOUR/Mejoras/results_coursera/models/simcse_coursera_hard/sentence-transformers/all-MiniLM-L6-v2,A_semantic_only,6,75e527217c38,research engineering aspects of biological or chemical processes,1412,e63b1bee1602,7,0.3556479513645172,0.3556479513645172,4.564014434814453,0.0,0.4444444477558136,0.0,0
/home/jovyan/Joel_Pardo/AI4LABOUR/Mejoras/results_coursera/models/simcse_coursera_hard/sentence-transformers/all-MiniLM-L6-v2,A_semantic_only,6,75e527217c38,research engineering aspects of biological or chemical processes,3041,d58419ba221e,8,0.35139405727386475,0.35139405727386475,4.512108325958252,0.03703703731298447,0.28125,0.06349026411771774,0
/home/jovyan/Joel_Pardo/AI4LABOUR/Mejoras/results_coursera/models/simcse_coursera_hard/sentence-transformers/all-MiniLM-L6-v2,A_semantic_only,6,75e527217c38,research engineering aspects of biological or chemical processes,3306,1e9422ec7cfe,9,0.34786203503608704,0.34786203503608704,4.469010829925537,0.0,0.3333333432674408,0.0,0
/home/jovyan/Joel_Pardo/AI4LABOUR/Mejoras/results_coursera/models/simcse_coursera_hard/sentence-transformers/all-MiniLM-L6-v2,A_semantic_only,6,75e527217c38,research engineering aspects of biological or chemical processes,4573,ab8abbf29b89,10,0.3343871235847473,0.3343871235847473,4.304591178894043,0.1428571492433548,0.3333333432674408,0.4009232223033905,0
/home/jovyan/Joel_Pardo/AI4LABOUR/Mejoras/results_coursera/models/simcse_coursera_hard/sentence-transformers/all-MiniLM-L6-v2,A_semantic_only,7,bfcc3cdee21d,devise research or testing protocols,1893,e70f70131331,1,0.4301656484603882,0.4301656484603882,5.216256141662598,0.20000000298023224,0.5,0.7492950558662415,0
/home/jovyan/Joel_Pardo/AI4LABOUR/Mejoras/results_coursera/models/simcse_coursera_hard/sentence-transformers/all-MiniLM-L6-v2,A_semantic_only,7,bfcc3cdee21d,devise research or testing protocols,4119,2857869a24ae,2,0.39329177141189575,0.39329177141189575,4.773425102233887,0.20000000298023224,0.5,0.660946786403656,0
/home/jovyan/Joel_Pardo/AI4LABOUR/Mejoras/results_coursera/models/simcse_coursera_hard/sentence-transformers/all-MiniLM-L6-v2,A_semantic_only,7,bfcc3cdee21d,devise research or testing protocols,1417,3432f1a88aa3,3,0.38287830352783203,0.38287830352783203,4.648366451263428,0.20000000298023224,0.5,0.660946786403656,0
/home/jovyan/Joel_Pardo/AI4LABOUR/Mejoras/results_coursera/models/simcse_coursera_hard/sentence-transformers/all-MiniLM-L6-v2,A_semantic_only,7,bfcc3cdee21d,devise research or testing protocols,3844,9d3455eb929f,4,0.3768051862716675,0.3768051862716675,4.575432300567627,0.1428571492433548,1.0,0.6701500415802002,0
/home/jovyan/Joel_Pardo/AI4LABOUR/Mejoras/results_coursera/models/simcse_coursera_hard/sentence-transformers/all-MiniLM-L6-v2,A_semantic_only,7,bfcc3cdee21d,devise research or testing protocols,2441,cf49acca1f31,5,0.37176018953323364,0.37176018953323364,4.514845371246338,0.20000000298023224,0.5,0.660946786403656,0
/home/jovyan/Joel_Pardo/AI4LABOUR/Mejoras/results_coursera/models/simcse_coursera_hard/sentence-transformers/all-MiniLM-L6-v2,A_semantic_only,7,bfcc3cdee21d,devise research or testing protocols,4655,d2cb89335985,6,0.3603469729423523,0.3603469729423523,4.377780437469482,0.20000000298023224,0.5,0.660946786403656,0
/home/jovyan/Joel_Pardo/AI4LABOUR/Mejoras/results_coursera/models/simcse_coursera_hard/sentence-transformers/all-MiniLM-L6-v2,A_semantic_only,7,bfcc3cdee21d,devise research or testing protocols,332,444510b9c3c3,7,0.3474936783313751,0.3474936783313751,4.2234206199646,0.20000000298023224,0.5,0.660946786403656,0
/home/jovyan/Joel_Pardo/AI4LABOUR/Mejoras/results_coursera/models/simcse_coursera_hard/sentence-transformers/all-MiniLM-L6-v2,A_semantic_only,7,bfcc3cdee21d,devise research or testing protocols,4393,9c6ebcadd478,8,0.34077775478363037,0.34077775478363037,4.142766952514648,0.20000000298023224,0.6666666865348816,0.643686830997467,0
/home/jovyan/Joel_Pardo/AI4LABOUR/Mejoras/results_coursera/models/simcse_coursera_hard/sentence-transformers/all-MiniLM-L6-v2,A_semantic_only,7,bfcc3cdee21d,devise research or testing protocols,2145,9138209c72a6,9,0.33608710765838623,0.33608710765838623,4.086435317993164,0.0,1.0,0.0,0
/home/jovyan/Joel_Pardo/AI4LABOUR/Mejoras/results_coursera/models/simcse_coursera_hard/sentence-transformers/all-MiniLM-L6-v2,A_semantic_only,7,bfcc3cdee21d,devise research or testing protocols,996,eb5a117881d1,10,0.3301458954811096,0.3301458954811096,4.015085220336914,0.20000000298023224,0.5,0.660946786403656,0
/home/jovyan/Joel_Pardo/AI4LABOUR/Mejoras/results_coursera/models/simcse_coursera_hard/sentence-transformers/all-MiniLM-L6-v2,A_semantic_only,8,04d0abdf0b41,develop operational methods or processes that use green materials or emphasize sustainability,4868,4d414f6fd118,1,0.4160681366920471,0.4160681366920471,4.941390037536621,0.09090909361839294,0.23076923191547394,0.7015606164932251,0
/home/jovyan/Joel_Pardo/AI4LABOUR/Mejoras/results_coursera/models/simcse_coursera_hard/sentence-transformers/all-MiniLM-L6-v2,A_semantic_only,8,04d0abdf0b41,develop operational methods or processes that use green materials or emphasize sustainability,3802,53580bf7ebf9,2,0.3781697154045105,0.3781697154045105,4.515208721160889,0.09090909361839294,0.23076923191547394,0.7015606164932251,0
/home/jovyan/Joel_Pardo/AI4LABOUR/Mejoras/results_coursera/models/simcse_coursera_hard/sentence-transformers/all-MiniLM-L6-v2,A_semantic_only,8,04d0abdf0b41,develop operational methods or processes that use green materials or emphasize sustainability,4480,7fb0a83a1950,3,0.361122190952301,0.361122190952301,4.323503017425537,0.0833333358168602,0.3076923191547394,0.6026802659034729,0
/home/jovyan/Joel_Pardo/AI4LABOUR/Mejoras/results_coursera/models/simcse_coursera_hard/sentence-transformers/all-MiniLM-L6-v2,A_semantic_only,8,04d0abdf0b41,develop operational methods or processes that use green materials or emphasize sustainability,2408,1ff03df31f34,4,0.3492887616157532,0.3492887616157532,4.190432071685791,0.0833333358168602,0.3076923191547394,0.6026802659034729,0
/home/jovyan/Joel_Pardo/AI4LABOUR/Mejoras/results_coursera/models/simcse_coursera_hard/sentence-transformers/all-MiniLM-L6-v2,A_semantic_only,8,04d0abdf0b41,develop operational methods or processes that use green materials or emphasize sustainability,1691,19ae2b3326d0,5,0.3373947739601135,0.3373947739601135,4.056679725646973,0.0714285746216774,0.7692307829856873,0.3486242890357971,0
/home/jovyan/Joel_Pardo/AI4LABOUR/Mejoras/results_coursera/models/simcse_coursera_hard/sentence-transformers/all-MiniLM-L6-v2,A_semantic_only,8,04d0abdf0b41,develop operational methods or processes that use green materials or emphasize sustainability,2875,38cb82650562,6,0.33654966950416565,0.33654966950416565,4.047176361083984,0.09090909361839294,0.23076923191547394,0.7015606164932251,0
/home/jovyan/Joel_Pardo/AI4LABOUR/Mejoras/results_coursera/models/simcse_coursera_hard/sentence-transformers/all-MiniLM-L6-v2,A_semantic_only,8,04d0abdf0b41,develop operational methods or processes that use green materials or emphasize sustainability,1177,8ef1306520ed,7,0.3333362340927124,0.3333362340927124,4.011040210723877,0.09090909361839294,0.23076923191547394,0.7015606164932251,0
/home/jovyan/Joel_Pardo/AI4LABOUR/Mejoras/results_coursera/models/simcse_coursera_hard/sentence-transformers/all-MiniLM-L6-v2,A_semantic_only,8,04d0abdf0b41,develop operational methods or processes that use green materials or emphasize sustainability,3586,f77f2bcecc27,8,0.3207109570503235,0.3207109570503235,3.8690643310546875,0.13333334028720856,0.6153846383094788,0.7350562810897827,0
/home/jovyan/Joel_Pardo/AI4LABOUR/Mejoras/results_coursera/models/simcse_coursera_hard/sentence-transformers/all-MiniLM-L6-v2,A_semantic_only,8,04d0abdf0b41,develop operational methods or processes that use green materials or emphasize sustainability,1405,06c62fc8558d,9,0.30809956789016724,0.30809956789016724,3.7272448539733887,0.0,0.4615384638309479,0.0,0
/home/jovyan/Joel_Pardo/AI4LABOUR/Mejoras/results_coursera/models/simcse_coursera_hard/sentence-transformers/all-MiniLM-L6-v2,A_semantic_only,8,04d0abdf0b41,develop operational methods or processes that use green materials or emphasize sustainability,1412,e63b1bee1602,10,0.30481815338134766,0.30481815338134766,3.6903440952301025,0.0,0.3076923191547394,0.0,0
/home/jovyan/Joel_Pardo/AI4LABOUR/Mejoras/results_coursera/models/simcse_coursera_hard/sentence-transformers/all-MiniLM-L6-v2,A_semantic_only,9,3cdbc3929112,develop technical methods or processes,80,5402ba93471c,1,0.5292866826057434,0.5292866826057434,5.77146577835083,0.1666666716337204,0.6666666865348816,0.7678654789924622,0
/home/jovyan/Joel_Pardo/AI4LABOUR/Mejoras/results_coursera/models/simcse_coursera_hard/sentence-transformers/all-MiniLM-L6-v2,A_semantic_only,9,3cdbc3929112,develop technical methods or processes,3327,7fab491d7371,2,0.47958850860595703,0.47958850860595703,5.244438171386719,0.0,0.6666666865348816,0.0,0
/home/jovyan/Joel_Pardo/AI4LABOUR/Mejoras/results_coursera/models/simcse_coursera_hard/sentence-transformers/all-MiniLM-L6-v2,A_semantic_only,9,3cdbc3929112,develop technical methods or processes,3586,f77f2bcecc27,3,0.4589729309082031,0.4589729309082031,5.025819301605225,0.2222222238779068,0.75,0.9962165355682373,0
/home/jovyan/Joel_Pardo/AI4LABOUR/Mejoras/results_coursera/models/simcse_coursera_hard/sentence-transformers/all-MiniLM-L6-v2,A_semantic_only,9,3cdbc3929112,develop technical methods or processes,3303,8dee13915ca0,4,0.3888095021247864,0.3888095021247864,4.281766891479492,0.125,0.75,0.45921799540519714,0
/home/jovyan/Joel_Pardo/AI4LABOUR/Mejoras/results_coursera/models/simcse_coursera_hard/sentence-transformers/all-MiniLM-L6-v2,A_semantic_only,9,3cdbc3929112,develop technical methods or processes,1412,e63b1bee1602,5,0.38740742206573486,0.38740742206573486,4.2668986320495605,0.0,0.6666666865348816,0.0,0
/home/jovyan/Joel_Pardo/AI4LABOUR/Mejoras/results_coursera/models/simcse_coursera_hard/sentence-transformers/all-MiniLM-L6-v2,A_semantic_only,9,3cdbc3929112,develop technical methods or processes,5038,d81a55777dc2,6,0.37962034344673157,0.37962034344673157,4.184319972991943,0.0,0.6666666865348816,0.0,0
/home/jovyan/Joel_Pardo/AI4LABOUR/Mejoras/results_coursera/models/simcse_coursera_hard/sentence-transformers/all-MiniLM-L6-v2,A_semantic_only,9,3cdbc3929112,develop technical methods or processes,1629,a9ac5a6cc3cb,7,0.3765677213668823,0.3765677213668823,4.151947975158691,0.25,0.3333333432674408,1.0,0
/home/jovyan/Joel_Pardo/AI4LABOUR/Mejoras/results_coursera/models/simcse_coursera_hard/sentence-transformers/all-MiniLM-L6-v2,A_semantic_only,9,3cdbc3929112,develop technical methods or processes,2364,e7f8b2c6810a,8,0.37534093856811523,0.37534093856811523,4.138938903808594,0.0,0.5,0.0,0
/home/jovyan/Joel_Pardo/AI4LABOUR/Mejoras/results_coursera/models/simcse_coursera_hard/sentence-transformers/all-MiniLM-L6-v2,A_semantic_only,9,3cdbc3929112,develop technical methods or processes,1184,d3d06761a9d7,9,0.36567452549934387,0.36567452549934387,4.036430835723877,0.0,0.6000000238418579,0.0,0
/home/jovyan/Joel_Pardo/AI4LABOUR/Mejoras/results_coursera/models/simcse_coursera_hard/sentence-transformers/all-MiniLM-L6-v2,A_semantic_only,9,3cdbc3929112,develop technical methods or processes,78,cefdec315735,10,0.35833823680877686,0.35833823680877686,3.958632469177246,0.1666666716337204,0.6666666865348816,0.7678654789924622,0
/home/jovyan/Joel_Pardo/AI4LABOUR/Mejoras/results_coursera/models/simcse_coursera_hard/sentence-transformers/all-MiniLM-L6-v2,A_semantic_only,10,365ec2897755,create models of engineering designs or methods,3314,5ccae7640253,1,0.547160804271698,0.547160804271698,5.6091718673706055,0.125,0.625,0.5038906931877136,0
/home/jovyan/Joel_Pardo/AI4LABOUR/Mejoras/results_coursera/models/simcse_coursera_hard/sentence-transformers/all-MiniLM-L6-v2,A_semantic_only,10,365ec2897755,create models of engineering designs or methods,5038,d81a55777dc2,2,0.4905252158641815,0.4905252158641815,5.029686450958252,0.1428571492433548,0.5,0.5495305061340332,0
/home/jovyan/Joel_Pardo/AI4LABOUR/Mejoras/results_coursera/models/simcse_coursera_hard/sentence-transformers/all-MiniLM-L6-v2,A_semantic_only,10,365ec2897755,create models of engineering designs or methods,2268,b376efa6883e,3,0.48832786083221436,0.48832786083221436,5.007203578948975,0.0,0.625,0.0,0
/home/jovyan/Joel_Pardo/AI4LABOUR/Mejoras/results_coursera/models/simcse_coursera_hard/sentence-transformers/all-MiniLM-L6-v2,A_semantic_only,10,365ec2897755,create models of engineering designs or methods,295,873d3c697489,4,0.48821723461151123,0.48821723461151123,5.0060715675354,0.0,0.625,0.0,0
/home/jovyan/Joel_Pardo/AI4LABOUR/Mejoras/results_coursera/models/simcse_coursera_hard/sentence-transformers/all-MiniLM-L6-v2,A_semantic_only,10,365ec2897755,create models of engineering designs or methods,2375,b9347c25aba4,5,0.459079384803772,0.459079384803772,4.707938194274902,0.0,0.25,0.0,0
/home/jovyan/Joel_Pardo/AI4LABOUR/Mejoras/results_coursera/models/simcse_coursera_hard/sentence-transformers/all-MiniLM-L6-v2,A_semantic_only,10,365ec2897755,create models of engineering designs or methods,2714,d9855438ae33,6,0.44238221645355225,0.44238221645355225,4.53709602355957,0.1666666716337204,0.375,0.669235110282898,0
/home/jovyan/Joel_Pardo/AI4LABOUR/Mejoras/results_coursera/models/simcse_coursera_hard/sentence-transformers/all-MiniLM-L6-v2,A_semantic_only,10,365ec2897755,create models of engineering designs or methods,3919,b81d3a27898d,7,0.4202091097831726,0.4202091097831726,4.310224533081055,0.0,0.5,0.0,0
/home/jovyan/Joel_Pardo/AI4LABOUR/Mejoras/results_coursera/models/simcse_coursera_hard/sentence-transformers/all-MiniLM-L6-v2,A_semantic_only,10,365ec2897755,create models of engineering designs or methods,3306,1e9422ec7cfe,8,0.41613635420799255,0.41613635420799255,4.268552780151367,0.0,0.375,0.0,0
/home/jovyan/Joel_Pardo/AI4LABOUR/Mejoras/results_coursera/models/simcse_coursera_hard/sentence-transformers/all-MiniLM-L6-v2,A_semantic_only,10,365ec2897755,create models of engineering designs or methods,2513,5742c04449f3,9,0.41402941942214966,0.41402941942214966,4.246994972229004,0.0,0.375,0.0,0
/home/jovyan/Joel_Pardo/AI4LABOUR/Mejoras/results_coursera/models/simcse_coursera_hard/sentence-transformers/all-MiniLM-L6-v2,A_semantic_only,10,365ec2897755,create models of engineering designs or methods,3963,91bd8992e298,10,0.4105026125907898,0.4105026125907898,4.210909366607666,0.125,0.625,0.5038906931877136,0
/home/jovyan/Joel_Pardo/AI4LABOUR/Mejoras/results_coursera/models/simcse_coursera_hard/sentence-transformers/all-MiniLM-L6-v2,A_semantic_only,11,810124c49b5c,maintain operational records or records systems,1887,1aa49c50e0e1,1,0.4447048306465149,0.4447048306465149,5.552026748657227,0.0,0.4285714328289032,0.0,0
/home/jovyan/Joel_Pardo/AI4LABOUR/Mejoras/results_coursera/models/simcse_coursera_hard/sentence-transformers/all-MiniLM-L6-v2,A_semantic_only,11,810124c49b5c,maintain operational records or records systems,423,d7f334c2fa7d,2,0.37358081340789795,0.37358081340789795,4.645490646362305,0.0,1.0,0.0,0
/home/jovyan/Joel_Pardo/AI4LABOUR/Mejoras/results_coursera/models/simcse_coursera_hard/sentence-transformers/all-MiniLM-L6-v2,A_semantic_only,11,810124c49b5c,maintain operational records or records systems,2836,a7810e65d792,3,0.35162353515625,0.35162353515625,4.365626335144043,0.1666666716337204,0.5714285969734192,0.545514702796936,0
/home/jovyan/Joel_Pardo/AI4LABOUR/Mejoras/results_coursera/models/simcse_coursera_hard/sentence-transformers/all-MiniLM-L6-v2,A_semantic_only,11,810124c49b5c,maintain operational records or records systems,1937,9577cc9be047,4,0.34292757511138916,0.34292757511138916,4.254788875579834,0.0,0.5714285969734192,0.0,0
/home/jovyan/Joel_Pardo/AI4LABOUR/Mejoras/results_coursera/models/simcse_coursera_hard/sentence-transformers/all-MiniLM-L6-v2,A_semantic_only,11,810124c49b5c,maintain operational records or records systems,803,da2ac143a09a,5,0.3311614990234375,0.3311614990234375,4.104820251464844,0.0,0.5714285969734192,0.0,0
/home/jovyan/Joel_Pardo/AI4LABOUR/Mejoras/results_coursera/models/simcse_coursera_hard/sentence-transformers/all-MiniLM-L6-v2,A_semantic_only,11,810124c49b5c,maintain operational records or records systems,1321,9bc14bd09c21,6,0.3233253061771393,0.3233253061771393,4.004940986633301,0.1666666716337204,0.5714285969734192,1.0,0
/home/jovyan/Joel_Pardo/AI4LABOUR/Mejoras/results_coursera/models/simcse_coursera_hard/sentence-transformers/all-MiniLM-L6-v2,A_semantic_only,11,810124c49b5c,maintain operational records or records systems,1873,0084fa936ea8,7,0.308573842048645,0.308573842048645,3.8169212341308594,0.1428571492433548,0.7142857313156128,0.4781259596347809,0
/home/jovyan/Joel_Pardo/AI4LABOUR/Mejoras/results_coursera/models/simcse_coursera_hard/sentence-transformers/all-MiniLM-L6-v2,A_semantic_only,11,810124c49b5c,maintain operational records or records systems,1090,83caa8224229,8,0.3071017563343048,0.3071017563343048,3.7981581687927246,0.0,0.7142857313156128,0.0,0
/home/jovyan/Joel_Pardo/AI4LABOUR/Mejoras/results_coursera/models/simcse_coursera_hard/sentence-transformers/all-MiniLM-L6-v2,A_semantic_only,11,810124c49b5c,maintain operational records or records systems,1466,106269d3e3cb,9,0.3069438934326172,0.3069438934326172,3.7961461544036865,0.1666666716337204,0.5714285969734192,0.545514702796936,0
/home/jovyan/Joel_Pardo/AI4LABOUR/Mejoras/results_coursera/models/simcse_coursera_hard/sentence-transformers/all-MiniLM-L6-v2,A_semantic_only,11,810124c49b5c,maintain operational records or records systems,42,02d9739e2d83,10,0.3047400414943695,0.3047400414943695,3.7680561542510986,0.0,0.4285714328289032,0.0,0
/home/jovyan/Joel_Pardo/AI4LABOUR/Mejoras/results_coursera/models/simcse_coursera_hard/sentence-transformers/all-MiniLM-L6-v2,A_semantic_only,12,9251af4a3821,supervise engineering or other technical personnel,1558,13b789b8dcd6,1,0.4320777952671051,0.4320777952671051,5.766895294189453,0.0,0.2857142984867096,0.0,0
/home/jovyan/Joel_Pardo/AI4LABOUR/Mejoras/results_coursera/models/simcse_coursera_hard/sentence-transformers/all-MiniLM-L6-v2,A_semantic_only,12,9251af4a3821,supervise engineering or other technical personnel,2211,29e1a9665271,2,0.39268729090690613,0.39268729090690613,5.239157199859619,0.0,0.4285714328289032,0.0,0
/home/jovyan/Joel_Pardo/AI4LABOUR/Mejoras/results_coursera/models/simcse_coursera_hard/sentence-transformers/all-MiniLM-L6-v2,A_semantic_only,12,9251af4a3821,supervise engineering or other technical personnel,1771,a4022336c5eb,3,0.3859623372554779,0.3859623372554779,5.149059295654297,0.1666666716337204,0.4285714328289032,0.627396285533905,0
/home/jovyan/Joel_Pardo/AI4LABOUR/Mejoras/results_coursera/models/simcse_coursera_hard/sentence-transformers/all-MiniLM-L6-v2,A_semantic_only,12,9251af4a3821,supervise engineering or other technical personnel,4319,3f76e8c7700b,4,0.3463326096534729,0.3463326096534729,4.6181159019470215,0.0,0.4285714328289032,0.0,0
/home/jovyan/Joel_Pardo/AI4LABOUR/Mejoras/results_coursera/models/simcse_coursera_hard/sentence-transformers/all-MiniLM-L6-v2,A_semantic_only,12,9251af4a3821,supervise engineering or other technical personnel,3516,afe8a26918ff,5,0.3406231999397278,0.3406231999397278,4.541623592376709,0.0,0.7142857313156128,0.0,0
/home/jovyan/Joel_Pardo/AI4LABOUR/Mejoras/results_coursera/models/simcse_coursera_hard/sentence-transformers/all-MiniLM-L6-v2,A_semantic_only,12,9251af4a3821,supervise engineering or other technical personnel,3378,d2e5330ba975,6,0.3361172676086426,0.3361172676086426,4.481255054473877,0.07692307978868484,0.5,0.22369101643562317,0
/home/jovyan/Joel_Pardo/AI4LABOUR/Mejoras/results_coursera/models/simcse_coursera_hard/sentence-transformers/all-MiniLM-L6-v2,A_semantic_only,12,9251af4a3821,supervise engineering or other technical personnel,1306,6eec3fb9c482,7,0.32298940420150757,0.32298940420150757,4.305373191833496,0.0,0.4285714328289032,0.0,0
/home/jovyan/Joel_Pardo/AI4LABOUR/Mejoras/results_coursera/models/simcse_coursera_hard/sentence-transformers/all-MiniLM-L6-v2,A_semantic_only,12,9251af4a3821,supervise engineering or other technical personnel,5214,4d29d09f4c1d,8,0.3206437826156616,0.3206437826156616,4.273947715759277,0.10000000149011612,0.699999988079071,0.3362140953540802,0
/home/jovyan/Joel_Pardo/AI4LABOUR/Mejoras/results_coursera/models/simcse_coursera_hard/sentence-transformers/all-MiniLM-L6-v2,A_semantic_only,12,9251af4a3821,supervise engineering or other technical personnel,4182,da00d82f03cd,9,0.3151516914367676,0.3151516914367676,4.200366973876953,0.0,0.4285714328289032,0.0,0
/home/jovyan/Joel_Pardo/AI4LABOUR/Mejoras/results_coursera/models/simcse_coursera_hard/sentence-transformers/all-MiniLM-L6-v2,A_semantic_only,12,9251af4a3821,supervise engineering or other technical personnel,4971,4b6a1e955f11,10,0.3087841272354126,0.3087841272354126,4.115056991577148,0.0,0.4285714328289032,0.0,0
/home/jovyan/Joel_Pardo/AI4LABOUR/Mejoras/results_coursera/models/simcse_coursera_hard/sentence-transformers/all-MiniLM-L6-v2,A_semantic_only,13,f7e80a0049c6,estimate operational costs,4291,96c1ae3158a7,1,0.6457221508026123,0.6457221508026123,7.883481025695801,0.0,1.0,0.0,0
/home/jovyan/Joel_Pardo/AI4LABOUR/Mejoras/results_coursera/models/simcse_coursera_hard/sentence-transformers/all-MiniLM-L6-v2,A_semantic_only,13,f7e80a0049c6,estimate operational costs,1649,bd1d85f33bd2,2,0.614676833152771,0.614676833152771,7.504476070404053,0.25,0.75,1.0,0
/home/jovyan/Joel_Pardo/AI4LABOUR/Mejoras/results_coursera/models/simcse_coursera_hard/sentence-transformers/all-MiniLM-L6-v2,A_semantic_only,13,f7e80a0049c6,estimate operational costs,4059,966ff254f415,3,0.4931201636791229,0.4931201636791229,6.020496368408203,0.1666666716337204,0.800000011920929,0.7198624014854431,0
/home/jovyan/Joel_Pardo/AI4LABOUR/Mejoras/results_coursera/models/simcse_coursera_hard/sentence-transformers/all-MiniLM-L6-v2,A_semantic_only,13,f7e80a0049c6,estimate operational costs,1896,efa1487ad42d,4,0.47215598821640015,0.47215598821640015,5.764563083648682,0.0,0.5,0.0,0
/home/jovyan/Joel_Pardo/AI4LABOUR/Mejoras/results_coursera/models/simcse_coursera_hard/sentence-transformers/all-MiniLM-L6-v2,A_semantic_only,13,f7e80a0049c6,estimate operational costs,4260,f66d5097d73f,5,0.46790412068367004,0.46790412068367004,5.712655544281006,0.0,0.75,0.0,0
/home/jovyan/Joel_Pardo/AI4LABOUR/Mejoras/results_coursera/models/simcse_coursera_hard/sentence-transformers/all-MiniLM-L6-v2,A_semantic_only,13,f7e80a0049c6,estimate operational costs,176,4fee59e1593e,6,0.4542958438396454,0.4542958438396454,5.5465240478515625,0.0,0.75,0.0,0
/home/jovyan/Joel_Pardo/AI4LABOUR/Mejoras/results_coursera/models/simcse_coursera_hard/sentence-transformers/all-MiniLM-L6-v2,A_semantic_only,13,f7e80a0049c6,estimate operational costs,4292,ff6daf55d1d8,7,0.4494178891181946,0.4494178891181946,5.486973285675049,0.0,1.0,0.0,0
/home/jovyan/Joel_Pardo/AI4LABOUR/Mejoras/results_coursera/models/simcse_coursera_hard/sentence-transformers/all-MiniLM-L6-v2,A_semantic_only,13,f7e80a0049c6,estimate operational costs,934,1000d0bb60fd,8,0.4461684226989746,0.4461684226989746,5.447303771972656,0.0,0.75,0.0,0
/home/jovyan/Joel_Pardo/AI4LABOUR/Mejoras/results_coursera/models/simcse_coursera_hard/sentence-transformers/all-MiniLM-L6-v2,A_semantic_only,13,f7e80a0049c6,estimate operational costs,161,0158362822fe,9,0.44540268182754517,0.44540268182754517,5.437955379486084,0.0,1.0,0.0,0
/home/jovyan/Joel_Pardo/AI4LABOUR/Mejoras/results_coursera/models/simcse_coursera_hard/sentence-transformers/all-MiniLM-L6-v2,A_semantic_only,13,f7e80a0049c6,estimate operational costs,2558,057972302b68,10,0.43257588148117065,0.43257588148117065,5.2813639640808105,0.20000000298023224,1.0,0.8590565323829651,0
/home/jovyan/Joel_Pardo/AI4LABOUR/Mejoras/results_coursera/models/simcse_coursera_hard/sentence-transformers/all-MiniLM-L6-v2,A_semantic_only,14,ccf9fc39d00f,estimate time requirements for development or production projects,5207,e7b5a7f54463,1,0.4007980525493622,0.4007980525493622,4.878825664520264,0.0,0.5555555820465088,0.0,0
/home/jovyan/Joel_Pardo/AI4LABOUR/Mejoras/results_coursera/models/simcse_coursera_hard/sentence-transformers/all-MiniLM-L6-v2,A_semantic_only,14,ccf9fc39d00f,estimate time requirements for development or production projects,46,a3db224ea72e,2,0.3960670232772827,0.3960670232772827,4.822446346282959,0.0,0.4444444477558136,0.0,0
/home/jovyan/Joel_Pardo/AI4LABOUR/Mejoras/results_coursera/models/simcse_coursera_hard/sentence-transformers/all-MiniLM-L6-v2,A_semantic_only,14,ccf9fc39d00f,estimate time requirements for development or production projects,80,5402ba93471c,3,0.37831422686576843,0.37831422686576843,4.610888957977295,0.125,0.4444444477558136,0.4642484784126282,0
/home/jovyan/Joel_Pardo/AI4LABOUR/Mejoras/results_coursera/models/simcse_coursera_hard/sentence-transformers/all-MiniLM-L6-v2,A_semantic_only,14,ccf9fc39d00f,estimate time requirements for development or production projects,4342,2ee8e7421336,4,0.37475019693374634,0.37475019693374634,4.568417072296143,0.0,0.4444444477558136,0.0,0
/home/jovyan/Joel_Pardo/AI4LABOUR/Mejoras/results_coursera/models/simcse_coursera_hard/sentence-transformers/all-MiniLM-L6-v2,A_semantic_only,14,ccf9fc39d00f,estimate time requirements for development or production projects,4562,f45fd7dd887f,5,0.3700631260871887,0.3700631260871887,4.512561798095703,0.0,0.6666666865348816,0.0,0
/home/jovyan/Joel_Pardo/AI4LABOUR/Mejoras/results_coursera/models/simcse_coursera_hard/sentence-transformers/all-MiniLM-L6-v2,A_semantic_only,14,ccf9fc39d00f,estimate time requirements for development or production projects,1653,046a98743dea,6,0.3678632378578186,0.3678632378578186,4.4863457679748535,0.0,0.3333333432674408,0.0,0
/home/jovyan/Joel_Pardo/AI4LABOUR/Mejoras/results_coursera/models/simcse_coursera_hard/sentence-transformers/all-MiniLM-L6-v2,A_semantic_only,14,ccf9fc39d00f,estimate time requirements for development or production projects,3636,e9974dc13540,7,0.3635282814502716,0.3635282814502716,4.434686660766602,0.0,0.4444444477558136,0.0,0
/home/jovyan/Joel_Pardo/AI4LABOUR/Mejoras/results_coursera/models/simcse_coursera_hard/sentence-transformers/all-MiniLM-L6-v2,A_semantic_only,14,ccf9fc39d00f,estimate time requirements for development or production projects,4484,2dcbf8ba788e,8,0.3511638641357422,0.3511638641357422,4.287341594696045,0.0,0.3333333432674408,0.0,0
/home/jovyan/Joel_Pardo/AI4LABOUR/Mejoras/results_coursera/models/simcse_coursera_hard/sentence-transformers/all-MiniLM-L6-v2,A_semantic_only,14,ccf9fc39d00f,estimate time requirements for development or production projects,3327,7fab491d7371,9,0.3327285051345825,0.3327285051345825,4.067649841308594,0.125,0.4444444477558136,0.4642484784126282,0
/home/jovyan/Joel_Pardo/AI4LABOUR/Mejoras/results_coursera/models/simcse_coursera_hard/sentence-transformers/all-MiniLM-L6-v2,A_semantic_only,14,ccf9fc39d00f,estimate time requirements for development or production projects,1948,73221dd7834f,10,0.3326479196548462,0.3326479196548462,4.066689968109131,0.0,0.5555555820465088,0.0,0
/home/jovyan/Joel_Pardo/AI4LABOUR/Mejoras/results_coursera/models/simcse_coursera_hard/sentence-transformers/all-MiniLM-L6-v2,A_semantic_only,15,c5e6a1a8c44d,prepare detailed work plans,4310,506583358173,1,0.6719726324081421,0.6719726324081421,7.259645938873291,0.2857142984867096,0.7142857313156128,1.0,0
/home/jovyan/Joel_Pardo/AI4LABOUR/Mejoras/results_coursera/models/simcse_coursera_hard/sentence-transformers/all-MiniLM-L6-v2,A_semantic_only,15,c5e6a1a8c44d,prepare detailed work plans,3331,bd1098fcfc05,2,0.5412575006484985,0.5412575006484985,5.873377323150635,0.1666666716337204,0.800000011920929,0.7626882791519165,0
/home/jovyan/Joel_Pardo/AI4LABOUR/Mejoras/results_coursera/models/simcse_coursera_hard/sentence-transformers/all-MiniLM-L6-v2,A_semantic_only,15,c5e6a1a8c44d,prepare detailed work plans,4129,c0c66eb294df,3,0.4752607047557831,0.4752607047557831,5.173463344573975,0.0,0.6000000238418579,0.0,0
/home/jovyan/Joel_Pardo/AI4LABOUR/Mejoras/results_coursera/models/simcse_coursera_hard/sentence-transformers/all-MiniLM-L6-v2,A_semantic_only,15,c5e6a1a8c44d,prepare detailed work plans,1300,b510e0f063cc,4,0.4536588788032532,0.4536588788032532,4.944370269775391,0.0,0.6000000238418579,0.0,0
/home/jovyan/Joel_Pardo/AI4LABOUR/Mejoras/results_coursera/models/simcse_coursera_hard/sentence-transformers/all-MiniLM-L6-v2,A_semantic_only,15,c5e6a1a8c44d,prepare detailed work plans,4925,d3e5bde64705,5,0.4488430619239807,0.4488430619239807,4.89329719543457,0.0,0.6000000238418579,0.0,0
/home/jovyan/Joel_Pardo/AI4LABOUR/Mejoras/results_coursera/models/simcse_coursera_hard/sentence-transformers/all-MiniLM-L6-v2,A_semantic_only,15,c5e6a1a8c44d,prepare detailed work plans,2090,50716537594e,6,0.43941009044647217,0.43941009044647217,4.793258190155029,0.0,0.6000000238418579,0.0,0
/home/jovyan/Joel_Pardo/AI4LABOUR/Mejoras/results_coursera/models/simcse_coursera_hard/sentence-transformers/all-MiniLM-L6-v2,A_semantic_only,15,c5e6a1a8c44d,prepare detailed work plans,1207,cde3daee3654,7,0.4360068440437317,0.4360068440437317,4.757165431976318,0.0,1.0,0.0,0
/home/jovyan/Joel_Pardo/AI4LABOUR/Mejoras/results_coursera/models/simcse_coursera_hard/sentence-transformers/all-MiniLM-L6-v2,A_semantic_only,15,c5e6a1a8c44d,prepare detailed work plans,5207,e7b5a7f54463,8,0.43414950370788574,0.43414950370788574,4.737468242645264,0.0,1.0,0.0,0
/home/jovyan/Joel_Pardo/AI4LABOUR/Mejoras/results_coursera/models/simcse_coursera_hard/sentence-transformers/all-MiniLM-L6-v2,A_semantic_only,15,c5e6a1a8c44d,prepare detailed work plans,1653,046a98743dea,9,0.4247888922691345,0.4247888922691345,4.6381964683532715,0.0,0.6000000238418579,0.0,0
/home/jovyan/Joel_Pardo/AI4LABOUR/Mejoras/results_coursera/models/simcse_coursera_hard/sentence-transformers/all-MiniLM-L6-v2,A_semantic_only,15,c5e6a1a8c44d,prepare detailed work plans,4580,8ff3d17c8e2b,10,0.4148849844932556,0.4148849844932556,4.533162593841553,0.0,1.0,0.0,0
/home/jovyan/Joel_Pardo/AI4LABOUR/Mejoras/results_coursera/models/simcse_coursera_hard/sentence-transformers/all-MiniLM-L6-v2,A_semantic_only,16,6e6ec1a475b8,prepare technical reports for internal use,4502,98c2bfc7d4aa,1,0.5069088935852051,0.5069088935852051,5.696864128112793,0.0,0.7777777910232544,0.0,0
/home/jovyan/Joel_Pardo/AI4LABOUR/Mejoras/results_coursera/models/simcse_coursera_hard/sentence-transformers/all-MiniLM-L6-v2,A_semantic_only,16,6e6ec1a475b8,prepare technical reports for internal use,2576,c685851e31a3,2,0.48088181018829346,0.48088181018829346,5.413199424743652,0.1428571492433548,0.5714285969734192,0.7181130647659302,0
/home/jovyan/Joel_Pardo/AI4LABOUR/Mejoras/results_coursera/models/simcse_coursera_hard/sentence-transformers/all-MiniLM-L6-v2,A_semantic_only,16,6e6ec1a475b8,prepare technical reports for internal use,4489,91f41a9ddfae,3,0.4674597680568695,0.4674597680568695,5.266915321350098,0.1666666716337204,0.5714285969734192,0.7181130647659302,0
/home/jovyan/Joel_Pardo/AI4LABOUR/Mejoras/results_coursera/models/simcse_coursera_hard/sentence-transformers/all-MiniLM-L6-v2,A_semantic_only,16,6e6ec1a475b8,prepare technical reports for internal use,2040,2fc25984711e,4,0.4433946907520294,0.4433946907520294,5.004634380340576,0.0,0.5714285969734192,0.0,0
/home/jovyan/Joel_Pardo/AI4LABOUR/Mejoras/results_coursera/models/simcse_coursera_hard/sentence-transformers/all-MiniLM-L6-v2,A_semantic_only,16,6e6ec1a475b8,prepare technical reports for internal use,1897,d330010440a6,5,0.4433010220527649,0.4433010220527649,5.003613471984863,0.1666666716337204,0.4285714328289032,0.8359322547912598,0
/home/jovyan/Joel_Pardo/AI4LABOUR/Mejoras/results_coursera/models/simcse_coursera_hard/sentence-transformers/all-MiniLM-L6-v2,A_semantic_only,16,6e6ec1a475b8,prepare technical reports for internal use,2837,241f0bc96df2,6,0.42535555362701416,0.42535555362701416,4.8080291748046875,0.0,0.4285714328289032,0.0,0
/home/jovyan/Joel_Pardo/AI4LABOUR/Mejoras/results_coursera/models/simcse_coursera_hard/sentence-transformers/all-MiniLM-L6-v2,A_semantic_only,16,6e6ec1a475b8,prepare technical reports for internal use,4589,a8445719836f,7,0.4091307818889618,0.4091307818889618,4.631198406219482,0.20000000298023224,0.2857142984867096,1.0,0
/home/jovyan/Joel_Pardo/AI4LABOUR/Mejoras/results_coursera/models/simcse_coursera_hard/sentence-transformers/all-MiniLM-L6-v2,A_semantic_only,16,6e6ec1a475b8,prepare technical reports for internal use,3815,47914e1c7d1b,8,0.392222136259079,0.392222136259079,4.446914196014404,0.125,1.0,0.36178481578826904,0
/home/jovyan/Joel_Pardo/AI4LABOUR/Mejoras/results_coursera/models/simcse_coursera_hard/sentence-transformers/all-MiniLM-L6-v2,A_semantic_only,16,6e6ec1a475b8,prepare technical reports for internal use,3332,72c021894860,9,0.39023786783218384,0.39023786783218384,4.425288200378418,0.1428571492433548,0.5714285969734192,0.7181130647659302,0
/home/jovyan/Joel_Pardo/AI4LABOUR/Mejoras/results_coursera/models/simcse_coursera_hard/sentence-transformers/all-MiniLM-L6-v2,A_semantic_only,16,6e6ec1a475b8,prepare technical reports for internal use,226,7e56613a2ebc,10,0.383186399936676,0.383186399936676,4.348435401916504,0.125,0.8571428656578064,0.5765593647956848,0
/home/jovyan/Joel_Pardo/AI4LABOUR/Mejoras/results_coursera/models/simcse_coursera_hard/sentence-transformers/all-MiniLM-L6-v2,A_semantic_only,17,e1dbddbff402,"prepare contracts, disclosures, or applications",226,7e56613a2ebc,1,0.49476999044418335,0.49476999044418335,5.6826395988464355,0.1428571492433548,1.0,0.5409764647483826,0
/home/jovyan/Joel_Pardo/AI4LABOUR/Mejoras/results_coursera/models/simcse_coursera_hard/sentence-transformers/all-MiniLM-L6-v2,A_semantic_only,17,e1dbddbff402,"prepare contracts, disclosures, or applications",4590,5d45850c5baa,2,0.44667473435401917,0.44667473435401917,5.136988639831543,0.20000000298023224,0.5,0.8072468042373657,0
/home/jovyan/Joel_Pardo/AI4LABOUR/Mejoras/results_coursera/models/simcse_coursera_hard/sentence-transformers/all-MiniLM-L6-v2,A_semantic_only,17,e1dbddbff402,"prepare contracts, disclosures, or applications",4311,dad8075f10c2,3,0.4426070749759674,0.4426070749759674,5.090839862823486,0.1428571492433548,0.8571428656578064,0.48738816380500793,0
/home/jovyan/Joel_Pardo/AI4LABOUR/Mejoras/results_coursera/models/simcse_coursera_hard/sentence-transformers/all-MiniLM-L6-v2,A_semantic_only,17,e1dbddbff402,"prepare contracts, disclosures, or applications",4228,91aa446c1ed9,4,0.4097931385040283,0.4097931385040283,4.7185587882995605,0.0,0.8333333134651184,0.0,0
/home/jovyan/Joel_Pardo/AI4LABOUR/Mejoras/results_coursera/models/simcse_coursera_hard/sentence-transformers/all-MiniLM-L6-v2,A_semantic_only,17,e1dbddbff402,"prepare contracts, disclosures, or applications",4594,432b2439a32a,5,0.40875059366226196,0.40875059366226196,4.706730842590332,0.0,0.5,0.0,0
/home/jovyan/Joel_Pardo/AI4LABOUR/Mejoras/results_coursera/models/simcse_coursera_hard/sentence-transformers/all-MiniLM-L6-v2,A_semantic_only,17,e1dbddbff402,"prepare contracts, disclosures, or applications",170,8b7c50fed2a1,6,0.40333637595176697,0.40333637595176697,4.645305156707764,0.0,0.5,0.0,0
/home/jovyan/Joel_Pardo/AI4LABOUR/Mejoras/results_coursera/models/simcse_coursera_hard/sentence-transformers/all-MiniLM-L6-v2,A_semantic_only,17,e1dbddbff402,"prepare contracts, disclosures, or applications",4856,8854c5efcfea,7,0.39515361189842224,0.39515361189842224,4.5524702072143555,0.0,0.5,0.0,0
/home/jovyan/Joel_Pardo/AI4LABOUR/Mejoras/results_coursera/models/simcse_coursera_hard/sentence-transformers/all-MiniLM-L6-v2,A_semantic_only,17,e1dbddbff402,"prepare contracts, disclosures, or applications",4310,506583358173,8,0.3860127329826355,0.3860127329826355,4.448764801025391,0.125,0.8571428656578064,0.48738816380500793,0
/home/jovyan/Joel_Pardo/AI4LABOUR/Mejoras/results_coursera/models/simcse_coursera_hard/sentence-transformers/all-MiniLM-L6-v2,A_semantic_only,17,e1dbddbff402,"prepare contracts, disclosures, or applications",2405,257dd3053641,9,0.3812214732170105,0.3812214732170105,4.394406795501709,0.1666666716337204,0.6666666865348816,0.751105546951294,0
/home/jovyan/Joel_Pardo/AI4LABOUR/Mejoras/results_coursera/models/simcse_coursera_hard/sentence-transformers/all-MiniLM-L6-v2,A_semantic_only,17,e1dbddbff402,"prepare contracts, disclosures, or applications",1303,a796f929350d,10,0.37737369537353516,0.37737369537353516,4.350752830505371,0.0,0.5,0.0,0
/home/jovyan/Joel_Pardo/AI4LABOUR/Mejoras/results_coursera/models/simcse_coursera_hard/sentence-transformers/all-MiniLM-L6-v2,A_semantic_only,18,1c10b347eeee,update technical knowledge,3215,d4793dfe8103,1,0.47420161962509155,0.47420161962509155,6.687429428100586,0.1666666716337204,0.5714285969734192,0.6037659645080566,0
/home/jovyan/Joel_Pardo/AI4LABOUR/Mejoras/results_coursera/models/simcse_coursera_hard/sentence-transformers/all-MiniLM-L6-v2,A_semantic_only,18,1c10b347eeee,update technical knowledge,1607,6544768291be,2,0.43548500537872314,0.43548500537872314,6.137422561645508,0.25,0.75,1.0,0
/home/jovyan/Joel_Pardo/AI4LABOUR/Mejoras/results_coursera/models/simcse_coursera_hard/sentence-transformers/all-MiniLM-L6-v2,A_semantic_only,18,1c10b347eeee,update technical knowledge,4184,1a65e7830d95,3,0.41152504086494446,0.41152504086494446,5.7970476150512695,0.25,0.75,1.0,0
/home/jovyan/Joel_Pardo/AI4LABOUR/Mejoras/results_coursera/models/simcse_coursera_hard/sentence-transformers/all-MiniLM-L6-v2,A_semantic_only,18,1c10b347eeee,update technical knowledge,5011,549533baa6d9,4,0.40460747480392456,0.40460747480392456,5.698777198791504,0.25,0.75,0.9681389331817627,0
/home/jovyan/Joel_Pardo/AI4LABOUR/Mejoras/results_coursera/models/simcse_coursera_hard/sentence-transformers/all-MiniLM-L6-v2,A_semantic_only,18,1c10b347eeee,update technical knowledge,4084,6253c95514c8,5,0.4005601704120636,0.4005601704120636,5.6412811279296875,0.0,1.0,0.0,0
/home/jovyan/Joel_Pardo/AI4LABOUR/Mejoras/results_coursera/models/simcse_coursera_hard/sentence-transformers/all-MiniLM-L6-v2,A_semantic_only,18,1c10b347eeee,update technical knowledge,4453,d9ea7797e0d6,6,0.3797582685947418,0.3797582685947418,5.345769882202148,0.125,0.4000000059604645,0.4654465913772583,0
/home/jovyan/Joel_Pardo/AI4LABOUR/Mejoras/results_coursera/models/simcse_coursera_hard/sentence-transformers/all-MiniLM-L6-v2,A_semantic_only,18,1c10b347eeee,update technical knowledge,2229,fc9b64b32bf4,7,0.36799725890159607,0.36799725890159607,5.1786932945251465,0.1428571492433548,0.5714285969734192,0.5845293402671814,0
/home/jovyan/Joel_Pardo/AI4LABOUR/Mejoras/results_coursera/models/simcse_coursera_hard/sentence-transformers/all-MiniLM-L6-v2,A_semantic_only,18,1c10b347eeee,update technical knowledge,2695,4c29274ab46c,8,0.3498919606208801,0.3498919606208801,4.92149019241333,0.25,0.75,1.0,0
/home/jovyan/Joel_Pardo/AI4LABOUR/Mejoras/results_coursera/models/simcse_coursera_hard/sentence-transformers/all-MiniLM-L6-v2,A_semantic_only,18,1c10b347eeee,update technical knowledge,489,a0c130bfaa58,9,0.34495657682418823,0.34495657682418823,4.851377964019775,0.25,0.75,0.9681389331817627,0
/home/jovyan/Joel_Pardo/AI4LABOUR/Mejoras/results_coursera/models/simcse_coursera_hard/sentence-transformers/all-MiniLM-L6-v2,A_semantic_only,18,1c10b347eeee,update technical knowledge,2899,02494e9ed104,10,0.34161442518234253,0.34161442518234253,4.803899765014648,0.20000000298023224,1.0,0.8590565323829651,0
/home/jovyan/Joel_Pardo/AI4LABOUR/Mejoras/results_coursera/models/simcse_coursera_hard/sentence-transformers/all-MiniLM-L6-v2,A_semantic_only,19,9d76ae41867e,evaluate characteristics of equipment or systems,3407,2ad419560ca0,1,0.4254567623138428,0.4254567623138428,4.563469409942627,0.0,0.8571428656578064,0.0,0
/home/jovyan/Joel_Pardo/AI4LABOUR/Mejoras/results_coursera/models/simcse_coursera_hard/sentence-transformers/all-MiniLM-L6-v2,A_semantic_only,19,9d76ae41867e,evaluate characteristics of equipment or systems,3086,2f64529e9d77,2,0.42226409912109375,0.42226409912109375,4.5279364585876465,0.0,0.4285714328289032,0.0,0
/home/jovyan/Joel_Pardo/AI4LABOUR/Mejoras/results_coursera/models/simcse_coursera_hard/sentence-transformers/all-MiniLM-L6-v2,A_semantic_only,19,9d76ae41867e,evaluate characteristics of equipment or systems,3917,d23e50a9caf6,3,0.41471657156944275,0.41471657156944275,4.443935394287109,0.1428571492433548,1.0,0.3293631970882416,0
/home/jovyan/Joel_Pardo/AI4LABOUR/Mejoras/results_coursera/models/simcse_coursera_hard/sentence-transformers/all-MiniLM-L6-v2,A_semantic_only,19,9d76ae41867e,evaluate characteristics of equipment or systems,937,43b6a406ef58,4,0.4125758409500122,0.4125758409500122,4.42011022567749,0.0,0.7142857313156128,0.0,0
/home/jovyan/Joel_Pardo/AI4LABOUR/Mejoras/results_coursera/models/simcse_coursera_hard/sentence-transformers/all-MiniLM-L6-v2,A_semantic_only,19,9d76ae41867e,evaluate characteristics of equipment or systems,3389,8b5982aeea2d,5,0.4069967269897461,0.4069967269897461,4.3580169677734375,0.0,0.4285714328289032,0.0,0
/home/jovyan/Joel_Pardo/AI4LABOUR/Mejoras/results_coursera/models/simcse_coursera_hard/sentence-transformers/all-MiniLM-L6-v2,A_semantic_only,19,9d76ae41867e,evaluate characteristics of equipment or systems,2300,754666b07e71,6,0.3930108845233917,0.3930108845233917,4.2023606300354,0.09090909361839294,0.5,0.46293455362319946,0
/home/jovyan/Joel_Pardo/AI4LABOUR/Mejoras/results_coursera/models/simcse_coursera_hard/sentence-transformers/all-MiniLM-L6-v2,A_semantic_only,19,9d76ae41867e,evaluate characteristics of equipment or systems,383,f7aebcf9c822,7,0.38967305421829224,0.38967305421829224,4.1652116775512695,0.0,0.4285714328289032,0.0,0
/home/jovyan/Joel_Pardo/AI4LABOUR/Mejoras/results_coursera/models/simcse_coursera_hard/sentence-transformers/all-MiniLM-L6-v2,A_semantic_only,19,9d76ae41867e,evaluate characteristics of equipment or systems,3980,dc0ebdffa052,8,0.3895859122276306,0.3895859122276306,4.164241790771484,0.0,0.4285714328289032,0.0,0
/home/jovyan/Joel_Pardo/AI4LABOUR/Mejoras/results_coursera/models/simcse_coursera_hard/sentence-transformers/all-MiniLM-L6-v2,A_semantic_only,19,9d76ae41867e,evaluate characteristics of equipment or systems,2657,805fc5c1d17a,9,0.3892683982849121,0.3892683982849121,4.160707950592041,0.20000000298023224,0.4285714328289032,1.0,0
/home/jovyan/Joel_Pardo/AI4LABOUR/Mejoras/results_coursera/models/simcse_coursera_hard/sentence-transformers/all-MiniLM-L6-v2,A_semantic_only,19,9d76ae41867e,evaluate characteristics of equipment or systems,2088,ec09f4cecbe4,10,0.38833290338516235,0.38833290338516235,4.150296688079834,0.0,0.875,0.22089840471744537,0
/home/jovyan/Joel_Pardo/AI4LABOUR/Mejoras/results_coursera/models/simcse_coursera_hard/sentence-transformers/all-MiniLM-L6-v2,A_semantic_only,20,1bd49058235f,advise customers on the use of products or services,719,3582d2a78ab1,1,0.3543110191822052,0.3543110191822052,4.588607311248779,0.0,0.30000001192092896,0.0,0
/home/jovyan/Joel_Pardo/AI4LABOUR/Mejoras/results_coursera/models/simcse_coursera_hard/sentence-transformers/all-MiniLM-L6-v2,A_semantic_only,20,1bd49058235f,advise customers on the use of products or services,5258,941921aaf291,2,0.3509029150009155,0.3509029150009155,4.544928073883057,0.0,0.7142857313156128,0.0,0
/home/jovyan/Joel_Pardo/AI4LABOUR/Mejoras/results_coursera/models/simcse_coursera_hard/sentence-transformers/all-MiniLM-L6-v2,A_semantic_only,20,1bd49058235f,advise customers on the use of products or services,3523,26e860c1f814,3,0.3359758257865906,0.3359758257865906,4.35361909866333,0.0,0.5,0.34835103154182434,0
/home/jovyan/Joel_Pardo/AI4LABOUR/Mejoras/results_coursera/models/simcse_coursera_hard/sentence-transformers/all-MiniLM-L6-v2,A_semantic_only,20,1bd49058235f,advise customers on the use of products or services,2957,3f078e2078e8,4,0.3358898162841797,0.3358898162841797,4.3525166511535645,0.0,0.4000000059604645,0.3974488377571106,0
/home/jovyan/Joel_Pardo/AI4LABOUR/Mejoras/results_coursera/models/simcse_coursera_hard/sentence-transformers/all-MiniLM-L6-v2,A_semantic_only,20,1bd49058235f,advise customers on the use of products or services,3186,e54d8d24d397,5,0.3326336741447449,0.3326336741447449,4.310785293579102,0.0,0.30000001192092896,0.0,0
/home/jovyan/Joel_Pardo/AI4LABOUR/Mejoras/results_coursera/models/simcse_coursera_hard/sentence-transformers/all-MiniLM-L6-v2,A_semantic_only,20,1bd49058235f,advise customers on the use of products or services,4968,a2be8de849bb,6,0.3305749297142029,0.3305749297142029,4.28439998626709,0.0,0.4000000059604645,0.0,0
/home/jovyan/Joel_Pardo/AI4LABOUR/Mejoras/results_coursera/models/simcse_coursera_hard/sentence-transformers/all-MiniLM-L6-v2,A_semantic_only,20,1bd49058235f,advise customers on the use of products or services,367,619c60a652c2,7,0.3235929310321808,0.3235929310321808,4.194916725158691,0.0,0.30000001192092896,0.0,0
/home/jovyan/Joel_Pardo/AI4LABOUR/Mejoras/results_coursera/models/simcse_coursera_hard/sentence-transformers/all-MiniLM-L6-v2,A_semantic_only,20,1bd49058235f,advise customers on the use of products or services,3789,dfd0d2f0646d,8,0.32110267877578735,0.32110267877578735,4.16300106048584,0.0,0.30000001192092896,0.0,0
/home/jovyan/Joel_Pardo/AI4LABOUR/Mejoras/results_coursera/models/simcse_coursera_hard/sentence-transformers/all-MiniLM-L6-v2,A_semantic_only,20,1bd49058235f,advise customers on the use of products or services,4583,c743283ccabf,9,0.3185557723045349,0.3185557723045349,4.130359172821045,0.0,0.30000001192092896,0.0,0
/home/jovyan/Joel_Pardo/AI4LABOUR/Mejoras/results_coursera/models/simcse_coursera_hard/sentence-transformers/all-MiniLM-L6-v2,A_semantic_only,20,1bd49058235f,advise customers on the use of products or services,3445,1d8a6ba36ac4,10,0.31204086542129517,0.31204086542129517,4.046862602233887,0.0,0.30000001192092896,0.0,0
/home/jovyan/Joel_Pardo/AI4LABOUR/Mejoras/results_coursera/models/simcse_coursera_hard/sentence-transformers/all-MiniLM-L6-v2,A_semantic_only,21,c9b70de179fe,develop software or computer applications,3330,81353ee524c4,1,0.7415401935577393,0.7415401935577393,8.651137351989746,0.1666666716337204,0.6666666865348816,0.4092065691947937,0
/home/jovyan/Joel_Pardo/AI4LABOUR/Mejoras/results_coursera/models/simcse_coursera_hard/sentence-transformers/all-MiniLM-L6-v2,A_semantic_only,21,c9b70de179fe,develop software or computer applications,342,1b5ccb54e2a7,2,0.6174678206443787,0.6174678206443787,7.196710586547852,0.20000000298023224,0.5,0.47634416818618774,0
/home/jovyan/Joel_Pardo/AI4LABOUR/Mejoras/results_coursera/models/simcse_coursera_hard/sentence-transformers/all-MiniLM-L6-v2,A_semantic_only,21,c9b70de179fe,develop software or computer applications,305,f1eb24184551,3,0.6039931178092957,0.6039931178092957,7.038754463195801,0.0,0.5,0.0,0
/home/jovyan/Joel_Pardo/AI4LABOUR/Mejoras/results_coursera/models/simcse_coursera_hard/sentence-transformers/all-MiniLM-L6-v2,A_semantic_only,21,c9b70de179fe,develop software or computer applications,3327,7fab491d7371,4,0.5682969093322754,0.5682969093322754,6.620308876037598,0.1666666716337204,0.6666666865348816,0.4092065691947937,0
/home/jovyan/Joel_Pardo/AI4LABOUR/Mejoras/results_coursera/models/simcse_coursera_hard/sentence-transformers/all-MiniLM-L6-v2,A_semantic_only,21,c9b70de179fe,develop software or computer applications,123,4a0d5cbe9087,5,0.5621517896652222,0.5621517896652222,6.548273086547852,0.1666666716337204,0.6666666865348816,0.4092065691947937,0
/home/jovyan/Joel_Pardo/AI4LABOUR/Mejoras/results_coursera/models/simcse_coursera_hard/sentence-transformers/all-MiniLM-L6-v2,A_semantic_only,21,c9b70de179fe,develop software or computer applications,3846,59d1b34aeb7f,6,0.5352712869644165,0.5352712869644165,6.233169078826904,0.0,0.5,0.0,0
/home/jovyan/Joel_Pardo/AI4LABOUR/Mejoras/results_coursera/models/simcse_coursera_hard/sentence-transformers/all-MiniLM-L6-v2,A_semantic_only,21,c9b70de179fe,develop software or computer applications,125,7a7248fc102e,7,0.5237579345703125,0.5237579345703125,6.098204612731934,0.0,0.6666666865348816,0.0,0
/home/jovyan/Joel_Pardo/AI4LABOUR/Mejoras/results_coursera/models/simcse_coursera_hard/sentence-transformers/all-MiniLM-L6-v2,A_semantic_only,21,c9b70de179fe,develop software or computer applications,429,2531bc498841,8,0.48367828130722046,0.48367828130722046,5.628375053405762,0.0,0.8333333134651184,0.0,0
/home/jovyan/Joel_Pardo/AI4LABOUR/Mejoras/results_coursera/models/simcse_coursera_hard/sentence-transformers/all-MiniLM-L6-v2,A_semantic_only,21,c9b70de179fe,develop software or computer applications,4724,38b6a8970fd4,9,0.48366671800613403,0.48366671800613403,5.628239631652832,0.1666666716337204,0.6666666865348816,0.4092065691947937,0
/home/jovyan/Joel_Pardo/AI4LABOUR/Mejoras/results_coursera/models/simcse_coursera_hard/sentence-transformers/all-MiniLM-L6-v2,A_semantic_only,21,c9b70de179fe,develop software or computer applications,304,43ea93353bd5,10,0.46326744556427,0.46326744556427,5.389110565185547,0.0,0.6666666865348816,0.0,0
/home/jovyan/Joel_Pardo/AI4LABOUR/Mejoras/results_coursera/models/simcse_coursera_hard/sentence-transformers/all-MiniLM-L6-v2,A_semantic_only,22,bab0b2935945,"analyze operational data to evaluate operations, processes or products",756,d5200b2d3f2b,1,0.4729611277580261,0.4729611277580261,4.771536350250244,0.0,0.30000001192092896,0.0,0
/home/jovyan/Joel_Pardo/AI4LABOUR/Mejoras/results_coursera/models/simcse_coursera_hard/sentence-transformers/all-MiniLM-L6-v2,A_semantic_only,22,bab0b2935945,"analyze operational data to evaluate operations, processes or products",3743,a1ba967d5168,2,0.44322165846824646,0.44322165846824646,4.469429969787598,0.125,0.30000001192092896,0.3794477581977844,0
/home/jovyan/Joel_Pardo/AI4LABOUR/Mejoras/results_coursera/models/simcse_coursera_hard/sentence-transformers/all-MiniLM-L6-v2,A_semantic_only,22,bab0b2935945,"analyze operational data to evaluate operations, processes or products",4061,d08315cf2b4b,3,0.43925178050994873,0.43925178050994873,4.429101943969727,0.0,0.30000001192092896,0.0,0
/home/jovyan/Joel_Pardo/AI4LABOUR/Mejoras/results_coursera/models/simcse_coursera_hard/sentence-transformers/all-MiniLM-L6-v2,A_semantic_only,22,bab0b2935945,"analyze operational data to evaluate operations, processes or products",501,7e5e0cba4215,4,0.4347245395183563,0.4347245395183563,4.383112907409668,0.1111111119389534,0.5,0.2856995761394501,0
/home/jovyan/Joel_Pardo/AI4LABOUR/Mejoras/results_coursera/models/simcse_coursera_hard/sentence-transformers/all-MiniLM-L6-v2,A_semantic_only,22,bab0b2935945,"analyze operational data to evaluate operations, processes or products",510,b4b92d8d2a94,5,0.4289768934249878,0.4289768934249878,4.324725151062012,0.0,0.30000001192092896,0.0,0
/home/jovyan/Joel_Pardo/AI4LABOUR/Mejoras/results_coursera/models/simcse_coursera_hard/sentence-transformers/all-MiniLM-L6-v2,A_semantic_only,22,bab0b2935945,"analyze operational data to evaluate operations, processes or products",147,575ea3efc7e8,6,0.42531073093414307,0.42531073093414307,4.287482738494873,0.0,0.4000000059604645,0.0,0
/home/jovyan/Joel_Pardo/AI4LABOUR/Mejoras/results_coursera/models/simcse_coursera_hard/sentence-transformers/all-MiniLM-L6-v2,A_semantic_only,22,bab0b2935945,"analyze operational data to evaluate operations, processes or products",2536,62bb27f24dab,7,0.4221743047237396,0.4221743047237396,4.255621910095215,0.1111111119389534,0.4000000059604645,0.5766637921333313,0
/home/jovyan/Joel_Pardo/AI4LABOUR/Mejoras/results_coursera/models/simcse_coursera_hard/sentence-transformers/all-MiniLM-L6-v2,A_semantic_only,22,bab0b2935945,"analyze operational data to evaluate operations, processes or products",4507,4308d262ba90,8,0.41403910517692566,0.41403910517692566,4.172981262207031,0.20000000298023224,0.6000000238418579,0.7987847328186035,0
/home/jovyan/Joel_Pardo/AI4LABOUR/Mejoras/results_coursera/models/simcse_coursera_hard/sentence-transformers/all-MiniLM-L6-v2,A_semantic_only,22,bab0b2935945,"analyze operational data to evaluate operations, processes or products",4403,758ca80c7ad2,9,0.4000438153743744,0.4000438153743744,4.030810832977295,0.1111111119389534,0.4000000059604645,0.32596707344055176,0
/home/jovyan/Joel_Pardo/AI4LABOUR/Mejoras/results_coursera/models/simcse_coursera_hard/sentence-transformers/all-MiniLM-L6-v2,A_semantic_only,22,bab0b2935945,"analyze operational data to evaluate operations, processes or products",42,02d9739e2d83,10,0.3977919816970825,0.3977919816970825,4.007935523986816,0.125,0.30000001192092896,0.6339467167854309,0
/home/jovyan/Joel_Pardo/AI4LABOUR/Mejoras/results_coursera/models/simcse_coursera_hard/sentence-transformers/all-MiniLM-L6-v2,A_semantic_only,23,9a8d83e8b2e2,conduct environmental audits,2486,efb61440c3a1,1,0.6191200017929077,0.6191200017929077,7.688029766082764,0.25,0.75,1.0,0
/home/jovyan/Joel_Pardo/AI4LABOUR/Mejoras/results_coursera/models/simcse_coursera_hard/sentence-transformers/all-MiniLM-L6-v2,A_semantic_only,23,9a8d83e8b2e2,conduct environmental audits,3723,2ad7fd67c4de,2,0.5765407085418701,0.5765407085418701,7.148393154144287,0.25,0.75,1.0,0
/home/jovyan/Joel_Pardo/AI4LABOUR/Mejoras/results_coursera/models/simcse_coursera_hard/sentence-transformers/all-MiniLM-L6-v2,A_semantic_only,23,9a8d83e8b2e2,conduct environmental audits,3152,a5a63d9b90e6,3,0.5336238145828247,0.5336238145828247,6.604477882385254,0.0,0.5,0.0,0
/home/jovyan/Joel_Pardo/AI4LABOUR/Mejoras/results_coursera/models/simcse_coursera_hard/sentence-transformers/all-MiniLM-L6-v2,A_semantic_only,23,9a8d83e8b2e2,conduct environmental audits,2277,e2ee4e5d252a,4,0.481207937002182,0.481207937002182,5.940176010131836,0.25,0.75,0.7798467874526978,0
/home/jovyan/Joel_Pardo/AI4LABOUR/Mejoras/results_coursera/models/simcse_coursera_hard/sentence-transformers/all-MiniLM-L6-v2,A_semantic_only,23,9a8d83e8b2e2,conduct environmental audits,3250,688e91eeecce,5,0.4684451222419739,0.4684451222419739,5.77842378616333,0.20000000298023224,1.0,0.66993248462677,0
/home/jovyan/Joel_Pardo/AI4LABOUR/Mejoras/results_coursera/models/simcse_coursera_hard/sentence-transformers/all-MiniLM-L6-v2,A_semantic_only,23,9a8d83e8b2e2,conduct environmental audits,2387,40e62b2fd836,6,0.45781493186950684,0.45781493186950684,5.643700122833252,0.25,0.75,0.7798467874526978,0
/home/jovyan/Joel_Pardo/AI4LABOUR/Mejoras/results_coursera/models/simcse_coursera_hard/sentence-transformers/all-MiniLM-L6-v2,A_semantic_only,23,9a8d83e8b2e2,conduct environmental audits,4187,2d883d5e00ea,7,0.45255500078201294,0.45255500078201294,5.577037334442139,0.25,0.75,0.7798467874526978,0
/home/jovyan/Joel_Pardo/AI4LABOUR/Mejoras/results_coursera/models/simcse_coursera_hard/sentence-transformers/all-MiniLM-L6-v2,A_semantic_only,23,9a8d83e8b2e2,conduct environmental audits,4873,6483104c7cb1,8,0.4049709439277649,0.4049709439277649,4.973971843719482,0.25,0.75,0.7798467874526978,0
/home/jovyan/Joel_Pardo/AI4LABOUR/Mejoras/results_coursera/models/simcse_coursera_hard/sentence-transformers/all-MiniLM-L6-v2,A_semantic_only,23,9a8d83e8b2e2,conduct environmental audits,3216,51498477e06c,9,0.4020019769668579,0.4020019769668579,4.936344146728516,0.25,0.75,0.7798467874526978,0
/home/jovyan/Joel_Pardo/AI4LABOUR/Mejoras/results_coursera/models/simcse_coursera_hard/sentence-transformers/all-MiniLM-L6-v2,A_semantic_only,23,9a8d83e8b2e2,conduct environmental audits,329,d67c8fb3103f,10,0.3984050154685974,0.3984050154685974,4.8907575607299805,0.25,0.75,0.7798467874526978,0
/home/jovyan/Joel_Pardo/AI4LABOUR/Mejoras/results_coursera/models/simcse_coursera_hard/sentence-transformers/all-MiniLM-L6-v2,A_semantic_only,24,2ae9204d54c8,design industrial processing systems,3663,9b1383e434a5,1,0.5364147424697876,0.5364147424697876,6.030644416809082,0.4000000059604645,1.0,0.7466657161712646,0
/home/jovyan/Joel_Pardo/AI4LABOUR/Mejoras/results_coursera/models/simcse_coursera_hard/sentence-transformers/all-MiniLM-L6-v2,A_semantic_only,24,2ae9204d54c8,design industrial processing systems,4723,66fe44b4fefa,2,0.5190559029579163,0.5190559029579163,5.831159591674805,0.5,0.6000000238418579,0.9916732311248779,0
/home/jovyan/Joel_Pardo/AI4LABOUR/Mejoras/results_coursera/models/simcse_coursera_hard/sentence-transformers/all-MiniLM-L6-v2,A_semantic_only,24,2ae9204d54c8,design industrial processing systems,2365,103eab151086,3,0.4969503879547119,0.4969503879547119,5.577126502990723,0.20000000298023224,0.6000000238418579,0.4461585581302643,0
/home/jovyan/Joel_Pardo/AI4LABOUR/Mejoras/results_coursera/models/simcse_coursera_hard/sentence-transformers/all-MiniLM-L6-v2,A_semantic_only,24,2ae9204d54c8,design industrial processing systems,3365,7f63be1febb9,4,0.48944664001464844,0.48944664001464844,5.490894794464111,0.1666666716337204,0.800000011920929,0.38327541947364807,0
/home/jovyan/Joel_Pardo/AI4LABOUR/Mejoras/results_coursera/models/simcse_coursera_hard/sentence-transformers/all-MiniLM-L6-v2,A_semantic_only,24,2ae9204d54c8,design industrial processing systems,107,20be59e19f80,5,0.4379881024360657,0.4379881024360657,4.899541854858398,0.20000000298023224,0.6000000238418579,1.0,0
/home/jovyan/Joel_Pardo/AI4LABOUR/Mejoras/results_coursera/models/simcse_coursera_hard/sentence-transformers/all-MiniLM-L6-v2,A_semantic_only,24,2ae9204d54c8,design industrial processing systems,5132,d1ee55d1b2ed,6,0.4293667674064636,0.4293667674064636,4.800467014312744,0.1666666716337204,0.800000011920929,0.38327541947364807,0
/home/jovyan/Joel_Pardo/AI4LABOUR/Mejoras/results_coursera/models/simcse_coursera_hard/sentence-transformers/all-MiniLM-L6-v2,A_semantic_only,24,2ae9204d54c8,design industrial processing systems,2225,1ac279a54973,7,0.415855348110199,0.415855348110199,4.645195960998535,0.20000000298023224,0.6000000238418579,0.4461585581302643,0
/home/jovyan/Joel_Pardo/AI4LABOUR/Mejoras/results_coursera/models/simcse_coursera_hard/sentence-transformers/all-MiniLM-L6-v2,A_semantic_only,24,2ae9204d54c8,design industrial processing systems,3979,9e51eeb429ae,8,0.40114790201187134,0.40114790201187134,4.476180553436279,0.20000000298023224,0.6000000238418579,0.545514702796936,0
/home/jovyan/Joel_Pardo/AI4LABOUR/Mejoras/results_coursera/models/simcse_coursera_hard/sentence-transformers/all-MiniLM-L6-v2,A_semantic_only,24,2ae9204d54c8,design industrial processing systems,1284,294af0829fde,9,0.39795440435409546,0.39795440435409546,4.439481258392334,0.1666666716337204,0.800000011920929,0.38327541947364807,0
/home/jovyan/Joel_Pardo/AI4LABOUR/Mejoras/results_coursera/models/simcse_coursera_hard/sentence-transformers/all-MiniLM-L6-v2,A_semantic_only,24,2ae9204d54c8,design industrial processing systems,4897,510050a4b4f0,10,0.39614206552505493,0.39614206552505493,4.418654441833496,0.20000000298023224,0.6000000238418579,0.545514702796936,0
/home/jovyan/Joel_Pardo/AI4LABOUR/Mejoras/results_coursera/models/simcse_coursera_hard/sentence-transformers/all-MiniLM-L6-v2,A_semantic_only,25,79d2ac46742b,direct operational or production activities,147,575ea3efc7e8,1,0.5151444673538208,0.5151444673538208,6.5674147605896,0.125,0.23999999463558197,0.7272757887840271,0
/home/jovyan/Joel_Pardo/AI4LABOUR/Mejoras/results_coursera/models/simcse_coursera_hard/sentence-transformers/all-MiniLM-L6-v2,A_semantic_only,25,79d2ac46742b,direct operational or production activities,4483,d8ed544e2272,2,0.4702233076095581,0.4702233076095581,5.999204158782959,0.0,0.5,0.0,0
/home/jovyan/Joel_Pardo/AI4LABOUR/Mejoras/results_coursera/models/simcse_coursera_hard/sentence-transformers/all-MiniLM-L6-v2,A_semantic_only,25,79d2ac46742b,direct operational or production activities,1249,95d7d4c08187,3,0.45281511545181274,0.45281511545181274,5.779006481170654,0.0,0.5,0.0,0
/home/jovyan/Joel_Pardo/AI4LABOUR/Mejoras/results_coursera/models/simcse_coursera_hard/sentence-transformers/all-MiniLM-L6-v2,A_semantic_only,25,79d2ac46742b,direct operational or production activities,3033,fd89784e59c7,4,0.44791221618652344,0.44791221618652344,5.716989517211914,0.25,0.3333333432674408,1.0,0
/home/jovyan/Joel_Pardo/AI4LABOUR/Mejoras/results_coursera/models/simcse_coursera_hard/sentence-transformers/all-MiniLM-L6-v2,A_semantic_only,25,79d2ac46742b,direct operational or production activities,4848,fa8a9d937f48,5,0.43363523483276367,0.43363523483276367,5.536398887634277,0.20000000298023224,0.5,0.8359322547912598,0
/home/jovyan/Joel_Pardo/AI4LABOUR/Mejoras/results_coursera/models/simcse_coursera_hard/sentence-transformers/all-MiniLM-L6-v2,A_semantic_only,25,79d2ac46742b,direct operational or production activities,177,5ec64a367a46,6,0.4295008182525635,0.4295008182525635,5.484102249145508,0.0,0.6666666865348816,0.0,0
/home/jovyan/Joel_Pardo/AI4LABOUR/Mejoras/results_coursera/models/simcse_coursera_hard/sentence-transformers/all-MiniLM-L6-v2,A_semantic_only,25,79d2ac46742b,direct operational or production activities,42,02d9739e2d83,7,0.41848111152648926,0.41848111152648926,5.34471321105957,0.0,0.5,0.0,0
/home/jovyan/Joel_Pardo/AI4LABOUR/Mejoras/results_coursera/models/simcse_coursera_hard/sentence-transformers/all-MiniLM-L6-v2,A_semantic_only,25,79d2ac46742b,direct operational or production activities,4993,36ac737cbc98,8,0.3843176066875458,0.3843176066875458,4.912576675415039,0.20000000298023224,0.5,0.8359322547912598,0
/home/jovyan/Joel_Pardo/AI4LABOUR/Mejoras/results_coursera/models/simcse_coursera_hard/sentence-transformers/all-MiniLM-L6-v2,A_semantic_only,25,79d2ac46742b,direct operational or production activities,4062,f5cd1e11c87f,9,0.3828689157962799,0.3828689157962799,4.894252300262451,0.0,0.5,0.0,0
/home/jovyan/Joel_Pardo/AI4LABOUR/Mejoras/results_coursera/models/simcse_coursera_hard/sentence-transformers/all-MiniLM-L6-v2,A_semantic_only,25,79d2ac46742b,direct operational or production activities,2233,d334de0d305d,10,0.37029850482940674,0.37029850482940674,4.73524808883667,0.20000000298023224,0.5,0.9399212002754211,0
/home/jovyan/Joel_Pardo/AI4LABOUR/Mejoras/results_coursera/models/simcse_coursera_hard/sentence-transformers/all-MiniLM-L6-v2,A_semantic_only,26,a86fc9314475,respond to emergencies to provide assistance,1737,965d1ef43d33,1,0.5490611791610718,0.5490611791610718,7.328205585479736,0.0,0.5714285969734192,0.0,0
/home/jovyan/Joel_Pardo/AI4LABOUR/Mejoras/results_coursera/models/simcse_coursera_hard/sentence-transformers/all-MiniLM-L6-v2,A_semantic_only,26,a86fc9314475,respond to emergencies to provide assistance,2335,b65d50673fb1,2,0.5064663887023926,0.5064663887023926,6.739096164703369,0.0,0.2857142984867096,0.0,0
/home/jovyan/Joel_Pardo/AI4LABOUR/Mejoras/results_coursera/models/simcse_coursera_hard/sentence-transformers/all-MiniLM-L6-v2,A_semantic_only,26,a86fc9314475,respond to emergencies to provide assistance,2662,385697b55285,3,0.4702441096305847,0.4702441096305847,6.238121509552002,0.0,0.4285714328289032,0.0,0
/home/jovyan/Joel_Pardo/AI4LABOUR/Mejoras/results_coursera/models/simcse_coursera_hard/sentence-transformers/all-MiniLM-L6-v2,A_semantic_only,26,a86fc9314475,respond to emergencies to provide assistance,2963,3f4a8cb23b40,4,0.43080252408981323,0.43080252408981323,5.692622661590576,0.0,0.4285714328289032,0.0,0
/home/jovyan/Joel_Pardo/AI4LABOUR/Mejoras/results_coursera/models/simcse_coursera_hard/sentence-transformers/all-MiniLM-L6-v2,A_semantic_only,26,a86fc9314475,respond to emergencies to provide assistance,1457,ee8cd2e07c86,5,0.4017261862754822,0.4017261862754822,5.290480613708496,0.0,0.4285714328289032,0.0,0
/home/jovyan/Joel_Pardo/AI4LABOUR/Mejoras/results_coursera/models/simcse_coursera_hard/sentence-transformers/all-MiniLM-L6-v2,A_semantic_only,26,a86fc9314475,respond to emergencies to provide assistance,3738,4c75851c265c,6,0.37126174569129944,0.37126174569129944,4.869140148162842,0.0,0.5714285969734192,0.0,0
/home/jovyan/Joel_Pardo/AI4LABOUR/Mejoras/results_coursera/models/simcse_coursera_hard/sentence-transformers/all-MiniLM-L6-v2,A_semantic_only,26,a86fc9314475,respond to emergencies to provide assistance,1560,a86ca0adcdf9,7,0.35349029302597046,0.35349029302597046,4.623351097106934,0.0,0.4285714328289032,0.0,0
/home/jovyan/Joel_Pardo/AI4LABOUR/Mejoras/results_coursera/models/simcse_coursera_hard/sentence-transformers/all-MiniLM-L6-v2,A_semantic_only,26,a86fc9314475,respond to emergencies to provide assistance,1889,fc32c55262c3,8,0.3342471718788147,0.3342471718788147,4.357207775115967,0.0,0.4285714328289032,0.0,0
/home/jovyan/Joel_Pardo/AI4LABOUR/Mejoras/results_coursera/models/simcse_coursera_hard/sentence-transformers/all-MiniLM-L6-v2,A_semantic_only,26,a86fc9314475,respond to emergencies to provide assistance,1265,060dca13af57,9,0.33408087491989136,0.33408087491989136,4.354907989501953,0.0,0.4285714328289032,0.0,0
/home/jovyan/Joel_Pardo/AI4LABOUR/Mejoras/results_coursera/models/simcse_coursera_hard/sentence-transformers/all-MiniLM-L6-v2,A_semantic_only,26,a86fc9314475,respond to emergencies to provide assistance,3765,fd67069418cd,10,0.3302900195121765,0.3302900195121765,4.302478313446045,0.0,0.5714285969734192,0.0,0
/home/jovyan/Joel_Pardo/AI4LABOUR/Mejoras/results_coursera/models/simcse_coursera_hard/sentence-transformers/all-MiniLM-L6-v2,A_semantic_only,27,88a991273442,maintain regulatory or compliance documentation,4558,7b0342e1d11a,1,0.454811692237854,0.454811692237854,5.808173656463623,0.0,1.0,0.0,0
/home/jovyan/Joel_Pardo/AI4LABOUR/Mejoras/results_coursera/models/simcse_coursera_hard/sentence-transformers/all-MiniLM-L6-v2,A_semantic_only,27,88a991273442,maintain regulatory or compliance documentation,3251,fb35d872b6ae,2,0.3495592474937439,0.3495592474937439,4.473921775817871,0.20000000298023224,0.5,0.6282576322555542,0
/home/jovyan/Joel_Pardo/AI4LABOUR/Mejoras/results_coursera/models/simcse_coursera_hard/sentence-transformers/all-MiniLM-L6-v2,A_semantic_only,27,88a991273442,maintain regulatory or compliance documentation,1702,6b306e6c84b1,3,0.3462231755256653,0.3462231755256653,4.431631565093994,0.0,0.6666666865348816,0.0,0
/home/jovyan/Joel_Pardo/AI4LABOUR/Mejoras/results_coursera/models/simcse_coursera_hard/sentence-transformers/all-MiniLM-L6-v2,A_semantic_only,27,88a991273442,maintain regulatory or compliance documentation,1937,9577cc9be047,4,0.3373594880104065,0.3373594880104065,4.319269180297852,0.0,0.6666666865348816,0.0,0
/home/jovyan/Joel_Pardo/AI4LABOUR/Mejoras/results_coursera/models/simcse_coursera_hard/sentence-transformers/all-MiniLM-L6-v2,A_semantic_only,27,88a991273442,maintain regulatory or compliance documentation,3872,4e4ff7039f22,5,0.32050567865371704,0.32050567865371704,4.105618953704834,0.5,0.5,1.0,0
/home/jovyan/Joel_Pardo/AI4LABOUR/Mejoras/results_coursera/models/simcse_coursera_hard/sentence-transformers/all-MiniLM-L6-v2,A_semantic_only,27,88a991273442,maintain regulatory or compliance documentation,2820,21f64da1e579,6,0.3034713864326477,0.3034713864326477,3.8896806240081787,0.0,0.3333333432674408,0.0,0
/home/jovyan/Joel_Pardo/AI4LABOUR/Mejoras/results_coursera/models/simcse_coursera_hard/sentence-transformers/all-MiniLM-L6-v2,A_semantic_only,27,88a991273442,maintain regulatory or compliance documentation,635,723b50e9c551,7,0.29962897300720215,0.29962897300720215,3.8409714698791504,0.0,0.5,0.0,0
/home/jovyan/Joel_Pardo/AI4LABOUR/Mejoras/results_coursera/models/simcse_coursera_hard/sentence-transformers/all-MiniLM-L6-v2,A_semantic_only,27,88a991273442,maintain regulatory or compliance documentation,4501,7e31f9e44f69,8,0.28835994005203247,0.28835994005203247,3.69811749458313,0.0,0.6000000238418579,0.0,0
/home/jovyan/Joel_Pardo/AI4LABOUR/Mejoras/results_coursera/models/simcse_coursera_hard/sentence-transformers/all-MiniLM-L6-v2,A_semantic_only,27,88a991273442,maintain regulatory or compliance documentation,1529,8c8790508d02,9,0.2863878309726715,0.2863878309726715,3.6731178760528564,0.0,0.5,0.0,0
/home/jovyan/Joel_Pardo/AI4LABOUR/Mejoras/results_coursera/models/simcse_coursera_hard/sentence-transformers/all-MiniLM-L6-v2,A_semantic_only,27,88a991273442,maintain regulatory or compliance documentation,1600,e07ea79deb22,10,0.2841040790081024,0.2841040790081024,3.644167423248291,0.20000000298023224,0.5,0.47164326906204224,0
/home/jovyan/Joel_Pardo/AI4LABOUR/Mejoras/results_coursera/models/simcse_coursera_hard/sentence-transformers/all-MiniLM-L6-v2,A_semantic_only,28,ce1178bafa1d,monitor external affairs or events affecting business operations,4106,7a6199e2dfd9,1,0.503448486328125,0.503448486328125,5.879504203796387,0.13333334028720856,0.6000000238418579,0.39178410172462463,0
/home/jovyan/Joel_Pardo/AI4LABOUR/Mejoras/results_coursera/models/simcse_coursera_hard/sentence-transformers/all-MiniLM-L6-v2,A_semantic_only,28,ce1178bafa1d,monitor external affairs or events affecting business operations,1249,95d7d4c08187,2,0.46482372283935547,0.46482372283935547,5.419791221618652,0.2857142984867096,0.3333333432674408,1.0,0
/home/jovyan/Joel_Pardo/AI4LABOUR/Mejoras/results_coursera/models/simcse_coursera_hard/sentence-transformers/all-MiniLM-L6-v2,A_semantic_only,28,ce1178bafa1d,monitor external affairs or events affecting business operations,754,2af854050699,3,0.4166922867298126,0.4166922867298126,4.84692907333374,0.10000000149011612,0.6666666865348816,0.28200221061706543,0
/home/jovyan/Joel_Pardo/AI4LABOUR/Mejoras/results_coursera/models/simcse_coursera_hard/sentence-transformers/all-MiniLM-L6-v2,A_semantic_only,28,ce1178bafa1d,monitor external affairs or events affecting business operations,2087,ce4318185a88,4,0.3948783576488495,0.3948783576488495,4.587299346923828,0.0833333358168602,0.8888888955116272,0.23116831481456757,0
/home/jovyan/Joel_Pardo/AI4LABOUR/Mejoras/results_coursera/models/simcse_coursera_hard/sentence-transformers/all-MiniLM-L6-v2,A_semantic_only,28,ce1178bafa1d,monitor external affairs or events affecting business operations,1437,5a582c2852f5,5,0.38765233755111694,0.38765233755111694,4.50129508972168,0.0,0.3333333432674408,0.0,0
/home/jovyan/Joel_Pardo/AI4LABOUR/Mejoras/results_coursera/models/simcse_coursera_hard/sentence-transformers/all-MiniLM-L6-v2,A_semantic_only,28,ce1178bafa1d,monitor external affairs or events affecting business operations,14,2f5662c3279d,6,0.38615405559539795,0.38615405559539795,4.483462333679199,0.125,0.3333333432674408,0.42080461978912354,0
/home/jovyan/Joel_Pardo/AI4LABOUR/Mejoras/results_coursera/models/simcse_coursera_hard/sentence-transformers/all-MiniLM-L6-v2,A_semantic_only,28,ce1178bafa1d,monitor external affairs or events affecting business operations,2277,e2ee4e5d252a,7,0.37106600403785706,0.37106600403785706,4.303884029388428,0.0,0.3333333432674408,0.0,0
/home/jovyan/Joel_Pardo/AI4LABOUR/Mejoras/results_coursera/models/simcse_coursera_hard/sentence-transformers/all-MiniLM-L6-v2,A_semantic_only,28,ce1178bafa1d,monitor external affairs or events affecting business operations,594,89948c7f4890,8,0.36576300859451294,0.36576300859451294,4.240767478942871,0.0,0.2222222238779068,0.0,0
/home/jovyan/Joel_Pardo/AI4LABOUR/Mejoras/results_coursera/models/simcse_coursera_hard/sentence-transformers/all-MiniLM-L6-v2,A_semantic_only,28,ce1178bafa1d,monitor external affairs or events affecting business operations,1191,00db8beb6226,9,0.35744065046310425,0.35744065046310425,4.141714572906494,0.1111111119389534,0.4444444477558136,0.6377026438713074,0
/home/jovyan/Joel_Pardo/AI4LABOUR/Mejoras/results_coursera/models/simcse_coursera_hard/sentence-transformers/all-MiniLM-L6-v2,A_semantic_only,28,ce1178bafa1d,monitor external affairs or events affecting business operations,3516,afe8a26918ff,10,0.3528117537498474,0.3528117537498474,4.086621284484863,0.0,0.5555555820465088,0.0,0
/home/jovyan/Joel_Pardo/AI4LABOUR/Mejoras/results_coursera/models/simcse_coursera_hard/sentence-transformers/all-MiniLM-L6-v2,A_semantic_only,29,ef7349785e11,implement design or process improvements,3413,0c3e5c7f3c75,1,0.6873347163200378,0.6873347163200378,7.7057623863220215,0.20000000298023224,0.5,0.5673700571060181,0
/home/jovyan/Joel_Pardo/AI4LABOUR/Mejoras/results_coursera/models/simcse_coursera_hard/sentence-transformers/all-MiniLM-L6-v2,A_semantic_only,29,ef7349785e11,implement design or process improvements,4793,ecfb3bfe17da,2,0.6872333884239197,0.6872333884239197,7.704643249511719,0.125,1.0,0.3802230656147003,0
/home/jovyan/Joel_Pardo/AI4LABOUR/Mejoras/results_coursera/models/simcse_coursera_hard/sentence-transformers/all-MiniLM-L6-v2,A_semantic_only,29,ef7349785e11,implement design or process improvements,2365,103eab151086,3,0.5498177409172058,0.5498177409172058,6.186673164367676,0.5,0.5,1.0,0
/home/jovyan/Joel_Pardo/AI4LABOUR/Mejoras/results_coursera/models/simcse_coursera_hard/sentence-transformers/all-MiniLM-L6-v2,A_semantic_only,29,ef7349785e11,implement design or process improvements,3303,8dee13915ca0,4,0.5257071256637573,0.5257071256637573,5.9203338623046875,0.125,0.75,0.3116838037967682,0
/home/jovyan/Joel_Pardo/AI4LABOUR/Mejoras/results_coursera/models/simcse_coursera_hard/sentence-transformers/all-MiniLM-L6-v2,A_semantic_only,29,ef7349785e11,implement design or process improvements,3818,e5cabcf75cb6,5,0.4813629388809204,0.4813629388809204,5.430483341217041,0.0,0.5,0.0,0
/home/jovyan/Joel_Pardo/AI4LABOUR/Mejoras/results_coursera/models/simcse_coursera_hard/sentence-transformers/all-MiniLM-L6-v2,A_semantic_only,29,ef7349785e11,implement design or process improvements,3891,6579f5e89913,6,0.4660800099372864,0.4660800099372864,5.261659622192383,0.1428571492433548,1.0,0.6498294472694397,0
/home/jovyan/Joel_Pardo/AI4LABOUR/Mejoras/results_coursera/models/simcse_coursera_hard/sentence-transformers/all-MiniLM-L6-v2,A_semantic_only,29,ef7349785e11,implement design or process improvements,78,cefdec315735,7,0.46077674627304077,0.46077674627304077,5.2030768394470215,0.1666666716337204,0.6666666865348816,0.37165355682373047,0
/home/jovyan/Joel_Pardo/AI4LABOUR/Mejoras/results_coursera/models/simcse_coursera_hard/sentence-transformers/all-MiniLM-L6-v2,A_semantic_only,29,ef7349785e11,implement design or process improvements,5132,d1ee55d1b2ed,8,0.4603973627090454,0.4603973627090454,5.198885917663574,0.4000000059604645,0.6666666865348816,0.8590565323829651,0
/home/jovyan/Joel_Pardo/AI4LABOUR/Mejoras/results_coursera/models/simcse_coursera_hard/sentence-transformers/all-MiniLM-L6-v2,A_semantic_only,29,ef7349785e11,implement design or process improvements,4130,a7c4c4994d02,9,0.4527103304862976,0.4527103304862976,5.113970756530762,0.0,0.5,0.0,0
/home/jovyan/Joel_Pardo/AI4LABOUR/Mejoras/results_coursera/models/simcse_coursera_hard/sentence-transformers/all-MiniLM-L6-v2,A_semantic_only,29,ef7349785e11,implement design or process improvements,1950,26eeaf26a09d,10,0.3811677098274231,0.3811677098274231,4.323670864105225,0.1111111119389534,0.75,0.3116838037967682,0
/home/jovyan/Joel_Pardo/AI4LABOUR/Mejoras/results_coursera/models/simcse_coursera_hard/sentence-transformers/all-MiniLM-L6-v2,A_semantic_only,30,c6a87cc5d35e,prepare operational reports,2837,241f0bc96df2,1,0.49825888872146606,0.49825888872146606,5.874772548675537,0.0,0.75,0.0,0
/home/jovyan/Joel_Pardo/AI4LABOUR/Mejoras/results_coursera/models/simcse_coursera_hard/sentence-transformers/all-MiniLM-L6-v2,A_semantic_only,30,c6a87cc5d35e,prepare operational reports,1897,d330010440a6,2,0.48647308349609375,0.48647308349609375,5.736700057983398,0.25,0.75,0.8359322547912598,0
/home/jovyan/Joel_Pardo/AI4LABOUR/Mejoras/results_coursera/models/simcse_coursera_hard/sentence-transformers/all-MiniLM-L6-v2,A_semantic_only,30,c6a87cc5d35e,prepare operational reports,2576,c685851e31a3,3,0.475610613822937,0.475610613822937,5.6094441413879395,0.20000000298023224,1.0,0.7181130647659302,0
/home/jovyan/Joel_Pardo/AI4LABOUR/Mejoras/results_coursera/models/simcse_coursera_hard/sentence-transformers/all-MiniLM-L6-v2,A_semantic_only,30,c6a87cc5d35e,prepare operational reports,4589,a8445719836f,4,0.47266215085983276,0.47266215085983276,5.574902534484863,0.3333333432674408,0.5,1.0,0
/home/jovyan/Joel_Pardo/AI4LABOUR/Mejoras/results_coursera/models/simcse_coursera_hard/sentence-transformers/all-MiniLM-L6-v2,A_semantic_only,30,c6a87cc5d35e,prepare operational reports,2040,2fc25984711e,5,0.45530202984809875,0.45530202984809875,5.371525287628174,0.0,1.0,0.0,0
/home/jovyan/Joel_Pardo/AI4LABOUR/Mejoras/results_coursera/models/simcse_coursera_hard/sentence-transformers/all-MiniLM-L6-v2,A_semantic_only,30,c6a87cc5d35e,prepare operational reports,226,7e56613a2ebc,6,0.4505830407142639,0.4505830407142639,5.316241264343262,0.1666666716337204,0.6666666865348816,0.5765593647956848,0
/home/jovyan/Joel_Pardo/AI4LABOUR/Mejoras/results_coursera/models/simcse_coursera_hard/sentence-transformers/all-MiniLM-L6-v2,A_semantic_only,30,c6a87cc5d35e,prepare operational reports,4489,91f41a9ddfae,7,0.4496895670890808,0.4496895670890808,5.305774211883545,0.25,1.0,0.7181130647659302,0
/home/jovyan/Joel_Pardo/AI4LABOUR/Mejoras/results_coursera/models/simcse_coursera_hard/sentence-transformers/all-MiniLM-L6-v2,A_semantic_only,30,c6a87cc5d35e,prepare operational reports,3332,72c021894860,8,0.44121357798576355,0.44121357798576355,5.206476211547852,0.20000000298023224,1.0,0.7181130647659302,0
/home/jovyan/Joel_Pardo/AI4LABOUR/Mejoras/results_coursera/models/simcse_coursera_hard/sentence-transformers/all-MiniLM-L6-v2,A_semantic_only,30,c6a87cc5d35e,prepare operational reports,4590,5d45850c5baa,9,0.44107210636138916,0.44107210636138916,5.204819202423096,0.25,0.75,0.8603436946868896,0
/home/jovyan/Joel_Pardo/AI4LABOUR/Mejoras/results_coursera/models/simcse_coursera_hard/sentence-transformers/all-MiniLM-L6-v2,A_semantic_only,30,c6a87cc5d35e,prepare operational reports,4502,98c2bfc7d4aa,10,0.43103063106536865,0.43103063106536865,5.087181091308594,0.0,0.4444444477558136,0.0,0
/home/jovyan/Joel_Pardo/AI4LABOUR/Mejoras/results_coursera/models/simcse_coursera_hard/sentence-transformers/all-MiniLM-L6-v2,A_semantic_only,31,53acfaed8c01,supervise employees,1558,13b789b8dcd6,1,0.5210402607917786,0.5210402607917786,7.165861129760742,0.0,0.6666666865348816,0.0,0
/home/jovyan/Joel_Pardo/AI4LABOUR/Mejoras/results_coursera/models/simcse_coursera_hard/sentence-transformers/all-MiniLM-L6-v2,A_semantic_only,31,53acfaed8c01,supervise employees,2349,b1c2441516f2,2,0.41837888956069946,0.41837888956069946,5.725844383239746,0.0,1.0,0.0,0
/home/jovyan/Joel_Pardo/AI4LABOUR/Mejoras/results_coursera/models/simcse_coursera_hard/sentence-transformers/all-MiniLM-L6-v2,A_semantic_only,31,53acfaed8c01,supervise employees,425,b06cd44db3d0,3,0.38629958033561707,0.38629958033561707,5.275872707366943,0.0,0.6000000238418579,0.0,0
/home/jovyan/Joel_Pardo/AI4LABOUR/Mejoras/results_coursera/models/simcse_coursera_hard/sentence-transformers/all-MiniLM-L6-v2,A_semantic_only,31,53acfaed8c01,supervise employees,4533,2d94bc228c64,4,0.3350827097892761,0.3350827097892761,4.557460784912109,0.0,1.0,0.0,0
/home/jovyan/Joel_Pardo/AI4LABOUR/Mejoras/results_coursera/models/simcse_coursera_hard/sentence-transformers/all-MiniLM-L6-v2,A_semantic_only,31,53acfaed8c01,supervise employees,2526,310e60e47874,5,0.32479625940322876,0.32479625940322876,4.413174152374268,0.0,1.0,0.0,0
/home/jovyan/Joel_Pardo/AI4LABOUR/Mejoras/results_coursera/models/simcse_coursera_hard/sentence-transformers/all-MiniLM-L6-v2,A_semantic_only,31,53acfaed8c01,supervise employees,4905,a57e4cb16fc4,6,0.3150399923324585,0.3150399923324585,4.276324272155762,0.0,1.0,0.0,0
/home/jovyan/Joel_Pardo/AI4LABOUR/Mejoras/results_coursera/models/simcse_coursera_hard/sentence-transformers/all-MiniLM-L6-v2,A_semantic_only,31,53acfaed8c01,supervise employees,3978,6918d9132472,7,0.31053057312965393,0.31053057312965393,4.213071346282959,0.0,1.0,0.0,0
/home/jovyan/Joel_Pardo/AI4LABOUR/Mejoras/results_coursera/models/simcse_coursera_hard/sentence-transformers/all-MiniLM-L6-v2,A_semantic_only,31,53acfaed8c01,supervise employees,4319,3f76e8c7700b,8,0.3087032735347748,0.3087032735347748,4.187439918518066,0.0,1.0,0.0,0
/home/jovyan/Joel_Pardo/AI4LABOUR/Mejoras/results_coursera/models/simcse_coursera_hard/sentence-transformers/all-MiniLM-L6-v2,A_semantic_only,31,53acfaed8c01,supervise employees,4854,3da636e70e82,9,0.30085107684135437,0.30085107684135437,4.077298641204834,0.0,1.0,0.0,0
/home/jovyan/Joel_Pardo/AI4LABOUR/Mejoras/results_coursera/models/simcse_coursera_hard/sentence-transformers/all-MiniLM-L6-v2,A_semantic_only,31,53acfaed8c01,supervise employees,3566,581ac2a59c21,10,0.2837419807910919,0.2837419807910919,3.8373115062713623,0.1666666716337204,0.3333333432674408,1.0,0
/home/jovyan/Joel_Pardo/AI4LABOUR/Mejoras/results_coursera/models/simcse_coursera_hard/sentence-transformers/all-MiniLM-L6-v2,A_semantic_only,32,85a88cfd39f0,"direct sales, marketing, or customer service activities",3380,21144e59bbf3,1,0.44757091999053955,0.44757091999053955,5.538903713226318,0.1428571492433548,0.375,0.5296781659126282,0
/home/jovyan/Joel_Pardo/AI4LABOUR/Mejoras/results_coursera/models/simcse_coursera_hard/sentence-transformers/all-MiniLM-L6-v2,A_semantic_only,32,85a88cfd39f0,"direct sales, marketing, or customer service activities",2616,c8a530a7b733,2,0.410531222820282,0.410531222820282,5.066428184509277,0.125,0.625,0.32306981086730957,0
/home/jovyan/Joel_Pardo/AI4LABOUR/Mejoras/results_coursera/models/simcse_coursera_hard/sentence-transformers/all-MiniLM-L6-v2,A_semantic_only,32,85a88cfd39f0,"direct sales, marketing, or customer service activities",3425,71839a6aad3b,3,0.3869146704673767,0.3869146704673767,4.765176773071289,0.125,0.625,0.3988133668899536,0
/home/jovyan/Joel_Pardo/AI4LABOUR/Mejoras/results_coursera/models/simcse_coursera_hard/sentence-transformers/all-MiniLM-L6-v2,A_semantic_only,32,85a88cfd39f0,"direct sales, marketing, or customer service activities",147,575ea3efc7e8,4,0.34311747550964355,0.34311747550964355,4.206502914428711,0.1111111119389534,0.3199999928474426,0.49226686358451843,0
/home/jovyan/Joel_Pardo/AI4LABOUR/Mejoras/results_coursera/models/simcse_coursera_hard/sentence-transformers/all-MiniLM-L6-v2,A_semantic_only,32,85a88cfd39f0,"direct sales, marketing, or customer service activities",4302,5e4a1ccf5b7d,5,0.34246665239334106,0.34246665239334106,4.1982011795043945,0.0833333358168602,0.8888888955116272,0.42353498935699463,0
/home/jovyan/Joel_Pardo/AI4LABOUR/Mejoras/results_coursera/models/simcse_coursera_hard/sentence-transformers/all-MiniLM-L6-v2,A_semantic_only,32,85a88cfd39f0,"direct sales, marketing, or customer service activities",1249,95d7d4c08187,6,0.3402564525604248,0.3402564525604248,4.170007705688477,0.0,0.375,0.0,0
/home/jovyan/Joel_Pardo/AI4LABOUR/Mejoras/results_coursera/models/simcse_coursera_hard/sentence-transformers/all-MiniLM-L6-v2,A_semantic_only,32,85a88cfd39f0,"direct sales, marketing, or customer service activities",2743,2fa81bcbcae8,7,0.33841007947921753,0.33841007947921753,4.146455764770508,0.1428571492433548,0.375,0.5296781659126282,0
/home/jovyan/Joel_Pardo/AI4LABOUR/Mejoras/results_coursera/models/simcse_coursera_hard/sentence-transformers/all-MiniLM-L6-v2,A_semantic_only,32,85a88cfd39f0,"direct sales, marketing, or customer service activities",5169,69142a156a26,8,0.3370993435382843,0.3370993435382843,4.129735946655273,0.1111111119389534,0.875,0.4287315011024475,0
/home/jovyan/Joel_Pardo/AI4LABOUR/Mejoras/results_coursera/models/simcse_coursera_hard/sentence-transformers/all-MiniLM-L6-v2,A_semantic_only,32,85a88cfd39f0,"direct sales, marketing, or customer service activities",3535,379e0f7794d9,9,0.32906872034072876,0.32906872034072876,4.0272979736328125,0.1428571492433548,0.375,0.4290804862976074,0
/home/jovyan/Joel_Pardo/AI4LABOUR/Mejoras/results_coursera/models/simcse_coursera_hard/sentence-transformers/all-MiniLM-L6-v2,A_semantic_only,32,85a88cfd39f0,"direct sales, marketing, or customer service activities",4301,32656e1612b0,10,0.3267923593521118,0.3267923593521118,3.998260736465454,0.1111111119389534,1.0,0.2909778356552124,0
/home/jovyan/Joel_Pardo/AI4LABOUR/Mejoras/results_coursera/models/simcse_coursera_hard/sentence-transformers/all-MiniLM-L6-v2,A_semantic_only,33,2be03b534579,"direct organizational operations, projects, or services",4483,d8ed544e2272,1,0.4960939288139343,0.4960939288139343,6.259478569030762,0.1666666716337204,0.4285714328289032,0.8522807955741882,0
/home/jovyan/Joel_Pardo/AI4LABOUR/Mejoras/results_coursera/models/simcse_coursera_hard/sentence-transformers/all-MiniLM-L6-v2,A_semantic_only,33,2be03b534579,"direct organizational operations, projects, or services",1249,95d7d4c08187,2,0.4376204013824463,0.4376204013824463,5.5203022956848145,0.1666666716337204,0.4285714328289032,0.8522807955741882,0
/home/jovyan/Joel_Pardo/AI4LABOUR/Mejoras/results_coursera/models/simcse_coursera_hard/sentence-transformers/all-MiniLM-L6-v2,A_semantic_only,33,2be03b534579,"direct organizational operations, projects, or services",1243,14686b75fbe4,3,0.43331360816955566,0.43331360816955566,5.4658589363098145,0.125,0.7142857313156128,0.6417122483253479,0
/home/jovyan/Joel_Pardo/AI4LABOUR/Mejoras/results_coursera/models/simcse_coursera_hard/sentence-transformers/all-MiniLM-L6-v2,A_semantic_only,33,2be03b534579,"direct organizational operations, projects, or services",1245,e506448ed7d0,4,0.4058822989463806,0.4058822989463806,5.119093894958496,0.125,0.7142857313156128,0.6417122483253479,0
/home/jovyan/Joel_Pardo/AI4LABOUR/Mejoras/results_coursera/models/simcse_coursera_hard/sentence-transformers/all-MiniLM-L6-v2,A_semantic_only,33,2be03b534579,"direct organizational operations, projects, or services",1242,20df78ef6edb,5,0.38937467336654663,0.38937467336654663,4.910417556762695,0.10000000149011612,0.875,0.4681990146636963,0
/home/jovyan/Joel_Pardo/AI4LABOUR/Mejoras/results_coursera/models/simcse_coursera_hard/sentence-transformers/all-MiniLM-L6-v2,A_semantic_only,33,2be03b534579,"direct organizational operations, projects, or services",42,02d9739e2d83,6,0.3812602162361145,0.3812602162361145,4.807840824127197,0.1666666716337204,0.4285714328289032,0.8522807955741882,0
/home/jovyan/Joel_Pardo/AI4LABOUR/Mejoras/results_coursera/models/simcse_coursera_hard/sentence-transformers/all-MiniLM-L6-v2,A_semantic_only,33,2be03b534579,"direct organizational operations, projects, or services",787,85de5c80fc3e,7,0.373948872089386,0.373948872089386,4.715416431427002,0.1666666716337204,0.4285714328289032,0.8522807955741882,0
/home/jovyan/Joel_Pardo/AI4LABOUR/Mejoras/results_coursera/models/simcse_coursera_hard/sentence-transformers/all-MiniLM-L6-v2,A_semantic_only,33,2be03b534579,"direct organizational operations, projects, or services",333,948d1f30a0fa,8,0.34736520051956177,0.34736520051956177,4.379366397857666,0.0,0.4285714328289032,0.0,0
/home/jovyan/Joel_Pardo/AI4LABOUR/Mejoras/results_coursera/models/simcse_coursera_hard/sentence-transformers/all-MiniLM-L6-v2,A_semantic_only,33,2be03b534579,"direct organizational operations, projects, or services",1241,fa198a5b68ce,9,0.3372422456741333,0.3372422456741333,4.251399993896484,0.125,0.7142857313156128,0.6417122483253479,0
/home/jovyan/Joel_Pardo/AI4LABOUR/Mejoras/results_coursera/models/simcse_coursera_hard/sentence-transformers/all-MiniLM-L6-v2,A_semantic_only,33,2be03b534579,"direct organizational operations, projects, or services",1175,1779a7c04aa8,10,0.32637375593185425,0.32637375593185425,4.114008903503418,0.0,0.4285714328289032,0.0,0
/home/jovyan/Joel_Pardo/AI4LABOUR/Mejoras/results_coursera/models/simcse_coursera_hard/sentence-transformers/all-MiniLM-L6-v2,A_semantic_only,34,614f5f558eca,approve expenditures,4260,f66d5097d73f,1,0.4087768793106079,0.4087768793106079,5.5082597732543945,0.0,1.0,0.0,0
/home/jovyan/Joel_Pardo/AI4LABOUR/Mejoras/results_coursera/models/simcse_coursera_hard/sentence-transformers/all-MiniLM-L6-v2,A_semantic_only,34,614f5f558eca,approve expenditures,2535,e97f0c698df9,2,0.3578822612762451,0.3578822612762451,4.800203800201416,0.0,0.75,0.0,0
/home/jovyan/Joel_Pardo/AI4LABOUR/Mejoras/results_coursera/models/simcse_coursera_hard/sentence-transformers/all-MiniLM-L6-v2,A_semantic_only,34,614f5f558eca,approve expenditures,3858,3142e9280587,3,0.3490358591079712,0.3490358591079712,4.677130699157715,0.0,0.6000000238418579,0.0,0
/home/jovyan/Joel_Pardo/AI4LABOUR/Mejoras/results_coursera/models/simcse_coursera_hard/sentence-transformers/all-MiniLM-L6-v2,A_semantic_only,34,614f5f558eca,approve expenditures,4136,0598bda91832,4,0.34573686122894287,0.34573686122894287,4.631234645843506,0.0,1.0,0.0,0
/home/jovyan/Joel_Pardo/AI4LABOUR/Mejoras/results_coursera/models/simcse_coursera_hard/sentence-transformers/all-MiniLM-L6-v2,A_semantic_only,34,614f5f558eca,approve expenditures,177,5ec64a367a46,5,0.3434004783630371,0.3434004783630371,4.598730087280273,0.0,0.75,0.0,0
/home/jovyan/Joel_Pardo/AI4LABOUR/Mejoras/results_coursera/models/simcse_coursera_hard/sentence-transformers/all-MiniLM-L6-v2,A_semantic_only,34,614f5f558eca,approve expenditures,46,a3db224ea72e,6,0.3380429446697235,0.3380429446697235,4.524195194244385,0.0,0.75,0.0,0
/home/jovyan/Joel_Pardo/AI4LABOUR/Mejoras/results_coursera/models/simcse_coursera_hard/sentence-transformers/all-MiniLM-L6-v2,A_semantic_only,34,614f5f558eca,approve expenditures,47,b9241dcb1d13,7,0.3357914388179779,0.3357914388179779,4.4928717613220215,0.0,1.0,0.0,0
/home/jovyan/Joel_Pardo/AI4LABOUR/Mejoras/results_coursera/models/simcse_coursera_hard/sentence-transformers/all-MiniLM-L6-v2,A_semantic_only,34,614f5f558eca,approve expenditures,1240,2f212049ce79,8,0.3018340468406677,0.3018340468406677,4.020449638366699,0.0,0.6666666865348816,0.0,0
/home/jovyan/Joel_Pardo/AI4LABOUR/Mejoras/results_coursera/models/simcse_coursera_hard/sentence-transformers/all-MiniLM-L6-v2,A_semantic_only,34,614f5f558eca,approve expenditures,4734,5f0420411a56,9,0.30087852478027344,0.30087852478027344,4.0071563720703125,0.0,0.6666666865348816,0.0,0
/home/jovyan/Joel_Pardo/AI4LABOUR/Mejoras/results_coursera/models/simcse_coursera_hard/sentence-transformers/all-MiniLM-L6-v2,A_semantic_only,34,614f5f558eca,approve expenditures,4291,96c1ae3158a7,10,0.296437531709671,0.296437531709671,3.9453723430633545,0.0,0.75,0.0,0
/home/jovyan/Joel_Pardo/AI4LABOUR/Mejoras/results_coursera/models/simcse_coursera_hard/sentence-transformers/all-MiniLM-L6-v2,A_semantic_only,35,e19513a85bed,prepare operational budgets,4590,5d45850c5baa,1,0.46226248145103455,0.46226248145103455,5.823693752288818,0.25,0.75,1.0,0
/home/jovyan/Joel_Pardo/AI4LABOUR/Mejoras/results_coursera/models/simcse_coursera_hard/sentence-transformers/all-MiniLM-L6-v2,A_semantic_only,35,e19513a85bed,prepare operational budgets,2090,50716537594e,2,0.4231846332550049,0.4231846332550049,5.333512783050537,0.0,0.75,0.0,0
/home/jovyan/Joel_Pardo/AI4LABOUR/Mejoras/results_coursera/models/simcse_coursera_hard/sentence-transformers/all-MiniLM-L6-v2,A_semantic_only,35,e19513a85bed,prepare operational budgets,4594,432b2439a32a,3,0.4115977883338928,0.4115977883338928,5.188170909881592,0.0,0.75,0.0,0
/home/jovyan/Joel_Pardo/AI4LABOUR/Mejoras/results_coursera/models/simcse_coursera_hard/sentence-transformers/all-MiniLM-L6-v2,A_semantic_only,35,e19513a85bed,prepare operational budgets,4855,0e550c83c7ff,4,0.403071790933609,0.403071790933609,5.081223487854004,0.0,0.75,0.0,0
/home/jovyan/Joel_Pardo/AI4LABOUR/Mejoras/results_coursera/models/simcse_coursera_hard/sentence-transformers/all-MiniLM-L6-v2,A_semantic_only,35,e19513a85bed,prepare operational budgets,4311,dad8075f10c2,5,0.4028415083885193,0.4028415083885193,5.078334808349609,0.1666666716337204,0.5714285969734192,0.6037659645080566,0
/home/jovyan/Joel_Pardo/AI4LABOUR/Mejoras/results_coursera/models/simcse_coursera_hard/sentence-transformers/all-MiniLM-L6-v2,A_semantic_only,35,e19513a85bed,prepare operational budgets,4224,40b1287b6f99,6,0.3927956819534302,0.3927956819534302,4.952322959899902,0.0,0.75,0.0,0
/home/jovyan/Joel_Pardo/AI4LABOUR/Mejoras/results_coursera/models/simcse_coursera_hard/sentence-transformers/all-MiniLM-L6-v2,A_semantic_only,35,e19513a85bed,prepare operational budgets,1300,b510e0f063cc,7,0.3839312791824341,0.3839312791824341,4.84113073348999,0.0,0.75,0.0,0
/home/jovyan/Joel_Pardo/AI4LABOUR/Mejoras/results_coursera/models/simcse_coursera_hard/sentence-transformers/all-MiniLM-L6-v2,A_semantic_only,35,e19513a85bed,prepare operational budgets,4767,501c21443889,8,0.37781238555908203,0.37781238555908203,4.764377117156982,0.0,0.5,0.0,0
/home/jovyan/Joel_Pardo/AI4LABOUR/Mejoras/results_coursera/models/simcse_coursera_hard/sentence-transformers/all-MiniLM-L6-v2,A_semantic_only,35,e19513a85bed,prepare operational budgets,170,8b7c50fed2a1,9,0.3706374764442444,0.3706374764442444,4.67437744140625,0.0,0.75,0.0,0
/home/jovyan/Joel_Pardo/AI4LABOUR/Mejoras/results_coursera/models/simcse_coursera_hard/sentence-transformers/all-MiniLM-L6-v2,A_semantic_only,35,e19513a85bed,prepare operational budgets,4856,8854c5efcfea,10,0.3692728877067566,0.3692728877067566,4.657260417938232,0.0,0.75,0.0,0
/home/jovyan/Joel_Pardo/AI4LABOUR/Mejoras/results_coursera/models/simcse_coursera_hard/sentence-transformers/all-MiniLM-L6-v2,A_semantic_only,36,e5bfe7745119,analyze data to inform operational decisions or activities,3743,a1ba967d5168,1,0.5387511253356934,0.5387511253356934,5.337122440338135,0.1428571492433548,0.3333333432674408,0.4039313793182373,0
/home/jovyan/Joel_Pardo/AI4LABOUR/Mejoras/results_coursera/models/simcse_coursera_hard/sentence-transformers/all-MiniLM-L6-v2,A_semantic_only,36,e5bfe7745119,analyze data to inform operational decisions or activities,501,7e5e0cba4215,2,0.49033239483833313,0.49033239483833313,4.856671333312988,0.125,0.5555555820465088,0.30413416028022766,0
/home/jovyan/Joel_Pardo/AI4LABOUR/Mejoras/results_coursera/models/simcse_coursera_hard/sentence-transformers/all-MiniLM-L6-v2,A_semantic_only,36,e5bfe7745119,analyze data to inform operational decisions or activities,147,575ea3efc7e8,3,0.4538666307926178,0.4538666307926178,4.4948272705078125,0.05263157933950424,0.36000001430511475,0.4119620621204376,0
/home/jovyan/Joel_Pardo/AI4LABOUR/Mejoras/results_coursera/models/simcse_coursera_hard/sentence-transformers/all-MiniLM-L6-v2,A_semantic_only,36,e5bfe7745119,analyze data to inform operational decisions or activities,2991,eb4c8a2a148b,4,0.4437142312526703,0.4437142312526703,4.3940863609313965,0.1111111119389534,0.5555555820465088,0.30413416028022766,0
/home/jovyan/Joel_Pardo/AI4LABOUR/Mejoras/results_coursera/models/simcse_coursera_hard/sentence-transformers/all-MiniLM-L6-v2,A_semantic_only,36,e5bfe7745119,analyze data to inform operational decisions or activities,216,21b7bcffa8bc,5,0.442030668258667,0.442030668258667,4.377380847930908,0.1111111119389534,0.5555555820465088,0.30413416028022766,0
/home/jovyan/Joel_Pardo/AI4LABOUR/Mejoras/results_coursera/models/simcse_coursera_hard/sentence-transformers/all-MiniLM-L6-v2,A_semantic_only,36,e5bfe7745119,analyze data to inform operational decisions or activities,3250,688e91eeecce,6,0.42994433641433716,0.42994433641433716,4.257450103759766,0.125,0.4444444477558136,0.3469998836517334,0
/home/jovyan/Joel_Pardo/AI4LABOUR/Mejoras/results_coursera/models/simcse_coursera_hard/sentence-transformers/all-MiniLM-L6-v2,A_semantic_only,36,e5bfe7745119,analyze data to inform operational decisions or activities,772,b0c3695dbca5,7,0.42853644490242004,0.42853644490242004,4.2434797286987305,0.125,0.4444444477558136,0.3469998836517334,0
/home/jovyan/Joel_Pardo/AI4LABOUR/Mejoras/results_coursera/models/simcse_coursera_hard/sentence-transformers/all-MiniLM-L6-v2,A_semantic_only,36,e5bfe7745119,analyze data to inform operational decisions or activities,1950,26eeaf26a09d,8,0.4179293215274811,0.4179293215274811,4.1382269859313965,0.09090909361839294,0.8888888955116272,0.22189901769161224,0
/home/jovyan/Joel_Pardo/AI4LABOUR/Mejoras/results_coursera/models/simcse_coursera_hard/sentence-transformers/all-MiniLM-L6-v2,A_semantic_only,36,e5bfe7745119,analyze data to inform operational decisions or activities,2728,b12a99169d3e,9,0.41471099853515625,0.41471099853515625,4.106291770935059,0.0833333358168602,0.692307710647583,0.4528193771839142,0
/home/jovyan/Joel_Pardo/AI4LABOUR/Mejoras/results_coursera/models/simcse_coursera_hard/sentence-transformers/all-MiniLM-L6-v2,A_semantic_only,36,e5bfe7745119,analyze data to inform operational decisions or activities,1452,41db1b32b4b9,10,0.41238880157470703,0.41238880157470703,4.083249092102051,0.2857142984867096,0.5555555820465088,0.8421736359596252,0
/home/jovyan/Joel_Pardo/AI4LABOUR/Mejoras/results_coursera/models/simcse_coursera_hard/sentence-transformers/all-MiniLM-L6-v2,A_semantic_only,37,78a6d412d86e,monitor organizational procedures to ensure proper functioning,688,675b456b5403,1,0.3828452229499817,0.3828452229499817,4.370405673980713,0.0,0.47058823704719543,0.0,0
/home/jovyan/Joel_Pardo/AI4LABOUR/Mejoras/results_coursera/models/simcse_coursera_hard/sentence-transformers/all-MiniLM-L6-v2,A_semantic_only,37,78a6d412d86e,monitor organizational procedures to ensure proper functioning,4814,c41dafcf06d0,2,0.3753564953804016,0.3753564953804016,4.286262512207031,0.0,0.5,0.0,0
/home/jovyan/Joel_Pardo/AI4LABOUR/Mejoras/results_coursera/models/simcse_coursera_hard/sentence-transformers/all-MiniLM-L6-v2,A_semantic_only,37,78a6d412d86e,monitor organizational procedures to ensure proper functioning,1437,5a582c2852f5,3,0.3644000291824341,0.3644000291824341,4.163156032562256,0.0,0.375,0.0,0
/home/jovyan/Joel_Pardo/AI4LABOUR/Mejoras/results_coursera/models/simcse_coursera_hard/sentence-transformers/all-MiniLM-L6-v2,A_semantic_only,37,78a6d412d86e,monitor organizational procedures to ensure proper functioning,3411,170ec06a71d8,4,0.361409991979599,0.361409991979599,4.1295599937438965,0.1428571492433548,0.375,0.6799682974815369,0
/home/jovyan/Joel_Pardo/AI4LABOUR/Mejoras/results_coursera/models/simcse_coursera_hard/sentence-transformers/all-MiniLM-L6-v2,A_semantic_only,37,78a6d412d86e,monitor organizational procedures to ensure proper functioning,1575,992d0aad8b43,5,0.35029929876327515,0.35029929876327515,4.004720687866211,0.1428571492433548,0.375,0.6799682974815369,0
/home/jovyan/Joel_Pardo/AI4LABOUR/Mejoras/results_coursera/models/simcse_coursera_hard/sentence-transformers/all-MiniLM-L6-v2,A_semantic_only,37,78a6d412d86e,monitor organizational procedures to ensure proper functioning,594,89948c7f4890,6,0.3485071659088135,0.3485071659088135,3.9845845699310303,0.0,0.25,0.0,0
/home/jovyan/Joel_Pardo/AI4LABOUR/Mejoras/results_coursera/models/simcse_coursera_hard/sentence-transformers/all-MiniLM-L6-v2,A_semantic_only,37,78a6d412d86e,monitor organizational procedures to ensure proper functioning,4394,3110ca79819b,7,0.33470839262008667,0.33470839262008667,3.8295421600341797,0.0,0.875,0.0,0
/home/jovyan/Joel_Pardo/AI4LABOUR/Mejoras/results_coursera/models/simcse_coursera_hard/sentence-transformers/all-MiniLM-L6-v2,A_semantic_only,37,78a6d412d86e,monitor organizational procedures to ensure proper functioning,3775,8d3da080c247,8,0.3326464593410492,0.3326464593410492,3.8063743114471436,0.0,0.625,0.0,0
/home/jovyan/Joel_Pardo/AI4LABOUR/Mejoras/results_coursera/models/simcse_coursera_hard/sentence-transformers/all-MiniLM-L6-v2,A_semantic_only,37,78a6d412d86e,monitor organizational procedures to ensure proper functioning,2069,5ed02ea64c68,9,0.3275187611579895,0.3275187611579895,3.7487597465515137,0.0,0.375,0.0,0
/home/jovyan/Joel_Pardo/AI4LABOUR/Mejoras/results_coursera/models/simcse_coursera_hard/sentence-transformers/all-MiniLM-L6-v2,A_semantic_only,37,78a6d412d86e,monitor organizational procedures to ensure proper functioning,1528,b5a989054bb6,10,0.32602041959762573,0.32602041959762573,3.731924295425415,0.0,0.375,0.0,0
/home/jovyan/Joel_Pardo/AI4LABOUR/Mejoras/results_coursera/models/simcse_coursera_hard/sentence-transformers/all-MiniLM-L6-v2,A_semantic_only,38,a3c08ed1a115,confer with organizational members to accomplish work activities,1552,edb364659909,1,0.4300541281700134,0.4300541281700134,5.713204860687256,0.0,0.4444444477558136,0.0,0
/home/jovyan/Joel_Pardo/AI4LABOUR/Mejoras/results_coursera/models/simcse_coursera_hard/sentence-transformers/all-MiniLM-L6-v2,A_semantic_only,38,a3c08ed1a115,confer with organizational members to accomplish work activities,3569,b90a5f932e75,2,0.42614442110061646,0.42614442110061646,5.662106990814209,0.0833333358168602,0.8999999761581421,0.5796136856079102,0
/home/jovyan/Joel_Pardo/AI4LABOUR/Mejoras/results_coursera/models/simcse_coursera_hard/sentence-transformers/all-MiniLM-L6-v2,A_semantic_only,38,a3c08ed1a115,confer with organizational members to accomplish work activities,1800,bd60ddc5bb14,3,0.3739691972732544,0.3739691972732544,4.980206489562988,0.0,0.4444444477558136,0.5923802852630615,0
/home/jovyan/Joel_Pardo/AI4LABOUR/Mejoras/results_coursera/models/simcse_coursera_hard/sentence-transformers/all-MiniLM-L6-v2,A_semantic_only,38,a3c08ed1a115,confer with organizational members to accomplish work activities,1549,5dd309950a52,4,0.3669965863227844,0.3669965863227844,4.889078617095947,0.0,0.6666666865348816,0.4621158838272095,0
/home/jovyan/Joel_Pardo/AI4LABOUR/Mejoras/results_coursera/models/simcse_coursera_hard/sentence-transformers/all-MiniLM-L6-v2,A_semantic_only,38,a3c08ed1a115,confer with organizational members to accomplish work activities,4933,4a9dbf433d44,5,0.36542123556137085,0.36542123556137085,4.868489742279053,0.0,0.2222222238779068,0.0,0
/home/jovyan/Joel_Pardo/AI4LABOUR/Mejoras/results_coursera/models/simcse_coursera_hard/sentence-transformers/all-MiniLM-L6-v2,A_semantic_only,38,a3c08ed1a115,confer with organizational members to accomplish work activities,1554,ba67eebc2f04,6,0.36137375235557556,0.36137375235557556,4.815591335296631,0.0,0.6666666865348816,0.35855546593666077,0
/home/jovyan/Joel_Pardo/AI4LABOUR/Mejoras/results_coursera/models/simcse_coursera_hard/sentence-transformers/all-MiniLM-L6-v2,A_semantic_only,38,a3c08ed1a115,confer with organizational members to accomplish work activities,3256,57c5d1a5be58,7,0.3543252944946289,0.3543252944946289,4.7234721183776855,0.0,0.3333333432674408,0.0,0
/home/jovyan/Joel_Pardo/AI4LABOUR/Mejoras/results_coursera/models/simcse_coursera_hard/sentence-transformers/all-MiniLM-L6-v2,A_semantic_only,38,a3c08ed1a115,confer with organizational members to accomplish work activities,1810,f399e851f1b0,8,0.35403501987457275,0.35403501987457275,4.7196784019470215,0.0,0.4444444477558136,0.0,0
/home/jovyan/Joel_Pardo/AI4LABOUR/Mejoras/results_coursera/models/simcse_coursera_hard/sentence-transformers/all-MiniLM-L6-v2,A_semantic_only,38,a3c08ed1a115,confer with organizational members to accomplish work activities,119,11a7a5d55a91,9,0.34114351868629456,0.34114351868629456,4.551193714141846,0.0,0.2222222238779068,0.0,0
/home/jovyan/Joel_Pardo/AI4LABOUR/Mejoras/results_coursera/models/simcse_coursera_hard/sentence-transformers/all-MiniLM-L6-v2,A_semantic_only,38,a3c08ed1a115,confer with organizational members to accomplish work activities,2807,71604dd6229c,10,0.3345550298690796,0.3345550298690796,4.465085983276367,0.0,0.3333333432674408,0.0,0
/home/jovyan/Joel_Pardo/AI4LABOUR/Mejoras/results_coursera/models/simcse_coursera_hard/sentence-transformers/all-MiniLM-L6-v2,A_semantic_only,39,202cbfb3aef7,evaluate employee performance,4133,9bd3bb772dfb,1,0.6697689890861511,0.6697689890861511,7.740001678466797,0.25,0.75,0.7767742872238159,0
/home/jovyan/Joel_Pardo/AI4LABOUR/Mejoras/results_coursera/models/simcse_coursera_hard/sentence-transformers/all-MiniLM-L6-v2,A_semantic_only,39,202cbfb3aef7,evaluate employee performance,2216,7f54b0ad802f,2,0.5504664182662964,0.5504664182662964,6.331883907318115,0.25,0.75,0.7767742872238159,0
/home/jovyan/Joel_Pardo/AI4LABOUR/Mejoras/results_coursera/models/simcse_coursera_hard/sentence-transformers/all-MiniLM-L6-v2,A_semantic_only,39,202cbfb3aef7,evaluate employee performance,2346,9ed3bc63cbd9,3,0.5487154126167297,0.5487154126167297,6.311217784881592,0.25,0.75,0.7767742872238159,0
/home/jovyan/Joel_Pardo/AI4LABOUR/Mejoras/results_coursera/models/simcse_coursera_hard/sentence-transformers/all-MiniLM-L6-v2,A_semantic_only,39,202cbfb3aef7,evaluate employee performance,2978,c05f6c233521,4,0.5481650829315186,0.5481650829315186,6.304721355438232,0.3333333432674408,0.5,0.9292311668395996,0
/home/jovyan/Joel_Pardo/AI4LABOUR/Mejoras/results_coursera/models/simcse_coursera_hard/sentence-transformers/all-MiniLM-L6-v2,A_semantic_only,39,202cbfb3aef7,evaluate employee performance,2908,5ebafb320c0f,5,0.5133248567581177,0.5133248567581177,5.893505573272705,0.20000000298023224,1.0,0.6672930717468262,0
/home/jovyan/Joel_Pardo/AI4LABOUR/Mejoras/results_coursera/models/simcse_coursera_hard/sentence-transformers/all-MiniLM-L6-v2,A_semantic_only,39,202cbfb3aef7,evaluate employee performance,2173,937091e584e1,6,0.504146158695221,0.504146158695221,5.785170555114746,0.25,0.75,0.7767742872238159,0
/home/jovyan/Joel_Pardo/AI4LABOUR/Mejoras/results_coursera/models/simcse_coursera_hard/sentence-transformers/all-MiniLM-L6-v2,A_semantic_only,39,202cbfb3aef7,evaluate employee performance,399,63d29bfd492f,7,0.4980946481227875,0.4980946481227875,5.7137451171875,0.20000000298023224,1.0,0.6672930717468262,0
/home/jovyan/Joel_Pardo/AI4LABOUR/Mejoras/results_coursera/models/simcse_coursera_hard/sentence-transformers/all-MiniLM-L6-v2,A_semantic_only,39,202cbfb3aef7,evaluate employee performance,2528,9fb8b881e40a,8,0.49604108929634094,0.49604108929634094,5.689507007598877,0.1666666716337204,0.800000011920929,0.5848607420921326,0
/home/jovyan/Joel_Pardo/AI4LABOUR/Mejoras/results_coursera/models/simcse_coursera_hard/sentence-transformers/all-MiniLM-L6-v2,A_semantic_only,39,202cbfb3aef7,evaluate employee performance,4169,2847ad11d5b0,9,0.4798111319541931,0.4798111319541931,5.497946262359619,0.25,0.75,0.7767742872238159,0
/home/jovyan/Joel_Pardo/AI4LABOUR/Mejoras/results_coursera/models/simcse_coursera_hard/sentence-transformers/all-MiniLM-L6-v2,A_semantic_only,39,202cbfb3aef7,evaluate employee performance,3691,683be8b6f028,10,0.47941499948501587,0.47941499948501587,5.4932708740234375,0.20000000298023224,1.0,0.6672930717468262,0
/home/jovyan/Joel_Pardo/AI4LABOUR/Mejoras/results_coursera/models/simcse_coursera_hard/sentence-transformers/all-MiniLM-L6-v2,A_semantic_only,40,f64df278da5d,conduct employee training programs,5297,c91a5c4b0bdb,1,0.6580913662910461,0.6580913662910461,8.342658042907715,0.5,0.6000000238418579,1.0,0
/home/jovyan/Joel_Pardo/AI4LABOUR/Mejoras/results_coursera/models/simcse_coursera_hard/sentence-transformers/all-MiniLM-L6-v2,A_semantic_only,40,f64df278da5d,conduct employee training programs,396,d0d62d040f36,2,0.5353163480758667,0.5353163480758667,6.768542766571045,0.1666666716337204,0.800000011920929,0.3974604904651642,0
/home/jovyan/Joel_Pardo/AI4LABOUR/Mejoras/results_coursera/models/simcse_coursera_hard/sentence-transformers/all-MiniLM-L6-v2,A_semantic_only,40,f64df278da5d,conduct employee training programs,3611,a9cf3208589d,3,0.38316279649734497,0.38316279649734497,4.8177618980407715,0.20000000298023224,0.6000000238418579,0.4626709222793579,0
/home/jovyan/Joel_Pardo/AI4LABOUR/Mejoras/results_coursera/models/simcse_coursera_hard/sentence-transformers/all-MiniLM-L6-v2,A_semantic_only,40,f64df278da5d,conduct employee training programs,4929,494c8f51df54,4,0.3798734247684479,0.3798734247684479,4.775588512420654,0.1666666716337204,0.800000011920929,0.3974604904651642,0
/home/jovyan/Joel_Pardo/AI4LABOUR/Mejoras/results_coursera/models/simcse_coursera_hard/sentence-transformers/all-MiniLM-L6-v2,A_semantic_only,40,f64df278da5d,conduct employee training programs,206,b49a9e6f7e10,5,0.37125059962272644,0.37125059962272644,4.66503381729126,0.20000000298023224,0.6000000238418579,0.5373290777206421,0
/home/jovyan/Joel_Pardo/AI4LABOUR/Mejoras/results_coursera/models/simcse_coursera_hard/sentence-transformers/all-MiniLM-L6-v2,A_semantic_only,40,f64df278da5d,conduct employee training programs,4905,a57e4cb16fc4,6,0.3597657084465027,0.3597657084465027,4.517784595489502,0.20000000298023224,0.6000000238418579,0.5507173538208008,0
/home/jovyan/Joel_Pardo/AI4LABOUR/Mejoras/results_coursera/models/simcse_coursera_hard/sentence-transformers/all-MiniLM-L6-v2,A_semantic_only,40,f64df278da5d,conduct employee training programs,3729,1871e097b0a5,7,0.3502124547958374,0.3502124547958374,4.395301342010498,0.20000000298023224,0.800000011920929,0.3974604904651642,0
/home/jovyan/Joel_Pardo/AI4LABOUR/Mejoras/results_coursera/models/simcse_coursera_hard/sentence-transformers/all-MiniLM-L6-v2,A_semantic_only,40,f64df278da5d,conduct employee training programs,319,c185ddac8b5a,8,0.3381797671318054,0.3381797671318054,4.241028308868408,0.25,0.4000000059604645,0.5534789562225342,0
/home/jovyan/Joel_Pardo/AI4LABOUR/Mejoras/results_coursera/models/simcse_coursera_hard/sentence-transformers/all-MiniLM-L6-v2,A_semantic_only,40,f64df278da5d,conduct employee training programs,1844,3e122c78f945,9,0.33694496750831604,0.33694496750831604,4.225196838378906,0.1666666716337204,0.800000011920929,0.3974604904651642,0
/home/jovyan/Joel_Pardo/AI4LABOUR/Mejoras/results_coursera/models/simcse_coursera_hard/sentence-transformers/all-MiniLM-L6-v2,A_semantic_only,40,f64df278da5d,conduct employee training programs,3054,bee9067ec1e5,10,0.3336799740791321,0.3336799740791321,4.183335781097412,0.1666666716337204,1.0,0.4045740067958832,0
/home/jovyan/Joel_Pardo/AI4LABOUR/Mejoras/results_coursera/models/simcse_coursera_hard/sentence-transformers/all-MiniLM-L6-v2,A_semantic_only,41,babe1d93de49,hire personnel,2960,52556ab43bfc,1,0.5364242792129517,0.5364242792129517,8.134941101074219,0.0,0.6666666865348816,0.0,0
/home/jovyan/Joel_Pardo/AI4LABOUR/Mejoras/results_coursera/models/simcse_coursera_hard/sentence-transformers/all-MiniLM-L6-v2,A_semantic_only,41,babe1d93de49,hire personnel,405,0536dfcb9bba,2,0.37151116132736206,0.37151116132736206,5.680442810058594,0.0,0.6666666865348816,0.0,0
/home/jovyan/Joel_Pardo/AI4LABOUR/Mejoras/results_coursera/models/simcse_coursera_hard/sentence-transformers/all-MiniLM-L6-v2,A_semantic_only,41,babe1d93de49,hire personnel,3566,581ac2a59c21,3,0.3440226912498474,0.3440226912498474,5.271315574645996,0.0,0.3333333432674408,0.0,0
/home/jovyan/Joel_Pardo/AI4LABOUR/Mejoras/results_coursera/models/simcse_coursera_hard/sentence-transformers/all-MiniLM-L6-v2,A_semantic_only,41,babe1d93de49,hire personnel,4905,a57e4cb16fc4,4,0.3100658059120178,0.3100658059120178,4.765915393829346,0.0,1.0,0.0,0
/home/jovyan/Joel_Pardo/AI4LABOUR/Mejoras/results_coursera/models/simcse_coursera_hard/sentence-transformers/all-MiniLM-L6-v2,A_semantic_only,41,babe1d93de49,hire personnel,1345,7856ebf310df,5,0.3078889846801758,0.3078889846801758,4.733516693115234,0.0,0.6666666865348816,0.0,0
/home/jovyan/Joel_Pardo/AI4LABOUR/Mejoras/results_coursera/models/simcse_coursera_hard/sentence-transformers/all-MiniLM-L6-v2,A_semantic_only,41,babe1d93de49,hire personnel,396,d0d62d040f36,6,0.29337143898010254,0.29337143898010254,4.517443656921387,0.0,0.75,0.0,0
/home/jovyan/Joel_Pardo/AI4LABOUR/Mejoras/results_coursera/models/simcse_coursera_hard/sentence-transformers/all-MiniLM-L6-v2,A_semantic_only,41,babe1d93de49,hire personnel,3345,27a06a9e3d5e,7,0.29186147451400757,0.29186147451400757,4.494969844818115,0.0,0.6666666865348816,0.0,0
/home/jovyan/Joel_Pardo/AI4LABOUR/Mejoras/results_coursera/models/simcse_coursera_hard/sentence-transformers/all-MiniLM-L6-v2,A_semantic_only,41,babe1d93de49,hire personnel,4533,2d94bc228c64,8,0.28898948431015015,0.28898948431015015,4.452224254608154,0.0,1.0,0.0,0
/home/jovyan/Joel_Pardo/AI4LABOUR/Mejoras/results_coursera/models/simcse_coursera_hard/sentence-transformers/all-MiniLM-L6-v2,A_semantic_only,41,babe1d93de49,hire personnel,1884,19f877f8c2df,9,0.2719147801399231,0.2719147801399231,4.198091506958008,0.0,1.0,0.0,0
/home/jovyan/Joel_Pardo/AI4LABOUR/Mejoras/results_coursera/models/simcse_coursera_hard/sentence-transformers/all-MiniLM-L6-v2,A_semantic_only,41,babe1d93de49,hire personnel,1110,4ce09bfd1006,10,0.27106642723083496,0.27106642723083496,4.185464859008789,0.0,0.6666666865348816,0.0,0
/home/jovyan/Joel_Pardo/AI4LABOUR/Mejoras/results_coursera/models/simcse_coursera_hard/sentence-transformers/all-MiniLM-L6-v2,A_semantic_only,42,853f8faf3522,manage control system activities in organizations,1676,4abb63e41447,1,0.5656384229660034,0.5656384229660034,5.9152960777282715,0.3333333432674408,0.5714285969734192,1.0,0
/home/jovyan/Joel_Pardo/AI4LABOUR/Mejoras/results_coursera/models/simcse_coursera_hard/sentence-transformers/all-MiniLM-L6-v2,A_semantic_only,42,853f8faf3522,manage control system activities in organizations,2535,e97f0c698df9,2,0.5522993803024292,0.5522993803024292,5.773803234100342,0.3333333432674408,0.5714285969734192,0.9795167446136475,0
/home/jovyan/Joel_Pardo/AI4LABOUR/Mejoras/results_coursera/models/simcse_coursera_hard/sentence-transformers/all-MiniLM-L6-v2,A_semantic_only,42,853f8faf3522,manage control system activities in organizations,137,105da530d328,3,0.5091513395309448,0.5091513395309448,5.316112518310547,0.0,0.4285714328289032,0.0,0
/home/jovyan/Joel_Pardo/AI4LABOUR/Mejoras/results_coursera/models/simcse_coursera_hard/sentence-transformers/all-MiniLM-L6-v2,A_semantic_only,42,853f8faf3522,manage control system activities in organizations,425,b06cd44db3d0,4,0.4700350761413574,0.4700350761413574,4.901188850402832,0.0,0.7142857313156128,0.0,0
/home/jovyan/Joel_Pardo/AI4LABOUR/Mejoras/results_coursera/models/simcse_coursera_hard/sentence-transformers/all-MiniLM-L6-v2,A_semantic_only,42,853f8faf3522,manage control system activities in organizations,3918,d4c62f1a558b,5,0.45707762241363525,0.45707762241363525,4.7637434005737305,0.1666666716337204,0.4285714328289032,0.502227246761322,0
/home/jovyan/Joel_Pardo/AI4LABOUR/Mejoras/results_coursera/models/simcse_coursera_hard/sentence-transformers/all-MiniLM-L6-v2,A_semantic_only,42,853f8faf3522,manage control system activities in organizations,42,02d9739e2d83,6,0.45165908336639404,0.45165908336639404,4.706266403198242,0.0,0.4285714328289032,0.0,0
/home/jovyan/Joel_Pardo/AI4LABOUR/Mejoras/results_coursera/models/simcse_coursera_hard/sentence-transformers/all-MiniLM-L6-v2,A_semantic_only,42,853f8faf3522,manage control system activities in organizations,5279,e7c085410e86,7,0.4309985339641571,0.4309985339641571,4.4871110916137695,0.0,0.4285714328289032,0.0,0
/home/jovyan/Joel_Pardo/AI4LABOUR/Mejoras/results_coursera/models/simcse_coursera_hard/sentence-transformers/all-MiniLM-L6-v2,A_semantic_only,42,853f8faf3522,manage control system activities in organizations,939,7007faf418f1,8,0.4164394438266754,0.4164394438266754,4.332675933837891,0.0,0.5714285969734192,0.0,0
/home/jovyan/Joel_Pardo/AI4LABOUR/Mejoras/results_coursera/models/simcse_coursera_hard/sentence-transformers/all-MiniLM-L6-v2,A_semantic_only,42,853f8faf3522,manage control system activities in organizations,4893,cc933c97a069,9,0.4146061837673187,0.4146061837673187,4.313230037689209,0.1666666716337204,0.4285714328289032,0.4675017297267914,0
/home/jovyan/Joel_Pardo/AI4LABOUR/Mejoras/results_coursera/models/simcse_coursera_hard/sentence-transformers/all-MiniLM-L6-v2,A_semantic_only,42,853f8faf3522,manage control system activities in organizations,4063,cdccc9909802,10,0.41449832916259766,0.41449832916259766,4.3120856285095215,0.1666666716337204,0.4285714328289032,0.502227246761322,0
/home/jovyan/Joel_Pardo/AI4LABOUR/Mejoras/results_coursera/models/simcse_coursera_hard/sentence-transformers/all-MiniLM-L6-v2,A_semantic_only,43,61355ce7e829,maintain personnel records,1887,1aa49c50e0e1,1,0.4261912405490875,0.4261912405490875,5.6895856857299805,0.0,0.75,0.0,0
/home/jovyan/Joel_Pardo/AI4LABOUR/Mejoras/results_coursera/models/simcse_coursera_hard/sentence-transformers/all-MiniLM-L6-v2,A_semantic_only,43,61355ce7e829,maintain personnel records,780,8e961a62908c,2,0.41457873582839966,0.41457873582839966,5.532323360443115,0.0,1.0,0.0,0
/home/jovyan/Joel_Pardo/AI4LABOUR/Mejoras/results_coursera/models/simcse_coursera_hard/sentence-transformers/all-MiniLM-L6-v2,A_semantic_only,43,61355ce7e829,maintain personnel records,1937,9577cc9be047,3,0.39963406324386597,0.39963406324386597,5.329935550689697,0.0,1.0,0.0,0
/home/jovyan/Joel_Pardo/AI4LABOUR/Mejoras/results_coursera/models/simcse_coursera_hard/sentence-transformers/all-MiniLM-L6-v2,A_semantic_only,43,61355ce7e829,maintain personnel records,3978,6918d9132472,4,0.37402790784835815,0.37402790784835815,4.983164310455322,0.25,0.75,1.0,0
/home/jovyan/Joel_Pardo/AI4LABOUR/Mejoras/results_coursera/models/simcse_coursera_hard/sentence-transformers/all-MiniLM-L6-v2,A_semantic_only,43,61355ce7e829,maintain personnel records,609,c8ebe1250570,5,0.3703829348087311,0.3703829348087311,4.933802604675293,0.0,0.75,0.0,0
/home/jovyan/Joel_Pardo/AI4LABOUR/Mejoras/results_coursera/models/simcse_coursera_hard/sentence-transformers/all-MiniLM-L6-v2,A_semantic_only,43,61355ce7e829,maintain personnel records,4401,5ca4b7227070,6,0.36684900522232056,0.36684900522232056,4.885944366455078,0.0,0.5,0.0,0
/home/jovyan/Joel_Pardo/AI4LABOUR/Mejoras/results_coursera/models/simcse_coursera_hard/sentence-transformers/all-MiniLM-L6-v2,A_semantic_only,43,61355ce7e829,maintain personnel records,1321,9bc14bd09c21,7,0.35833799839019775,0.35833799839019775,4.770684242248535,0.20000000298023224,1.0,0.8590565323829651,0
/home/jovyan/Joel_Pardo/AI4LABOUR/Mejoras/results_coursera/models/simcse_coursera_hard/sentence-transformers/all-MiniLM-L6-v2,A_semantic_only,43,61355ce7e829,maintain personnel records,4319,3f76e8c7700b,8,0.31185510754585266,0.31185510754585266,4.141190528869629,0.0,0.75,0.0,0
/home/jovyan/Joel_Pardo/AI4LABOUR/Mejoras/results_coursera/models/simcse_coursera_hard/sentence-transformers/all-MiniLM-L6-v2,A_semantic_only,43,61355ce7e829,maintain personnel records,2349,b1c2441516f2,9,0.30960512161254883,0.30960512161254883,4.110720157623291,0.0,0.75,0.0,0
/home/jovyan/Joel_Pardo/AI4LABOUR/Mejoras/results_coursera/models/simcse_coursera_hard/sentence-transformers/all-MiniLM-L6-v2,A_semantic_only,43,61355ce7e829,maintain personnel records,2471,3a6988a0228a,10,0.3095935583114624,0.3095935583114624,4.110563278198242,0.0,0.5,0.0,0
/home/jovyan/Joel_Pardo/AI4LABOUR/Mejoras/results_coursera/models/simcse_coursera_hard/sentence-transformers/all-MiniLM-L6-v2,A_semantic_only,44,2d4009710863,prepare operational progress or status reports,1528,b5a989054bb6,1,0.5208947658538818,0.5208947658538818,6.309598922729492,0.1666666716337204,0.4285714328289032,0.9318475723266602,0
/home/jovyan/Joel_Pardo/AI4LABOUR/Mejoras/results_coursera/models/simcse_coursera_hard/sentence-transformers/all-MiniLM-L6-v2,A_semantic_only,44,2d4009710863,prepare operational progress or status reports,2040,2fc25984711e,2,0.39409491419792175,0.39409491419792175,4.804440498352051,0.0,0.5714285969734192,0.0,0
/home/jovyan/Joel_Pardo/AI4LABOUR/Mejoras/results_coursera/models/simcse_coursera_hard/sentence-transformers/all-MiniLM-L6-v2,A_semantic_only,44,2d4009710863,prepare operational progress or status reports,226,7e56613a2ebc,3,0.38411664962768555,0.38411664962768555,4.685995101928711,0.125,0.8571428656578064,0.5765593647956848,0
/home/jovyan/Joel_Pardo/AI4LABOUR/Mejoras/results_coursera/models/simcse_coursera_hard/sentence-transformers/all-MiniLM-L6-v2,A_semantic_only,44,2d4009710863,prepare operational progress or status reports,2837,241f0bc96df2,4,0.381089448928833,0.381089448928833,4.650061130523682,0.0,0.4285714328289032,0.0,0
/home/jovyan/Joel_Pardo/AI4LABOUR/Mejoras/results_coursera/models/simcse_coursera_hard/sentence-transformers/all-MiniLM-L6-v2,A_semantic_only,44,2d4009710863,prepare operational progress or status reports,1897,d330010440a6,5,0.3772382140159607,0.3772382140159607,4.604345798492432,0.1666666716337204,0.4285714328289032,0.8359322547912598,0
/home/jovyan/Joel_Pardo/AI4LABOUR/Mejoras/results_coursera/models/simcse_coursera_hard/sentence-transformers/all-MiniLM-L6-v2,A_semantic_only,44,2d4009710863,prepare operational progress or status reports,2576,c685851e31a3,6,0.36687129735946655,0.36687129735946655,4.481287002563477,0.1428571492433548,0.5714285969734192,0.7181130647659302,0
/home/jovyan/Joel_Pardo/AI4LABOUR/Mejoras/results_coursera/models/simcse_coursera_hard/sentence-transformers/all-MiniLM-L6-v2,A_semantic_only,44,2d4009710863,prepare operational progress or status reports,4589,a8445719836f,7,0.3658354580402374,0.3658354580402374,4.468991279602051,0.20000000298023224,0.2857142984867096,1.0,0
/home/jovyan/Joel_Pardo/AI4LABOUR/Mejoras/results_coursera/models/simcse_coursera_hard/sentence-transformers/all-MiniLM-L6-v2,A_semantic_only,44,2d4009710863,prepare operational progress or status reports,3815,47914e1c7d1b,8,0.36460819840431213,0.36460819840431213,4.454422950744629,0.0,1.0,0.0,0
/home/jovyan/Joel_Pardo/AI4LABOUR/Mejoras/results_coursera/models/simcse_coursera_hard/sentence-transformers/all-MiniLM-L6-v2,A_semantic_only,44,2d4009710863,prepare operational progress or status reports,688,675b456b5403,9,0.3624018430709839,0.3624018430709839,4.4282331466674805,0.0,0.4117647111415863,0.0,0
/home/jovyan/Joel_Pardo/AI4LABOUR/Mejoras/results_coursera/models/simcse_coursera_hard/sentence-transformers/all-MiniLM-L6-v2,A_semantic_only,44,2d4009710863,prepare operational progress or status reports,2090,50716537594e,10,0.36124446988105774,0.36124446988105774,4.414494514465332,0.0,0.4285714328289032,0.0,0
/home/jovyan/Joel_Pardo/AI4LABOUR/Mejoras/results_coursera/models/simcse_coursera_hard/sentence-transformers/all-MiniLM-L6-v2,A_semantic_only,45,aa03c0034762,evaluate quality of materials or products,3280,381a707f2810,1,0.6154546141624451,0.6154546141624451,7.216251850128174,0.20000000298023224,0.4285714328289032,0.7390948534011841,0
/home/jovyan/Joel_Pardo/AI4LABOUR/Mejoras/results_coursera/models/simcse_coursera_hard/sentence-transformers/all-MiniLM-L6-v2,A_semantic_only,45,aa03c0034762,evaluate quality of materials or products,3775,8d3da080c247,2,0.587938666343689,0.587938666343689,6.884637355804443,0.1666666716337204,0.7142857313156128,0.5564905405044556,0
/home/jovyan/Joel_Pardo/AI4LABOUR/Mejoras/results_coursera/models/simcse_coursera_hard/sentence-transformers/all-MiniLM-L6-v2,A_semantic_only,45,aa03c0034762,evaluate quality of materials or products,5211,4da88cffef86,3,0.567677915096283,0.567677915096283,6.64046049118042,0.20000000298023224,0.4285714328289032,0.7390948534011841,0
/home/jovyan/Joel_Pardo/AI4LABOUR/Mejoras/results_coursera/models/simcse_coursera_hard/sentence-transformers/all-MiniLM-L6-v2,A_semantic_only,45,aa03c0034762,evaluate quality of materials or products,5134,29c1e14899e6,4,0.548963189125061,0.548963189125061,6.414915561676025,0.1666666716337204,0.5714285969734192,0.6349242925643921,0
/home/jovyan/Joel_Pardo/AI4LABOUR/Mejoras/results_coursera/models/simcse_coursera_hard/sentence-transformers/all-MiniLM-L6-v2,A_semantic_only,45,aa03c0034762,evaluate quality of materials or products,2368,0b023ddd2b5a,5,0.4902128279209137,0.4902128279209137,5.706872940063477,0.20000000298023224,0.4285714328289032,0.7390948534011841,0
/home/jovyan/Joel_Pardo/AI4LABOUR/Mejoras/results_coursera/models/simcse_coursera_hard/sentence-transformers/all-MiniLM-L6-v2,A_semantic_only,45,aa03c0034762,evaluate quality of materials or products,3407,2ad419560ca0,6,0.46983596682548523,0.46983596682548523,5.461296558380127,0.1428571492433548,0.8571428656578064,0.531697154045105,0
/home/jovyan/Joel_Pardo/AI4LABOUR/Mejoras/results_coursera/models/simcse_coursera_hard/sentence-transformers/all-MiniLM-L6-v2,A_semantic_only,45,aa03c0034762,evaluate quality of materials or products,2957,3f078e2078e8,7,0.45841991901397705,0.45841991901397705,5.323713779449463,0.20000000298023224,0.5714285969734192,1.0,0
/home/jovyan/Joel_Pardo/AI4LABOUR/Mejoras/results_coursera/models/simcse_coursera_hard/sentence-transformers/all-MiniLM-L6-v2,A_semantic_only,45,aa03c0034762,evaluate quality of materials or products,2052,d66636b253cb,8,0.4427562355995178,0.4427562355995178,5.134939193725586,0.25,0.2857142984867096,0.8841564059257507,0
/home/jovyan/Joel_Pardo/AI4LABOUR/Mejoras/results_coursera/models/simcse_coursera_hard/sentence-transformers/all-MiniLM-L6-v2,A_semantic_only,45,aa03c0034762,evaluate quality of materials or products,3803,e7357543590c,9,0.4113590717315674,0.4113590717315674,4.75654935836792,0.0,0.4285714328289032,0.0,0
/home/jovyan/Joel_Pardo/AI4LABOUR/Mejoras/results_coursera/models/simcse_coursera_hard/sentence-transformers/all-MiniLM-L6-v2,A_semantic_only,45,aa03c0034762,evaluate quality of materials or products,4133,9bd3bb772dfb,10,0.4065830409526825,0.4065830409526825,4.6989898681640625,0.0,0.4285714328289032,0.0,0
/home/jovyan/Joel_Pardo/AI4LABOUR/Mejoras/results_coursera/models/simcse_coursera_hard/sentence-transformers/all-MiniLM-L6-v2,A_semantic_only,46,f64f2eefbcb7,"develop operating strategies, plans, or procedures",2364,e7f8b2c6810a,1,0.5593538284301758,0.5593538284301758,5.794105052947998,0.0,0.4285714328289032,0.0,0
/home/jovyan/Joel_Pardo/AI4LABOUR/Mejoras/results_coursera/models/simcse_coursera_hard/sentence-transformers/all-MiniLM-L6-v2,A_semantic_only,46,f64f2eefbcb7,"develop operating strategies, plans, or procedures",2189,114fb0d53fa1,2,0.4690123200416565,0.4690123200416565,4.886620998382568,0.1666666716337204,0.4285714328289032,0.7604358196258545,0
/home/jovyan/Joel_Pardo/AI4LABOUR/Mejoras/results_coursera/models/simcse_coursera_hard/sentence-transformers/all-MiniLM-L6-v2,A_semantic_only,46,f64f2eefbcb7,"develop operating strategies, plans, or procedures",38,425785ffe51d,3,0.4427092671394348,0.4427092671394348,4.622406005859375,0.0,0.5714285969734192,0.0,0
/home/jovyan/Joel_Pardo/AI4LABOUR/Mejoras/results_coursera/models/simcse_coursera_hard/sentence-transformers/all-MiniLM-L6-v2,A_semantic_only,46,f64f2eefbcb7,"develop operating strategies, plans, or procedures",3586,f77f2bcecc27,4,0.4418588876724243,0.4418588876724243,4.613863945007324,0.09090909361839294,0.875,0.4871867597103119,0
/home/jovyan/Joel_Pardo/AI4LABOUR/Mejoras/results_coursera/models/simcse_coursera_hard/sentence-transformers/all-MiniLM-L6-v2,A_semantic_only,46,f64f2eefbcb7,"develop operating strategies, plans, or procedures",2382,2c9191489a0d,5,0.42312848567962646,0.42312848567962646,4.425715923309326,0.1538461595773697,0.46666666865348816,0.5548617839813232,0
/home/jovyan/Joel_Pardo/AI4LABOUR/Mejoras/results_coursera/models/simcse_coursera_hard/sentence-transformers/all-MiniLM-L6-v2,A_semantic_only,46,f64f2eefbcb7,"develop operating strategies, plans, or procedures",676,71eed38533f7,6,0.41830313205718994,0.41830313205718994,4.3772454261779785,0.1428571492433548,0.7142857313156128,0.5725589394569397,0
/home/jovyan/Joel_Pardo/AI4LABOUR/Mejoras/results_coursera/models/simcse_coursera_hard/sentence-transformers/all-MiniLM-L6-v2,A_semantic_only,46,f64f2eefbcb7,"develop operating strategies, plans, or procedures",4310,506583358173,7,0.4108504056930542,0.4108504056930542,4.302382469177246,0.0,1.0,0.0,0
/home/jovyan/Joel_Pardo/AI4LABOUR/Mejoras/results_coursera/models/simcse_coursera_hard/sentence-transformers/all-MiniLM-L6-v2,A_semantic_only,46,f64f2eefbcb7,"develop operating strategies, plans, or procedures",2206,2d6089baf90f,8,0.4107057750225067,0.4107057750225067,4.300929546356201,0.0,0.4285714328289032,0.0,0
/home/jovyan/Joel_Pardo/AI4LABOUR/Mejoras/results_coursera/models/simcse_coursera_hard/sentence-transformers/all-MiniLM-L6-v2,A_semantic_only,46,f64f2eefbcb7,"develop operating strategies, plans, or procedures",1115,6c7a4bf54759,9,0.4092028737068176,0.4092028737068176,4.28583288192749,0.0,0.4285714328289032,0.0,0
/home/jovyan/Joel_Pardo/AI4LABOUR/Mejoras/results_coursera/models/simcse_coursera_hard/sentence-transformers/all-MiniLM-L6-v2,A_semantic_only,46,f64f2eefbcb7,"develop operating strategies, plans, or procedures",2076,c700557020c0,10,0.4013480246067047,0.4013480246067047,4.206930637359619,0.1666666716337204,0.4285714328289032,0.7604358196258545,0
/home/jovyan/Joel_Pardo/AI4LABOUR/Mejoras/results_coursera/models/simcse_coursera_hard/sentence-transformers/all-MiniLM-L6-v2,A_semantic_only,47,8f3ed6033a9e,implement organizational process or policy changes,4793,ecfb3bfe17da,1,0.5148500204086304,0.5148500204086304,5.926785469055176,0.1111111119389534,0.8571428656578064,0.41826149821281433,0
/home/jovyan/Joel_Pardo/AI4LABOUR/Mejoras/results_coursera/models/simcse_coursera_hard/sentence-transformers/all-MiniLM-L6-v2,A_semantic_only,47,8f3ed6033a9e,implement organizational process or policy changes,3586,f77f2bcecc27,2,0.4745125472545624,0.4745125472545624,5.468301296234131,0.0,0.875,0.0,0
/home/jovyan/Joel_Pardo/AI4LABOUR/Mejoras/results_coursera/models/simcse_coursera_hard/sentence-transformers/all-MiniLM-L6-v2,A_semantic_only,47,8f3ed6033a9e,implement organizational process or policy changes,3754,db1ed3b76ab7,3,0.4427352547645569,0.4427352547645569,5.107113838195801,0.1666666716337204,0.4285714328289032,0.7253129482269287,0
/home/jovyan/Joel_Pardo/AI4LABOUR/Mejoras/results_coursera/models/simcse_coursera_hard/sentence-transformers/all-MiniLM-L6-v2,A_semantic_only,47,8f3ed6033a9e,implement organizational process or policy changes,5132,d1ee55d1b2ed,4,0.40357720851898193,0.40357720851898193,4.6620354652404785,0.1428571492433548,0.5714285969734192,0.5361639261245728,0
/home/jovyan/Joel_Pardo/AI4LABOUR/Mejoras/results_coursera/models/simcse_coursera_hard/sentence-transformers/all-MiniLM-L6-v2,A_semantic_only,47,8f3ed6033a9e,implement organizational process or policy changes,3590,9a31decf24c3,5,0.3876630663871765,0.3876630663871765,4.481152057647705,0.0,1.0,0.0,0
/home/jovyan/Joel_Pardo/AI4LABOUR/Mejoras/results_coursera/models/simcse_coursera_hard/sentence-transformers/all-MiniLM-L6-v2,A_semantic_only,47,8f3ed6033a9e,implement organizational process or policy changes,2151,b2b7074805f7,6,0.38743582367897034,0.38743582367897034,4.478569030761719,0.0,0.7777777910232544,0.0,0
/home/jovyan/Joel_Pardo/AI4LABOUR/Mejoras/results_coursera/models/simcse_coursera_hard/sentence-transformers/all-MiniLM-L6-v2,A_semantic_only,47,8f3ed6033a9e,implement organizational process or policy changes,3413,0c3e5c7f3c75,7,0.38660362362861633,0.38660362362861633,4.469110012054443,0.1666666716337204,0.4285714328289032,0.6241311430931091,0
/home/jovyan/Joel_Pardo/AI4LABOUR/Mejoras/results_coursera/models/simcse_coursera_hard/sentence-transformers/all-MiniLM-L6-v2,A_semantic_only,47,8f3ed6033a9e,implement organizational process or policy changes,1781,a0da849a00fa,8,0.36961981654167175,0.36961981654167175,4.276068687438965,0.1666666716337204,0.4285714328289032,0.7253129482269287,0
/home/jovyan/Joel_Pardo/AI4LABOUR/Mejoras/results_coursera/models/simcse_coursera_hard/sentence-transformers/all-MiniLM-L6-v2,A_semantic_only,47,8f3ed6033a9e,implement organizational process or policy changes,2365,103eab151086,9,0.3597049117088318,0.3597049117088318,4.1633734703063965,0.1666666716337204,0.4285714328289032,0.6241311430931091,0
/home/jovyan/Joel_Pardo/AI4LABOUR/Mejoras/results_coursera/models/simcse_coursera_hard/sentence-transformers/all-MiniLM-L6-v2,A_semantic_only,47,8f3ed6033a9e,implement organizational process or policy changes,3562,1f7bad34c487,10,0.35913747549057007,0.35913747549057007,4.156924247741699,0.0,1.0,0.0,0
/home/jovyan/Joel_Pardo/AI4LABOUR/Mejoras/results_coursera/models/simcse_coursera_hard/sentence-transformers/all-MiniLM-L6-v2,A_semantic_only,48,23ca56c5d573,develop organizational methods or procedures,2364,e7f8b2c6810a,1,0.4938930571079254,0.4938930571079254,5.340542316436768,0.0,0.5,0.0,0
/home/jovyan/Joel_Pardo/AI4LABOUR/Mejoras/results_coursera/models/simcse_coursera_hard/sentence-transformers/all-MiniLM-L6-v2,A_semantic_only,48,23ca56c5d573,develop organizational methods or procedures,2049,9feb570a1288,2,0.4853796064853668,0.4853796064853668,5.250375270843506,0.0,0.5,0.0,0
/home/jovyan/Joel_Pardo/AI4LABOUR/Mejoras/results_coursera/models/simcse_coursera_hard/sentence-transformers/all-MiniLM-L6-v2,A_semantic_only,48,23ca56c5d573,develop organizational methods or procedures,1629,a9ac5a6cc3cb,3,0.4374646544456482,0.4374646544456482,4.742902755737305,0.25,0.3333333432674408,1.0,0
/home/jovyan/Joel_Pardo/AI4LABOUR/Mejoras/results_coursera/models/simcse_coursera_hard/sentence-transformers/all-MiniLM-L6-v2,A_semantic_only,48,23ca56c5d573,develop organizational methods or procedures,600,45509ca3caf2,4,0.4190819561481476,0.4190819561481476,4.548210144042969,0.0,0.3333333432674408,0.0,0
/home/jovyan/Joel_Pardo/AI4LABOUR/Mejoras/results_coursera/models/simcse_coursera_hard/sentence-transformers/all-MiniLM-L6-v2,A_semantic_only,48,23ca56c5d573,develop organizational methods or procedures,1711,48410a978891,5,0.4111247658729553,0.4111247658729553,4.463934421539307,0.0,0.5,0.0,0
/home/jovyan/Joel_Pardo/AI4LABOUR/Mejoras/results_coursera/models/simcse_coursera_hard/sentence-transformers/all-MiniLM-L6-v2,A_semantic_only,48,23ca56c5d573,develop organizational methods or procedures,2152,b0b4728d5bc0,6,0.4084407687187195,0.4084407687187195,4.435507774353027,0.1428571492433548,0.8333333134651184,0.6924023032188416,0
/home/jovyan/Joel_Pardo/AI4LABOUR/Mejoras/results_coursera/models/simcse_coursera_hard/sentence-transformers/all-MiniLM-L6-v2,A_semantic_only,48,23ca56c5d573,develop organizational methods or procedures,3586,f77f2bcecc27,7,0.4003274142742157,0.4003274142742157,4.349578380584717,0.10000000149011612,0.75,0.5051829814910889,0
/home/jovyan/Joel_Pardo/AI4LABOUR/Mejoras/results_coursera/models/simcse_coursera_hard/sentence-transformers/all-MiniLM-L6-v2,A_semantic_only,48,23ca56c5d573,develop organizational methods or procedures,3592,fd4ea4fecf63,8,0.3926073908805847,0.3926073908805847,4.267815113067627,0.1666666716337204,0.6666666865348816,0.7899919152259827,0
/home/jovyan/Joel_Pardo/AI4LABOUR/Mejoras/results_coursera/models/simcse_coursera_hard/sentence-transformers/all-MiniLM-L6-v2,A_semantic_only,48,23ca56c5d573,develop organizational methods or procedures,332,444510b9c3c3,9,0.3900454640388489,0.3900454640388489,4.2406816482543945,0.20000000298023224,0.5,0.8359322547912598,0
/home/jovyan/Joel_Pardo/AI4LABOUR/Mejoras/results_coursera/models/simcse_coursera_hard/sentence-transformers/all-MiniLM-L6-v2,A_semantic_only,48,23ca56c5d573,develop organizational methods or procedures,3587,f687024e11a9,10,0.3873664140701294,0.3873664140701294,4.212307453155518,0.09090909361839294,0.5,0.37131571769714355,0
/home/jovyan/Joel_Pardo/AI4LABOUR/Mejoras/results_coursera/models/simcse_coursera_hard/sentence-transformers/all-MiniLM-L6-v2,A_semantic_only,49,824d3015533f,develop specifications for new products or processes,80,5402ba93471c,1,0.6715145707130432,0.6715145707130432,6.88492488861084,0.1428571492433548,0.5,0.7572419047355652,0
/home/jovyan/Joel_Pardo/AI4LABOUR/Mejoras/results_coursera/models/simcse_coursera_hard/sentence-transformers/all-MiniLM-L6-v2,A_semantic_only,49,824d3015533f,develop specifications for new products or processes,75,eccdaab2ae71,2,0.6165016889572144,0.6165016889572144,6.3313446044921875,0.1428571492433548,0.5,0.7915876507759094,0
/home/jovyan/Joel_Pardo/AI4LABOUR/Mejoras/results_coursera/models/simcse_coursera_hard/sentence-transformers/all-MiniLM-L6-v2,A_semantic_only,49,824d3015533f,develop specifications for new products or processes,78,cefdec315735,3,0.5649948716163635,0.5649948716163635,5.813045501708984,0.1428571492433548,0.5,0.7572419047355652,0
/home/jovyan/Joel_Pardo/AI4LABOUR/Mejoras/results_coursera/models/simcse_coursera_hard/sentence-transformers/all-MiniLM-L6-v2,A_semantic_only,49,824d3015533f,develop specifications for new products or processes,53,ef889e43eeed,4,0.5348556041717529,0.5348556041717529,5.509762287139893,0.0,0.375,0.0,0
/home/jovyan/Joel_Pardo/AI4LABOUR/Mejoras/results_coursera/models/simcse_coursera_hard/sentence-transformers/all-MiniLM-L6-v2,A_semantic_only,49,824d3015533f,develop specifications for new products or processes,3303,8dee13915ca0,5,0.44316333532333374,0.44316333532333374,4.587087154388428,0.0,1.0,0.3135358989238739,0
/home/jovyan/Joel_Pardo/AI4LABOUR/Mejoras/results_coursera/models/simcse_coursera_hard/sentence-transformers/all-MiniLM-L6-v2,A_semantic_only,49,824d3015533f,develop specifications for new products or processes,3586,f77f2bcecc27,6,0.4293656349182129,0.4293656349182129,4.448244571685791,0.20000000298023224,1.0,0.9824336767196655,0
/home/jovyan/Joel_Pardo/AI4LABOUR/Mejoras/results_coursera/models/simcse_coursera_hard/sentence-transformers/all-MiniLM-L6-v2,A_semantic_only,49,824d3015533f,develop specifications for new products or processes,4346,dc00b108ce90,7,0.42121249437332153,0.42121249437332153,4.366201400756836,0.1111111119389534,0.875,0.6220710277557373,0
/home/jovyan/Joel_Pardo/AI4LABOUR/Mejoras/results_coursera/models/simcse_coursera_hard/sentence-transformers/all-MiniLM-L6-v2,A_semantic_only,49,824d3015533f,develop specifications for new products or processes,2795,0270e82e5a44,8,0.4200289249420166,0.4200289249420166,4.3542914390563965,0.1666666716337204,0.375,0.881480872631073,0
/home/jovyan/Joel_Pardo/AI4LABOUR/Mejoras/results_coursera/models/simcse_coursera_hard/sentence-transformers/all-MiniLM-L6-v2,A_semantic_only,49,824d3015533f,develop specifications for new products or processes,3327,7fab491d7371,9,0.3970526456832886,0.3970526456832886,4.123087406158447,0.0,0.5,0.0,0
/home/jovyan/Joel_Pardo/AI4LABOUR/Mejoras/results_coursera/models/simcse_coursera_hard/sentence-transformers/all-MiniLM-L6-v2,A_semantic_only,49,824d3015533f,develop specifications for new products or processes,4791,baded3c66d4d,10,0.39292579889297485,0.39292579889297485,4.081560134887695,0.0,0.75,0.38248246908187866,0
/home/jovyan/Joel_Pardo/AI4LABOUR/Mejoras/results_coursera/models/simcse_coursera_hard/sentence-transformers/all-MiniLM-L6-v2,A_semantic_only,50,a787a095d9b0,direct facility maintenance or repair activities,1675,8335d26464b5,1,0.32071346044540405,0.32071346044540405,4.737888336181641,0.125,0.7142857313156128,0.7368648648262024,0
/home/jovyan/Joel_Pardo/AI4LABOUR/Mejoras/results_coursera/models/simcse_coursera_hard/sentence-transformers/all-MiniLM-L6-v2,A_semantic_only,50,a787a095d9b0,direct facility maintenance or repair activities,1242,20df78ef6edb,2,0.3055684566497803,0.3055684566497803,4.52577543258667,0.0,0.875,0.0,0
/home/jovyan/Joel_Pardo/AI4LABOUR/Mejoras/results_coursera/models/simcse_coursera_hard/sentence-transformers/all-MiniLM-L6-v2,A_semantic_only,50,a787a095d9b0,direct facility maintenance or repair activities,4483,d8ed544e2272,3,0.28926360607147217,0.28926360607147217,4.297418594360352,0.0,0.4285714328289032,0.0,0
/home/jovyan/Joel_Pardo/AI4LABOUR/Mejoras/results_coursera/models/simcse_coursera_hard/sentence-transformers/all-MiniLM-L6-v2,A_semantic_only,50,a787a095d9b0,direct facility maintenance or repair activities,2233,d334de0d305d,4,0.28631991147994995,0.28631991147994995,4.256190776824951,0.1666666716337204,0.4285714328289032,0.9786563515663147,0
/home/jovyan/Joel_Pardo/AI4LABOUR/Mejoras/results_coursera/models/simcse_coursera_hard/sentence-transformers/all-MiniLM-L6-v2,A_semantic_only,50,a787a095d9b0,direct facility maintenance or repair activities,177,5ec64a367a46,5,0.2710918188095093,0.2710918188095093,4.042913913726807,0.0,0.5714285969734192,0.0,0
/home/jovyan/Joel_Pardo/AI4LABOUR/Mejoras/results_coursera/models/simcse_coursera_hard/sentence-transformers/all-MiniLM-L6-v2,A_semantic_only,50,a787a095d9b0,direct facility maintenance or repair activities,42,02d9739e2d83,6,0.2546337842941284,0.2546337842941284,3.8124115467071533,0.0,0.4285714328289032,0.0,0
/home/jovyan/Joel_Pardo/AI4LABOUR/Mejoras/results_coursera/models/simcse_coursera_hard/sentence-transformers/all-MiniLM-L6-v2,A_semantic_only,50,a787a095d9b0,direct facility maintenance or repair activities,1249,95d7d4c08187,7,0.25331664085388184,0.25331664085388184,3.793964385986328,0.0,0.4285714328289032,0.0,0
/home/jovyan/Joel_Pardo/AI4LABOUR/Mejoras/results_coursera/models/simcse_coursera_hard/sentence-transformers/all-MiniLM-L6-v2,A_semantic_only,50,a787a095d9b0,direct facility maintenance or repair activities,1676,4abb63e41447,8,0.2525711953639984,0.2525711953639984,3.7835240364074707,0.1428571492433548,0.5714285969734192,0.8407211303710938,0
/home/jovyan/Joel_Pardo/AI4LABOUR/Mejoras/results_coursera/models/simcse_coursera_hard/sentence-transformers/all-MiniLM-L6-v2,A_semantic_only,50,a787a095d9b0,direct facility maintenance or repair activities,147,575ea3efc7e8,9,0.24916939437389374,0.24916939437389374,3.735880136489868,0.11764705926179886,0.2800000011920929,0.7572475671768188,0
/home/jovyan/Joel_Pardo/AI4LABOUR/Mejoras/results_coursera/models/simcse_coursera_hard/sentence-transformers/all-MiniLM-L6-v2,A_semantic_only,50,a787a095d9b0,direct facility maintenance or repair activities,4674,4cadd80580be,10,0.24270761013031006,0.24270761013031006,3.6453800201416016,0.0,0.7142857313156128,0.0,0
/home/jovyan/Joel_Pardo/AI4LABOUR/Mejoras/results_coursera/models/simcse_coursera_hard/sentence-transformers/all-MiniLM-L6-v2,A_semantic_only,51,6385c0e2eb2e,recommend organizational process or policy changes,4793,ecfb3bfe17da,1,0.42950987815856934,0.42950987815856934,5.504858016967773,0.1111111119389534,0.8571428656578064,0.41826149821281433,0
/home/jovyan/Joel_Pardo/AI4LABOUR/Mejoras/results_coursera/models/simcse_coursera_hard/sentence-transformers/all-MiniLM-L6-v2,A_semantic_only,51,6385c0e2eb2e,recommend organizational process or policy changes,3754,db1ed3b76ab7,2,0.42332422733306885,0.42332422733306885,5.425994873046875,0.1666666716337204,0.4285714328289032,0.7253129482269287,0
/home/jovyan/Joel_Pardo/AI4LABOUR/Mejoras/results_coursera/models/simcse_coursera_hard/sentence-transformers/all-MiniLM-L6-v2,A_semantic_only,51,6385c0e2eb2e,recommend organizational process or policy changes,3586,f77f2bcecc27,3,0.4055275321006775,0.4055275321006775,5.199097633361816,0.0,0.875,0.0,0
/home/jovyan/Joel_Pardo/AI4LABOUR/Mejoras/results_coursera/models/simcse_coursera_hard/sentence-transformers/all-MiniLM-L6-v2,A_semantic_only,51,6385c0e2eb2e,recommend organizational process or policy changes,3751,f1ce5e300a4c,4,0.3851328194141388,0.3851328194141388,4.939077377319336,0.125,0.8571428656578064,0.4860684871673584,0
/home/jovyan/Joel_Pardo/AI4LABOUR/Mejoras/results_coursera/models/simcse_coursera_hard/sentence-transformers/all-MiniLM-L6-v2,A_semantic_only,51,6385c0e2eb2e,recommend organizational process or policy changes,3562,1f7bad34c487,5,0.359718918800354,0.359718918800354,4.615065574645996,0.0,1.0,0.0,0
/home/jovyan/Joel_Pardo/AI4LABOUR/Mejoras/results_coursera/models/simcse_coursera_hard/sentence-transformers/all-MiniLM-L6-v2,A_semantic_only,51,6385c0e2eb2e,recommend organizational process or policy changes,2151,b2b7074805f7,6,0.34791016578674316,0.34791016578674316,4.464510917663574,0.0,0.7777777910232544,0.0,0
/home/jovyan/Joel_Pardo/AI4LABOUR/Mejoras/results_coursera/models/simcse_coursera_hard/sentence-transformers/all-MiniLM-L6-v2,A_semantic_only,51,6385c0e2eb2e,recommend organizational process or policy changes,4098,b87cb6f71cee,7,0.34693992137908936,0.34693992137908936,4.452140808105469,0.0,0.4285714328289032,0.0,0
/home/jovyan/Joel_Pardo/AI4LABOUR/Mejoras/results_coursera/models/simcse_coursera_hard/sentence-transformers/all-MiniLM-L6-v2,A_semantic_only,51,6385c0e2eb2e,recommend organizational process or policy changes,3413,0c3e5c7f3c75,8,0.32209888100624084,0.32209888100624084,4.135432720184326,0.1666666716337204,0.4285714328289032,0.6241311430931091,0
/home/jovyan/Joel_Pardo/AI4LABOUR/Mejoras/results_coursera/models/simcse_coursera_hard/sentence-transformers/all-MiniLM-L6-v2,A_semantic_only,51,6385c0e2eb2e,recommend organizational process or policy changes,3303,8dee13915ca0,9,0.32086044549942017,0.32086044549942017,4.119643688201904,0.1111111119389534,0.875,0.3428654074668884,0
/home/jovyan/Joel_Pardo/AI4LABOUR/Mejoras/results_coursera/models/simcse_coursera_hard/sentence-transformers/all-MiniLM-L6-v2,A_semantic_only,51,6385c0e2eb2e,recommend organizational process or policy changes,3589,959b1bc6a845,10,0.320724755525589,0.320724755525589,4.117913722991943,0.0714285746216774,0.3684210479259491,0.2000817060470581,0
/home/jovyan/Joel_Pardo/AI4LABOUR/Mejoras/results_coursera/models/simcse_coursera_hard/sentence-transformers/all-MiniLM-L6-v2,A_semantic_only,52,7f83579eb5ca,maintain knowledge of current developments in area of expertise,3214,38264b2c039c,1,0.37922096252441406,0.37922096252441406,5.042908191680908,0.0,0.8333333134651184,0.0,0
/home/jovyan/Joel_Pardo/AI4LABOUR/Mejoras/results_coursera/models/simcse_coursera_hard/sentence-transformers/all-MiniLM-L6-v2,A_semantic_only,52,7f83579eb5ca,maintain knowledge of current developments in area of expertise,2229,fc9b64b32bf4,2,0.37478700280189514,0.37478700280189514,4.985142707824707,0.10000000149011612,0.699999988079071,0.38947466015815735,0
/home/jovyan/Joel_Pardo/AI4LABOUR/Mejoras/results_coursera/models/simcse_coursera_hard/sentence-transformers/all-MiniLM-L6-v2,A_semantic_only,52,7f83579eb5ca,maintain knowledge of current developments in area of expertise,5011,549533baa6d9,3,0.37274524569511414,0.37274524569511414,4.958542823791504,0.1428571492433548,0.30000001192092896,0.6450755596160889,0
/home/jovyan/Joel_Pardo/AI4LABOUR/Mejoras/results_coursera/models/simcse_coursera_hard/sentence-transformers/all-MiniLM-L6-v2,A_semantic_only,52,7f83579eb5ca,maintain knowledge of current developments in area of expertise,504,74434e985ee7,4,0.36920225620269775,0.36920225620269775,4.912384986877441,0.1111111119389534,0.6000000238418579,0.43229740858078003,0
/home/jovyan/Joel_Pardo/AI4LABOUR/Mejoras/results_coursera/models/simcse_coursera_hard/sentence-transformers/all-MiniLM-L6-v2,A_semantic_only,52,7f83579eb5ca,maintain knowledge of current developments in area of expertise,3215,d4793dfe8103,5,0.3515635132789612,0.3515635132789612,4.682589054107666,0.0,0.699999988079071,0.0,0
/home/jovyan/Joel_Pardo/AI4LABOUR/Mejoras/results_coursera/models/simcse_coursera_hard/sentence-transformers/all-MiniLM-L6-v2,A_semantic_only,52,7f83579eb5ca,maintain knowledge of current developments in area of expertise,359,b025bb61a295,6,0.3324549198150635,0.3324549198150635,4.433643817901611,0.0,0.5,0.0,0
/home/jovyan/Joel_Pardo/AI4LABOUR/Mejoras/results_coursera/models/simcse_coursera_hard/sentence-transformers/all-MiniLM-L6-v2,A_semantic_only,52,7f83579eb5ca,maintain knowledge of current developments in area of expertise,4390,3cec85239a89,7,0.32784074544906616,0.32784074544906616,4.373530387878418,0.125,0.5,1.0,0
/home/jovyan/Joel_Pardo/AI4LABOUR/Mejoras/results_coursera/models/simcse_coursera_hard/sentence-transformers/all-MiniLM-L6-v2,A_semantic_only,52,7f83579eb5ca,maintain knowledge of current developments in area of expertise,489,a0c130bfaa58,8,0.3187849521636963,0.3187849521636963,4.255552291870117,0.1428571492433548,0.30000001192092896,0.6450755596160889,0
/home/jovyan/Joel_Pardo/AI4LABOUR/Mejoras/results_coursera/models/simcse_coursera_hard/sentence-transformers/all-MiniLM-L6-v2,A_semantic_only,52,7f83579eb5ca,maintain knowledge of current developments in area of expertise,5257,d86f1a5657ec,9,0.31263673305511475,0.31263673305511475,4.1754536628723145,0.07692307978868484,0.8333333134651184,0.4309944808483124,0
/home/jovyan/Joel_Pardo/AI4LABOUR/Mejoras/results_coursera/models/simcse_coursera_hard/sentence-transformers/all-MiniLM-L6-v2,A_semantic_only,52,7f83579eb5ca,maintain knowledge of current developments in area of expertise,963,7e9214d1c563,10,0.31104782223701477,0.31104782223701477,4.154753684997559,0.0,0.8333333134651184,0.14976629614830017,0
/home/jovyan/Joel_Pardo/AI4LABOUR/Mejoras/results_coursera/models/simcse_coursera_hard/sentence-transformers/all-MiniLM-L6-v2,A_semantic_only,53,a68e486bae8e,negotiate sales or lease agreements for products or services,3618,082c56a3a156,1,0.5877588391304016,0.5877588391304016,7.7657084465026855,0.3333333432674408,0.30000001192092896,1.0,0
/home/jovyan/Joel_Pardo/AI4LABOUR/Mejoras/results_coursera/models/simcse_coursera_hard/sentence-transformers/all-MiniLM-L6-v2,A_semantic_only,53,a68e486bae8e,negotiate sales or lease agreements for products or services,1448,dbbd592a2319,2,0.5401632785797119,0.5401632785797119,7.140356540679932,0.0,0.30000001192092896,0.0,0
/home/jovyan/Joel_Pardo/AI4LABOUR/Mejoras/results_coursera/models/simcse_coursera_hard/sentence-transformers/all-MiniLM-L6-v2,A_semantic_only,53,a68e486bae8e,negotiate sales or lease agreements for products or services,2890,5371441504ea,3,0.4490621089935303,0.4490621089935303,5.943389892578125,0.0,0.30000001192092896,0.0,0
/home/jovyan/Joel_Pardo/AI4LABOUR/Mejoras/results_coursera/models/simcse_coursera_hard/sentence-transformers/all-MiniLM-L6-v2,A_semantic_only,53,a68e486bae8e,negotiate sales or lease agreements for products or services,3619,e9839443e2c0,4,0.40524595975875854,0.40524595975875854,5.367694854736328,0.0,0.20000000298023224,0.0,0
/home/jovyan/Joel_Pardo/AI4LABOUR/Mejoras/results_coursera/models/simcse_coursera_hard/sentence-transformers/all-MiniLM-L6-v2,A_semantic_only,53,a68e486bae8e,negotiate sales or lease agreements for products or services,3982,926cb54e103a,5,0.3883025348186493,0.3883025348186493,5.145077228546143,0.0,0.30000001192092896,0.0,0
/home/jovyan/Joel_Pardo/AI4LABOUR/Mejoras/results_coursera/models/simcse_coursera_hard/sentence-transformers/all-MiniLM-L6-v2,A_semantic_only,53,a68e486bae8e,negotiate sales or lease agreements for products or services,20,15269137d10a,6,0.3870489001274109,0.3870489001274109,5.128605842590332,0.0,0.20000000298023224,0.0,0
/home/jovyan/Joel_Pardo/AI4LABOUR/Mejoras/results_coursera/models/simcse_coursera_hard/sentence-transformers/all-MiniLM-L6-v2,A_semantic_only,53,a68e486bae8e,negotiate sales or lease agreements for products or services,3419,3a0da9f870a6,7,0.34581416845321655,0.34581416845321655,4.586828231811523,0.1111111119389534,0.5,0.4312528371810913,0
/home/jovyan/Joel_Pardo/AI4LABOUR/Mejoras/results_coursera/models/simcse_coursera_hard/sentence-transformers/all-MiniLM-L6-v2,A_semantic_only,53,a68e486bae8e,negotiate sales or lease agreements for products or services,638,ccaaa30ec77e,8,0.33914440870285034,0.33914440870285034,4.499195098876953,0.0,0.30000001192092896,0.0,0
/home/jovyan/Joel_Pardo/AI4LABOUR/Mejoras/results_coursera/models/simcse_coursera_hard/sentence-transformers/all-MiniLM-L6-v2,A_semantic_only,53,a68e486bae8e,negotiate sales or lease agreements for products or services,3983,1292506f4417,9,0.33386319875717163,0.33386319875717163,4.429805755615234,0.0,0.4000000059604645,0.263208270072937,0
/home/jovyan/Joel_Pardo/AI4LABOUR/Mejoras/results_coursera/models/simcse_coursera_hard/sentence-transformers/all-MiniLM-L6-v2,A_semantic_only,53,a68e486bae8e,negotiate sales or lease agreements for products or services,2664,f14a60909863,10,0.3317396938800812,0.3317396938800812,4.401905059814453,0.125,0.4000000059604645,0.4920351207256317,0
/home/jovyan/Joel_Pardo/AI4LABOUR/Mejoras/results_coursera/models/simcse_coursera_hard/sentence-transformers/all-MiniLM-L6-v2,A_semantic_only,54,00ee16f445cd,determine causes of operational problems or failures,5101,0ab6c77c51b9,1,0.4463748335838318,0.4463748335838318,6.226745128631592,0.0,1.0,0.19804224371910095,0
/home/jovyan/Joel_Pardo/AI4LABOUR/Mejoras/results_coursera/models/simcse_coursera_hard/sentence-transformers/all-MiniLM-L6-v2,A_semantic_only,54,00ee16f445cd,determine causes of operational problems or failures,4283,4e51e2b3d889,2,0.4424884021282196,0.4424884021282196,6.172989845275879,0.1428571492433548,0.5,0.6903067231178284,0
/home/jovyan/Joel_Pardo/AI4LABOUR/Mejoras/results_coursera/models/simcse_coursera_hard/sentence-transformers/all-MiniLM-L6-v2,A_semantic_only,54,00ee16f445cd,determine causes of operational problems or failures,4834,1d8e86f4a956,3,0.42982667684555054,0.42982667684555054,5.997859001159668,0.1428571492433548,0.5,0.6184694766998291,0
/home/jovyan/Joel_Pardo/AI4LABOUR/Mejoras/results_coursera/models/simcse_coursera_hard/sentence-transformers/all-MiniLM-L6-v2,A_semantic_only,54,00ee16f445cd,determine causes of operational problems or failures,3521,fb1f65dabb92,4,0.41775885224342346,0.41775885224342346,5.830942630767822,0.0,0.5,0.0,0
/home/jovyan/Joel_Pardo/AI4LABOUR/Mejoras/results_coursera/models/simcse_coursera_hard/sentence-transformers/all-MiniLM-L6-v2,A_semantic_only,54,00ee16f445cd,determine causes of operational problems or failures,1261,f52a5d38cf7c,5,0.3719024956226349,0.3719024956226349,5.19667911529541,0.0,0.5,0.0,0
/home/jovyan/Joel_Pardo/AI4LABOUR/Mejoras/results_coursera/models/simcse_coursera_hard/sentence-transformers/all-MiniLM-L6-v2,A_semantic_only,54,00ee16f445cd,determine causes of operational problems or failures,5190,a6f0351e17b3,6,0.3542129695415497,0.3542129695415497,4.9520063400268555,0.0,0.375,0.0,0
/home/jovyan/Joel_Pardo/AI4LABOUR/Mejoras/results_coursera/models/simcse_coursera_hard/sentence-transformers/all-MiniLM-L6-v2,A_semantic_only,54,00ee16f445cd,determine causes of operational problems or failures,5151,5522b0cf362d,7,0.35323840379714966,0.35323840379714966,4.938526630401611,0.0,0.875,0.0,0
/home/jovyan/Joel_Pardo/AI4LABOUR/Mejoras/results_coursera/models/simcse_coursera_hard/sentence-transformers/all-MiniLM-L6-v2,A_semantic_only,54,00ee16f445cd,determine causes of operational problems or failures,4058,74fe0528c27f,8,0.3491479754447937,0.3491479754447937,4.8819499015808105,0.1111111119389534,0.75,0.5385082960128784,0
/home/jovyan/Joel_Pardo/AI4LABOUR/Mejoras/results_coursera/models/simcse_coursera_hard/sentence-transformers/all-MiniLM-L6-v2,A_semantic_only,54,00ee16f445cd,determine causes of operational problems or failures,1709,b543014bbb0e,9,0.3419035077095032,0.3419035077095032,4.781747817993164,0.0,0.375,0.0,0
/home/jovyan/Joel_Pardo/AI4LABOUR/Mejoras/results_coursera/models/simcse_coursera_hard/sentence-transformers/all-MiniLM-L6-v2,A_semantic_only,54,00ee16f445cd,determine causes of operational problems or failures,4561,7dbb7909a0ac,10,0.3322630524635315,0.3322630524635315,4.6484055519104,0.0,0.75,0.0,0
/home/jovyan/Joel_Pardo/AI4LABOUR/Mejoras/results_coursera/models/simcse_coursera_hard/sentence-transformers/all-MiniLM-L6-v2,A_semantic_only,55,4805101e52c6,monitor the productivity or efficiency of industrial operations,4149,737ad5005108,1,0.45867735147476196,0.45867735147476196,5.424947738647461,0.20000000298023224,0.2222222238779068,0.9056781530380249,0
/home/jovyan/Joel_Pardo/AI4LABOUR/Mejoras/results_coursera/models/simcse_coursera_hard/sentence-transformers/all-MiniLM-L6-v2,A_semantic_only,55,4805101e52c6,monitor the productivity or efficiency of industrial operations,1437,5a582c2852f5,2,0.408252477645874,0.408252477645874,4.823744297027588,0.0,0.3333333432674408,0.0,0
/home/jovyan/Joel_Pardo/AI4LABOUR/Mejoras/results_coursera/models/simcse_coursera_hard/sentence-transformers/all-MiniLM-L6-v2,A_semantic_only,55,4805101e52c6,monitor the productivity or efficiency of industrial operations,3728,3529a419dd54,3,0.38814982771873474,0.38814982771873474,4.584064960479736,0.0,0.3333333432674408,0.0,0
/home/jovyan/Joel_Pardo/AI4LABOUR/Mejoras/results_coursera/models/simcse_coursera_hard/sentence-transformers/all-MiniLM-L6-v2,A_semantic_only,55,4805101e52c6,monitor the productivity or efficiency of industrial operations,1528,b5a989054bb6,4,0.3817502558231354,0.3817502558231354,4.50776481628418,0.0,0.3333333432674408,0.0,0
/home/jovyan/Joel_Pardo/AI4LABOUR/Mejoras/results_coursera/models/simcse_coursera_hard/sentence-transformers/all-MiniLM-L6-v2,A_semantic_only,55,4805101e52c6,monitor the productivity or efficiency of industrial operations,1795,bf4c259437e1,5,0.37715497612953186,0.37715497612953186,4.452976226806641,0.1666666716337204,0.3333333432674408,0.7570855617523193,0
/home/jovyan/Joel_Pardo/AI4LABOUR/Mejoras/results_coursera/models/simcse_coursera_hard/sentence-transformers/all-MiniLM-L6-v2,A_semantic_only,55,4805101e52c6,monitor the productivity or efficiency of industrial operations,42,02d9739e2d83,6,0.36548909544944763,0.36548909544944763,4.313886642456055,0.1666666716337204,0.3333333432674408,0.5907090306282043,0
/home/jovyan/Joel_Pardo/AI4LABOUR/Mejoras/results_coursera/models/simcse_coursera_hard/sentence-transformers/all-MiniLM-L6-v2,A_semantic_only,55,4805101e52c6,monitor the productivity or efficiency of industrial operations,3059,49fffd4c8845,7,0.35586822032928467,0.35586822032928467,4.199179172515869,0.1428571492433548,0.7777777910232544,1.0,0
/home/jovyan/Joel_Pardo/AI4LABOUR/Mejoras/results_coursera/models/simcse_coursera_hard/sentence-transformers/all-MiniLM-L6-v2,A_semantic_only,55,4805101e52c6,monitor the productivity or efficiency of industrial operations,2908,5ebafb320c0f,8,0.3499639332294464,0.3499639332294464,4.1287841796875,0.0,0.4444444477558136,0.0,0
/home/jovyan/Joel_Pardo/AI4LABOUR/Mejoras/results_coursera/models/simcse_coursera_hard/sentence-transformers/all-MiniLM-L6-v2,A_semantic_only,55,4805101e52c6,monitor the productivity or efficiency of industrial operations,2216,7f54b0ad802f,9,0.34436970949172974,0.34436970949172974,4.062085151672363,0.0,0.3333333432674408,0.0,0
/home/jovyan/Joel_Pardo/AI4LABOUR/Mejoras/results_coursera/models/simcse_coursera_hard/sentence-transformers/all-MiniLM-L6-v2,A_semantic_only,55,4805101e52c6,monitor the productivity or efficiency of industrial operations,3516,afe8a26918ff,10,0.34252724051475525,0.34252724051475525,4.040118217468262,0.0,0.5555555820465088,0.0,0
/home/jovyan/Joel_Pardo/AI4LABOUR/Mejoras/results_coursera/models/simcse_coursera_hard/sentence-transformers/all-MiniLM-L6-v2,A_semantic_only,56,269bfa3db5c6,conduct validation tests of equipment or processes,759,6a82d63d15a6,1,0.45662668347358704,0.45662668347358704,5.254968643188477,0.0,0.375,0.0,0
/home/jovyan/Joel_Pardo/AI4LABOUR/Mejoras/results_coursera/models/simcse_coursera_hard/sentence-transformers/all-MiniLM-L6-v2,A_semantic_only,56,269bfa3db5c6,conduct validation tests of equipment or processes,117,1b45811985d9,2,0.4386434555053711,0.4386434555053711,5.048383712768555,0.0,0.375,0.0,0
/home/jovyan/Joel_Pardo/AI4LABOUR/Mejoras/results_coursera/models/simcse_coursera_hard/sentence-transformers/all-MiniLM-L6-v2,A_semantic_only,56,269bfa3db5c6,conduct validation tests of equipment or processes,1893,e70f70131331,3,0.4291926920413971,0.4291926920413971,4.939816951751709,0.0,0.375,0.0,0
/home/jovyan/Joel_Pardo/AI4LABOUR/Mejoras/results_coursera/models/simcse_coursera_hard/sentence-transformers/all-MiniLM-L6-v2,A_semantic_only,56,269bfa3db5c6,conduct validation tests of equipment or processes,1892,ca6117ea05ac,4,0.41011714935302734,0.41011714935302734,4.720683574676514,0.0,0.375,0.0,0
/home/jovyan/Joel_Pardo/AI4LABOUR/Mejoras/results_coursera/models/simcse_coursera_hard/sentence-transformers/all-MiniLM-L6-v2,A_semantic_only,56,269bfa3db5c6,conduct validation tests of equipment or processes,3980,dc0ebdffa052,5,0.39879459142684937,0.39879459142684937,4.590614318847656,0.1666666716337204,0.375,0.8707735538482666,0
/home/jovyan/Joel_Pardo/AI4LABOUR/Mejoras/results_coursera/models/simcse_coursera_hard/sentence-transformers/all-MiniLM-L6-v2,A_semantic_only,56,269bfa3db5c6,conduct validation tests of equipment or processes,754,2af854050699,6,0.39540305733680725,0.39540305733680725,4.5516533851623535,0.125,0.75,0.526633083820343,0
/home/jovyan/Joel_Pardo/AI4LABOUR/Mejoras/results_coursera/models/simcse_coursera_hard/sentence-transformers/all-MiniLM-L6-v2,A_semantic_only,56,269bfa3db5c6,conduct validation tests of equipment or processes,2286,d990c7aa3f85,7,0.3775535225868225,0.3775535225868225,4.346604347229004,0.0,0.375,0.0,0
/home/jovyan/Joel_Pardo/AI4LABOUR/Mejoras/results_coursera/models/simcse_coursera_hard/sentence-transformers/all-MiniLM-L6-v2,A_semantic_only,56,269bfa3db5c6,conduct validation tests of equipment or processes,4393,9c6ebcadd478,8,0.36822161078453064,0.36822161078453064,4.2394022941589355,0.0,0.5,0.0,0
/home/jovyan/Joel_Pardo/AI4LABOUR/Mejoras/results_coursera/models/simcse_coursera_hard/sentence-transformers/all-MiniLM-L6-v2,A_semantic_only,56,269bfa3db5c6,conduct validation tests of equipment or processes,449,a3d51b184318,9,0.36080724000930786,0.36080724000930786,4.154228687286377,0.0,0.375,0.0,0
/home/jovyan/Joel_Pardo/AI4LABOUR/Mejoras/results_coursera/models/simcse_coursera_hard/sentence-transformers/all-MiniLM-L6-v2,A_semantic_only,56,269bfa3db5c6,conduct validation tests of equipment or processes,3334,ffdf4621b0cb,10,0.3602184057235718,0.3602184057235718,4.147464275360107,0.0,0.375,0.0,0
/home/jovyan/Joel_Pardo/AI4LABOUR/Mejoras/results_coursera/models/simcse_coursera_hard/sentence-transformers/all-MiniLM-L6-v2,A_semantic_only,57,c1933354ef21,determine operational methods,1629,a9ac5a6cc3cb,1,0.5900367498397827,0.5900367498397827,6.928274631500244,0.3333333432674408,0.5,1.0,0
/home/jovyan/Joel_Pardo/AI4LABOUR/Mejoras/results_coursera/models/simcse_coursera_hard/sentence-transformers/all-MiniLM-L6-v2,A_semantic_only,57,c1933354ef21,determine operational methods,1881,490efa5eb140,2,0.45688727498054504,0.45688727498054504,5.329102993011475,0.25,0.75,0.8359322547912598,0
/home/jovyan/Joel_Pardo/AI4LABOUR/Mejoras/results_coursera/models/simcse_coursera_hard/sentence-transformers/all-MiniLM-L6-v2,A_semantic_only,57,c1933354ef21,determine operational methods,2393,f8e39ed822aa,3,0.4436577260494232,0.4436577260494232,5.170211315155029,0.25,0.75,0.8359322547912598,0
/home/jovyan/Joel_Pardo/AI4LABOUR/Mejoras/results_coursera/models/simcse_coursera_hard/sentence-transformers/all-MiniLM-L6-v2,A_semantic_only,57,c1933354ef21,determine operational methods,3774,3bb46e004c8a,4,0.42357057332992554,0.42357057332992554,4.928957462310791,0.25,0.75,0.8359322547912598,0
/home/jovyan/Joel_Pardo/AI4LABOUR/Mejoras/results_coursera/models/simcse_coursera_hard/sentence-transformers/all-MiniLM-L6-v2,A_semantic_only,57,c1933354ef21,determine operational methods,4507,4308d262ba90,5,0.41957616806030273,0.41957616806030273,4.880983352661133,0.0,0.6666666865348816,0.0,0
/home/jovyan/Joel_Pardo/AI4LABOUR/Mejoras/results_coursera/models/simcse_coursera_hard/sentence-transformers/all-MiniLM-L6-v2,A_semantic_only,57,c1933354ef21,determine operational methods,3056,4b76c705aa42,6,0.41111403703689575,0.41111403703689575,4.7793498039245605,0.0,0.5,0.0,0
/home/jovyan/Joel_Pardo/AI4LABOUR/Mejoras/results_coursera/models/simcse_coursera_hard/sentence-transformers/all-MiniLM-L6-v2,A_semantic_only,57,c1933354ef21,determine operational methods,600,45509ca3caf2,7,0.411093533039093,0.411093533039093,4.779103755950928,0.0,0.5,0.0,0
/home/jovyan/Joel_Pardo/AI4LABOUR/Mejoras/results_coursera/models/simcse_coursera_hard/sentence-transformers/all-MiniLM-L6-v2,A_semantic_only,57,c1933354ef21,determine operational methods,1577,30283b9c2649,8,0.40923136472702026,0.40923136472702026,4.756738662719727,0.20000000298023224,1.0,0.7181130647659302,0
/home/jovyan/Joel_Pardo/AI4LABOUR/Mejoras/results_coursera/models/simcse_coursera_hard/sentence-transformers/all-MiniLM-L6-v2,A_semantic_only,57,c1933354ef21,determine operational methods,2747,dad3cc4f5ae4,9,0.40654876828193665,0.40654876828193665,4.724519729614258,0.0,0.75,0.0,0
/home/jovyan/Joel_Pardo/AI4LABOUR/Mejoras/results_coursera/models/simcse_coursera_hard/sentence-transformers/all-MiniLM-L6-v2,A_semantic_only,57,c1933354ef21,determine operational methods,4059,966ff254f415,10,0.4053884744644165,0.4053884744644165,4.7105841636657715,0.1666666716337204,0.800000011920929,0.8145995736122131,0
/home/jovyan/Joel_Pardo/AI4LABOUR/Mejoras/results_coursera/models/simcse_coursera_hard/sentence-transformers/all-MiniLM-L6-v2,A_semantic_only,58,224946bca8ba,direct industrial production activities,4848,fa8a9d937f48,1,0.4492340385913849,0.4492340385913849,6.035013198852539,0.20000000298023224,0.6000000238418579,0.7141852974891663,0
/home/jovyan/Joel_Pardo/AI4LABOUR/Mejoras/results_coursera/models/simcse_coursera_hard/sentence-transformers/all-MiniLM-L6-v2,A_semantic_only,58,224946bca8ba,direct industrial production activities,4874,97baaed1a0ba,2,0.3937004804611206,0.3937004804611206,5.287837028503418,0.1666666716337204,0.800000011920929,0.6135255098342896,0
/home/jovyan/Joel_Pardo/AI4LABOUR/Mejoras/results_coursera/models/simcse_coursera_hard/sentence-transformers/all-MiniLM-L6-v2,A_semantic_only,58,224946bca8ba,direct industrial production activities,3033,fd89784e59c7,3,0.3839314579963684,0.3839314579963684,5.156399726867676,0.25,0.4000000059604645,0.8543578386306763,0
/home/jovyan/Joel_Pardo/AI4LABOUR/Mejoras/results_coursera/models/simcse_coursera_hard/sentence-transformers/all-MiniLM-L6-v2,A_semantic_only,58,224946bca8ba,direct industrial production activities,107,20be59e19f80,4,0.38190117478370667,0.38190117478370667,5.129083156585693,0.20000000298023224,0.6000000238418579,1.0,0
/home/jovyan/Joel_Pardo/AI4LABOUR/Mejoras/results_coursera/models/simcse_coursera_hard/sentence-transformers/all-MiniLM-L6-v2,A_semantic_only,58,224946bca8ba,direct industrial production activities,989,4ec4f7a20f54,5,0.3751773536205292,0.3751773536205292,5.0386176109313965,0.0,1.0,0.0,0
/home/jovyan/Joel_Pardo/AI4LABOUR/Mejoras/results_coursera/models/simcse_coursera_hard/sentence-transformers/all-MiniLM-L6-v2,A_semantic_only,58,224946bca8ba,direct industrial production activities,3454,68b455dc1687,6,0.3714946508407593,0.3714946508407593,4.989068508148193,0.1666666716337204,0.800000011920929,0.6135255098342896,0
/home/jovyan/Joel_Pardo/AI4LABOUR/Mejoras/results_coursera/models/simcse_coursera_hard/sentence-transformers/all-MiniLM-L6-v2,A_semantic_only,58,224946bca8ba,direct industrial production activities,2795,0270e82e5a44,7,0.3666328489780426,0.3666328489780426,4.9236555099487305,0.0,0.6000000238418579,0.0,0
/home/jovyan/Joel_Pardo/AI4LABOUR/Mejoras/results_coursera/models/simcse_coursera_hard/sentence-transformers/all-MiniLM-L6-v2,A_semantic_only,58,224946bca8ba,direct industrial production activities,3232,d7dbf48fa293,8,0.3615609109401703,0.3615609109401703,4.855414867401123,0.1666666716337204,0.800000011920929,0.7699753642082214,0
/home/jovyan/Joel_Pardo/AI4LABOUR/Mejoras/results_coursera/models/simcse_coursera_hard/sentence-transformers/all-MiniLM-L6-v2,A_semantic_only,58,224946bca8ba,direct industrial production activities,4287,5ae111bb2594,9,0.3509761095046997,0.3509761095046997,4.713001728057861,0.20000000298023224,0.6000000238418579,0.7141852974891663,0
/home/jovyan/Joel_Pardo/AI4LABOUR/Mejoras/results_coursera/models/simcse_coursera_hard/sentence-transformers/all-MiniLM-L6-v2,A_semantic_only,58,224946bca8ba,direct industrial production activities,2532,046df5a4594b,10,0.33460789918899536,0.33460789918899536,4.4927754402160645,0.20000000298023224,0.6000000238418579,0.7141852974891663,0
/home/jovyan/Joel_Pardo/AI4LABOUR/Mejoras/results_coursera/models/simcse_coursera_hard/sentence-transformers/all-MiniLM-L6-v2,A_semantic_only,59,da6e8742f6bf,research industrial processes or operations,2795,0270e82e5a44,1,0.522275447845459,0.522275447845459,6.306128978729248,0.20000000298023224,0.5,0.7405116558074951,0
/home/jovyan/Joel_Pardo/AI4LABOUR/Mejoras/results_coursera/models/simcse_coursera_hard/sentence-transformers/all-MiniLM-L6-v2,A_semantic_only,59,da6e8742f6bf,research industrial processes or operations,60,32756aab54ad,2,0.4305022358894348,0.4305022358894348,5.226282596588135,0.0,0.6666666865348816,0.0,0
/home/jovyan/Joel_Pardo/AI4LABOUR/Mejoras/results_coursera/models/simcse_coursera_hard/sentence-transformers/all-MiniLM-L6-v2,A_semantic_only,59,da6e8742f6bf,research industrial processes or operations,4286,957770e81d95,3,0.4271314740180969,0.4271314740180969,5.186620712280273,0.0,0.5,0.0,0
/home/jovyan/Joel_Pardo/AI4LABOUR/Mejoras/results_coursera/models/simcse_coursera_hard/sentence-transformers/all-MiniLM-L6-v2,A_semantic_only,59,da6e8742f6bf,research industrial processes or operations,754,2af854050699,4,0.41922006011009216,0.41922006011009216,5.093531608581543,0.1428571492433548,1.0,0.4962539076805115,0
/home/jovyan/Joel_Pardo/AI4LABOUR/Mejoras/results_coursera/models/simcse_coursera_hard/sentence-transformers/all-MiniLM-L6-v2,A_semantic_only,59,da6e8742f6bf,research industrial processes or operations,4061,d08315cf2b4b,5,0.395866721868515,0.395866721868515,4.818745136260986,0.0,0.5,0.0,0
/home/jovyan/Joel_Pardo/AI4LABOUR/Mejoras/results_coursera/models/simcse_coursera_hard/sentence-transformers/all-MiniLM-L6-v2,A_semantic_only,59,da6e8742f6bf,research industrial processes or operations,425,b06cd44db3d0,6,0.3952023983001709,0.3952023983001709,4.8109283447265625,0.1666666716337204,0.8333333134651184,0.5575573444366455,0
/home/jovyan/Joel_Pardo/AI4LABOUR/Mejoras/results_coursera/models/simcse_coursera_hard/sentence-transformers/all-MiniLM-L6-v2,A_semantic_only,59,da6e8742f6bf,research industrial processes or operations,756,d5200b2d3f2b,7,0.39040568470954895,0.39040568470954895,4.754487991333008,0.0,0.5,0.0,0
/home/jovyan/Joel_Pardo/AI4LABOUR/Mejoras/results_coursera/models/simcse_coursera_hard/sentence-transformers/all-MiniLM-L6-v2,A_semantic_only,59,da6e8742f6bf,research industrial processes or operations,4063,cdccc9909802,8,0.3887993097305298,0.3887993097305298,4.735586643218994,0.0,0.5,0.0,0
/home/jovyan/Joel_Pardo/AI4LABOUR/Mejoras/results_coursera/models/simcse_coursera_hard/sentence-transformers/all-MiniLM-L6-v2,A_semantic_only,59,da6e8742f6bf,research industrial processes or operations,3757,0c29bb383513,9,0.386758029460907,0.386758029460907,4.711568355560303,0.20000000298023224,0.5,0.7405116558074951,0
/home/jovyan/Joel_Pardo/AI4LABOUR/Mejoras/results_coursera/models/simcse_coursera_hard/sentence-transformers/all-MiniLM-L6-v2,A_semantic_only,59,da6e8742f6bf,research industrial processes or operations,42,02d9739e2d83,10,0.3838161826133728,0.3838161826133728,4.676952838897705,0.20000000298023224,0.5,0.6993325352668762,0
/home/jovyan/Joel_Pardo/AI4LABOUR/Mejoras/results_coursera/models/simcse_coursera_hard/sentence-transformers/all-MiniLM-L6-v2,A_semantic_only,60,90e3d91fbf4d,design control systems for mechanical or other equipment,3918,d4c62f1a558b,1,0.5507135987281799,0.5507135987281799,6.2150349617004395,0.3333333432674408,0.3333333432674408,0.8804424405097961,0
/home/jovyan/Joel_Pardo/AI4LABOUR/Mejoras/results_coursera/models/simcse_coursera_hard/sentence-transformers/all-MiniLM-L6-v2,A_semantic_only,60,90e3d91fbf4d,design control systems for mechanical or other equipment,3917,d23e50a9caf6,2,0.514204740524292,0.514204740524292,5.80703592300415,0.25,0.7777777910232544,0.8584000468254089,0
/home/jovyan/Joel_Pardo/AI4LABOUR/Mejoras/results_coursera/models/simcse_coursera_hard/sentence-transformers/all-MiniLM-L6-v2,A_semantic_only,60,90e3d91fbf4d,design control systems for mechanical or other equipment,4723,66fe44b4fefa,3,0.4474251866340637,0.4474251866340637,5.060751914978027,0.3333333432674408,0.3333333432674408,0.7560185194015503,0
/home/jovyan/Joel_Pardo/AI4LABOUR/Mejoras/results_coursera/models/simcse_coursera_hard/sentence-transformers/all-MiniLM-L6-v2,A_semantic_only,60,90e3d91fbf4d,design control systems for mechanical or other equipment,3663,9b1383e434a5,4,0.4435109794139862,0.4435109794139862,5.017009258270264,0.2857142984867096,0.5555555820465088,0.5692330002784729,0
/home/jovyan/Joel_Pardo/AI4LABOUR/Mejoras/results_coursera/models/simcse_coursera_hard/sentence-transformers/all-MiniLM-L6-v2,A_semantic_only,60,90e3d91fbf4d,design control systems for mechanical or other equipment,3365,7f63be1febb9,5,0.41960418224334717,0.41960418224334717,4.749842643737793,0.125,0.4444444477558136,0.2921963632106781,0
/home/jovyan/Joel_Pardo/AI4LABOUR/Mejoras/results_coursera/models/simcse_coursera_hard/sentence-transformers/all-MiniLM-L6-v2,A_semantic_only,60,90e3d91fbf4d,design control systems for mechanical or other equipment,138,800f68468dea,6,0.4056878387928009,0.4056878387928009,4.59432315826416,0.0,0.3333333432674408,0.0,0
/home/jovyan/Joel_Pardo/AI4LABOUR/Mejoras/results_coursera/models/simcse_coursera_hard/sentence-transformers/all-MiniLM-L6-v2,A_semantic_only,60,90e3d91fbf4d,design control systems for mechanical or other equipment,2836,a7810e65d792,7,0.40320026874542236,0.40320026874542236,4.566523551940918,0.2857142984867096,0.4444444477558136,0.7563498020172119,0
/home/jovyan/Joel_Pardo/AI4LABOUR/Mejoras/results_coursera/models/simcse_coursera_hard/sentence-transformers/all-MiniLM-L6-v2,A_semantic_only,60,90e3d91fbf4d,design control systems for mechanical or other equipment,3979,9e51eeb429ae,8,0.370890736579895,0.370890736579895,4.205453872680664,0.1428571492433548,0.3333333432674408,0.4158821702003479,0
/home/jovyan/Joel_Pardo/AI4LABOUR/Mejoras/results_coursera/models/simcse_coursera_hard/sentence-transformers/all-MiniLM-L6-v2,A_semantic_only,60,90e3d91fbf4d,design control systems for mechanical or other equipment,3424,1638c7b92daa,9,0.3684552311897278,0.3684552311897278,4.17823600769043,0.1428571492433548,0.3333333432674408,0.46456024050712585,0
/home/jovyan/Joel_Pardo/AI4LABOUR/Mejoras/results_coursera/models/simcse_coursera_hard/sentence-transformers/all-MiniLM-L6-v2,A_semantic_only,60,90e3d91fbf4d,design control systems for mechanical or other equipment,733,813e418f098e,10,0.36550265550613403,0.36550265550613403,4.145240306854248,0.3333333432674408,0.3333333432674408,1.0,0
/home/jovyan/Joel_Pardo/AI4LABOUR/Mejoras/results_coursera/models/simcse_coursera_hard/sentence-transformers/all-MiniLM-L6-v2,A_semantic_only,61,dc17b84d2d6b,review technical documents to plan work,3331,bd1098fcfc05,1,0.39970120787620544,0.39970120787620544,5.287436485290527,0.0,0.5714285969734192,0.0,0
/home/jovyan/Joel_Pardo/AI4LABOUR/Mejoras/results_coursera/models/simcse_coursera_hard/sentence-transformers/all-MiniLM-L6-v2,A_semantic_only,61,dc17b84d2d6b,review technical documents to plan work,4558,7b0342e1d11a,2,0.3794440031051636,0.3794440031051636,5.0245466232299805,0.25,0.8571428656578064,1.0,0
/home/jovyan/Joel_Pardo/AI4LABOUR/Mejoras/results_coursera/models/simcse_coursera_hard/sentence-transformers/all-MiniLM-L6-v2,A_semantic_only,61,dc17b84d2d6b,review technical documents to plan work,1702,6b306e6c84b1,3,0.3456069231033325,0.3456069231033325,4.585422515869141,0.1428571492433548,0.5714285969734192,0.6987448930740356,0
/home/jovyan/Joel_Pardo/AI4LABOUR/Mejoras/results_coursera/models/simcse_coursera_hard/sentence-transformers/all-MiniLM-L6-v2,A_semantic_only,61,dc17b84d2d6b,review technical documents to plan work,2820,21f64da1e579,4,0.34265953302383423,0.34265953302383423,4.547172546386719,0.20000000298023224,0.2857142984867096,0.9730290770530701,0
/home/jovyan/Joel_Pardo/AI4LABOUR/Mejoras/results_coursera/models/simcse_coursera_hard/sentence-transformers/all-MiniLM-L6-v2,A_semantic_only,61,dc17b84d2d6b,review technical documents to plan work,4129,c0c66eb294df,5,0.3266075849533081,0.3266075849533081,4.3388566970825195,0.1666666716337204,0.4285714328289032,0.687035322189331,0
/home/jovyan/Joel_Pardo/AI4LABOUR/Mejoras/results_coursera/models/simcse_coursera_hard/sentence-transformers/all-MiniLM-L6-v2,A_semantic_only,61,dc17b84d2d6b,review technical documents to plan work,619,724f875fd92b,6,0.3231219947338104,0.3231219947338104,4.293622016906738,0.0,0.4285714328289032,0.0,0
/home/jovyan/Joel_Pardo/AI4LABOUR/Mejoras/results_coursera/models/simcse_coursera_hard/sentence-transformers/all-MiniLM-L6-v2,A_semantic_only,61,dc17b84d2d6b,review technical documents to plan work,4864,b4b65dd80416,7,0.3198302388191223,0.3198302388191223,4.250903129577637,0.0,0.4285714328289032,0.0,0
/home/jovyan/Joel_Pardo/AI4LABOUR/Mejoras/results_coursera/models/simcse_coursera_hard/sentence-transformers/all-MiniLM-L6-v2,A_semantic_only,61,dc17b84d2d6b,review technical documents to plan work,4310,506583358173,8,0.3166382312774658,0.3166382312774658,4.209478378295898,0.1111111119389534,1.0,0.4148085117340088,0
/home/jovyan/Joel_Pardo/AI4LABOUR/Mejoras/results_coursera/models/simcse_coursera_hard/sentence-transformers/all-MiniLM-L6-v2,A_semantic_only,61,dc17b84d2d6b,review technical documents to plan work,1529,8c8790508d02,9,0.3158382177352905,0.3158382177352905,4.199096202850342,0.0,0.4285714328289032,0.0,0
/home/jovyan/Joel_Pardo/AI4LABOUR/Mejoras/results_coursera/models/simcse_coursera_hard/sentence-transformers/all-MiniLM-L6-v2,A_semantic_only,61,dc17b84d2d6b,review technical documents to plan work,1897,d330010440a6,10,0.31352823972702026,0.31352823972702026,4.1691179275512695,0.0,0.4285714328289032,0.0,0
/home/jovyan/Joel_Pardo/AI4LABOUR/Mejoras/results_coursera/models/simcse_coursera_hard/sentence-transformers/all-MiniLM-L6-v2,A_semantic_only,62,c6d9ce80244c,confer with other personnel to resolve design or operational problems,1809,f6dad3fb1a3e,1,0.4407227635383606,0.4407227635383606,5.651136875152588,0.0,0.4545454680919647,0.0,0
/home/jovyan/Joel_Pardo/AI4LABOUR/Mejoras/results_coursera/models/simcse_coursera_hard/sentence-transformers/all-MiniLM-L6-v2,A_semantic_only,62,c6d9ce80244c,confer with other personnel to resolve design or operational problems,3763,a20bdc3ff554,2,0.4060407876968384,0.4060407876968384,5.221217155456543,0.0,0.4545454680919647,0.0,0
/home/jovyan/Joel_Pardo/AI4LABOUR/Mejoras/results_coursera/models/simcse_coursera_hard/sentence-transformers/all-MiniLM-L6-v2,A_semantic_only,62,c6d9ce80244c,confer with other personnel to resolve design or operational problems,4933,4a9dbf433d44,3,0.3963921368122101,0.3963921368122101,5.101612091064453,0.0,0.1818181872367859,0.0,0
/home/jovyan/Joel_Pardo/AI4LABOUR/Mejoras/results_coursera/models/simcse_coursera_hard/sentence-transformers/all-MiniLM-L6-v2,A_semantic_only,62,c6d9ce80244c,confer with other personnel to resolve design or operational problems,1566,5e692b181290,4,0.38467711210250854,0.38467711210250854,4.956392288208008,0.0,0.27272728085517883,0.0,0
/home/jovyan/Joel_Pardo/AI4LABOUR/Mejoras/results_coursera/models/simcse_coursera_hard/sentence-transformers/all-MiniLM-L6-v2,A_semantic_only,62,c6d9ce80244c,confer with other personnel to resolve design or operational problems,3762,3f9e06094af7,5,0.3228956460952759,0.3228956460952759,4.190545558929443,0.0,0.5454545617103577,0.0,0
/home/jovyan/Joel_Pardo/AI4LABOUR/Mejoras/results_coursera/models/simcse_coursera_hard/sentence-transformers/all-MiniLM-L6-v2,A_semantic_only,62,c6d9ce80244c,confer with other personnel to resolve design or operational problems,3373,f8d0bd176b39,6,0.3164408802986145,0.3164408802986145,4.110531806945801,0.1111111119389534,0.4545454680919647,0.3359284996986389,0
/home/jovyan/Joel_Pardo/AI4LABOUR/Mejoras/results_coursera/models/simcse_coursera_hard/sentence-transformers/all-MiniLM-L6-v2,A_semantic_only,62,c6d9ce80244c,confer with other personnel to resolve design or operational problems,4514,4b7555920681,7,0.3070901334285736,0.3070901334285736,3.994619607925415,0.0,0.3636363744735718,0.36909428238868713,0
/home/jovyan/Joel_Pardo/AI4LABOUR/Mejoras/results_coursera/models/simcse_coursera_hard/sentence-transformers/all-MiniLM-L6-v2,A_semantic_only,62,c6d9ce80244c,confer with other personnel to resolve design or operational problems,4578,c3464dd13139,8,0.3063952326774597,0.3063952326774597,3.9860055446624756,0.0,0.4545454680919647,0.0,0
/home/jovyan/Joel_Pardo/AI4LABOUR/Mejoras/results_coursera/models/simcse_coursera_hard/sentence-transformers/all-MiniLM-L6-v2,A_semantic_only,62,c6d9ce80244c,confer with other personnel to resolve design or operational problems,1551,a91e30b789fc,9,0.3016289174556732,0.3016289174556732,3.926922082901001,0.0,0.4545454680919647,0.3234992027282715,0
/home/jovyan/Joel_Pardo/AI4LABOUR/Mejoras/results_coursera/models/simcse_coursera_hard/sentence-transformers/all-MiniLM-L6-v2,A_semantic_only,62,c6d9ce80244c,confer with other personnel to resolve design or operational problems,2807,71604dd6229c,10,0.3005579710006714,0.3005579710006714,3.9136464595794678,0.0,0.27272728085517883,0.0,0
/home/jovyan/Joel_Pardo/AI4LABOUR/Mejoras/results_coursera/models/simcse_coursera_hard/sentence-transformers/all-MiniLM-L6-v2,A_semantic_only,63,50171927f859,analyze design or requirements information for mechanical equipment or systems,3917,d23e50a9caf6,1,0.5731195211410522,0.5731195211410522,5.900075912475586,0.2222222238779068,0.6363636255264282,0.8584000468254089,0
/home/jovyan/Joel_Pardo/AI4LABOUR/Mejoras/results_coursera/models/simcse_coursera_hard/sentence-transformers/all-MiniLM-L6-v2,A_semantic_only,63,50171927f859,analyze design or requirements information for mechanical equipment or systems,617,3893cbb4049e,2,0.5463441014289856,0.5463441014289856,5.625588893890381,0.125,0.27272728085517883,0.6005244851112366,0
/home/jovyan/Joel_Pardo/AI4LABOUR/Mejoras/results_coursera/models/simcse_coursera_hard/sentence-transformers/all-MiniLM-L6-v2,A_semantic_only,63,50171927f859,analyze design or requirements information for mechanical equipment or systems,4492,77bb92ac8bda,3,0.4056662917137146,0.4056662917137146,4.183435916900635,0.125,0.27272728085517883,0.6005244851112366,0
/home/jovyan/Joel_Pardo/AI4LABOUR/Mejoras/results_coursera/models/simcse_coursera_hard/sentence-transformers/all-MiniLM-L6-v2,A_semantic_only,63,50171927f859,analyze design or requirements information for mechanical equipment or systems,46,a3db224ea72e,4,0.39561212062835693,0.39561212062835693,4.080366134643555,0.0,0.3636363744735718,0.0,0
/home/jovyan/Joel_Pardo/AI4LABOUR/Mejoras/results_coursera/models/simcse_coursera_hard/sentence-transformers/all-MiniLM-L6-v2,A_semantic_only,63,50171927f859,analyze design or requirements information for mechanical equipment or systems,3407,2ad419560ca0,5,0.3917596936225891,0.3917596936225891,4.040873050689697,0.0,0.5454545617103577,0.0,0
/home/jovyan/Joel_Pardo/AI4LABOUR/Mejoras/results_coursera/models/simcse_coursera_hard/sentence-transformers/all-MiniLM-L6-v2,A_semantic_only,63,50171927f859,analyze design or requirements information for mechanical equipment or systems,497,b586590b0fe9,6,0.3840557932853699,0.3840557932853699,3.9618968963623047,0.1111111119389534,0.3636363744735718,0.35726630687713623,0
/home/jovyan/Joel_Pardo/AI4LABOUR/Mejoras/results_coursera/models/simcse_coursera_hard/sentence-transformers/all-MiniLM-L6-v2,A_semantic_only,63,50171927f859,analyze design or requirements information for mechanical equipment or systems,3389,8b5982aeea2d,7,0.36939066648483276,0.36939066648483276,3.8115577697753906,0.0,0.27272728085517883,0.0,0
/home/jovyan/Joel_Pardo/AI4LABOUR/Mejoras/results_coursera/models/simcse_coursera_hard/sentence-transformers/all-MiniLM-L6-v2,A_semantic_only,63,50171927f859,analyze design or requirements information for mechanical equipment or systems,4035,02bd3f0a6aec,8,0.3689858913421631,0.3689858913421631,3.807408332824707,0.10000000149011612,0.5454545617103577,0.22794239223003387,0
/home/jovyan/Joel_Pardo/AI4LABOUR/Mejoras/results_coursera/models/simcse_coursera_hard/sentence-transformers/all-MiniLM-L6-v2,A_semantic_only,63,50171927f859,analyze design or requirements information for mechanical equipment or systems,4558,7b0342e1d11a,9,0.36778509616851807,0.36778509616851807,3.795098304748535,0.0,0.5454545617103577,0.0,0
/home/jovyan/Joel_Pardo/AI4LABOUR/Mejoras/results_coursera/models/simcse_coursera_hard/sentence-transformers/all-MiniLM-L6-v2,A_semantic_only,63,50171927f859,analyze design or requirements information for mechanical equipment or systems,3813,d4fec0ffd15c,10,0.3668375611305237,0.3668375611305237,3.7853846549987793,0.07692307978868484,1.0,0.40218546986579895,0
/home/jovyan/Joel_Pardo/AI4LABOUR/Mejoras/results_coursera/models/simcse_coursera_hard/sentence-transformers/all-MiniLM-L6-v2,A_semantic_only,64,445ae625480e,direct installation activities,147,575ea3efc7e8,1,0.36971545219421387,0.36971545219421387,5.40279483795166,0.13333334028720856,0.1599999964237213,0.7737625241279602,0
/home/jovyan/Joel_Pardo/AI4LABOUR/Mejoras/results_coursera/models/simcse_coursera_hard/sentence-transformers/all-MiniLM-L6-v2,A_semantic_only,64,445ae625480e,direct installation activities,177,5ec64a367a46,2,0.3472331762313843,0.3472331762313843,5.083375930786133,0.0,1.0,0.0,0
/home/jovyan/Joel_Pardo/AI4LABOUR/Mejoras/results_coursera/models/simcse_coursera_hard/sentence-transformers/all-MiniLM-L6-v2,A_semantic_only,64,445ae625480e,direct installation activities,4483,d8ed544e2272,3,0.3429379463195801,0.3429379463195801,5.022351264953613,0.0,0.75,0.0,0
/home/jovyan/Joel_Pardo/AI4LABOUR/Mejoras/results_coursera/models/simcse_coursera_hard/sentence-transformers/all-MiniLM-L6-v2,A_semantic_only,64,445ae625480e,direct installation activities,584,c5ba10b9bd0d,4,0.2995298504829407,0.2995298504829407,4.4056267738342285,0.0,0.75,0.0,0
/home/jovyan/Joel_Pardo/AI4LABOUR/Mejoras/results_coursera/models/simcse_coursera_hard/sentence-transformers/all-MiniLM-L6-v2,A_semantic_only,64,445ae625480e,direct installation activities,1047,aa556f470629,5,0.29143041372299194,0.29143041372299194,4.290553569793701,0.20000000298023224,1.0,0.8590565323829651,0
/home/jovyan/Joel_Pardo/AI4LABOUR/Mejoras/results_coursera/models/simcse_coursera_hard/sentence-transformers/all-MiniLM-L6-v2,A_semantic_only,64,445ae625480e,direct installation activities,4329,976b00314c5c,6,0.2884569764137268,0.2884569764137268,4.248308181762695,0.0,0.75,0.0,0
/home/jovyan/Joel_Pardo/AI4LABOUR/Mejoras/results_coursera/models/simcse_coursera_hard/sentence-transformers/all-MiniLM-L6-v2,A_semantic_only,64,445ae625480e,direct installation activities,4821,b66a2aed7404,7,0.27614328265190125,0.27614328265190125,4.073360443115234,0.0,0.75,0.0,0
/home/jovyan/Joel_Pardo/AI4LABOUR/Mejoras/results_coursera/models/simcse_coursera_hard/sentence-transformers/all-MiniLM-L6-v2,A_semantic_only,64,445ae625480e,direct installation activities,4334,641552273f66,8,0.2714370787143707,0.2714370787143707,4.006496429443359,0.0,0.75,0.0,0
/home/jovyan/Joel_Pardo/AI4LABOUR/Mejoras/results_coursera/models/simcse_coursera_hard/sentence-transformers/all-MiniLM-L6-v2,A_semantic_only,64,445ae625480e,direct installation activities,4394,3110ca79819b,9,0.2692312002182007,0.2692312002182007,3.975156307220459,0.0,0.5714285969734192,0.0,0
/home/jovyan/Joel_Pardo/AI4LABOUR/Mejoras/results_coursera/models/simcse_coursera_hard/sentence-transformers/all-MiniLM-L6-v2,A_semantic_only,64,445ae625480e,direct installation activities,4948,f70948c5ee4a,10,0.2666631042957306,0.2666631042957306,3.9386699199676514,0.0,0.75,0.0,0
/home/jovyan/Joel_Pardo/AI4LABOUR/Mejoras/results_coursera/models/simcse_coursera_hard/sentence-transformers/all-MiniLM-L6-v2,A_semantic_only,65,8da0e9e0dffc,direct equipment maintenance or repair activities,937,43b6a406ef58,1,0.36702853441238403,0.36702853441238403,5.426905155181885,0.0,0.7142857313156128,0.0,0
/home/jovyan/Joel_Pardo/AI4LABOUR/Mejoras/results_coursera/models/simcse_coursera_hard/sentence-transformers/all-MiniLM-L6-v2,A_semantic_only,65,8da0e9e0dffc,direct equipment maintenance or repair activities,1675,8335d26464b5,2,0.36348360776901245,0.36348360776901245,5.376073837280273,0.125,0.7142857313156128,0.7038289308547974,0
/home/jovyan/Joel_Pardo/AI4LABOUR/Mejoras/results_coursera/models/simcse_coursera_hard/sentence-transformers/all-MiniLM-L6-v2,A_semantic_only,65,8da0e9e0dffc,direct equipment maintenance or repair activities,2233,d334de0d305d,3,0.3538113534450531,0.3538113534450531,5.237381458282471,0.1666666716337204,0.4285714328289032,0.9347801804542542,0
/home/jovyan/Joel_Pardo/AI4LABOUR/Mejoras/results_coursera/models/simcse_coursera_hard/sentence-transformers/all-MiniLM-L6-v2,A_semantic_only,65,8da0e9e0dffc,direct equipment maintenance or repair activities,177,5ec64a367a46,4,0.34208300709724426,0.34208300709724426,5.069206237792969,0.0,0.5714285969734192,0.0,0
/home/jovyan/Joel_Pardo/AI4LABOUR/Mejoras/results_coursera/models/simcse_coursera_hard/sentence-transformers/all-MiniLM-L6-v2,A_semantic_only,65,8da0e9e0dffc,direct equipment maintenance or repair activities,1249,95d7d4c08187,5,0.308455228805542,0.308455228805542,4.587011337280273,0.0,0.4285714328289032,0.0,0
/home/jovyan/Joel_Pardo/AI4LABOUR/Mejoras/results_coursera/models/simcse_coursera_hard/sentence-transformers/all-MiniLM-L6-v2,A_semantic_only,65,8da0e9e0dffc,direct equipment maintenance or repair activities,4483,d8ed544e2272,6,0.3051331043243408,0.3051331043243408,4.539374828338623,0.0,0.4285714328289032,0.0,0
/home/jovyan/Joel_Pardo/AI4LABOUR/Mejoras/results_coursera/models/simcse_coursera_hard/sentence-transformers/all-MiniLM-L6-v2,A_semantic_only,65,8da0e9e0dffc,direct equipment maintenance or repair activities,147,575ea3efc7e8,7,0.2931962013244629,0.2931962013244629,4.368209362030029,0.11764705926179886,0.2800000011920929,0.7232978940010071,0
/home/jovyan/Joel_Pardo/AI4LABOUR/Mejoras/results_coursera/models/simcse_coursera_hard/sentence-transformers/all-MiniLM-L6-v2,A_semantic_only,65,8da0e9e0dffc,direct equipment maintenance or repair activities,42,02d9739e2d83,8,0.2819659113883972,0.2819659113883972,4.2071757316589355,0.0,0.4285714328289032,0.0,0
/home/jovyan/Joel_Pardo/AI4LABOUR/Mejoras/results_coursera/models/simcse_coursera_hard/sentence-transformers/all-MiniLM-L6-v2,A_semantic_only,65,8da0e9e0dffc,direct equipment maintenance or repair activities,1676,4abb63e41447,9,0.2785446345806122,0.2785446345806122,4.158117294311523,0.1428571492433548,0.5714285969734192,0.8030290603637695,0
/home/jovyan/Joel_Pardo/AI4LABOUR/Mejoras/results_coursera/models/simcse_coursera_hard/sentence-transformers/all-MiniLM-L6-v2,A_semantic_only,65,8da0e9e0dffc,direct equipment maintenance or repair activities,4394,3110ca79819b,10,0.27615129947662354,0.27615129947662354,4.123798847198486,0.0,1.0,0.0,0
/home/jovyan/Joel_Pardo/AI4LABOUR/Mejoras/results_coursera/models/simcse_coursera_hard/sentence-transformers/all-MiniLM-L6-v2,A_semantic_only,66,196087c93944,"test performance of electrical, electronic, mechanical, or integrated systems or equipment",3980,dc0ebdffa052,1,0.5415393114089966,0.5415393114089966,6.1763997077941895,0.0,0.25,0.0,0
/home/jovyan/Joel_Pardo/AI4LABOUR/Mejoras/results_coursera/models/simcse_coursera_hard/sentence-transformers/all-MiniLM-L6-v2,A_semantic_only,66,196087c93944,"test performance of electrical, electronic, mechanical, or integrated systems or equipment",1892,ca6117ea05ac,2,0.5315645337104797,0.5315645337104797,6.059734344482422,0.0,0.25,0.0,0
/home/jovyan/Joel_Pardo/AI4LABOUR/Mejoras/results_coursera/models/simcse_coursera_hard/sentence-transformers/all-MiniLM-L6-v2,A_semantic_only,66,196087c93944,"test performance of electrical, electronic, mechanical, or integrated systems or equipment",2158,e1b45327ca36,3,0.5047978162765503,0.5047978162765503,5.746669292449951,0.0,0.4166666567325592,0.0,0
/home/jovyan/Joel_Pardo/AI4LABOUR/Mejoras/results_coursera/models/simcse_coursera_hard/sentence-transformers/all-MiniLM-L6-v2,A_semantic_only,66,196087c93944,"test performance of electrical, electronic, mechanical, or integrated systems or equipment",4133,9bd3bb772dfb,4,0.48977237939834595,0.48977237939834595,5.5709309577941895,0.1111111119389534,0.25,0.5801742076873779,0
/home/jovyan/Joel_Pardo/AI4LABOUR/Mejoras/results_coursera/models/simcse_coursera_hard/sentence-transformers/all-MiniLM-L6-v2,A_semantic_only,66,196087c93944,"test performance of electrical, electronic, mechanical, or integrated systems or equipment",117,1b45811985d9,5,0.4799197316169739,0.4799197316169739,5.45569372177124,0.0,0.25,0.0,0
/home/jovyan/Joel_Pardo/AI4LABOUR/Mejoras/results_coursera/models/simcse_coursera_hard/sentence-transformers/all-MiniLM-L6-v2,A_semantic_only,66,196087c93944,"test performance of electrical, electronic, mechanical, or integrated systems or equipment",1893,e70f70131331,6,0.44990092515945435,0.44990092515945435,5.104592323303223,0.0,0.25,0.0,0
/home/jovyan/Joel_Pardo/AI4LABOUR/Mejoras/results_coursera/models/simcse_coursera_hard/sentence-transformers/all-MiniLM-L6-v2,A_semantic_only,66,196087c93944,"test performance of electrical, electronic, mechanical, or integrated systems or equipment",2286,d990c7aa3f85,7,0.4134677052497864,0.4134677052497864,4.678467273712158,0.0,0.25,0.0,0
/home/jovyan/Joel_Pardo/AI4LABOUR/Mejoras/results_coursera/models/simcse_coursera_hard/sentence-transformers/all-MiniLM-L6-v2,A_semantic_only,66,196087c93944,"test performance of electrical, electronic, mechanical, or integrated systems or equipment",2908,5ebafb320c0f,8,0.41328632831573486,0.41328632831573486,4.6763458251953125,0.10000000149011612,0.3333333432674408,0.4984024465084076,0
/home/jovyan/Joel_Pardo/AI4LABOUR/Mejoras/results_coursera/models/simcse_coursera_hard/sentence-transformers/all-MiniLM-L6-v2,A_semantic_only,66,196087c93944,"test performance of electrical, electronic, mechanical, or integrated systems or equipment",2216,7f54b0ad802f,9,0.3992738127708435,0.3992738127708435,4.512454986572266,0.1111111119389534,0.25,0.5801742076873779,0
/home/jovyan/Joel_Pardo/AI4LABOUR/Mejoras/results_coursera/models/simcse_coursera_hard/sentence-transformers/all-MiniLM-L6-v2,A_semantic_only,66,196087c93944,"test performance of electrical, electronic, mechanical, or integrated systems or equipment",449,a3d51b184318,10,0.39749521017074585,0.39749521017074585,4.491652011871338,0.0,0.25,0.0,0
/home/jovyan/Joel_Pardo/AI4LABOUR/Mejoras/results_coursera/models/simcse_coursera_hard/sentence-transformers/all-MiniLM-L6-v2,A_semantic_only,67,3574e4789085,coordinate safety or regulatory compliance activities,1602,5ea97cc0076e,1,0.584884762763977,0.584884762763977,7.152068138122559,0.4000000059604645,0.4285714328289032,0.9579766392707825,0
/home/jovyan/Joel_Pardo/AI4LABOUR/Mejoras/results_coursera/models/simcse_coursera_hard/sentence-transformers/all-MiniLM-L6-v2,A_semantic_only,67,3574e4789085,coordinate safety or regulatory compliance activities,3872,4e4ff7039f22,2,0.43875157833099365,0.43875157833099365,5.334320068359375,0.4000000059604645,0.4285714328289032,1.0,0
/home/jovyan/Joel_Pardo/AI4LABOUR/Mejoras/results_coursera/models/simcse_coursera_hard/sentence-transformers/all-MiniLM-L6-v2,A_semantic_only,67,3574e4789085,coordinate safety or regulatory compliance activities,2961,381ff09422ad,3,0.42058056592941284,0.42058056592941284,5.108291149139404,0.20000000298023224,0.2857142984867096,0.5817856192588806,0
/home/jovyan/Joel_Pardo/AI4LABOUR/Mejoras/results_coursera/models/simcse_coursera_hard/sentence-transformers/all-MiniLM-L6-v2,A_semantic_only,67,3574e4789085,coordinate safety or regulatory compliance activities,4866,8e4d0a700359,4,0.4195554554462433,0.4195554554462433,5.095539569854736,0.1666666716337204,0.4285714328289032,0.48633337020874023,0
/home/jovyan/Joel_Pardo/AI4LABOUR/Mejoras/results_coursera/models/simcse_coursera_hard/sentence-transformers/all-MiniLM-L6-v2,A_semantic_only,67,3574e4789085,coordinate safety or regulatory compliance activities,1361,88303ab448fe,5,0.41694527864456177,0.41694527864456177,5.0630717277526855,0.1666666716337204,0.4285714328289032,0.48633337020874023,0
/home/jovyan/Joel_Pardo/AI4LABOUR/Mejoras/results_coursera/models/simcse_coursera_hard/sentence-transformers/all-MiniLM-L6-v2,A_semantic_only,67,3574e4789085,coordinate safety or regulatory compliance activities,3595,8639c05835d2,6,0.4065570831298828,0.4065570831298828,4.9338531494140625,0.1428571492433548,0.5714285969734192,0.4177878797054291,0
/home/jovyan/Joel_Pardo/AI4LABOUR/Mejoras/results_coursera/models/simcse_coursera_hard/sentence-transformers/all-MiniLM-L6-v2,A_semantic_only,67,3574e4789085,coordinate safety or regulatory compliance activities,3904,dc47b60b387f,7,0.3950369954109192,0.3950369954109192,4.790555000305176,0.1666666716337204,0.4285714328289032,0.48633337020874023,0
/home/jovyan/Joel_Pardo/AI4LABOUR/Mejoras/results_coursera/models/simcse_coursera_hard/sentence-transformers/all-MiniLM-L6-v2,A_semantic_only,67,3574e4789085,coordinate safety or regulatory compliance activities,3008,4a7f5683e450,8,0.3940333127975464,0.3940333127975464,4.778069972991943,0.1666666716337204,0.4285714328289032,0.48633337020874023,0
/home/jovyan/Joel_Pardo/AI4LABOUR/Mejoras/results_coursera/models/simcse_coursera_hard/sentence-transformers/all-MiniLM-L6-v2,A_semantic_only,67,3574e4789085,coordinate safety or regulatory compliance activities,2027,25cf50b99247,9,0.38352543115615845,0.38352543115615845,4.64736270904541,0.1428571492433548,0.5714285969734192,0.45388829708099365,0
/home/jovyan/Joel_Pardo/AI4LABOUR/Mejoras/results_coursera/models/simcse_coursera_hard/sentence-transformers/all-MiniLM-L6-v2,A_semantic_only,67,3574e4789085,coordinate safety or regulatory compliance activities,3621,917bf810d271,10,0.37808263301849365,0.37808263301849365,4.579659938812256,0.1428571492433548,0.7142857313156128,0.397818386554718,0
/home/jovyan/Joel_Pardo/AI4LABOUR/Mejoras/results_coursera/models/simcse_coursera_hard/sentence-transformers/all-MiniLM-L6-v2,A_semantic_only,68,7a9450b42a26,document technical design details,4558,7b0342e1d11a,1,0.5473712086677551,0.5473712086677551,6.545565605163574,0.125,0.8333333134651184,0.5899524688720703,0
/home/jovyan/Joel_Pardo/AI4LABOUR/Mejoras/results_coursera/models/simcse_coursera_hard/sentence-transformers/all-MiniLM-L6-v2,A_semantic_only,68,7a9450b42a26,document technical design details,1897,d330010440a6,2,0.4504137933254242,0.4504137933254242,5.36335563659668,0.20000000298023224,0.6000000238418579,0.5437361001968384,0
/home/jovyan/Joel_Pardo/AI4LABOUR/Mejoras/results_coursera/models/simcse_coursera_hard/sentence-transformers/all-MiniLM-L6-v2,A_semantic_only,68,7a9450b42a26,document technical design details,2820,21f64da1e579,3,0.40307968854904175,0.40307968854904175,4.7862067222595215,0.0,0.4000000059604645,0.0,0
/home/jovyan/Joel_Pardo/AI4LABOUR/Mejoras/results_coursera/models/simcse_coursera_hard/sentence-transformers/all-MiniLM-L6-v2,A_semantic_only,68,7a9450b42a26,document technical design details,1702,6b306e6c84b1,4,0.3952997326850891,0.3952997326850891,4.691344738006592,0.0,0.800000011920929,0.0,0
/home/jovyan/Joel_Pardo/AI4LABOUR/Mejoras/results_coursera/models/simcse_coursera_hard/sentence-transformers/all-MiniLM-L6-v2,A_semantic_only,68,7a9450b42a26,document technical design details,3354,76fd13c1a72a,5,0.38345035910606384,0.38345035910606384,4.546864986419678,0.0,0.6000000238418579,0.0,0
/home/jovyan/Joel_Pardo/AI4LABOUR/Mejoras/results_coursera/models/simcse_coursera_hard/sentence-transformers/all-MiniLM-L6-v2,A_semantic_only,68,7a9450b42a26,document technical design details,3251,fb35d872b6ae,6,0.3708140254020691,0.3708140254020691,4.392788410186768,0.0,0.6000000238418579,0.0,0
/home/jovyan/Joel_Pardo/AI4LABOUR/Mejoras/results_coursera/models/simcse_coursera_hard/sentence-transformers/all-MiniLM-L6-v2,A_semantic_only,68,7a9450b42a26,document technical design details,2714,d9855438ae33,7,0.3646586537361145,0.3646586537361145,4.31773567199707,0.20000000298023224,0.6000000238418579,0.5437361001968384,0
/home/jovyan/Joel_Pardo/AI4LABOUR/Mejoras/results_coursera/models/simcse_coursera_hard/sentence-transformers/all-MiniLM-L6-v2,A_semantic_only,68,7a9450b42a26,document technical design details,4025,12c794a0d7a1,8,0.34967634081840515,0.34967634081840515,4.1350555419921875,0.20000000298023224,0.6000000238418579,1.0,0
/home/jovyan/Joel_Pardo/AI4LABOUR/Mejoras/results_coursera/models/simcse_coursera_hard/sentence-transformers/all-MiniLM-L6-v2,A_semantic_only,68,7a9450b42a26,document technical design details,758,077b37efd178,9,0.34166085720062256,0.34166085720062256,4.0373215675354,0.1666666716337204,0.800000011920929,0.8590565323829651,0
/home/jovyan/Joel_Pardo/AI4LABOUR/Mejoras/results_coursera/models/simcse_coursera_hard/sentence-transformers/all-MiniLM-L6-v2,A_semantic_only,68,7a9450b42a26,document technical design details,4620,8b73e570ffc7,10,0.33808648586273193,0.33808648586273193,3.993738889694214,0.20000000298023224,0.6000000238418579,1.0,0
/home/jovyan/Joel_Pardo/AI4LABOUR/Mejoras/results_coursera/models/simcse_coursera_hard/sentence-transformers/all-MiniLM-L6-v2,A_semantic_only,69,636981831618,identify new applications for existing technologies,3062,f992040cf628,1,0.44235002994537354,0.44235002994537354,5.620237827301025,0.0,0.4285714328289032,0.0,0
/home/jovyan/Joel_Pardo/AI4LABOUR/Mejoras/results_coursera/models/simcse_coursera_hard/sentence-transformers/all-MiniLM-L6-v2,A_semantic_only,69,636981831618,identify new applications for existing technologies,47,b9241dcb1d13,2,0.3884231448173523,0.3884231448173523,4.945440292358398,0.1666666716337204,0.4285714328289032,0.7958503365516663,0
/home/jovyan/Joel_Pardo/AI4LABOUR/Mejoras/results_coursera/models/simcse_coursera_hard/sentence-transformers/all-MiniLM-L6-v2,A_semantic_only,69,636981831618,identify new applications for existing technologies,2581,40cb7c84e4c0,3,0.3772335648536682,0.3772335648536682,4.805423259735107,0.1666666716337204,0.4285714328289032,0.7958503365516663,0
/home/jovyan/Joel_Pardo/AI4LABOUR/Mejoras/results_coursera/models/simcse_coursera_hard/sentence-transformers/all-MiniLM-L6-v2,A_semantic_only,69,636981831618,identify new applications for existing technologies,2860,2f1aa5fd65c3,4,0.3735350966453552,0.3735350966453552,4.759143352508545,0.1666666716337204,0.4285714328289032,0.7958503365516663,0
/home/jovyan/Joel_Pardo/AI4LABOUR/Mejoras/results_coursera/models/simcse_coursera_hard/sentence-transformers/all-MiniLM-L6-v2,A_semantic_only,69,636981831618,identify new applications for existing technologies,4282,b462239f8295,5,0.37343618273735046,0.37343618273735046,4.757905960083008,0.125,0.8571428656578064,1.0,0
/home/jovyan/Joel_Pardo/AI4LABOUR/Mejoras/results_coursera/models/simcse_coursera_hard/sentence-transformers/all-MiniLM-L6-v2,A_semantic_only,69,636981831618,identify new applications for existing technologies,640,52ceaed184a1,6,0.37225061655044556,0.37225061655044556,4.743070602416992,0.1666666716337204,0.4285714328289032,0.7958503365516663,0
/home/jovyan/Joel_Pardo/AI4LABOUR/Mejoras/results_coursera/models/simcse_coursera_hard/sentence-transformers/all-MiniLM-L6-v2,A_semantic_only,69,636981831618,identify new applications for existing technologies,2813,0b516df2a352,7,0.3683607578277588,0.3683607578277588,4.694396018981934,0.1666666716337204,0.4285714328289032,0.7958503365516663,0
/home/jovyan/Joel_Pardo/AI4LABOUR/Mejoras/results_coursera/models/simcse_coursera_hard/sentence-transformers/all-MiniLM-L6-v2,A_semantic_only,69,636981831618,identify new applications for existing technologies,241,2f17e8191a28,8,0.3432421386241913,0.3432421386241913,4.380082130432129,0.1666666716337204,0.4285714328289032,0.7958503365516663,0
/home/jovyan/Joel_Pardo/AI4LABOUR/Mejoras/results_coursera/models/simcse_coursera_hard/sentence-transformers/all-MiniLM-L6-v2,A_semantic_only,69,636981831618,identify new applications for existing technologies,2278,6f4fc391d1eb,9,0.3316827714443207,0.3316827714443207,4.235437393188477,0.1666666716337204,0.4285714328289032,0.7958503365516663,0
/home/jovyan/Joel_Pardo/AI4LABOUR/Mejoras/results_coursera/models/simcse_coursera_hard/sentence-transformers/all-MiniLM-L6-v2,A_semantic_only,69,636981831618,identify new applications for existing technologies,3521,fb1f65dabb92,10,0.3293328285217285,0.3293328285217285,4.2060322761535645,0.1428571492433548,0.5714285969734192,0.6632022261619568,0
/home/jovyan/Joel_Pardo/AI4LABOUR/Mejoras/results_coursera/models/simcse_coursera_hard/sentence-transformers/all-MiniLM-L6-v2,A_semantic_only,70,d5bb4574fc4d,design electronic or computer equipment or instrumentation,2304,4a96d68a92ef,1,0.4700869023799896,0.4700869023799896,5.267756462097168,0.1428571492433548,0.5,0.8205423951148987,0
/home/jovyan/Joel_Pardo/AI4LABOUR/Mejoras/results_coursera/models/simcse_coursera_hard/sentence-transformers/all-MiniLM-L6-v2,A_semantic_only,70,d5bb4574fc4d,design electronic or computer equipment or instrumentation,4412,a558f59f975e,2,0.39952605962753296,0.39952605962753296,4.452735424041748,0.1428571492433548,0.625,0.3910435140132904,0
/home/jovyan/Joel_Pardo/AI4LABOUR/Mejoras/results_coursera/models/simcse_coursera_hard/sentence-transformers/all-MiniLM-L6-v2,A_semantic_only,70,d5bb4574fc4d,design electronic or computer equipment or instrumentation,937,43b6a406ef58,3,0.3944258987903595,0.3944258987903595,4.393825531005859,0.0,0.625,0.0,0
/home/jovyan/Joel_Pardo/AI4LABOUR/Mejoras/results_coursera/models/simcse_coursera_hard/sentence-transformers/all-MiniLM-L6-v2,A_semantic_only,70,d5bb4574fc4d,design electronic or computer equipment or instrumentation,2954,ac7c53dd8469,4,0.3879954218864441,0.3879954218864441,4.319549560546875,0.1666666716337204,0.375,0.51935875415802,0
/home/jovyan/Joel_Pardo/AI4LABOUR/Mejoras/results_coursera/models/simcse_coursera_hard/sentence-transformers/all-MiniLM-L6-v2,A_semantic_only,70,d5bb4574fc4d,design electronic or computer equipment or instrumentation,4729,1d83ab47ce3e,5,0.3801855444908142,0.3801855444908142,4.229340553283691,0.1666666716337204,0.375,0.51935875415802,0
/home/jovyan/Joel_Pardo/AI4LABOUR/Mejoras/results_coursera/models/simcse_coursera_hard/sentence-transformers/all-MiniLM-L6-v2,A_semantic_only,70,d5bb4574fc4d,design electronic or computer equipment or instrumentation,1841,e649d3f24f2b,6,0.3692769408226013,0.3692769408226013,4.103339672088623,0.1428571492433548,0.5,0.4461585581302643,0
/home/jovyan/Joel_Pardo/AI4LABOUR/Mejoras/results_coursera/models/simcse_coursera_hard/sentence-transformers/all-MiniLM-L6-v2,A_semantic_only,70,d5bb4574fc4d,design electronic or computer equipment or instrumentation,4239,3d1378512395,7,0.3451119065284729,0.3451119065284729,3.82421875,0.0,0.375,0.0,0
/home/jovyan/Joel_Pardo/AI4LABOUR/Mejoras/results_coursera/models/simcse_coursera_hard/sentence-transformers/all-MiniLM-L6-v2,A_semantic_only,70,d5bb4574fc4d,design electronic or computer equipment or instrumentation,3873,09a84053a60b,8,0.3448989987373352,0.3448989987373352,3.8217594623565674,0.1428571492433548,0.5,0.4461585581302643,0
/home/jovyan/Joel_Pardo/AI4LABOUR/Mejoras/results_coursera/models/simcse_coursera_hard/sentence-transformers/all-MiniLM-L6-v2,A_semantic_only,70,d5bb4574fc4d,design electronic or computer equipment or instrumentation,215,f3e87868bbce,9,0.3424398899078369,0.3424398899078369,3.7933552265167236,0.1428571492433548,0.5,0.8205423951148987,0
/home/jovyan/Joel_Pardo/AI4LABOUR/Mejoras/results_coursera/models/simcse_coursera_hard/sentence-transformers/all-MiniLM-L6-v2,A_semantic_only,70,d5bb4574fc4d,design electronic or computer equipment or instrumentation,1754,91ad876917eb,10,0.32277625799179077,0.32277625799179077,3.5662283897399902,0.0,0.375,0.0,0
/home/jovyan/Joel_Pardo/AI4LABOUR/Mejoras/results_coursera/models/simcse_coursera_hard/sentence-transformers/all-MiniLM-L6-v2,A_semantic_only,71,1cb040da80f9,evaluate plans or specifications to determine technological or environmental implications,2301,6d7d5c1c49a4,1,0.4863603711128235,0.4863603711128235,5.114046573638916,0.0,0.9166666865348816,0.0,0
/home/jovyan/Joel_Pardo/AI4LABOUR/Mejoras/results_coursera/models/simcse_coursera_hard/sentence-transformers/all-MiniLM-L6-v2,A_semantic_only,71,1cb040da80f9,evaluate plans or specifications to determine technological or environmental implications,2999,a4a640d71221,2,0.4721846580505371,0.4721846580505371,4.965689182281494,0.1111111119389534,0.3636363744735718,0.6782175898551941,0
/home/jovyan/Joel_Pardo/AI4LABOUR/Mejoras/results_coursera/models/simcse_coursera_hard/sentence-transformers/all-MiniLM-L6-v2,A_semantic_only,71,1cb040da80f9,evaluate plans or specifications to determine technological or environmental implications,2027,25cf50b99247,3,0.42920029163360596,0.42920029163360596,4.515831470489502,0.0,0.3636363744735718,0.0,0
/home/jovyan/Joel_Pardo/AI4LABOUR/Mejoras/results_coursera/models/simcse_coursera_hard/sentence-transformers/all-MiniLM-L6-v2,A_semantic_only,71,1cb040da80f9,evaluate plans or specifications to determine technological or environmental implications,4247,310c23fd2d02,4,0.4104962944984436,0.4104962944984436,4.320082664489746,0.10000000149011612,0.5454545617103577,0.5290775299072266,0
/home/jovyan/Joel_Pardo/AI4LABOUR/Mejoras/results_coursera/models/simcse_coursera_hard/sentence-transformers/all-MiniLM-L6-v2,A_semantic_only,71,1cb040da80f9,evaluate plans or specifications to determine technological or environmental implications,5207,e7b5a7f54463,5,0.3826752305030823,0.3826752305030823,4.028918266296387,0.0,0.4545454680919647,0.0,0
/home/jovyan/Joel_Pardo/AI4LABOUR/Mejoras/results_coursera/models/simcse_coursera_hard/sentence-transformers/all-MiniLM-L6-v2,A_semantic_only,71,1cb040da80f9,evaluate plans or specifications to determine technological or environmental implications,4311,dad8075f10c2,6,0.37632906436920166,0.37632906436920166,3.9625015258789062,0.0,0.6363636255264282,0.0,0
/home/jovyan/Joel_Pardo/AI4LABOUR/Mejoras/results_coursera/models/simcse_coursera_hard/sentence-transformers/all-MiniLM-L6-v2,A_semantic_only,71,1cb040da80f9,evaluate plans or specifications to determine technological or environmental implications,4561,7dbb7909a0ac,7,0.3762769103050232,0.3762769103050232,3.9619557857513428,0.0,0.5454545617103577,0.0,0
/home/jovyan/Joel_Pardo/AI4LABOUR/Mejoras/results_coursera/models/simcse_coursera_hard/sentence-transformers/all-MiniLM-L6-v2,A_semantic_only,71,1cb040da80f9,evaluate plans or specifications to determine technological or environmental implications,5020,d5543f5402aa,8,0.3726234436035156,0.3726234436035156,3.923719882965088,0.125,0.27272728085517883,0.7894912362098694,0
/home/jovyan/Joel_Pardo/AI4LABOUR/Mejoras/results_coursera/models/simcse_coursera_hard/sentence-transformers/all-MiniLM-L6-v2,A_semantic_only,71,1cb040da80f9,evaluate plans or specifications to determine technological or environmental implications,4507,4308d262ba90,9,0.36795538663864136,0.36795538663864136,3.874865770339966,0.09090909361839294,0.5454545617103577,0.6486372947692871,0
/home/jovyan/Joel_Pardo/AI4LABOUR/Mejoras/results_coursera/models/simcse_coursera_hard/sentence-transformers/all-MiniLM-L6-v2,A_semantic_only,71,1cb040da80f9,evaluate plans or specifications to determine technological or environmental implications,2300,754666b07e71,10,0.36694565415382385,0.36694565415382385,3.8642983436584473,0.0714285746216774,0.7857142686843872,0.3450932800769806,0
/home/jovyan/Joel_Pardo/AI4LABOUR/Mejoras/results_coursera/models/simcse_coursera_hard/sentence-transformers/all-MiniLM-L6-v2,A_semantic_only,72,91e3b64a6f04,advise others regarding green practices or environmental concerns,4247,310c23fd2d02,1,0.5367038249969482,0.5367038249969482,6.996759414672852,0.2222222238779068,0.6666666865348816,1.0,0
/home/jovyan/Joel_Pardo/AI4LABOUR/Mejoras/results_coursera/models/simcse_coursera_hard/sentence-transformers/all-MiniLM-L6-v2,A_semantic_only,72,91e3b64a6f04,advise others regarding green practices or environmental concerns,1374,ff91e5a07d45,2,0.3766942620277405,0.3766942620277405,4.901619911193848,0.125,0.3333333432674408,0.6703585386276245,0
/home/jovyan/Joel_Pardo/AI4LABOUR/Mejoras/results_coursera/models/simcse_coursera_hard/sentence-transformers/all-MiniLM-L6-v2,A_semantic_only,72,91e3b64a6f04,advise others regarding green practices or environmental concerns,360,a6832284ad57,3,0.3602757751941681,0.3602757751941681,4.686638832092285,0.0,0.5555555820465088,0.0,0
/home/jovyan/Joel_Pardo/AI4LABOUR/Mejoras/results_coursera/models/simcse_coursera_hard/sentence-transformers/all-MiniLM-L6-v2,A_semantic_only,72,91e3b64a6f04,advise others regarding green practices or environmental concerns,2387,40e62b2fd836,4,0.3532603979110718,0.3532603979110718,4.594780445098877,0.125,0.3333333432674408,0.6703585386276245,0
/home/jovyan/Joel_Pardo/AI4LABOUR/Mejoras/results_coursera/models/simcse_coursera_hard/sentence-transformers/all-MiniLM-L6-v2,A_semantic_only,72,91e3b64a6f04,advise others regarding green practices or environmental concerns,2964,697193704b54,5,0.3462820053100586,0.3462820053100586,4.503406524658203,0.125,0.3333333432674408,0.7097917199134827,0
/home/jovyan/Joel_Pardo/AI4LABOUR/Mejoras/results_coursera/models/simcse_coursera_hard/sentence-transformers/all-MiniLM-L6-v2,A_semantic_only,72,91e3b64a6f04,advise others regarding green practices or environmental concerns,4093,94a2e56a2ee9,6,0.3438413441181183,0.3438413441181183,4.47144889831543,0.1111111119389534,0.4444444477558136,0.6097512245178223,0
/home/jovyan/Joel_Pardo/AI4LABOUR/Mejoras/results_coursera/models/simcse_coursera_hard/sentence-transformers/all-MiniLM-L6-v2,A_semantic_only,72,91e3b64a6f04,advise others regarding green practices or environmental concerns,4868,4d414f6fd118,7,0.34329450130462646,0.34329450130462646,4.464288711547852,0.125,0.3333333432674408,0.7222732305526733,0
/home/jovyan/Joel_Pardo/AI4LABOUR/Mejoras/results_coursera/models/simcse_coursera_hard/sentence-transformers/all-MiniLM-L6-v2,A_semantic_only,72,91e3b64a6f04,advise others regarding green practices or environmental concerns,2408,1ff03df31f34,8,0.3327866792678833,0.3327866792678833,4.3267011642456055,0.1111111119389534,0.4444444477558136,0.6204735636711121,0
/home/jovyan/Joel_Pardo/AI4LABOUR/Mejoras/results_coursera/models/simcse_coursera_hard/sentence-transformers/all-MiniLM-L6-v2,A_semantic_only,72,91e3b64a6f04,advise others regarding green practices or environmental concerns,3802,53580bf7ebf9,9,0.3241576850414276,0.3241576850414276,4.213714599609375,0.125,0.3333333432674408,0.7222732305526733,0
/home/jovyan/Joel_Pardo/AI4LABOUR/Mejoras/results_coursera/models/simcse_coursera_hard/sentence-transformers/all-MiniLM-L6-v2,A_semantic_only,72,91e3b64a6f04,advise others regarding green practices or environmental concerns,4311,dad8075f10c2,10,0.32244110107421875,0.32244110107421875,4.191237926483154,0.10000000149011612,0.7777777910232544,0.4962018132209778,0
/home/jovyan/Joel_Pardo/AI4LABOUR/Mejoras/results_coursera/models/simcse_coursera_hard/sentence-transformers/all-MiniLM-L6-v2,A_semantic_only,73,a40c650a049f,"select tools, equipment, or technologies for use in operations or projects",4716,8c1a0bd04eb9,1,0.44138357043266296,0.44138357043266296,5.6369147300720215,0.09090909361839294,0.5833333134651184,0.48108789324760437,0
/home/jovyan/Joel_Pardo/AI4LABOUR/Mejoras/results_coursera/models/simcse_coursera_hard/sentence-transformers/all-MiniLM-L6-v2,A_semantic_only,73,a40c650a049f,"select tools, equipment, or technologies for use in operations or projects",4342,2ee8e7421336,2,0.43073126673698425,0.43073126673698425,5.5044121742248535,0.0,0.3333333432674408,0.0,0
/home/jovyan/Joel_Pardo/AI4LABOUR/Mejoras/results_coursera/models/simcse_coursera_hard/sentence-transformers/all-MiniLM-L6-v2,A_semantic_only,73,a40c650a049f,"select tools, equipment, or technologies for use in operations or projects",4397,0d172d11594e,3,0.3855152428150177,0.3855152428150177,4.941976547241211,0.125,0.25,0.7968118786811829,0
/home/jovyan/Joel_Pardo/AI4LABOUR/Mejoras/results_coursera/models/simcse_coursera_hard/sentence-transformers/all-MiniLM-L6-v2,A_semantic_only,73,a40c650a049f,"select tools, equipment, or technologies for use in operations or projects",2382,2c9191489a0d,4,0.35334518551826477,0.35334518551826477,4.541817665100098,0.13333334028720856,0.800000011920929,0.49494311213493347,0
/home/jovyan/Joel_Pardo/AI4LABOUR/Mejoras/results_coursera/models/simcse_coursera_hard/sentence-transformers/all-MiniLM-L6-v2,A_semantic_only,73,a40c650a049f,"select tools, equipment, or technologies for use in operations or projects",4364,746adc3ce663,5,0.34182778000831604,0.34182778000831604,4.39855432510376,0.125,0.25,0.7968118786811829,0
/home/jovyan/Joel_Pardo/AI4LABOUR/Mejoras/results_coursera/models/simcse_coursera_hard/sentence-transformers/all-MiniLM-L6-v2,A_semantic_only,73,a40c650a049f,"select tools, equipment, or technologies for use in operations or projects",4415,859f5dcf8041,6,0.33993399143218994,0.33993399143218994,4.374997615814209,0.0714285746216774,0.9230769276618958,0.504321277141571,0
/home/jovyan/Joel_Pardo/AI4LABOUR/Mejoras/results_coursera/models/simcse_coursera_hard/sentence-transformers/all-MiniLM-L6-v2,A_semantic_only,73,a40c650a049f,"select tools, equipment, or technologies for use in operations or projects",3480,25cde7ea7caa,7,0.33402174711227417,0.33402174711227417,4.301455974578857,0.125,0.25,0.7968118786811829,0
/home/jovyan/Joel_Pardo/AI4LABOUR/Mejoras/results_coursera/models/simcse_coursera_hard/sentence-transformers/all-MiniLM-L6-v2,A_semantic_only,73,a40c650a049f,"select tools, equipment, or technologies for use in operations or projects",1913,84391ee87d7c,8,0.33174997568130493,0.33174997568130493,4.273198127746582,0.1111111119389534,0.3333333432674408,0.6845064759254456,0
/home/jovyan/Joel_Pardo/AI4LABOUR/Mejoras/results_coursera/models/simcse_coursera_hard/sentence-transformers/all-MiniLM-L6-v2,A_semantic_only,73,a40c650a049f,"select tools, equipment, or technologies for use in operations or projects",4501,7e31f9e44f69,9,0.32837650179862976,0.32837650179862976,4.231235980987549,0.0833333358168602,0.8333333134651184,0.3130508065223694,0
/home/jovyan/Joel_Pardo/AI4LABOUR/Mejoras/results_coursera/models/simcse_coursera_hard/sentence-transformers/all-MiniLM-L6-v2,A_semantic_only,73,a40c650a049f,"select tools, equipment, or technologies for use in operations or projects",3477,3f64988b53ad,10,0.3244955539703369,0.3244955539703369,4.182961463928223,0.125,0.25,1.0,0
/home/jovyan/Joel_Pardo/AI4LABOUR/Mejoras/results_coursera/models/simcse_coursera_hard/sentence-transformers/all-MiniLM-L6-v2,A_semantic_only,74,318da22b73fb,install production equipment or systems,2091,15510201a5af,1,0.4251090884208679,0.4251090884208679,5.484189510345459,0.0,0.5,0.0,0
/home/jovyan/Joel_Pardo/AI4LABOUR/Mejoras/results_coursera/models/simcse_coursera_hard/sentence-transformers/all-MiniLM-L6-v2,A_semantic_only,74,318da22b73fb,install production equipment or systems,4993,36ac737cbc98,2,0.3754573166370392,0.3754573166370392,4.842157363891602,0.20000000298023224,0.5,0.8313600420951843,0
/home/jovyan/Joel_Pardo/AI4LABOUR/Mejoras/results_coursera/models/simcse_coursera_hard/sentence-transformers/all-MiniLM-L6-v2,A_semantic_only,74,318da22b73fb,install production equipment or systems,3453,3043072f29b7,3,0.36922895908355713,0.36922895908355713,4.76162052154541,0.1666666716337204,0.6666666865348816,0.545514702796936,0
/home/jovyan/Joel_Pardo/AI4LABOUR/Mejoras/results_coursera/models/simcse_coursera_hard/sentence-transformers/all-MiniLM-L6-v2,A_semantic_only,74,318da22b73fb,install production equipment or systems,2337,421e3510a425,4,0.33526700735092163,0.33526700735092163,4.3224687576293945,0.0,1.0,0.0,0
/home/jovyan/Joel_Pardo/AI4LABOUR/Mejoras/results_coursera/models/simcse_coursera_hard/sentence-transformers/all-MiniLM-L6-v2,A_semantic_only,74,318da22b73fb,install production equipment or systems,937,43b6a406ef58,5,0.3337806463241577,0.3337806463241577,4.303248882293701,0.0,0.8333333134651184,0.0,0
/home/jovyan/Joel_Pardo/AI4LABOUR/Mejoras/results_coursera/models/simcse_coursera_hard/sentence-transformers/all-MiniLM-L6-v2,A_semantic_only,74,318da22b73fb,install production equipment or systems,2690,7cdbf2771715,6,0.31996381282806396,0.31996381282806396,4.124587535858154,0.1666666716337204,0.6666666865348816,0.545514702796936,0
/home/jovyan/Joel_Pardo/AI4LABOUR/Mejoras/results_coursera/models/simcse_coursera_hard/sentence-transformers/all-MiniLM-L6-v2,A_semantic_only,74,318da22b73fb,install production equipment or systems,2532,046df5a4594b,7,0.3187794089317322,0.3187794089317322,4.109272480010986,0.20000000298023224,0.5,0.8313600420951843,0
/home/jovyan/Joel_Pardo/AI4LABOUR/Mejoras/results_coursera/models/simcse_coursera_hard/sentence-transformers/all-MiniLM-L6-v2,A_semantic_only,74,318da22b73fb,install production equipment or systems,4872,5150d3180cba,8,0.308035671710968,0.308035671710968,3.970348596572876,0.20000000298023224,0.5,0.6350160837173462,0
/home/jovyan/Joel_Pardo/AI4LABOUR/Mejoras/results_coursera/models/simcse_coursera_hard/sentence-transformers/all-MiniLM-L6-v2,A_semantic_only,74,318da22b73fb,install production equipment or systems,215,f3e87868bbce,9,0.30798113346099854,0.30798113346099854,3.9696433544158936,0.0,0.6666666865348816,0.0,0
/home/jovyan/Joel_Pardo/AI4LABOUR/Mejoras/results_coursera/models/simcse_coursera_hard/sentence-transformers/all-MiniLM-L6-v2,A_semantic_only,74,318da22b73fb,install production equipment or systems,1705,53b592783e35,10,0.30715543031692505,0.30715543031692505,3.9589662551879883,0.0,0.8333333134651184,0.0,0
/home/jovyan/Joel_Pardo/AI4LABOUR/Mejoras/results_coursera/models/simcse_coursera_hard/sentence-transformers/all-MiniLM-L6-v2,A_semantic_only,75,f634ee56b726,design industrial equipment,107,20be59e19f80,1,0.48784491419792175,0.48784491419792175,6.215513706207275,0.25,0.75,1.0,0
/home/jovyan/Joel_Pardo/AI4LABOUR/Mejoras/results_coursera/models/simcse_coursera_hard/sentence-transformers/all-MiniLM-L6-v2,A_semantic_only,75,f634ee56b726,design industrial equipment,1268,41400dedd9f3,2,0.4173676371574402,0.4173676371574402,5.3033576011657715,0.25,1.0,0.38327541947364807,0
/home/jovyan/Joel_Pardo/AI4LABOUR/Mejoras/results_coursera/models/simcse_coursera_hard/sentence-transformers/all-MiniLM-L6-v2,A_semantic_only,75,f634ee56b726,design industrial equipment,4412,a558f59f975e,3,0.3986801505088806,0.3986801505088806,5.061493873596191,0.20000000298023224,0.800000011920929,0.3359284996986389,0
/home/jovyan/Joel_Pardo/AI4LABOUR/Mejoras/results_coursera/models/simcse_coursera_hard/sentence-transformers/all-MiniLM-L6-v2,A_semantic_only,75,f634ee56b726,design industrial equipment,3634,6325bb850f9d,4,0.3916493058204651,0.3916493058204651,4.970497131347656,0.20000000298023224,1.0,0.38327541947364807,0
/home/jovyan/Joel_Pardo/AI4LABOUR/Mejoras/results_coursera/models/simcse_coursera_hard/sentence-transformers/all-MiniLM-L6-v2,A_semantic_only,75,f634ee56b726,design industrial equipment,3663,9b1383e434a5,5,0.3831174969673157,0.3831174969673157,4.860073566436768,0.20000000298023224,0.800000011920929,0.3359284996986389,0
/home/jovyan/Joel_Pardo/AI4LABOUR/Mejoras/results_coursera/models/simcse_coursera_hard/sentence-transformers/all-MiniLM-L6-v2,A_semantic_only,75,f634ee56b726,design industrial equipment,3873,09a84053a60b,6,0.38145607709884644,0.38145607709884644,4.838570594787598,0.20000000298023224,1.0,0.38327541947364807,0
/home/jovyan/Joel_Pardo/AI4LABOUR/Mejoras/results_coursera/models/simcse_coursera_hard/sentence-transformers/all-MiniLM-L6-v2,A_semantic_only,75,f634ee56b726,design industrial equipment,4729,1d83ab47ce3e,7,0.37238404154777527,0.37238404154777527,4.721155166625977,0.25,0.75,0.4461585581302643,0
/home/jovyan/Joel_Pardo/AI4LABOUR/Mejoras/results_coursera/models/simcse_coursera_hard/sentence-transformers/all-MiniLM-L6-v2,A_semantic_only,75,f634ee56b726,design industrial equipment,937,43b6a406ef58,8,0.3568444550037384,0.3568444550037384,4.520033359527588,0.0,0.800000011920929,0.0,0
/home/jovyan/Joel_Pardo/AI4LABOUR/Mejoras/results_coursera/models/simcse_coursera_hard/sentence-transformers/all-MiniLM-L6-v2,A_semantic_only,75,f634ee56b726,design industrial equipment,2117,541d0acdc4f9,9,0.3532445430755615,0.3532445430755615,4.473441123962402,0.1666666716337204,0.6666666865348816,0.4441549479961395,0
/home/jovyan/Joel_Pardo/AI4LABOUR/Mejoras/results_coursera/models/simcse_coursera_hard/sentence-transformers/all-MiniLM-L6-v2,A_semantic_only,75,f634ee56b726,design industrial equipment,733,813e418f098e,10,0.3519896864891052,0.3519896864891052,4.457200050354004,0.25,0.75,0.4461585581302643,0
/home/jovyan/Joel_Pardo/AI4LABOUR/Mejoras/results_coursera/models/simcse_coursera_hard/sentence-transformers/all-MiniLM-L6-v2,A_semantic_only,76,298036041aa4,"investigate system, equipment, or product failures",1709,b543014bbb0e,1,0.43791598081588745,0.43791598081588745,5.253999710083008,0.0,0.4285714328289032,0.0,0
/home/jovyan/Joel_Pardo/AI4LABOUR/Mejoras/results_coursera/models/simcse_coursera_hard/sentence-transformers/all-MiniLM-L6-v2,A_semantic_only,76,298036041aa4,"investigate system, equipment, or product failures",3980,dc0ebdffa052,2,0.426626980304718,0.426626980304718,5.116934776306152,0.1666666716337204,0.4285714328289032,0.660297155380249,0
/home/jovyan/Joel_Pardo/AI4LABOUR/Mejoras/results_coursera/models/simcse_coursera_hard/sentence-transformers/all-MiniLM-L6-v2,A_semantic_only,76,298036041aa4,"investigate system, equipment, or product failures",1892,ca6117ea05ac,3,0.41546136140823364,0.41546136140823364,4.981367588043213,0.1666666716337204,0.4285714328289032,0.660297155380249,0
/home/jovyan/Joel_Pardo/AI4LABOUR/Mejoras/results_coursera/models/simcse_coursera_hard/sentence-transformers/all-MiniLM-L6-v2,A_semantic_only,76,298036041aa4,"investigate system, equipment, or product failures",3389,8b5982aeea2d,4,0.400065541267395,0.400065541267395,4.794440269470215,0.0,0.4285714328289032,0.0,0
/home/jovyan/Joel_Pardo/AI4LABOUR/Mejoras/results_coursera/models/simcse_coursera_hard/sentence-transformers/all-MiniLM-L6-v2,A_semantic_only,76,298036041aa4,"investigate system, equipment, or product failures",1606,3e05f4af41d8,5,0.39530760049819946,0.39530760049819946,4.7366719245910645,0.0,0.4285714328289032,0.0,0
/home/jovyan/Joel_Pardo/AI4LABOUR/Mejoras/results_coursera/models/simcse_coursera_hard/sentence-transformers/all-MiniLM-L6-v2,A_semantic_only,76,298036041aa4,"investigate system, equipment, or product failures",4435,4ac0fab7ab75,6,0.38792651891708374,0.38792651891708374,4.647054672241211,0.1666666716337204,0.4285714328289032,0.660297155380249,0
/home/jovyan/Joel_Pardo/AI4LABOUR/Mejoras/results_coursera/models/simcse_coursera_hard/sentence-transformers/all-MiniLM-L6-v2,A_semantic_only,76,298036041aa4,"investigate system, equipment, or product failures",1452,41db1b32b4b9,7,0.3805273473262787,0.3805273473262787,4.557218074798584,0.0,0.7142857313156128,0.0,0
/home/jovyan/Joel_Pardo/AI4LABOUR/Mejoras/results_coursera/models/simcse_coursera_hard/sentence-transformers/all-MiniLM-L6-v2,A_semantic_only,76,298036041aa4,"investigate system, equipment, or product failures",937,43b6a406ef58,8,0.3696526288986206,0.3696526288986206,4.425182819366455,0.0,0.7142857313156128,0.0,0
/home/jovyan/Joel_Pardo/AI4LABOUR/Mejoras/results_coursera/models/simcse_coursera_hard/sentence-transformers/all-MiniLM-L6-v2,A_semantic_only,76,298036041aa4,"investigate system, equipment, or product failures",3707,ae14f32b277d,9,0.3688850998878479,0.3688850998878479,4.415863990783691,0.0,0.875,0.0,0
/home/jovyan/Joel_Pardo/AI4LABOUR/Mejoras/results_coursera/models/simcse_coursera_hard/sentence-transformers/all-MiniLM-L6-v2,A_semantic_only,76,298036041aa4,"investigate system, equipment, or product failures",3516,afe8a26918ff,10,0.3653624653816223,0.3653624653816223,4.373094081878662,0.0,0.7142857313156128,0.0,0
/home/jovyan/Joel_Pardo/AI4LABOUR/Mejoras/results_coursera/models/simcse_coursera_hard/sentence-transformers/all-MiniLM-L6-v2,A_semantic_only,77,9b108680399f,prepare proposal documents,4311,dad8075f10c2,1,0.4665048122406006,0.4665048122406006,6.056346893310547,0.1666666716337204,0.5714285969734192,0.5047074556350708,0
/home/jovyan/Joel_Pardo/AI4LABOUR/Mejoras/results_coursera/models/simcse_coursera_hard/sentence-transformers/all-MiniLM-L6-v2,A_semantic_only,77,9b108680399f,prepare proposal documents,4590,5d45850c5baa,2,0.42791685461997986,0.42791685461997986,5.562106132507324,0.25,0.75,0.8359322547912598,0
/home/jovyan/Joel_Pardo/AI4LABOUR/Mejoras/results_coursera/models/simcse_coursera_hard/sentence-transformers/all-MiniLM-L6-v2,A_semantic_only,77,9b108680399f,prepare proposal documents,3782,0d6b3a3f8dee,3,0.42760929465293884,0.42760929465293884,5.558166980743408,0.1666666716337204,0.4444444477558136,0.45626100897789,0
/home/jovyan/Joel_Pardo/AI4LABOUR/Mejoras/results_coursera/models/simcse_coursera_hard/sentence-transformers/all-MiniLM-L6-v2,A_semantic_only,77,9b108680399f,prepare proposal documents,2820,21f64da1e579,4,0.3948497474193573,0.3948497474193573,5.138576984405518,0.3333333432674408,0.5,1.0,0
/home/jovyan/Joel_Pardo/AI4LABOUR/Mejoras/results_coursera/models/simcse_coursera_hard/sentence-transformers/all-MiniLM-L6-v2,A_semantic_only,77,9b108680399f,prepare proposal documents,855,834fcfea4206,5,0.3888571262359619,0.3888571262359619,5.061822414398193,0.0,0.75,0.0,0
/home/jovyan/Joel_Pardo/AI4LABOUR/Mejoras/results_coursera/models/simcse_coursera_hard/sentence-transformers/all-MiniLM-L6-v2,A_semantic_only,77,9b108680399f,prepare proposal documents,3331,bd1098fcfc05,6,0.387169748544693,0.387169748544693,5.040210247039795,0.0,1.0,0.0,0
/home/jovyan/Joel_Pardo/AI4LABOUR/Mejoras/results_coursera/models/simcse_coursera_hard/sentence-transformers/all-MiniLM-L6-v2,A_semantic_only,77,9b108680399f,prepare proposal documents,2489,0b71467e6421,7,0.38358074426651,0.38358074426651,4.994241714477539,0.0,0.75,0.0,0
/home/jovyan/Joel_Pardo/AI4LABOUR/Mejoras/results_coursera/models/simcse_coursera_hard/sentence-transformers/all-MiniLM-L6-v2,A_semantic_only,77,9b108680399f,prepare proposal documents,2090,50716537594e,8,0.36657193303108215,0.36657193303108215,4.776390075683594,0.0,0.75,0.0,0
/home/jovyan/Joel_Pardo/AI4LABOUR/Mejoras/results_coursera/models/simcse_coursera_hard/sentence-transformers/all-MiniLM-L6-v2,A_semantic_only,77,9b108680399f,prepare proposal documents,4594,432b2439a32a,9,0.360329806804657,0.360329806804657,4.69644021987915,0.0,0.75,0.0,0
/home/jovyan/Joel_Pardo/AI4LABOUR/Mejoras/results_coursera/models/simcse_coursera_hard/sentence-transformers/all-MiniLM-L6-v2,A_semantic_only,77,9b108680399f,prepare proposal documents,226,7e56613a2ebc,10,0.3596179485321045,0.3596179485321045,4.687322616577148,0.1666666716337204,0.6666666865348816,0.560200035572052,0
/home/jovyan/Joel_Pardo/AI4LABOUR/Mejoras/results_coursera/models/simcse_coursera_hard/sentence-transformers/all-MiniLM-L6-v2,A_semantic_only,78,98d9410b9c2c,supervise production or support personnel,1558,13b789b8dcd6,1,0.47153228521347046,0.47153228521347046,6.096115589141846,0.0,0.3333333432674408,0.0,0
/home/jovyan/Joel_Pardo/AI4LABOUR/Mejoras/results_coursera/models/simcse_coursera_hard/sentence-transformers/all-MiniLM-L6-v2,A_semantic_only,78,98d9410b9c2c,supervise production or support personnel,67,13b806836f86,2,0.37565740942955017,0.37565740942955017,4.884876251220703,0.20000000298023224,0.5,0.7141852974891663,0
/home/jovyan/Joel_Pardo/AI4LABOUR/Mejoras/results_coursera/models/simcse_coursera_hard/sentence-transformers/all-MiniLM-L6-v2,A_semantic_only,78,98d9410b9c2c,supervise production or support personnel,4848,fa8a9d937f48,3,0.3680492043495178,0.3680492043495178,4.78875732421875,0.20000000298023224,0.5,0.7141852974891663,0
/home/jovyan/Joel_Pardo/AI4LABOUR/Mejoras/results_coursera/models/simcse_coursera_hard/sentence-transformers/all-MiniLM-L6-v2,A_semantic_only,78,98d9410b9c2c,supervise production or support personnel,2532,046df5a4594b,4,0.3610271215438843,0.3610271215438843,4.700043678283691,0.20000000298023224,0.5,0.7141852974891663,0
/home/jovyan/Joel_Pardo/AI4LABOUR/Mejoras/results_coursera/models/simcse_coursera_hard/sentence-transformers/all-MiniLM-L6-v2,A_semantic_only,78,98d9410b9c2c,supervise production or support personnel,3033,fd89784e59c7,5,0.35939332842826843,0.35939332842826843,4.679402828216553,0.25,0.3333333432674408,0.8543578386306763,0
/home/jovyan/Joel_Pardo/AI4LABOUR/Mejoras/results_coursera/models/simcse_coursera_hard/sentence-transformers/all-MiniLM-L6-v2,A_semantic_only,78,98d9410b9c2c,supervise production or support personnel,425,b06cd44db3d0,6,0.35926979780197144,0.35926979780197144,4.677842617034912,0.0,0.8333333134651184,0.0,0
/home/jovyan/Joel_Pardo/AI4LABOUR/Mejoras/results_coursera/models/simcse_coursera_hard/sentence-transformers/all-MiniLM-L6-v2,A_semantic_only,78,98d9410b9c2c,supervise production or support personnel,60,32756aab54ad,7,0.3551623821258545,0.3551623821258545,4.625951290130615,0.0,0.6666666865348816,0.0,0
/home/jovyan/Joel_Pardo/AI4LABOUR/Mejoras/results_coursera/models/simcse_coursera_hard/sentence-transformers/all-MiniLM-L6-v2,A_semantic_only,78,98d9410b9c2c,supervise production or support personnel,2612,8a5f88baac6e,8,0.34071335196495056,0.34071335196495056,4.443408489227295,0.20000000298023224,0.5,0.7141852974891663,0
/home/jovyan/Joel_Pardo/AI4LABOUR/Mejoras/results_coursera/models/simcse_coursera_hard/sentence-transformers/all-MiniLM-L6-v2,A_semantic_only,78,98d9410b9c2c,supervise production or support personnel,1117,3479e025b0d4,9,0.3369620144367218,0.3369620144367218,4.3960161209106445,0.1666666716337204,0.6666666865348816,0.6135255098342896,0
/home/jovyan/Joel_Pardo/AI4LABOUR/Mejoras/results_coursera/models/simcse_coursera_hard/sentence-transformers/all-MiniLM-L6-v2,A_semantic_only,78,98d9410b9c2c,supervise production or support personnel,4533,2d94bc228c64,10,0.32361823320388794,0.32361823320388794,4.227436542510986,0.0,0.5,0.0,0
/home/jovyan/Joel_Pardo/AI4LABOUR/Mejoras/results_coursera/models/simcse_coursera_hard/sentence-transformers/all-MiniLM-L6-v2,A_semantic_only,79,5b935f6121b7,perform marketing activities,2233,d334de0d305d,1,0.48778676986694336,0.48778676986694336,6.03976583480835,0.25,0.75,1.0,0
/home/jovyan/Joel_Pardo/AI4LABOUR/Mejoras/results_coursera/models/simcse_coursera_hard/sentence-transformers/all-MiniLM-L6-v2,A_semantic_only,79,5b935f6121b7,perform marketing activities,4206,86e9a49ffb57,2,0.4056898355484009,0.4056898355484009,5.0055012702941895,0.25,0.75,0.6744439005851746,0
/home/jovyan/Joel_Pardo/AI4LABOUR/Mejoras/results_coursera/models/simcse_coursera_hard/sentence-transformers/all-MiniLM-L6-v2,A_semantic_only,79,5b935f6121b7,perform marketing activities,1676,4abb63e41447,3,0.4026528596878052,0.4026528596878052,4.967241287231445,0.20000000298023224,1.0,0.8590565323829651,0
/home/jovyan/Joel_Pardo/AI4LABOUR/Mejoras/results_coursera/models/simcse_coursera_hard/sentence-transformers/all-MiniLM-L6-v2,A_semantic_only,79,5b935f6121b7,perform marketing activities,177,5ec64a367a46,4,0.3978079855442047,0.3978079855442047,4.906205177307129,0.0,1.0,0.0,0
/home/jovyan/Joel_Pardo/AI4LABOUR/Mejoras/results_coursera/models/simcse_coursera_hard/sentence-transformers/all-MiniLM-L6-v2,A_semantic_only,79,5b935f6121b7,perform marketing activities,1675,8335d26464b5,5,0.36121666431427,0.36121666431427,4.445224285125732,0.1666666716337204,0.800000011920929,0.7529352307319641,0
/home/jovyan/Joel_Pardo/AI4LABOUR/Mejoras/results_coursera/models/simcse_coursera_hard/sentence-transformers/all-MiniLM-L6-v2,A_semantic_only,79,5b935f6121b7,perform marketing activities,894,eb6bfd073e36,6,0.34487077593803406,0.34487077593803406,4.239297389984131,0.25,0.75,0.6744439005851746,0
/home/jovyan/Joel_Pardo/AI4LABOUR/Mejoras/results_coursera/models/simcse_coursera_hard/sentence-transformers/all-MiniLM-L6-v2,A_semantic_only,79,5b935f6121b7,perform marketing activities,4296,3dc7576f8747,7,0.34320878982543945,0.34320878982543945,4.218359470367432,0.0,0.5,0.0,0
/home/jovyan/Joel_Pardo/AI4LABOUR/Mejoras/results_coursera/models/simcse_coursera_hard/sentence-transformers/all-MiniLM-L6-v2,A_semantic_only,79,5b935f6121b7,perform marketing activities,1047,aa556f470629,8,0.3396053612232208,0.3396053612232208,4.1729631423950195,0.20000000298023224,1.0,0.8590565323829651,0
/home/jovyan/Joel_Pardo/AI4LABOUR/Mejoras/results_coursera/models/simcse_coursera_hard/sentence-transformers/all-MiniLM-L6-v2,A_semantic_only,79,5b935f6121b7,perform marketing activities,2616,c8a530a7b733,9,0.33933764696121216,0.33933764696121216,4.169590473175049,0.20000000298023224,0.800000011920929,0.5078126192092896,0
/home/jovyan/Joel_Pardo/AI4LABOUR/Mejoras/results_coursera/models/simcse_coursera_hard/sentence-transformers/all-MiniLM-L6-v2,A_semantic_only,79,5b935f6121b7,perform marketing activities,2189,114fb0d53fa1,10,0.3375493586063385,0.3375493586063385,4.147061824798584,0.0,0.75,0.0,0
/home/jovyan/Joel_Pardo/AI4LABOUR/Mejoras/results_coursera/models/simcse_coursera_hard/sentence-transformers/all-MiniLM-L6-v2,A_semantic_only,80,4e4d6d43dbf9,advise others on logistics topics,4845,537673b823b1,1,0.44512635469436646,0.44512635469436646,6.563498020172119,0.20000000298023224,0.5,1.0,0
/home/jovyan/Joel_Pardo/AI4LABOUR/Mejoras/results_coursera/models/simcse_coursera_hard/sentence-transformers/all-MiniLM-L6-v2,A_semantic_only,80,4e4d6d43dbf9,advise others on logistics topics,3227,7165fea5801a,2,0.37534475326538086,0.37534475326538086,5.567555904388428,0.20000000298023224,0.5,1.0,0
/home/jovyan/Joel_Pardo/AI4LABOUR/Mejoras/results_coursera/models/simcse_coursera_hard/sentence-transformers/all-MiniLM-L6-v2,A_semantic_only,80,4e4d6d43dbf9,advise others on logistics topics,4841,e1b150754821,3,0.3084961175918579,0.3084961175918579,4.613473892211914,0.20000000298023224,0.6666666865348816,0.8590565323829651,0
/home/jovyan/Joel_Pardo/AI4LABOUR/Mejoras/results_coursera/models/simcse_coursera_hard/sentence-transformers/all-MiniLM-L6-v2,A_semantic_only,80,4e4d6d43dbf9,advise others on logistics topics,1811,6c80d8824d7c,4,0.2786160111427307,0.2786160111427307,4.187016487121582,0.0,0.5,0.0,0
/home/jovyan/Joel_Pardo/AI4LABOUR/Mejoras/results_coursera/models/simcse_coursera_hard/sentence-transformers/all-MiniLM-L6-v2,A_semantic_only,80,4e4d6d43dbf9,advise others on logistics topics,4838,53dd4fb611bb,5,0.2653253674507141,0.2653253674507141,3.997328758239746,0.0,0.6666666865348816,0.0,0
/home/jovyan/Joel_Pardo/AI4LABOUR/Mejoras/results_coursera/models/simcse_coursera_hard/sentence-transformers/all-MiniLM-L6-v2,A_semantic_only,80,4e4d6d43dbf9,advise others on logistics topics,360,a6832284ad57,6,0.2575482726097107,0.2575482726097107,3.8863320350646973,0.0,0.8333333134651184,0.0,0
/home/jovyan/Joel_Pardo/AI4LABOUR/Mejoras/results_coursera/models/simcse_coursera_hard/sentence-transformers/all-MiniLM-L6-v2,A_semantic_only,80,4e4d6d43dbf9,advise others on logistics topics,3042,ce084b8fdb97,7,0.255122572183609,0.255122572183609,3.8517117500305176,0.0,0.2857142984867096,0.0,0
/home/jovyan/Joel_Pardo/AI4LABOUR/Mejoras/results_coursera/models/simcse_coursera_hard/sentence-transformers/all-MiniLM-L6-v2,A_semantic_only,80,4e4d6d43dbf9,advise others on logistics topics,4853,4488a61e368c,8,0.2515415549278259,0.2515415549278259,3.800602436065674,0.0,0.3333333432674408,0.0,0
/home/jovyan/Joel_Pardo/AI4LABOUR/Mejoras/results_coursera/models/simcse_coursera_hard/sentence-transformers/all-MiniLM-L6-v2,A_semantic_only,80,4e4d6d43dbf9,advise others on logistics topics,4092,13573f8171ba,9,0.24863693118095398,0.24863693118095398,3.7591469287872314,0.1428571492433548,0.8571428656578064,0.6037659645080566,0
/home/jovyan/Joel_Pardo/AI4LABOUR/Mejoras/results_coursera/models/simcse_coursera_hard/sentence-transformers/all-MiniLM-L6-v2,A_semantic_only,80,4e4d6d43dbf9,advise others on logistics topics,4854,3da636e70e82,10,0.2480214238166809,0.2480214238166809,3.7503621578216553,0.0,0.5,0.0,0
/home/jovyan/Joel_Pardo/AI4LABOUR/Mejoras/results_coursera/models/simcse_coursera_hard/sentence-transformers/all-MiniLM-L6-v2,A_semantic_only,81,e9ce432833f3,identify opportunities to improve operational efficiency,447,0dbbcd9e85e6,1,0.4207645654678345,0.4207645654678345,5.458410739898682,0.1666666716337204,0.4285714328289032,0.9752752780914307,0
/home/jovyan/Joel_Pardo/AI4LABOUR/Mejoras/results_coursera/models/simcse_coursera_hard/sentence-transformers/all-MiniLM-L6-v2,A_semantic_only,81,e9ce432833f3,identify opportunities to improve operational efficiency,1719,2af2d91166d4,2,0.42009833455085754,0.42009833455085754,5.450044631958008,0.1666666716337204,0.4285714328289032,0.9752752780914307,0
/home/jovyan/Joel_Pardo/AI4LABOUR/Mejoras/results_coursera/models/simcse_coursera_hard/sentence-transformers/all-MiniLM-L6-v2,A_semantic_only,81,e9ce432833f3,identify opportunities to improve operational efficiency,3165,0b78f857d28c,3,0.4181445837020874,0.4181445837020874,5.425510883331299,0.1666666716337204,0.4285714328289032,0.9752752780914307,0
/home/jovyan/Joel_Pardo/AI4LABOUR/Mejoras/results_coursera/models/simcse_coursera_hard/sentence-transformers/all-MiniLM-L6-v2,A_semantic_only,81,e9ce432833f3,identify opportunities to improve operational efficiency,3059,49fffd4c8845,4,0.40141385793685913,0.40141385793685913,5.215419769287109,0.1428571492433548,1.0,0.5888380408287048,0
/home/jovyan/Joel_Pardo/AI4LABOUR/Mejoras/results_coursera/models/simcse_coursera_hard/sentence-transformers/all-MiniLM-L6-v2,A_semantic_only,81,e9ce432833f3,identify opportunities to improve operational efficiency,5097,b18de4af858c,5,0.3767290711402893,0.3767290711402893,4.905447959899902,0.0,0.5714285969734192,0.0,0
/home/jovyan/Joel_Pardo/AI4LABOUR/Mejoras/results_coursera/models/simcse_coursera_hard/sentence-transformers/all-MiniLM-L6-v2,A_semantic_only,81,e9ce432833f3,identify opportunities to improve operational efficiency,4880,995c33174219,6,0.3661385774612427,0.3661385774612427,4.772461414337158,0.0,0.5714285969734192,0.0,0
/home/jovyan/Joel_Pardo/AI4LABOUR/Mejoras/results_coursera/models/simcse_coursera_hard/sentence-transformers/all-MiniLM-L6-v2,A_semantic_only,81,e9ce432833f3,identify opportunities to improve operational efficiency,4062,f5cd1e11c87f,7,0.35391056537628174,0.35391056537628174,4.6189117431640625,0.0,0.4285714328289032,0.0,0
/home/jovyan/Joel_Pardo/AI4LABOUR/Mejoras/results_coursera/models/simcse_coursera_hard/sentence-transformers/all-MiniLM-L6-v2,A_semantic_only,81,e9ce432833f3,identify opportunities to improve operational efficiency,3567,b9a61efec89c,8,0.33993256092071533,0.33993256092071533,4.443387031555176,0.0,0.7777777910232544,0.0,0
/home/jovyan/Joel_Pardo/AI4LABOUR/Mejoras/results_coursera/models/simcse_coursera_hard/sentence-transformers/all-MiniLM-L6-v2,A_semantic_only,81,e9ce432833f3,identify opportunities to improve operational efficiency,2366,078c62a4ef11,9,0.3349774479866028,0.3349774479866028,4.38116455078125,0.0,0.5714285969734192,0.0,0
/home/jovyan/Joel_Pardo/AI4LABOUR/Mejoras/results_coursera/models/simcse_coursera_hard/sentence-transformers/all-MiniLM-L6-v2,A_semantic_only,81,e9ce432833f3,identify opportunities to improve operational efficiency,3891,6579f5e89913,10,0.3205080032348633,0.3205080032348633,4.199468612670898,0.0,0.8571428656578064,0.0,0
/home/jovyan/Joel_Pardo/AI4LABOUR/Mejoras/results_coursera/models/simcse_coursera_hard/sentence-transformers/all-MiniLM-L6-v2,A_semantic_only,82,68d8248a643f,"analyze jobs using observation, survey, or interview techniques",4906,7ca8ab2adf4b,1,0.5452671647071838,0.5452671647071838,5.759083271026611,0.0,0.3333333432674408,0.0,0
/home/jovyan/Joel_Pardo/AI4LABOUR/Mejoras/results_coursera/models/simcse_coursera_hard/sentence-transformers/all-MiniLM-L6-v2,A_semantic_only,82,68d8248a643f,"analyze jobs using observation, survey, or interview techniques",633,82024490e005,2,0.5023672580718994,0.5023672580718994,5.305784702301025,0.0,0.3333333432674408,0.0,0
/home/jovyan/Joel_Pardo/AI4LABOUR/Mejoras/results_coursera/models/simcse_coursera_hard/sentence-transformers/all-MiniLM-L6-v2,A_semantic_only,82,68d8248a643f,"analyze jobs using observation, survey, or interview techniques",189,22a8a394965f,3,0.4051036834716797,0.4051036834716797,4.278057098388672,0.1111111119389534,0.4444444477558136,0.6065617203712463,0
/home/jovyan/Joel_Pardo/AI4LABOUR/Mejoras/results_coursera/models/simcse_coursera_hard/sentence-transformers/all-MiniLM-L6-v2,A_semantic_only,82,68d8248a643f,"analyze jobs using observation, survey, or interview techniques",1913,84391ee87d7c,4,0.3846362829208374,0.3846362829208374,4.0617899894714355,0.0,0.4444444477558136,0.0,0
/home/jovyan/Joel_Pardo/AI4LABOUR/Mejoras/results_coursera/models/simcse_coursera_hard/sentence-transformers/all-MiniLM-L6-v2,A_semantic_only,82,68d8248a643f,"analyze jobs using observation, survey, or interview techniques",2402,8bec591288f9,5,0.3798315227031708,0.3798315227031708,4.011021137237549,0.0,0.5555555820465088,0.0,0
/home/jovyan/Joel_Pardo/AI4LABOUR/Mejoras/results_coursera/models/simcse_coursera_hard/sentence-transformers/all-MiniLM-L6-v2,A_semantic_only,82,68d8248a643f,"analyze jobs using observation, survey, or interview techniques",3356,97537ceb80af,6,0.37885165214538574,0.37885165214538574,4.000667095184326,0.1111111119389534,0.4444444477558136,0.5380786061286926,0
/home/jovyan/Joel_Pardo/AI4LABOUR/Mejoras/results_coursera/models/simcse_coursera_hard/sentence-transformers/all-MiniLM-L6-v2,A_semantic_only,82,68d8248a643f,"analyze jobs using observation, survey, or interview techniques",3743,a1ba967d5168,7,0.3762207627296448,0.3762207627296448,3.9728682041168213,0.0,0.3333333432674408,0.0,0
/home/jovyan/Joel_Pardo/AI4LABOUR/Mejoras/results_coursera/models/simcse_coursera_hard/sentence-transformers/all-MiniLM-L6-v2,A_semantic_only,82,68d8248a643f,"analyze jobs using observation, survey, or interview techniques",191,1ed5b9cf11af,8,0.37486040592193604,0.37486040592193604,3.958494186401367,0.125,0.3333333432674408,0.7060788869857788,0
/home/jovyan/Joel_Pardo/AI4LABOUR/Mejoras/results_coursera/models/simcse_coursera_hard/sentence-transformers/all-MiniLM-L6-v2,A_semantic_only,82,68d8248a643f,"analyze jobs using observation, survey, or interview techniques",3134,960b3c918525,9,0.37275296449661255,0.37275296449661255,3.9362258911132812,0.0,0.3333333432674408,0.0,0
/home/jovyan/Joel_Pardo/AI4LABOUR/Mejoras/results_coursera/models/simcse_coursera_hard/sentence-transformers/all-MiniLM-L6-v2,A_semantic_only,82,68d8248a643f,"analyze jobs using observation, survey, or interview techniques",1301,f113b0022b54,10,0.36419618129730225,0.36419618129730225,3.845811367034912,0.0,0.3333333432674408,0.0,0
/home/jovyan/Joel_Pardo/AI4LABOUR/Mejoras/results_coursera/models/simcse_coursera_hard/sentence-transformers/all-MiniLM-L6-v2,A_semantic_only,83,4ffdd533affb,plan facility layouts or designs,4129,c0c66eb294df,1,0.48593735694885254,0.48593735694885254,5.640073299407959,0.20000000298023224,0.5,0.7798467874526978,0
/home/jovyan/Joel_Pardo/AI4LABOUR/Mejoras/results_coursera/models/simcse_coursera_hard/sentence-transformers/all-MiniLM-L6-v2,A_semantic_only,83,4ffdd533affb,plan facility layouts or designs,1436,e735abf1166a,2,0.4359734356403351,0.4359734356403351,5.07058048248291,0.0,0.8333333134651184,0.0,0
/home/jovyan/Joel_Pardo/AI4LABOUR/Mejoras/results_coursera/models/simcse_coursera_hard/sentence-transformers/all-MiniLM-L6-v2,A_semantic_only,83,4ffdd533affb,plan facility layouts or designs,4925,d3e5bde64705,3,0.40682679414749146,0.40682679414749146,4.7383646965026855,0.0,0.5,0.0,0
/home/jovyan/Joel_Pardo/AI4LABOUR/Mejoras/results_coursera/models/simcse_coursera_hard/sentence-transformers/all-MiniLM-L6-v2,A_semantic_only,83,4ffdd533affb,plan facility layouts or designs,3331,bd1098fcfc05,4,0.4067287743091583,0.4067287743091583,4.737247467041016,0.0,0.6666666865348816,0.0,0
/home/jovyan/Joel_Pardo/AI4LABOUR/Mejoras/results_coursera/models/simcse_coursera_hard/sentence-transformers/all-MiniLM-L6-v2,A_semantic_only,83,4ffdd533affb,plan facility layouts or designs,3635,d576be9a21f8,5,0.399606317281723,0.399606317281723,4.656064987182617,0.20000000298023224,0.5,1.0,0
/home/jovyan/Joel_Pardo/AI4LABOUR/Mejoras/results_coursera/models/simcse_coursera_hard/sentence-transformers/all-MiniLM-L6-v2,A_semantic_only,83,4ffdd533affb,plan facility layouts or designs,341,24e806c17871,6,0.39872393012046814,0.39872393012046814,4.646007537841797,0.0,0.5,0.0,0
/home/jovyan/Joel_Pardo/AI4LABOUR/Mejoras/results_coursera/models/simcse_coursera_hard/sentence-transformers/all-MiniLM-L6-v2,A_semantic_only,83,4ffdd533affb,plan facility layouts or designs,2107,c61404957758,7,0.3976193070411682,0.3976193070411682,4.633417129516602,0.0,0.3333333432674408,0.0,0
/home/jovyan/Joel_Pardo/AI4LABOUR/Mejoras/results_coursera/models/simcse_coursera_hard/sentence-transformers/all-MiniLM-L6-v2,A_semantic_only,83,4ffdd533affb,plan facility layouts or designs,2618,01904a63687c,8,0.3882194757461548,0.3882194757461548,4.5262770652771,0.10000000149011612,0.6000000238418579,0.3629770278930664,0
/home/jovyan/Joel_Pardo/AI4LABOUR/Mejoras/results_coursera/models/simcse_coursera_hard/sentence-transformers/all-MiniLM-L6-v2,A_semantic_only,83,4ffdd533affb,plan facility layouts or designs,4098,b87cb6f71cee,9,0.37181007862091064,0.37181007862091064,4.3392415046691895,0.0,0.5,0.0,0
/home/jovyan/Joel_Pardo/AI4LABOUR/Mejoras/results_coursera/models/simcse_coursera_hard/sentence-transformers/all-MiniLM-L6-v2,A_semantic_only,83,4ffdd533affb,plan facility layouts or designs,4534,bb4a7577438c,10,0.3627709448337555,0.3627709448337555,4.236212253570557,0.20000000298023224,0.5,0.7798467874526978,0
/home/jovyan/Joel_Pardo/AI4LABOUR/Mejoras/results_coursera/models/simcse_coursera_hard/sentence-transformers/all-MiniLM-L6-v2,A_semantic_only,84,c6940290ea74,develop technical specifications for systems or equipment,4558,7b0342e1d11a,1,0.5749809741973877,0.5749809741973877,5.896096706390381,0.1111111119389534,0.75,0.5635031461715698,0
/home/jovyan/Joel_Pardo/AI4LABOUR/Mejoras/results_coursera/models/simcse_coursera_hard/sentence-transformers/all-MiniLM-L6-v2,A_semantic_only,84,c6940290ea74,develop technical specifications for systems or equipment,1628,a817a3b21942,2,0.4901294410228729,0.4901294410228729,5.039183139801025,0.0,0.5,0.0,0
/home/jovyan/Joel_Pardo/AI4LABOUR/Mejoras/results_coursera/models/simcse_coursera_hard/sentence-transformers/all-MiniLM-L6-v2,A_semantic_only,84,c6940290ea74,develop technical specifications for systems or equipment,4896,1d892e09d5fd,3,0.4181842803955078,0.4181842803955078,4.312611103057861,0.0,0.5,0.0,0
/home/jovyan/Joel_Pardo/AI4LABOUR/Mejoras/results_coursera/models/simcse_coursera_hard/sentence-transformers/all-MiniLM-L6-v2,A_semantic_only,84,c6940290ea74,develop technical specifications for systems or equipment,3917,d23e50a9caf6,4,0.3711423873901367,0.3711423873901367,3.837536096572876,0.125,0.875,0.3834010660648346,0
/home/jovyan/Joel_Pardo/AI4LABOUR/Mejoras/results_coursera/models/simcse_coursera_hard/sentence-transformers/all-MiniLM-L6-v2,A_semantic_only,84,c6940290ea74,develop technical specifications for systems or equipment,2337,421e3510a425,5,0.36438632011413574,0.36438632011413574,3.7693066596984863,0.1111111119389534,0.75,0.5943191051483154,0
/home/jovyan/Joel_Pardo/AI4LABOUR/Mejoras/results_coursera/models/simcse_coursera_hard/sentence-transformers/all-MiniLM-L6-v2,A_semantic_only,84,c6940290ea74,develop technical specifications for systems or equipment,3314,5ccae7640253,6,0.36384326219558716,0.36384326219558716,3.763822317123413,0.0,0.625,0.0,0
/home/jovyan/Joel_Pardo/AI4LABOUR/Mejoras/results_coursera/models/simcse_coursera_hard/sentence-transformers/all-MiniLM-L6-v2,A_semantic_only,84,c6940290ea74,develop technical specifications for systems or equipment,4415,859f5dcf8041,7,0.35482558608055115,0.35482558608055115,3.672753095626831,0.0,0.6153846383094788,0.21135932207107544,0
/home/jovyan/Joel_Pardo/AI4LABOUR/Mejoras/results_coursera/models/simcse_coursera_hard/sentence-transformers/all-MiniLM-L6-v2,A_semantic_only,84,c6940290ea74,develop technical specifications for systems or equipment,3979,9e51eeb429ae,8,0.3531450629234314,0.3531450629234314,3.6557815074920654,0.1666666716337204,0.375,0.6350160837173462,0
/home/jovyan/Joel_Pardo/AI4LABOUR/Mejoras/results_coursera/models/simcse_coursera_hard/sentence-transformers/all-MiniLM-L6-v2,A_semantic_only,84,c6940290ea74,develop technical specifications for systems or equipment,3650,67d0281c5215,9,0.3209800124168396,0.3209800124168396,3.3309473991394043,0.1428571492433548,0.5,0.545514702796936,0
/home/jovyan/Joel_Pardo/AI4LABOUR/Mejoras/results_coursera/models/simcse_coursera_hard/sentence-transformers/all-MiniLM-L6-v2,A_semantic_only,84,c6940290ea74,develop technical specifications for systems or equipment,80,5402ba93471c,10,0.32001644372940063,0.32001644372940063,3.321216344833374,0.0,0.5,0.0,0
/home/jovyan/Joel_Pardo/AI4LABOUR/Mejoras/results_coursera/models/simcse_coursera_hard/sentence-transformers/all-MiniLM-L6-v2,A_semantic_only,85,e9ceea91a9c3,analyze logistics processes,756,d5200b2d3f2b,1,0.5942221283912659,0.5942221283912659,6.5698394775390625,0.0,0.75,0.0,0
/home/jovyan/Joel_Pardo/AI4LABOUR/Mejoras/results_coursera/models/simcse_coursera_hard/sentence-transformers/all-MiniLM-L6-v2,A_semantic_only,85,e9ceea91a9c3,analyze logistics processes,4286,957770e81d95,2,0.5515733957290649,0.5515733957290649,6.094316482543945,0.0,0.75,0.0,0
/home/jovyan/Joel_Pardo/AI4LABOUR/Mejoras/results_coursera/models/simcse_coursera_hard/sentence-transformers/all-MiniLM-L6-v2,A_semantic_only,85,e9ceea91a9c3,analyze logistics processes,4061,d08315cf2b4b,3,0.5387038588523865,0.5387038588523865,5.95082426071167,0.0,0.75,0.0,0
/home/jovyan/Joel_Pardo/AI4LABOUR/Mejoras/results_coursera/models/simcse_coursera_hard/sentence-transformers/all-MiniLM-L6-v2,A_semantic_only,85,e9ceea91a9c3,analyze logistics processes,754,2af854050699,4,0.5194628834724426,0.5194628834724426,5.736292362213135,0.1666666716337204,0.6666666865348816,0.5733417868614197,0
/home/jovyan/Joel_Pardo/AI4LABOUR/Mejoras/results_coursera/models/simcse_coursera_hard/sentence-transformers/all-MiniLM-L6-v2,A_semantic_only,85,e9ceea91a9c3,analyze logistics processes,759,6a82d63d15a6,5,0.4868395924568176,0.4868395924568176,5.372550964355469,0.0,0.75,0.0,0
/home/jovyan/Joel_Pardo/AI4LABOUR/Mejoras/results_coursera/models/simcse_coursera_hard/sentence-transformers/all-MiniLM-L6-v2,A_semantic_only,85,e9ceea91a9c3,analyze logistics processes,2795,0270e82e5a44,6,0.4693561792373657,0.4693561792373657,5.177615165710449,0.25,0.75,0.8555424213409424,0
/home/jovyan/Joel_Pardo/AI4LABOUR/Mejoras/results_coursera/models/simcse_coursera_hard/sentence-transformers/all-MiniLM-L6-v2,A_semantic_only,85,e9ceea91a9c3,analyze logistics processes,3227,7165fea5801a,7,0.4598744511604309,0.4598744511604309,5.071896076202393,0.25,0.75,1.0,0
/home/jovyan/Joel_Pardo/AI4LABOUR/Mejoras/results_coursera/models/simcse_coursera_hard/sentence-transformers/all-MiniLM-L6-v2,A_semantic_only,85,e9ceea91a9c3,analyze logistics processes,4841,e1b150754821,8,0.44598525762557983,0.44598525762557983,4.917035102844238,0.25,1.0,0.8590565323829651,0
/home/jovyan/Joel_Pardo/AI4LABOUR/Mejoras/results_coursera/models/simcse_coursera_hard/sentence-transformers/all-MiniLM-L6-v2,A_semantic_only,85,e9ceea91a9c3,analyze logistics processes,4285,4ac897a884e4,9,0.4450964629650116,0.4450964629650116,4.907124996185303,0.0,0.75,0.0,0
/home/jovyan/Joel_Pardo/AI4LABOUR/Mejoras/results_coursera/models/simcse_coursera_hard/sentence-transformers/all-MiniLM-L6-v2,A_semantic_only,85,e9ceea91a9c3,analyze logistics processes,4791,baded3c66d4d,10,0.43990013003349304,0.43990013003349304,4.84918737411499,0.0,0.6666666865348816,0.0,0
/home/jovyan/Joel_Pardo/AI4LABOUR/Mejoras/results_coursera/models/simcse_coursera_hard/sentence-transformers/all-MiniLM-L6-v2,A_semantic_only,86,19ea31d71f7c,maintain data in information systems or databases,5284,44e862edbe4f,1,0.5799281001091003,0.5799281001091003,6.617012977600098,0.4000000059604645,0.5,1.0,0
/home/jovyan/Joel_Pardo/AI4LABOUR/Mejoras/results_coursera/models/simcse_coursera_hard/sentence-transformers/all-MiniLM-L6-v2,A_semantic_only,86,19ea31d71f7c,maintain data in information systems or databases,2230,9b93857d6f60,2,0.495163232088089,0.495163232088089,5.638322353363037,0.1666666716337204,0.375,0.3988663852214813,0
/home/jovyan/Joel_Pardo/AI4LABOUR/Mejoras/results_coursera/models/simcse_coursera_hard/sentence-transformers/all-MiniLM-L6-v2,A_semantic_only,86,19ea31d71f7c,maintain data in information systems or databases,1970,22ae97739144,3,0.46499574184417725,0.46499574184417725,5.29000997543335,0.1666666716337204,0.375,0.3988663852214813,0
/home/jovyan/Joel_Pardo/AI4LABOUR/Mejoras/results_coursera/models/simcse_coursera_hard/sentence-transformers/all-MiniLM-L6-v2,A_semantic_only,86,19ea31d71f7c,maintain data in information systems or databases,4975,0181584577c0,4,0.44220221042633057,0.44220221042633057,5.02683687210083,0.125,1.0,0.21911658346652985,0
/home/jovyan/Joel_Pardo/AI4LABOUR/Mejoras/results_coursera/models/simcse_coursera_hard/sentence-transformers/all-MiniLM-L6-v2,A_semantic_only,86,19ea31d71f7c,maintain data in information systems or databases,1974,09b4a380a1f2,5,0.44046759605407715,0.44046759605407715,5.006809234619141,0.1666666716337204,0.375,0.3988663852214813,0
/home/jovyan/Joel_Pardo/AI4LABOUR/Mejoras/results_coursera/models/simcse_coursera_hard/sentence-transformers/all-MiniLM-L6-v2,A_semantic_only,86,19ea31d71f7c,maintain data in information systems or databases,2778,1efc7e62e004,6,0.43841269612312317,0.43841269612312317,4.983083248138428,0.1666666716337204,0.375,0.3988663852214813,0
/home/jovyan/Joel_Pardo/AI4LABOUR/Mejoras/results_coursera/models/simcse_coursera_hard/sentence-transformers/all-MiniLM-L6-v2,A_semantic_only,86,19ea31d71f7c,maintain data in information systems or databases,1937,9577cc9be047,7,0.4375220537185669,0.4375220537185669,4.972799777984619,0.1428571492433548,0.5,0.34264877438545227,0
/home/jovyan/Joel_Pardo/AI4LABOUR/Mejoras/results_coursera/models/simcse_coursera_hard/sentence-transformers/all-MiniLM-L6-v2,A_semantic_only,86,19ea31d71f7c,maintain data in information systems or databases,1568,57d3271749c1,8,0.4312869906425476,0.4312869906425476,4.900810241699219,0.1666666716337204,0.375,0.3988663852214813,0
/home/jovyan/Joel_Pardo/AI4LABOUR/Mejoras/results_coursera/models/simcse_coursera_hard/sentence-transformers/all-MiniLM-L6-v2,A_semantic_only,86,19ea31d71f7c,maintain data in information systems or databases,519,58019e8728bb,9,0.4193982481956482,0.4193982481956482,4.763543605804443,0.1666666716337204,0.375,0.3988663852214813,0
/home/jovyan/Joel_Pardo/AI4LABOUR/Mejoras/results_coursera/models/simcse_coursera_hard/sentence-transformers/all-MiniLM-L6-v2,A_semantic_only,86,19ea31d71f7c,maintain data in information systems or databases,2494,771cb29455a1,10,0.41469278931617737,0.41469278931617737,4.709214210510254,0.1666666716337204,0.375,0.3988663852214813,0
/home/jovyan/Joel_Pardo/AI4LABOUR/Mejoras/results_coursera/models/simcse_coursera_hard/sentence-transformers/all-MiniLM-L6-v2,A_semantic_only,87,bd28ef3a0af3,establish organizational guidelines or policies,2407,0d2971916a07,1,0.3943856954574585,0.3943856954574585,4.633269786834717,0.1666666716337204,0.8333333134651184,0.7875275611877441,0
/home/jovyan/Joel_Pardo/AI4LABOUR/Mejoras/results_coursera/models/simcse_coursera_hard/sentence-transformers/all-MiniLM-L6-v2,A_semantic_only,87,bd28ef3a0af3,establish organizational guidelines or policies,2948,63c5028892f6,2,0.3765656650066376,0.3765656650066376,4.427313327789307,0.0,1.0,0.0,0
/home/jovyan/Joel_Pardo/AI4LABOUR/Mejoras/results_coursera/models/simcse_coursera_hard/sentence-transformers/all-MiniLM-L6-v2,A_semantic_only,87,bd28ef3a0af3,establish organizational guidelines or policies,2664,f14a60909863,3,0.3574637472629547,0.3574637472629547,4.206540584564209,0.1666666716337204,0.6666666865348816,0.8590565323829651,0
/home/jovyan/Joel_Pardo/AI4LABOUR/Mejoras/results_coursera/models/simcse_coursera_hard/sentence-transformers/all-MiniLM-L6-v2,A_semantic_only,87,bd28ef3a0af3,establish organizational guidelines or policies,740,bcf48e0be3b0,4,0.33953991532325745,0.33953991532325745,3.9993841648101807,0.0,0.8333333134651184,0.0,0
/home/jovyan/Joel_Pardo/AI4LABOUR/Mejoras/results_coursera/models/simcse_coursera_hard/sentence-transformers/all-MiniLM-L6-v2,A_semantic_only,87,bd28ef3a0af3,establish organizational guidelines or policies,4615,8187995b552a,5,0.33820992708206177,0.33820992708206177,3.9840126037597656,0.1666666716337204,0.6666666865348816,0.8985244035720825,0
/home/jovyan/Joel_Pardo/AI4LABOUR/Mejoras/results_coursera/models/simcse_coursera_hard/sentence-transformers/all-MiniLM-L6-v2,A_semantic_only,87,bd28ef3a0af3,establish organizational guidelines or policies,4854,3da636e70e82,6,0.3324861526489258,0.3324861526489258,3.9178595542907715,0.0,0.5,0.0,0
/home/jovyan/Joel_Pardo/AI4LABOUR/Mejoras/results_coursera/models/simcse_coursera_hard/sentence-transformers/all-MiniLM-L6-v2,A_semantic_only,87,bd28ef3a0af3,establish organizational guidelines or policies,2049,9feb570a1288,7,0.32915979623794556,0.32915979623794556,3.8794147968292236,0.0,0.5,0.0,0
/home/jovyan/Joel_Pardo/AI4LABOUR/Mejoras/results_coursera/models/simcse_coursera_hard/sentence-transformers/all-MiniLM-L6-v2,A_semantic_only,87,bd28ef3a0af3,establish organizational guidelines or policies,4077,aa1012ca2dbf,8,0.3270619213581085,0.3270619213581085,3.855168342590332,0.0,1.0,0.0,0
/home/jovyan/Joel_Pardo/AI4LABOUR/Mejoras/results_coursera/models/simcse_coursera_hard/sentence-transformers/all-MiniLM-L6-v2,A_semantic_only,87,bd28ef3a0af3,establish organizational guidelines or policies,3050,c06738d7cb15,9,0.3199535012245178,0.3199535012245178,3.773012161254883,0.0,0.8333333134651184,0.0,0
/home/jovyan/Joel_Pardo/AI4LABOUR/Mejoras/results_coursera/models/simcse_coursera_hard/sentence-transformers/all-MiniLM-L6-v2,A_semantic_only,87,bd28ef3a0af3,establish organizational guidelines or policies,1310,dee03d615f1d,10,0.3087964653968811,0.3087964653968811,3.6440634727478027,0.1666666716337204,0.6666666865348816,0.8590565323829651,0
/home/jovyan/Joel_Pardo/AI4LABOUR/Mejoras/results_coursera/models/simcse_coursera_hard/sentence-transformers/all-MiniLM-L6-v2,A_semantic_only,88,d1809a4492b8,estimate costs of goods or services,4291,96c1ae3158a7,1,0.5845655798912048,0.5845655798912048,7.06794548034668,0.0,0.5714285969734192,0.0,0
/home/jovyan/Joel_Pardo/AI4LABOUR/Mejoras/results_coursera/models/simcse_coursera_hard/sentence-transformers/all-MiniLM-L6-v2,A_semantic_only,88,d1809a4492b8,estimate costs of goods or services,934,1000d0bb60fd,2,0.5834022164344788,0.5834022164344788,7.0538835525512695,0.0,0.4285714328289032,0.0,0
/home/jovyan/Joel_Pardo/AI4LABOUR/Mejoras/results_coursera/models/simcse_coursera_hard/sentence-transformers/all-MiniLM-L6-v2,A_semantic_only,88,d1809a4492b8,estimate costs of goods or services,161,0158362822fe,3,0.4705049395561218,0.4705049395561218,5.689248561859131,0.0,0.5714285969734192,0.0,0
/home/jovyan/Joel_Pardo/AI4LABOUR/Mejoras/results_coursera/models/simcse_coursera_hard/sentence-transformers/all-MiniLM-L6-v2,A_semantic_only,88,d1809a4492b8,estimate costs of goods or services,4292,ff6daf55d1d8,4,0.45202523469924927,0.45202523469924927,5.465876579284668,0.0,0.5714285969734192,0.0,0
/home/jovyan/Joel_Pardo/AI4LABOUR/Mejoras/results_coursera/models/simcse_coursera_hard/sentence-transformers/all-MiniLM-L6-v2,A_semantic_only,88,d1809a4492b8,estimate costs of goods or services,1649,bd1d85f33bd2,5,0.40966349840164185,0.40966349840164185,4.953833103179932,0.20000000298023224,0.4285714328289032,0.9374826550483704,0
/home/jovyan/Joel_Pardo/AI4LABOUR/Mejoras/results_coursera/models/simcse_coursera_hard/sentence-transformers/all-MiniLM-L6-v2,A_semantic_only,88,d1809a4492b8,estimate costs of goods or services,3881,9d47012eb2ca,6,0.398812860250473,0.398812860250473,4.822676658630371,0.0,0.5714285969734192,0.0,0
/home/jovyan/Joel_Pardo/AI4LABOUR/Mejoras/results_coursera/models/simcse_coursera_hard/sentence-transformers/all-MiniLM-L6-v2,A_semantic_only,88,d1809a4492b8,estimate costs of goods or services,1724,86f4288e2976,7,0.3950086236000061,0.3950086236000061,4.776693344116211,0.0,0.7142857313156128,0.0,0
/home/jovyan/Joel_Pardo/AI4LABOUR/Mejoras/results_coursera/models/simcse_coursera_hard/sentence-transformers/all-MiniLM-L6-v2,A_semantic_only,88,d1809a4492b8,estimate costs of goods or services,176,4fee59e1593e,8,0.3796437978744507,0.3796437978744507,4.590972423553467,0.0,0.4285714328289032,0.0,0
/home/jovyan/Joel_Pardo/AI4LABOUR/Mejoras/results_coursera/models/simcse_coursera_hard/sentence-transformers/all-MiniLM-L6-v2,A_semantic_only,88,d1809a4492b8,estimate costs of goods or services,1725,f2f7fcdc1f44,9,0.36854398250579834,0.36854398250579834,4.456804275512695,0.0,0.4285714328289032,0.0,0
/home/jovyan/Joel_Pardo/AI4LABOUR/Mejoras/results_coursera/models/simcse_coursera_hard/sentence-transformers/all-MiniLM-L6-v2,A_semantic_only,88,d1809a4492b8,estimate costs of goods or services,4562,f45fd7dd887f,10,0.36561885476112366,0.36561885476112366,4.421447277069092,0.0,0.8571428656578064,0.26947396993637085,0
/home/jovyan/Joel_Pardo/AI4LABOUR/Mejoras/results_coursera/models/simcse_coursera_hard/sentence-transformers/all-MiniLM-L6-v2,A_semantic_only,89,b03b706832f2,"assess the cost effectiveness of products, projects, or services",5134,29c1e14899e6,1,0.5401065349578857,0.5401065349578857,6.324891567230225,0.125,0.4000000059604645,0.6876015663146973,0
/home/jovyan/Joel_Pardo/AI4LABOUR/Mejoras/results_coursera/models/simcse_coursera_hard/sentence-transformers/all-MiniLM-L6-v2,A_semantic_only,89,b03b706832f2,"assess the cost effectiveness of products, projects, or services",2300,754666b07e71,2,0.536257266998291,0.536257266998291,6.279964923858643,0.07692307978868484,0.7142857313156128,0.9717735648155212,0
/home/jovyan/Joel_Pardo/AI4LABOUR/Mejoras/results_coursera/models/simcse_coursera_hard/sentence-transformers/all-MiniLM-L6-v2,A_semantic_only,89,b03b706832f2,"assess the cost effectiveness of products, projects, or services",4292,ff6daf55d1d8,3,0.5203124284744263,0.5203124284744263,6.093864917755127,0.125,0.4000000059604645,0.6876015663146973,0
/home/jovyan/Joel_Pardo/AI4LABOUR/Mejoras/results_coursera/models/simcse_coursera_hard/sentence-transformers/all-MiniLM-L6-v2,A_semantic_only,89,b03b706832f2,"assess the cost effectiveness of products, projects, or services",4134,79c4dd20b5f2,4,0.5178995132446289,0.5178995132446289,6.065702438354492,0.0,0.30000001192092896,0.0,0
/home/jovyan/Joel_Pardo/AI4LABOUR/Mejoras/results_coursera/models/simcse_coursera_hard/sentence-transformers/all-MiniLM-L6-v2,A_semantic_only,89,b03b706832f2,"assess the cost effectiveness of products, projects, or services",3881,9d47012eb2ca,5,0.4916308522224426,0.4916308522224426,5.759108066558838,0.125,0.4000000059604645,0.6876015663146973,0
/home/jovyan/Joel_Pardo/AI4LABOUR/Mejoras/results_coursera/models/simcse_coursera_hard/sentence-transformers/all-MiniLM-L6-v2,A_semantic_only,89,b03b706832f2,"assess the cost effectiveness of products, projects, or services",934,1000d0bb60fd,6,0.4137054681777954,0.4137054681777954,4.849603176116943,0.0,0.30000001192092896,0.0,0
/home/jovyan/Joel_Pardo/AI4LABOUR/Mejoras/results_coursera/models/simcse_coursera_hard/sentence-transformers/all-MiniLM-L6-v2,A_semantic_only,89,b03b706832f2,"assess the cost effectiveness of products, projects, or services",4106,7a6199e2dfd9,7,0.38488340377807617,0.38488340377807617,4.513206481933594,0.06666667014360428,0.6666666865348816,0.7416223883628845,0
/home/jovyan/Joel_Pardo/AI4LABOUR/Mejoras/results_coursera/models/simcse_coursera_hard/sentence-transformers/all-MiniLM-L6-v2,A_semantic_only,89,b03b706832f2,"assess the cost effectiveness of products, projects, or services",996,eb5a117881d1,8,0.3595801889896393,0.3595801889896393,4.217880725860596,0.0,0.30000001192092896,0.0,0
/home/jovyan/Joel_Pardo/AI4LABOUR/Mejoras/results_coursera/models/simcse_coursera_hard/sentence-transformers/all-MiniLM-L6-v2,A_semantic_only,89,b03b706832f2,"assess the cost effectiveness of products, projects, or services",4291,96c1ae3158a7,9,0.3594908118247986,0.3594908118247986,4.216837406158447,0.125,0.4000000059604645,0.6876015663146973,0
/home/jovyan/Joel_Pardo/AI4LABOUR/Mejoras/results_coursera/models/simcse_coursera_hard/sentence-transformers/all-MiniLM-L6-v2,A_semantic_only,89,b03b706832f2,"assess the cost effectiveness of products, projects, or services",2301,6d7d5c1c49a4,10,0.34347105026245117,0.34347105026245117,4.029862880706787,0.0714285746216774,0.8333333134651184,0.8171544075012207,0
/home/jovyan/Joel_Pardo/AI4LABOUR/Mejoras/results_coursera/models/simcse_coursera_hard/sentence-transformers/all-MiniLM-L6-v2,A_semantic_only,90,2e4769a8f723,apply mathematical models of financial or business conditions,43,28c02d393ea0,1,0.4804191291332245,0.4804191291332245,5.645054340362549,0.1428571492433548,0.3333333432674408,0.5036709308624268,0
/home/jovyan/Joel_Pardo/AI4LABOUR/Mejoras/results_coursera/models/simcse_coursera_hard/sentence-transformers/all-MiniLM-L6-v2,A_semantic_only,90,2e4769a8f723,apply mathematical models of financial or business conditions,1234,c9453a86b766,2,0.44836074113845825,0.44836074113845825,5.271817684173584,0.1428571492433548,0.3333333432674408,0.5036709308624268,0
/home/jovyan/Joel_Pardo/AI4LABOUR/Mejoras/results_coursera/models/simcse_coursera_hard/sentence-transformers/all-MiniLM-L6-v2,A_semantic_only,90,2e4769a8f723,apply mathematical models of financial or business conditions,925,3e37c05adbca,3,0.42623183131217957,0.42623183131217957,5.014184474945068,0.1428571492433548,0.3333333432674408,0.8580213785171509,0
/home/jovyan/Joel_Pardo/AI4LABOUR/Mejoras/results_coursera/models/simcse_coursera_hard/sentence-transformers/all-MiniLM-L6-v2,A_semantic_only,90,2e4769a8f723,apply mathematical models of financial or business conditions,5155,afc8f1e94b46,4,0.42052537202835083,0.42052537202835083,4.947747707366943,0.125,0.4444444477558136,0.4326817989349365,0
/home/jovyan/Joel_Pardo/AI4LABOUR/Mejoras/results_coursera/models/simcse_coursera_hard/sentence-transformers/all-MiniLM-L6-v2,A_semantic_only,90,2e4769a8f723,apply mathematical models of financial or business conditions,1650,1d741b79e87c,5,0.4186531901359558,0.4186531901359558,4.92595100402832,0.1428571492433548,0.3333333432674408,0.5695825219154358,0
/home/jovyan/Joel_Pardo/AI4LABOUR/Mejoras/results_coursera/models/simcse_coursera_hard/sentence-transformers/all-MiniLM-L6-v2,A_semantic_only,90,2e4769a8f723,apply mathematical models of financial or business conditions,1067,bc1d647d4c01,6,0.39640945196151733,0.39640945196151733,4.666980266571045,0.1428571492433548,0.3333333432674408,0.5036709308624268,0
/home/jovyan/Joel_Pardo/AI4LABOUR/Mejoras/results_coursera/models/simcse_coursera_hard/sentence-transformers/all-MiniLM-L6-v2,A_semantic_only,90,2e4769a8f723,apply mathematical models of financial or business conditions,2088,ec09f4cecbe4,7,0.3951855003833771,0.3951855003833771,4.652730941772461,0.1111111119389534,0.8888888955116272,0.4956687092781067,0
/home/jovyan/Joel_Pardo/AI4LABOUR/Mejoras/results_coursera/models/simcse_coursera_hard/sentence-transformers/all-MiniLM-L6-v2,A_semantic_only,90,2e4769a8f723,apply mathematical models of financial or business conditions,1963,8c61b4df79ec,8,0.3825526535511017,0.3825526535511017,4.505654335021973,0.0,0.3333333432674408,0.0,0
/home/jovyan/Joel_Pardo/AI4LABOUR/Mejoras/results_coursera/models/simcse_coursera_hard/sentence-transformers/all-MiniLM-L6-v2,A_semantic_only,90,2e4769a8f723,apply mathematical models of financial or business conditions,3784,1e643e50e82f,9,0.37428706884384155,0.37428706884384155,4.409422874450684,0.125,0.4444444477558136,0.4893035888671875,0
/home/jovyan/Joel_Pardo/AI4LABOUR/Mejoras/results_coursera/models/simcse_coursera_hard/sentence-transformers/all-MiniLM-L6-v2,A_semantic_only,90,2e4769a8f723,apply mathematical models of financial or business conditions,4143,9451d5e763a5,10,0.36592817306518555,0.36592817306518555,4.312105655670166,0.0,0.3333333432674408,0.0,0
/home/jovyan/Joel_Pardo/AI4LABOUR/Mejoras/results_coursera/models/simcse_coursera_hard/sentence-transformers/all-MiniLM-L6-v2,A_semantic_only,91,b1f99c3dcd62,develop business or financial information systems,2345,c2e847d0efe8,1,0.509032666683197,0.509032666683197,5.75103235244751,0.1666666716337204,0.4285714328289032,0.5462895035743713,0
/home/jovyan/Joel_Pardo/AI4LABOUR/Mejoras/results_coursera/models/simcse_coursera_hard/sentence-transformers/all-MiniLM-L6-v2,A_semantic_only,91,b1f99c3dcd62,develop business or financial information systems,4361,b0b886822421,2,0.48480045795440674,0.48480045795440674,5.479469299316406,0.1428571492433548,0.5714285969734192,0.4692935645580292,0
/home/jovyan/Joel_Pardo/AI4LABOUR/Mejoras/results_coursera/models/simcse_coursera_hard/sentence-transformers/all-MiniLM-L6-v2,A_semantic_only,91,b1f99c3dcd62,develop business or financial information systems,5038,d81a55777dc2,3,0.46881094574928284,0.46881094574928284,5.300279140472412,0.1428571492433548,0.5714285969734192,0.5307064652442932,0
/home/jovyan/Joel_Pardo/AI4LABOUR/Mejoras/results_coursera/models/simcse_coursera_hard/sentence-transformers/all-MiniLM-L6-v2,A_semantic_only,91,b1f99c3dcd62,develop business or financial information systems,2337,421e3510a425,4,0.4361589848995209,0.4361589848995209,4.9343581199646,0.1111111119389534,0.8571428656578064,0.5489403605461121,0
/home/jovyan/Joel_Pardo/AI4LABOUR/Mejoras/results_coursera/models/simcse_coursera_hard/sentence-transformers/all-MiniLM-L6-v2,A_semantic_only,91,b1f99c3dcd62,develop business or financial information systems,4145,7915162f0c8c,5,0.42939281463623047,0.42939281463623047,4.858531951904297,0.3333333432674408,0.5714285969734192,1.0,0
/home/jovyan/Joel_Pardo/AI4LABOUR/Mejoras/results_coursera/models/simcse_coursera_hard/sentence-transformers/all-MiniLM-L6-v2,A_semantic_only,91,b1f99c3dcd62,develop business or financial information systems,2362,f7f0fbafd43c,6,0.42205244302749634,0.42205244302749634,4.776270389556885,0.1428571492433548,0.5714285969734192,0.4692935645580292,0
/home/jovyan/Joel_Pardo/AI4LABOUR/Mejoras/results_coursera/models/simcse_coursera_hard/sentence-transformers/all-MiniLM-L6-v2,A_semantic_only,91,b1f99c3dcd62,develop business or financial information systems,789,0185cf91ab80,7,0.41113364696502686,0.41113364696502686,4.653906345367432,0.0,0.5714285969734192,0.0,0
/home/jovyan/Joel_Pardo/AI4LABOUR/Mejoras/results_coursera/models/simcse_coursera_hard/sentence-transformers/all-MiniLM-L6-v2,A_semantic_only,91,b1f99c3dcd62,develop business or financial information systems,1628,a817a3b21942,8,0.3830248713493347,0.3830248713493347,4.338899612426758,0.0,0.5714285969734192,0.0,0
/home/jovyan/Joel_Pardo/AI4LABOUR/Mejoras/results_coursera/models/simcse_coursera_hard/sentence-transformers/all-MiniLM-L6-v2,A_semantic_only,91,b1f99c3dcd62,develop business or financial information systems,45,2774df4298ec,9,0.3651236891746521,0.3651236891746521,4.138286113739014,0.1428571492433548,0.5714285969734192,0.4692935645580292,0
/home/jovyan/Joel_Pardo/AI4LABOUR/Mejoras/results_coursera/models/simcse_coursera_hard/sentence-transformers/all-MiniLM-L6-v2,A_semantic_only,91,b1f99c3dcd62,develop business or financial information systems,1873,0084fa936ea8,10,0.35857897996902466,0.35857897996902466,4.06494140625,0.2857142984867096,0.7142857313156128,0.9560241103172302,0
/home/jovyan/Joel_Pardo/AI4LABOUR/Mejoras/results_coursera/models/simcse_coursera_hard/sentence-transformers/all-MiniLM-L6-v2,A_semantic_only,92,3f67b920ee49,evaluate logistics methods to reduce environmental impact,2999,a4a640d71221,1,0.523472249507904,0.523472249507904,6.450155735015869,0.2857142984867096,0.5,1.0,0
/home/jovyan/Joel_Pardo/AI4LABOUR/Mejoras/results_coursera/models/simcse_coursera_hard/sentence-transformers/all-MiniLM-L6-v2,A_semantic_only,92,3f67b920ee49,evaluate logistics methods to reduce environmental impact,5020,d5543f5402aa,2,0.46237674355506897,0.46237674355506897,5.691506862640381,0.1428571492433548,0.375,0.5700430274009705,0
/home/jovyan/Joel_Pardo/AI4LABOUR/Mejoras/results_coursera/models/simcse_coursera_hard/sentence-transformers/all-MiniLM-L6-v2,A_semantic_only,92,3f67b920ee49,evaluate logistics methods to reduce environmental impact,161,0158362822fe,3,0.41385388374328613,0.41385388374328613,5.088977813720703,0.125,0.5,0.46387019753456116,0
/home/jovyan/Joel_Pardo/AI4LABOUR/Mejoras/results_coursera/models/simcse_coursera_hard/sentence-transformers/all-MiniLM-L6-v2,A_semantic_only,92,3f67b920ee49,evaluate logistics methods to reduce environmental impact,2626,d7c46c558d85,4,0.40140992403030396,0.40140992403030396,4.934455871582031,0.1111111119389534,0.75,0.7470283508300781,0
/home/jovyan/Joel_Pardo/AI4LABOUR/Mejoras/results_coursera/models/simcse_coursera_hard/sentence-transformers/all-MiniLM-L6-v2,A_semantic_only,92,3f67b920ee49,evaluate logistics methods to reduce environmental impact,4507,4308d262ba90,5,0.396573007106781,0.396573007106781,4.874393939971924,0.10000000149011612,0.75,0.46834105253219604,0
/home/jovyan/Joel_Pardo/AI4LABOUR/Mejoras/results_coursera/models/simcse_coursera_hard/sentence-transformers/all-MiniLM-L6-v2,A_semantic_only,92,3f67b920ee49,evaluate logistics methods to reduce environmental impact,4845,537673b823b1,6,0.37369099259376526,0.37369099259376526,4.5902581214904785,0.1428571492433548,0.375,0.6748782992362976,0
/home/jovyan/Joel_Pardo/AI4LABOUR/Mejoras/results_coursera/models/simcse_coursera_hard/sentence-transformers/all-MiniLM-L6-v2,A_semantic_only,92,3f67b920ee49,evaluate logistics methods to reduce environmental impact,3914,cb7d94ab2c76,7,0.3718544840812683,0.3718544840812683,4.567453384399414,0.1428571492433548,0.375,0.5940247178077698,0
/home/jovyan/Joel_Pardo/AI4LABOUR/Mejoras/results_coursera/models/simcse_coursera_hard/sentence-transformers/all-MiniLM-L6-v2,A_semantic_only,92,3f67b920ee49,evaluate logistics methods to reduce environmental impact,3227,7165fea5801a,8,0.34774672985076904,0.34774672985076904,4.268096923828125,0.1428571492433548,0.375,0.6748782992362976,0
/home/jovyan/Joel_Pardo/AI4LABOUR/Mejoras/results_coursera/models/simcse_coursera_hard/sentence-transformers/all-MiniLM-L6-v2,A_semantic_only,92,3f67b920ee49,evaluate logistics methods to reduce environmental impact,3250,688e91eeecce,9,0.3412923514842987,0.3412923514842987,4.187950134277344,0.125,0.5,0.4896991550922394,0
/home/jovyan/Joel_Pardo/AI4LABOUR/Mejoras/results_coursera/models/simcse_coursera_hard/sentence-transformers/all-MiniLM-L6-v2,A_semantic_only,92,3f67b920ee49,evaluate logistics methods to reduce environmental impact,3211,bf363c434df6,10,0.33613646030426025,0.33613646030426025,4.123927116394043,0.0,0.7272727489471436,0.14486420154571533,0
/home/jovyan/Joel_Pardo/AI4LABOUR/Mejoras/results_coursera/models/simcse_coursera_hard/sentence-transformers/all-MiniLM-L6-v2,A_semantic_only,93,4b8b2b6692c3,develop business or market strategies,38,425785ffe51d,1,0.6599100828170776,0.6599100828170776,6.906884670257568,0.0,0.6666666865348816,0.0,0
/home/jovyan/Joel_Pardo/AI4LABOUR/Mejoras/results_coursera/models/simcse_coursera_hard/sentence-transformers/all-MiniLM-L6-v2,A_semantic_only,93,4b8b2b6692c3,develop business or market strategies,2364,e7f8b2c6810a,2,0.5766010284423828,0.5766010284423828,6.038527488708496,0.0,0.5,0.0,0
/home/jovyan/Joel_Pardo/AI4LABOUR/Mejoras/results_coursera/models/simcse_coursera_hard/sentence-transformers/all-MiniLM-L6-v2,A_semantic_only,93,4b8b2b6692c3,develop business or market strategies,2189,114fb0d53fa1,3,0.5229381322860718,0.5229381322860718,5.47918176651001,0.5,0.5,1.0,0
/home/jovyan/Joel_Pardo/AI4LABOUR/Mejoras/results_coursera/models/simcse_coursera_hard/sentence-transformers/all-MiniLM-L6-v2,A_semantic_only,93,4b8b2b6692c3,develop business or market strategies,5064,239024953a4f,4,0.4993855953216553,0.4993855953216553,5.233686447143555,0.0,1.0,0.0,0
/home/jovyan/Joel_Pardo/AI4LABOUR/Mejoras/results_coursera/models/simcse_coursera_hard/sentence-transformers/all-MiniLM-L6-v2,A_semantic_only,93,4b8b2b6692c3,develop business or market strategies,3970,6d131a13f0e1,5,0.4947279095649719,0.4947279095649719,5.1851372718811035,0.20000000298023224,0.5,0.5625004172325134,0
/home/jovyan/Joel_Pardo/AI4LABOUR/Mejoras/results_coursera/models/simcse_coursera_hard/sentence-transformers/all-MiniLM-L6-v2,A_semantic_only,93,4b8b2b6692c3,develop business or market strategies,1116,b76fc4fc73f8,6,0.47806650400161743,0.47806650400161743,5.011470317840576,0.20000000298023224,0.5,0.43749961256980896,0
/home/jovyan/Joel_Pardo/AI4LABOUR/Mejoras/results_coursera/models/simcse_coursera_hard/sentence-transformers/all-MiniLM-L6-v2,A_semantic_only,93,4b8b2b6692c3,develop business or market strategies,2345,c2e847d0efe8,7,0.44838595390319824,0.44838595390319824,4.7021002769470215,0.20000000298023224,0.5,0.43749961256980896,0
/home/jovyan/Joel_Pardo/AI4LABOUR/Mejoras/results_coursera/models/simcse_coursera_hard/sentence-transformers/all-MiniLM-L6-v2,A_semantic_only,93,4b8b2b6692c3,develop business or market strategies,1712,0d23c5fd52ea,8,0.43114176392555237,0.43114176392555237,4.5223588943481445,0.0,0.5454545617103577,0.0,0
/home/jovyan/Joel_Pardo/AI4LABOUR/Mejoras/results_coursera/models/simcse_coursera_hard/sentence-transformers/all-MiniLM-L6-v2,A_semantic_only,93,4b8b2b6692c3,develop business or market strategies,5038,d81a55777dc2,9,0.4216936528682709,0.4216936528682709,4.423878192901611,0.0,0.6666666865348816,0.0,0
/home/jovyan/Joel_Pardo/AI4LABOUR/Mejoras/results_coursera/models/simcse_coursera_hard/sentence-transformers/all-MiniLM-L6-v2,A_semantic_only,93,4b8b2b6692c3,develop business or market strategies,4361,b0b886822421,10,0.4177689552307129,0.4177689552307129,4.382969379425049,0.1666666716337204,0.6666666865348816,0.37583687901496887,0
/home/jovyan/Joel_Pardo/AI4LABOUR/Mejoras/results_coursera/models/simcse_coursera_hard/sentence-transformers/all-MiniLM-L6-v2,A_semantic_only,94,832ecabbf00a,develop sustainable business strategies or practices,127,975c4e764bff,1,0.5959676504135132,0.5959676504135132,6.107110023498535,0.4000000059604645,0.4285714328289032,1.0,0
/home/jovyan/Joel_Pardo/AI4LABOUR/Mejoras/results_coursera/models/simcse_coursera_hard/sentence-transformers/all-MiniLM-L6-v2,A_semantic_only,94,832ecabbf00a,develop sustainable business strategies or practices,2189,114fb0d53fa1,2,0.4936046600341797,0.4936046600341797,5.083584785461426,0.4000000059604645,0.4285714328289032,0.9057537913322449,0
/home/jovyan/Joel_Pardo/AI4LABOUR/Mejoras/results_coursera/models/simcse_coursera_hard/sentence-transformers/all-MiniLM-L6-v2,A_semantic_only,94,832ecabbf00a,develop sustainable business strategies or practices,2364,e7f8b2c6810a,3,0.48449093103408813,0.48449093103408813,4.992456912994385,0.0,0.4285714328289032,0.0,0
/home/jovyan/Joel_Pardo/AI4LABOUR/Mejoras/results_coursera/models/simcse_coursera_hard/sentence-transformers/all-MiniLM-L6-v2,A_semantic_only,94,832ecabbf00a,develop sustainable business strategies or practices,38,425785ffe51d,4,0.46106666326522827,0.46106666326522827,4.758237838745117,0.0,0.5714285969734192,0.0,0
/home/jovyan/Joel_Pardo/AI4LABOUR/Mejoras/results_coursera/models/simcse_coursera_hard/sentence-transformers/all-MiniLM-L6-v2,A_semantic_only,94,832ecabbf00a,develop sustainable business strategies or practices,1116,b76fc4fc73f8,5,0.45093461871147156,0.45093461871147156,4.656928062438965,0.1666666716337204,0.4285714328289032,0.396266907453537,0
/home/jovyan/Joel_Pardo/AI4LABOUR/Mejoras/results_coursera/models/simcse_coursera_hard/sentence-transformers/all-MiniLM-L6-v2,A_semantic_only,94,832ecabbf00a,develop sustainable business strategies or practices,2382,2c9191489a0d,6,0.4402778148651123,0.4402778148651123,4.550370693206787,0.1538461595773697,0.46666666865348816,0.37175363302230835,0
/home/jovyan/Joel_Pardo/AI4LABOUR/Mejoras/results_coursera/models/simcse_coursera_hard/sentence-transformers/all-MiniLM-L6-v2,A_semantic_only,94,832ecabbf00a,develop sustainable business strategies or practices,129,dcc7f926782e,7,0.4327392280101776,0.4327392280101776,4.474992752075195,0.1666666716337204,0.4285714328289032,0.6037330627441406,0
/home/jovyan/Joel_Pardo/AI4LABOUR/Mejoras/results_coursera/models/simcse_coursera_hard/sentence-transformers/all-MiniLM-L6-v2,A_semantic_only,94,832ecabbf00a,develop sustainable business strategies or practices,45,2774df4298ec,8,0.43059980869293213,0.43059980869293213,4.4536004066467285,0.1428571492433548,0.5714285969734192,0.34041568636894226,0
/home/jovyan/Joel_Pardo/AI4LABOUR/Mejoras/results_coursera/models/simcse_coursera_hard/sentence-transformers/all-MiniLM-L6-v2,A_semantic_only,94,832ecabbf00a,develop sustainable business strategies or practices,1712,0d23c5fd52ea,9,0.42410898208618164,0.42410898208618164,4.388699054718018,0.0,0.6363636255264282,0.0,0
/home/jovyan/Joel_Pardo/AI4LABOUR/Mejoras/results_coursera/models/simcse_coursera_hard/sentence-transformers/all-MiniLM-L6-v2,A_semantic_only,94,832ecabbf00a,develop sustainable business strategies or practices,4871,1ec141c3fc74,10,0.4226096570491791,0.4226096570491791,4.373707294464111,0.1666666716337204,0.4285714328289032,0.6037330627441406,0
/home/jovyan/Joel_Pardo/AI4LABOUR/Mejoras/results_coursera/models/simcse_coursera_hard/sentence-transformers/all-MiniLM-L6-v2,A_semantic_only,95,7c80e08ee743,prepare financial documents,226,7e56613a2ebc,1,0.6153604984283447,0.6153604984283447,7.575039386749268,0.4000000059604645,0.6666666865348816,0.932079017162323,0
/home/jovyan/Joel_Pardo/AI4LABOUR/Mejoras/results_coursera/models/simcse_coursera_hard/sentence-transformers/all-MiniLM-L6-v2,A_semantic_only,95,7c80e08ee743,prepare financial documents,4590,5d45850c5baa,2,0.5203839540481567,0.5203839540481567,6.394954204559326,0.25,0.75,0.8359322547912598,0
/home/jovyan/Joel_Pardo/AI4LABOUR/Mejoras/results_coursera/models/simcse_coursera_hard/sentence-transformers/all-MiniLM-L6-v2,A_semantic_only,95,7c80e08ee743,prepare financial documents,1089,766934966e97,3,0.5164905190467834,0.5164905190467834,6.346578598022461,0.20000000298023224,1.0,0.4767068326473236,0
/home/jovyan/Joel_Pardo/AI4LABOUR/Mejoras/results_coursera/models/simcse_coursera_hard/sentence-transformers/all-MiniLM-L6-v2,A_semantic_only,95,7c80e08ee743,prepare financial documents,4594,432b2439a32a,4,0.4747057259082794,0.4747057259082794,5.827401638031006,0.0,0.75,0.0,0
/home/jovyan/Joel_Pardo/AI4LABOUR/Mejoras/results_coursera/models/simcse_coursera_hard/sentence-transformers/all-MiniLM-L6-v2,A_semantic_only,95,7c80e08ee743,prepare financial documents,2820,21f64da1e579,5,0.4642345905303955,0.4642345905303955,5.6972975730896,0.3333333432674408,0.5,1.0,0
/home/jovyan/Joel_Pardo/AI4LABOUR/Mejoras/results_coursera/models/simcse_coursera_hard/sentence-transformers/all-MiniLM-L6-v2,A_semantic_only,95,7c80e08ee743,prepare financial documents,170,8b7c50fed2a1,6,0.4549635052680969,0.4549635052680969,5.582104206085205,0.0,0.75,0.0,0
/home/jovyan/Joel_Pardo/AI4LABOUR/Mejoras/results_coursera/models/simcse_coursera_hard/sentence-transformers/all-MiniLM-L6-v2,A_semantic_only,95,7c80e08ee743,prepare financial documents,4228,91aa446c1ed9,7,0.42339104413986206,0.42339104413986206,5.189815998077393,0.0,0.800000011920929,0.0,0
/home/jovyan/Joel_Pardo/AI4LABOUR/Mejoras/results_coursera/models/simcse_coursera_hard/sentence-transformers/all-MiniLM-L6-v2,A_semantic_only,95,7c80e08ee743,prepare financial documents,4856,8854c5efcfea,8,0.4153217077255249,0.4153217077255249,5.089554786682129,0.0,0.75,0.0,0
/home/jovyan/Joel_Pardo/AI4LABOUR/Mejoras/results_coursera/models/simcse_coursera_hard/sentence-transformers/all-MiniLM-L6-v2,A_semantic_only,95,7c80e08ee743,prepare financial documents,855,834fcfea4206,9,0.38740941882133484,0.38740941882133484,4.742743968963623,0.0,0.75,0.0,0
/home/jovyan/Joel_Pardo/AI4LABOUR/Mejoras/results_coursera/models/simcse_coursera_hard/sentence-transformers/all-MiniLM-L6-v2,A_semantic_only,95,7c80e08ee743,prepare financial documents,5219,22c2c205ecca,10,0.376994788646698,0.376994788646698,4.61334228515625,0.25,0.75,0.5549190640449524,0
/home/jovyan/Joel_Pardo/AI4LABOUR/Mejoras/results_coursera/models/simcse_coursera_hard/sentence-transformers/all-MiniLM-L6-v2,A_semantic_only,96,1cbedefabffc,analyze environmental regulations to ensure organizational compliance,3250,688e91eeecce,1,0.480488121509552,0.480488121509552,5.271346569061279,0.125,0.5,0.5600181818008423,0
/home/jovyan/Joel_Pardo/AI4LABOUR/Mejoras/results_coursera/models/simcse_coursera_hard/sentence-transformers/all-MiniLM-L6-v2,A_semantic_only,96,1cbedefabffc,analyze environmental regulations to ensure organizational compliance,3872,4e4ff7039f22,2,0.4497910141944885,0.4497910141944885,4.936108112335205,0.1428571492433548,0.375,0.6693969368934631,0
/home/jovyan/Joel_Pardo/AI4LABOUR/Mejoras/results_coursera/models/simcse_coursera_hard/sentence-transformers/all-MiniLM-L6-v2,A_semantic_only,96,1cbedefabffc,analyze environmental regulations to ensure organizational compliance,4106,7a6199e2dfd9,3,0.4484809339046478,0.4484809339046478,4.9218010902404785,0.06666667014360428,0.5333333611488342,0.2224113494157791,0
/home/jovyan/Joel_Pardo/AI4LABOUR/Mejoras/results_coursera/models/simcse_coursera_hard/sentence-transformers/all-MiniLM-L6-v2,A_semantic_only,96,1cbedefabffc,analyze environmental regulations to ensure organizational compliance,2027,25cf50b99247,4,0.43164902925491333,0.43164902925491333,4.737982273101807,0.0,0.5,0.0,0
/home/jovyan/Joel_Pardo/AI4LABOUR/Mejoras/results_coursera/models/simcse_coursera_hard/sentence-transformers/all-MiniLM-L6-v2,A_semantic_only,96,1cbedefabffc,analyze environmental regulations to ensure organizational compliance,4101,dbf801cd7195,5,0.39293450117111206,0.39293450117111206,4.315186977386475,0.1428571492433548,0.375,0.6063125133514404,0
/home/jovyan/Joel_Pardo/AI4LABOUR/Mejoras/results_coursera/models/simcse_coursera_hard/sentence-transformers/all-MiniLM-L6-v2,A_semantic_only,96,1cbedefabffc,analyze environmental regulations to ensure organizational compliance,2277,e2ee4e5d252a,6,0.38684481382369995,0.38684481382369995,4.248682022094727,0.1428571492433548,0.375,0.6518990993499756,0
/home/jovyan/Joel_Pardo/AI4LABOUR/Mejoras/results_coursera/models/simcse_coursera_hard/sentence-transformers/all-MiniLM-L6-v2,A_semantic_only,96,1cbedefabffc,analyze environmental regulations to ensure organizational compliance,2573,f5d5121e9328,7,0.3854629695415497,0.3854629695415497,4.233591079711914,0.0,0.5,0.0,0
/home/jovyan/Joel_Pardo/AI4LABOUR/Mejoras/results_coursera/models/simcse_coursera_hard/sentence-transformers/all-MiniLM-L6-v2,A_semantic_only,96,1cbedefabffc,analyze environmental regulations to ensure organizational compliance,3522,2ad74838885a,8,0.3803810477256775,0.3803810477256775,4.1780924797058105,0.0,0.5,0.0,0
/home/jovyan/Joel_Pardo/AI4LABOUR/Mejoras/results_coursera/models/simcse_coursera_hard/sentence-transformers/all-MiniLM-L6-v2,A_semantic_only,96,1cbedefabffc,analyze environmental regulations to ensure organizational compliance,3401,ee6929dafa83,9,0.36796295642852783,0.36796295642852783,4.042476177215576,0.1666666716337204,0.25,1.0,0
/home/jovyan/Joel_Pardo/AI4LABOUR/Mejoras/results_coursera/models/simcse_coursera_hard/sentence-transformers/all-MiniLM-L6-v2,A_semantic_only,96,1cbedefabffc,analyze environmental regulations to ensure organizational compliance,2387,40e62b2fd836,10,0.3654317855834961,0.3654317855834961,4.014833927154541,0.1428571492433548,0.375,0.6518990993499756,0
/home/jovyan/Joel_Pardo/AI4LABOUR/Mejoras/results_coursera/models/simcse_coursera_hard/sentence-transformers/all-MiniLM-L6-v2,A_semantic_only,97,48c561c86be0,create graphical representations of industrial production systems,523,910ef5c9cb44,1,0.412161648273468,0.412161648273468,5.032691478729248,0.0,0.5,0.0,0
/home/jovyan/Joel_Pardo/AI4LABOUR/Mejoras/results_coursera/models/simcse_coursera_hard/sentence-transformers/all-MiniLM-L6-v2,A_semantic_only,97,48c561c86be0,create graphical representations of industrial production systems,4772,25ce88e1c1a2,2,0.4079105257987976,0.4079105257987976,4.980616092681885,0.0,0.375,0.0,0
/home/jovyan/Joel_Pardo/AI4LABOUR/Mejoras/results_coursera/models/simcse_coursera_hard/sentence-transformers/all-MiniLM-L6-v2,A_semantic_only,97,48c561c86be0,create graphical representations of industrial production systems,4268,5ac20d595bff,3,0.40112054347991943,0.40112054347991943,4.897439956665039,0.1428571492433548,0.375,0.9374826550483704,0
/home/jovyan/Joel_Pardo/AI4LABOUR/Mejoras/results_coursera/models/simcse_coursera_hard/sentence-transformers/all-MiniLM-L6-v2,A_semantic_only,97,48c561c86be0,create graphical representations of industrial production systems,2009,02fcad137687,4,0.37145406007766724,0.37145406007766724,4.534029960632324,0.0,0.375,0.0,0
/home/jovyan/Joel_Pardo/AI4LABOUR/Mejoras/results_coursera/models/simcse_coursera_hard/sentence-transformers/all-MiniLM-L6-v2,A_semantic_only,97,48c561c86be0,create graphical representations of industrial production systems,1603,5cb21f7c9423,5,0.3397684693336487,0.3397684693336487,4.1458868980407715,0.0,0.25,0.0,0
/home/jovyan/Joel_Pardo/AI4LABOUR/Mejoras/results_coursera/models/simcse_coursera_hard/sentence-transformers/all-MiniLM-L6-v2,A_semantic_only,97,48c561c86be0,create graphical representations of industrial production systems,1418,9261737dd80c,6,0.33736488223075867,0.33736488223075867,4.116443157196045,0.07692307978868484,0.6153846383094788,0.23758915066719055,0
/home/jovyan/Joel_Pardo/AI4LABOUR/Mejoras/results_coursera/models/simcse_coursera_hard/sentence-transformers/all-MiniLM-L6-v2,A_semantic_only,97,48c561c86be0,create graphical representations of industrial production systems,1010,bd114dab69b8,7,0.3323741853237152,0.3323741853237152,4.055307865142822,0.0,0.5,0.0,0
/home/jovyan/Joel_Pardo/AI4LABOUR/Mejoras/results_coursera/models/simcse_coursera_hard/sentence-transformers/all-MiniLM-L6-v2,A_semantic_only,97,48c561c86be0,create graphical representations of industrial production systems,1911,a94c420734a9,8,0.32592350244522095,0.32592350244522095,3.976288080215454,0.0,0.5,0.0,0
/home/jovyan/Joel_Pardo/AI4LABOUR/Mejoras/results_coursera/models/simcse_coursera_hard/sentence-transformers/all-MiniLM-L6-v2,A_semantic_only,97,48c561c86be0,create graphical representations of industrial production systems,3453,3043072f29b7,9,0.32086411118507385,0.32086411118507385,3.914311408996582,0.125,0.5,0.4686279594898224,0
/home/jovyan/Joel_Pardo/AI4LABOUR/Mejoras/results_coursera/models/simcse_coursera_hard/sentence-transformers/all-MiniLM-L6-v2,A_semantic_only,97,48c561c86be0,create graphical representations of industrial production systems,3979,9e51eeb429ae,10,0.3055594265460968,0.3055594265460968,3.7268314361572266,0.1428571492433548,0.375,0.545514702796936,0
/home/jovyan/Joel_Pardo/AI4LABOUR/Mejoras/results_coursera/models/simcse_coursera_hard/sentence-transformers/all-MiniLM-L6-v2,A_semantic_only,98,207462e43a8e,estimate technical or resource requirements for development or production projects,46,a3db224ea72e,1,0.4619810879230499,0.4619810879230499,5.185358047485352,0.0,0.3636363744735718,0.0,0
/home/jovyan/Joel_Pardo/AI4LABOUR/Mejoras/results_coursera/models/simcse_coursera_hard/sentence-transformers/all-MiniLM-L6-v2,A_semantic_only,98,207462e43a8e,estimate technical or resource requirements for development or production projects,4342,2ee8e7421336,2,0.39812296628952026,0.39812296628952026,4.4901933670043945,0.0,0.3636363744735718,0.0,0
/home/jovyan/Joel_Pardo/AI4LABOUR/Mejoras/results_coursera/models/simcse_coursera_hard/sentence-transformers/all-MiniLM-L6-v2,A_semantic_only,98,207462e43a8e,estimate technical or resource requirements for development or production projects,4291,96c1ae3158a7,3,0.39611321687698364,0.39611321687698364,4.468315124511719,0.0,0.3636363744735718,0.0,0
/home/jovyan/Joel_Pardo/AI4LABOUR/Mejoras/results_coursera/models/simcse_coursera_hard/sentence-transformers/all-MiniLM-L6-v2,A_semantic_only,98,207462e43a8e,estimate technical or resource requirements for development or production projects,5207,e7b5a7f54463,4,0.3944506049156189,0.3944506049156189,4.450215816497803,0.0,0.4545454680919647,0.0,0
/home/jovyan/Joel_Pardo/AI4LABOUR/Mejoras/results_coursera/models/simcse_coursera_hard/sentence-transformers/all-MiniLM-L6-v2,A_semantic_only,98,207462e43a8e,estimate technical or resource requirements for development or production projects,4562,f45fd7dd887f,5,0.38128483295440674,0.38128483295440674,4.306892395019531,0.0,0.5454545617103577,0.0,0
/home/jovyan/Joel_Pardo/AI4LABOUR/Mejoras/results_coursera/models/simcse_coursera_hard/sentence-transformers/all-MiniLM-L6-v2,A_semantic_only,98,207462e43a8e,estimate technical or resource requirements for development or production projects,617,3893cbb4049e,6,0.3811953663825989,0.3811953663825989,4.305918216705322,0.125,0.27272728085517883,0.7084285020828247,0
/home/jovyan/Joel_Pardo/AI4LABOUR/Mejoras/results_coursera/models/simcse_coursera_hard/sentence-transformers/all-MiniLM-L6-v2,A_semantic_only,98,207462e43a8e,estimate technical or resource requirements for development or production projects,4561,7dbb7909a0ac,7,0.36075013875961304,0.36075013875961304,4.08335018157959,0.10000000149011612,0.5454545617103577,0.4353587031364441,0
/home/jovyan/Joel_Pardo/AI4LABOUR/Mejoras/results_coursera/models/simcse_coursera_hard/sentence-transformers/all-MiniLM-L6-v2,A_semantic_only,98,207462e43a8e,estimate technical or resource requirements for development or production projects,504,74434e985ee7,8,0.3604748845100403,0.3604748845100403,4.080353736877441,0.0,0.5454545617103577,0.0,0
/home/jovyan/Joel_Pardo/AI4LABOUR/Mejoras/results_coursera/models/simcse_coursera_hard/sentence-transformers/all-MiniLM-L6-v2,A_semantic_only,98,207462e43a8e,estimate technical or resource requirements for development or production projects,2873,443ab50a6351,9,0.358798623085022,0.358798623085022,4.062105655670166,0.25,0.3636363744735718,1.0,0
/home/jovyan/Joel_Pardo/AI4LABOUR/Mejoras/results_coursera/models/simcse_coursera_hard/sentence-transformers/all-MiniLM-L6-v2,A_semantic_only,98,207462e43a8e,estimate technical or resource requirements for development or production projects,2300,754666b07e71,10,0.35815632343292236,0.35815632343292236,4.055113792419434,0.0714285746216774,0.7857142686843872,0.46871286630630493,0
/home/jovyan/Joel_Pardo/AI4LABOUR/Mejoras/results_coursera/models/simcse_coursera_hard/sentence-transformers/all-MiniLM-L6-v2,A_semantic_only,99,78b76b55f875,assess product or process usefulness,759,6a82d63d15a6,1,0.5348179340362549,0.5348179340362549,6.249309062957764,0.20000000298023224,0.5,0.7130796313285828,0
/home/jovyan/Joel_Pardo/AI4LABOUR/Mejoras/results_coursera/models/simcse_coursera_hard/sentence-transformers/all-MiniLM-L6-v2,A_semantic_only,99,78b76b55f875,assess product or process usefulness,78,cefdec315735,2,0.4612661302089691,0.4612661302089691,5.385244369506836,0.1666666716337204,0.6666666865348816,0.67899090051651,0
/home/jovyan/Joel_Pardo/AI4LABOUR/Mejoras/results_coursera/models/simcse_coursera_hard/sentence-transformers/all-MiniLM-L6-v2,A_semantic_only,99,78b76b55f875,assess product or process usefulness,4508,ecc817d35eef,3,0.4510258436203003,0.4510258436203003,5.264944553375244,0.20000000298023224,0.5,0.7903913855552673,0
/home/jovyan/Joel_Pardo/AI4LABOUR/Mejoras/results_coursera/models/simcse_coursera_hard/sentence-transformers/all-MiniLM-L6-v2,A_semantic_only,99,78b76b55f875,assess product or process usefulness,3303,8dee13915ca0,4,0.43146222829818726,0.43146222829818726,5.035116672515869,0.2857142984867096,0.75,0.8259292840957642,0
/home/jovyan/Joel_Pardo/AI4LABOUR/Mejoras/results_coursera/models/simcse_coursera_hard/sentence-transformers/all-MiniLM-L6-v2,A_semantic_only,99,78b76b55f875,assess product or process usefulness,4292,ff6daf55d1d8,5,0.42794424295425415,0.42794424295425415,4.993788242340088,0.1666666716337204,0.6666666865348816,0.67899090051651,0
/home/jovyan/Joel_Pardo/AI4LABOUR/Mejoras/results_coursera/models/simcse_coursera_hard/sentence-transformers/all-MiniLM-L6-v2,A_semantic_only,99,78b76b55f875,assess product or process usefulness,4791,baded3c66d4d,6,0.42011117935180664,0.42011117935180664,4.901767730712891,0.1666666716337204,1.0,0.4778703451156616,0
/home/jovyan/Joel_Pardo/AI4LABOUR/Mejoras/results_coursera/models/simcse_coursera_hard/sentence-transformers/all-MiniLM-L6-v2,A_semantic_only,99,78b76b55f875,assess product or process usefulness,80,5402ba93471c,7,0.4169333577156067,0.4169333577156067,4.86443567276001,0.1666666716337204,0.6666666865348816,0.67899090051651,0
/home/jovyan/Joel_Pardo/AI4LABOUR/Mejoras/results_coursera/models/simcse_coursera_hard/sentence-transformers/all-MiniLM-L6-v2,A_semantic_only,99,78b76b55f875,assess product or process usefulness,756,d5200b2d3f2b,8,0.41089940071105957,0.41089940071105957,4.793550491333008,0.20000000298023224,0.5,0.7130796313285828,0
/home/jovyan/Joel_Pardo/AI4LABOUR/Mejoras/results_coursera/models/simcse_coursera_hard/sentence-transformers/all-MiniLM-L6-v2,A_semantic_only,99,78b76b55f875,assess product or process usefulness,4061,d08315cf2b4b,9,0.3968730866909027,0.3968730866909027,4.6287736892700195,0.20000000298023224,0.5,0.7130796313285828,0
/home/jovyan/Joel_Pardo/AI4LABOUR/Mejoras/results_coursera/models/simcse_coursera_hard/sentence-transformers/all-MiniLM-L6-v2,A_semantic_only,99,78b76b55f875,assess product or process usefulness,5134,29c1e14899e6,10,0.3863992989063263,0.3863992989063263,4.505730628967285,0.0,0.6666666865348816,0.0,0
/home/jovyan/Joel_Pardo/AI4LABOUR/Mejoras/results_coursera/models/simcse_coursera_hard/sentence-transformers/all-MiniLM-L6-v2,A_semantic_only,100,6002eddcd7d0,resolve operational performance problems,2936,50c9c563c764,1,0.48461735248565674,0.48461735248565674,5.903601169586182,0.20000000298023224,0.6000000238418579,0.8359322547912598,0
/home/jovyan/Joel_Pardo/AI4LABOUR/Mejoras/results_coursera/models/simcse_coursera_hard/sentence-transformers/all-MiniLM-L6-v2,A_semantic_only,100,6002eddcd7d0,resolve operational performance problems,5097,b18de4af858c,2,0.4819776713848114,0.4819776713848114,5.8716206550598145,0.1666666716337204,0.800000011920929,0.7181130647659302,0
/home/jovyan/Joel_Pardo/AI4LABOUR/Mejoras/results_coursera/models/simcse_coursera_hard/sentence-transformers/all-MiniLM-L6-v2,A_semantic_only,100,6002eddcd7d0,resolve operational performance problems,3691,683be8b6f028,3,0.430514395236969,0.430514395236969,5.248124599456787,0.1666666716337204,0.800000011920929,0.7181130647659302,0
/home/jovyan/Joel_Pardo/AI4LABOUR/Mejoras/results_coursera/models/simcse_coursera_hard/sentence-transformers/all-MiniLM-L6-v2,A_semantic_only,100,6002eddcd7d0,resolve operational performance problems,2528,9fb8b881e40a,4,0.40888893604278564,0.40888893604278564,4.986124515533447,0.1428571492433548,1.0,0.6294028759002686,0
/home/jovyan/Joel_Pardo/AI4LABOUR/Mejoras/results_coursera/models/simcse_coursera_hard/sentence-transformers/all-MiniLM-L6-v2,A_semantic_only,100,6002eddcd7d0,resolve operational performance problems,2206,2d6089baf90f,5,0.39592087268829346,0.39592087268829346,4.8290114402771,0.0,0.6000000238418579,0.0,0
/home/jovyan/Joel_Pardo/AI4LABOUR/Mejoras/results_coursera/models/simcse_coursera_hard/sentence-transformers/all-MiniLM-L6-v2,A_semantic_only,100,6002eddcd7d0,resolve operational performance problems,2307,0d8ee81558b5,6,0.39421772956848145,0.39421772956848145,4.808377265930176,0.20000000298023224,0.6000000238418579,0.8359322547912598,0
/home/jovyan/Joel_Pardo/AI4LABOUR/Mejoras/results_coursera/models/simcse_coursera_hard/sentence-transformers/all-MiniLM-L6-v2,A_semantic_only,100,6002eddcd7d0,resolve operational performance problems,44,3fd4fe53e04b,7,0.3907565176486969,0.3907565176486969,4.766443729400635,0.20000000298023224,0.6000000238418579,0.8359322547912598,0
/home/jovyan/Joel_Pardo/AI4LABOUR/Mejoras/results_coursera/models/simcse_coursera_hard/sentence-transformers/all-MiniLM-L6-v2,A_semantic_only,100,6002eddcd7d0,resolve operational performance problems,4133,9bd3bb772dfb,8,0.3641396164894104,0.3641396164894104,4.443970203399658,0.20000000298023224,0.6000000238418579,0.8359322547912598,0
/home/jovyan/Joel_Pardo/AI4LABOUR/Mejoras/results_coursera/models/simcse_coursera_hard/sentence-transformers/all-MiniLM-L6-v2,A_semantic_only,100,6002eddcd7d0,resolve operational performance problems,4062,f5cd1e11c87f,9,0.36097803711891174,0.36097803711891174,4.405666351318359,0.0,0.6000000238418579,0.0,0
/home/jovyan/Joel_Pardo/AI4LABOUR/Mejoras/results_coursera/models/simcse_coursera_hard/sentence-transformers/all-MiniLM-L6-v2,A_semantic_only,100,6002eddcd7d0,resolve operational performance problems,1207,cde3daee3654,10,0.3500009775161743,0.3500009775161743,4.272675514221191,0.1428571492433548,1.0,0.6294028759002686,0
/home/jovyan/Joel_Pardo/AI4LABOUR/Mejoras/results_coursera/models/simcse_coursera_hard/sentence-transformers/all-MiniLM-L6-v2,A_semantic_only,101,ae138f31c069,"purchase materials, equipment, or other resources",937,43b6a406ef58,1,0.3964771628379822,0.3964771628379822,5.7193450927734375,0.0,0.7142857313156128,0.0,0
/home/jovyan/Joel_Pardo/AI4LABOUR/Mejoras/results_coursera/models/simcse_coursera_hard/sentence-transformers/all-MiniLM-L6-v2,A_semantic_only,101,ae138f31c069,"purchase materials, equipment, or other resources",2641,414d1ab8da6a,2,0.3932178020477295,0.3932178020477295,5.672846794128418,0.1428571492433548,0.5714285969734192,0.9565705060958862,0
/home/jovyan/Joel_Pardo/AI4LABOUR/Mejoras/results_coursera/models/simcse_coursera_hard/sentence-transformers/all-MiniLM-L6-v2,A_semantic_only,101,ae138f31c069,"purchase materials, equipment, or other resources",1059,96ab4e163f4e,3,0.3419951796531677,0.3419951796531677,4.942098140716553,0.0,0.2857142984867096,0.0,0
/home/jovyan/Joel_Pardo/AI4LABOUR/Mejoras/results_coursera/models/simcse_coursera_hard/sentence-transformers/all-MiniLM-L6-v2,A_semantic_only,101,ae138f31c069,"purchase materials, equipment, or other resources",4864,b4b65dd80416,4,0.33761802315711975,0.33761802315711975,4.879652976989746,0.1666666716337204,0.4285714328289032,0.8359322547912598,0
/home/jovyan/Joel_Pardo/AI4LABOUR/Mejoras/results_coursera/models/simcse_coursera_hard/sentence-transformers/all-MiniLM-L6-v2,A_semantic_only,101,ae138f31c069,"purchase materials, equipment, or other resources",74,2d2ac038a838,5,0.3332725167274475,0.3332725167274475,4.817659378051758,0.20000000298023224,0.2857142984867096,1.0,0
/home/jovyan/Joel_Pardo/AI4LABOUR/Mejoras/results_coursera/models/simcse_coursera_hard/sentence-transformers/all-MiniLM-L6-v2,A_semantic_only,101,ae138f31c069,"purchase materials, equipment, or other resources",2874,656114a38931,6,0.30081480741500854,0.30081480741500854,4.354613304138184,0.1666666716337204,0.4285714328289032,0.8359322547912598,0
/home/jovyan/Joel_Pardo/AI4LABOUR/Mejoras/results_coursera/models/simcse_coursera_hard/sentence-transformers/all-MiniLM-L6-v2,A_semantic_only,101,ae138f31c069,"purchase materials, equipment, or other resources",4415,859f5dcf8041,7,0.2989823818206787,0.2989823818206787,4.328471660614014,0.0833333358168602,0.5384615659713745,0.3165597915649414,0
/home/jovyan/Joel_Pardo/AI4LABOUR/Mejoras/results_coursera/models/simcse_coursera_hard/sentence-transformers/all-MiniLM-L6-v2,A_semantic_only,101,ae138f31c069,"purchase materials, equipment, or other resources",4866,8e4d0a700359,8,0.28939318656921387,0.28939318656921387,4.191670894622803,0.1666666716337204,0.4285714328289032,0.8359322547912598,0
/home/jovyan/Joel_Pardo/AI4LABOUR/Mejoras/results_coursera/models/simcse_coursera_hard/sentence-transformers/all-MiniLM-L6-v2,A_semantic_only,101,ae138f31c069,"purchase materials, equipment, or other resources",4453,d9ea7797e0d6,9,0.287715345621109,0.287715345621109,4.167734622955322,0.10000000149011612,0.699999988079071,0.38908183574676514,0
/home/jovyan/Joel_Pardo/AI4LABOUR/Mejoras/results_coursera/models/simcse_coursera_hard/sentence-transformers/all-MiniLM-L6-v2,A_semantic_only,101,ae138f31c069,"purchase materials, equipment, or other resources",3702,f492b215b3fe,10,0.2871513366699219,0.2871513366699219,4.159688472747803,0.0,0.4285714328289032,0.0,0
/home/jovyan/Joel_Pardo/AI4LABOUR/Mejoras/results_coursera/models/simcse_coursera_hard/sentence-transformers/all-MiniLM-L6-v2,A_semantic_only,102,f2c8cd5b27ab,evaluate designs or specifications to ensure quality,3280,381a707f2810,1,0.601920485496521,0.601920485496521,6.137758731842041,0.1666666716337204,0.375,0.7459685206413269,0
/home/jovyan/Joel_Pardo/AI4LABOUR/Mejoras/results_coursera/models/simcse_coursera_hard/sentence-transformers/all-MiniLM-L6-v2,A_semantic_only,102,f2c8cd5b27ab,evaluate designs or specifications to ensure quality,3775,8d3da080c247,2,0.5706661939620972,0.5706661939620972,5.815032482147217,0.1428571492433548,0.625,0.5616660118103027,0
/home/jovyan/Joel_Pardo/AI4LABOUR/Mejoras/results_coursera/models/simcse_coursera_hard/sentence-transformers/all-MiniLM-L6-v2,A_semantic_only,102,f2c8cd5b27ab,evaluate designs or specifications to ensure quality,2725,df8561d60643,3,0.5400574207305908,0.5400574207305908,5.498971939086914,0.0,0.375,0.0,0
/home/jovyan/Joel_Pardo/AI4LABOUR/Mejoras/results_coursera/models/simcse_coursera_hard/sentence-transformers/all-MiniLM-L6-v2,A_semantic_only,102,f2c8cd5b27ab,evaluate designs or specifications to ensure quality,5211,4da88cffef86,4,0.5130416750907898,0.5130416750907898,5.220012187957764,0.1666666716337204,0.375,0.7459685206413269,0
/home/jovyan/Joel_Pardo/AI4LABOUR/Mejoras/results_coursera/models/simcse_coursera_hard/sentence-transformers/all-MiniLM-L6-v2,A_semantic_only,102,f2c8cd5b27ab,evaluate designs or specifications to ensure quality,5134,29c1e14899e6,5,0.5099778771400452,0.5099778771400452,5.188375949859619,0.1428571492433548,0.5,0.6408291459083557,0
/home/jovyan/Joel_Pardo/AI4LABOUR/Mejoras/results_coursera/models/simcse_coursera_hard/sentence-transformers/all-MiniLM-L6-v2,A_semantic_only,102,f2c8cd5b27ab,evaluate designs or specifications to ensure quality,2368,0b023ddd2b5a,6,0.42402559518814087,0.42402559518814087,4.300848484039307,0.1666666716337204,0.375,0.7459685206413269,0
/home/jovyan/Joel_Pardo/AI4LABOUR/Mejoras/results_coursera/models/simcse_coursera_hard/sentence-transformers/all-MiniLM-L6-v2,A_semantic_only,102,f2c8cd5b27ab,evaluate designs or specifications to ensure quality,619,724f875fd92b,7,0.4222012460231781,0.4222012460231781,4.282010555267334,0.0,0.375,0.0,0
/home/jovyan/Joel_Pardo/AI4LABOUR/Mejoras/results_coursera/models/simcse_coursera_hard/sentence-transformers/all-MiniLM-L6-v2,A_semantic_only,102,f2c8cd5b27ab,evaluate designs or specifications to ensure quality,4133,9bd3bb772dfb,8,0.4002748727798462,0.4002748727798462,4.05560302734375,0.0,0.375,0.0,0
/home/jovyan/Joel_Pardo/AI4LABOUR/Mejoras/results_coursera/models/simcse_coursera_hard/sentence-transformers/all-MiniLM-L6-v2,A_semantic_only,102,f2c8cd5b27ab,evaluate designs or specifications to ensure quality,2052,d66636b253cb,9,0.39011093974113464,0.39011093974113464,3.9506518840789795,0.20000000298023224,0.25,0.8923791646957397,0
/home/jovyan/Joel_Pardo/AI4LABOUR/Mejoras/results_coursera/models/simcse_coursera_hard/sentence-transformers/all-MiniLM-L6-v2,A_semantic_only,102,f2c8cd5b27ab,evaluate designs or specifications to ensure quality,4130,a7c4c4994d02,10,0.3883496820926666,0.3883496820926666,3.9324655532836914,0.1666666716337204,0.375,0.7459685206413269,0
/home/jovyan/Joel_Pardo/AI4LABOUR/Mejoras/results_coursera/models/simcse_coursera_hard/sentence-transformers/all-MiniLM-L6-v2,A_semantic_only,103,6680fc36f234,provide technical guidance to other personnel,4854,3da636e70e82,1,0.4714406132698059,0.4714406132698059,6.226401329040527,0.1666666716337204,0.4285714328289032,0.9374826550483704,0
/home/jovyan/Joel_Pardo/AI4LABOUR/Mejoras/results_coursera/models/simcse_coursera_hard/sentence-transformers/all-MiniLM-L6-v2,A_semantic_only,103,6680fc36f234,provide technical guidance to other personnel,4858,00c2ee3c138c,2,0.3894871473312378,0.3894871473312378,5.156058311462402,0.1666666716337204,0.4285714328289032,0.9374826550483704,0
/home/jovyan/Joel_Pardo/AI4LABOUR/Mejoras/results_coursera/models/simcse_coursera_hard/sentence-transformers/all-MiniLM-L6-v2,A_semantic_only,103,6680fc36f234,provide technical guidance to other personnel,1607,6544768291be,3,0.36906641721725464,0.36906641721725464,4.8893561363220215,0.1666666716337204,0.4285714328289032,0.7223473191261292,0
/home/jovyan/Joel_Pardo/AI4LABOUR/Mejoras/results_coursera/models/simcse_coursera_hard/sentence-transformers/all-MiniLM-L6-v2,A_semantic_only,103,6680fc36f234,provide technical guidance to other personnel,3215,d4793dfe8103,4,0.34519460797309875,0.34519460797309875,4.577581405639648,0.125,1.0,0.6955372095108032,0
/home/jovyan/Joel_Pardo/AI4LABOUR/Mejoras/results_coursera/models/simcse_coursera_hard/sentence-transformers/all-MiniLM-L6-v2,A_semantic_only,103,6680fc36f234,provide technical guidance to other personnel,2912,65b13af81036,5,0.3263351619243622,0.3263351619243622,4.331270217895508,0.1666666716337204,0.4285714328289032,0.7223473191261292,0
/home/jovyan/Joel_Pardo/AI4LABOUR/Mejoras/results_coursera/models/simcse_coursera_hard/sentence-transformers/all-MiniLM-L6-v2,A_semantic_only,103,6680fc36f234,provide technical guidance to other personnel,3569,b90a5f932e75,6,0.3210272192955017,0.3210272192955017,4.261946201324463,0.0,0.699999988079071,0.0,0
/home/jovyan/Joel_Pardo/AI4LABOUR/Mejoras/results_coursera/models/simcse_coursera_hard/sentence-transformers/all-MiniLM-L6-v2,A_semantic_only,103,6680fc36f234,provide technical guidance to other personnel,1556,62317ddbee32,7,0.31867268681526184,0.31867268681526184,4.231195449829102,0.0,0.8571428656578064,0.0,0
/home/jovyan/Joel_Pardo/AI4LABOUR/Mejoras/results_coursera/models/simcse_coursera_hard/sentence-transformers/all-MiniLM-L6-v2,A_semantic_only,103,6680fc36f234,provide technical guidance to other personnel,5214,4d29d09f4c1d,8,0.3114199638366699,0.3114199638366699,4.136472225189209,0.10000000149011612,0.699999988079071,0.3362140953540802,0
/home/jovyan/Joel_Pardo/AI4LABOUR/Mejoras/results_coursera/models/simcse_coursera_hard/sentence-transformers/all-MiniLM-L6-v2,A_semantic_only,103,6680fc36f234,provide technical guidance to other personnel,4453,d9ea7797e0d6,9,0.29955339431762695,0.29955339431762695,3.981490135192871,0.10000000149011612,0.699999988079071,0.5361936092376709,0
/home/jovyan/Joel_Pardo/AI4LABOUR/Mejoras/results_coursera/models/simcse_coursera_hard/sentence-transformers/all-MiniLM-L6-v2,A_semantic_only,103,6680fc36f234,provide technical guidance to other personnel,4558,7b0342e1d11a,10,0.2895207107067108,0.2895207107067108,3.850459575653076,0.1111111119389534,0.8571428656578064,0.48408105969429016,0
/home/jovyan/Joel_Pardo/AI4LABOUR/Mejoras/results_coursera/models/simcse_coursera_hard/sentence-transformers/all-MiniLM-L6-v2,A_semantic_only,104,985eed507e3a,analyze costs and benefits of proposed designs or projects,3881,9d47012eb2ca,1,0.576047956943512,0.576047956943512,6.1547651290893555,0.0,0.4000000059604645,0.0,0
/home/jovyan/Joel_Pardo/AI4LABOUR/Mejoras/results_coursera/models/simcse_coursera_hard/sentence-transformers/all-MiniLM-L6-v2,A_semantic_only,104,985eed507e3a,analyze costs and benefits of proposed designs or projects,5207,e7b5a7f54463,2,0.48246461153030396,0.48246461153030396,5.181394577026367,0.0,0.5,0.2170133888721466,0
/home/jovyan/Joel_Pardo/AI4LABOUR/Mejoras/results_coursera/models/simcse_coursera_hard/sentence-transformers/all-MiniLM-L6-v2,A_semantic_only,104,985eed507e3a,analyze costs and benefits of proposed designs or projects,4342,2ee8e7421336,3,0.47528213262557983,0.47528213262557983,5.106688976287842,0.0,0.4000000059604645,0.0,0
/home/jovyan/Joel_Pardo/AI4LABOUR/Mejoras/results_coursera/models/simcse_coursera_hard/sentence-transformers/all-MiniLM-L6-v2,A_semantic_only,104,985eed507e3a,analyze costs and benefits of proposed designs or projects,2300,754666b07e71,4,0.4530377984046936,0.4530377984046936,4.8753228187561035,0.07692307978868484,0.7142857313156128,0.6208434700965881,0
/home/jovyan/Joel_Pardo/AI4LABOUR/Mejoras/results_coursera/models/simcse_coursera_hard/sentence-transformers/all-MiniLM-L6-v2,A_semantic_only,104,985eed507e3a,analyze costs and benefits of proposed designs or projects,4134,79c4dd20b5f2,5,0.4388945400714874,0.4388945400714874,4.728217601776123,0.0,0.30000001192092896,0.0,0
/home/jovyan/Joel_Pardo/AI4LABOUR/Mejoras/results_coursera/models/simcse_coursera_hard/sentence-transformers/all-MiniLM-L6-v2,A_semantic_only,104,985eed507e3a,analyze costs and benefits of proposed designs or projects,3373,f8d0bd176b39,6,0.4369994103908539,0.4369994103908539,4.708506107330322,0.0,0.5,0.2170133888721466,0
/home/jovyan/Joel_Pardo/AI4LABOUR/Mejoras/results_coursera/models/simcse_coursera_hard/sentence-transformers/all-MiniLM-L6-v2,A_semantic_only,104,985eed507e3a,analyze costs and benefits of proposed designs or projects,4585,9dfad2b7ba24,7,0.4260217547416687,0.4260217547416687,4.594326019287109,0.0,0.4000000059604645,0.0,0
/home/jovyan/Joel_Pardo/AI4LABOUR/Mejoras/results_coursera/models/simcse_coursera_hard/sentence-transformers/all-MiniLM-L6-v2,A_semantic_only,104,985eed507e3a,analyze costs and benefits of proposed designs or projects,4292,ff6daf55d1d8,8,0.40121299028396606,0.40121299028396606,4.336287498474121,0.0,0.4000000059604645,0.0,0
/home/jovyan/Joel_Pardo/AI4LABOUR/Mejoras/results_coursera/models/simcse_coursera_hard/sentence-transformers/all-MiniLM-L6-v2,A_semantic_only,104,985eed507e3a,analyze costs and benefits of proposed designs or projects,4828,0207b591a5d5,9,0.39111554622650146,0.39111554622650146,4.231262683868408,0.1428571492433548,0.30000001192092896,0.8758445382118225,0
/home/jovyan/Joel_Pardo/AI4LABOUR/Mejoras/results_coursera/models/simcse_coursera_hard/sentence-transformers/all-MiniLM-L6-v2,A_semantic_only,104,985eed507e3a,analyze costs and benefits of proposed designs or projects,1478,74af9c11434d,10,0.3910750448703766,0.3910750448703766,4.230841636657715,0.0,0.30000001192092896,0.0,0
/home/jovyan/Joel_Pardo/AI4LABOUR/Mejoras/results_coursera/models/simcse_coursera_hard/sentence-transformers/all-MiniLM-L6-v2,A_semantic_only,105,8bb47fa10a52,investigate the environmental impact of projects,5020,d5543f5402aa,1,0.6511527299880981,0.6511527299880981,7.496744632720947,0.20000000298023224,0.4285714328289032,0.5700430274009705,0
/home/jovyan/Joel_Pardo/AI4LABOUR/Mejoras/results_coursera/models/simcse_coursera_hard/sentence-transformers/all-MiniLM-L6-v2,A_semantic_only,105,8bb47fa10a52,investigate the environmental impact of projects,2999,a4a640d71221,2,0.6074058413505554,0.6074058413505554,6.977337837219238,0.4000000059604645,0.5714285969734192,1.0,0
/home/jovyan/Joel_Pardo/AI4LABOUR/Mejoras/results_coursera/models/simcse_coursera_hard/sentence-transformers/all-MiniLM-L6-v2,A_semantic_only,105,8bb47fa10a52,investigate the environmental impact of projects,4187,2d883d5e00ea,3,0.5395721197128296,0.5395721197128296,6.171947956085205,0.20000000298023224,0.4285714328289032,0.5700430274009705,0
/home/jovyan/Joel_Pardo/AI4LABOUR/Mejoras/results_coursera/models/simcse_coursera_hard/sentence-transformers/all-MiniLM-L6-v2,A_semantic_only,105,8bb47fa10a52,investigate the environmental impact of projects,2300,754666b07e71,4,0.5307371020317078,0.5307371020317078,6.067049980163574,0.09090909361839294,0.5,0.643685519695282,0
/home/jovyan/Joel_Pardo/AI4LABOUR/Mejoras/results_coursera/models/simcse_coursera_hard/sentence-transformers/all-MiniLM-L6-v2,A_semantic_only,105,8bb47fa10a52,investigate the environmental impact of projects,4497,cfd44fc1bab7,5,0.500097930431366,0.500097930431366,5.70327091217041,0.20000000298023224,0.5714285969734192,0.5103008151054382,0
/home/jovyan/Joel_Pardo/AI4LABOUR/Mejoras/results_coursera/models/simcse_coursera_hard/sentence-transformers/all-MiniLM-L6-v2,A_semantic_only,105,8bb47fa10a52,investigate the environmental impact of projects,5207,e7b5a7f54463,6,0.4969073534011841,0.4969073534011841,5.665389060974121,0.0,0.7142857313156128,0.0,0
/home/jovyan/Joel_Pardo/AI4LABOUR/Mejoras/results_coursera/models/simcse_coursera_hard/sentence-transformers/all-MiniLM-L6-v2,A_semantic_only,105,8bb47fa10a52,investigate the environmental impact of projects,3250,688e91eeecce,7,0.47663414478302,0.47663414478302,5.424685478210449,0.1666666716337204,0.5714285969734192,0.4896991550922394,0
/home/jovyan/Joel_Pardo/AI4LABOUR/Mejoras/results_coursera/models/simcse_coursera_hard/sentence-transformers/all-MiniLM-L6-v2,A_semantic_only,105,8bb47fa10a52,investigate the environmental impact of projects,4134,79c4dd20b5f2,8,0.4688217341899872,0.4688217341899872,5.331928730010986,0.0,0.4285714328289032,0.0,0
/home/jovyan/Joel_Pardo/AI4LABOUR/Mejoras/results_coursera/models/simcse_coursera_hard/sentence-transformers/all-MiniLM-L6-v2,A_semantic_only,105,8bb47fa10a52,investigate the environmental impact of projects,3914,cb7d94ab2c76,9,0.434345543384552,0.434345543384552,4.922592639923096,0.20000000298023224,0.4285714328289032,0.5940247178077698,0
/home/jovyan/Joel_Pardo/AI4LABOUR/Mejoras/results_coursera/models/simcse_coursera_hard/sentence-transformers/all-MiniLM-L6-v2,A_semantic_only,105,8bb47fa10a52,investigate the environmental impact of projects,4106,7a6199e2dfd9,10,0.43377548456192017,0.43377548456192017,4.9158244132995605,0.0,0.46666666865348816,0.2639148533344269,0
/home/jovyan/Joel_Pardo/AI4LABOUR/Mejoras/results_coursera/models/simcse_coursera_hard/sentence-transformers/all-MiniLM-L6-v2,A_semantic_only,106,48548f20bc23,estimate labor requirements,1896,efa1487ad42d,1,0.42744556069374084,0.42744556069374084,5.777413845062256,0.0,0.5,0.0,0
/home/jovyan/Joel_Pardo/AI4LABOUR/Mejoras/results_coursera/models/simcse_coursera_hard/sentence-transformers/all-MiniLM-L6-v2,A_semantic_only,106,48548f20bc23,estimate labor requirements,4260,f66d5097d73f,2,0.4244624376296997,0.4244624376296997,5.738211154937744,0.0,0.75,0.0,0
/home/jovyan/Joel_Pardo/AI4LABOUR/Mejoras/results_coursera/models/simcse_coursera_hard/sentence-transformers/all-MiniLM-L6-v2,A_semantic_only,106,48548f20bc23,estimate labor requirements,4336,d8d19b2cbd21,3,0.4104720950126648,0.4104720950126648,5.554356575012207,0.0,0.75,0.0,0
/home/jovyan/Joel_Pardo/AI4LABOUR/Mejoras/results_coursera/models/simcse_coursera_hard/sentence-transformers/all-MiniLM-L6-v2,A_semantic_only,106,48548f20bc23,estimate labor requirements,4562,f45fd7dd887f,4,0.39731159806251526,0.39731159806251526,5.381407737731934,0.0,0.6666666865348816,0.0,0
/home/jovyan/Joel_Pardo/AI4LABOUR/Mejoras/results_coursera/models/simcse_coursera_hard/sentence-transformers/all-MiniLM-L6-v2,A_semantic_only,106,48548f20bc23,estimate labor requirements,188,830f076691ad,5,0.381183922290802,0.381183922290802,5.1694655418396,0.0,0.75,0.0,0
/home/jovyan/Joel_Pardo/AI4LABOUR/Mejoras/results_coursera/models/simcse_coursera_hard/sentence-transformers/all-MiniLM-L6-v2,A_semantic_only,106,48548f20bc23,estimate labor requirements,4291,96c1ae3158a7,6,0.376865416765213,0.376865416765213,5.112713813781738,0.0,1.0,0.0,0
/home/jovyan/Joel_Pardo/AI4LABOUR/Mejoras/results_coursera/models/simcse_coursera_hard/sentence-transformers/all-MiniLM-L6-v2,A_semantic_only,106,48548f20bc23,estimate labor requirements,1649,bd1d85f33bd2,7,0.3674829304218292,0.3674829304218292,4.989413261413574,0.25,0.75,1.0,0
/home/jovyan/Joel_Pardo/AI4LABOUR/Mejoras/results_coursera/models/simcse_coursera_hard/sentence-transformers/all-MiniLM-L6-v2,A_semantic_only,106,48548f20bc23,estimate labor requirements,46,a3db224ea72e,8,0.3659399747848511,0.3659399747848511,4.969136714935303,0.0,1.0,0.0,0
/home/jovyan/Joel_Pardo/AI4LABOUR/Mejoras/results_coursera/models/simcse_coursera_hard/sentence-transformers/all-MiniLM-L6-v2,A_semantic_only,106,48548f20bc23,estimate labor requirements,2539,8657d3271db0,9,0.36354246735572815,0.36354246735572815,4.937629699707031,0.20000000298023224,0.800000011920929,0.7529352307319641,0
/home/jovyan/Joel_Pardo/AI4LABOUR/Mejoras/results_coursera/models/simcse_coursera_hard/sentence-transformers/all-MiniLM-L6-v2,A_semantic_only,106,48548f20bc23,estimate labor requirements,1397,674593793bab,10,0.353432834148407,0.353432834148407,4.804773807525635,0.25,0.75,0.8402405977249146,0
/home/jovyan/Joel_Pardo/AI4LABOUR/Mejoras/results_coursera/models/simcse_coursera_hard/sentence-transformers/all-MiniLM-L6-v2,A_semantic_only,107,750257b28f11,perform human resources activities,2233,d334de0d305d,1,0.5128458738327026,0.5128458738327026,6.942022323608398,0.20000000298023224,0.6000000238418579,0.6505963802337646,0
/home/jovyan/Joel_Pardo/AI4LABOUR/Mejoras/results_coursera/models/simcse_coursera_hard/sentence-transformers/all-MiniLM-L6-v2,A_semantic_only,107,750257b28f11,perform human resources activities,1676,4abb63e41447,2,0.44315749406814575,0.44315749406814575,6.003654479980469,0.1666666716337204,0.800000011920929,0.5588990449905396,0
/home/jovyan/Joel_Pardo/AI4LABOUR/Mejoras/results_coursera/models/simcse_coursera_hard/sentence-transformers/all-MiniLM-L6-v2,A_semantic_only,107,750257b28f11,perform human resources activities,395,4faf806bf7de,3,0.41934874653816223,0.41934874653816223,5.6830644607543945,0.4000000059604645,0.800000011920929,1.0,0
/home/jovyan/Joel_Pardo/AI4LABOUR/Mejoras/results_coursera/models/simcse_coursera_hard/sentence-transformers/all-MiniLM-L6-v2,A_semantic_only,107,750257b28f11,perform human resources activities,177,5ec64a367a46,4,0.3948848247528076,0.3948848247528076,5.3536529541015625,0.0,0.800000011920929,0.0,0
/home/jovyan/Joel_Pardo/AI4LABOUR/Mejoras/results_coursera/models/simcse_coursera_hard/sentence-transformers/all-MiniLM-L6-v2,A_semantic_only,107,750257b28f11,perform human resources activities,76,442beb6b5d69,5,0.39265674352645874,0.39265674352645874,5.323651313781738,0.1666666716337204,0.800000011920929,0.477510005235672,0
/home/jovyan/Joel_Pardo/AI4LABOUR/Mejoras/results_coursera/models/simcse_coursera_hard/sentence-transformers/all-MiniLM-L6-v2,A_semantic_only,107,750257b28f11,perform human resources activities,2444,d44779bdbd31,6,0.3717321753501892,0.3717321753501892,5.041897773742676,0.1666666716337204,0.800000011920929,0.477510005235672,0
/home/jovyan/Joel_Pardo/AI4LABOUR/Mejoras/results_coursera/models/simcse_coursera_hard/sentence-transformers/all-MiniLM-L6-v2,A_semantic_only,107,750257b28f11,perform human resources activities,1675,8335d26464b5,7,0.36735954880714417,0.36735954880714417,4.9830193519592285,0.1428571492433548,1.0,0.48985692858695984,0
/home/jovyan/Joel_Pardo/AI4LABOUR/Mejoras/results_coursera/models/simcse_coursera_hard/sentence-transformers/all-MiniLM-L6-v2,A_semantic_only,107,750257b28f11,perform human resources activities,3050,c06738d7cb15,8,0.3669566214084625,0.3669566214084625,4.977593898773193,0.3333333432674408,1.0,0.8764676451683044,0
/home/jovyan/Joel_Pardo/AI4LABOUR/Mejoras/results_coursera/models/simcse_coursera_hard/sentence-transformers/all-MiniLM-L6-v2,A_semantic_only,107,750257b28f11,perform human resources activities,421,cb5492305996,9,0.3597351610660553,0.3597351610660553,4.880355358123779,0.0,1.0,0.0,0
/home/jovyan/Joel_Pardo/AI4LABOUR/Mejoras/results_coursera/models/simcse_coursera_hard/sentence-transformers/all-MiniLM-L6-v2,A_semantic_only,107,750257b28f11,perform human resources activities,147,575ea3efc7e8,10,0.35568103194236755,0.35568103194236755,4.825765609741211,0.05882352963089943,0.20000000298023224,0.34587007761001587,0
/home/jovyan/Joel_Pardo/AI4LABOUR/Mejoras/results_coursera/models/simcse_coursera_hard/sentence-transformers/all-MiniLM-L6-v2,A_semantic_only,108,3f3251058257,administer standardized physical or psychological tests,1037,58c07ed4fd0b,1,0.3865435719490051,0.3865435719490051,4.686460018157959,0.1666666716337204,0.4285714328289032,0.9154738783836365,0
/home/jovyan/Joel_Pardo/AI4LABOUR/Mejoras/results_coursera/models/simcse_coursera_hard/sentence-transformers/all-MiniLM-L6-v2,A_semantic_only,108,3f3251058257,administer standardized physical or psychological tests,2159,73e7c7a9947e,2,0.36177271604537964,0.36177271604537964,4.371981620788574,0.0,0.4285714328289032,0.0,0
/home/jovyan/Joel_Pardo/AI4LABOUR/Mejoras/results_coursera/models/simcse_coursera_hard/sentence-transformers/all-MiniLM-L6-v2,A_semantic_only,108,3f3251058257,administer standardized physical or psychological tests,4366,55eefefd8307,3,0.3474319577217102,0.3474319577217102,4.189918041229248,0.1428571492433548,0.5714285969734192,0.8295775651931763,0
/home/jovyan/Joel_Pardo/AI4LABOUR/Mejoras/results_coursera/models/simcse_coursera_hard/sentence-transformers/all-MiniLM-L6-v2,A_semantic_only,108,3f3251058257,administer standardized physical or psychological tests,2988,14936b3ee32f,4,0.3465355336666107,0.3465355336666107,4.178537845611572,0.0714285746216774,0.5384615659713745,0.3466814458370209,0
/home/jovyan/Joel_Pardo/AI4LABOUR/Mejoras/results_coursera/models/simcse_coursera_hard/sentence-transformers/all-MiniLM-L6-v2,A_semantic_only,108,3f3251058257,administer standardized physical or psychological tests,4217,54a8e7155159,5,0.33235251903533936,0.33235251903533936,3.9984772205352783,0.0,0.4285714328289032,0.0,0
/home/jovyan/Joel_Pardo/AI4LABOUR/Mejoras/results_coursera/models/simcse_coursera_hard/sentence-transformers/all-MiniLM-L6-v2,A_semantic_only,108,3f3251058257,administer standardized physical or psychological tests,3980,dc0ebdffa052,6,0.33220672607421875,0.33220672607421875,3.996626138687134,0.1666666716337204,0.4285714328289032,0.9154738783836365,0
/home/jovyan/Joel_Pardo/AI4LABOUR/Mejoras/results_coursera/models/simcse_coursera_hard/sentence-transformers/all-MiniLM-L6-v2,A_semantic_only,108,3f3251058257,administer standardized physical or psychological tests,4886,0d2d2ad4f408,7,0.3272618353366852,0.3272618353366852,3.9338483810424805,0.0,0.4285714328289032,0.0,0
/home/jovyan/Joel_Pardo/AI4LABOUR/Mejoras/results_coursera/models/simcse_coursera_hard/sentence-transformers/all-MiniLM-L6-v2,A_semantic_only,108,3f3251058257,administer standardized physical or psychological tests,3595,8639c05835d2,8,0.32436156272888184,0.32436156272888184,3.8970279693603516,0.1428571492433548,0.5714285969734192,0.8295775651931763,0
/home/jovyan/Joel_Pardo/AI4LABOUR/Mejoras/results_coursera/models/simcse_coursera_hard/sentence-transformers/all-MiniLM-L6-v2,A_semantic_only,108,3f3251058257,administer standardized physical or psychological tests,1038,a57be234a339,9,0.32393771409988403,0.32393771409988403,3.8916468620300293,0.1666666716337204,0.4285714328289032,0.9154738783836365,0
/home/jovyan/Joel_Pardo/AI4LABOUR/Mejoras/results_coursera/models/simcse_coursera_hard/sentence-transformers/all-MiniLM-L6-v2,A_semantic_only,108,3f3251058257,administer standardized physical or psychological tests,3785,7f5f749196ba,10,0.32374727725982666,0.32374727725982666,3.8892292976379395,0.0,0.7142857313156128,0.0,0
/home/jovyan/Joel_Pardo/AI4LABOUR/Mejoras/results_coursera/models/simcse_coursera_hard/sentence-transformers/all-MiniLM-L6-v2,A_semantic_only,109,d052bd1e246e,manage human resources activities,425,b06cd44db3d0,1,0.5333709120750427,0.5333709120750427,6.377618789672852,0.0,1.0,0.0,0
/home/jovyan/Joel_Pardo/AI4LABOUR/Mejoras/results_coursera/models/simcse_coursera_hard/sentence-transformers/all-MiniLM-L6-v2,A_semantic_only,109,d052bd1e246e,manage human resources activities,1676,4abb63e41447,2,0.4894472360610962,0.4894472360610962,5.853234767913818,0.1666666716337204,0.800000011920929,0.5588990449905396,0
/home/jovyan/Joel_Pardo/AI4LABOUR/Mejoras/results_coursera/models/simcse_coursera_hard/sentence-transformers/all-MiniLM-L6-v2,A_semantic_only,109,d052bd1e246e,manage human resources activities,1799,f4ecad35643c,3,0.46488434076309204,0.46488434076309204,5.559990406036377,0.0,0.6000000238418579,0.0,0
/home/jovyan/Joel_Pardo/AI4LABOUR/Mejoras/results_coursera/models/simcse_coursera_hard/sentence-transformers/all-MiniLM-L6-v2,A_semantic_only,109,d052bd1e246e,manage human resources activities,3720,0a52275d68e9,4,0.462831050157547,0.462831050157547,5.535477161407471,0.0,0.6000000238418579,0.0,0
/home/jovyan/Joel_Pardo/AI4LABOUR/Mejoras/results_coursera/models/simcse_coursera_hard/sentence-transformers/all-MiniLM-L6-v2,A_semantic_only,109,d052bd1e246e,manage human resources activities,2233,d334de0d305d,5,0.4594869911670685,0.4594869911670685,5.495553970336914,0.20000000298023224,0.6000000238418579,0.6505963802337646,0
/home/jovyan/Joel_Pardo/AI4LABOUR/Mejoras/results_coursera/models/simcse_coursera_hard/sentence-transformers/all-MiniLM-L6-v2,A_semantic_only,109,d052bd1e246e,manage human resources activities,395,4faf806bf7de,6,0.4447421729564667,0.4447421729564667,5.319522380828857,0.4000000059604645,0.800000011920929,1.0,0
/home/jovyan/Joel_Pardo/AI4LABOUR/Mejoras/results_coursera/models/simcse_coursera_hard/sentence-transformers/all-MiniLM-L6-v2,A_semantic_only,109,d052bd1e246e,manage human resources activities,5279,e7c085410e86,7,0.43076279759407043,0.43076279759407043,5.152629375457764,0.0,0.6000000238418579,0.0,0
/home/jovyan/Joel_Pardo/AI4LABOUR/Mejoras/results_coursera/models/simcse_coursera_hard/sentence-transformers/all-MiniLM-L6-v2,A_semantic_only,109,d052bd1e246e,manage human resources activities,2535,e97f0c698df9,8,0.41484197974205017,0.41484197974205017,4.962558269500732,0.1666666716337204,0.800000011920929,0.5387638211250305,0
/home/jovyan/Joel_Pardo/AI4LABOUR/Mejoras/results_coursera/models/simcse_coursera_hard/sentence-transformers/all-MiniLM-L6-v2,A_semantic_only,109,d052bd1e246e,manage human resources activities,3978,6918d9132472,9,0.4142034947872162,0.4142034947872162,4.9549360275268555,0.0,0.6000000238418579,0.0,0
/home/jovyan/Joel_Pardo/AI4LABOUR/Mejoras/results_coursera/models/simcse_coursera_hard/sentence-transformers/all-MiniLM-L6-v2,A_semantic_only,109,d052bd1e246e,manage human resources activities,5098,e3454a3aaa1c,10,0.4023609757423401,0.4023609757423401,4.813553810119629,0.1666666716337204,0.800000011920929,0.5224900245666504,0
/home/jovyan/Joel_Pardo/AI4LABOUR/Mejoras/results_coursera/models/simcse_coursera_hard/sentence-transformers/all-MiniLM-L6-v2,A_semantic_only,110,d9dbdf9d5d1a,coordinate special events or programs,1888,d159c4ce9055,1,0.38973286747932434,0.38973286747932434,5.276401996612549,0.0,0.5,0.0,0
/home/jovyan/Joel_Pardo/AI4LABOUR/Mejoras/results_coursera/models/simcse_coursera_hard/sentence-transformers/all-MiniLM-L6-v2,A_semantic_only,110,d9dbdf9d5d1a,coordinate special events or programs,842,08459c78079b,2,0.38889968395233154,0.38889968395233154,5.264747142791748,0.0,0.6666666865348816,0.0,0
/home/jovyan/Joel_Pardo/AI4LABOUR/Mejoras/results_coursera/models/simcse_coursera_hard/sentence-transformers/all-MiniLM-L6-v2,A_semantic_only,110,d9dbdf9d5d1a,coordinate special events or programs,588,e08092999e3c,3,0.3644765019416809,0.3644765019416809,4.923109531402588,0.0,0.5,0.0,0
/home/jovyan/Joel_Pardo/AI4LABOUR/Mejoras/results_coursera/models/simcse_coursera_hard/sentence-transformers/all-MiniLM-L6-v2,A_semantic_only,110,d9dbdf9d5d1a,coordinate special events or programs,870,e6a1f7662e45,4,0.36071354150772095,0.36071354150772095,4.870471954345703,0.0,0.8333333134651184,0.0,0
/home/jovyan/Joel_Pardo/AI4LABOUR/Mejoras/results_coursera/models/simcse_coursera_hard/sentence-transformers/all-MiniLM-L6-v2,A_semantic_only,110,d9dbdf9d5d1a,coordinate special events or programs,1570,8b9aeb484dd7,5,0.3193683624267578,0.3193683624267578,4.292125225067139,0.0,0.5,0.0,0
/home/jovyan/Joel_Pardo/AI4LABOUR/Mejoras/results_coursera/models/simcse_coursera_hard/sentence-transformers/all-MiniLM-L6-v2,A_semantic_only,110,d9dbdf9d5d1a,coordinate special events or programs,4320,ffb47dd70a93,6,0.31385743618011475,0.31385743618011475,4.215036869049072,0.0,0.5,0.0,0
/home/jovyan/Joel_Pardo/AI4LABOUR/Mejoras/results_coursera/models/simcse_coursera_hard/sentence-transformers/all-MiniLM-L6-v2,A_semantic_only,110,d9dbdf9d5d1a,coordinate special events or programs,4591,7152fca0e366,7,0.297332227230072,0.297332227230072,3.9838778972625732,0.20000000298023224,0.5,1.0,0
/home/jovyan/Joel_Pardo/AI4LABOUR/Mejoras/results_coursera/models/simcse_coursera_hard/sentence-transformers/all-MiniLM-L6-v2,A_semantic_only,110,d9dbdf9d5d1a,coordinate special events or programs,385,a2b4812e3354,8,0.2902950942516327,0.2902950942516327,3.8854405879974365,0.0,0.8333333134651184,0.0,0
/home/jovyan/Joel_Pardo/AI4LABOUR/Mejoras/results_coursera/models/simcse_coursera_hard/sentence-transformers/all-MiniLM-L6-v2,A_semantic_only,110,d9dbdf9d5d1a,coordinate special events or programs,2805,5f12b786b2f6,9,0.28870224952697754,0.28870224952697754,3.863159656524658,0.0,0.3333333432674408,0.0,0
/home/jovyan/Joel_Pardo/AI4LABOUR/Mejoras/results_coursera/models/simcse_coursera_hard/sentence-transformers/all-MiniLM-L6-v2,A_semantic_only,110,d9dbdf9d5d1a,coordinate special events or programs,1260,63dfa587738c,10,0.2818400263786316,0.2818400263786316,3.7671689987182617,0.1666666716337204,0.6666666865348816,0.8590565323829651,0
/home/jovyan/Joel_Pardo/AI4LABOUR/Mejoras/results_coursera/models/simcse_coursera_hard/sentence-transformers/all-MiniLM-L6-v2,A_semantic_only,111,059770361813,advise others on career or personal development,1203,3fe3042b3298,1,0.545346200466156,0.545346200466156,7.292999744415283,0.4000000059604645,0.375,1.0,0
/home/jovyan/Joel_Pardo/AI4LABOUR/Mejoras/results_coursera/models/simcse_coursera_hard/sentence-transformers/all-MiniLM-L6-v2,A_semantic_only,111,059770361813,advise others on career or personal development,351,586e3b74e618,2,0.5382670760154724,0.5382670760154724,7.198251247406006,0.4000000059604645,0.375,0.9140966534614563,0
/home/jovyan/Joel_Pardo/AI4LABOUR/Mejoras/results_coursera/models/simcse_coursera_hard/sentence-transformers/all-MiniLM-L6-v2,A_semantic_only,111,059770361813,advise others on career or personal development,1308,e09b31320827,3,0.4276629090309143,0.4276629090309143,5.717904090881348,0.1666666716337204,0.375,0.38173696398735046,0
/home/jovyan/Joel_Pardo/AI4LABOUR/Mejoras/results_coursera/models/simcse_coursera_hard/sentence-transformers/all-MiniLM-L6-v2,A_semantic_only,111,059770361813,advise others on career or personal development,4151,fc5713e5f4b2,4,0.3809185028076172,0.3809185028076172,5.092267990112305,0.1666666716337204,0.375,0.38173696398735046,0
/home/jovyan/Joel_Pardo/AI4LABOUR/Mejoras/results_coursera/models/simcse_coursera_hard/sentence-transformers/all-MiniLM-L6-v2,A_semantic_only,111,059770361813,advise others on career or personal development,4307,b8e65bafd54b,5,0.3714110255241394,0.3714110255241394,4.965017795562744,0.0,0.5,0.0,0
/home/jovyan/Joel_Pardo/AI4LABOUR/Mejoras/results_coursera/models/simcse_coursera_hard/sentence-transformers/all-MiniLM-L6-v2,A_semantic_only,111,059770361813,advise others on career or personal development,295,873d3c697489,6,0.3562465012073517,0.3562465012073517,4.7620530128479,0.1428571492433548,0.625,0.2874232232570648,0
/home/jovyan/Joel_Pardo/AI4LABOUR/Mejoras/results_coursera/models/simcse_coursera_hard/sentence-transformers/all-MiniLM-L6-v2,A_semantic_only,111,059770361813,advise others on career or personal development,3559,d592234a226d,7,0.3559846580028534,0.3559846580028534,4.758548259735107,0.09090909361839294,0.8888888955116272,0.32864874601364136,0
/home/jovyan/Joel_Pardo/AI4LABOUR/Mejoras/results_coursera/models/simcse_coursera_hard/sentence-transformers/all-MiniLM-L6-v2,A_semantic_only,111,059770361813,advise others on career or personal development,3729,1871e097b0a5,8,0.32037192583084106,0.32037192583084106,4.281900882720947,0.1666666716337204,0.5,0.3279336392879486,0
/home/jovyan/Joel_Pardo/AI4LABOUR/Mejoras/results_coursera/models/simcse_coursera_hard/sentence-transformers/all-MiniLM-L6-v2,A_semantic_only,111,059770361813,advise others on career or personal development,4938,e9a2277aa12e,9,0.3143630623817444,0.3143630623817444,4.20147705078125,0.1428571492433548,0.5,0.4573270380496979,0
/home/jovyan/Joel_Pardo/AI4LABOUR/Mejoras/results_coursera/models/simcse_coursera_hard/sentence-transformers/all-MiniLM-L6-v2,A_semantic_only,111,059770361813,advise others on career or personal development,1298,a02450866f0d,10,0.3128335475921631,0.3128335475921631,4.181005954742432,0.1666666716337204,0.375,0.6182630062103271,0
/home/jovyan/Joel_Pardo/AI4LABOUR/Mejoras/results_coursera/models/simcse_coursera_hard/sentence-transformers/all-MiniLM-L6-v2,A_semantic_only,112,6379204aa590,administer compensation or benefits programs,1585,22ab77af0930,1,0.5558810234069824,0.5558810234069824,6.656011581420898,0.5,0.6666666865348816,1.0,0
/home/jovyan/Joel_Pardo/AI4LABOUR/Mejoras/results_coursera/models/simcse_coursera_hard/sentence-transformers/all-MiniLM-L6-v2,A_semantic_only,112,6379204aa590,administer compensation or benefits programs,4893,cc933c97a069,2,0.39960977435112,0.39960977435112,4.731751441955566,0.0,0.5,0.0,0
/home/jovyan/Joel_Pardo/AI4LABOUR/Mejoras/results_coursera/models/simcse_coursera_hard/sentence-transformers/all-MiniLM-L6-v2,A_semantic_only,112,6379204aa590,administer compensation or benefits programs,3517,8ff14e361ee8,3,0.37152206897735596,0.37152206897735596,4.385890960693359,0.0,0.6666666865348816,0.0,0
/home/jovyan/Joel_Pardo/AI4LABOUR/Mejoras/results_coursera/models/simcse_coursera_hard/sentence-transformers/all-MiniLM-L6-v2,A_semantic_only,112,6379204aa590,administer compensation or benefits programs,206,b49a9e6f7e10,4,0.37052345275878906,0.37052345275878906,4.373594284057617,0.20000000298023224,0.5,0.5297568440437317,0
/home/jovyan/Joel_Pardo/AI4LABOUR/Mejoras/results_coursera/models/simcse_coursera_hard/sentence-transformers/all-MiniLM-L6-v2,A_semantic_only,112,6379204aa590,administer compensation or benefits programs,137,105da530d328,5,0.3615952730178833,0.3615952730178833,4.263656139373779,0.0,0.5,0.0,0
/home/jovyan/Joel_Pardo/AI4LABOUR/Mejoras/results_coursera/models/simcse_coursera_hard/sentence-transformers/all-MiniLM-L6-v2,A_semantic_only,112,6379204aa590,administer compensation or benefits programs,3051,ec658754cf27,6,0.3570947051048279,0.3570947051048279,4.208238124847412,0.20000000298023224,0.5,0.5588122010231018,0
/home/jovyan/Joel_Pardo/AI4LABOUR/Mejoras/results_coursera/models/simcse_coursera_hard/sentence-transformers/all-MiniLM-L6-v2,A_semantic_only,112,6379204aa590,administer compensation or benefits programs,4591,7152fca0e366,7,0.3517072796821594,0.3517072796821594,4.141899585723877,0.20000000298023224,0.5,0.5297568440437317,0
/home/jovyan/Joel_Pardo/AI4LABOUR/Mejoras/results_coursera/models/simcse_coursera_hard/sentence-transformers/all-MiniLM-L6-v2,A_semantic_only,112,6379204aa590,administer compensation or benefits programs,3054,bee9067ec1e5,8,0.3456416726112366,0.3456416726112366,4.0672101974487305,0.1666666716337204,0.8333333134651184,0.39887258410453796,0
/home/jovyan/Joel_Pardo/AI4LABOUR/Mejoras/results_coursera/models/simcse_coursera_hard/sentence-transformers/all-MiniLM-L6-v2,A_semantic_only,112,6379204aa590,administer compensation or benefits programs,5297,c91a5c4b0bdb,9,0.3426746726036072,0.3426746726036072,4.030675888061523,0.20000000298023224,0.5,0.5297568440437317,0
/home/jovyan/Joel_Pardo/AI4LABOUR/Mejoras/results_coursera/models/simcse_coursera_hard/sentence-transformers/all-MiniLM-L6-v2,A_semantic_only,112,6379204aa590,administer compensation or benefits programs,3622,f5058aa8b4e1,10,0.3407166004180908,0.3407166004180908,4.006564617156982,0.0,0.6666666865348816,0.0,0
/home/jovyan/Joel_Pardo/AI4LABOUR/Mejoras/results_coursera/models/simcse_coursera_hard/sentence-transformers/all-MiniLM-L6-v2,A_semantic_only,113,322cdff981bb,"interview employees, customers, or others to collect information",633,82024490e005,1,0.4226233661174774,0.4226233661174774,5.712008953094482,0.0,0.3333333432674408,0.0,0
/home/jovyan/Joel_Pardo/AI4LABOUR/Mejoras/results_coursera/models/simcse_coursera_hard/sentence-transformers/all-MiniLM-L6-v2,A_semantic_only,113,322cdff981bb,"interview employees, customers, or others to collect information",1547,3d13f932c431,2,0.35001951456069946,0.35001951456069946,4.735448837280273,0.0,0.3333333432674408,0.0,0
/home/jovyan/Joel_Pardo/AI4LABOUR/Mejoras/results_coursera/models/simcse_coursera_hard/sentence-transformers/all-MiniLM-L6-v2,A_semantic_only,113,322cdff981bb,"interview employees, customers, or others to collect information",1775,00de981e846c,3,0.3455873727798462,0.3455873727798462,4.675833702087402,0.125,0.4444444477558136,0.7181130647659302,0
/home/jovyan/Joel_Pardo/AI4LABOUR/Mejoras/results_coursera/models/simcse_coursera_hard/sentence-transformers/all-MiniLM-L6-v2,A_semantic_only,113,322cdff981bb,"interview employees, customers, or others to collect information",1301,f113b0022b54,4,0.3412977457046509,0.3412977457046509,4.618135929107666,0.0,0.3333333432674408,0.0,0
/home/jovyan/Joel_Pardo/AI4LABOUR/Mejoras/results_coursera/models/simcse_coursera_hard/sentence-transformers/all-MiniLM-L6-v2,A_semantic_only,113,322cdff981bb,"interview employees, customers, or others to collect information",706,ba6eb08e2d6e,5,0.33942896127700806,0.33942896127700806,4.5929999351501465,0.0,0.2222222238779068,0.0,0
/home/jovyan/Joel_Pardo/AI4LABOUR/Mejoras/results_coursera/models/simcse_coursera_hard/sentence-transformers/all-MiniLM-L6-v2,A_semantic_only,113,322cdff981bb,"interview employees, customers, or others to collect information",3531,e11f6d196b52,6,0.3189268112182617,0.3189268112182617,4.317234992980957,0.1428571492433548,0.3333333432674408,0.8359322547912598,0
/home/jovyan/Joel_Pardo/AI4LABOUR/Mejoras/results_coursera/models/simcse_coursera_hard/sentence-transformers/all-MiniLM-L6-v2,A_semantic_only,113,322cdff981bb,"interview employees, customers, or others to collect information",3155,e2b784ffb15c,7,0.31798386573791504,0.31798386573791504,4.30455207824707,0.0,0.6666666865348816,0.0,0
/home/jovyan/Joel_Pardo/AI4LABOUR/Mejoras/results_coursera/models/simcse_coursera_hard/sentence-transformers/all-MiniLM-L6-v2,A_semantic_only,113,322cdff981bb,"interview employees, customers, or others to collect information",1916,c2162f90818e,8,0.31736838817596436,0.31736838817596436,4.296273708343506,0.125,0.5555555820465088,0.7716339230537415,0
/home/jovyan/Joel_Pardo/AI4LABOUR/Mejoras/results_coursera/models/simcse_coursera_hard/sentence-transformers/all-MiniLM-L6-v2,A_semantic_only,113,322cdff981bb,"interview employees, customers, or others to collect information",4282,b462239f8295,9,0.31329256296157837,0.31329256296157837,4.241451263427734,0.0,0.6666666865348816,0.0,0
/home/jovyan/Joel_Pardo/AI4LABOUR/Mejoras/results_coursera/models/simcse_coursera_hard/sentence-transformers/all-MiniLM-L6-v2,A_semantic_only,113,322cdff981bb,"interview employees, customers, or others to collect information",3154,d74736c2fa1e,10,0.3099460005760193,0.3099460005760193,4.196438312530518,0.10000000149011612,0.8888888955116272,0.5629910230636597,0
/home/jovyan/Joel_Pardo/AI4LABOUR/Mejoras/results_coursera/models/simcse_coursera_hard/sentence-transformers/all-MiniLM-L6-v2,A_semantic_only,114,98e7b9000779,recruit personnel,1345,7856ebf310df,1,0.599602460861206,0.599602460861206,8.230912208557129,0.0,0.6666666865348816,0.0,0
/home/jovyan/Joel_Pardo/AI4LABOUR/Mejoras/results_coursera/models/simcse_coursera_hard/sentence-transformers/all-MiniLM-L6-v2,A_semantic_only,114,98e7b9000779,recruit personnel,405,0536dfcb9bba,2,0.5363415479660034,0.5363415479660034,7.330638408660889,0.0,0.6666666865348816,0.0,0
/home/jovyan/Joel_Pardo/AI4LABOUR/Mejoras/results_coursera/models/simcse_coursera_hard/sentence-transformers/all-MiniLM-L6-v2,A_semantic_only,114,98e7b9000779,recruit personnel,3978,6918d9132472,3,0.43597573041915894,0.43597573041915894,5.902318954467773,0.3333333432674408,1.0,1.0,0
/home/jovyan/Joel_Pardo/AI4LABOUR/Mejoras/results_coursera/models/simcse_coursera_hard/sentence-transformers/all-MiniLM-L6-v2,A_semantic_only,114,98e7b9000779,recruit personnel,2960,52556ab43bfc,4,0.40248990058898926,0.40248990058898926,5.425777912139893,0.0,0.6666666865348816,0.0,0
/home/jovyan/Joel_Pardo/AI4LABOUR/Mejoras/results_coursera/models/simcse_coursera_hard/sentence-transformers/all-MiniLM-L6-v2,A_semantic_only,114,98e7b9000779,recruit personnel,2845,193819d19d3e,5,0.3737446665763855,0.3737446665763855,5.016700744628906,0.0,0.6666666865348816,0.0,0
/home/jovyan/Joel_Pardo/AI4LABOUR/Mejoras/results_coursera/models/simcse_coursera_hard/sentence-transformers/all-MiniLM-L6-v2,A_semantic_only,114,98e7b9000779,recruit personnel,4905,a57e4cb16fc4,6,0.3449172377586365,0.3449172377586365,4.606453895568848,0.0,1.0,0.0,0
/home/jovyan/Joel_Pardo/AI4LABOUR/Mejoras/results_coursera/models/simcse_coursera_hard/sentence-transformers/all-MiniLM-L6-v2,A_semantic_only,114,98e7b9000779,recruit personnel,396,d0d62d040f36,7,0.3286851644515991,0.3286851644515991,4.375453472137451,0.0,0.75,0.0,0
/home/jovyan/Joel_Pardo/AI4LABOUR/Mejoras/results_coursera/models/simcse_coursera_hard/sentence-transformers/all-MiniLM-L6-v2,A_semantic_only,114,98e7b9000779,recruit personnel,400,5dac94ca6635,8,0.3057311475276947,0.3057311475276947,4.048791885375977,0.0,0.6666666865348816,0.0,0
/home/jovyan/Joel_Pardo/AI4LABOUR/Mejoras/results_coursera/models/simcse_coursera_hard/sentence-transformers/all-MiniLM-L6-v2,A_semantic_only,114,98e7b9000779,recruit personnel,3476,a12b4ea43cb3,9,0.2975074052810669,0.2975074052810669,3.9317586421966553,0.0,0.6666666865348816,0.0,0
/home/jovyan/Joel_Pardo/AI4LABOUR/Mejoras/results_coursera/models/simcse_coursera_hard/sentence-transformers/all-MiniLM-L6-v2,A_semantic_only,114,98e7b9000779,recruit personnel,3345,27a06a9e3d5e,10,0.29577213525772095,0.29577213525772095,3.9070637226104736,0.0,0.6666666865348816,0.0,0
/home/jovyan/Joel_Pardo/AI4LABOUR/Mejoras/results_coursera/models/simcse_coursera_hard/sentence-transformers/all-MiniLM-L6-v2,A_semantic_only,115,830e9df61ddd,communicate organizational policies and procedures,3586,f77f2bcecc27,1,0.414542019367218,0.414542019367218,4.968263149261475,0.0,0.75,0.0,0
/home/jovyan/Joel_Pardo/AI4LABOUR/Mejoras/results_coursera/models/simcse_coursera_hard/sentence-transformers/all-MiniLM-L6-v2,A_semantic_only,115,830e9df61ddd,communicate organizational policies and procedures,4115,17ca39656c91,2,0.38149410486221313,0.38149410486221313,4.565379619598389,0.0,0.5,0.0,0
/home/jovyan/Joel_Pardo/AI4LABOUR/Mejoras/results_coursera/models/simcse_coursera_hard/sentence-transformers/all-MiniLM-L6-v2,A_semantic_only,115,830e9df61ddd,communicate organizational policies and procedures,4317,23c804cca060,3,0.3802143335342407,0.3802143335342407,4.549777984619141,0.0,0.5,0.0,0
/home/jovyan/Joel_Pardo/AI4LABOUR/Mejoras/results_coursera/models/simcse_coursera_hard/sentence-transformers/all-MiniLM-L6-v2,A_semantic_only,115,830e9df61ddd,communicate organizational policies and procedures,2208,8a2fe72edc40,4,0.3609406650066376,0.3609406650066376,4.314814567565918,0.0,0.5,0.0,0
/home/jovyan/Joel_Pardo/AI4LABOUR/Mejoras/results_coursera/models/simcse_coursera_hard/sentence-transformers/all-MiniLM-L6-v2,A_semantic_only,115,830e9df61ddd,communicate organizational policies and procedures,1560,a86ca0adcdf9,5,0.35244083404541016,0.35244083404541016,4.211194038391113,0.0,0.5,0.0,0
/home/jovyan/Joel_Pardo/AI4LABOUR/Mejoras/results_coursera/models/simcse_coursera_hard/sentence-transformers/all-MiniLM-L6-v2,A_semantic_only,115,830e9df61ddd,communicate organizational policies and procedures,1376,96c9628e49db,6,0.3402518630027771,0.3402518630027771,4.0625996589660645,0.0,0.5,0.0,0
/home/jovyan/Joel_Pardo/AI4LABOUR/Mejoras/results_coursera/models/simcse_coursera_hard/sentence-transformers/all-MiniLM-L6-v2,A_semantic_only,115,830e9df61ddd,communicate organizational policies and procedures,4942,765bf972fcf8,7,0.3270518183708191,0.3270518183708191,3.901679515838623,0.0,0.8333333134651184,0.0,0
/home/jovyan/Joel_Pardo/AI4LABOUR/Mejoras/results_coursera/models/simcse_coursera_hard/sentence-transformers/all-MiniLM-L6-v2,A_semantic_only,115,830e9df61ddd,communicate organizational policies and procedures,688,675b456b5403,8,0.32507604360580444,0.32507604360580444,3.8775930404663086,0.0,0.3529411852359772,0.18050359189510345,0
/home/jovyan/Joel_Pardo/AI4LABOUR/Mejoras/results_coursera/models/simcse_coursera_hard/sentence-transformers/all-MiniLM-L6-v2,A_semantic_only,115,830e9df61ddd,communicate organizational policies and procedures,2643,96144771cc7c,9,0.32429903745651245,0.32429903745651245,3.8681206703186035,0.0,0.5,0.0,0
/home/jovyan/Joel_Pardo/AI4LABOUR/Mejoras/results_coursera/models/simcse_coursera_hard/sentence-transformers/all-MiniLM-L6-v2,A_semantic_only,115,830e9df61ddd,communicate organizational policies and procedures,1200,f1d480de34a2,10,0.32159847021102905,0.32159847021102905,3.835198402404785,0.0,0.5,0.0,0
/home/jovyan/Joel_Pardo/AI4LABOUR/Mejoras/results_coursera/models/simcse_coursera_hard/sentence-transformers/all-MiniLM-L6-v2,A_semantic_only,116,1cf7420e0aac,advise others on legal or regulatory compliance matters,360,a6832284ad57,1,0.389495313167572,0.389495313167572,5.128835201263428,0.0,0.5555555820465088,0.0,0
/home/jovyan/Joel_Pardo/AI4LABOUR/Mejoras/results_coursera/models/simcse_coursera_hard/sentence-transformers/all-MiniLM-L6-v2,A_semantic_only,116,1cf7420e0aac,advise others on legal or regulatory compliance matters,1599,afa25b53b685,2,0.37766963243484497,0.37766963243484497,4.9700188636779785,0.3333333432674408,0.3333333432674408,0.9579766392707825,0
/home/jovyan/Joel_Pardo/AI4LABOUR/Mejoras/results_coursera/models/simcse_coursera_hard/sentence-transformers/all-MiniLM-L6-v2,A_semantic_only,116,1cf7420e0aac,advise others on legal or regulatory compliance matters,3872,4e4ff7039f22,3,0.37231215834617615,0.37231215834617615,4.898069381713867,0.3333333432674408,0.3333333432674408,1.0,0
/home/jovyan/Joel_Pardo/AI4LABOUR/Mejoras/results_coursera/models/simcse_coursera_hard/sentence-transformers/all-MiniLM-L6-v2,A_semantic_only,116,1cf7420e0aac,advise others on legal or regulatory compliance matters,2027,25cf50b99247,4,0.3701931834220886,0.3701931834220886,4.869611740112305,0.125,0.4444444477558136,0.45388829708099365,0
/home/jovyan/Joel_Pardo/AI4LABOUR/Mejoras/results_coursera/models/simcse_coursera_hard/sentence-transformers/all-MiniLM-L6-v2,A_semantic_only,116,1cf7420e0aac,advise others on legal or regulatory compliance matters,3763,a20bdc3ff554,5,0.31419575214385986,0.31419575214385986,4.117578506469727,0.0,0.5555555820465088,0.0,0
/home/jovyan/Joel_Pardo/AI4LABOUR/Mejoras/results_coursera/models/simcse_coursera_hard/sentence-transformers/all-MiniLM-L6-v2,A_semantic_only,116,1cf7420e0aac,advise others on legal or regulatory compliance matters,2699,485d26352e99,6,0.31352001428604126,0.31352001428604126,4.108503341674805,0.125,0.5555555820465088,0.5112791061401367,0
/home/jovyan/Joel_Pardo/AI4LABOUR/Mejoras/results_coursera/models/simcse_coursera_hard/sentence-transformers/all-MiniLM-L6-v2,A_semantic_only,116,1cf7420e0aac,advise others on legal or regulatory compliance matters,4226,55a7577113cd,7,0.3058147430419922,0.3058147430419922,4.00502347946167,0.0,0.4444444477558136,0.0,0
/home/jovyan/Joel_Pardo/AI4LABOUR/Mejoras/results_coursera/models/simcse_coursera_hard/sentence-transformers/all-MiniLM-L6-v2,A_semantic_only,116,1cf7420e0aac,advise others on legal or regulatory compliance matters,2658,a55b33933d49,8,0.30422765016555786,0.30422765016555786,3.9837090969085693,0.0,0.5555555820465088,0.0,0
/home/jovyan/Joel_Pardo/AI4LABOUR/Mejoras/results_coursera/models/simcse_coursera_hard/sentence-transformers/all-MiniLM-L6-v2,A_semantic_only,116,1cf7420e0aac,advise others on legal or regulatory compliance matters,643,784d222f4e28,9,0.3010762333869934,0.3010762333869934,3.9413862228393555,0.0,0.3333333432674408,0.0,0
/home/jovyan/Joel_Pardo/AI4LABOUR/Mejoras/results_coursera/models/simcse_coursera_hard/sentence-transformers/all-MiniLM-L6-v2,A_semantic_only,116,1cf7420e0aac,advise others on legal or regulatory compliance matters,4093,94a2e56a2ee9,10,0.29177239537239075,0.29177239537239075,3.8164377212524414,0.0,0.4444444477558136,0.0,0
/home/jovyan/Joel_Pardo/AI4LABOUR/Mejoras/results_coursera/models/simcse_coursera_hard/sentence-transformers/all-MiniLM-L6-v2,A_semantic_only,117,f2f5eb941075,liaise between departments or other groups to improve function or communication,3569,b90a5f932e75,1,0.5188092589378357,0.5188092589378357,6.714815616607666,0.0714285746216774,0.8333333134651184,0.24116837978363037,0
/home/jovyan/Joel_Pardo/AI4LABOUR/Mejoras/results_coursera/models/simcse_coursera_hard/sentence-transformers/all-MiniLM-L6-v2,A_semantic_only,117,f2f5eb941075,liaise between departments or other groups to improve function or communication,3567,b9a61efec89c,2,0.39388489723205566,0.39388489723205566,5.119831085205078,0.0,0.75,0.0,0
/home/jovyan/Joel_Pardo/AI4LABOUR/Mejoras/results_coursera/models/simcse_coursera_hard/sentence-transformers/all-MiniLM-L6-v2,A_semantic_only,117,f2f5eb941075,liaise between departments or other groups to improve function or communication,616,3b0f1bfc3452,3,0.3603314161300659,0.3603314161300659,4.691433906555176,0.1111111119389534,0.25,0.5181440114974976,0
/home/jovyan/Joel_Pardo/AI4LABOUR/Mejoras/results_coursera/models/simcse_coursera_hard/sentence-transformers/all-MiniLM-L6-v2,A_semantic_only,117,f2f5eb941075,liaise between departments or other groups to improve function or communication,1812,f2038b160586,4,0.3584112226963043,0.3584112226963043,4.666917324066162,0.1111111119389534,0.25,0.5181440114974976,0
/home/jovyan/Joel_Pardo/AI4LABOUR/Mejoras/results_coursera/models/simcse_coursera_hard/sentence-transformers/all-MiniLM-L6-v2,A_semantic_only,117,f2f5eb941075,liaise between departments or other groups to improve function or communication,4942,765bf972fcf8,5,0.35440704226493835,0.35440704226493835,4.615793704986572,0.2222222238779068,0.4166666567325592,1.0,0
/home/jovyan/Joel_Pardo/AI4LABOUR/Mejoras/results_coursera/models/simcse_coursera_hard/sentence-transformers/all-MiniLM-L6-v2,A_semantic_only,117,f2f5eb941075,liaise between departments or other groups to improve function or communication,2343,5f86cfc79f49,6,0.3456071615219116,0.3456071615219116,4.5034403800964355,0.1111111119389534,0.25,0.5181440114974976,0
/home/jovyan/Joel_Pardo/AI4LABOUR/Mejoras/results_coursera/models/simcse_coursera_hard/sentence-transformers/all-MiniLM-L6-v2,A_semantic_only,117,f2f5eb941075,liaise between departments or other groups to improve function or communication,1552,edb364659909,7,0.3348994851112366,0.3348994851112366,4.366729259490967,0.0,0.3333333432674408,0.0,0
/home/jovyan/Joel_Pardo/AI4LABOUR/Mejoras/results_coursera/models/simcse_coursera_hard/sentence-transformers/all-MiniLM-L6-v2,A_semantic_only,117,f2f5eb941075,liaise between departments or other groups to improve function or communication,1559,05649ee43189,8,0.3187045454978943,0.3187045454978943,4.159958839416504,0.0,0.25,0.0,0
/home/jovyan/Joel_Pardo/AI4LABOUR/Mejoras/results_coursera/models/simcse_coursera_hard/sentence-transformers/all-MiniLM-L6-v2,A_semantic_only,117,f2f5eb941075,liaise between departments or other groups to improve function or communication,2660,691d02fdc094,9,0.31183817982673645,0.31183817982673645,4.072291374206543,0.0,0.4166666567325592,0.0,0
/home/jovyan/Joel_Pardo/AI4LABOUR/Mejoras/results_coursera/models/simcse_coursera_hard/sentence-transformers/all-MiniLM-L6-v2,A_semantic_only,117,f2f5eb941075,liaise between departments or other groups to improve function or communication,1550,83af5c3b022f,10,0.29219239950180054,0.29219239950180054,3.8214621543884277,0.0,0.5,0.0,0
/home/jovyan/Joel_Pardo/AI4LABOUR/Mejoras/results_coursera/models/simcse_coursera_hard/sentence-transformers/all-MiniLM-L6-v2,A_semantic_only,118,eb485b5cf6a6,compile operational data,3967,4002d34c0e64,1,0.43506816029548645,0.43506816029548645,5.3518476486206055,0.0,0.75,0.0,0
/home/jovyan/Joel_Pardo/AI4LABOUR/Mejoras/results_coursera/models/simcse_coursera_hard/sentence-transformers/all-MiniLM-L6-v2,A_semantic_only,118,eb485b5cf6a6,compile operational data,529,876a8f680ffb,2,0.42559751868247986,0.42559751868247986,5.234086990356445,0.25,0.75,0.6202549934387207,0
/home/jovyan/Joel_Pardo/AI4LABOUR/Mejoras/results_coursera/models/simcse_coursera_hard/sentence-transformers/all-MiniLM-L6-v2,A_semantic_only,118,eb485b5cf6a6,compile operational data,4590,5d45850c5baa,3,0.41193854808807373,0.41193854808807373,5.064248085021973,0.25,0.75,0.6202549934387207,0
/home/jovyan/Joel_Pardo/AI4LABOUR/Mejoras/results_coursera/models/simcse_coursera_hard/sentence-transformers/all-MiniLM-L6-v2,A_semantic_only,118,eb485b5cf6a6,compile operational data,1744,87f75ce3f908,4,0.39294594526290894,0.39294594526290894,4.828088760375977,0.0,0.5,0.0,0
/home/jovyan/Joel_Pardo/AI4LABOUR/Mejoras/results_coursera/models/simcse_coursera_hard/sentence-transformers/all-MiniLM-L6-v2,A_semantic_only,118,eb485b5cf6a6,compile operational data,3272,75a60472874a,5,0.382771760225296,0.382771760225296,4.70158052444458,0.1666666716337204,0.800000011920929,0.46701183915138245,0
/home/jovyan/Joel_Pardo/AI4LABOUR/Mejoras/results_coursera/models/simcse_coursera_hard/sentence-transformers/all-MiniLM-L6-v2,A_semantic_only,118,eb485b5cf6a6,compile operational data,525,41a7464b2f8c,6,0.38126611709594727,0.38126611709594727,4.682858943939209,0.25,0.75,0.6202549934387207,0
/home/jovyan/Joel_Pardo/AI4LABOUR/Mejoras/results_coursera/models/simcse_coursera_hard/sentence-transformers/all-MiniLM-L6-v2,A_semantic_only,118,eb485b5cf6a6,compile operational data,2268,b376efa6883e,7,0.3706400394439697,0.3706400394439697,4.550731658935547,0.20000000298023224,0.800000011920929,0.46701183915138245,0
/home/jovyan/Joel_Pardo/AI4LABOUR/Mejoras/results_coursera/models/simcse_coursera_hard/sentence-transformers/all-MiniLM-L6-v2,A_semantic_only,118,eb485b5cf6a6,compile operational data,4037,65b09dc5e714,8,0.3667415380477905,0.3667415380477905,4.502256393432617,0.0,0.75,0.0,0
/home/jovyan/Joel_Pardo/AI4LABOUR/Mejoras/results_coursera/models/simcse_coursera_hard/sentence-transformers/all-MiniLM-L6-v2,A_semantic_only,118,eb485b5cf6a6,compile operational data,4059,966ff254f415,9,0.3490957021713257,0.3490957021713257,4.282843589782715,0.1666666716337204,0.800000011920929,1.0,0
/home/jovyan/Joel_Pardo/AI4LABOUR/Mejoras/results_coursera/models/simcse_coursera_hard/sentence-transformers/all-MiniLM-L6-v2,A_semantic_only,118,eb485b5cf6a6,compile operational data,772,b0c3695dbca5,10,0.33114784955978394,0.33114784955978394,4.059675216674805,0.20000000298023224,1.0,0.5328341126441956,0
/home/jovyan/Joel_Pardo/AI4LABOUR/Mejoras/results_coursera/models/simcse_coursera_hard/sentence-transformers/all-MiniLM-L6-v2,A_semantic_only,119,b729f6985724,analyze data to inform personnel decisions,3743,a1ba967d5168,1,0.5533848404884338,0.5533848404884338,5.678731918334961,0.1666666716337204,0.4285714328289032,0.4039313793182373,0
/home/jovyan/Joel_Pardo/AI4LABOUR/Mejoras/results_coursera/models/simcse_coursera_hard/sentence-transformers/all-MiniLM-L6-v2,A_semantic_only,119,b729f6985724,analyze data to inform personnel decisions,501,7e5e0cba4215,2,0.5240194201469421,0.5240194201469421,5.37927770614624,0.1428571492433548,0.7142857313156128,0.30413416028022766,0
/home/jovyan/Joel_Pardo/AI4LABOUR/Mejoras/results_coursera/models/simcse_coursera_hard/sentence-transformers/all-MiniLM-L6-v2,A_semantic_only,119,b729f6985724,analyze data to inform personnel decisions,2991,eb4c8a2a148b,3,0.4659299850463867,0.4659299850463867,4.786910057067871,0.125,0.7142857313156128,0.30413416028022766,0
/home/jovyan/Joel_Pardo/AI4LABOUR/Mejoras/results_coursera/models/simcse_coursera_hard/sentence-transformers/all-MiniLM-L6-v2,A_semantic_only,119,b729f6985724,analyze data to inform personnel decisions,216,21b7bcffa8bc,4,0.45051681995391846,0.45051681995391846,4.629734516143799,0.125,0.7142857313156128,0.30413416028022766,0
/home/jovyan/Joel_Pardo/AI4LABOUR/Mejoras/results_coursera/models/simcse_coursera_hard/sentence-transformers/all-MiniLM-L6-v2,A_semantic_only,119,b729f6985724,analyze data to inform personnel decisions,2956,3cdbb6503c09,5,0.4325701594352722,0.4325701594352722,4.446722984313965,0.3333333432674408,0.5714285969734192,1.0,0
/home/jovyan/Joel_Pardo/AI4LABOUR/Mejoras/results_coursera/models/simcse_coursera_hard/sentence-transformers/all-MiniLM-L6-v2,A_semantic_only,119,b729f6985724,analyze data to inform personnel decisions,179,490e0bd0d96e,6,0.4180503785610199,0.4180503785610199,4.298657417297363,0.10000000149011612,0.7777777910232544,0.5690365433692932,0
/home/jovyan/Joel_Pardo/AI4LABOUR/Mejoras/results_coursera/models/simcse_coursera_hard/sentence-transformers/all-MiniLM-L6-v2,A_semantic_only,119,b729f6985724,analyze data to inform personnel decisions,2723,8375a1484d91,7,0.416637122631073,0.416637122631073,4.28424596786499,0.1428571492433548,0.7142857313156128,0.43787682056427,0
/home/jovyan/Joel_Pardo/AI4LABOUR/Mejoras/results_coursera/models/simcse_coursera_hard/sentence-transformers/all-MiniLM-L6-v2,A_semantic_only,119,b729f6985724,analyze data to inform personnel decisions,772,b0c3695dbca5,8,0.4152596592903137,0.4152596592903137,4.270199298858643,0.1428571492433548,0.5714285969734192,0.3469998836517334,0
/home/jovyan/Joel_Pardo/AI4LABOUR/Mejoras/results_coursera/models/simcse_coursera_hard/sentence-transformers/all-MiniLM-L6-v2,A_semantic_only,119,b729f6985724,analyze data to inform personnel decisions,165,cbfb2fae0fb5,9,0.41473203897476196,0.41473203897476196,4.2648186683654785,0.1666666716337204,0.4285714328289032,0.4039313793182373,0
/home/jovyan/Joel_Pardo/AI4LABOUR/Mejoras/results_coursera/models/simcse_coursera_hard/sentence-transformers/all-MiniLM-L6-v2,A_semantic_only,119,b729f6985724,analyze data to inform personnel decisions,1452,41db1b32b4b9,10,0.40882742404937744,0.40882742404937744,4.204606533050537,0.3333333432674408,0.7142857313156128,0.8421736359596252,0
/home/jovyan/Joel_Pardo/AI4LABOUR/Mejoras/results_coursera/models/simcse_coursera_hard/sentence-transformers/all-MiniLM-L6-v2,A_semantic_only,120,a04637eaf44a,investigate industrial or transportation accidents,107,20be59e19f80,1,0.4079039692878723,0.4079039692878723,5.12418270111084,0.20000000298023224,0.5,1.0,0
/home/jovyan/Joel_Pardo/AI4LABOUR/Mejoras/results_coursera/models/simcse_coursera_hard/sentence-transformers/all-MiniLM-L6-v2,A_semantic_only,120,a04637eaf44a,investigate industrial or transportation accidents,3728,3529a419dd54,2,0.40753114223480225,0.40753114223480225,5.1194682121276855,0.0,0.5,0.0,0
/home/jovyan/Joel_Pardo/AI4LABOUR/Mejoras/results_coursera/models/simcse_coursera_hard/sentence-transformers/all-MiniLM-L6-v2,A_semantic_only,120,a04637eaf44a,investigate industrial or transportation accidents,1452,41db1b32b4b9,3,0.3905518651008606,0.3905518651008606,4.904762268066406,0.0,0.8333333134651184,0.0,0
/home/jovyan/Joel_Pardo/AI4LABOUR/Mejoras/results_coursera/models/simcse_coursera_hard/sentence-transformers/all-MiniLM-L6-v2,A_semantic_only,120,a04637eaf44a,investigate industrial or transportation accidents,4790,b7ba39c9c2f7,4,0.3678853213787079,0.3678853213787079,4.618139743804932,0.0,0.8333333134651184,0.0,0
/home/jovyan/Joel_Pardo/AI4LABOUR/Mejoras/results_coursera/models/simcse_coursera_hard/sentence-transformers/all-MiniLM-L6-v2,A_semantic_only,120,a04637eaf44a,investigate industrial or transportation accidents,5087,d2572693f644,5,0.3673943281173706,0.3673943281173706,4.611930847167969,0.0,0.5,0.0,0
/home/jovyan/Joel_Pardo/AI4LABOUR/Mejoras/results_coursera/models/simcse_coursera_hard/sentence-transformers/all-MiniLM-L6-v2,A_semantic_only,120,a04637eaf44a,investigate industrial or transportation accidents,2635,7f0f18e83afb,6,0.3059476613998413,0.3059476613998413,3.8349270820617676,0.0,0.6666666865348816,0.0,0
/home/jovyan/Joel_Pardo/AI4LABOUR/Mejoras/results_coursera/models/simcse_coursera_hard/sentence-transformers/all-MiniLM-L6-v2,A_semantic_only,120,a04637eaf44a,investigate industrial or transportation accidents,3134,960b3c918525,7,0.30400997400283813,0.30400997400283813,3.810424566268921,0.0,0.5,0.0,0
/home/jovyan/Joel_Pardo/AI4LABOUR/Mejoras/results_coursera/models/simcse_coursera_hard/sentence-transformers/all-MiniLM-L6-v2,A_semantic_only,120,a04637eaf44a,investigate industrial or transportation accidents,3707,ae14f32b277d,8,0.29053637385368347,0.29053637385368347,3.6400485038757324,0.0,0.75,0.0,0
/home/jovyan/Joel_Pardo/AI4LABOUR/Mejoras/results_coursera/models/simcse_coursera_hard/sentence-transformers/all-MiniLM-L6-v2,A_semantic_only,120,a04637eaf44a,investigate industrial or transportation accidents,754,2af854050699,9,0.28798186779022217,0.28798186779022217,3.6077463626861572,0.0,1.0,0.0,0
/home/jovyan/Joel_Pardo/AI4LABOUR/Mejoras/results_coursera/models/simcse_coursera_hard/sentence-transformers/all-MiniLM-L6-v2,A_semantic_only,120,a04637eaf44a,investigate industrial or transportation accidents,5151,5522b0cf362d,10,0.2845526337623596,0.2845526337623596,3.564383029937744,0.0,0.8571428656578064,0.0,0
/home/jovyan/Joel_Pardo/AI4LABOUR/Mejoras/results_coursera/models/simcse_coursera_hard/sentence-transformers/all-MiniLM-L6-v2,A_semantic_only,121,66497e9d2189,prepare reports related to compliance matters,226,7e56613a2ebc,1,0.4704594016075134,0.4704594016075134,5.4265642166137695,0.125,0.8571428656578064,0.8627591133117676,0
/home/jovyan/Joel_Pardo/AI4LABOUR/Mejoras/results_coursera/models/simcse_coursera_hard/sentence-transformers/all-MiniLM-L6-v2,A_semantic_only,121,66497e9d2189,prepare reports related to compliance matters,4502,98c2bfc7d4aa,2,0.46180516481399536,0.46180516481399536,5.327991962432861,0.0,0.7777777910232544,0.0,0
/home/jovyan/Joel_Pardo/AI4LABOUR/Mejoras/results_coursera/models/simcse_coursera_hard/sentence-transformers/all-MiniLM-L6-v2,A_semantic_only,121,66497e9d2189,prepare reports related to compliance matters,2576,c685851e31a3,3,0.4339437484741211,0.4339437484741211,5.010647773742676,0.1428571492433548,0.5714285969734192,0.7181130647659302,0
/home/jovyan/Joel_Pardo/AI4LABOUR/Mejoras/results_coursera/models/simcse_coursera_hard/sentence-transformers/all-MiniLM-L6-v2,A_semantic_only,121,66497e9d2189,prepare reports related to compliance matters,1897,d330010440a6,4,0.4290885329246521,0.4290885329246521,4.95534610748291,0.1666666716337204,0.4285714328289032,0.8359322547912598,0
/home/jovyan/Joel_Pardo/AI4LABOUR/Mejoras/results_coursera/models/simcse_coursera_hard/sentence-transformers/all-MiniLM-L6-v2,A_semantic_only,121,66497e9d2189,prepare reports related to compliance matters,4489,91f41a9ddfae,5,0.42007362842559814,0.42007362842559814,4.852665901184082,0.1666666716337204,0.5714285969734192,0.7181130647659302,0
/home/jovyan/Joel_Pardo/AI4LABOUR/Mejoras/results_coursera/models/simcse_coursera_hard/sentence-transformers/all-MiniLM-L6-v2,A_semantic_only,121,66497e9d2189,prepare reports related to compliance matters,4311,dad8075f10c2,6,0.4144544005393982,0.4144544005393982,4.788661956787109,0.125,1.0,0.5194462537765503,0
/home/jovyan/Joel_Pardo/AI4LABOUR/Mejoras/results_coursera/models/simcse_coursera_hard/sentence-transformers/all-MiniLM-L6-v2,A_semantic_only,121,66497e9d2189,prepare reports related to compliance matters,3332,72c021894860,7,0.4036455750465393,0.4036455750465393,4.665548801422119,0.1428571492433548,0.5714285969734192,0.7181130647659302,0
/home/jovyan/Joel_Pardo/AI4LABOUR/Mejoras/results_coursera/models/simcse_coursera_hard/sentence-transformers/all-MiniLM-L6-v2,A_semantic_only,121,66497e9d2189,prepare reports related to compliance matters,4590,5d45850c5baa,8,0.39499223232269287,0.39499223232269287,4.566986083984375,0.1666666716337204,0.4285714328289032,0.8603436946868896,0
/home/jovyan/Joel_Pardo/AI4LABOUR/Mejoras/results_coursera/models/simcse_coursera_hard/sentence-transformers/all-MiniLM-L6-v2,A_semantic_only,121,66497e9d2189,prepare reports related to compliance matters,4589,a8445719836f,9,0.38398024439811707,0.38398024439811707,4.441558361053467,0.20000000298023224,0.2857142984867096,1.0,0
/home/jovyan/Joel_Pardo/AI4LABOUR/Mejoras/results_coursera/models/simcse_coursera_hard/sentence-transformers/all-MiniLM-L6-v2,A_semantic_only,121,66497e9d2189,prepare reports related to compliance matters,2040,2fc25984711e,10,0.3818291127681732,0.3818291127681732,4.417057037353516,0.0,0.5714285969734192,0.0,0
/home/jovyan/Joel_Pardo/AI4LABOUR/Mejoras/results_coursera/models/simcse_coursera_hard/sentence-transformers/all-MiniLM-L6-v2,A_semantic_only,122,4e4a52d4b158,represent the organization in external relations,4106,7a6199e2dfd9,1,0.5048701763153076,0.5048701763153076,6.289595127105713,0.1666666716337204,0.46666666865348816,0.9070048928260803,0
/home/jovyan/Joel_Pardo/AI4LABOUR/Mejoras/results_coursera/models/simcse_coursera_hard/sentence-transformers/all-MiniLM-L6-v2,A_semantic_only,122,4e4a52d4b158,represent the organization in external relations,2349,b1c2441516f2,2,0.4576833248138428,0.4576833248138428,5.673247337341309,0.20000000298023224,0.4285714328289032,0.87309330701828,0
/home/jovyan/Joel_Pardo/AI4LABOUR/Mejoras/results_coursera/models/simcse_coursera_hard/sentence-transformers/all-MiniLM-L6-v2,A_semantic_only,122,4e4a52d4b158,represent the organization in external relations,4147,b4c1948c087f,3,0.4388718605041504,0.4388718605041504,5.427534580230713,0.25,0.2857142984867096,0.8600817322731018,0
/home/jovyan/Joel_Pardo/AI4LABOUR/Mejoras/results_coursera/models/simcse_coursera_hard/sentence-transformers/all-MiniLM-L6-v2,A_semantic_only,122,4e4a52d4b158,represent the organization in external relations,2603,46a28a68977f,4,0.4162413775920868,0.4162413775920868,5.131938457489014,0.0,0.2857142984867096,0.0,0
/home/jovyan/Joel_Pardo/AI4LABOUR/Mejoras/results_coursera/models/simcse_coursera_hard/sentence-transformers/all-MiniLM-L6-v2,A_semantic_only,122,4e4a52d4b158,represent the organization in external relations,2113,9e4398aab405,5,0.41573449969291687,0.41573449969291687,5.125317573547363,0.20000000298023224,0.4285714328289032,0.7189700603485107,0
/home/jovyan/Joel_Pardo/AI4LABOUR/Mejoras/results_coursera/models/simcse_coursera_hard/sentence-transformers/all-MiniLM-L6-v2,A_semantic_only,122,4e4a52d4b158,represent the organization in external relations,4097,fa970356f67a,6,0.41155219078063965,0.41155219078063965,5.0706892013549805,0.0,0.4285714328289032,0.0,0
/home/jovyan/Joel_Pardo/AI4LABOUR/Mejoras/results_coursera/models/simcse_coursera_hard/sentence-transformers/all-MiniLM-L6-v2,A_semantic_only,122,4e4a52d4b158,represent the organization in external relations,2111,8cb3848302c6,7,0.4097696542739868,0.4097696542739868,5.04740571975708,0.0,0.4285714328289032,0.0,0
/home/jovyan/Joel_Pardo/AI4LABOUR/Mejoras/results_coursera/models/simcse_coursera_hard/sentence-transformers/all-MiniLM-L6-v2,A_semantic_only,122,4e4a52d4b158,represent the organization in external relations,2871,e7fafd57133d,8,0.4091206192970276,0.4091206192970276,5.038928031921387,0.20000000298023224,0.4285714328289032,0.87309330701828,0
/home/jovyan/Joel_Pardo/AI4LABOUR/Mejoras/results_coursera/models/simcse_coursera_hard/sentence-transformers/all-MiniLM-L6-v2,A_semantic_only,122,4e4a52d4b158,represent the organization in external relations,2188,d9811f03b461,9,0.405611515045166,0.405611515045166,4.993093013763428,0.0,0.2857142984867096,0.0,0
/home/jovyan/Joel_Pardo/AI4LABOUR/Mejoras/results_coursera/models/simcse_coursera_hard/sentence-transformers/all-MiniLM-L6-v2,A_semantic_only,122,4e4a52d4b158,represent the organization in external relations,4100,9acc1e5cd5a6,10,0.40084218978881836,0.40084218978881836,4.9307966232299805,0.0,0.4285714328289032,0.0,0
/home/jovyan/Joel_Pardo/AI4LABOUR/Mejoras/results_coursera/models/simcse_coursera_hard/sentence-transformers/all-MiniLM-L6-v2,A_semantic_only,123,05f356a221b7,negotiate labor disputes,1448,dbbd592a2319,1,0.5366905927658081,0.5366905927658081,7.7666826248168945,0.0,0.75,0.0,0
/home/jovyan/Joel_Pardo/AI4LABOUR/Mejoras/results_coursera/models/simcse_coursera_hard/sentence-transformers/all-MiniLM-L6-v2,A_semantic_only,123,05f356a221b7,negotiate labor disputes,19,c450044ed981,2,0.5345696806907654,0.5345696806907654,7.735523223876953,0.0,0.5,0.0,0
/home/jovyan/Joel_Pardo/AI4LABOUR/Mejoras/results_coursera/models/simcse_coursera_hard/sentence-transformers/all-MiniLM-L6-v2,A_semantic_only,123,05f356a221b7,negotiate labor disputes,20,15269137d10a,3,0.5183277726173401,0.5183277726173401,7.4969024658203125,0.0,0.5,0.0,0
/home/jovyan/Joel_Pardo/AI4LABOUR/Mejoras/results_coursera/models/simcse_coursera_hard/sentence-transformers/all-MiniLM-L6-v2,A_semantic_only,123,05f356a221b7,negotiate labor disputes,638,ccaaa30ec77e,4,0.4498756527900696,0.4498756527900696,6.491228103637695,0.0,0.75,0.0,0
/home/jovyan/Joel_Pardo/AI4LABOUR/Mejoras/results_coursera/models/simcse_coursera_hard/sentence-transformers/all-MiniLM-L6-v2,A_semantic_only,123,05f356a221b7,negotiate labor disputes,4258,2edf95aa0513,5,0.4257604479789734,0.4257604479789734,6.136935710906982,0.20000000298023224,1.0,1.0,0
/home/jovyan/Joel_Pardo/AI4LABOUR/Mejoras/results_coursera/models/simcse_coursera_hard/sentence-transformers/all-MiniLM-L6-v2,A_semantic_only,123,05f356a221b7,negotiate labor disputes,3982,926cb54e103a,6,0.40839439630508423,0.40839439630508423,5.881799697875977,0.0,0.75,0.0,0
/home/jovyan/Joel_Pardo/AI4LABOUR/Mejoras/results_coursera/models/simcse_coursera_hard/sentence-transformers/all-MiniLM-L6-v2,A_semantic_only,123,05f356a221b7,negotiate labor disputes,3983,1292506f4417,7,0.38450926542282104,0.38450926542282104,5.530888080596924,0.0,1.0,0.0,0
/home/jovyan/Joel_Pardo/AI4LABOUR/Mejoras/results_coursera/models/simcse_coursera_hard/sentence-transformers/all-MiniLM-L6-v2,A_semantic_only,123,05f356a221b7,negotiate labor disputes,2913,0a5b7130fab4,8,0.3539808392524719,0.3539808392524719,5.082374572753906,0.0,0.800000011920929,0.0,0
/home/jovyan/Joel_Pardo/AI4LABOUR/Mejoras/results_coursera/models/simcse_coursera_hard/sentence-transformers/all-MiniLM-L6-v2,A_semantic_only,123,05f356a221b7,negotiate labor disputes,1449,bc71898b2b58,9,0.3196544051170349,0.3196544051170349,4.578062534332275,0.0,0.75,0.0,0
/home/jovyan/Joel_Pardo/AI4LABOUR/Mejoras/results_coursera/models/simcse_coursera_hard/sentence-transformers/all-MiniLM-L6-v2,A_semantic_only,123,05f356a221b7,negotiate labor disputes,3985,b7fefc34e42b,10,0.3073973059654236,0.3073973059654236,4.397985458374023,0.0,0.800000011920929,0.0,0
/home/jovyan/Joel_Pardo/AI4LABOUR/Mejoras/results_coursera/models/simcse_coursera_hard/sentence-transformers/all-MiniLM-L6-v2,A_semantic_only,124,3b11edaeeba4,document design or operational test results,1037,58c07ed4fd0b,1,0.4204081892967224,0.4204081892967224,5.0436015129089355,0.0,0.4285714328289032,0.0,0
/home/jovyan/Joel_Pardo/AI4LABOUR/Mejoras/results_coursera/models/simcse_coursera_hard/sentence-transformers/all-MiniLM-L6-v2,A_semantic_only,124,3b11edaeeba4,document design or operational test results,1038,a57be234a339,2,0.39862173795700073,0.39862173795700073,4.782284736633301,0.0,0.4285714328289032,0.0,0
/home/jovyan/Joel_Pardo/AI4LABOUR/Mejoras/results_coursera/models/simcse_coursera_hard/sentence-transformers/all-MiniLM-L6-v2,A_semantic_only,124,3b11edaeeba4,document design or operational test results,1897,d330010440a6,3,0.39230549335479736,0.39230549335479736,4.706524848937988,0.1666666716337204,0.4285714328289032,0.49777621030807495,0
/home/jovyan/Joel_Pardo/AI4LABOUR/Mejoras/results_coursera/models/simcse_coursera_hard/sentence-transformers/all-MiniLM-L6-v2,A_semantic_only,124,3b11edaeeba4,document design or operational test results,4202,28ce6bceb890,4,0.3833852708339691,0.3833852708339691,4.599531650543213,0.1428571492433548,0.5714285969734192,0.4276179075241089,0
/home/jovyan/Joel_Pardo/AI4LABOUR/Mejoras/results_coursera/models/simcse_coursera_hard/sentence-transformers/all-MiniLM-L6-v2,A_semantic_only,124,3b11edaeeba4,document design or operational test results,3331,bd1098fcfc05,5,0.37393754720687866,0.37393754720687866,4.486210823059082,0.1428571492433548,0.5714285969734192,0.6702709197998047,0
/home/jovyan/Joel_Pardo/AI4LABOUR/Mejoras/results_coursera/models/simcse_coursera_hard/sentence-transformers/all-MiniLM-L6-v2,A_semantic_only,124,3b11edaeeba4,document design or operational test results,2725,df8561d60643,6,0.3713260293006897,0.3713260293006897,4.454887390136719,0.1666666716337204,0.4285714328289032,0.49777621030807495,0
/home/jovyan/Joel_Pardo/AI4LABOUR/Mejoras/results_coursera/models/simcse_coursera_hard/sentence-transformers/all-MiniLM-L6-v2,A_semantic_only,124,3b11edaeeba4,document design or operational test results,3460,3461d194d27c,7,0.3655177354812622,0.3655177354812622,4.385220050811768,0.0,0.4285714328289032,0.0,0
/home/jovyan/Joel_Pardo/AI4LABOUR/Mejoras/results_coursera/models/simcse_coursera_hard/sentence-transformers/all-MiniLM-L6-v2,A_semantic_only,124,3b11edaeeba4,document design or operational test results,2688,0950dcce7437,8,0.35725560784339905,0.35725560784339905,4.2861199378967285,0.1428571492433548,0.5714285969734192,0.6702709197998047,0
/home/jovyan/Joel_Pardo/AI4LABOUR/Mejoras/results_coursera/models/simcse_coursera_hard/sentence-transformers/all-MiniLM-L6-v2,A_semantic_only,124,3b11edaeeba4,document design or operational test results,4828,0207b591a5d5,9,0.35457566380500793,0.35457566380500793,4.2539753913879395,0.0,0.4285714328289032,0.0,0
/home/jovyan/Joel_Pardo/AI4LABOUR/Mejoras/results_coursera/models/simcse_coursera_hard/sentence-transformers/all-MiniLM-L6-v2,A_semantic_only,124,3b11edaeeba4,document design or operational test results,3980,dc0ebdffa052,10,0.3464675545692444,0.3464675545692444,4.1567230224609375,0.0,0.4285714328289032,0.0,0
/home/jovyan/Joel_Pardo/AI4LABOUR/Mejoras/results_coursera/models/simcse_coursera_hard/sentence-transformers/all-MiniLM-L6-v2,A_semantic_only,125,12a1310a48ad,create graphical representations of mechanical equipment,4268,5ac20d595bff,1,0.454814076423645,0.454814076423645,5.93412971496582,0.1666666716337204,0.4285714328289032,1.0,0
/home/jovyan/Joel_Pardo/AI4LABOUR/Mejoras/results_coursera/models/simcse_coursera_hard/sentence-transformers/all-MiniLM-L6-v2,A_semantic_only,125,12a1310a48ad,create graphical representations of mechanical equipment,4772,25ce88e1c1a2,2,0.3708558678627014,0.3708558678627014,4.845564365386963,0.0,0.4285714328289032,0.0,0
/home/jovyan/Joel_Pardo/AI4LABOUR/Mejoras/results_coursera/models/simcse_coursera_hard/sentence-transformers/all-MiniLM-L6-v2,A_semantic_only,125,12a1310a48ad,create graphical representations of mechanical equipment,3746,bf61327b5f17,3,0.3491699695587158,0.3491699695587158,4.564394474029541,0.0,0.4285714328289032,0.0,0
/home/jovyan/Joel_Pardo/AI4LABOUR/Mejoras/results_coursera/models/simcse_coursera_hard/sentence-transformers/all-MiniLM-L6-v2,A_semantic_only,125,12a1310a48ad,create graphical representations of mechanical equipment,548,0586134e1b27,4,0.3445016145706177,0.3445016145706177,4.503866672515869,0.1111111119389534,1.0,0.8627363443374634,0
/home/jovyan/Joel_Pardo/AI4LABOUR/Mejoras/results_coursera/models/simcse_coursera_hard/sentence-transformers/all-MiniLM-L6-v2,A_semantic_only,125,12a1310a48ad,create graphical representations of mechanical equipment,523,910ef5c9cb44,5,0.3346290588378906,0.3346290588378906,4.375863075256348,0.0,0.5714285969734192,0.0,0
/home/jovyan/Joel_Pardo/AI4LABOUR/Mejoras/results_coursera/models/simcse_coursera_hard/sentence-transformers/all-MiniLM-L6-v2,A_semantic_only,125,12a1310a48ad,create graphical representations of mechanical equipment,1527,be02ed53e2db,6,0.33377814292907715,0.33377814292907715,4.364830493927002,0.0,0.4285714328289032,0.0,0
/home/jovyan/Joel_Pardo/AI4LABOUR/Mejoras/results_coursera/models/simcse_coursera_hard/sentence-transformers/all-MiniLM-L6-v2,A_semantic_only,125,12a1310a48ad,create graphical representations of mechanical equipment,4786,2d981328d3b3,7,0.33060455322265625,0.33060455322265625,4.323683261871338,0.0,0.4285714328289032,0.0,0
/home/jovyan/Joel_Pardo/AI4LABOUR/Mejoras/results_coursera/models/simcse_coursera_hard/sentence-transformers/all-MiniLM-L6-v2,A_semantic_only,125,12a1310a48ad,create graphical representations of mechanical equipment,1418,9261737dd80c,8,0.32271069288253784,0.32271069288253784,4.221334934234619,0.0833333358168602,0.5384615659713745,0.25343313813209534,0
/home/jovyan/Joel_Pardo/AI4LABOUR/Mejoras/results_coursera/models/simcse_coursera_hard/sentence-transformers/all-MiniLM-L6-v2,A_semantic_only,125,12a1310a48ad,create graphical representations of mechanical equipment,1911,a94c420734a9,9,0.3211939334869385,0.3211939334869385,4.201669216156006,0.0,0.5714285969734192,0.0,0
/home/jovyan/Joel_Pardo/AI4LABOUR/Mejoras/results_coursera/models/simcse_coursera_hard/sentence-transformers/all-MiniLM-L6-v2,A_semantic_only,125,12a1310a48ad,create graphical representations of mechanical equipment,3917,d23e50a9caf6,10,0.3204074800014496,0.3204074800014496,4.19147253036499,0.125,1.0,0.8497270345687866,0
/home/jovyan/Joel_Pardo/AI4LABOUR/Mejoras/results_coursera/models/simcse_coursera_hard/sentence-transformers/all-MiniLM-L6-v2,A_semantic_only,126,ebdb003908ef,research engineering applications of emerging technologies,2342,d9000beaf680,1,0.5027737021446228,0.5027737021446228,6.53451681137085,0.4000000059604645,0.4285714328289032,1.0,0
/home/jovyan/Joel_Pardo/AI4LABOUR/Mejoras/results_coursera/models/simcse_coursera_hard/sentence-transformers/all-MiniLM-L6-v2,A_semantic_only,126,ebdb003908ef,research engineering applications of emerging technologies,1309,a8e51d116de8,2,0.44897040724754333,0.44897040724754333,5.839910984039307,0.1428571492433548,0.5714285969734192,0.27256864309310913,0
/home/jovyan/Joel_Pardo/AI4LABOUR/Mejoras/results_coursera/models/simcse_coursera_hard/sentence-transformers/all-MiniLM-L6-v2,A_semantic_only,126,ebdb003908ef,research engineering applications of emerging technologies,2581,40cb7c84e4c0,3,0.43448129296302795,0.43448129296302795,5.652854919433594,0.1666666716337204,0.4285714328289032,0.37080681324005127,0
/home/jovyan/Joel_Pardo/AI4LABOUR/Mejoras/results_coursera/models/simcse_coursera_hard/sentence-transformers/all-MiniLM-L6-v2,A_semantic_only,126,ebdb003908ef,research engineering applications of emerging technologies,47,b9241dcb1d13,4,0.3759121298789978,0.3759121298789978,4.8967204093933105,0.1666666716337204,0.4285714328289032,0.37080681324005127,0
/home/jovyan/Joel_Pardo/AI4LABOUR/Mejoras/results_coursera/models/simcse_coursera_hard/sentence-transformers/all-MiniLM-L6-v2,A_semantic_only,126,ebdb003908ef,research engineering applications of emerging technologies,2813,0b516df2a352,5,0.3744290769100189,0.3744290769100189,4.8775739669799805,0.1666666716337204,0.4285714328289032,0.37080681324005127,0
/home/jovyan/Joel_Pardo/AI4LABOUR/Mejoras/results_coursera/models/simcse_coursera_hard/sentence-transformers/all-MiniLM-L6-v2,A_semantic_only,126,ebdb003908ef,research engineering applications of emerging technologies,2860,2f1aa5fd65c3,6,0.36711427569389343,0.36711427569389343,4.783139228820801,0.1666666716337204,0.4285714328289032,0.37080681324005127,0
/home/jovyan/Joel_Pardo/AI4LABOUR/Mejoras/results_coursera/models/simcse_coursera_hard/sentence-transformers/all-MiniLM-L6-v2,A_semantic_only,126,ebdb003908ef,research engineering applications of emerging technologies,2582,0be93a9a20bc,7,0.3584105372428894,0.3584105372428894,4.670773029327393,0.1428571492433548,0.7142857313156128,0.2791935205459595,0
/home/jovyan/Joel_Pardo/AI4LABOUR/Mejoras/results_coursera/models/simcse_coursera_hard/sentence-transformers/all-MiniLM-L6-v2,A_semantic_only,126,ebdb003908ef,research engineering applications of emerging technologies,3782,0d6b3a3f8dee,8,0.33543330430984497,0.33543330430984497,4.374134540557861,0.125,0.7777777910232544,0.2722766101360321,0
/home/jovyan/Joel_Pardo/AI4LABOUR/Mejoras/results_coursera/models/simcse_coursera_hard/sentence-transformers/all-MiniLM-L6-v2,A_semantic_only,126,ebdb003908ef,research engineering applications of emerging technologies,2013,3941945d7722,9,0.3291805386543274,0.3291805386543274,4.293410778045654,0.1666666716337204,0.4285714328289032,0.37080681324005127,0
/home/jovyan/Joel_Pardo/AI4LABOUR/Mejoras/results_coursera/models/simcse_coursera_hard/sentence-transformers/all-MiniLM-L6-v2,A_semantic_only,126,ebdb003908ef,research engineering applications of emerging technologies,3378,d2e5330ba975,10,0.3259344696998596,0.3259344696998596,4.2515034675598145,0.1666666716337204,0.5,0.3357858955860138,0
/home/jovyan/Joel_Pardo/AI4LABOUR/Mejoras/results_coursera/models/simcse_coursera_hard/sentence-transformers/all-MiniLM-L6-v2,A_semantic_only,127,3d77dabe7560,design electromechanical equipment or systems,3663,9b1383e434a5,1,0.5064030885696411,0.5064030885696411,5.798030853271484,0.4000000059604645,0.8333333134651184,0.7529352307319641,0
/home/jovyan/Joel_Pardo/AI4LABOUR/Mejoras/results_coursera/models/simcse_coursera_hard/sentence-transformers/all-MiniLM-L6-v2,A_semantic_only,127,3d77dabe7560,design electromechanical equipment or systems,3365,7f63be1febb9,2,0.48821282386779785,0.48821282386779785,5.588593006134033,0.1666666716337204,0.6666666865348816,0.38649365305900574,0
/home/jovyan/Joel_Pardo/AI4LABOUR/Mejoras/results_coursera/models/simcse_coursera_hard/sentence-transformers/all-MiniLM-L6-v2,A_semantic_only,127,3d77dabe7560,design electromechanical equipment or systems,4729,1d83ab47ce3e,3,0.48738163709640503,0.48738163709640503,5.579023361206055,0.20000000298023224,0.5,0.44990479946136475,0
/home/jovyan/Joel_Pardo/AI4LABOUR/Mejoras/results_coursera/models/simcse_coursera_hard/sentence-transformers/all-MiniLM-L6-v2,A_semantic_only,127,3d77dabe7560,design electromechanical equipment or systems,4487,5b4964424cc3,4,0.4860832393169403,0.4860832393169403,5.56407356262207,0.20000000298023224,0.5,0.5500952005386353,0
/home/jovyan/Joel_Pardo/AI4LABOUR/Mejoras/results_coursera/models/simcse_coursera_hard/sentence-transformers/all-MiniLM-L6-v2,A_semantic_only,127,3d77dabe7560,design electromechanical equipment or systems,937,43b6a406ef58,5,0.4837660789489746,0.4837660789489746,5.5373945236206055,0.0,0.8333333134651184,0.0,0
/home/jovyan/Joel_Pardo/AI4LABOUR/Mejoras/results_coursera/models/simcse_coursera_hard/sentence-transformers/all-MiniLM-L6-v2,A_semantic_only,127,3d77dabe7560,design electromechanical equipment or systems,3873,09a84053a60b,6,0.46049726009368896,0.46049726009368896,5.269484043121338,0.1666666716337204,0.6666666865348816,0.38649365305900574,0
/home/jovyan/Joel_Pardo/AI4LABOUR/Mejoras/results_coursera/models/simcse_coursera_hard/sentence-transformers/all-MiniLM-L6-v2,A_semantic_only,127,3d77dabe7560,design electromechanical equipment or systems,4723,66fe44b4fefa,7,0.44544923305511475,0.44544923305511475,5.096225261688232,0.5,0.5,1.0,0
/home/jovyan/Joel_Pardo/AI4LABOUR/Mejoras/results_coursera/models/simcse_coursera_hard/sentence-transformers/all-MiniLM-L6-v2,A_semantic_only,127,3d77dabe7560,design electromechanical equipment or systems,3917,d23e50a9caf6,8,0.43144553899765015,0.43144553899765015,4.934990882873535,0.1428571492433548,0.8571428656578064,0.33212876319885254,0
/home/jovyan/Joel_Pardo/AI4LABOUR/Mejoras/results_coursera/models/simcse_coursera_hard/sentence-transformers/all-MiniLM-L6-v2,A_semantic_only,127,3d77dabe7560,design electromechanical equipment or systems,4412,a558f59f975e,9,0.4282142221927643,0.4282142221927643,4.8977861404418945,0.1666666716337204,0.8333333134651184,0.3387491703033447,0
/home/jovyan/Joel_Pardo/AI4LABOUR/Mejoras/results_coursera/models/simcse_coursera_hard/sentence-transformers/all-MiniLM-L6-v2,A_semantic_only,127,3d77dabe7560,design electromechanical equipment or systems,1841,e649d3f24f2b,10,0.39299821853637695,0.39299821853637695,4.492319107055664,0.1666666716337204,0.6666666865348816,0.38649365305900574,0
/home/jovyan/Joel_Pardo/AI4LABOUR/Mejoras/results_coursera/models/simcse_coursera_hard/sentence-transformers/all-MiniLM-L6-v2,A_semantic_only,128,54e485ae84d0,design environmental control systems,4873,6483104c7cb1,1,0.691737949848175,0.691737949848175,7.591014862060547,0.5,0.6000000238418579,1.0,0
/home/jovyan/Joel_Pardo/AI4LABOUR/Mejoras/results_coursera/models/simcse_coursera_hard/sentence-transformers/all-MiniLM-L6-v2,A_semantic_only,128,54e485ae84d0,design environmental control systems,3918,d4c62f1a558b,2,0.5363746285438538,0.5363746285438538,5.844461917877197,0.5,0.6000000238418579,0.9046481847763062,0
/home/jovyan/Joel_Pardo/AI4LABOUR/Mejoras/results_coursera/models/simcse_coursera_hard/sentence-transformers/all-MiniLM-L6-v2,A_semantic_only,128,54e485ae84d0,design environmental control systems,4723,66fe44b4fefa,3,0.5270363092422485,0.5270363092422485,5.739482879638672,0.5,0.6000000238418579,0.7768035531044006,0
/home/jovyan/Joel_Pardo/AI4LABOUR/Mejoras/results_coursera/models/simcse_coursera_hard/sentence-transformers/all-MiniLM-L6-v2,A_semantic_only,128,54e485ae84d0,design environmental control systems,4163,2efc353a10d0,4,0.48742958903312683,0.48742958903312683,5.294234752655029,0.1666666716337204,0.800000011920929,0.30022963881492615,0
/home/jovyan/Joel_Pardo/AI4LABOUR/Mejoras/results_coursera/models/simcse_coursera_hard/sentence-transformers/all-MiniLM-L6-v2,A_semantic_only,128,54e485ae84d0,design environmental control systems,2485,9c6f576f75ef,5,0.4779413342475891,0.4779413342475891,5.187570095062256,0.1666666716337204,0.800000011920929,0.30022963881492615,0
/home/jovyan/Joel_Pardo/AI4LABOUR/Mejoras/results_coursera/models/simcse_coursera_hard/sentence-transformers/all-MiniLM-L6-v2,A_semantic_only,128,54e485ae84d0,design environmental control systems,3663,9b1383e434a5,6,0.4720887541770935,0.4720887541770935,5.121777057647705,0.4000000059604645,1.0,0.5848827958106995,0
/home/jovyan/Joel_Pardo/AI4LABOUR/Mejoras/results_coursera/models/simcse_coursera_hard/sentence-transformers/all-MiniLM-L6-v2,A_semantic_only,128,54e485ae84d0,design environmental control systems,3365,7f63be1febb9,7,0.457144558429718,0.457144558429718,4.953778266906738,0.1666666716337204,0.800000011920929,0.30022963881492615,0
/home/jovyan/Joel_Pardo/AI4LABOUR/Mejoras/results_coursera/models/simcse_coursera_hard/sentence-transformers/all-MiniLM-L6-v2,A_semantic_only,128,54e485ae84d0,design environmental control systems,2483,075224efe4bd,8,0.42345696687698364,0.42345696687698364,4.575071334838867,0.20000000298023224,0.6000000238418579,0.42731592059135437,0
/home/jovyan/Joel_Pardo/AI4LABOUR/Mejoras/results_coursera/models/simcse_coursera_hard/sentence-transformers/all-MiniLM-L6-v2,A_semantic_only,128,54e485ae84d0,design environmental control systems,2277,e2ee4e5d252a,9,0.41373211145401,0.41373211145401,4.465746879577637,0.20000000298023224,0.6000000238418579,0.572684109210968,0
/home/jovyan/Joel_Pardo/AI4LABOUR/Mejoras/results_coursera/models/simcse_coursera_hard/sentence-transformers/all-MiniLM-L6-v2,A_semantic_only,128,54e485ae84d0,design environmental control systems,3979,9e51eeb429ae,10,0.4078442454338074,0.4078442454338074,4.399557113647461,0.20000000298023224,0.6000000238418579,0.42731592059135437,0
/home/jovyan/Joel_Pardo/AI4LABOUR/Mejoras/results_coursera/models/simcse_coursera_hard/sentence-transformers/all-MiniLM-L6-v2,A_semantic_only,129,06f6e71fddcf,calibrate scientific or technical equipment,3205,0bf719dffe05,1,0.5705527067184448,0.5705527067184448,7.169751167297363,0.0,0.3333333432674408,0.0,0
/home/jovyan/Joel_Pardo/AI4LABOUR/Mejoras/results_coursera/models/simcse_coursera_hard/sentence-transformers/all-MiniLM-L6-v2,A_semantic_only,129,06f6e71fddcf,calibrate scientific or technical equipment,2547,79ba08f98c49,2,0.4998328685760498,0.4998328685760498,6.277110576629639,0.0,0.5,0.0,0
/home/jovyan/Joel_Pardo/AI4LABOUR/Mejoras/results_coursera/models/simcse_coursera_hard/sentence-transformers/all-MiniLM-L6-v2,A_semantic_only,129,06f6e71fddcf,calibrate scientific or technical equipment,88,9298c5c26f5f,3,0.4959644377231598,0.4959644377231598,6.228282451629639,0.0,0.5,0.0,0
/home/jovyan/Joel_Pardo/AI4LABOUR/Mejoras/results_coursera/models/simcse_coursera_hard/sentence-transformers/all-MiniLM-L6-v2,A_semantic_only,129,06f6e71fddcf,calibrate scientific or technical equipment,1332,1589748650da,4,0.48561733961105347,0.48561733961105347,6.097679138183594,0.0,1.0,0.0,0
/home/jovyan/Joel_Pardo/AI4LABOUR/Mejoras/results_coursera/models/simcse_coursera_hard/sentence-transformers/all-MiniLM-L6-v2,A_semantic_only,129,06f6e71fddcf,calibrate scientific or technical equipment,3407,2ad419560ca0,5,0.32151442766189575,0.32151442766189575,4.026339530944824,0.0,1.0,0.0,0
/home/jovyan/Joel_Pardo/AI4LABOUR/Mejoras/results_coursera/models/simcse_coursera_hard/sentence-transformers/all-MiniLM-L6-v2,A_semantic_only,129,06f6e71fddcf,calibrate scientific or technical equipment,2641,414d1ab8da6a,6,0.3076171278953552,0.3076171278953552,3.8509249687194824,0.1666666716337204,0.6666666865348816,0.9163439273834229,0
/home/jovyan/Joel_Pardo/AI4LABOUR/Mejoras/results_coursera/models/simcse_coursera_hard/sentence-transformers/all-MiniLM-L6-v2,A_semantic_only,129,06f6e71fddcf,calibrate scientific or technical equipment,4499,a7b7131295ef,7,0.30374908447265625,0.30374908447265625,3.8021018505096436,0.0,0.6666666865348816,0.0,0
/home/jovyan/Joel_Pardo/AI4LABOUR/Mejoras/results_coursera/models/simcse_coursera_hard/sentence-transformers/all-MiniLM-L6-v2,A_semantic_only,129,06f6e71fddcf,calibrate scientific or technical equipment,4501,7e31f9e44f69,8,0.3032895028591156,0.3032895028591156,3.7963008880615234,0.0,0.6000000238418579,0.0,0
/home/jovyan/Joel_Pardo/AI4LABOUR/Mejoras/results_coursera/models/simcse_coursera_hard/sentence-transformers/all-MiniLM-L6-v2,A_semantic_only,129,06f6e71fddcf,calibrate scientific or technical equipment,3816,d4dcc2b4ce0a,9,0.2992834150791168,0.2992834150791168,3.7457351684570312,0.0,0.8571428656578064,0.0,0
/home/jovyan/Joel_Pardo/AI4LABOUR/Mejoras/results_coursera/models/simcse_coursera_hard/sentence-transformers/all-MiniLM-L6-v2,A_semantic_only,129,06f6e71fddcf,calibrate scientific or technical equipment,3968,00c83d34ab1e,10,0.2955692708492279,0.2955692708492279,3.698854446411133,0.0,0.5,0.0,0
/home/jovyan/Joel_Pardo/AI4LABOUR/Mejoras/results_coursera/models/simcse_coursera_hard/sentence-transformers/all-MiniLM-L6-v2,A_semantic_only,130,cbb58925807f,select project materials,4342,2ee8e7421336,1,0.5892245173454285,0.5892245173454285,7.807612895965576,0.20000000298023224,1.0,0.6001487970352173,0
/home/jovyan/Joel_Pardo/AI4LABOUR/Mejoras/results_coursera/models/simcse_coursera_hard/sentence-transformers/all-MiniLM-L6-v2,A_semantic_only,130,cbb58925807f,select project materials,4864,b4b65dd80416,2,0.5115983486175537,0.5115983486175537,6.7601399421691895,0.25,0.75,0.8359322547912598,0
/home/jovyan/Joel_Pardo/AI4LABOUR/Mejoras/results_coursera/models/simcse_coursera_hard/sentence-transformers/all-MiniLM-L6-v2,A_semantic_only,130,cbb58925807f,select project materials,4862,b54736456520,3,0.48989564180374146,0.48989564180374146,6.467288017272949,0.25,0.75,0.8359322547912598,0
/home/jovyan/Joel_Pardo/AI4LABOUR/Mejoras/results_coursera/models/simcse_coursera_hard/sentence-transformers/all-MiniLM-L6-v2,A_semantic_only,130,cbb58925807f,select project materials,74,2d2ac038a838,4,0.4656996726989746,0.4656996726989746,6.140791893005371,0.3333333432674408,0.5,1.0,0
/home/jovyan/Joel_Pardo/AI4LABOUR/Mejoras/results_coursera/models/simcse_coursera_hard/sentence-transformers/all-MiniLM-L6-v2,A_semantic_only,130,cbb58925807f,select project materials,1653,046a98743dea,5,0.4245891571044922,0.4245891571044922,5.58605432510376,0.25,0.75,0.6986138224601746,0
/home/jovyan/Joel_Pardo/AI4LABOUR/Mejoras/results_coursera/models/simcse_coursera_hard/sentence-transformers/all-MiniLM-L6-v2,A_semantic_only,130,cbb58925807f,select project materials,2880,c19e220921cb,6,0.3968921899795532,0.3968921899795532,5.212316989898682,0.25,0.75,0.6986138224601746,0
/home/jovyan/Joel_Pardo/AI4LABOUR/Mejoras/results_coursera/models/simcse_coursera_hard/sentence-transformers/all-MiniLM-L6-v2,A_semantic_only,130,cbb58925807f,select project materials,282,d8617ce89965,7,0.38040417432785034,0.38040417432785034,4.989830493927002,0.0,0.75,0.0,0
/home/jovyan/Joel_Pardo/AI4LABOUR/Mejoras/results_coursera/models/simcse_coursera_hard/sentence-transformers/all-MiniLM-L6-v2,A_semantic_only,130,cbb58925807f,select project materials,1948,73221dd7834f,8,0.37022095918655396,0.37022095918655396,4.852420330047607,0.1666666716337204,0.800000011920929,0.5260109901428223,0
/home/jovyan/Joel_Pardo/AI4LABOUR/Mejoras/results_coursera/models/simcse_coursera_hard/sentence-transformers/all-MiniLM-L6-v2,A_semantic_only,130,cbb58925807f,select project materials,2355,221146bfcce6,9,0.36540675163269043,0.36540675163269043,4.787458419799805,0.0,0.75,0.0,0
/home/jovyan/Joel_Pardo/AI4LABOUR/Mejoras/results_coursera/models/simcse_coursera_hard/sentence-transformers/all-MiniLM-L6-v2,A_semantic_only,130,cbb58925807f,select project materials,1375,38b024ca010b,10,0.3645288944244385,0.3645288944244385,4.775612831115723,0.0,0.75,0.0,0
/home/jovyan/Joel_Pardo/AI4LABOUR/Mejoras/results_coursera/models/simcse_coursera_hard/sentence-transformers/all-MiniLM-L6-v2,A_semantic_only,131,c3b47654a283,create physical models or prototypes,79,ba25d7102b6e,1,0.5781214237213135,0.5781214237213135,6.646450042724609,0.0,0.3333333432674408,0.0,0
/home/jovyan/Joel_Pardo/AI4LABOUR/Mejoras/results_coursera/models/simcse_coursera_hard/sentence-transformers/all-MiniLM-L6-v2,A_semantic_only,131,c3b47654a283,create physical models or prototypes,3623,bd01707ee9b8,2,0.5516976118087769,0.5516976118087769,6.347467422485352,0.1666666716337204,0.6666666865348816,0.8985244035720825,0
/home/jovyan/Joel_Pardo/AI4LABOUR/Mejoras/results_coursera/models/simcse_coursera_hard/sentence-transformers/all-MiniLM-L6-v2,A_semantic_only,131,c3b47654a283,create physical models or prototypes,1791,e7376168da13,3,0.4803008735179901,0.4803008735179901,5.539619445800781,0.0,0.5,0.0,0
/home/jovyan/Joel_Pardo/AI4LABOUR/Mejoras/results_coursera/models/simcse_coursera_hard/sentence-transformers/all-MiniLM-L6-v2,A_semantic_only,131,c3b47654a283,create physical models or prototypes,1639,c18462a35a7a,4,0.45110708475112915,0.45110708475112915,5.20929479598999,0.0,0.3333333432674408,0.0,0
/home/jovyan/Joel_Pardo/AI4LABOUR/Mejoras/results_coursera/models/simcse_coursera_hard/sentence-transformers/all-MiniLM-L6-v2,A_semantic_only,131,c3b47654a283,create physical models or prototypes,2268,b376efa6883e,5,0.44670867919921875,0.44670867919921875,5.15952730178833,0.0,0.8333333134651184,0.0,0
/home/jovyan/Joel_Pardo/AI4LABOUR/Mejoras/results_coursera/models/simcse_coursera_hard/sentence-transformers/all-MiniLM-L6-v2,A_semantic_only,131,c3b47654a283,create physical models or prototypes,775,c04765236833,6,0.4409160912036896,0.4409160912036896,5.093984603881836,0.20000000298023224,0.5,0.6690802574157715,0
/home/jovyan/Joel_Pardo/AI4LABOUR/Mejoras/results_coursera/models/simcse_coursera_hard/sentence-transformers/all-MiniLM-L6-v2,A_semantic_only,131,c3b47654a283,create physical models or prototypes,3390,31fc544d01c2,7,0.4345976412296295,0.4345976412296295,5.022491931915283,0.0,0.5,0.0,0
/home/jovyan/Joel_Pardo/AI4LABOUR/Mejoras/results_coursera/models/simcse_coursera_hard/sentence-transformers/all-MiniLM-L6-v2,A_semantic_only,131,c3b47654a283,create physical models or prototypes,3919,b81d3a27898d,8,0.43064525723457336,0.43064525723457336,4.977770805358887,0.0,0.6666666865348816,0.0,0
/home/jovyan/Joel_Pardo/AI4LABOUR/Mejoras/results_coursera/models/simcse_coursera_hard/sentence-transformers/all-MiniLM-L6-v2,A_semantic_only,131,c3b47654a283,create physical models or prototypes,5038,d81a55777dc2,9,0.42881983518600464,0.42881983518600464,4.957116603851318,0.1666666716337204,0.6666666865348816,0.5747777819633484,0
/home/jovyan/Joel_Pardo/AI4LABOUR/Mejoras/results_coursera/models/simcse_coursera_hard/sentence-transformers/all-MiniLM-L6-v2,A_semantic_only,131,c3b47654a283,create physical models or prototypes,3044,f8e5c752972c,10,0.42236557602882385,0.42236557602882385,4.884087085723877,0.0,0.5,0.0,0
/home/jovyan/Joel_Pardo/AI4LABOUR/Mejoras/results_coursera/models/simcse_coursera_hard/sentence-transformers/all-MiniLM-L6-v2,A_semantic_only,132,22f88df4c22c,program robotic equipment,1569,65a6cc530b16,1,0.4640839099884033,0.4640839099884033,5.78106689453125,0.0,1.0,0.0,0
/home/jovyan/Joel_Pardo/AI4LABOUR/Mejoras/results_coursera/models/simcse_coursera_hard/sentence-transformers/all-MiniLM-L6-v2,A_semantic_only,132,22f88df4c22c,program robotic equipment,2649,b21cfc0fb42f,2,0.4261988401412964,0.4261988401412964,5.290377616882324,0.20000000298023224,1.0,0.7549766898155212,0
/home/jovyan/Joel_Pardo/AI4LABOUR/Mejoras/results_coursera/models/simcse_coursera_hard/sentence-transformers/all-MiniLM-L6-v2,A_semantic_only,132,22f88df4c22c,program robotic equipment,4399,73536425bdf2,3,0.40798529982566833,0.40798529982566833,5.054474830627441,0.0,0.75,0.0,0
/home/jovyan/Joel_Pardo/AI4LABOUR/Mejoras/results_coursera/models/simcse_coursera_hard/sentence-transformers/all-MiniLM-L6-v2,A_semantic_only,132,22f88df4c22c,program robotic equipment,4536,d5ec9cc158c6,4,0.4048512578010559,0.4048512578010559,5.013882637023926,0.25,0.75,1.0,0
/home/jovyan/Joel_Pardo/AI4LABOUR/Mejoras/results_coursera/models/simcse_coursera_hard/sentence-transformers/all-MiniLM-L6-v2,A_semantic_only,132,22f88df4c22c,program robotic equipment,1618,a6ec7cc907d1,5,0.37737926840782166,0.37737926840782166,4.658063888549805,0.0,0.75,0.0,0
/home/jovyan/Joel_Pardo/AI4LABOUR/Mejoras/results_coursera/models/simcse_coursera_hard/sentence-transformers/all-MiniLM-L6-v2,A_semantic_only,132,22f88df4c22c,program robotic equipment,610,8e727206b35b,6,0.3739593029022217,0.3739593029022217,4.613768577575684,0.20000000298023224,1.0,0.8590565323829651,0
/home/jovyan/Joel_Pardo/AI4LABOUR/Mejoras/results_coursera/models/simcse_coursera_hard/sentence-transformers/all-MiniLM-L6-v2,A_semantic_only,132,22f88df4c22c,program robotic equipment,927,9cafaa453dfe,7,0.36977243423461914,0.36977243423461914,4.559539794921875,0.0,0.5,0.0,0
/home/jovyan/Joel_Pardo/AI4LABOUR/Mejoras/results_coursera/models/simcse_coursera_hard/sentence-transformers/all-MiniLM-L6-v2,A_semantic_only,132,22f88df4c22c,program robotic equipment,450,4c85f6268698,8,0.3663593530654907,0.3663593530654907,4.515333652496338,0.0,0.75,0.0,0
/home/jovyan/Joel_Pardo/AI4LABOUR/Mejoras/results_coursera/models/simcse_coursera_hard/sentence-transformers/all-MiniLM-L6-v2,A_semantic_only,132,22f88df4c22c,program robotic equipment,4891,75991e447aac,9,0.3656374216079712,0.3656374216079712,4.505982875823975,0.0,0.75,0.0,0
/home/jovyan/Joel_Pardo/AI4LABOUR/Mejoras/results_coursera/models/simcse_coursera_hard/sentence-transformers/all-MiniLM-L6-v2,A_semantic_only,132,22f88df4c22c,program robotic equipment,2641,414d1ab8da6a,10,0.36151427030563354,0.36151427030563354,4.452579975128174,0.20000000298023224,1.0,0.958443820476532,0
/home/jovyan/Joel_Pardo/AI4LABOUR/Mejoras/results_coursera/models/simcse_coursera_hard/sentence-transformers/all-MiniLM-L6-v2,A_semantic_only,133,70f88532846f,fabricate products or components using machine tools,4415,859f5dcf8041,1,0.38723689317703247,0.38723689317703247,5.03770112991333,0.07692307978868484,0.6153846383094788,0.3296055495738983,0
/home/jovyan/Joel_Pardo/AI4LABOUR/Mejoras/results_coursera/models/simcse_coursera_hard/sentence-transformers/all-MiniLM-L6-v2,A_semantic_only,133,70f88532846f,fabricate products or components using machine tools,2092,a3727e4c2309,2,0.3725084066390991,0.3725084066390991,4.854133605957031,0.0,0.75,0.0,0
/home/jovyan/Joel_Pardo/AI4LABOUR/Mejoras/results_coursera/models/simcse_coursera_hard/sentence-transformers/all-MiniLM-L6-v2,A_semantic_only,133,70f88532846f,fabricate products or components using machine tools,62,422cb95c884c,3,0.36883828043937683,0.36883828043937683,4.808391094207764,0.0,0.5,0.0,0
/home/jovyan/Joel_Pardo/AI4LABOUR/Mejoras/results_coursera/models/simcse_coursera_hard/sentence-transformers/all-MiniLM-L6-v2,A_semantic_only,133,70f88532846f,fabricate products or components using machine tools,2795,0270e82e5a44,4,0.3682788014411926,0.3682788014411926,4.801417827606201,0.0,0.375,0.0,0
/home/jovyan/Joel_Pardo/AI4LABOUR/Mejoras/results_coursera/models/simcse_coursera_hard/sentence-transformers/all-MiniLM-L6-v2,A_semantic_only,133,70f88532846f,fabricate products or components using machine tools,78,cefdec315735,5,0.3591665029525757,0.3591665029525757,4.687847137451172,0.0,0.5,0.0,0
/home/jovyan/Joel_Pardo/AI4LABOUR/Mejoras/results_coursera/models/simcse_coursera_hard/sentence-transformers/all-MiniLM-L6-v2,A_semantic_only,133,70f88532846f,fabricate products or components using machine tools,60,32756aab54ad,6,0.3407222628593445,0.3407222628593445,4.457968711853027,0.0,0.5,0.0,0
/home/jovyan/Joel_Pardo/AI4LABOUR/Mejoras/results_coursera/models/simcse_coursera_hard/sentence-transformers/all-MiniLM-L6-v2,A_semantic_only,133,70f88532846f,fabricate products or components using machine tools,2614,4c8f350762de,7,0.33070099353790283,0.33070099353790283,4.33306884765625,0.0,0.5,0.0,0
/home/jovyan/Joel_Pardo/AI4LABOUR/Mejoras/results_coursera/models/simcse_coursera_hard/sentence-transformers/all-MiniLM-L6-v2,A_semantic_only,133,70f88532846f,fabricate products or components using machine tools,3938,3eb5a1be20e7,8,0.3244316577911377,0.3244316577911377,4.254931449890137,0.0,0.5,0.0,0
/home/jovyan/Joel_Pardo/AI4LABOUR/Mejoras/results_coursera/models/simcse_coursera_hard/sentence-transformers/all-MiniLM-L6-v2,A_semantic_only,133,70f88532846f,fabricate products or components using machine tools,1474,39dc86297043,9,0.29901236295700073,0.29901236295700073,3.938119649887085,0.0,0.375,0.0,0
/home/jovyan/Joel_Pardo/AI4LABOUR/Mejoras/results_coursera/models/simcse_coursera_hard/sentence-transformers/all-MiniLM-L6-v2,A_semantic_only,133,70f88532846f,fabricate products or components using machine tools,4364,746adc3ce663,10,0.29562923312187195,0.29562923312187195,3.895954132080078,0.1428571492433548,0.375,0.8703818917274475,0
/home/jovyan/Joel_Pardo/AI4LABOUR/Mejoras/results_coursera/models/simcse_coursera_hard/sentence-transformers/all-MiniLM-L6-v2,A_semantic_only,134,469df54e4928,inspect facilities or sites to determine if they meet specifications or standards,4735,d4c4823f0990,1,0.4163232445716858,0.4163232445716858,4.6137542724609375,0.0,0.23076923191547394,0.0,0
/home/jovyan/Joel_Pardo/AI4LABOUR/Mejoras/results_coursera/models/simcse_coursera_hard/sentence-transformers/all-MiniLM-L6-v2,A_semantic_only,134,469df54e4928,inspect facilities or sites to determine if they meet specifications or standards,4558,7b0342e1d11a,2,0.3320987820625305,0.3320987820625305,3.692728281021118,0.0,0.4615384638309479,0.0,0
/home/jovyan/Joel_Pardo/AI4LABOUR/Mejoras/results_coursera/models/simcse_coursera_hard/sentence-transformers/all-MiniLM-L6-v2,A_semantic_only,134,469df54e4928,inspect facilities or sites to determine if they meet specifications or standards,2722,ad379e9038a2,3,0.322022020816803,0.322022020816803,3.5825350284576416,0.0,0.1538461595773697,0.0,0
/home/jovyan/Joel_Pardo/AI4LABOUR/Mejoras/results_coursera/models/simcse_coursera_hard/sentence-transformers/all-MiniLM-L6-v2,A_semantic_only,134,469df54e4928,inspect facilities or sites to determine if they meet specifications or standards,1430,583225957a3f,4,0.3213193118572235,0.3213193118572235,3.574850559234619,0.10000000149011612,0.23076923191547394,0.9656844735145569,0
/home/jovyan/Joel_Pardo/AI4LABOUR/Mejoras/results_coursera/models/simcse_coursera_hard/sentence-transformers/all-MiniLM-L6-v2,A_semantic_only,134,469df54e4928,inspect facilities or sites to determine if they meet specifications or standards,3407,2ad419560ca0,5,0.3033748269081116,0.3033748269081116,3.3786211013793945,0.0,0.4615384638309479,0.0,0
/home/jovyan/Joel_Pardo/AI4LABOUR/Mejoras/results_coursera/models/simcse_coursera_hard/sentence-transformers/all-MiniLM-L6-v2,A_semantic_only,134,469df54e4928,inspect facilities or sites to determine if they meet specifications or standards,2478,9b7d2bb3c766,6,0.3028049170970917,0.3028049170970917,3.3723888397216797,0.0,0.4615384638309479,0.0,0
/home/jovyan/Joel_Pardo/AI4LABOUR/Mejoras/results_coursera/models/simcse_coursera_hard/sentence-transformers/all-MiniLM-L6-v2,A_semantic_only,134,469df54e4928,inspect facilities or sites to determine if they meet specifications or standards,3980,dc0ebdffa052,7,0.29652541875839233,0.29652541875839233,3.303720235824585,0.0,0.23076923191547394,0.0,0
/home/jovyan/Joel_Pardo/AI4LABOUR/Mejoras/results_coursera/models/simcse_coursera_hard/sentence-transformers/all-MiniLM-L6-v2,A_semantic_only,134,469df54e4928,inspect facilities or sites to determine if they meet specifications or standards,3211,bf363c434df6,8,0.2944696545600891,0.2944696545600891,3.2812395095825195,0.0,0.8461538553237915,0.20728643238544464,0
/home/jovyan/Joel_Pardo/AI4LABOUR/Mejoras/results_coursera/models/simcse_coursera_hard/sentence-transformers/all-MiniLM-L6-v2,A_semantic_only,134,469df54e4928,inspect facilities or sites to determine if they meet specifications or standards,2301,6d7d5c1c49a4,9,0.29298174381256104,0.29298174381256104,3.2649686336517334,0.0,0.9230769276618958,0.0,0
/home/jovyan/Joel_Pardo/AI4LABOUR/Mejoras/results_coursera/models/simcse_coursera_hard/sentence-transformers/all-MiniLM-L6-v2,A_semantic_only,134,469df54e4928,inspect facilities or sites to determine if they meet specifications or standards,5191,09763bf3b153,10,0.29205262660980225,0.29205262660980225,3.2548084259033203,0.0,0.23076923191547394,0.0,0
/home/jovyan/Joel_Pardo/AI4LABOUR/Mejoras/results_coursera/models/simcse_coursera_hard/sentence-transformers/all-MiniLM-L6-v2,A_semantic_only,135,4055e1544ee0,assemble equipment or components,1705,53b592783e35,1,0.4334663152694702,0.4334663152694702,5.885716915130615,0.20000000298023224,1.0,0.6677367687225342,0
/home/jovyan/Joel_Pardo/AI4LABOUR/Mejoras/results_coursera/models/simcse_coursera_hard/sentence-transformers/all-MiniLM-L6-v2,A_semantic_only,135,4055e1544ee0,assemble equipment or components,1706,a81766caa389,2,0.37105071544647217,0.37105071544647217,5.006169319152832,0.20000000298023224,1.0,0.6677367687225342,0
/home/jovyan/Joel_Pardo/AI4LABOUR/Mejoras/results_coursera/models/simcse_coursera_hard/sentence-transformers/all-MiniLM-L6-v2,A_semantic_only,135,4055e1544ee0,assemble equipment or components,1736,058d29a44b22,3,0.3549114465713501,0.3549114465713501,4.778738021850586,0.0,0.800000011920929,0.0,0
/home/jovyan/Joel_Pardo/AI4LABOUR/Mejoras/results_coursera/models/simcse_coursera_hard/sentence-transformers/all-MiniLM-L6-v2,A_semantic_only,135,4055e1544ee0,assemble equipment or components,215,f3e87868bbce,4,0.3470403254032135,0.3470403254032135,4.667819499969482,0.20000000298023224,0.800000011920929,0.7618498802185059,0
/home/jovyan/Joel_Pardo/AI4LABOUR/Mejoras/results_coursera/models/simcse_coursera_hard/sentence-transformers/all-MiniLM-L6-v2,A_semantic_only,135,4055e1544ee0,assemble equipment or components,3774,3bb46e004c8a,5,0.3470037877559662,0.3470037877559662,4.667304515838623,0.0,0.6000000238418579,0.0,0
/home/jovyan/Joel_Pardo/AI4LABOUR/Mejoras/results_coursera/models/simcse_coursera_hard/sentence-transformers/all-MiniLM-L6-v2,A_semantic_only,135,4055e1544ee0,assemble equipment or components,1617,678771700447,6,0.3374709486961365,0.3374709486961365,4.532969951629639,0.0,0.6000000238418579,0.0,0
/home/jovyan/Joel_Pardo/AI4LABOUR/Mejoras/results_coursera/models/simcse_coursera_hard/sentence-transformers/all-MiniLM-L6-v2,A_semantic_only,135,4055e1544ee0,assemble equipment or components,3777,3707333d65ab,7,0.32654333114624023,0.32654333114624023,4.3789801597595215,0.0,1.0,0.0,0
/home/jovyan/Joel_Pardo/AI4LABOUR/Mejoras/results_coursera/models/simcse_coursera_hard/sentence-transformers/all-MiniLM-L6-v2,A_semantic_only,135,4055e1544ee0,assemble equipment or components,301,b3202b182771,8,0.32079097628593445,0.32079097628593445,4.297919273376465,0.0,1.0,0.0,0
/home/jovyan/Joel_Pardo/AI4LABOUR/Mejoras/results_coursera/models/simcse_coursera_hard/sentence-transformers/all-MiniLM-L6-v2,A_semantic_only,135,4055e1544ee0,assemble equipment or components,937,43b6a406ef58,9,0.3145744204521179,0.3145744204521179,4.2103166580200195,0.0,1.0,0.0,0
/home/jovyan/Joel_Pardo/AI4LABOUR/Mejoras/results_coursera/models/simcse_coursera_hard/sentence-transformers/all-MiniLM-L6-v2,A_semantic_only,135,4055e1544ee0,assemble equipment or components,2641,414d1ab8da6a,10,0.3091462254524231,0.3091462254524231,4.133823871612549,0.20000000298023224,0.800000011920929,1.0,0
/home/jovyan/Joel_Pardo/AI4LABOUR/Mejoras/results_coursera/models/simcse_coursera_hard/sentence-transformers/all-MiniLM-L6-v2,A_semantic_only,136,ded8762bb927,maintain electromechanical equipment,937,43b6a406ef58,1,0.5519762635231018,0.5519762635231018,7.542054176330566,0.0,0.800000011920929,0.0,0
/home/jovyan/Joel_Pardo/AI4LABOUR/Mejoras/results_coursera/models/simcse_coursera_hard/sentence-transformers/all-MiniLM-L6-v2,A_semantic_only,136,ded8762bb927,maintain electromechanical equipment,2641,414d1ab8da6a,2,0.3978385925292969,0.3978385925292969,5.434108257293701,0.20000000298023224,1.0,1.0,0
/home/jovyan/Joel_Pardo/AI4LABOUR/Mejoras/results_coursera/models/simcse_coursera_hard/sentence-transformers/all-MiniLM-L6-v2,A_semantic_only,136,ded8762bb927,maintain electromechanical equipment,4487,5b4964424cc3,3,0.2988242208957672,0.2988242208957672,4.080013751983643,0.0,0.75,0.0,0
/home/jovyan/Joel_Pardo/AI4LABOUR/Mejoras/results_coursera/models/simcse_coursera_hard/sentence-transformers/all-MiniLM-L6-v2,A_semantic_only,136,ded8762bb927,maintain electromechanical equipment,3494,58423b2c3dcf,4,0.2838468551635742,0.2838468551635742,3.875187397003174,0.0,0.5714285969734192,0.0,0
/home/jovyan/Joel_Pardo/AI4LABOUR/Mejoras/results_coursera/models/simcse_coursera_hard/sentence-transformers/all-MiniLM-L6-v2,A_semantic_only,136,ded8762bb927,maintain electromechanical equipment,3651,1efe61d0a58c,5,0.28348955512046814,0.28348955512046814,3.8703010082244873,0.0,0.75,0.0,0
/home/jovyan/Joel_Pardo/AI4LABOUR/Mejoras/results_coursera/models/simcse_coursera_hard/sentence-transformers/all-MiniLM-L6-v2,A_semantic_only,136,ded8762bb927,maintain electromechanical equipment,830,ff56fd6da1a6,6,0.2811209559440613,0.2811209559440613,3.8379087448120117,0.0,0.800000011920929,0.0,0
/home/jovyan/Joel_Pardo/AI4LABOUR/Mejoras/results_coursera/models/simcse_coursera_hard/sentence-transformers/all-MiniLM-L6-v2,A_semantic_only,136,ded8762bb927,maintain electromechanical equipment,3448,e4f3b5639229,7,0.2752716541290283,0.2752716541290283,3.7579152584075928,0.0,0.75,0.0,0
/home/jovyan/Joel_Pardo/AI4LABOUR/Mejoras/results_coursera/models/simcse_coursera_hard/sentence-transformers/all-MiniLM-L6-v2,A_semantic_only,136,ded8762bb927,maintain electromechanical equipment,1838,510cca2d2620,8,0.2633838653564453,0.2633838653564453,3.5953409671783447,0.0,0.75,0.0,0
/home/jovyan/Joel_Pardo/AI4LABOUR/Mejoras/results_coursera/models/simcse_coursera_hard/sentence-transformers/all-MiniLM-L6-v2,A_semantic_only,136,ded8762bb927,maintain electromechanical equipment,854,cad3c26f6693,9,0.26220646500587463,0.26220646500587463,3.5792391300201416,0.0,0.75,0.0,0
/home/jovyan/Joel_Pardo/AI4LABOUR/Mejoras/results_coursera/models/simcse_coursera_hard/sentence-transformers/all-MiniLM-L6-v2,A_semantic_only,136,ded8762bb927,maintain electromechanical equipment,4388,b59d7db5c011,10,0.26170429587364197,0.26170429587364197,3.5723717212677,0.0,0.6666666865348816,0.0,0
/home/jovyan/Joel_Pardo/AI4LABOUR/Mejoras/results_coursera/models/simcse_coursera_hard/sentence-transformers/all-MiniLM-L6-v2,A_semantic_only,137,a4f4cc8a14a2,operate industrial equipment,107,20be59e19f80,1,0.5459837913513184,0.5459837913513184,7.390661239624023,0.25,0.75,1.0,0
/home/jovyan/Joel_Pardo/AI4LABOUR/Mejoras/results_coursera/models/simcse_coursera_hard/sentence-transformers/all-MiniLM-L6-v2,A_semantic_only,137,a4f4cc8a14a2,operate industrial equipment,937,43b6a406ef58,2,0.37764137983322144,0.37764137983322144,5.0701141357421875,0.0,0.800000011920929,0.0,0
/home/jovyan/Joel_Pardo/AI4LABOUR/Mejoras/results_coursera/models/simcse_coursera_hard/sentence-transformers/all-MiniLM-L6-v2,A_semantic_only,137,a4f4cc8a14a2,operate industrial equipment,42,02d9739e2d83,3,0.35493528842926025,0.35493528842926025,4.757117748260498,0.0,0.75,0.0,0
/home/jovyan/Joel_Pardo/AI4LABOUR/Mejoras/results_coursera/models/simcse_coursera_hard/sentence-transformers/all-MiniLM-L6-v2,A_semantic_only,137,a4f4cc8a14a2,operate industrial equipment,938,e06f4f123396,4,0.336919903755188,0.336919903755188,4.508781433105469,0.0,1.0,0.0,0
/home/jovyan/Joel_Pardo/AI4LABOUR/Mejoras/results_coursera/models/simcse_coursera_hard/sentence-transformers/all-MiniLM-L6-v2,A_semantic_only,137,a4f4cc8a14a2,operate industrial equipment,3728,3529a419dd54,5,0.3225736618041992,0.3225736618041992,4.311023235321045,0.0,0.75,0.0,0
/home/jovyan/Joel_Pardo/AI4LABOUR/Mejoras/results_coursera/models/simcse_coursera_hard/sentence-transformers/all-MiniLM-L6-v2,A_semantic_only,137,a4f4cc8a14a2,operate industrial equipment,3424,1638c7b92daa,6,0.3209669888019562,0.3209669888019562,4.288875579833984,0.0,0.75,0.0,0
/home/jovyan/Joel_Pardo/AI4LABOUR/Mejoras/results_coursera/models/simcse_coursera_hard/sentence-transformers/all-MiniLM-L6-v2,A_semantic_only,137,a4f4cc8a14a2,operate industrial equipment,563,b7c7c1a5f79e,7,0.3076014518737793,0.3076014518737793,4.104636192321777,0.0,0.75,0.0,0
/home/jovyan/Joel_Pardo/AI4LABOUR/Mejoras/results_coursera/models/simcse_coursera_hard/sentence-transformers/all-MiniLM-L6-v2,A_semantic_only,137,a4f4cc8a14a2,operate industrial equipment,1927,9885b8b6d00f,8,0.3011154532432556,0.3011154532432556,4.015228748321533,0.0,0.6666666865348816,0.0,0
/home/jovyan/Joel_Pardo/AI4LABOUR/Mejoras/results_coursera/models/simcse_coursera_hard/sentence-transformers/all-MiniLM-L6-v2,A_semantic_only,137,a4f4cc8a14a2,operate industrial equipment,1249,95d7d4c08187,9,0.2972707450389862,0.2972707450389862,3.9622304439544678,0.0,0.75,0.0,0
/home/jovyan/Joel_Pardo/AI4LABOUR/Mejoras/results_coursera/models/simcse_coursera_hard/sentence-transformers/all-MiniLM-L6-v2,A_semantic_only,137,a4f4cc8a14a2,operate industrial equipment,472,f09f0bf4e953,10,0.29296407103538513,0.29296407103538513,3.9028642177581787,0.0,0.75,0.0,0
/home/jovyan/Joel_Pardo/AI4LABOUR/Mejoras/results_coursera/models/simcse_coursera_hard/sentence-transformers/all-MiniLM-L6-v2,A_semantic_only,138,ef5aeb4ce41e,repair electronic equipment,2110,9ca91fd2ee5f,1,0.4927986264228821,0.4927986264228821,6.880797863006592,0.0,0.5,0.0,0
/home/jovyan/Joel_Pardo/AI4LABOUR/Mejoras/results_coursera/models/simcse_coursera_hard/sentence-transformers/all-MiniLM-L6-v2,A_semantic_only,138,ef5aeb4ce41e,repair electronic equipment,937,43b6a406ef58,2,0.4885959327220917,0.4885959327220917,6.819161415100098,0.0,0.800000011920929,0.0,0
/home/jovyan/Joel_Pardo/AI4LABOUR/Mejoras/results_coursera/models/simcse_coursera_hard/sentence-transformers/all-MiniLM-L6-v2,A_semantic_only,138,ef5aeb4ce41e,repair electronic equipment,1838,510cca2d2620,3,0.4693335294723511,0.4693335294723511,6.536661148071289,0.0,0.75,0.0,0
/home/jovyan/Joel_Pardo/AI4LABOUR/Mejoras/results_coursera/models/simcse_coursera_hard/sentence-transformers/all-MiniLM-L6-v2,A_semantic_only,138,ef5aeb4ce41e,repair electronic equipment,2304,4a96d68a92ef,4,0.46252816915512085,0.46252816915512085,6.436854362487793,0.20000000298023224,1.0,0.8205423951148987,0
/home/jovyan/Joel_Pardo/AI4LABOUR/Mejoras/results_coursera/models/simcse_coursera_hard/sentence-transformers/all-MiniLM-L6-v2,A_semantic_only,138,ef5aeb4ce41e,repair electronic equipment,2641,414d1ab8da6a,5,0.4208551049232483,0.4208551049232483,5.825680732727051,0.20000000298023224,1.0,1.0,0
/home/jovyan/Joel_Pardo/AI4LABOUR/Mejoras/results_coursera/models/simcse_coursera_hard/sentence-transformers/all-MiniLM-L6-v2,A_semantic_only,138,ef5aeb4ce41e,repair electronic equipment,4164,a84a40642a3c,6,0.36795324087142944,0.36795324087142944,5.049826622009277,0.25,0.75,0.9551669359207153,0
/home/jovyan/Joel_Pardo/AI4LABOUR/Mejoras/results_coursera/models/simcse_coursera_hard/sentence-transformers/all-MiniLM-L6-v2,A_semantic_only,138,ef5aeb4ce41e,repair electronic equipment,1321,9bc14bd09c21,7,0.3641534447669983,0.3641534447669983,4.994099140167236,0.20000000298023224,1.0,0.8205423951148987,0
/home/jovyan/Joel_Pardo/AI4LABOUR/Mejoras/results_coursera/models/simcse_coursera_hard/sentence-transformers/all-MiniLM-L6-v2,A_semantic_only,138,ef5aeb4ce41e,repair electronic equipment,1619,39c1280cc062,8,0.31196725368499756,0.31196725368499756,4.22874116897583,0.0,0.75,0.0,0
/home/jovyan/Joel_Pardo/AI4LABOUR/Mejoras/results_coursera/models/simcse_coursera_hard/sentence-transformers/all-MiniLM-L6-v2,A_semantic_only,138,ef5aeb4ce41e,repair electronic equipment,1841,e649d3f24f2b,9,0.2921350300312042,0.2921350300312042,3.9378838539123535,0.0,1.0,0.0,0
/home/jovyan/Joel_Pardo/AI4LABOUR/Mejoras/results_coursera/models/simcse_coursera_hard/sentence-transformers/all-MiniLM-L6-v2,A_semantic_only,138,ef5aeb4ce41e,repair electronic equipment,215,f3e87868bbce,10,0.29156792163848877,0.29156792163848877,3.9295666217803955,0.20000000298023224,1.0,0.8205423951148987,0
/home/jovyan/Joel_Pardo/AI4LABOUR/Mejoras/results_coursera/models/simcse_coursera_hard/sentence-transformers/all-MiniLM-L6-v2,A_semantic_only,139,80c1c070d6f0,"maintain inventories of materials, equipment, or products",937,43b6a406ef58,1,0.38946789503097534,0.38946789503097534,5.225522994995117,0.0,0.625,0.0,0
/home/jovyan/Joel_Pardo/AI4LABOUR/Mejoras/results_coursera/models/simcse_coursera_hard/sentence-transformers/all-MiniLM-L6-v2,A_semantic_only,139,80c1c070d6f0,"maintain inventories of materials, equipment, or products",2641,414d1ab8da6a,2,0.34922870993614197,0.34922870993614197,4.699701309204102,0.1428571492433548,0.5,0.9565705060958862,0
/home/jovyan/Joel_Pardo/AI4LABOUR/Mejoras/results_coursera/models/simcse_coursera_hard/sentence-transformers/all-MiniLM-L6-v2,A_semantic_only,139,80c1c070d6f0,"maintain inventories of materials, equipment, or products",690,32402d5443a6,3,0.33820638060569763,0.33820638060569763,4.555667877197266,0.0714285746216774,0.5714285969734192,0.39701035618782043,0
/home/jovyan/Joel_Pardo/AI4LABOUR/Mejoras/results_coursera/models/simcse_coursera_hard/sentence-transformers/all-MiniLM-L6-v2,A_semantic_only,139,80c1c070d6f0,"maintain inventories of materials, equipment, or products",3424,1638c7b92daa,4,0.3367576599121094,0.3367576599121094,4.536736965179443,0.0,0.375,0.0,0
/home/jovyan/Joel_Pardo/AI4LABOUR/Mejoras/results_coursera/models/simcse_coursera_hard/sentence-transformers/all-MiniLM-L6-v2,A_semantic_only,139,80c1c070d6f0,"maintain inventories of materials, equipment, or products",4060,7a1eabc3deb7,5,0.3324057459831238,0.3324057459831238,4.4798688888549805,0.0,0.25,0.0,0
/home/jovyan/Joel_Pardo/AI4LABOUR/Mejoras/results_coursera/models/simcse_coursera_hard/sentence-transformers/all-MiniLM-L6-v2,A_semantic_only,139,80c1c070d6f0,"maintain inventories of materials, equipment, or products",3617,a44d6e774909,6,0.3196747303009033,0.3196747303009033,4.313507556915283,0.0,0.375,0.0,0
/home/jovyan/Joel_Pardo/AI4LABOUR/Mejoras/results_coursera/models/simcse_coursera_hard/sentence-transformers/all-MiniLM-L6-v2,A_semantic_only,139,80c1c070d6f0,"maintain inventories of materials, equipment, or products",3847,28ae48601b66,7,0.3107650578022003,0.3107650578022003,4.197081089019775,0.0,0.375,0.0,0
/home/jovyan/Joel_Pardo/AI4LABOUR/Mejoras/results_coursera/models/simcse_coursera_hard/sentence-transformers/all-MiniLM-L6-v2,A_semantic_only,139,80c1c070d6f0,"maintain inventories of materials, equipment, or products",161,0158362822fe,8,0.3016554117202759,0.3016554117202759,4.0780415534973145,0.0,0.5,0.0,0
/home/jovyan/Joel_Pardo/AI4LABOUR/Mejoras/results_coursera/models/simcse_coursera_hard/sentence-transformers/all-MiniLM-L6-v2,A_semantic_only,139,80c1c070d6f0,"maintain inventories of materials, equipment, or products",780,8e961a62908c,9,0.29949069023132324,0.29949069023132324,4.0497541427612305,0.0,0.5,0.0,0
/home/jovyan/Joel_Pardo/AI4LABOUR/Mejoras/results_coursera/models/simcse_coursera_hard/sentence-transformers/all-MiniLM-L6-v2,A_semantic_only,139,80c1c070d6f0,"maintain inventories of materials, equipment, or products",4388,b59d7db5c011,10,0.29912930727005005,0.29912930727005005,4.045032024383545,0.0,0.75,0.0,0
/home/jovyan/Joel_Pardo/AI4LABOUR/Mejoras/results_coursera/models/simcse_coursera_hard/sentence-transformers/all-MiniLM-L6-v2,A_semantic_only,140,f07eaef01260,determine operational criteria or specifications,4791,baded3c66d4d,1,0.42823129892349243,0.42823129892349243,4.934022903442383,0.0,1.0,0.0,0
/home/jovyan/Joel_Pardo/AI4LABOUR/Mejoras/results_coursera/models/simcse_coursera_hard/sentence-transformers/all-MiniLM-L6-v2,A_semantic_only,140,f07eaef01260,determine operational criteria or specifications,617,3893cbb4049e,2,0.3894535303115845,0.3894535303115845,4.477719306945801,0.0,0.5,0.0,0
/home/jovyan/Joel_Pardo/AI4LABOUR/Mejoras/results_coursera/models/simcse_coursera_hard/sentence-transformers/all-MiniLM-L6-v2,A_semantic_only,140,f07eaef01260,determine operational criteria or specifications,5191,09763bf3b153,3,0.3658711314201355,0.3658711314201355,4.200222015380859,0.0,0.5,0.0,0
/home/jovyan/Joel_Pardo/AI4LABOUR/Mejoras/results_coursera/models/simcse_coursera_hard/sentence-transformers/all-MiniLM-L6-v2,A_semantic_only,140,f07eaef01260,determine operational criteria or specifications,4059,966ff254f415,4,0.3628348708152771,0.3628348708152771,4.164494037628174,0.1428571492433548,0.8333333134651184,0.6748585104942322,0
/home/jovyan/Joel_Pardo/AI4LABOUR/Mejoras/results_coursera/models/simcse_coursera_hard/sentence-transformers/all-MiniLM-L6-v2,A_semantic_only,140,f07eaef01260,determine operational criteria or specifications,4058,74fe0528c27f,5,0.3617686629295349,0.3617686629295349,4.151947975158691,0.125,1.0,0.6006578207015991,0
/home/jovyan/Joel_Pardo/AI4LABOUR/Mejoras/results_coursera/models/simcse_coursera_hard/sentence-transformers/all-MiniLM-L6-v2,A_semantic_only,140,f07eaef01260,determine operational criteria or specifications,399,63d29bfd492f,6,0.3533894419670105,0.3533894419670105,4.053348541259766,0.0,0.6666666865348816,0.0,0
/home/jovyan/Joel_Pardo/AI4LABOUR/Mejoras/results_coursera/models/simcse_coursera_hard/sentence-transformers/all-MiniLM-L6-v2,A_semantic_only,140,f07eaef01260,determine operational criteria or specifications,3056,4b76c705aa42,7,0.3496929705142975,0.3496929705142975,4.009851455688477,0.0,0.75,0.0,0
/home/jovyan/Joel_Pardo/AI4LABOUR/Mejoras/results_coursera/models/simcse_coursera_hard/sentence-transformers/all-MiniLM-L6-v2,A_semantic_only,140,f07eaef01260,determine operational criteria or specifications,3814,55c7fc3d9a9c,8,0.3292641341686249,0.3292641341686249,3.7694625854492188,0.0,0.6000000238418579,0.0,0
/home/jovyan/Joel_Pardo/AI4LABOUR/Mejoras/results_coursera/models/simcse_coursera_hard/sentence-transformers/all-MiniLM-L6-v2,A_semantic_only,140,f07eaef01260,determine operational criteria or specifications,759,6a82d63d15a6,9,0.32795828580856323,0.32795828580856323,3.754096508026123,0.0,0.5,0.0,0
/home/jovyan/Joel_Pardo/AI4LABOUR/Mejoras/results_coursera/models/simcse_coursera_hard/sentence-transformers/all-MiniLM-L6-v2,A_semantic_only,140,f07eaef01260,determine operational criteria or specifications,2093,bc30fde7977a,10,0.3154735565185547,0.3154735565185547,3.607187032699585,0.0,0.6666666865348816,0.0,0
/home/jovyan/Joel_Pardo/AI4LABOUR/Mejoras/results_coursera/models/simcse_coursera_hard/sentence-transformers/all-MiniLM-L6-v2,A_semantic_only,141,dbc0d59bd942,research advanced engineering designs or applications,1478,74af9c11434d,1,0.4784694314002991,0.4784694314002991,5.522743225097656,0.1666666716337204,0.4285714328289032,0.6102300882339478,0
/home/jovyan/Joel_Pardo/AI4LABOUR/Mejoras/results_coursera/models/simcse_coursera_hard/sentence-transformers/all-MiniLM-L6-v2,A_semantic_only,141,dbc0d59bd942,research advanced engineering designs or applications,1475,886332682111,2,0.47396641969680786,0.47396641969680786,5.4715681076049805,0.1666666716337204,0.5714285969734192,0.5242221355438232,0
/home/jovyan/Joel_Pardo/AI4LABOUR/Mejoras/results_coursera/models/simcse_coursera_hard/sentence-transformers/all-MiniLM-L6-v2,A_semantic_only,141,dbc0d59bd942,research advanced engineering designs or applications,2969,d7b75427e092,3,0.47119054198265076,0.47119054198265076,5.44002103805542,0.1666666716337204,0.4285714328289032,0.6102300882339478,0
/home/jovyan/Joel_Pardo/AI4LABOUR/Mejoras/results_coursera/models/simcse_coursera_hard/sentence-transformers/all-MiniLM-L6-v2,A_semantic_only,141,dbc0d59bd942,research advanced engineering designs or applications,2581,40cb7c84e4c0,4,0.4160652160644531,0.4160652160644531,4.813539028167725,0.1666666716337204,0.4285714328289032,0.7131603360176086,0
/home/jovyan/Joel_Pardo/AI4LABOUR/Mejoras/results_coursera/models/simcse_coursera_hard/sentence-transformers/all-MiniLM-L6-v2,A_semantic_only,141,dbc0d59bd942,research advanced engineering designs or applications,2813,0b516df2a352,5,0.39637887477874756,0.39637887477874756,4.589810371398926,0.1666666716337204,0.4285714328289032,0.7131603360176086,0
/home/jovyan/Joel_Pardo/AI4LABOUR/Mejoras/results_coursera/models/simcse_coursera_hard/sentence-transformers/all-MiniLM-L6-v2,A_semantic_only,141,dbc0d59bd942,research advanced engineering designs or applications,332,444510b9c3c3,6,0.36870914697647095,0.36870914697647095,4.275352478027344,0.1666666716337204,0.4285714328289032,0.6102300882339478,0
/home/jovyan/Joel_Pardo/AI4LABOUR/Mejoras/results_coursera/models/simcse_coursera_hard/sentence-transformers/all-MiniLM-L6-v2,A_semantic_only,141,dbc0d59bd942,research advanced engineering designs or applications,3868,064ff392e022,7,0.36670970916748047,0.36670970916748047,4.252629280090332,0.0,0.4285714328289032,0.0,0
/home/jovyan/Joel_Pardo/AI4LABOUR/Mejoras/results_coursera/models/simcse_coursera_hard/sentence-transformers/all-MiniLM-L6-v2,A_semantic_only,141,dbc0d59bd942,research advanced engineering designs or applications,4828,0207b591a5d5,8,0.3648221492767334,0.3648221492767334,4.231177806854248,0.1666666716337204,0.4285714328289032,1.0,0
/home/jovyan/Joel_Pardo/AI4LABOUR/Mejoras/results_coursera/models/simcse_coursera_hard/sentence-transformers/all-MiniLM-L6-v2,A_semantic_only,141,dbc0d59bd942,research advanced engineering designs or applications,437,3170a26b09e0,9,0.3582630157470703,0.3582630157470703,4.156635284423828,0.10000000149011612,0.7777777910232544,0.44106966257095337,0
/home/jovyan/Joel_Pardo/AI4LABOUR/Mejoras/results_coursera/models/simcse_coursera_hard/sentence-transformers/all-MiniLM-L6-v2,A_semantic_only,141,dbc0d59bd942,research advanced engineering designs or applications,1638,1deda399136a,10,0.3546922504901886,0.3546922504901886,4.116055011749268,0.1666666716337204,0.4285714328289032,0.6102300882339478,0
/home/jovyan/Joel_Pardo/AI4LABOUR/Mejoras/results_coursera/models/simcse_coursera_hard/sentence-transformers/all-MiniLM-L6-v2,A_semantic_only,142,c71cb5036aef,"coordinate activities with suppliers, contractors, clients, or other departments",4745,359f2cf2ba83,1,0.3810701370239258,0.3810701370239258,4.753414154052734,0.0,0.4000000059604645,0.0,0
/home/jovyan/Joel_Pardo/AI4LABOUR/Mejoras/results_coursera/models/simcse_coursera_hard/sentence-transformers/all-MiniLM-L6-v2,A_semantic_only,142,c71cb5036aef,"coordinate activities with suppliers, contractors, clients, or other departments",1863,6a901f9ab4b7,2,0.377727746963501,0.377727746963501,4.713044166564941,0.0833333358168602,0.38461539149284363,0.4603196084499359,0
/home/jovyan/Joel_Pardo/AI4LABOUR/Mejoras/results_coursera/models/simcse_coursera_hard/sentence-transformers/all-MiniLM-L6-v2,A_semantic_only,142,c71cb5036aef,"coordinate activities with suppliers, contractors, clients, or other departments",2890,5371441504ea,3,0.33137357234954834,0.33137357234954834,4.153165340423584,0.0,0.30000001192092896,0.0,0
/home/jovyan/Joel_Pardo/AI4LABOUR/Mejoras/results_coursera/models/simcse_coursera_hard/sentence-transformers/all-MiniLM-L6-v2,A_semantic_only,142,c71cb5036aef,"coordinate activities with suppliers, contractors, clients, or other departments",1241,fa198a5b68ce,4,0.32198959589004517,0.32198959589004517,4.039823055267334,0.0,0.5,0.0,0
/home/jovyan/Joel_Pardo/AI4LABOUR/Mejoras/results_coursera/models/simcse_coursera_hard/sentence-transformers/all-MiniLM-L6-v2,A_semantic_only,142,c71cb5036aef,"coordinate activities with suppliers, contractors, clients, or other departments",4574,21c9cd58de46,5,0.3114779591560364,0.3114779591560364,3.91286039352417,0.0,0.30000001192092896,0.0,0
/home/jovyan/Joel_Pardo/AI4LABOUR/Mejoras/results_coursera/models/simcse_coursera_hard/sentence-transformers/all-MiniLM-L6-v2,A_semantic_only,142,c71cb5036aef,"coordinate activities with suppliers, contractors, clients, or other departments",4744,57037171ba6e,6,0.30266156792640686,0.30266156792640686,3.806373119354248,0.0,0.30000001192092896,0.0,0
/home/jovyan/Joel_Pardo/AI4LABOUR/Mejoras/results_coursera/models/simcse_coursera_hard/sentence-transformers/all-MiniLM-L6-v2,A_semantic_only,142,c71cb5036aef,"coordinate activities with suppliers, contractors, clients, or other departments",4749,0ec0a74e2a34,7,0.2968047857284546,0.2968047857284546,3.735633611679077,0.0,0.30000001192092896,0.0,0
/home/jovyan/Joel_Pardo/AI4LABOUR/Mejoras/results_coursera/models/simcse_coursera_hard/sentence-transformers/all-MiniLM-L6-v2,A_semantic_only,142,c71cb5036aef,"coordinate activities with suppliers, contractors, clients, or other departments",1676,4abb63e41447,8,0.2962700128555298,0.2962700128555298,3.7291743755340576,0.1111111119389534,0.4000000059604645,0.8407211303710938,0
/home/jovyan/Joel_Pardo/AI4LABOUR/Mejoras/results_coursera/models/simcse_coursera_hard/sentence-transformers/all-MiniLM-L6-v2,A_semantic_only,142,c71cb5036aef,"coordinate activities with suppliers, contractors, clients, or other departments",1249,95d7d4c08187,9,0.2918687164783478,0.2918687164783478,3.676013946533203,0.0,0.30000001192092896,0.0,0
/home/jovyan/Joel_Pardo/AI4LABOUR/Mejoras/results_coursera/models/simcse_coursera_hard/sentence-transformers/all-MiniLM-L6-v2,A_semantic_only,142,c71cb5036aef,"coordinate activities with suppliers, contractors, clients, or other departments",3751,f1ce5e300a4c,10,0.29047664999961853,0.29047664999961853,3.6592001914978027,0.0,0.6000000238418579,0.0,0
/home/jovyan/Joel_Pardo/AI4LABOUR/Mejoras/results_coursera/models/simcse_coursera_hard/sentence-transformers/all-MiniLM-L6-v2,A_semantic_only,143,fd635c6ca5be,conduct quantitative failure analyses of operational data,2784,1732ea38dce6,1,0.44513022899627686,0.44513022899627686,5.255737781524658,0.25,0.75,0.7635224461555481,0
/home/jovyan/Joel_Pardo/AI4LABOUR/Mejoras/results_coursera/models/simcse_coursera_hard/sentence-transformers/all-MiniLM-L6-v2,A_semantic_only,143,fd635c6ca5be,conduct quantitative failure analyses of operational data,1452,41db1b32b4b9,2,0.43847325444221497,0.43847325444221497,5.1769866943359375,0.125,0.625,0.2939385771751404,0
/home/jovyan/Joel_Pardo/AI4LABOUR/Mejoras/results_coursera/models/simcse_coursera_hard/sentence-transformers/all-MiniLM-L6-v2,A_semantic_only,143,fd635c6ca5be,conduct quantitative failure analyses of operational data,5190,a6f0351e17b3,3,0.4087215065956116,0.4087215065956116,4.825026512145996,0.1428571492433548,0.375,0.8359322547912598,0
/home/jovyan/Joel_Pardo/AI4LABOUR/Mejoras/results_coursera/models/simcse_coursera_hard/sentence-transformers/all-MiniLM-L6-v2,A_semantic_only,143,fd635c6ca5be,conduct quantitative failure analyses of operational data,500,b5af6cc043a0,4,0.40163373947143555,0.40163373947143555,4.7411789894104,0.20000000298023224,1.0,0.6258893609046936,0
/home/jovyan/Joel_Pardo/AI4LABOUR/Mejoras/results_coursera/models/simcse_coursera_hard/sentence-transformers/all-MiniLM-L6-v2,A_semantic_only,143,fd635c6ca5be,conduct quantitative failure analyses of operational data,4403,758ca80c7ad2,5,0.35280779004096985,0.35280779004096985,4.163572788238525,0.125,0.5,0.3353672921657562,0
/home/jovyan/Joel_Pardo/AI4LABOUR/Mejoras/results_coursera/models/simcse_coursera_hard/sentence-transformers/all-MiniLM-L6-v2,A_semantic_only,143,fd635c6ca5be,conduct quantitative failure analyses of operational data,1822,39932b592d9d,6,0.3462064862251282,0.3462064862251282,4.085480213165283,0.0,0.4444444477558136,0.10835704952478409,0
/home/jovyan/Joel_Pardo/AI4LABOUR/Mejoras/results_coursera/models/simcse_coursera_hard/sentence-transformers/all-MiniLM-L6-v2,A_semantic_only,143,fd635c6ca5be,conduct quantitative failure analyses of operational data,4500,8dc08e4c2de4,7,0.3419337868690491,0.3419337868690491,4.0349345207214355,0.1111111119389534,0.625,0.2939385771751404,0
/home/jovyan/Joel_Pardo/AI4LABOUR/Mejoras/results_coursera/models/simcse_coursera_hard/sentence-transformers/all-MiniLM-L6-v2,A_semantic_only,143,fd635c6ca5be,conduct quantitative failure analyses of operational data,5269,c7f2db9e17f8,8,0.33474355936050415,0.33474355936050415,3.9498751163482666,0.1428571492433548,0.5,0.7181130647659302,0
/home/jovyan/Joel_Pardo/AI4LABOUR/Mejoras/results_coursera/models/simcse_coursera_hard/sentence-transformers/all-MiniLM-L6-v2,A_semantic_only,143,fd635c6ca5be,conduct quantitative failure analyses of operational data,3250,688e91eeecce,9,0.33220943808555603,0.33220943808555603,3.9198966026306152,0.125,0.5,0.3353672921657562,0
/home/jovyan/Joel_Pardo/AI4LABOUR/Mejoras/results_coursera/models/simcse_coursera_hard/sentence-transformers/all-MiniLM-L6-v2,A_semantic_only,143,fd635c6ca5be,conduct quantitative failure analyses of operational data,1913,84391ee87d7c,10,0.33150622248649597,0.33150622248649597,3.9115777015686035,0.125,0.5,0.3353672921657562,0
/home/jovyan/Joel_Pardo/AI4LABOUR/Mejoras/results_coursera/models/simcse_coursera_hard/sentence-transformers/all-MiniLM-L6-v2,A_semantic_only,144,7a053b14e6ec,determine design criteria or specifications,617,3893cbb4049e,1,0.45379364490509033,0.45379364490509033,4.831653594970703,0.0,0.5,0.0,0
/home/jovyan/Joel_Pardo/AI4LABOUR/Mejoras/results_coursera/models/simcse_coursera_hard/sentence-transformers/all-MiniLM-L6-v2,A_semantic_only,144,7a053b14e6ec,determine design criteria or specifications,2954,ac7c53dd8469,2,0.4535726308822632,0.4535726308822632,4.829235076904297,0.20000000298023224,0.5,0.4461585581302643,0
/home/jovyan/Joel_Pardo/AI4LABOUR/Mejoras/results_coursera/models/simcse_coursera_hard/sentence-transformers/all-MiniLM-L6-v2,A_semantic_only,144,7a053b14e6ec,determine design criteria or specifications,1268,41400dedd9f3,3,0.4405262768268585,0.4405262768268585,4.686461448669434,0.20000000298023224,0.6666666865348816,0.38327541947364807,0
/home/jovyan/Joel_Pardo/AI4LABOUR/Mejoras/results_coursera/models/simcse_coursera_hard/sentence-transformers/all-MiniLM-L6-v2,A_semantic_only,144,7a053b14e6ec,determine design criteria or specifications,3629,43801db48aa3,4,0.4048139452934265,0.4048139452934265,4.295642375946045,0.20000000298023224,0.6666666865348816,0.38327541947364807,0
/home/jovyan/Joel_Pardo/AI4LABOUR/Mejoras/results_coursera/models/simcse_coursera_hard/sentence-transformers/all-MiniLM-L6-v2,A_semantic_only,144,7a053b14e6ec,determine design criteria or specifications,2225,1ac279a54973,5,0.40393346548080444,0.40393346548080444,4.286006927490234,0.20000000298023224,0.5,0.4461585581302643,0
/home/jovyan/Joel_Pardo/AI4LABOUR/Mejoras/results_coursera/models/simcse_coursera_hard/sentence-transformers/all-MiniLM-L6-v2,A_semantic_only,144,7a053b14e6ec,determine design criteria or specifications,2800,02ac2ff76b94,6,0.3979915380477905,0.3979915380477905,4.220981121063232,0.20000000298023224,0.5,1.0,0
/home/jovyan/Joel_Pardo/AI4LABOUR/Mejoras/results_coursera/models/simcse_coursera_hard/sentence-transformers/all-MiniLM-L6-v2,A_semantic_only,144,7a053b14e6ec,determine design criteria or specifications,5191,09763bf3b153,7,0.39106759428977966,0.39106759428977966,4.145208835601807,0.0,0.5,0.0,0
/home/jovyan/Joel_Pardo/AI4LABOUR/Mejoras/results_coursera/models/simcse_coursera_hard/sentence-transformers/all-MiniLM-L6-v2,A_semantic_only,144,7a053b14e6ec,determine design criteria or specifications,4791,baded3c66d4d,8,0.3874611258506775,0.3874611258506775,4.105741024017334,0.0,1.0,0.0,0
/home/jovyan/Joel_Pardo/AI4LABOUR/Mejoras/results_coursera/models/simcse_coursera_hard/sentence-transformers/all-MiniLM-L6-v2,A_semantic_only,144,7a053b14e6ec,determine design criteria or specifications,2714,d9855438ae33,9,0.38025087118148804,0.38025087118148804,4.0268354415893555,0.20000000298023224,0.5,0.4461585581302643,0
/home/jovyan/Joel_Pardo/AI4LABOUR/Mejoras/results_coursera/models/simcse_coursera_hard/sentence-transformers/all-MiniLM-L6-v2,A_semantic_only,144,7a053b14e6ec,determine design criteria or specifications,3785,7f5f749196ba,10,0.37613099813461304,0.37613099813461304,3.9817492961883545,0.0,0.8333333134651184,0.0,0
/home/jovyan/Joel_Pardo/AI4LABOUR/Mejoras/results_coursera/models/simcse_coursera_hard/sentence-transformers/all-MiniLM-L6-v2,A_semantic_only,145,7809c19536e4,evaluate technical data to determine effect on designs or plans,4507,4308d262ba90,1,0.44900041818618774,0.44900041818618774,4.582714080810547,0.20000000298023224,0.5454545617103577,0.9399343132972717,0
/home/jovyan/Joel_Pardo/AI4LABOUR/Mejoras/results_coursera/models/simcse_coursera_hard/sentence-transformers/all-MiniLM-L6-v2,A_semantic_only,145,7809c19536e4,evaluate technical data to determine effect on designs or plans,3588,a6818b8d1354,2,0.4225379228591919,0.4225379228591919,4.311208724975586,0.07692307978868484,1.0,0.41343024373054504,0
/home/jovyan/Joel_Pardo/AI4LABOUR/Mejoras/results_coursera/models/simcse_coursera_hard/sentence-transformers/all-MiniLM-L6-v2,A_semantic_only,145,7809c19536e4,evaluate technical data to determine effect on designs or plans,5207,e7b5a7f54463,3,0.38795945048332214,0.38795945048332214,3.9564332962036133,0.0,0.4545454680919647,0.0,0
/home/jovyan/Joel_Pardo/AI4LABOUR/Mejoras/results_coursera/models/simcse_coursera_hard/sentence-transformers/all-MiniLM-L6-v2,A_semantic_only,145,7809c19536e4,evaluate technical data to determine effect on designs or plans,3914,cb7d94ab2c76,4,0.37848231196403503,0.37848231196403503,3.8591978549957275,0.0,0.27272728085517883,0.0,0
/home/jovyan/Joel_Pardo/AI4LABOUR/Mejoras/results_coursera/models/simcse_coursera_hard/sentence-transformers/all-MiniLM-L6-v2,A_semantic_only,145,7809c19536e4,evaluate technical data to determine effect on designs or plans,514,4771395651ce,5,0.3652077615261078,0.3652077615261078,3.7230007648468018,0.0,0.4545454680919647,0.0,0
/home/jovyan/Joel_Pardo/AI4LABOUR/Mejoras/results_coursera/models/simcse_coursera_hard/sentence-transformers/all-MiniLM-L6-v2,A_semantic_only,145,7809c19536e4,evaluate technical data to determine effect on designs or plans,2300,754666b07e71,6,0.3650306463241577,0.3650306463241577,3.7211835384368896,0.0714285746216774,0.7857142686843872,0.571370542049408,0
/home/jovyan/Joel_Pardo/AI4LABOUR/Mejoras/results_coursera/models/simcse_coursera_hard/sentence-transformers/all-MiniLM-L6-v2,A_semantic_only,145,7809c19536e4,evaluate technical data to determine effect on designs or plans,4828,0207b591a5d5,7,0.36429741978645325,0.36429741978645325,3.713660717010498,0.125,0.27272728085517883,1.0,0
/home/jovyan/Joel_Pardo/AI4LABOUR/Mejoras/results_coursera/models/simcse_coursera_hard/sentence-transformers/all-MiniLM-L6-v2,A_semantic_only,145,7809c19536e4,evaluate technical data to determine effect on designs or plans,3055,8589af0279c6,8,0.35571980476379395,0.35571980476379395,3.6256542205810547,0.0,0.6363636255264282,0.0,0
/home/jovyan/Joel_Pardo/AI4LABOUR/Mejoras/results_coursera/models/simcse_coursera_hard/sentence-transformers/all-MiniLM-L6-v2,A_semantic_only,145,7809c19536e4,evaluate technical data to determine effect on designs or plans,688,675b456b5403,9,0.35172319412231445,0.35172319412231445,3.584649085998535,0.0,0.6470588445663452,0.0,0
/home/jovyan/Joel_Pardo/AI4LABOUR/Mejoras/results_coursera/models/simcse_coursera_hard/sentence-transformers/all-MiniLM-L6-v2,A_semantic_only,145,7809c19536e4,evaluate technical data to determine effect on designs or plans,501,7e5e0cba4215,10,0.3509482741355896,0.3509482741355896,3.5766983032226562,0.1111111119389534,0.4545454680919647,0.3361842632293701,0
/home/jovyan/Joel_Pardo/AI4LABOUR/Mejoras/results_coursera/models/simcse_coursera_hard/sentence-transformers/all-MiniLM-L6-v2,A_semantic_only,146,284cc33eb902,direct design or development activities,4585,9dfad2b7ba24,1,0.4181624948978424,0.4181624948978424,4.827313423156738,0.1666666716337204,0.6666666865348816,0.46710005402565,0
/home/jovyan/Joel_Pardo/AI4LABOUR/Mejoras/results_coursera/models/simcse_coursera_hard/sentence-transformers/all-MiniLM-L6-v2,A_semantic_only,146,284cc33eb902,direct design or development activities,80,5402ba93471c,2,0.41777828335762024,0.41777828335762024,4.822881698608398,0.1666666716337204,0.6666666865348816,0.5304111838340759,0
/home/jovyan/Joel_Pardo/AI4LABOUR/Mejoras/results_coursera/models/simcse_coursera_hard/sentence-transformers/all-MiniLM-L6-v2,A_semantic_only,146,284cc33eb902,direct design or development activities,4963,a74b55975022,3,0.4097577929496765,0.4097577929496765,4.730366230010986,0.1666666716337204,0.6666666865348816,0.5304111838340759,0
/home/jovyan/Joel_Pardo/AI4LABOUR/Mejoras/results_coursera/models/simcse_coursera_hard/sentence-transformers/all-MiniLM-L6-v2,A_semantic_only,146,284cc33eb902,direct design or development activities,3846,59d1b34aeb7f,4,0.4070036709308624,0.4070036709308624,4.698597431182861,0.20000000298023224,0.5,0.617434561252594,0
/home/jovyan/Joel_Pardo/AI4LABOUR/Mejoras/results_coursera/models/simcse_coursera_hard/sentence-transformers/all-MiniLM-L6-v2,A_semantic_only,146,284cc33eb902,direct design or development activities,3281,e52183449a7a,5,0.4066808223724365,0.4066808223724365,4.694873809814453,0.20000000298023224,0.5,0.617434561252594,0
/home/jovyan/Joel_Pardo/AI4LABOUR/Mejoras/results_coursera/models/simcse_coursera_hard/sentence-transformers/all-MiniLM-L6-v2,A_semantic_only,146,284cc33eb902,direct design or development activities,4713,49c18d6485dc,6,0.4066102206707001,0.4066102206707001,4.694059371948242,0.20000000298023224,0.5,0.617434561252594,0
/home/jovyan/Joel_Pardo/AI4LABOUR/Mejoras/results_coursera/models/simcse_coursera_hard/sentence-transformers/all-MiniLM-L6-v2,A_semantic_only,146,284cc33eb902,direct design or development activities,123,4a0d5cbe9087,7,0.4061201214790344,0.4061201214790344,4.688405990600586,0.1666666716337204,0.6666666865348816,0.5304111838340759,0
/home/jovyan/Joel_Pardo/AI4LABOUR/Mejoras/results_coursera/models/simcse_coursera_hard/sentence-transformers/all-MiniLM-L6-v2,A_semantic_only,146,284cc33eb902,direct design or development activities,305,f1eb24184551,8,0.40360456705093384,0.40360456705093384,4.659389495849609,0.20000000298023224,0.5,0.617434561252594,0
/home/jovyan/Joel_Pardo/AI4LABOUR/Mejoras/results_coursera/models/simcse_coursera_hard/sentence-transformers/all-MiniLM-L6-v2,A_semantic_only,146,284cc33eb902,direct design or development activities,53,ef889e43eeed,9,0.39130592346191406,0.39130592346191406,4.517525672912598,0.20000000298023224,0.5,0.617434561252594,0
/home/jovyan/Joel_Pardo/AI4LABOUR/Mejoras/results_coursera/models/simcse_coursera_hard/sentence-transformers/all-MiniLM-L6-v2,A_semantic_only,146,284cc33eb902,direct design or development activities,286,f95b3b5bf7d2,10,0.382933646440506,0.382933646440506,4.420952320098877,0.20000000298023224,0.5,0.617434561252594,0
/home/jovyan/Joel_Pardo/AI4LABOUR/Mejoras/results_coursera/models/simcse_coursera_hard/sentence-transformers/all-MiniLM-L6-v2,A_semantic_only,147,a2140782858a,design energy-efficient vehicles or vehicle components,940,e7df4121d1af,1,0.40925464034080505,0.40925464034080505,5.835771560668945,0.1428571492433548,0.375,0.6640996336936951,0
/home/jovyan/Joel_Pardo/AI4LABOUR/Mejoras/results_coursera/models/simcse_coursera_hard/sentence-transformers/all-MiniLM-L6-v2,A_semantic_only,147,a2140782858a,design energy-efficient vehicles or vehicle components,4880,995c33174219,2,0.40333589911460876,0.40333589911460876,5.75028133392334,0.125,0.5,0.5348330140113831,0
/home/jovyan/Joel_Pardo/AI4LABOUR/Mejoras/results_coursera/models/simcse_coursera_hard/sentence-transformers/all-MiniLM-L6-v2,A_semantic_only,147,a2140782858a,design energy-efficient vehicles or vehicle components,5080,572c09481298,3,0.4006202220916748,0.4006202220916748,5.711055755615234,0.4285714328289032,0.625,1.0,0
/home/jovyan/Joel_Pardo/AI4LABOUR/Mejoras/results_coursera/models/simcse_coursera_hard/sentence-transformers/all-MiniLM-L6-v2,A_semantic_only,147,a2140782858a,design energy-efficient vehicles or vehicle components,2614,4c8f350762de,4,0.3220040202140808,0.3220040202140808,4.575523376464844,0.125,0.5,0.5704991221427917,0
/home/jovyan/Joel_Pardo/AI4LABOUR/Mejoras/results_coursera/models/simcse_coursera_hard/sentence-transformers/all-MiniLM-L6-v2,A_semantic_only,147,a2140782858a,design energy-efficient vehicles or vehicle components,3634,6325bb850f9d,5,0.32106855511665344,0.32106855511665344,4.56201171875,0.125,0.5,0.2545330822467804,0
/home/jovyan/Joel_Pardo/AI4LABOUR/Mejoras/results_coursera/models/simcse_coursera_hard/sentence-transformers/all-MiniLM-L6-v2,A_semantic_only,147,a2140782858a,design energy-efficient vehicles or vehicle components,1706,a81766caa389,6,0.32076898217201233,0.32076898217201233,4.557684898376465,0.125,0.625,0.380943238735199,0
/home/jovyan/Joel_Pardo/AI4LABOUR/Mejoras/results_coursera/models/simcse_coursera_hard/sentence-transformers/all-MiniLM-L6-v2,A_semantic_only,147,a2140782858a,design energy-efficient vehicles or vehicle components,215,f3e87868bbce,7,0.3087242543697357,0.3087242543697357,4.383710861206055,0.125,0.5,0.4346347153186798,0
/home/jovyan/Joel_Pardo/AI4LABOUR/Mejoras/results_coursera/models/simcse_coursera_hard/sentence-transformers/all-MiniLM-L6-v2,A_semantic_only,147,a2140782858a,design energy-efficient vehicles or vehicle components,1898,9b8c872b9450,8,0.3030546307563782,0.3030546307563782,4.30181884765625,0.1428571492433548,0.375,0.2962937355041504,0
/home/jovyan/Joel_Pardo/AI4LABOUR/Mejoras/results_coursera/models/simcse_coursera_hard/sentence-transformers/all-MiniLM-L6-v2,A_semantic_only,147,a2140782858a,design energy-efficient vehicles or vehicle components,3961,ad1f98678bd4,9,0.2760166525840759,0.2760166525840759,3.9112820625305176,0.1428571492433548,0.375,0.2962937355041504,0
/home/jovyan/Joel_Pardo/AI4LABOUR/Mejoras/results_coursera/models/simcse_coursera_hard/sentence-transformers/all-MiniLM-L6-v2,A_semantic_only,147,a2140782858a,design energy-efficient vehicles or vehicle components,3963,91bd8992e298,10,0.27488571405410767,0.27488571405410767,3.894946813583374,0.1111111119389534,0.625,0.22308999300003052,0
/home/jovyan/Joel_Pardo/AI4LABOUR/Mejoras/results_coursera/models/simcse_coursera_hard/sentence-transformers/all-MiniLM-L6-v2,A_semantic_only,148,253c9a1feb09,research design or application of green technologies,2969,d7b75427e092,1,0.5996242761611938,0.5996242761611938,7.206916809082031,0.4000000059604645,0.375,0.8252401947975159,0
/home/jovyan/Joel_Pardo/AI4LABOUR/Mejoras/results_coursera/models/simcse_coursera_hard/sentence-transformers/all-MiniLM-L6-v2,A_semantic_only,148,253c9a1feb09,research design or application of green technologies,1475,886332682111,2,0.5204458832740784,0.5204458832740784,6.262438774108887,0.4000000059604645,0.5,0.7089279890060425,0
/home/jovyan/Joel_Pardo/AI4LABOUR/Mejoras/results_coursera/models/simcse_coursera_hard/sentence-transformers/all-MiniLM-L6-v2,A_semantic_only,148,253c9a1feb09,research design or application of green technologies,1177,8ef1306520ed,3,0.5007761120796204,0.5007761120796204,6.02780818939209,0.4000000059604645,0.375,1.0,0
/home/jovyan/Joel_Pardo/AI4LABOUR/Mejoras/results_coursera/models/simcse_coursera_hard/sentence-transformers/all-MiniLM-L6-v2,A_semantic_only,148,253c9a1feb09,research design or application of green technologies,4480,7fb0a83a1950,4,0.4921725392341614,0.4921725392341614,5.9251813888549805,0.3333333432674408,0.5,0.8590565323829651,0
/home/jovyan/Joel_Pardo/AI4LABOUR/Mejoras/results_coursera/models/simcse_coursera_hard/sentence-transformers/all-MiniLM-L6-v2,A_semantic_only,148,253c9a1feb09,research design or application of green technologies,1478,74af9c11434d,5,0.48497119545936584,0.48497119545936584,5.839280128479004,0.4000000059604645,0.375,0.8252401947975159,0
/home/jovyan/Joel_Pardo/AI4LABOUR/Mejoras/results_coursera/models/simcse_coursera_hard/sentence-transformers/all-MiniLM-L6-v2,A_semantic_only,148,253c9a1feb09,research design or application of green technologies,2875,38cb82650562,6,0.44202640652656555,0.44202640652656555,5.327013969421387,0.1666666716337204,0.375,0.6384069919586182,0
/home/jovyan/Joel_Pardo/AI4LABOUR/Mejoras/results_coursera/models/simcse_coursera_hard/sentence-transformers/all-MiniLM-L6-v2,A_semantic_only,148,253c9a1feb09,research design or application of green technologies,997,67e7de747dcc,7,0.4350337088108063,0.4350337088108063,5.2436017990112305,0.1666666716337204,0.375,0.46364718675613403,0
/home/jovyan/Joel_Pardo/AI4LABOUR/Mejoras/results_coursera/models/simcse_coursera_hard/sentence-transformers/all-MiniLM-L6-v2,A_semantic_only,148,253c9a1feb09,research design or application of green technologies,3868,064ff392e022,8,0.41191110014915466,0.41191110014915466,4.967784404754639,0.4000000059604645,0.375,0.9079549312591553,0
/home/jovyan/Joel_Pardo/AI4LABOUR/Mejoras/results_coursera/models/simcse_coursera_hard/sentence-transformers/all-MiniLM-L6-v2,A_semantic_only,148,253c9a1feb09,research design or application of green technologies,332,444510b9c3c3,9,0.4105241894721985,0.4105241894721985,4.951240539550781,0.1666666716337204,0.375,0.46364718675613403,0
/home/jovyan/Joel_Pardo/AI4LABOUR/Mejoras/results_coursera/models/simcse_coursera_hard/sentence-transformers/all-MiniLM-L6-v2,A_semantic_only,148,253c9a1feb09,research design or application of green technologies,3781,22b12fb7265d,10,0.38198739290237427,0.38198739290237427,4.61083984375,0.1428571492433548,0.625,0.34909629821777344,0
/home/jovyan/Joel_Pardo/AI4LABOUR/Mejoras/results_coursera/models/simcse_coursera_hard/sentence-transformers/all-MiniLM-L6-v2,A_semantic_only,149,c9b79bbec6f3,monitor processes for compliance with standards,4061,d08315cf2b4b,1,0.4967253506183624,0.4967253506183624,5.281544208526611,0.0,0.4285714328289032,0.0,0
/home/jovyan/Joel_Pardo/AI4LABOUR/Mejoras/results_coursera/models/simcse_coursera_hard/sentence-transformers/all-MiniLM-L6-v2,A_semantic_only,149,c9b79bbec6f3,monitor processes for compliance with standards,759,6a82d63d15a6,2,0.4882391095161438,0.4882391095161438,5.191700458526611,0.0,0.4285714328289032,0.0,0
/home/jovyan/Joel_Pardo/AI4LABOUR/Mejoras/results_coursera/models/simcse_coursera_hard/sentence-transformers/all-MiniLM-L6-v2,A_semantic_only,149,c9b79bbec6f3,monitor processes for compliance with standards,2069,5ed02ea64c68,3,0.4672088623046875,0.4672088623046875,4.969054222106934,0.0,0.4285714328289032,0.0,0
/home/jovyan/Joel_Pardo/AI4LABOUR/Mejoras/results_coursera/models/simcse_coursera_hard/sentence-transformers/all-MiniLM-L6-v2,A_semantic_only,149,c9b79bbec6f3,monitor processes for compliance with standards,756,d5200b2d3f2b,4,0.46107232570648193,0.46107232570648193,4.904087066650391,0.0,0.4285714328289032,0.0,0
/home/jovyan/Joel_Pardo/AI4LABOUR/Mejoras/results_coursera/models/simcse_coursera_hard/sentence-transformers/all-MiniLM-L6-v2,A_semantic_only,149,c9b79bbec6f3,monitor processes for compliance with standards,4286,957770e81d95,5,0.45989978313446045,0.45989978313446045,4.891673564910889,0.0,0.4285714328289032,0.0,0
/home/jovyan/Joel_Pardo/AI4LABOUR/Mejoras/results_coursera/models/simcse_coursera_hard/sentence-transformers/all-MiniLM-L6-v2,A_semantic_only,149,c9b79bbec6f3,monitor processes for compliance with standards,4814,c41dafcf06d0,6,0.45171022415161133,0.45171022415161133,4.804970741271973,0.0,0.5714285969734192,0.0,0
/home/jovyan/Joel_Pardo/AI4LABOUR/Mejoras/results_coursera/models/simcse_coursera_hard/sentence-transformers/all-MiniLM-L6-v2,A_semantic_only,149,c9b79bbec6f3,monitor processes for compliance with standards,754,2af854050699,7,0.4457014203071594,0.4457014203071594,4.741355895996094,0.1428571492433548,0.8571428656578064,0.8175685405731201,0
/home/jovyan/Joel_Pardo/AI4LABOUR/Mejoras/results_coursera/models/simcse_coursera_hard/sentence-transformers/all-MiniLM-L6-v2,A_semantic_only,149,c9b79bbec6f3,monitor processes for compliance with standards,594,89948c7f4890,8,0.4435487985610962,0.4435487985610962,4.718566417694092,0.0,0.2857142984867096,0.0,0
/home/jovyan/Joel_Pardo/AI4LABOUR/Mejoras/results_coursera/models/simcse_coursera_hard/sentence-transformers/all-MiniLM-L6-v2,A_semantic_only,149,c9b79bbec6f3,monitor processes for compliance with standards,1528,b5a989054bb6,9,0.4401751160621643,0.4401751160621643,4.682849407196045,0.0,0.4285714328289032,0.0,0
/home/jovyan/Joel_Pardo/AI4LABOUR/Mejoras/results_coursera/models/simcse_coursera_hard/sentence-transformers/all-MiniLM-L6-v2,A_semantic_only,149,c9b79bbec6f3,monitor processes for compliance with standards,2661,a40ee5969123,10,0.4098341464996338,0.4098341464996338,4.361630916595459,0.1666666716337204,0.7142857313156128,0.5575573444366455,0
/home/jovyan/Joel_Pardo/AI4LABOUR/Mejoras/results_coursera/models/simcse_coursera_hard/sentence-transformers/all-MiniLM-L6-v2,A_semantic_only,150,3ffc9e8eaffb,test products for functionality or quality,4508,ecc817d35eef,1,0.46040311455726624,0.46040311455726624,5.722137928009033,0.0,0.4285714328289032,0.0,0
/home/jovyan/Joel_Pardo/AI4LABOUR/Mejoras/results_coursera/models/simcse_coursera_hard/sentence-transformers/all-MiniLM-L6-v2,A_semantic_only,150,3ffc9e8eaffb,test products for functionality or quality,1637,d7012fc17d15,2,0.44378653168678284,0.44378653168678284,5.512315273284912,0.0,0.4285714328289032,0.0,0
/home/jovyan/Joel_Pardo/AI4LABOUR/Mejoras/results_coursera/models/simcse_coursera_hard/sentence-transformers/all-MiniLM-L6-v2,A_semantic_only,150,3ffc9e8eaffb,test products for functionality or quality,3280,381a707f2810,3,0.43638861179351807,0.43638861179351807,5.418900012969971,0.20000000298023224,0.4285714328289032,0.814070463180542,0
/home/jovyan/Joel_Pardo/AI4LABOUR/Mejoras/results_coursera/models/simcse_coursera_hard/sentence-transformers/all-MiniLM-L6-v2,A_semantic_only,150,3ffc9e8eaffb,test products for functionality or quality,117,1b45811985d9,4,0.4356709420681,0.4356709420681,5.40983772277832,0.0,0.4285714328289032,0.0,0
/home/jovyan/Joel_Pardo/AI4LABOUR/Mejoras/results_coursera/models/simcse_coursera_hard/sentence-transformers/all-MiniLM-L6-v2,A_semantic_only,150,3ffc9e8eaffb,test products for functionality or quality,3775,8d3da080c247,5,0.429447740316391,0.429447740316391,5.3312554359436035,0.1666666716337204,0.7142857313156128,0.6129423379898071,0
/home/jovyan/Joel_Pardo/AI4LABOUR/Mejoras/results_coursera/models/simcse_coursera_hard/sentence-transformers/all-MiniLM-L6-v2,A_semantic_only,150,3ffc9e8eaffb,test products for functionality or quality,449,a3d51b184318,6,0.4291591942310333,0.4291591942310333,5.327611923217773,0.0,0.4285714328289032,0.0,0
/home/jovyan/Joel_Pardo/AI4LABOUR/Mejoras/results_coursera/models/simcse_coursera_hard/sentence-transformers/all-MiniLM-L6-v2,A_semantic_only,150,3ffc9e8eaffb,test products for functionality or quality,2368,0b023ddd2b5a,7,0.41546446084976196,0.41546446084976196,5.154684543609619,0.20000000298023224,0.4285714328289032,0.814070463180542,0
/home/jovyan/Joel_Pardo/AI4LABOUR/Mejoras/results_coursera/models/simcse_coursera_hard/sentence-transformers/all-MiniLM-L6-v2,A_semantic_only,150,3ffc9e8eaffb,test products for functionality or quality,5211,4da88cffef86,8,0.40737035870552063,0.40737035870552063,5.052477836608887,0.20000000298023224,0.4285714328289032,0.814070463180542,0
/home/jovyan/Joel_Pardo/AI4LABOUR/Mejoras/results_coursera/models/simcse_coursera_hard/sentence-transformers/all-MiniLM-L6-v2,A_semantic_only,150,3ffc9e8eaffb,test products for functionality or quality,1893,e70f70131331,9,0.40541839599609375,0.40541839599609375,5.027830123901367,0.0,0.4285714328289032,0.0,0
/home/jovyan/Joel_Pardo/AI4LABOUR/Mejoras/results_coursera/models/simcse_coursera_hard/sentence-transformers/all-MiniLM-L6-v2,A_semantic_only,150,3ffc9e8eaffb,test products for functionality or quality,1892,ca6117ea05ac,10,0.4042525887489319,0.4042525887489319,5.01310920715332,0.0,0.4285714328289032,0.0,0
/home/jovyan/Joel_Pardo/AI4LABOUR/Mejoras/results_coursera/models/simcse_coursera_hard/sentence-transformers/all-MiniLM-L6-v2,A_semantic_only,151,506120811a05,inspect operational processes,756,d5200b2d3f2b,1,0.5463852882385254,0.5463852882385254,6.310056686401367,0.0,0.75,0.0,0
/home/jovyan/Joel_Pardo/AI4LABOUR/Mejoras/results_coursera/models/simcse_coursera_hard/sentence-transformers/all-MiniLM-L6-v2,A_semantic_only,151,506120811a05,inspect operational processes,4061,d08315cf2b4b,2,0.5072218179702759,0.5072218179702759,5.85552978515625,0.0,0.75,0.0,0
/home/jovyan/Joel_Pardo/AI4LABOUR/Mejoras/results_coursera/models/simcse_coursera_hard/sentence-transformers/all-MiniLM-L6-v2,A_semantic_only,151,506120811a05,inspect operational processes,4286,957770e81d95,3,0.49132874608039856,0.49132874608039856,5.67107629776001,0.0,0.75,0.0,0
/home/jovyan/Joel_Pardo/AI4LABOUR/Mejoras/results_coursera/models/simcse_coursera_hard/sentence-transformers/all-MiniLM-L6-v2,A_semantic_only,151,506120811a05,inspect operational processes,3757,0c29bb383513,4,0.4892994463443756,0.4892994463443756,5.647524356842041,0.25,0.75,1.0,0
/home/jovyan/Joel_Pardo/AI4LABOUR/Mejoras/results_coursera/models/simcse_coursera_hard/sentence-transformers/all-MiniLM-L6-v2,A_semantic_only,151,506120811a05,inspect operational processes,759,6a82d63d15a6,5,0.4685302674770355,0.4685302674770355,5.406479835510254,0.0,0.75,0.0,0
/home/jovyan/Joel_Pardo/AI4LABOUR/Mejoras/results_coursera/models/simcse_coursera_hard/sentence-transformers/all-MiniLM-L6-v2,A_semantic_only,151,506120811a05,inspect operational processes,754,2af854050699,6,0.457088440656662,0.457088440656662,5.273687362670898,0.1666666716337204,0.6666666865348816,0.6701500415802002,0
/home/jovyan/Joel_Pardo/AI4LABOUR/Mejoras/results_coursera/models/simcse_coursera_hard/sentence-transformers/all-MiniLM-L6-v2,A_semantic_only,151,506120811a05,inspect operational processes,2702,3dbe8eacf32d,7,0.43092942237854004,0.43092942237854004,4.970088958740234,0.0,1.0,0.0,0
/home/jovyan/Joel_Pardo/AI4LABOUR/Mejoras/results_coursera/models/simcse_coursera_hard/sentence-transformers/all-MiniLM-L6-v2,A_semantic_only,151,506120811a05,inspect operational processes,425,b06cd44db3d0,8,0.4069443941116333,0.4069443941116333,4.691721439361572,0.20000000298023224,0.800000011920929,0.7529352307319641,0
/home/jovyan/Joel_Pardo/AI4LABOUR/Mejoras/results_coursera/models/simcse_coursera_hard/sentence-transformers/all-MiniLM-L6-v2,A_semantic_only,151,506120811a05,inspect operational processes,4791,baded3c66d4d,9,0.406921923160553,0.406921923160553,4.691460609436035,0.0,0.6666666865348816,0.0,0
/home/jovyan/Joel_Pardo/AI4LABOUR/Mejoras/results_coursera/models/simcse_coursera_hard/sentence-transformers/all-MiniLM-L6-v2,A_semantic_only,151,506120811a05,inspect operational processes,2153,5075140835d0,10,0.40001100301742554,0.40001100301742554,4.611253261566162,0.0,0.5,0.0,0
/home/jovyan/Joel_Pardo/AI4LABOUR/Mejoras/results_coursera/models/simcse_coursera_hard/sentence-transformers/all-MiniLM-L6-v2,A_semantic_only,152,fbe465293a7d,monitor activities affecting environmental quality,2277,e2ee4e5d252a,1,0.6917723417282104,0.6917723417282104,8.477571487426758,0.1666666716337204,0.5,0.7310928106307983,0
/home/jovyan/Joel_Pardo/AI4LABOUR/Mejoras/results_coursera/models/simcse_coursera_hard/sentence-transformers/all-MiniLM-L6-v2,A_semantic_only,152,fbe465293a7d,monitor activities affecting environmental quality,362,af64042459da,2,0.5782877802848816,0.5782877802848816,7.053476333618164,0.1428571492433548,0.6666666865348816,0.6007661819458008,0
/home/jovyan/Joel_Pardo/AI4LABOUR/Mejoras/results_coursera/models/simcse_coursera_hard/sentence-transformers/all-MiniLM-L6-v2,A_semantic_only,152,fbe465293a7d,monitor activities affecting environmental quality,594,89948c7f4890,3,0.4958961606025696,0.4958961606025696,6.019559860229492,0.0,0.3333333432674408,0.0,0
/home/jovyan/Joel_Pardo/AI4LABOUR/Mejoras/results_coursera/models/simcse_coursera_hard/sentence-transformers/all-MiniLM-L6-v2,A_semantic_only,152,fbe465293a7d,monitor activities affecting environmental quality,4187,2d883d5e00ea,4,0.474026083946228,0.474026083946228,5.745116710662842,0.1666666716337204,0.5,0.7310928106307983,0
/home/jovyan/Joel_Pardo/AI4LABOUR/Mejoras/results_coursera/models/simcse_coursera_hard/sentence-transformers/all-MiniLM-L6-v2,A_semantic_only,152,fbe465293a7d,monitor activities affecting environmental quality,3250,688e91eeecce,5,0.46642810106277466,0.46642810106277466,5.649771213531494,0.1428571492433548,0.6666666865348816,0.6280500292778015,0
/home/jovyan/Joel_Pardo/AI4LABOUR/Mejoras/results_coursera/models/simcse_coursera_hard/sentence-transformers/all-MiniLM-L6-v2,A_semantic_only,152,fbe465293a7d,monitor activities affecting environmental quality,1437,5a582c2852f5,6,0.4399060010910034,0.4399060010910034,5.316950798034668,0.0,0.5,0.0,0
/home/jovyan/Joel_Pardo/AI4LABOUR/Mejoras/results_coursera/models/simcse_coursera_hard/sentence-transformers/all-MiniLM-L6-v2,A_semantic_only,152,fbe465293a7d,monitor activities affecting environmental quality,2999,a4a640d71221,7,0.4284364879131317,0.4284364879131317,5.1730217933654785,0.1428571492433548,0.6666666865348816,0.6280500292778015,0
/home/jovyan/Joel_Pardo/AI4LABOUR/Mejoras/results_coursera/models/simcse_coursera_hard/sentence-transformers/all-MiniLM-L6-v2,A_semantic_only,152,fbe465293a7d,monitor activities affecting environmental quality,1528,b5a989054bb6,8,0.42038336396217346,0.42038336396217346,5.071964740753174,0.0,0.5,0.0,0
/home/jovyan/Joel_Pardo/AI4LABOUR/Mejoras/results_coursera/models/simcse_coursera_hard/sentence-transformers/all-MiniLM-L6-v2,A_semantic_only,152,fbe465293a7d,monitor activities affecting environmental quality,5211,4da88cffef86,9,0.4170001149177551,0.4170001149177551,5.0295090675354,0.1666666716337204,0.5,0.6993325352668762,0
/home/jovyan/Joel_Pardo/AI4LABOUR/Mejoras/results_coursera/models/simcse_coursera_hard/sentence-transformers/all-MiniLM-L6-v2,A_semantic_only,152,fbe465293a7d,monitor activities affecting environmental quality,2069,5ed02ea64c68,10,0.40419238805770874,0.40419238805770874,4.8687872886657715,0.0,0.5,0.0,0
/home/jovyan/Joel_Pardo/AI4LABOUR/Mejoras/results_coursera/models/simcse_coursera_hard/sentence-transformers/all-MiniLM-L6-v2,A_semantic_only,153,8594b6595861,prepare drawings or diagrams of products or services,4346,dc00b108ce90,1,0.3994649648666382,0.3994649648666382,5.121273040771484,0.1111111119389534,0.7777777910232544,0.6037659645080566,0
/home/jovyan/Joel_Pardo/AI4LABOUR/Mejoras/results_coursera/models/simcse_coursera_hard/sentence-transformers/all-MiniLM-L6-v2,A_semantic_only,153,8594b6595861,prepare drawings or diagrams of products or services,78,cefdec315735,2,0.35584136843681335,0.35584136843681335,4.576984405517578,0.0,0.4444444477558136,0.0,0
/home/jovyan/Joel_Pardo/AI4LABOUR/Mejoras/results_coursera/models/simcse_coursera_hard/sentence-transformers/all-MiniLM-L6-v2,A_semantic_only,153,8594b6595861,prepare drawings or diagrams of products or services,1924,43b2f85042f0,3,0.3164786100387573,0.3164786100387573,4.085858345031738,0.0,0.4444444477558136,0.0,0
/home/jovyan/Joel_Pardo/AI4LABOUR/Mejoras/results_coursera/models/simcse_coursera_hard/sentence-transformers/all-MiniLM-L6-v2,A_semantic_only,153,8594b6595861,prepare drawings or diagrams of products or services,4772,25ce88e1c1a2,4,0.31192445755004883,0.31192445755004883,4.029036521911621,0.0,0.3333333432674408,0.0,0
/home/jovyan/Joel_Pardo/AI4LABOUR/Mejoras/results_coursera/models/simcse_coursera_hard/sentence-transformers/all-MiniLM-L6-v2,A_semantic_only,153,8594b6595861,prepare drawings or diagrams of products or services,4855,0e550c83c7ff,5,0.30852437019348145,0.30852437019348145,3.9866137504577637,0.0,0.3333333432674408,0.0,0
/home/jovyan/Joel_Pardo/AI4LABOUR/Mejoras/results_coursera/models/simcse_coursera_hard/sentence-transformers/all-MiniLM-L6-v2,A_semantic_only,153,8594b6595861,prepare drawings or diagrams of products or services,4310,506583358173,6,0.30546343326568604,0.30546343326568604,3.94842267036438,0.1111111119389534,0.7777777910232544,0.6037659645080566,0
/home/jovyan/Joel_Pardo/AI4LABOUR/Mejoras/results_coursera/models/simcse_coursera_hard/sentence-transformers/all-MiniLM-L6-v2,A_semantic_only,153,8594b6595861,prepare drawings or diagrams of products or services,4384,825ddef6dee3,7,0.3004717230796814,0.3004717230796814,3.886141300201416,0.0,0.4444444477558136,0.0,0
/home/jovyan/Joel_Pardo/AI4LABOUR/Mejoras/results_coursera/models/simcse_coursera_hard/sentence-transformers/all-MiniLM-L6-v2,A_semantic_only,153,8594b6595861,prepare drawings or diagrams of products or services,170,8b7c50fed2a1,8,0.2937154769897461,0.2937154769897461,3.8018441200256348,0.0,0.3333333432674408,0.0,0
/home/jovyan/Joel_Pardo/AI4LABOUR/Mejoras/results_coursera/models/simcse_coursera_hard/sentence-transformers/all-MiniLM-L6-v2,A_semantic_only,153,8594b6595861,prepare drawings or diagrams of products or services,2795,0270e82e5a44,9,0.29148349165916443,0.29148349165916443,3.773995876312256,0.0,0.3333333432674408,0.0,0
/home/jovyan/Joel_Pardo/AI4LABOUR/Mejoras/results_coursera/models/simcse_coursera_hard/sentence-transformers/all-MiniLM-L6-v2,A_semantic_only,153,8594b6595861,prepare drawings or diagrams of products or services,3163,4db15d0d3fcc,10,0.28702741861343384,0.28702741861343384,3.718397855758667,0.0,0.4444444477558136,0.0,0
/home/jovyan/Joel_Pardo/AI4LABOUR/Mejoras/results_coursera/models/simcse_coursera_hard/sentence-transformers/all-MiniLM-L6-v2,A_semantic_only,154,17f9d29c543d,"explain engineering drawings, specifications, or other technical information",145,28d847b0e520,1,0.398808091878891,0.398808091878891,4.849940299987793,0.03703703731298447,0.2647058963775635,0.08267670124769211,0
/home/jovyan/Joel_Pardo/AI4LABOUR/Mejoras/results_coursera/models/simcse_coursera_hard/sentence-transformers/all-MiniLM-L6-v2,A_semantic_only,154,17f9d29c543d,"explain engineering drawings, specifications, or other technical information",4492,77bb92ac8bda,2,0.3849470019340515,0.3849470019340515,4.675033092498779,0.125,0.3333333432674408,0.4968213438987732,0
/home/jovyan/Joel_Pardo/AI4LABOUR/Mejoras/results_coursera/models/simcse_coursera_hard/sentence-transformers/all-MiniLM-L6-v2,A_semantic_only,154,17f9d29c543d,"explain engineering drawings, specifications, or other technical information",2079,047e0f25229c,3,0.36803844571113586,0.36803844571113586,4.461670875549316,0.0,0.6666666865348816,0.0,0
/home/jovyan/Joel_Pardo/AI4LABOUR/Mejoras/results_coursera/models/simcse_coursera_hard/sentence-transformers/all-MiniLM-L6-v2,A_semantic_only,154,17f9d29c543d,"explain engineering drawings, specifications, or other technical information",4558,7b0342e1d11a,4,0.3656017482280731,0.3656017482280731,4.430922985076904,0.09090909361839294,0.6666666865348816,0.38333314657211304,0
/home/jovyan/Joel_Pardo/AI4LABOUR/Mejoras/results_coursera/models/simcse_coursera_hard/sentence-transformers/all-MiniLM-L6-v2,A_semantic_only,154,17f9d29c543d,"explain engineering drawings, specifications, or other technical information",3251,fb35d872b6ae,5,0.36467069387435913,0.36467069387435913,4.419175148010254,0.0,0.3333333432674408,0.0,0
/home/jovyan/Joel_Pardo/AI4LABOUR/Mejoras/results_coursera/models/simcse_coursera_hard/sentence-transformers/all-MiniLM-L6-v2,A_semantic_only,154,17f9d29c543d,"explain engineering drawings, specifications, or other technical information",3960,df90dd980a17,6,0.36133623123168945,0.36133623123168945,4.377098560333252,0.0,0.5555555820465088,0.0,0
/home/jovyan/Joel_Pardo/AI4LABOUR/Mejoras/results_coursera/models/simcse_coursera_hard/sentence-transformers/all-MiniLM-L6-v2,A_semantic_only,154,17f9d29c543d,"explain engineering drawings, specifications, or other technical information",4772,25ce88e1c1a2,7,0.36050790548324585,0.36050790548324585,4.3666462898254395,0.0,0.3333333432674408,0.0,0
/home/jovyan/Joel_Pardo/AI4LABOUR/Mejoras/results_coursera/models/simcse_coursera_hard/sentence-transformers/all-MiniLM-L6-v2,A_semantic_only,154,17f9d29c543d,"explain engineering drawings, specifications, or other technical information",548,0586134e1b27,8,0.346805602312088,0.346805602312088,4.193742275238037,0.0,0.7777777910232544,0.0,0
/home/jovyan/Joel_Pardo/AI4LABOUR/Mejoras/results_coursera/models/simcse_coursera_hard/sentence-transformers/all-MiniLM-L6-v2,A_semantic_only,154,17f9d29c543d,"explain engineering drawings, specifications, or other technical information",4159,85b33a7f44f2,9,0.34502100944519043,0.34502100944519043,4.1712236404418945,0.0,0.4285714328289032,0.0,0
/home/jovyan/Joel_Pardo/AI4LABOUR/Mejoras/results_coursera/models/simcse_coursera_hard/sentence-transformers/all-MiniLM-L6-v2,A_semantic_only,154,17f9d29c543d,"explain engineering drawings, specifications, or other technical information",1929,17803db9ce31,10,0.34365999698638916,0.34365999698638916,4.154049873352051,0.2857142984867096,0.3333333432674408,1.0,0
/home/jovyan/Joel_Pardo/AI4LABOUR/Mejoras/results_coursera/models/simcse_coursera_hard/sentence-transformers/all-MiniLM-L6-v2,A_semantic_only,155,f6d7dbe3f71e,design structures or facilities,1176,6d2f97bbf35c,1,0.511268675327301,0.511268675327301,6.024806976318359,0.20000000298023224,0.800000011920929,0.45574459433555603,0
/home/jovyan/Joel_Pardo/AI4LABOUR/Mejoras/results_coursera/models/simcse_coursera_hard/sentence-transformers/all-MiniLM-L6-v2,A_semantic_only,155,f6d7dbe3f71e,design structures or facilities,5080,572c09481298,2,0.4955137372016907,0.4955137372016907,5.836024761199951,0.1666666716337204,1.0,0.39944538474082947,0
/home/jovyan/Joel_Pardo/AI4LABOUR/Mejoras/results_coursera/models/simcse_coursera_hard/sentence-transformers/all-MiniLM-L6-v2,A_semantic_only,155,f6d7dbe3f71e,design structures or facilities,467,6d0508d477f1,3,0.4829607307910919,0.4829607307910919,5.685608863830566,0.20000000298023224,0.800000011920929,0.45574459433555603,0
/home/jovyan/Joel_Pardo/AI4LABOUR/Mejoras/results_coursera/models/simcse_coursera_hard/sentence-transformers/all-MiniLM-L6-v2,A_semantic_only,155,f6d7dbe3f71e,design structures or facilities,4480,7fb0a83a1950,4,0.48225468397140503,0.48225468397140503,5.677148818969727,0.20000000298023224,0.800000011920929,0.45574459433555603,0
/home/jovyan/Joel_Pardo/AI4LABOUR/Mejoras/results_coursera/models/simcse_coursera_hard/sentence-transformers/all-MiniLM-L6-v2,A_semantic_only,155,f6d7dbe3f71e,design structures or facilities,718,5c8594155ab4,5,0.48019659519195557,0.48019659519195557,5.652487754821777,0.0,0.6000000238418579,0.0,0
/home/jovyan/Joel_Pardo/AI4LABOUR/Mejoras/results_coursera/models/simcse_coursera_hard/sentence-transformers/all-MiniLM-L6-v2,A_semantic_only,155,f6d7dbe3f71e,design structures or facilities,4100,9acc1e5cd5a6,6,0.473250150680542,0.473250150680542,5.569252014160156,0.25,0.6000000238418579,1.0,0
/home/jovyan/Joel_Pardo/AI4LABOUR/Mejoras/results_coursera/models/simcse_coursera_hard/sentence-transformers/all-MiniLM-L6-v2,A_semantic_only,155,f6d7dbe3f71e,design structures or facilities,3873,09a84053a60b,7,0.4681312143802643,0.4681312143802643,5.507915019989014,0.20000000298023224,0.800000011920929,0.45574459433555603,0
/home/jovyan/Joel_Pardo/AI4LABOUR/Mejoras/results_coursera/models/simcse_coursera_hard/sentence-transformers/all-MiniLM-L6-v2,A_semantic_only,155,f6d7dbe3f71e,design structures or facilities,5079,f7a34805fc68,8,0.43499061465263367,0.43499061465263367,5.110809326171875,0.0,0.6000000238418579,0.0,0
/home/jovyan/Joel_Pardo/AI4LABOUR/Mejoras/results_coursera/models/simcse_coursera_hard/sentence-transformers/all-MiniLM-L6-v2,A_semantic_only,155,f6d7dbe3f71e,design structures or facilities,2235,373b347cdc67,9,0.43315136432647705,0.43315136432647705,5.088770389556885,0.0,1.0,0.0,0
/home/jovyan/Joel_Pardo/AI4LABOUR/Mejoras/results_coursera/models/simcse_coursera_hard/sentence-transformers/all-MiniLM-L6-v2,A_semantic_only,155,f6d7dbe3f71e,design structures or facilities,3257,235c25d1c387,10,0.42195332050323486,0.42195332050323486,4.954590320587158,0.0,0.6000000238418579,0.0,0
/home/jovyan/Joel_Pardo/AI4LABOUR/Mejoras/results_coursera/models/simcse_coursera_hard/sentence-transformers/all-MiniLM-L6-v2,A_semantic_only,156,ae5e42c6c3d0,direct quality control activities,1676,4abb63e41447,1,0.5236632227897644,0.5236632227897644,6.582883358001709,0.4000000059604645,0.800000011920929,1.0,0
/home/jovyan/Joel_Pardo/AI4LABOUR/Mejoras/results_coursera/models/simcse_coursera_hard/sentence-transformers/all-MiniLM-L6-v2,A_semantic_only,156,ae5e42c6c3d0,direct quality control activities,614,f2efeea27410,2,0.42992883920669556,0.42992883920669556,5.378289699554443,0.20000000298023224,0.6000000238418579,0.5763759016990662,0
/home/jovyan/Joel_Pardo/AI4LABOUR/Mejoras/results_coursera/models/simcse_coursera_hard/sentence-transformers/all-MiniLM-L6-v2,A_semantic_only,156,ae5e42c6c3d0,direct quality control activities,177,5ec64a367a46,3,0.41716498136520386,0.41716498136520386,5.214259624481201,0.0,0.800000011920929,0.0,0
/home/jovyan/Joel_Pardo/AI4LABOUR/Mejoras/results_coursera/models/simcse_coursera_hard/sentence-transformers/all-MiniLM-L6-v2,A_semantic_only,156,ae5e42c6c3d0,direct quality control activities,4063,cdccc9909802,4,0.385943204164505,0.385943204164505,4.813024044036865,0.20000000298023224,0.6000000238418579,0.502227246761322,0
/home/jovyan/Joel_Pardo/AI4LABOUR/Mejoras/results_coursera/models/simcse_coursera_hard/sentence-transformers/all-MiniLM-L6-v2,A_semantic_only,156,ae5e42c6c3d0,direct quality control activities,1914,a633d2f5670e,5,0.36227947473526,0.36227947473526,4.508918285369873,0.1428571492433548,1.0,0.37814459204673767,0
/home/jovyan/Joel_Pardo/AI4LABOUR/Mejoras/results_coursera/models/simcse_coursera_hard/sentence-transformers/all-MiniLM-L6-v2,A_semantic_only,156,ae5e42c6c3d0,direct quality control activities,2233,d334de0d305d,6,0.33598488569259644,0.33598488569259644,4.1710028648376465,0.20000000298023224,0.6000000238418579,0.6618404984474182,0
/home/jovyan/Joel_Pardo/AI4LABOUR/Mejoras/results_coursera/models/simcse_coursera_hard/sentence-transformers/all-MiniLM-L6-v2,A_semantic_only,156,ae5e42c6c3d0,direct quality control activities,4130,a7c4c4994d02,7,0.33261626958847046,0.33261626958847046,4.127712249755859,0.20000000298023224,0.6000000238418579,0.5763759016990662,0
/home/jovyan/Joel_Pardo/AI4LABOUR/Mejoras/results_coursera/models/simcse_coursera_hard/sentence-transformers/all-MiniLM-L6-v2,A_semantic_only,156,ae5e42c6c3d0,direct quality control activities,1242,20df78ef6edb,8,0.32539570331573486,0.32539570331573486,4.034919738769531,0.0,0.625,0.0,0
/home/jovyan/Joel_Pardo/AI4LABOUR/Mejoras/results_coursera/models/simcse_coursera_hard/sentence-transformers/all-MiniLM-L6-v2,A_semantic_only,156,ae5e42c6c3d0,direct quality control activities,147,575ea3efc7e8,9,0.3210362195968628,0.3210362195968628,3.978895425796509,0.125,0.20000000298023224,0.5121073722839355,0
/home/jovyan/Joel_Pardo/AI4LABOUR/Mejoras/results_coursera/models/simcse_coursera_hard/sentence-transformers/all-MiniLM-L6-v2,A_semantic_only,156,ae5e42c6c3d0,direct quality control activities,5211,4da88cffef86,10,0.31309008598327637,0.31309008598327637,3.8767786026000977,0.20000000298023224,0.6000000238418579,0.5763759016990662,0
/home/jovyan/Joel_Pardo/AI4LABOUR/Mejoras/results_coursera/models/simcse_coursera_hard/sentence-transformers/all-MiniLM-L6-v2,A_semantic_only,157,018f6a0e7f9a,research human performance or health factors related to engineering or design activities,2967,248515e83c8a,1,0.4427695870399475,0.4427695870399475,5.588336944580078,0.2222222238779068,0.23076923191547394,1.0,0
/home/jovyan/Joel_Pardo/AI4LABOUR/Mejoras/results_coursera/models/simcse_coursera_hard/sentence-transformers/all-MiniLM-L6-v2,A_semantic_only,157,018f6a0e7f9a,research human performance or health factors related to engineering or design activities,5205,cd8659de9085,2,0.37592557072639465,0.37592557072639465,4.766172885894775,0.09090909361839294,0.38461539149284363,0.3780694305896759,0
/home/jovyan/Joel_Pardo/AI4LABOUR/Mejoras/results_coursera/models/simcse_coursera_hard/sentence-transformers/all-MiniLM-L6-v2,A_semantic_only,157,018f6a0e7f9a,research human performance or health factors related to engineering or design activities,1478,74af9c11434d,3,0.3648911416530609,0.3648911416530609,4.6304521560668945,0.2222222238779068,0.23076923191547394,0.893730640411377,0
/home/jovyan/Joel_Pardo/AI4LABOUR/Mejoras/results_coursera/models/simcse_coursera_hard/sentence-transformers/all-MiniLM-L6-v2,A_semantic_only,157,018f6a0e7f9a,research human performance or health factors related to engineering or design activities,1638,1deda399136a,4,0.3503448963165283,0.3503448963165283,4.451537132263184,0.10000000149011612,0.23076923191547394,0.5021274089813232,0
/home/jovyan/Joel_Pardo/AI4LABOUR/Mejoras/results_coursera/models/simcse_coursera_hard/sentence-transformers/all-MiniLM-L6-v2,A_semantic_only,157,018f6a0e7f9a,research human performance or health factors related to engineering or design activities,4508,ecc817d35eef,5,0.3473493158817291,0.3473493158817291,4.414692401885986,0.10000000149011612,0.23076923191547394,0.5021274089813232,0
/home/jovyan/Joel_Pardo/AI4LABOUR/Mejoras/results_coursera/models/simcse_coursera_hard/sentence-transformers/all-MiniLM-L6-v2,A_semantic_only,157,018f6a0e7f9a,research human performance or health factors related to engineering or design activities,1475,886332682111,6,0.34731489419937134,0.34731489419937134,4.414268970489502,0.2222222238779068,0.3076923191547394,0.7677651643753052,0
/home/jovyan/Joel_Pardo/AI4LABOUR/Mejoras/results_coursera/models/simcse_coursera_hard/sentence-transformers/all-MiniLM-L6-v2,A_semantic_only,157,018f6a0e7f9a,research human performance or health factors related to engineering or design activities,1176,6d2f97bbf35c,7,0.33897125720977783,0.33897125720977783,4.311644077301025,0.09090909361839294,0.3076923191547394,0.336409330368042,0
/home/jovyan/Joel_Pardo/AI4LABOUR/Mejoras/results_coursera/models/simcse_coursera_hard/sentence-transformers/all-MiniLM-L6-v2,A_semantic_only,157,018f6a0e7f9a,research human performance or health factors related to engineering or design activities,3378,d2e5330ba975,8,0.33485373854637146,0.33485373854637146,4.26099967956543,0.05882352963089943,0.9285714030265808,0.19633856415748596,0
/home/jovyan/Joel_Pardo/AI4LABOUR/Mejoras/results_coursera/models/simcse_coursera_hard/sentence-transformers/all-MiniLM-L6-v2,A_semantic_only,157,018f6a0e7f9a,research human performance or health factors related to engineering or design activities,2968,00ed7f0135bc,9,0.33070141077041626,0.33070141077041626,4.209927082061768,0.20000000298023224,0.3076923191547394,0.8590565323829651,0
/home/jovyan/Joel_Pardo/AI4LABOUR/Mejoras/results_coursera/models/simcse_coursera_hard/sentence-transformers/all-MiniLM-L6-v2,A_semantic_only,157,018f6a0e7f9a,research human performance or health factors related to engineering or design activities,2969,d7b75427e092,10,0.3246704041957855,0.3246704041957855,4.13574743270874,0.2222222238779068,0.23076923191547394,0.893730640411377,0
/home/jovyan/Joel_Pardo/AI4LABOUR/Mejoras/results_coursera/models/simcse_coursera_hard/sentence-transformers/all-MiniLM-L6-v2,A_semantic_only,158,16ac0e74dbe1,analyze test or validation data,3743,a1ba967d5168,1,0.6170430183410645,0.6170430183410645,5.767790794372559,0.20000000298023224,0.5,0.3469998836517334,0
/home/jovyan/Joel_Pardo/AI4LABOUR/Mejoras/results_coursera/models/simcse_coursera_hard/sentence-transformers/all-MiniLM-L6-v2,A_semantic_only,158,16ac0e74dbe1,analyze test or validation data,501,7e5e0cba4215,2,0.5722900032997131,0.5722900032997131,5.32820463180542,0.1666666716337204,0.8333333134651184,0.2612684369087219,0
/home/jovyan/Joel_Pardo/AI4LABOUR/Mejoras/results_coursera/models/simcse_coursera_hard/sentence-transformers/all-MiniLM-L6-v2,A_semantic_only,158,16ac0e74dbe1,analyze test or validation data,165,cbfb2fae0fb5,3,0.5351816415786743,0.5351816415786743,4.96370792388916,0.20000000298023224,0.5,0.3469998836517334,0
/home/jovyan/Joel_Pardo/AI4LABOUR/Mejoras/results_coursera/models/simcse_coursera_hard/sentence-transformers/all-MiniLM-L6-v2,A_semantic_only,158,16ac0e74dbe1,analyze test or validation data,2265,7d614c5b9ae3,4,0.5179349780082703,0.5179349780082703,4.794302463531494,0.5,0.5,1.0,0
/home/jovyan/Joel_Pardo/AI4LABOUR/Mejoras/results_coursera/models/simcse_coursera_hard/sentence-transformers/all-MiniLM-L6-v2,A_semantic_only,158,16ac0e74dbe1,analyze test or validation data,4403,758ca80c7ad2,5,0.48846447467803955,0.48846447467803955,4.504828453063965,0.1666666716337204,0.6666666865348816,0.2980925142765045,0
/home/jovyan/Joel_Pardo/AI4LABOUR/Mejoras/results_coursera/models/simcse_coursera_hard/sentence-transformers/all-MiniLM-L6-v2,A_semantic_only,158,16ac0e74dbe1,analyze test or validation data,3785,7f5f749196ba,6,0.4687453508377075,0.4687453508377075,4.311137676239014,0.1666666716337204,0.8333333134651184,0.43650349974632263,0
/home/jovyan/Joel_Pardo/AI4LABOUR/Mejoras/results_coursera/models/simcse_coursera_hard/sentence-transformers/all-MiniLM-L6-v2,A_semantic_only,158,16ac0e74dbe1,analyze test or validation data,189,22a8a394965f,7,0.4577166438102722,0.4577166438102722,4.202808380126953,0.1666666716337204,0.6666666865348816,0.2980925142765045,0
/home/jovyan/Joel_Pardo/AI4LABOUR/Mejoras/results_coursera/models/simcse_coursera_hard/sentence-transformers/all-MiniLM-L6-v2,A_semantic_only,158,16ac0e74dbe1,analyze test or validation data,2536,62bb27f24dab,8,0.4575675427913666,0.4575675427913666,4.201343536376953,0.1666666716337204,0.6666666865348816,0.5273513197898865,0
/home/jovyan/Joel_Pardo/AI4LABOUR/Mejoras/results_coursera/models/simcse_coursera_hard/sentence-transformers/all-MiniLM-L6-v2,A_semantic_only,158,16ac0e74dbe1,analyze test or validation data,1452,41db1b32b4b9,9,0.4521823525428772,0.4521823525428772,4.148447513580322,0.4000000059604645,0.8333333134651184,0.7234748005867004,0
/home/jovyan/Joel_Pardo/AI4LABOUR/Mejoras/results_coursera/models/simcse_coursera_hard/sentence-transformers/all-MiniLM-L6-v2,A_semantic_only,158,16ac0e74dbe1,analyze test or validation data,1893,e70f70131331,10,0.45062822103500366,0.45062822103500366,4.133182048797607,0.0,0.5,0.0,0
/home/jovyan/Joel_Pardo/AI4LABOUR/Mejoras/results_coursera/models/simcse_coursera_hard/sentence-transformers/all-MiniLM-L6-v2,A_semantic_only,159,3319e1abdfb1,analyze green technology design requirements,617,3893cbb4049e,1,0.5457854270935059,0.5457854270935059,5.997425079345703,0.1666666716337204,0.5,0.5466539263725281,0
/home/jovyan/Joel_Pardo/AI4LABOUR/Mejoras/results_coursera/models/simcse_coursera_hard/sentence-transformers/all-MiniLM-L6-v2,A_semantic_only,159,3319e1abdfb1,analyze green technology design requirements,2408,1ff03df31f34,2,0.4932849705219269,0.4932849705219269,5.4239702224731445,0.1428571492433548,0.6666666865348816,0.4696066081523895,0
/home/jovyan/Joel_Pardo/AI4LABOUR/Mejoras/results_coursera/models/simcse_coursera_hard/sentence-transformers/all-MiniLM-L6-v2,A_semantic_only,159,3319e1abdfb1,analyze green technology design requirements,1177,8ef1306520ed,3,0.45554330945014954,0.45554330945014954,5.011723041534424,0.4000000059604645,0.5,0.8562780022621155,0
/home/jovyan/Joel_Pardo/AI4LABOUR/Mejoras/results_coursera/models/simcse_coursera_hard/sentence-transformers/all-MiniLM-L6-v2,A_semantic_only,159,3319e1abdfb1,analyze green technology design requirements,4492,77bb92ac8bda,4,0.44539856910705566,0.44539856910705566,4.900913715362549,0.1666666716337204,0.5,0.5466539263725281,0
/home/jovyan/Joel_Pardo/AI4LABOUR/Mejoras/results_coursera/models/simcse_coursera_hard/sentence-transformers/all-MiniLM-L6-v2,A_semantic_only,159,3319e1abdfb1,analyze green technology design requirements,46,a3db224ea72e,5,0.4359792470932007,0.4359792470932007,4.798027515411377,0.0,0.6666666865348816,0.0,0
/home/jovyan/Joel_Pardo/AI4LABOUR/Mejoras/results_coursera/models/simcse_coursera_hard/sentence-transformers/all-MiniLM-L6-v2,A_semantic_only,159,3319e1abdfb1,analyze green technology design requirements,4480,7fb0a83a1950,6,0.43467020988464355,0.43467020988464355,4.783729076385498,0.3333333432674408,0.6666666865348816,0.7355912327766418,0
/home/jovyan/Joel_Pardo/AI4LABOUR/Mejoras/results_coursera/models/simcse_coursera_hard/sentence-transformers/all-MiniLM-L6-v2,A_semantic_only,159,3319e1abdfb1,analyze green technology design requirements,1397,674593793bab,7,0.40392857789993286,0.40392857789993286,4.44794225692749,0.1666666716337204,0.5,0.5466539263725281,0
/home/jovyan/Joel_Pardo/AI4LABOUR/Mejoras/results_coursera/models/simcse_coursera_hard/sentence-transformers/all-MiniLM-L6-v2,A_semantic_only,159,3319e1abdfb1,analyze green technology design requirements,2875,38cb82650562,8,0.3919467329978943,0.3919467329978943,4.317066192626953,0.4000000059604645,0.5,1.0,0
/home/jovyan/Joel_Pardo/AI4LABOUR/Mejoras/results_coursera/models/simcse_coursera_hard/sentence-transformers/all-MiniLM-L6-v2,A_semantic_only,159,3319e1abdfb1,analyze green technology design requirements,4558,7b0342e1d11a,9,0.38514602184295654,0.38514602184295654,4.242783069610596,0.0,1.0,0.0,0
/home/jovyan/Joel_Pardo/AI4LABOUR/Mejoras/results_coursera/models/simcse_coursera_hard/sentence-transformers/all-MiniLM-L6-v2,A_semantic_only,159,3319e1abdfb1,analyze green technology design requirements,2098,fdf6f5dbede6,10,0.35781851410865784,0.35781851410865784,3.944288492202759,0.1666666716337204,0.5,0.5466539263725281,0
/home/jovyan/Joel_Pardo/AI4LABOUR/Mejoras/results_coursera/models/simcse_coursera_hard/sentence-transformers/all-MiniLM-L6-v2,A_semantic_only,160,56c85bc2a8f3,assist engineers or scientists with research,4182,da00d82f03cd,1,0.3803551495075226,0.3803551495075226,4.8942341804504395,0.20000000298023224,0.4285714328289032,1.0,0
/home/jovyan/Joel_Pardo/AI4LABOUR/Mejoras/results_coursera/models/simcse_coursera_hard/sentence-transformers/all-MiniLM-L6-v2,A_semantic_only,160,56c85bc2a8f3,assist engineers or scientists with research,4390,3cec85239a89,2,0.37478432059288025,0.37478432059288025,4.8215837478637695,0.0,0.7142857313156128,0.0,0
/home/jovyan/Joel_Pardo/AI4LABOUR/Mejoras/results_coursera/models/simcse_coursera_hard/sentence-transformers/all-MiniLM-L6-v2,A_semantic_only,160,56c85bc2a8f3,assist engineers or scientists with research,3378,d2e5330ba975,3,0.35703033208847046,0.35703033208847046,4.590050220489502,0.0833333358168602,0.5,0.35653865337371826,0
/home/jovyan/Joel_Pardo/AI4LABOUR/Mejoras/results_coursera/models/simcse_coursera_hard/sentence-transformers/all-MiniLM-L6-v2,A_semantic_only,160,56c85bc2a8f3,assist engineers or scientists with research,3711,75af68656bbd,4,0.35378554463386536,0.35378554463386536,4.547734260559082,0.0,0.4285714328289032,0.0,0
/home/jovyan/Joel_Pardo/AI4LABOUR/Mejoras/results_coursera/models/simcse_coursera_hard/sentence-transformers/all-MiniLM-L6-v2,A_semantic_only,160,56c85bc2a8f3,assist engineers or scientists with research,350,7412df2b1db8,5,0.3112492561340332,0.3112492561340332,3.9930100440979004,0.25,0.2857142984867096,0.7299994826316833,0
/home/jovyan/Joel_Pardo/AI4LABOUR/Mejoras/results_coursera/models/simcse_coursera_hard/sentence-transformers/all-MiniLM-L6-v2,A_semantic_only,160,56c85bc2a8f3,assist engineers or scientists with research,4347,90fea52781c2,6,0.3080557882785797,0.3080557882785797,3.9513633251190186,0.0,0.7142857313156128,0.0,0
/home/jovyan/Joel_Pardo/AI4LABOUR/Mejoras/results_coursera/models/simcse_coursera_hard/sentence-transformers/all-MiniLM-L6-v2,A_semantic_only,160,56c85bc2a8f3,assist engineers or scientists with research,1638,1deda399136a,7,0.30779796838760376,0.30779796838760376,3.9480011463165283,0.20000000298023224,0.4285714328289032,0.6102300882339478,0
/home/jovyan/Joel_Pardo/AI4LABOUR/Mejoras/results_coursera/models/simcse_coursera_hard/sentence-transformers/all-MiniLM-L6-v2,A_semantic_only,160,56c85bc2a8f3,assist engineers or scientists with research,5205,cd8659de9085,8,0.3050583004951477,0.3050583004951477,3.9122724533081055,0.1666666716337204,0.7142857313156128,0.4594637453556061,0
/home/jovyan/Joel_Pardo/AI4LABOUR/Mejoras/results_coursera/models/simcse_coursera_hard/sentence-transformers/all-MiniLM-L6-v2,A_semantic_only,160,56c85bc2a8f3,assist engineers or scientists with research,1928,01b7a4a42439,9,0.3045089542865753,0.3045089542865753,3.9051082134246826,0.0,0.4285714328289032,0.0,0
/home/jovyan/Joel_Pardo/AI4LABOUR/Mejoras/results_coursera/models/simcse_coursera_hard/sentence-transformers/all-MiniLM-L6-v2,A_semantic_only,160,56c85bc2a8f3,assist engineers or scientists with research,1013,9e6002ec2984,10,0.29985278844833374,0.29985278844833374,3.844386339187622,0.0,0.4285714328289032,0.0,0
/home/jovyan/Joel_Pardo/AI4LABOUR/Mejoras/results_coursera/models/simcse_coursera_hard/sentence-transformers/all-MiniLM-L6-v2,A_semantic_only,161,f1f35b083d3a,assemble mechanical components or machine parts,3176,8d8b7db66ec8,1,0.41763442754745483,0.41763442754745483,6.059807777404785,0.1666666716337204,0.5714285969734192,0.9304534196853638,0
/home/jovyan/Joel_Pardo/AI4LABOUR/Mejoras/results_coursera/models/simcse_coursera_hard/sentence-transformers/all-MiniLM-L6-v2,A_semantic_only,161,f1f35b083d3a,assemble mechanical components or machine parts,2092,a3727e4c2309,2,0.4029579162597656,0.4029579162597656,5.84003210067749,0.0,0.8571428656578064,0.0,0
/home/jovyan/Joel_Pardo/AI4LABOUR/Mejoras/results_coursera/models/simcse_coursera_hard/sentence-transformers/all-MiniLM-L6-v2,A_semantic_only,161,f1f35b083d3a,assemble mechanical components or machine parts,1705,53b592783e35,3,0.3931851387023926,0.3931851387023926,5.69368839263916,0.1428571492433548,0.7142857313156128,0.6627300977706909,0
/home/jovyan/Joel_Pardo/AI4LABOUR/Mejoras/results_coursera/models/simcse_coursera_hard/sentence-transformers/all-MiniLM-L6-v2,A_semantic_only,161,f1f35b083d3a,assemble mechanical components or machine parts,1736,058d29a44b22,4,0.3504895567893982,0.3504895567893982,5.054337024688721,0.0,0.5714285969734192,0.0,0
/home/jovyan/Joel_Pardo/AI4LABOUR/Mejoras/results_coursera/models/simcse_coursera_hard/sentence-transformers/all-MiniLM-L6-v2,A_semantic_only,161,f1f35b083d3a,assemble mechanical components or machine parts,2795,0270e82e5a44,5,0.33564984798431396,0.33564984798431396,4.832117557525635,0.0,0.4285714328289032,0.0,0
/home/jovyan/Joel_Pardo/AI4LABOUR/Mejoras/results_coursera/models/simcse_coursera_hard/sentence-transformers/all-MiniLM-L6-v2,A_semantic_only,161,f1f35b083d3a,assemble mechanical components or machine parts,1474,39dc86297043,6,0.3342624306678772,0.3342624306678772,4.811341285705566,0.0,0.4285714328289032,0.0,0
/home/jovyan/Joel_Pardo/AI4LABOUR/Mejoras/results_coursera/models/simcse_coursera_hard/sentence-transformers/all-MiniLM-L6-v2,A_semantic_only,161,f1f35b083d3a,assemble mechanical components or machine parts,733,813e418f098e,7,0.3320866823196411,0.3320866823196411,4.7787604331970215,0.1666666716337204,0.4285714328289032,1.0,0
/home/jovyan/Joel_Pardo/AI4LABOUR/Mejoras/results_coursera/models/simcse_coursera_hard/sentence-transformers/all-MiniLM-L6-v2,A_semantic_only,161,f1f35b083d3a,assemble mechanical components or machine parts,1706,a81766caa389,8,0.32012608647346497,0.32012608647346497,4.599654674530029,0.1428571492433548,0.7142857313156128,0.6627300977706909,0
/home/jovyan/Joel_Pardo/AI4LABOUR/Mejoras/results_coursera/models/simcse_coursera_hard/sentence-transformers/all-MiniLM-L6-v2,A_semantic_only,161,f1f35b083d3a,assemble mechanical components or machine parts,1268,41400dedd9f3,9,0.3170259892940521,0.3170259892940521,4.553231716156006,0.0,0.5714285969734192,0.0,0
/home/jovyan/Joel_Pardo/AI4LABOUR/Mejoras/results_coursera/models/simcse_coursera_hard/sentence-transformers/all-MiniLM-L6-v2,A_semantic_only,161,f1f35b083d3a,assemble mechanical components or machine parts,3606,da1afedb5ac7,10,0.3163810670375824,0.3163810670375824,4.543574333190918,0.0,0.4285714328289032,0.0,0
/home/jovyan/Joel_Pardo/AI4LABOUR/Mejoras/results_coursera/models/simcse_coursera_hard/sentence-transformers/all-MiniLM-L6-v2,A_semantic_only,162,957f012e4031,fabricate devices or components,3448,e4f3b5639229,1,0.47421008348464966,0.47421008348464966,6.774519443511963,0.25,0.6000000238418579,0.9599880576133728,0
/home/jovyan/Joel_Pardo/AI4LABOUR/Mejoras/results_coursera/models/simcse_coursera_hard/sentence-transformers/all-MiniLM-L6-v2,A_semantic_only,162,957f012e4031,fabricate devices or components,1706,a81766caa389,2,0.4391538202762604,0.4391538202762604,6.279153823852539,0.20000000298023224,1.0,0.6990785598754883,0
/home/jovyan/Joel_Pardo/AI4LABOUR/Mejoras/results_coursera/models/simcse_coursera_hard/sentence-transformers/all-MiniLM-L6-v2,A_semantic_only,162,957f012e4031,fabricate devices or components,3410,bfd722d7fa43,3,0.35600197315216064,0.35600197315216064,5.104168891906738,0.0,1.0,0.0,0
/home/jovyan/Joel_Pardo/AI4LABOUR/Mejoras/results_coursera/models/simcse_coursera_hard/sentence-transformers/all-MiniLM-L6-v2,A_semantic_only,162,957f012e4031,fabricate devices or components,74,2d2ac038a838,4,0.3475937247276306,0.3475937247276306,4.985355377197266,0.0,0.4000000059604645,0.0,0
/home/jovyan/Joel_Pardo/AI4LABOUR/Mejoras/results_coursera/models/simcse_coursera_hard/sentence-transformers/all-MiniLM-L6-v2,A_semantic_only,162,957f012e4031,fabricate devices or components,3776,a89b81917b58,5,0.3359171748161316,0.3359171748161316,4.820358753204346,0.0,1.0,0.0,0
/home/jovyan/Joel_Pardo/AI4LABOUR/Mejoras/results_coursera/models/simcse_coursera_hard/sentence-transformers/all-MiniLM-L6-v2,A_semantic_only,162,957f012e4031,fabricate devices or components,2641,414d1ab8da6a,6,0.32652705907821655,0.32652705907821655,4.687670707702637,0.0,0.800000011920929,0.0,0
/home/jovyan/Joel_Pardo/AI4LABOUR/Mejoras/results_coursera/models/simcse_coursera_hard/sentence-transformers/all-MiniLM-L6-v2,A_semantic_only,162,957f012e4031,fabricate devices or components,4412,a558f59f975e,7,0.3218590021133423,0.3218590021133423,4.621708393096924,0.20000000298023224,1.0,0.722808837890625,0
/home/jovyan/Joel_Pardo/AI4LABOUR/Mejoras/results_coursera/models/simcse_coursera_hard/sentence-transformers/all-MiniLM-L6-v2,A_semantic_only,162,957f012e4031,fabricate devices or components,4866,8e4d0a700359,8,0.31675952672958374,0.31675952672958374,4.549649715423584,0.0,0.6000000238418579,0.0,0
/home/jovyan/Joel_Pardo/AI4LABOUR/Mejoras/results_coursera/models/simcse_coursera_hard/sentence-transformers/all-MiniLM-L6-v2,A_semantic_only,162,957f012e4031,fabricate devices or components,215,f3e87868bbce,9,0.3163296580314636,0.3163296580314636,4.543575286865234,0.20000000298023224,0.800000011920929,0.7976091504096985,0
/home/jovyan/Joel_Pardo/AI4LABOUR/Mejoras/results_coursera/models/simcse_coursera_hard/sentence-transformers/all-MiniLM-L6-v2,A_semantic_only,162,957f012e4031,fabricate devices or components,3617,a44d6e774909,10,0.31325533986091614,0.31325533986091614,4.500133514404297,0.0,0.6000000238418579,0.0,0
/home/jovyan/Joel_Pardo/AI4LABOUR/Mejoras/results_coursera/models/simcse_coursera_hard/sentence-transformers/all-MiniLM-L6-v2,A_semantic_only,163,3ac212a9f7c3,collaborate with others to develop or refine designs,119,11a7a5d55a91,1,0.4453321099281311,0.4453321099281311,5.311517238616943,0.0,0.2222222238779068,0.0,0
/home/jovyan/Joel_Pardo/AI4LABOUR/Mejoras/results_coursera/models/simcse_coursera_hard/sentence-transformers/all-MiniLM-L6-v2,A_semantic_only,163,3ac212a9f7c3,collaborate with others to develop or refine designs,3146,b6cd21af4bbc,2,0.4371121823787689,0.4371121823787689,5.215599536895752,0.0,0.3333333432674408,0.0,0
/home/jovyan/Joel_Pardo/AI4LABOUR/Mejoras/results_coursera/models/simcse_coursera_hard/sentence-transformers/all-MiniLM-L6-v2,A_semantic_only,163,3ac212a9f7c3,collaborate with others to develop or refine designs,5066,4367dd59ef14,3,0.4074050784111023,0.4074050784111023,4.868950366973877,0.0,0.3333333432674408,0.0,0
/home/jovyan/Joel_Pardo/AI4LABOUR/Mejoras/results_coursera/models/simcse_coursera_hard/sentence-transformers/all-MiniLM-L6-v2,A_semantic_only,163,3ac212a9f7c3,collaborate with others to develop or refine designs,1809,f6dad3fb1a3e,4,0.4016268253326416,0.4016268253326416,4.8015241622924805,0.0,0.5555555820465088,0.0,0
/home/jovyan/Joel_Pardo/AI4LABOUR/Mejoras/results_coursera/models/simcse_coursera_hard/sentence-transformers/all-MiniLM-L6-v2,A_semantic_only,163,3ac212a9f7c3,collaborate with others to develop or refine designs,1190,10a3e0750f3c,5,0.39659231901168823,0.39659231901168823,4.742777347564697,0.0,0.5555555820465088,0.0,0
/home/jovyan/Joel_Pardo/AI4LABOUR/Mejoras/results_coursera/models/simcse_coursera_hard/sentence-transformers/all-MiniLM-L6-v2,A_semantic_only,163,3ac212a9f7c3,collaborate with others to develop or refine designs,3256,57c5d1a5be58,6,0.3761896789073944,0.3761896789073944,4.504700660705566,0.0,0.3333333432674408,0.0,0
/home/jovyan/Joel_Pardo/AI4LABOUR/Mejoras/results_coursera/models/simcse_coursera_hard/sentence-transformers/all-MiniLM-L6-v2,A_semantic_only,163,3ac212a9f7c3,collaborate with others to develop or refine designs,2196,21fdcf45e55f,7,0.37306177616119385,0.37306177616119385,4.468201637268066,0.0,0.3333333432674408,0.0,0
/home/jovyan/Joel_Pardo/AI4LABOUR/Mejoras/results_coursera/models/simcse_coursera_hard/sentence-transformers/all-MiniLM-L6-v2,A_semantic_only,163,3ac212a9f7c3,collaborate with others to develop or refine designs,1811,6c80d8824d7c,8,0.3588833212852478,0.3588833212852478,4.3027544021606445,0.0,0.3333333432674408,0.0,0
/home/jovyan/Joel_Pardo/AI4LABOUR/Mejoras/results_coursera/models/simcse_coursera_hard/sentence-transformers/all-MiniLM-L6-v2,A_semantic_only,163,3ac212a9f7c3,collaborate with others to develop or refine designs,1477,2ada23ad0d4e,9,0.3578872084617615,0.3578872084617615,4.291131019592285,0.0,0.3333333432674408,0.0,0
/home/jovyan/Joel_Pardo/AI4LABOUR/Mejoras/results_coursera/models/simcse_coursera_hard/sentence-transformers/all-MiniLM-L6-v2,A_semantic_only,163,3ac212a9f7c3,collaborate with others to develop or refine designs,3038,8a8d5a00aa0e,10,0.35740458965301514,0.35740458965301514,4.285499095916748,0.0,0.3333333432674408,0.1292116343975067,0
/home/jovyan/Joel_Pardo/AI4LABOUR/Mejoras/results_coursera/models/simcse_coursera_hard/sentence-transformers/all-MiniLM-L6-v2,A_semantic_only,164,0c9fad019eee,schedule operational activities,1654,799855594adc,1,0.5310564041137695,0.5310564041137695,7.265893936157227,0.3333333432674408,0.5,1.0,0
/home/jovyan/Joel_Pardo/AI4LABOUR/Mejoras/results_coursera/models/simcse_coursera_hard/sentence-transformers/all-MiniLM-L6-v2,A_semantic_only,164,0c9fad019eee,schedule operational activities,3636,e9974dc13540,2,0.47716057300567627,0.47716057300567627,6.520843982696533,0.20000000298023224,1.0,0.7181130647659302,0
/home/jovyan/Joel_Pardo/AI4LABOUR/Mejoras/results_coursera/models/simcse_coursera_hard/sentence-transformers/all-MiniLM-L6-v2,A_semantic_only,164,0c9fad019eee,schedule operational activities,2233,d334de0d305d,3,0.4503166079521179,0.4503166079521179,6.149755477905273,0.25,0.75,0.7489403486251831,0
/home/jovyan/Joel_Pardo/AI4LABOUR/Mejoras/results_coursera/models/simcse_coursera_hard/sentence-transformers/all-MiniLM-L6-v2,A_semantic_only,164,0c9fad019eee,schedule operational activities,2985,a5a78f6c9b8c,4,0.43320104479789734,0.43320104479789734,5.913151741027832,0.1111111119389534,0.4000000059604645,0.38908183574676514,0
/home/jovyan/Joel_Pardo/AI4LABOUR/Mejoras/results_coursera/models/simcse_coursera_hard/sentence-transformers/all-MiniLM-L6-v2,A_semantic_only,164,0c9fad019eee,schedule operational activities,177,5ec64a367a46,5,0.4140247404575348,0.4140247404575348,5.648060321807861,0.0,1.0,0.0,0
/home/jovyan/Joel_Pardo/AI4LABOUR/Mejoras/results_coursera/models/simcse_coursera_hard/sentence-transformers/all-MiniLM-L6-v2,A_semantic_only,164,0c9fad019eee,schedule operational activities,147,575ea3efc7e8,6,0.41036099195480347,0.41036099195480347,5.597413063049316,0.0625,0.1599999964237213,0.3981517255306244,0
/home/jovyan/Joel_Pardo/AI4LABOUR/Mejoras/results_coursera/models/simcse_coursera_hard/sentence-transformers/all-MiniLM-L6-v2,A_semantic_only,164,0c9fad019eee,schedule operational activities,42,02d9739e2d83,7,0.4046928584575653,0.4046928584575653,5.519057273864746,0.0,0.75,0.0,0
/home/jovyan/Joel_Pardo/AI4LABOUR/Mejoras/results_coursera/models/simcse_coursera_hard/sentence-transformers/all-MiniLM-L6-v2,A_semantic_only,164,0c9fad019eee,schedule operational activities,1676,4abb63e41447,8,0.4002358317375183,0.4002358317375183,5.457443714141846,0.20000000298023224,1.0,0.6433821320533752,0
/home/jovyan/Joel_Pardo/AI4LABOUR/Mejoras/results_coursera/models/simcse_coursera_hard/sentence-transformers/all-MiniLM-L6-v2,A_semantic_only,164,0c9fad019eee,schedule operational activities,1249,95d7d4c08187,9,0.38878536224365234,0.38878536224365234,5.299153804779053,0.0,0.75,0.0,0
/home/jovyan/Joel_Pardo/AI4LABOUR/Mejoras/results_coursera/models/simcse_coursera_hard/sentence-transformers/all-MiniLM-L6-v2,A_semantic_only,164,0c9fad019eee,schedule operational activities,1242,20df78ef6edb,10,0.38813865184783936,0.38813865184783936,5.290213584899902,0.0,0.5,0.0,0
/home/jovyan/Joel_Pardo/AI4LABOUR/Mejoras/results_coursera/models/simcse_coursera_hard/sentence-transformers/all-MiniLM-L6-v2,A_semantic_only,165,72ea80489538,test characteristics of materials or structures,1822,39932b592d9d,1,0.5793941020965576,0.5793941020965576,6.582106113433838,0.06666667014360428,0.3888888955116272,0.35917118191719055,0
/home/jovyan/Joel_Pardo/AI4LABOUR/Mejoras/results_coursera/models/simcse_coursera_hard/sentence-transformers/all-MiniLM-L6-v2,A_semantic_only,165,72ea80489538,test characteristics of materials or structures,117,1b45811985d9,2,0.5229120254516602,0.5229120254516602,5.919897556304932,0.0,0.4285714328289032,0.0,0
/home/jovyan/Joel_Pardo/AI4LABOUR/Mejoras/results_coursera/models/simcse_coursera_hard/sentence-transformers/all-MiniLM-L6-v2,A_semantic_only,165,72ea80489538,test characteristics of materials or structures,3407,2ad419560ca0,3,0.5084432363510132,0.5084432363510132,5.750262260437012,0.1428571492433548,0.8571428656578064,0.5030925273895264,0
/home/jovyan/Joel_Pardo/AI4LABOUR/Mejoras/results_coursera/models/simcse_coursera_hard/sentence-transformers/all-MiniLM-L6-v2,A_semantic_only,165,72ea80489538,test characteristics of materials or structures,1893,e70f70131331,4,0.48886680603027344,0.48886680603027344,5.5207438468933105,0.0,0.4285714328289032,0.0,0
/home/jovyan/Joel_Pardo/AI4LABOUR/Mejoras/results_coursera/models/simcse_coursera_hard/sentence-transformers/all-MiniLM-L6-v2,A_semantic_only,165,72ea80489538,test characteristics of materials or structures,1637,d7012fc17d15,5,0.4707004129886627,0.4707004129886627,5.307757377624512,0.0,0.4285714328289032,0.0,0
/home/jovyan/Joel_Pardo/AI4LABOUR/Mejoras/results_coursera/models/simcse_coursera_hard/sentence-transformers/all-MiniLM-L6-v2,A_semantic_only,165,72ea80489538,test characteristics of materials or structures,3980,dc0ebdffa052,6,0.45978274941444397,0.45978274941444397,5.179756164550781,0.0,0.4285714328289032,0.0,0
/home/jovyan/Joel_Pardo/AI4LABOUR/Mejoras/results_coursera/models/simcse_coursera_hard/sentence-transformers/all-MiniLM-L6-v2,A_semantic_only,165,72ea80489538,test characteristics of materials or structures,2159,73e7c7a9947e,7,0.4535668194293976,0.4535668194293976,5.106879234313965,0.0,0.4285714328289032,0.0,0
/home/jovyan/Joel_Pardo/AI4LABOUR/Mejoras/results_coursera/models/simcse_coursera_hard/sentence-transformers/all-MiniLM-L6-v2,A_semantic_only,165,72ea80489538,test characteristics of materials or structures,449,a3d51b184318,8,0.4501195549964905,0.4501195549964905,5.066462516784668,0.0,0.4285714328289032,0.0,0
/home/jovyan/Joel_Pardo/AI4LABOUR/Mejoras/results_coursera/models/simcse_coursera_hard/sentence-transformers/all-MiniLM-L6-v2,A_semantic_only,165,72ea80489538,test characteristics of materials or structures,3785,7f5f749196ba,9,0.4476704001426697,0.4476704001426697,5.037748336791992,0.1666666716337204,0.7142857313156128,0.526552140712738,0
/home/jovyan/Joel_Pardo/AI4LABOUR/Mejoras/results_coursera/models/simcse_coursera_hard/sentence-transformers/all-MiniLM-L6-v2,A_semantic_only,165,72ea80489538,test characteristics of materials or structures,1892,ca6117ea05ac,10,0.4469979405403137,0.4469979405403137,5.029864311218262,0.0,0.4285714328289032,0.0,0
/home/jovyan/Joel_Pardo/AI4LABOUR/Mejoras/results_coursera/models/simcse_coursera_hard/sentence-transformers/all-MiniLM-L6-v2,A_semantic_only,166,505ab84c8d87,implement transportation changes to reduce environmental impact,5082,12408b06820b,1,0.5395652651786804,0.5395652651786804,7.176879405975342,0.10000000149011612,0.75,0.45226970314979553,0
/home/jovyan/Joel_Pardo/AI4LABOUR/Mejoras/results_coursera/models/simcse_coursera_hard/sentence-transformers/all-MiniLM-L6-v2,A_semantic_only,166,505ab84c8d87,implement transportation changes to reduce environmental impact,5020,d5543f5402aa,2,0.49448224902153015,0.49448224902153015,6.573680400848389,0.1428571492433548,0.375,0.5700430274009705,0
/home/jovyan/Joel_Pardo/AI4LABOUR/Mejoras/results_coursera/models/simcse_coursera_hard/sentence-transformers/all-MiniLM-L6-v2,A_semantic_only,166,505ab84c8d87,implement transportation changes to reduce environmental impact,4880,995c33174219,3,0.449930876493454,0.449930876493454,5.977594375610352,0.125,0.5,0.5797586441040039,0
/home/jovyan/Joel_Pardo/AI4LABOUR/Mejoras/results_coursera/models/simcse_coursera_hard/sentence-transformers/all-MiniLM-L6-v2,A_semantic_only,166,505ab84c8d87,implement transportation changes to reduce environmental impact,1411,8b9762ff64b7,4,0.415489137172699,0.415489137172699,5.516772747039795,0.0,0.375,0.0,0
/home/jovyan/Joel_Pardo/AI4LABOUR/Mejoras/results_coursera/models/simcse_coursera_hard/sentence-transformers/all-MiniLM-L6-v2,A_semantic_only,166,505ab84c8d87,implement transportation changes to reduce environmental impact,2999,a4a640d71221,5,0.4069795608520508,0.4069795608520508,5.40291690826416,0.2857142984867096,0.5,1.0,0
/home/jovyan/Joel_Pardo/AI4LABOUR/Mejoras/results_coursera/models/simcse_coursera_hard/sentence-transformers/all-MiniLM-L6-v2,A_semantic_only,166,505ab84c8d87,implement transportation changes to reduce environmental impact,2626,d7c46c558d85,6,0.4069192409515381,0.4069192409515381,5.402109622955322,0.1111111119389534,0.75,0.7470283508300781,0
/home/jovyan/Joel_Pardo/AI4LABOUR/Mejoras/results_coursera/models/simcse_coursera_hard/sentence-transformers/all-MiniLM-L6-v2,A_semantic_only,166,505ab84c8d87,implement transportation changes to reduce environmental impact,4838,53dd4fb611bb,7,0.3655741810798645,0.3655741810798645,4.848923683166504,0.1428571492433548,0.5,0.5797586441040039,0
/home/jovyan/Joel_Pardo/AI4LABOUR/Mejoras/results_coursera/models/simcse_coursera_hard/sentence-transformers/all-MiniLM-L6-v2,A_semantic_only,166,505ab84c8d87,implement transportation changes to reduce environmental impact,1398,8e6354026d29,8,0.35010668635368347,0.35010668635368347,4.641972541809082,0.0,0.5,0.0,0
/home/jovyan/Joel_Pardo/AI4LABOUR/Mejoras/results_coursera/models/simcse_coursera_hard/sentence-transformers/all-MiniLM-L6-v2,A_semantic_only,166,505ab84c8d87,implement transportation changes to reduce environmental impact,3229,095a703ccc5d,9,0.3327544331550598,0.3327544331550598,4.409803867340088,0.1428571492433548,0.375,0.6748782992362976,0
/home/jovyan/Joel_Pardo/AI4LABOUR/Mejoras/results_coursera/models/simcse_coursera_hard/sentence-transformers/all-MiniLM-L6-v2,A_semantic_only,166,505ab84c8d87,implement transportation changes to reduce environmental impact,97,0cd7d0305380,10,0.31606683135032654,0.31606683135032654,4.186528205871582,0.0,0.375,0.0,0
/home/jovyan/Joel_Pardo/AI4LABOUR/Mejoras/results_coursera/models/simcse_coursera_hard/sentence-transformers/all-MiniLM-L6-v2,A_semantic_only,167,00c6f12023ab,document organizational or operational procedures,1243,14686b75fbe4,1,0.396747350692749,0.396747350692749,5.109254360198975,0.0,0.8333333134651184,0.0,0
/home/jovyan/Joel_Pardo/AI4LABOUR/Mejoras/results_coursera/models/simcse_coursera_hard/sentence-transformers/all-MiniLM-L6-v2,A_semantic_only,167,00c6f12023ab,document organizational or operational procedures,1245,e506448ed7d0,2,0.3821808695793152,0.3821808695793152,4.924642562866211,0.0,0.8333333134651184,0.0,0
/home/jovyan/Joel_Pardo/AI4LABOUR/Mejoras/results_coursera/models/simcse_coursera_hard/sentence-transformers/all-MiniLM-L6-v2,A_semantic_only,167,00c6f12023ab,document organizational or operational procedures,758,077b37efd178,3,0.37770944833755493,0.37770944833755493,4.8679728507995605,0.1666666716337204,0.6666666865348816,0.8590565323829651,0
/home/jovyan/Joel_Pardo/AI4LABOUR/Mejoras/results_coursera/models/simcse_coursera_hard/sentence-transformers/all-MiniLM-L6-v2,A_semantic_only,167,00c6f12023ab,document organizational or operational procedures,1529,8c8790508d02,4,0.3585183918476105,0.3585183918476105,4.624750137329102,0.20000000298023224,0.5,1.0,0
/home/jovyan/Joel_Pardo/AI4LABOUR/Mejoras/results_coursera/models/simcse_coursera_hard/sentence-transformers/all-MiniLM-L6-v2,A_semantic_only,167,00c6f12023ab,document organizational or operational procedures,42,02d9739e2d83,5,0.35387200117111206,0.35387200117111206,4.565863132476807,0.0,0.5,0.0,0
/home/jovyan/Joel_Pardo/AI4LABOUR/Mejoras/results_coursera/models/simcse_coursera_hard/sentence-transformers/all-MiniLM-L6-v2,A_semantic_only,167,00c6f12023ab,document organizational or operational procedures,1241,fa198a5b68ce,6,0.35271021723747253,0.35271021723747253,4.551138877868652,0.0,0.8333333134651184,0.0,0
/home/jovyan/Joel_Pardo/AI4LABOUR/Mejoras/results_coursera/models/simcse_coursera_hard/sentence-transformers/all-MiniLM-L6-v2,A_semantic_only,167,00c6f12023ab,document organizational or operational procedures,2820,21f64da1e579,7,0.3408578038215637,0.3408578038215637,4.400924205780029,0.0,0.3333333432674408,0.0,0
/home/jovyan/Joel_Pardo/AI4LABOUR/Mejoras/results_coursera/models/simcse_coursera_hard/sentence-transformers/all-MiniLM-L6-v2,A_semantic_only,167,00c6f12023ab,document organizational or operational procedures,1702,6b306e6c84b1,8,0.3381068706512451,0.3381068706512451,4.36605978012085,0.0,0.6666666865348816,0.0,0
/home/jovyan/Joel_Pardo/AI4LABOUR/Mejoras/results_coursera/models/simcse_coursera_hard/sentence-transformers/all-MiniLM-L6-v2,A_semantic_only,167,00c6f12023ab,document organizational or operational procedures,3757,0c29bb383513,9,0.32181090116500854,0.32181090116500854,4.1595282554626465,0.0,0.5,0.0,0
/home/jovyan/Joel_Pardo/AI4LABOUR/Mejoras/results_coursera/models/simcse_coursera_hard/sentence-transformers/all-MiniLM-L6-v2,A_semantic_only,167,00c6f12023ab,document organizational or operational procedures,1572,4d6e545411ff,10,0.3135477304458618,0.3135477304458618,4.054802894592285,0.20000000298023224,0.5,0.828681468963623,0
/home/jovyan/Joel_Pardo/AI4LABOUR/Mejoras/results_coursera/models/simcse_coursera_hard/sentence-transformers/all-MiniLM-L6-v2,A_semantic_only,168,ab35d13698b5,"negotiate contracts for transportation, distribution, or logistics services",1448,dbbd592a2319,1,0.550150990486145,0.550150990486145,7.163358688354492,0.0,0.3333333432674408,0.0,0
/home/jovyan/Joel_Pardo/AI4LABOUR/Mejoras/results_coursera/models/simcse_coursera_hard/sentence-transformers/all-MiniLM-L6-v2,A_semantic_only,168,ab35d13698b5,"negotiate contracts for transportation, distribution, or logistics services",4841,e1b150754821,2,0.43371322751045227,0.43371322751045227,5.653782367706299,0.3333333432674408,0.4444444477558136,1.0,0
/home/jovyan/Joel_Pardo/AI4LABOUR/Mejoras/results_coursera/models/simcse_coursera_hard/sentence-transformers/all-MiniLM-L6-v2,A_semantic_only,168,ab35d13698b5,"negotiate contracts for transportation, distribution, or logistics services",20,15269137d10a,3,0.4250347316265106,0.4250347316265106,5.541268348693848,0.0,0.2222222238779068,0.0,0
/home/jovyan/Joel_Pardo/AI4LABOUR/Mejoras/results_coursera/models/simcse_coursera_hard/sentence-transformers/all-MiniLM-L6-v2,A_semantic_only,168,ab35d13698b5,"negotiate contracts for transportation, distribution, or logistics services",3982,926cb54e103a,4,0.42377519607543945,0.42377519607543945,5.524939060211182,0.0,0.3333333432674408,0.0,0
/home/jovyan/Joel_Pardo/AI4LABOUR/Mejoras/results_coursera/models/simcse_coursera_hard/sentence-transformers/all-MiniLM-L6-v2,A_semantic_only,168,ab35d13698b5,"negotiate contracts for transportation, distribution, or logistics services",2890,5371441504ea,5,0.4196194112300873,0.4196194112300873,5.471060752868652,0.1428571492433548,0.3333333432674408,0.6411210298538208,0
/home/jovyan/Joel_Pardo/AI4LABOUR/Mejoras/results_coursera/models/simcse_coursera_hard/sentence-transformers/all-MiniLM-L6-v2,A_semantic_only,168,ab35d13698b5,"negotiate contracts for transportation, distribution, or logistics services",3983,1292506f4417,6,0.3945492208003998,0.3945492208003998,5.146034240722656,0.0,0.4444444477558136,0.294622004032135,0
/home/jovyan/Joel_Pardo/AI4LABOUR/Mejoras/results_coursera/models/simcse_coursera_hard/sentence-transformers/all-MiniLM-L6-v2,A_semantic_only,168,ab35d13698b5,"negotiate contracts for transportation, distribution, or logistics services",3619,e9839443e2c0,7,0.3637337386608124,0.3637337386608124,4.746521949768066,0.1666666716337204,0.2222222238779068,0.7669533491134644,0
/home/jovyan/Joel_Pardo/AI4LABOUR/Mejoras/results_coursera/models/simcse_coursera_hard/sentence-transformers/all-MiniLM-L6-v2,A_semantic_only,168,ab35d13698b5,"negotiate contracts for transportation, distribution, or logistics services",638,ccaaa30ec77e,8,0.3522106111049652,0.3522106111049652,4.597128391265869,0.0,0.3333333432674408,0.0,0
/home/jovyan/Joel_Pardo/AI4LABOUR/Mejoras/results_coursera/models/simcse_coursera_hard/sentence-transformers/all-MiniLM-L6-v2,A_semantic_only,168,ab35d13698b5,"negotiate contracts for transportation, distribution, or logistics services",5082,12408b06820b,9,0.346963107585907,0.346963107585907,4.5290961265563965,0.10000000149011612,0.6666666865348816,0.4149037003517151,0
/home/jovyan/Joel_Pardo/AI4LABOUR/Mejoras/results_coursera/models/simcse_coursera_hard/sentence-transformers/all-MiniLM-L6-v2,A_semantic_only,168,ab35d13698b5,"negotiate contracts for transportation, distribution, or logistics services",19,c450044ed981,10,0.3178060054779053,0.3178060054779053,4.1510844230651855,0.0,0.2222222238779068,0.0,0
/home/jovyan/Joel_Pardo/AI4LABOUR/Mejoras/results_coursera/models/simcse_coursera_hard/sentence-transformers/all-MiniLM-L6-v2,A_semantic_only,169,2d10ff099811,coordinate with external parties to exchange information,5120,399c4f53685e,1,0.4938250780105591,0.4938250780105591,6.497633457183838,0.1666666716337204,0.375,1.0,0
/home/jovyan/Joel_Pardo/AI4LABOUR/Mejoras/results_coursera/models/simcse_coursera_hard/sentence-transformers/all-MiniLM-L6-v2,A_semantic_only,169,2d10ff099811,coordinate with external parties to exchange information,2603,46a28a68977f,2,0.40386614203453064,0.40386614203453064,5.27140998840332,0.0,0.25,0.0,0
/home/jovyan/Joel_Pardo/AI4LABOUR/Mejoras/results_coursera/models/simcse_coursera_hard/sentence-transformers/all-MiniLM-L6-v2,A_semantic_only,169,2d10ff099811,coordinate with external parties to exchange information,1191,00db8beb6226,3,0.38952872157096863,0.38952872157096863,5.075977802276611,0.1428571492433548,0.5,0.8590565323829651,0
/home/jovyan/Joel_Pardo/AI4LABOUR/Mejoras/results_coursera/models/simcse_coursera_hard/sentence-transformers/all-MiniLM-L6-v2,A_semantic_only,169,2d10ff099811,coordinate with external parties to exchange information,1443,3d9cb8ab1a44,4,0.383082777261734,0.383082777261734,4.9881134033203125,0.0,0.75,0.0,0
/home/jovyan/Joel_Pardo/AI4LABOUR/Mejoras/results_coursera/models/simcse_coursera_hard/sentence-transformers/all-MiniLM-L6-v2,A_semantic_only,169,2d10ff099811,coordinate with external parties to exchange information,5119,aea98d4d904e,5,0.3757685422897339,0.3757685422897339,4.888413906097412,0.0,0.375,0.0,0
/home/jovyan/Joel_Pardo/AI4LABOUR/Mejoras/results_coursera/models/simcse_coursera_hard/sentence-transformers/all-MiniLM-L6-v2,A_semantic_only,169,2d10ff099811,coordinate with external parties to exchange information,3228,63e9d907bdd4,6,0.34044191241264343,0.34044191241264343,4.40687894821167,0.1428571492433548,0.5,0.8295775651931763,0
/home/jovyan/Joel_Pardo/AI4LABOUR/Mejoras/results_coursera/models/simcse_coursera_hard/sentence-transformers/all-MiniLM-L6-v2,A_semantic_only,169,2d10ff099811,coordinate with external parties to exchange information,3204,fcf353def95b,7,0.32788532972335815,0.32788532972335815,4.235721111297607,0.0,0.375,0.0,0
/home/jovyan/Joel_Pardo/AI4LABOUR/Mejoras/results_coursera/models/simcse_coursera_hard/sentence-transformers/all-MiniLM-L6-v2,A_semantic_only,169,2d10ff099811,coordinate with external parties to exchange information,4212,4fb5b08139e6,8,0.32361844182014465,0.32361844182014465,4.177559852600098,0.0,0.375,0.0,0
/home/jovyan/Joel_Pardo/AI4LABOUR/Mejoras/results_coursera/models/simcse_coursera_hard/sentence-transformers/all-MiniLM-L6-v2,A_semantic_only,169,2d10ff099811,coordinate with external parties to exchange information,1384,f46954b5ed36,9,0.32266563177108765,0.32266563177108765,4.164571762084961,0.0,0.5,0.0,0
/home/jovyan/Joel_Pardo/AI4LABOUR/Mejoras/results_coursera/models/simcse_coursera_hard/sentence-transformers/all-MiniLM-L6-v2,A_semantic_only,169,2d10ff099811,coordinate with external parties to exchange information,1807,186e6589bdcc,10,0.32159388065338135,0.32159388065338135,4.149962902069092,0.0,0.5,0.0,0
/home/jovyan/Joel_Pardo/AI4LABOUR/Mejoras/results_coursera/models/simcse_coursera_hard/sentence-transformers/all-MiniLM-L6-v2,A_semantic_only,170,57e3b12b8497,develop procedures to evaluate organizational activities,3411,170ec06a71d8,1,0.5149450302124023,0.5149450302124023,5.317005157470703,0.1666666716337204,0.4285714328289032,0.8467543125152588,0
/home/jovyan/Joel_Pardo/AI4LABOUR/Mejoras/results_coursera/models/simcse_coursera_hard/sentence-transformers/all-MiniLM-L6-v2,A_semantic_only,170,57e3b12b8497,develop procedures to evaluate organizational activities,2049,9feb570a1288,2,0.43417587876319885,0.43417587876319885,4.485586643218994,0.0,0.4285714328289032,0.0,0
/home/jovyan/Joel_Pardo/AI4LABOUR/Mejoras/results_coursera/models/simcse_coursera_hard/sentence-transformers/all-MiniLM-L6-v2,A_semantic_only,170,57e3b12b8497,develop procedures to evaluate organizational activities,4575,22371842c319,3,0.42641979455947876,0.42641979455947876,4.405747413635254,0.0,0.5714285969734192,0.0,0
/home/jovyan/Joel_Pardo/AI4LABOUR/Mejoras/results_coursera/models/simcse_coursera_hard/sentence-transformers/all-MiniLM-L6-v2,A_semantic_only,170,57e3b12b8497,develop procedures to evaluate organizational activities,4101,dbf801cd7195,4,0.3900735080242157,0.3900735080242157,4.031607627868652,0.1666666716337204,0.4285714328289032,0.8467543125152588,0
/home/jovyan/Joel_Pardo/AI4LABOUR/Mejoras/results_coursera/models/simcse_coursera_hard/sentence-transformers/all-MiniLM-L6-v2,A_semantic_only,170,57e3b12b8497,develop procedures to evaluate organizational activities,759,6a82d63d15a6,5,0.3891885280609131,0.3891885280609131,4.022497653961182,0.0,0.4285714328289032,0.0,0
/home/jovyan/Joel_Pardo/AI4LABOUR/Mejoras/results_coursera/models/simcse_coursera_hard/sentence-transformers/all-MiniLM-L6-v2,A_semantic_only,170,57e3b12b8497,develop procedures to evaluate organizational activities,1675,8335d26464b5,6,0.3763359785079956,0.3763359785079956,3.8901968002319336,0.125,0.7142857313156128,0.7529352307319641,0
/home/jovyan/Joel_Pardo/AI4LABOUR/Mejoras/results_coursera/models/simcse_coursera_hard/sentence-transformers/all-MiniLM-L6-v2,A_semantic_only,170,57e3b12b8497,develop procedures to evaluate organizational activities,688,675b456b5403,7,0.3759036064147949,0.3759036064147949,3.8857460021972656,0.0,0.4117647111415863,0.0,0
/home/jovyan/Joel_Pardo/AI4LABOUR/Mejoras/results_coursera/models/simcse_coursera_hard/sentence-transformers/all-MiniLM-L6-v2,A_semantic_only,170,57e3b12b8497,develop procedures to evaluate organizational activities,2725,df8561d60643,8,0.3729417622089386,0.3729417622089386,3.855257511138916,0.0,0.4285714328289032,0.0,0
/home/jovyan/Joel_Pardo/AI4LABOUR/Mejoras/results_coursera/models/simcse_coursera_hard/sentence-transformers/all-MiniLM-L6-v2,A_semantic_only,170,57e3b12b8497,develop procedures to evaluate organizational activities,2717,ece15f0f45ca,9,0.369468629360199,0.369468629360199,3.8195059299468994,0.0,0.5714285969734192,0.0,0
/home/jovyan/Joel_Pardo/AI4LABOUR/Mejoras/results_coursera/models/simcse_coursera_hard/sentence-transformers/all-MiniLM-L6-v2,A_semantic_only,170,57e3b12b8497,develop procedures to evaluate organizational activities,2038,15c6e5f68495,10,0.36066269874572754,0.36066269874572754,3.7288599014282227,0.0,0.7142857313156128,0.0,0
/home/jovyan/Joel_Pardo/AI4LABOUR/Mejoras/results_coursera/models/simcse_coursera_hard/sentence-transformers/all-MiniLM-L6-v2,A_semantic_only,171,02b5b4014078,develop organizational goals or objectives,2364,e7f8b2c6810a,1,0.5536958575248718,0.5536958575248718,6.078896522521973,0.0,0.5,0.0,0
/home/jovyan/Joel_Pardo/AI4LABOUR/Mejoras/results_coursera/models/simcse_coursera_hard/sentence-transformers/all-MiniLM-L6-v2,A_semantic_only,171,02b5b4014078,develop organizational goals or objectives,2049,9feb570a1288,2,0.5356448888778687,0.5356448888778687,5.879459381103516,0.0,0.5,0.0,0
/home/jovyan/Joel_Pardo/AI4LABOUR/Mejoras/results_coursera/models/simcse_coursera_hard/sentence-transformers/all-MiniLM-L6-v2,A_semantic_only,171,02b5b4014078,develop organizational goals or objectives,3730,667727a74b62,3,0.5078349113464355,0.5078349113464355,5.57219934463501,0.20000000298023224,0.5,1.0,0
/home/jovyan/Joel_Pardo/AI4LABOUR/Mejoras/results_coursera/models/simcse_coursera_hard/sentence-transformers/all-MiniLM-L6-v2,A_semantic_only,171,02b5b4014078,develop organizational goals or objectives,38,425785ffe51d,4,0.4565064013004303,0.4565064013004303,5.005093574523926,0.0,0.6666666865348816,0.0,0
/home/jovyan/Joel_Pardo/AI4LABOUR/Mejoras/results_coursera/models/simcse_coursera_hard/sentence-transformers/all-MiniLM-L6-v2,A_semantic_only,171,02b5b4014078,develop organizational goals or objectives,4598,e3849dfc2aec,5,0.443122923374176,0.443122923374176,4.8572258949279785,0.1666666716337204,0.6666666865348816,0.6766882538795471,0
/home/jovyan/Joel_Pardo/AI4LABOUR/Mejoras/results_coursera/models/simcse_coursera_hard/sentence-transformers/all-MiniLM-L6-v2,A_semantic_only,171,02b5b4014078,develop organizational goals or objectives,2152,b0b4728d5bc0,6,0.4346398711204529,0.4346398711204529,4.763500213623047,0.1428571492433548,0.8333333134651184,0.5736236572265625,0
/home/jovyan/Joel_Pardo/AI4LABOUR/Mejoras/results_coursera/models/simcse_coursera_hard/sentence-transformers/all-MiniLM-L6-v2,A_semantic_only,171,02b5b4014078,develop organizational goals or objectives,1712,0d23c5fd52ea,7,0.43288975954055786,0.43288975954055786,4.744163990020752,0.10000000149011612,0.5454545617103577,0.29403501749038696,0
/home/jovyan/Joel_Pardo/AI4LABOUR/Mejoras/results_coursera/models/simcse_coursera_hard/sentence-transformers/all-MiniLM-L6-v2,A_semantic_only,171,02b5b4014078,develop organizational goals or objectives,399,63d29bfd492f,8,0.43270182609558105,0.43270182609558105,4.742087364196777,0.1666666716337204,0.6666666865348816,0.6766882538795471,0
/home/jovyan/Joel_Pardo/AI4LABOUR/Mejoras/results_coursera/models/simcse_coursera_hard/sentence-transformers/all-MiniLM-L6-v2,A_semantic_only,171,02b5b4014078,develop organizational goals or objectives,322,e971ba7ddc85,9,0.4297058880329132,0.4297058880329132,4.708986759185791,0.0,0.5,0.0,0
/home/jovyan/Joel_Pardo/AI4LABOUR/Mejoras/results_coursera/models/simcse_coursera_hard/sentence-transformers/all-MiniLM-L6-v2,A_semantic_only,171,02b5b4014078,develop organizational goals or objectives,2417,470181123b08,10,0.4259207248687744,0.4259207248687744,4.667166233062744,0.1428571492433548,0.8333333134651184,0.5930953621864319,0
/home/jovyan/Joel_Pardo/AI4LABOUR/Mejoras/results_coursera/models/simcse_coursera_hard/sentence-transformers/all-MiniLM-L6-v2,A_semantic_only,172,2c5271f1a3e4,analyze data to assess operational or project effectiveness,3743,a1ba967d5168,1,0.5359796285629272,0.5359796285629272,5.381808280944824,0.1428571492433548,0.3333333432674408,0.4796295464038849,0
/home/jovyan/Joel_Pardo/AI4LABOUR/Mejoras/results_coursera/models/simcse_coursera_hard/sentence-transformers/all-MiniLM-L6-v2,A_semantic_only,172,2c5271f1a3e4,analyze data to assess operational or project effectiveness,501,7e5e0cba4215,2,0.5040715932846069,0.5040715932846069,5.057535648345947,0.125,0.5555555820465088,0.3611299991607666,0
/home/jovyan/Joel_Pardo/AI4LABOUR/Mejoras/results_coursera/models/simcse_coursera_hard/sentence-transformers/all-MiniLM-L6-v2,A_semantic_only,172,2c5271f1a3e4,analyze data to assess operational or project effectiveness,1950,26eeaf26a09d,3,0.49897998571395874,0.49897998571395874,5.005791187286377,0.20000000298023224,0.8888888955116272,0.6584069728851318,0
/home/jovyan/Joel_Pardo/AI4LABOUR/Mejoras/results_coursera/models/simcse_coursera_hard/sentence-transformers/all-MiniLM-L6-v2,A_semantic_only,172,2c5271f1a3e4,analyze data to assess operational or project effectiveness,5207,e7b5a7f54463,4,0.4852806329727173,0.4852806329727173,4.866568088531494,0.125,0.5555555820465088,0.5412806868553162,0
/home/jovyan/Joel_Pardo/AI4LABOUR/Mejoras/results_coursera/models/simcse_coursera_hard/sentence-transformers/all-MiniLM-L6-v2,A_semantic_only,172,2c5271f1a3e4,analyze data to assess operational or project effectiveness,1452,41db1b32b4b9,5,0.45749786496162415,0.45749786496162415,4.584218978881836,0.2857142984867096,0.5555555820465088,1.0,0
/home/jovyan/Joel_Pardo/AI4LABOUR/Mejoras/results_coursera/models/simcse_coursera_hard/sentence-transformers/all-MiniLM-L6-v2,A_semantic_only,172,2c5271f1a3e4,analyze data to assess operational or project effectiveness,2300,754666b07e71,6,0.45368027687072754,0.45368027687072754,4.545422077178955,0.0,0.6428571343421936,0.0,0
/home/jovyan/Joel_Pardo/AI4LABOUR/Mejoras/results_coursera/models/simcse_coursera_hard/sentence-transformers/all-MiniLM-L6-v2,A_semantic_only,172,2c5271f1a3e4,analyze data to assess operational or project effectiveness,4134,79c4dd20b5f2,7,0.44614115357398987,0.44614115357398987,4.468803882598877,0.1428571492433548,0.3333333432674408,0.7188941240310669,0
/home/jovyan/Joel_Pardo/AI4LABOUR/Mejoras/results_coursera/models/simcse_coursera_hard/sentence-transformers/all-MiniLM-L6-v2,A_semantic_only,172,2c5271f1a3e4,analyze data to assess operational or project effectiveness,2536,62bb27f24dab,8,0.42555683851242065,0.42555683851242065,4.259610652923584,0.125,0.4444444477558136,0.7289145588874817,0
/home/jovyan/Joel_Pardo/AI4LABOUR/Mejoras/results_coursera/models/simcse_coursera_hard/sentence-transformers/all-MiniLM-L6-v2,A_semantic_only,172,2c5271f1a3e4,analyze data to assess operational or project effectiveness,3250,688e91eeecce,9,0.4171842932701111,0.4171842932701111,4.174522876739502,0.125,0.4444444477558136,0.4120289087295532,0
/home/jovyan/Joel_Pardo/AI4LABOUR/Mejoras/results_coursera/models/simcse_coursera_hard/sentence-transformers/all-MiniLM-L6-v2,A_semantic_only,172,2c5271f1a3e4,analyze data to assess operational or project effectiveness,165,cbfb2fae0fb5,10,0.40794283151626587,0.40794283151626587,4.080604076385498,0.1428571492433548,0.3333333432674408,0.4796295464038849,0
/home/jovyan/Joel_Pardo/AI4LABOUR/Mejoras/results_coursera/models/simcse_coursera_hard/sentence-transformers/all-MiniLM-L6-v2,A_semantic_only,173,49c0d2367c5d,"manage operations, research, or logistics projects",42,02d9739e2d83,1,0.49892014265060425,0.49892014265060425,5.809476375579834,0.1666666716337204,0.4285714328289032,0.8079665303230286,0
/home/jovyan/Joel_Pardo/AI4LABOUR/Mejoras/results_coursera/models/simcse_coursera_hard/sentence-transformers/all-MiniLM-L6-v2,A_semantic_only,173,49c0d2367c5d,"manage operations, research, or logistics projects",333,948d1f30a0fa,2,0.4755799472332001,0.4755799472332001,5.545656204223633,0.0,0.4285714328289032,0.0,0
/home/jovyan/Joel_Pardo/AI4LABOUR/Mejoras/results_coursera/models/simcse_coursera_hard/sentence-transformers/all-MiniLM-L6-v2,A_semantic_only,173,49c0d2367c5d,"manage operations, research, or logistics projects",3417,e3e4522970de,3,0.434082567691803,0.434082567691803,5.076599597930908,0.0,0.5714285969734192,0.0,0
/home/jovyan/Joel_Pardo/AI4LABOUR/Mejoras/results_coursera/models/simcse_coursera_hard/sentence-transformers/all-MiniLM-L6-v2,A_semantic_only,173,49c0d2367c5d,"manage operations, research, or logistics projects",4483,d8ed544e2272,4,0.4335039258003235,0.4335039258003235,5.070058822631836,0.1666666716337204,0.4285714328289032,0.8079665303230286,0
/home/jovyan/Joel_Pardo/AI4LABOUR/Mejoras/results_coursera/models/simcse_coursera_hard/sentence-transformers/all-MiniLM-L6-v2,A_semantic_only,173,49c0d2367c5d,"manage operations, research, or logistics projects",4501,7e31f9e44f69,5,0.43215739727020264,0.43215739727020264,5.05483865737915,0.2222222238779068,0.699999988079071,0.7239060997962952,0
/home/jovyan/Joel_Pardo/AI4LABOUR/Mejoras/results_coursera/models/simcse_coursera_hard/sentence-transformers/all-MiniLM-L6-v2,A_semantic_only,173,49c0d2367c5d,"manage operations, research, or logistics projects",4580,8ff3d17c8e2b,6,0.4119110107421875,0.4119110107421875,4.825988292694092,0.0,0.7142857313156128,0.0,0
/home/jovyan/Joel_Pardo/AI4LABOUR/Mejoras/results_coursera/models/simcse_coursera_hard/sentence-transformers/all-MiniLM-L6-v2,A_semantic_only,173,49c0d2367c5d,"manage operations, research, or logistics projects",425,b06cd44db3d0,7,0.41079452633857727,0.41079452633857727,4.813368797302246,0.0,0.7142857313156128,0.0,0
/home/jovyan/Joel_Pardo/AI4LABOUR/Mejoras/results_coursera/models/simcse_coursera_hard/sentence-transformers/all-MiniLM-L6-v2,A_semantic_only,173,49c0d2367c5d,"manage operations, research, or logistics projects",2097,ab3e5c82d2d5,8,0.3724971413612366,0.3724971413612366,4.3804826736450195,0.0,0.7142857313156128,0.0,0
/home/jovyan/Joel_Pardo/AI4LABOUR/Mejoras/results_coursera/models/simcse_coursera_hard/sentence-transformers/all-MiniLM-L6-v2,A_semantic_only,173,49c0d2367c5d,"manage operations, research, or logistics projects",2535,e97f0c698df9,9,0.37094712257385254,0.37094712257385254,4.362962245941162,0.1428571492433548,0.5714285969734192,0.7682943940162659,0
/home/jovyan/Joel_Pardo/AI4LABOUR/Mejoras/results_coursera/models/simcse_coursera_hard/sentence-transformers/all-MiniLM-L6-v2,A_semantic_only,173,49c0d2367c5d,"manage operations, research, or logistics projects",3636,e9974dc13540,10,0.3629812002182007,0.3629812002182007,4.272921562194824,0.0,0.5714285969734192,0.0,0
/home/jovyan/Joel_Pardo/AI4LABOUR/Mejoras/results_coursera/models/simcse_coursera_hard/sentence-transformers/all-MiniLM-L6-v2,A_semantic_only,174,003763627ff4,evaluate environmental impact of operational or development activities,2999,a4a640d71221,1,0.6346333622932434,0.6346333622932434,7.022976398468018,0.2857142984867096,0.4444444477558136,1.0,0
/home/jovyan/Joel_Pardo/AI4LABOUR/Mejoras/results_coursera/models/simcse_coursera_hard/sentence-transformers/all-MiniLM-L6-v2,A_semantic_only,174,003763627ff4,evaluate environmental impact of operational or development activities,5020,d5543f5402aa,2,0.6078962087631226,0.6078962087631226,6.7264790534973145,0.1428571492433548,0.3333333432674408,0.5700430274009705,0
/home/jovyan/Joel_Pardo/AI4LABOUR/Mejoras/results_coursera/models/simcse_coursera_hard/sentence-transformers/all-MiniLM-L6-v2,A_semantic_only,174,003763627ff4,evaluate environmental impact of operational or development activities,3914,cb7d94ab2c76,3,0.4914545714855194,0.4914545714855194,5.435218334197998,0.1428571492433548,0.3333333432674408,0.5940247178077698,0
/home/jovyan/Joel_Pardo/AI4LABOUR/Mejoras/results_coursera/models/simcse_coursera_hard/sentence-transformers/all-MiniLM-L6-v2,A_semantic_only,174,003763627ff4,evaluate environmental impact of operational or development activities,3250,688e91eeecce,4,0.4652096629142761,0.4652096629142761,5.144179821014404,0.125,0.4444444477558136,0.4896991550922394,0
/home/jovyan/Joel_Pardo/AI4LABOUR/Mejoras/results_coursera/models/simcse_coursera_hard/sentence-transformers/all-MiniLM-L6-v2,A_semantic_only,174,003763627ff4,evaluate environmental impact of operational or development activities,4187,2d883d5e00ea,5,0.4397217035293579,0.4397217035293579,4.86153507232666,0.1428571492433548,0.3333333432674408,0.5700430274009705,0
/home/jovyan/Joel_Pardo/AI4LABOUR/Mejoras/results_coursera/models/simcse_coursera_hard/sentence-transformers/all-MiniLM-L6-v2,A_semantic_only,174,003763627ff4,evaluate environmental impact of operational or development activities,4106,7a6199e2dfd9,6,0.4376314878463745,0.4376314878463745,4.838356018066406,0.0,0.6000000238418579,0.0,0
/home/jovyan/Joel_Pardo/AI4LABOUR/Mejoras/results_coursera/models/simcse_coursera_hard/sentence-transformers/all-MiniLM-L6-v2,A_semantic_only,174,003763627ff4,evaluate environmental impact of operational or development activities,2277,e2ee4e5d252a,7,0.4089055061340332,0.4089055061340332,4.519804000854492,0.1428571492433548,0.3333333432674408,0.5700430274009705,0
/home/jovyan/Joel_Pardo/AI4LABOUR/Mejoras/results_coursera/models/simcse_coursera_hard/sentence-transformers/all-MiniLM-L6-v2,A_semantic_only,174,003763627ff4,evaluate environmental impact of operational or development activities,147,575ea3efc7e8,8,0.3967065215110779,0.3967065215110779,4.384525299072266,0.05263157933950424,0.36000001430511475,0.40088316798210144,0
/home/jovyan/Joel_Pardo/AI4LABOUR/Mejoras/results_coursera/models/simcse_coursera_hard/sentence-transformers/all-MiniLM-L6-v2,A_semantic_only,174,003763627ff4,evaluate environmental impact of operational or development activities,2300,754666b07e71,9,0.3881385326385498,0.3881385326385498,4.289511680603027,0.07692307978868484,0.6428571343421936,0.3609563708305359,0
/home/jovyan/Joel_Pardo/AI4LABOUR/Mejoras/results_coursera/models/simcse_coursera_hard/sentence-transformers/all-MiniLM-L6-v2,A_semantic_only,174,003763627ff4,evaluate environmental impact of operational or development activities,4059,966ff254f415,10,0.3794881999492645,0.3794881999492645,4.193585395812988,0.1111111119389534,0.5555555820465088,0.5261963605880737,0
/home/jovyan/Joel_Pardo/AI4LABOUR/Mejoras/results_coursera/models/simcse_coursera_hard/sentence-transformers/all-MiniLM-L6-v2,A_semantic_only,175,825fff3275ff,develop sustainable organizational policies or practices,129,dcc7f926782e,1,0.4490143060684204,0.4490143060684204,4.692079544067383,0.1666666716337204,0.4285714328289032,0.8636568188667297,0
/home/jovyan/Joel_Pardo/AI4LABOUR/Mejoras/results_coursera/models/simcse_coursera_hard/sentence-transformers/all-MiniLM-L6-v2,A_semantic_only,175,825fff3275ff,develop sustainable organizational policies or practices,4871,1ec141c3fc74,2,0.4303467571735382,0.4303467571735382,4.502588272094727,0.1666666716337204,0.4285714328289032,0.8636568188667297,0
/home/jovyan/Joel_Pardo/AI4LABOUR/Mejoras/results_coursera/models/simcse_coursera_hard/sentence-transformers/all-MiniLM-L6-v2,A_semantic_only,175,825fff3275ff,develop sustainable organizational policies or practices,2297,c42ea18ff73d,3,0.4217168688774109,0.4217168688774109,4.414988040924072,0.0,0.4285714328289032,0.0,0
/home/jovyan/Joel_Pardo/AI4LABOUR/Mejoras/results_coursera/models/simcse_coursera_hard/sentence-transformers/all-MiniLM-L6-v2,A_semantic_only,175,825fff3275ff,develop sustainable organizational policies or practices,4870,e5860847095a,4,0.41026240587234497,0.41026240587234497,4.298715591430664,0.1666666716337204,0.4285714328289032,0.8636568188667297,0
/home/jovyan/Joel_Pardo/AI4LABOUR/Mejoras/results_coursera/models/simcse_coursera_hard/sentence-transformers/all-MiniLM-L6-v2,A_semantic_only,175,825fff3275ff,develop sustainable organizational policies or practices,2364,e7f8b2c6810a,5,0.39602047204971313,0.39602047204971313,4.154148101806641,0.0,0.4285714328289032,0.0,0
/home/jovyan/Joel_Pardo/AI4LABOUR/Mejoras/results_coursera/models/simcse_coursera_hard/sentence-transformers/all-MiniLM-L6-v2,A_semantic_only,175,825fff3275ff,develop sustainable organizational policies or practices,127,975c4e764bff,6,0.39598044753074646,0.39598044753074646,4.153741836547852,0.1666666716337204,0.4285714328289032,0.8636568188667297,0
/home/jovyan/Joel_Pardo/AI4LABOUR/Mejoras/results_coursera/models/simcse_coursera_hard/sentence-transformers/all-MiniLM-L6-v2,A_semantic_only,175,825fff3275ff,develop sustainable organizational policies or practices,2049,9feb570a1288,7,0.3950275778770447,0.3950275778770447,4.144069671630859,0.0,0.4285714328289032,0.0,0
/home/jovyan/Joel_Pardo/AI4LABOUR/Mejoras/results_coursera/models/simcse_coursera_hard/sentence-transformers/all-MiniLM-L6-v2,A_semantic_only,175,825fff3275ff,develop sustainable organizational policies or practices,3294,b5a76b93b6d3,8,0.37885698676109314,0.37885698676109314,3.9799246788024902,0.1666666716337204,0.4285714328289032,0.8636568188667297,0
/home/jovyan/Joel_Pardo/AI4LABOUR/Mejoras/results_coursera/models/simcse_coursera_hard/sentence-transformers/all-MiniLM-L6-v2,A_semantic_only,175,825fff3275ff,develop sustainable organizational policies or practices,3587,f687024e11a9,9,0.3729894757270813,0.3729894757270813,3.9203643798828125,0.0833333358168602,0.5833333134651184,0.3432075083255768,0
/home/jovyan/Joel_Pardo/AI4LABOUR/Mejoras/results_coursera/models/simcse_coursera_hard/sentence-transformers/all-MiniLM-L6-v2,A_semantic_only,175,825fff3275ff,develop sustainable organizational policies or practices,2152,b0b4728d5bc0,10,0.37124159932136536,0.37124159932136536,3.9026219844818115,0.125,0.7142857313156128,0.6399881839752197,0
/home/jovyan/Joel_Pardo/AI4LABOUR/Mejoras/results_coursera/models/simcse_coursera_hard/sentence-transformers/all-MiniLM-L6-v2,A_semantic_only,176,62eda05f366c,identify opportunities for green initiatives,2384,9f0afa80bca1,1,0.48570525646209717,0.48570525646209717,6.1225972175598145,0.125,0.8571428656578064,0.6037659645080566,0
/home/jovyan/Joel_Pardo/AI4LABOUR/Mejoras/results_coursera/models/simcse_coursera_hard/sentence-transformers/all-MiniLM-L6-v2,A_semantic_only,176,62eda05f366c,identify opportunities for green initiatives,3165,0b78f857d28c,2,0.45587509870529175,0.45587509870529175,5.747770309448242,0.20000000298023224,0.5,1.0,0
/home/jovyan/Joel_Pardo/AI4LABOUR/Mejoras/results_coursera/models/simcse_coursera_hard/sentence-transformers/all-MiniLM-L6-v2,A_semantic_only,176,62eda05f366c,identify opportunities for green initiatives,2973,b3e3e74956d8,3,0.4248400330543518,0.4248400330543518,5.357802867889404,0.0,0.6000000238418579,0.0,0
/home/jovyan/Joel_Pardo/AI4LABOUR/Mejoras/results_coursera/models/simcse_coursera_hard/sentence-transformers/all-MiniLM-L6-v2,A_semantic_only,176,62eda05f366c,identify opportunities for green initiatives,3750,4e46877e9689,4,0.4162193536758423,0.4162193536758423,5.249481201171875,0.1428571492433548,1.0,0.6701500415802002,0
/home/jovyan/Joel_Pardo/AI4LABOUR/Mejoras/results_coursera/models/simcse_coursera_hard/sentence-transformers/all-MiniLM-L6-v2,A_semantic_only,176,62eda05f366c,identify opportunities for green initiatives,3749,d53499e514eb,5,0.4157607853412628,0.4157607853412628,5.243719100952148,0.1428571492433548,1.0,0.6701500415802002,0
/home/jovyan/Joel_Pardo/AI4LABOUR/Mejoras/results_coursera/models/simcse_coursera_hard/sentence-transformers/all-MiniLM-L6-v2,A_semantic_only,176,62eda05f366c,identify opportunities for green initiatives,3039,eb682bbd845f,6,0.4100196957588196,0.4100196957588196,5.171579837799072,0.03846153989434242,0.19354838132858276,0.22498102486133575,0
/home/jovyan/Joel_Pardo/AI4LABOUR/Mejoras/results_coursera/models/simcse_coursera_hard/sentence-transformers/all-MiniLM-L6-v2,A_semantic_only,176,62eda05f366c,identify opportunities for green initiatives,2408,1ff03df31f34,7,0.3696522116661072,0.3696522116661072,4.6643476486206055,0.1666666716337204,0.6666666865348816,0.7549766898155212,0
/home/jovyan/Joel_Pardo/AI4LABOUR/Mejoras/results_coursera/models/simcse_coursera_hard/sentence-transformers/all-MiniLM-L6-v2,A_semantic_only,176,62eda05f366c,identify opportunities for green initiatives,2409,e51f982823a7,8,0.3399648070335388,0.3399648070335388,4.291314125061035,0.20000000298023224,0.5,0.8788440227508545,0
/home/jovyan/Joel_Pardo/AI4LABOUR/Mejoras/results_coursera/models/simcse_coursera_hard/sentence-transformers/all-MiniLM-L6-v2,A_semantic_only,176,62eda05f366c,identify opportunities for green initiatives,4989,f216a9fa6c2b,9,0.3340725898742676,0.3340725898742676,4.217276096343994,0.1111111119389534,0.6000000238418579,0.4654465913772583,0
/home/jovyan/Joel_Pardo/AI4LABOUR/Mejoras/results_coursera/models/simcse_coursera_hard/sentence-transformers/all-MiniLM-L6-v2,A_semantic_only,176,62eda05f366c,identify opportunities for green initiatives,12,02583fb07c75,10,0.3324488401412964,0.3324488401412964,4.196873188018799,0.0,0.5,0.0,0
/home/jovyan/Joel_Pardo/AI4LABOUR/Mejoras/results_coursera/models/simcse_coursera_hard/sentence-transformers/all-MiniLM-L6-v2,A_semantic_only,177,ff18586218d4,estimate cost or material requirements,4291,96c1ae3158a7,1,0.5569275617599487,0.5569275617599487,7.210417747497559,0.1666666716337204,0.6666666865348816,0.3611430823802948,0
/home/jovyan/Joel_Pardo/AI4LABOUR/Mejoras/results_coursera/models/simcse_coursera_hard/sentence-transformers/all-MiniLM-L6-v2,A_semantic_only,177,ff18586218d4,estimate cost or material requirements,1649,bd1d85f33bd2,2,0.541932225227356,0.541932225227356,7.021487236022949,0.5,0.5,1.0,0
/home/jovyan/Joel_Pardo/AI4LABOUR/Mejoras/results_coursera/models/simcse_coursera_hard/sentence-transformers/all-MiniLM-L6-v2,A_semantic_only,177,ff18586218d4,estimate cost or material requirements,4864,b4b65dd80416,3,0.4163702130317688,0.4163702130317688,5.43949556350708,0.0,0.5,0.0,0
/home/jovyan/Joel_Pardo/AI4LABOUR/Mejoras/results_coursera/models/simcse_coursera_hard/sentence-transformers/all-MiniLM-L6-v2,A_semantic_only,177,ff18586218d4,estimate cost or material requirements,4260,f66d5097d73f,4,0.41519895195961,0.41519895195961,5.42473840713501,0.0,0.5,0.0,0
/home/jovyan/Joel_Pardo/AI4LABOUR/Mejoras/results_coursera/models/simcse_coursera_hard/sentence-transformers/all-MiniLM-L6-v2,A_semantic_only,177,ff18586218d4,estimate cost or material requirements,46,a3db224ea72e,5,0.3915732502937317,0.3915732502937317,5.127071380615234,0.0,0.6666666865348816,0.0,0
/home/jovyan/Joel_Pardo/AI4LABOUR/Mejoras/results_coursera/models/simcse_coursera_hard/sentence-transformers/all-MiniLM-L6-v2,A_semantic_only,177,ff18586218d4,estimate cost or material requirements,4292,ff6daf55d1d8,6,0.39013373851776123,0.39013373851776123,5.10893440246582,0.1666666716337204,0.6666666865348816,0.3611430823802948,0
/home/jovyan/Joel_Pardo/AI4LABOUR/Mejoras/results_coursera/models/simcse_coursera_hard/sentence-transformers/all-MiniLM-L6-v2,A_semantic_only,177,ff18586218d4,estimate cost or material requirements,1397,674593793bab,7,0.3881436586380005,0.3881436586380005,5.083860874176025,0.20000000298023224,0.5,0.48700761795043945,0
/home/jovyan/Joel_Pardo/AI4LABOUR/Mejoras/results_coursera/models/simcse_coursera_hard/sentence-transformers/all-MiniLM-L6-v2,A_semantic_only,177,ff18586218d4,estimate cost or material requirements,188,830f076691ad,8,0.3786960244178772,0.3786960244178772,4.964827537536621,0.0,0.5,0.0,0
/home/jovyan/Joel_Pardo/AI4LABOUR/Mejoras/results_coursera/models/simcse_coursera_hard/sentence-transformers/all-MiniLM-L6-v2,A_semantic_only,177,ff18586218d4,estimate cost or material requirements,2098,fdf6f5dbede6,9,0.37601110339164734,0.37601110339164734,4.930999279022217,0.20000000298023224,0.5,0.48700761795043945,0
/home/jovyan/Joel_Pardo/AI4LABOUR/Mejoras/results_coursera/models/simcse_coursera_hard/sentence-transformers/all-MiniLM-L6-v2,A_semantic_only,177,ff18586218d4,estimate cost or material requirements,617,3893cbb4049e,10,0.3742176294326782,0.3742176294326782,4.908402919769287,0.20000000298023224,0.5,0.48700761795043945,0
/home/jovyan/Joel_Pardo/AI4LABOUR/Mejoras/results_coursera/models/simcse_coursera_hard/sentence-transformers/all-MiniLM-L6-v2,A_semantic_only,178,78b65ab85b19,manage inventories of products or organizational resources,1783,53b9f9a2494f,1,0.4867224097251892,0.4867224097251892,5.694209575653076,0.0,0.375,0.0,0
/home/jovyan/Joel_Pardo/AI4LABOUR/Mejoras/results_coursera/models/simcse_coursera_hard/sentence-transformers/all-MiniLM-L6-v2,A_semantic_only,178,78b65ab85b19,manage inventories of products or organizational resources,3416,d1ae63723e80,2,0.4690731465816498,0.4690731465816498,5.489928722381592,0.0,0.5,0.0,0
/home/jovyan/Joel_Pardo/AI4LABOUR/Mejoras/results_coursera/models/simcse_coursera_hard/sentence-transformers/all-MiniLM-L6-v2,A_semantic_only,178,78b65ab85b19,manage inventories of products or organizational resources,5163,6b5792d75545,3,0.4374372661113739,0.4374372661113739,5.123759746551514,0.0,0.5,0.0,0
/home/jovyan/Joel_Pardo/AI4LABOUR/Mejoras/results_coursera/models/simcse_coursera_hard/sentence-transformers/all-MiniLM-L6-v2,A_semantic_only,178,78b65ab85b19,manage inventories of products or organizational resources,1101,323d86c15597,4,0.42909079790115356,0.42909079790115356,5.027153491973877,0.0,0.625,0.0,0
/home/jovyan/Joel_Pardo/AI4LABOUR/Mejoras/results_coursera/models/simcse_coursera_hard/sentence-transformers/all-MiniLM-L6-v2,A_semantic_only,178,78b65ab85b19,manage inventories of products or organizational resources,3424,1638c7b92daa,5,0.37347087264060974,0.37347087264060974,4.3833818435668945,0.0,0.375,0.0,0
/home/jovyan/Joel_Pardo/AI4LABOUR/Mejoras/results_coursera/models/simcse_coursera_hard/sentence-transformers/all-MiniLM-L6-v2,A_semantic_only,178,78b65ab85b19,manage inventories of products or organizational resources,2535,e97f0c698df9,6,0.37236863374710083,0.37236863374710083,4.37062406539917,0.1428571492433548,0.5,0.8104327917098999,0
/home/jovyan/Joel_Pardo/AI4LABOUR/Mejoras/results_coursera/models/simcse_coursera_hard/sentence-transformers/all-MiniLM-L6-v2,A_semantic_only,178,78b65ab85b19,manage inventories of products or organizational resources,4346,dc00b108ce90,7,0.3336760401725769,0.3336760401725769,3.9227771759033203,0.1111111119389534,0.875,0.6368804574012756,0
/home/jovyan/Joel_Pardo/AI4LABOUR/Mejoras/results_coursera/models/simcse_coursera_hard/sentence-transformers/all-MiniLM-L6-v2,A_semantic_only,178,78b65ab85b19,manage inventories of products or organizational resources,60,32756aab54ad,8,0.33073753118515015,0.33073753118515015,3.888765573501587,0.0,0.5,0.0,0
/home/jovyan/Joel_Pardo/AI4LABOUR/Mejoras/results_coursera/models/simcse_coursera_hard/sentence-transformers/all-MiniLM-L6-v2,A_semantic_only,178,78b65ab85b19,manage inventories of products or organizational resources,425,b06cd44db3d0,9,0.3217655122280121,0.3217655122280121,3.784919023513794,0.0,0.625,0.0,0
/home/jovyan/Joel_Pardo/AI4LABOUR/Mejoras/results_coursera/models/simcse_coursera_hard/sentence-transformers/all-MiniLM-L6-v2,A_semantic_only,178,78b65ab85b19,manage inventories of products or organizational resources,4100,9acc1e5cd5a6,10,0.31837376952171326,0.31837376952171326,3.7456612586975098,0.1666666716337204,0.375,0.828681468963623,0
/home/jovyan/Joel_Pardo/AI4LABOUR/Mejoras/results_coursera/models/simcse_coursera_hard/sentence-transformers/all-MiniLM-L6-v2,A_semantic_only,179,6a5f3442d709,monitor performance of organizational members or partners,4133,9bd3bb772dfb,1,0.4825078845024109,0.4825078845024109,5.677773952484131,0.1666666716337204,0.375,0.6507632732391357,0
/home/jovyan/Joel_Pardo/AI4LABOUR/Mejoras/results_coursera/models/simcse_coursera_hard/sentence-transformers/all-MiniLM-L6-v2,A_semantic_only,179,6a5f3442d709,monitor performance of organizational members or partners,1528,b5a989054bb6,2,0.46944791078567505,0.46944791078567505,5.520992279052734,0.0,0.375,0.0,0
/home/jovyan/Joel_Pardo/AI4LABOUR/Mejoras/results_coursera/models/simcse_coursera_hard/sentence-transformers/all-MiniLM-L6-v2,A_semantic_only,179,6a5f3442d709,monitor performance of organizational members or partners,2216,7f54b0ad802f,3,0.4658550024032593,0.4658550024032593,5.477860450744629,0.1666666716337204,0.375,0.6507632732391357,0
/home/jovyan/Joel_Pardo/AI4LABOUR/Mejoras/results_coursera/models/simcse_coursera_hard/sentence-transformers/all-MiniLM-L6-v2,A_semantic_only,179,6a5f3442d709,monitor performance of organizational members or partners,2908,5ebafb320c0f,4,0.4633983373641968,0.4633983373641968,5.448369026184082,0.1428571492433548,0.5,0.5590424537658691,0
/home/jovyan/Joel_Pardo/AI4LABOUR/Mejoras/results_coursera/models/simcse_coursera_hard/sentence-transformers/all-MiniLM-L6-v2,A_semantic_only,179,6a5f3442d709,monitor performance of organizational members or partners,594,89948c7f4890,5,0.4562893807888031,0.4562893807888031,5.363027572631836,0.0,0.25,0.0,0
/home/jovyan/Joel_Pardo/AI4LABOUR/Mejoras/results_coursera/models/simcse_coursera_hard/sentence-transformers/all-MiniLM-L6-v2,A_semantic_only,179,6a5f3442d709,monitor performance of organizational members or partners,1437,5a582c2852f5,6,0.45085909962654114,0.45085909962654114,5.2978386878967285,0.0,0.375,0.0,0
/home/jovyan/Joel_Pardo/AI4LABOUR/Mejoras/results_coursera/models/simcse_coursera_hard/sentence-transformers/all-MiniLM-L6-v2,A_semantic_only,179,6a5f3442d709,monitor performance of organizational members or partners,3567,b9a61efec89c,7,0.4079662561416626,0.4079662561416626,4.782921314239502,0.10000000149011612,0.8888888955116272,0.3279384970664978,0
/home/jovyan/Joel_Pardo/AI4LABOUR/Mejoras/results_coursera/models/simcse_coursera_hard/sentence-transformers/all-MiniLM-L6-v2,A_semantic_only,179,6a5f3442d709,monitor performance of organizational members or partners,3516,afe8a26918ff,8,0.3866811990737915,0.3866811990737915,4.527400016784668,0.0,0.625,0.0,0
/home/jovyan/Joel_Pardo/AI4LABOUR/Mejoras/results_coursera/models/simcse_coursera_hard/sentence-transformers/all-MiniLM-L6-v2,A_semantic_only,179,6a5f3442d709,monitor performance of organizational members or partners,2069,5ed02ea64c68,9,0.38303011655807495,0.38303011655807495,4.483569622039795,0.0,0.375,0.0,0
/home/jovyan/Joel_Pardo/AI4LABOUR/Mejoras/results_coursera/models/simcse_coursera_hard/sentence-transformers/all-MiniLM-L6-v2,A_semantic_only,179,6a5f3442d709,monitor performance of organizational members or partners,3691,683be8b6f028,10,0.35656777024269104,0.35656777024269104,4.165895938873291,0.1428571492433548,0.5,0.5590424537658691,0
/home/jovyan/Joel_Pardo/AI4LABOUR/Mejoras/results_coursera/models/simcse_coursera_hard/sentence-transformers/all-MiniLM-L6-v2,A_semantic_only,180,893bb3cbc01a,"evaluate potential of products, technologies, or resources",2300,754666b07e71,1,0.4487685561180115,0.4487685561180115,5.226230621337891,0.0833333358168602,0.5714285969734192,0.5641811490058899,0
/home/jovyan/Joel_Pardo/AI4LABOUR/Mejoras/results_coursera/models/simcse_coursera_hard/sentence-transformers/all-MiniLM-L6-v2,A_semantic_only,180,893bb3cbc01a,"evaluate potential of products, technologies, or resources",2301,6d7d5c1c49a4,2,0.40768373012542725,0.40768373012542725,4.739612102508545,0.07692307978868484,0.6666666865348816,0.5930325388908386,0
/home/jovyan/Joel_Pardo/AI4LABOUR/Mejoras/results_coursera/models/simcse_coursera_hard/sentence-transformers/all-MiniLM-L6-v2,A_semantic_only,180,893bb3cbc01a,"evaluate potential of products, technologies, or resources",4307,b8e65bafd54b,3,0.3867015242576599,0.3867015242576599,4.49109411239624,0.0,0.5,0.15642274916172028,0
/home/jovyan/Joel_Pardo/AI4LABOUR/Mejoras/results_coursera/models/simcse_coursera_hard/sentence-transformers/all-MiniLM-L6-v2,A_semantic_only,180,893bb3cbc01a,"evaluate potential of products, technologies, or resources",4575,22371842c319,4,0.3852243721485138,0.3852243721485138,4.473598480224609,0.0,0.5,0.0,0
/home/jovyan/Joel_Pardo/AI4LABOUR/Mejoras/results_coursera/models/simcse_coursera_hard/sentence-transformers/all-MiniLM-L6-v2,A_semantic_only,180,893bb3cbc01a,"evaluate potential of products, technologies, or resources",2538,2e87930e5533,5,0.3796241879463196,0.3796241879463196,4.407268524169922,0.1428571492433548,0.5,0.7859529852867126,0
/home/jovyan/Joel_Pardo/AI4LABOUR/Mejoras/results_coursera/models/simcse_coursera_hard/sentence-transformers/all-MiniLM-L6-v2,A_semantic_only,180,893bb3cbc01a,"evaluate potential of products, technologies, or resources",5134,29c1e14899e6,6,0.3719252645969391,0.3719252645969391,4.316080570220947,0.0,0.5,0.0,0
/home/jovyan/Joel_Pardo/AI4LABOUR/Mejoras/results_coursera/models/simcse_coursera_hard/sentence-transformers/all-MiniLM-L6-v2,A_semantic_only,180,893bb3cbc01a,"evaluate potential of products, technologies, or resources",4134,79c4dd20b5f2,7,0.3662697672843933,0.3662697672843933,4.249095439910889,0.0,0.375,0.0,0
/home/jovyan/Joel_Pardo/AI4LABOUR/Mejoras/results_coursera/models/simcse_coursera_hard/sentence-transformers/all-MiniLM-L6-v2,A_semantic_only,180,893bb3cbc01a,"evaluate potential of products, technologies, or resources",3617,a44d6e774909,8,0.3623696565628052,0.3623696565628052,4.202901840209961,0.0,0.375,0.0,0
/home/jovyan/Joel_Pardo/AI4LABOUR/Mejoras/results_coursera/models/simcse_coursera_hard/sentence-transformers/all-MiniLM-L6-v2,A_semantic_only,180,893bb3cbc01a,"evaluate potential of products, technologies, or resources",4561,7dbb7909a0ac,9,0.3601795434951782,0.3601795434951782,4.176961421966553,0.0,0.75,0.0,0
/home/jovyan/Joel_Pardo/AI4LABOUR/Mejoras/results_coursera/models/simcse_coursera_hard/sentence-transformers/all-MiniLM-L6-v2,A_semantic_only,180,893bb3cbc01a,"evaluate potential of products, technologies, or resources",4292,ff6daf55d1d8,10,0.35917115211486816,0.35917115211486816,4.165018081665039,0.0,0.5,0.0,0
/home/jovyan/Joel_Pardo/AI4LABOUR/Mejoras/results_coursera/models/simcse_coursera_hard/sentence-transformers/all-MiniLM-L6-v2,A_semantic_only,181,49ccfbfcfc0a,analyze chemical compounds or substances,3804,f02b8c39d3be,1,0.44514524936676025,0.44514524936676025,5.088672161102295,0.20000000298023224,0.5,1.0,0
/home/jovyan/Joel_Pardo/AI4LABOUR/Mejoras/results_coursera/models/simcse_coursera_hard/sentence-transformers/all-MiniLM-L6-v2,A_semantic_only,181,49ccfbfcfc0a,analyze chemical compounds or substances,2608,453861ee40ba,2,0.4433029294013977,0.4433029294013977,5.0669264793396,0.0,0.5,0.0,0
/home/jovyan/Joel_Pardo/AI4LABOUR/Mejoras/results_coursera/models/simcse_coursera_hard/sentence-transformers/all-MiniLM-L6-v2,A_semantic_only,181,49ccfbfcfc0a,analyze chemical compounds or substances,3407,2ad419560ca0,3,0.44072577357292175,0.44072577357292175,5.0365071296691895,0.0,1.0,0.0,0
/home/jovyan/Joel_Pardo/AI4LABOUR/Mejoras/results_coursera/models/simcse_coursera_hard/sentence-transformers/all-MiniLM-L6-v2,A_semantic_only,181,49ccfbfcfc0a,analyze chemical compounds or substances,3389,8b5982aeea2d,4,0.4332955479621887,0.4332955479621887,4.948805332183838,0.0,0.5,0.0,0
/home/jovyan/Joel_Pardo/AI4LABOUR/Mejoras/results_coursera/models/simcse_coursera_hard/sentence-transformers/all-MiniLM-L6-v2,A_semantic_only,181,49ccfbfcfc0a,analyze chemical compounds or substances,2536,62bb27f24dab,5,0.43206024169921875,0.43206024169921875,4.934224605560303,0.1666666716337204,0.6666666865348816,0.6785634160041809,0
/home/jovyan/Joel_Pardo/AI4LABOUR/Mejoras/results_coursera/models/simcse_coursera_hard/sentence-transformers/all-MiniLM-L6-v2,A_semantic_only,181,49ccfbfcfc0a,analyze chemical compounds or substances,701,dce09f281c35,6,0.3988170623779297,0.3988170623779297,4.541841506958008,0.0,0.3333333432674408,0.0,0
/home/jovyan/Joel_Pardo/AI4LABOUR/Mejoras/results_coursera/models/simcse_coursera_hard/sentence-transformers/all-MiniLM-L6-v2,A_semantic_only,181,49ccfbfcfc0a,analyze chemical compounds or substances,179,490e0bd0d96e,7,0.3723258376121521,0.3723258376121521,4.22915506362915,0.1111111119389534,0.6666666865348816,0.3980503976345062,0
/home/jovyan/Joel_Pardo/AI4LABOUR/Mejoras/results_coursera/models/simcse_coursera_hard/sentence-transformers/all-MiniLM-L6-v2,A_semantic_only,181,49ccfbfcfc0a,analyze chemical compounds or substances,3743,a1ba967d5168,8,0.3597874641418457,0.3597874641418457,4.081159591674805,0.0,0.5,0.0,0
/home/jovyan/Joel_Pardo/AI4LABOUR/Mejoras/results_coursera/models/simcse_coursera_hard/sentence-transformers/all-MiniLM-L6-v2,A_semantic_only,181,49ccfbfcfc0a,analyze chemical compounds or substances,3669,60fba1f209ae,9,0.35835960507392883,0.35835960507392883,4.064305782318115,0.0,0.5,0.0,0
/home/jovyan/Joel_Pardo/AI4LABOUR/Mejoras/results_coursera/models/simcse_coursera_hard/sentence-transformers/all-MiniLM-L6-v2,A_semantic_only,181,49ccfbfcfc0a,analyze chemical compounds or substances,1759,e60a652c0c30,10,0.3581584393978119,0.3581584393978119,4.061931610107422,0.0,0.5,0.0,0
/home/jovyan/Joel_Pardo/AI4LABOUR/Mejoras/results_coursera/models/simcse_coursera_hard/sentence-transformers/all-MiniLM-L6-v2,A_semantic_only,182,8729852fc4b8,develop new or advanced products or production methods,75,eccdaab2ae71,1,0.6414858102798462,0.6414858102798462,7.325794696807861,0.125,0.4444444477558136,0.5837141871452332,0
/home/jovyan/Joel_Pardo/AI4LABOUR/Mejoras/results_coursera/models/simcse_coursera_hard/sentence-transformers/all-MiniLM-L6-v2,A_semantic_only,182,8729852fc4b8,develop new or advanced products or production methods,53,ef889e43eeed,2,0.5382204055786133,0.5382204055786133,6.178012847900391,0.0,0.3333333432674408,0.0,0
/home/jovyan/Joel_Pardo/AI4LABOUR/Mejoras/results_coursera/models/simcse_coursera_hard/sentence-transformers/all-MiniLM-L6-v2,A_semantic_only,182,8729852fc4b8,develop new or advanced products or production methods,80,5402ba93471c,3,0.4990331828594208,0.4990331828594208,5.742451190948486,0.0,0.4444444477558136,0.0,0
/home/jovyan/Joel_Pardo/AI4LABOUR/Mejoras/results_coursera/models/simcse_coursera_hard/sentence-transformers/all-MiniLM-L6-v2,A_semantic_only,182,8729852fc4b8,develop new or advanced products or production methods,4361,b0b886822421,4,0.42752450704574585,0.42752450704574585,4.947641372680664,0.125,0.4444444477558136,0.5837141871452332,0
/home/jovyan/Joel_Pardo/AI4LABOUR/Mejoras/results_coursera/models/simcse_coursera_hard/sentence-transformers/all-MiniLM-L6-v2,A_semantic_only,182,8729852fc4b8,develop new or advanced products or production methods,3303,8dee13915ca0,5,0.4151317775249481,0.4151317775249481,4.8098978996276855,0.10000000149011612,0.8888888955116272,0.33394089341163635,0
/home/jovyan/Joel_Pardo/AI4LABOUR/Mejoras/results_coursera/models/simcse_coursera_hard/sentence-transformers/all-MiniLM-L6-v2,A_semantic_only,182,8729852fc4b8,develop new or advanced products or production methods,2382,2c9191489a0d,6,0.37121742963790894,0.37121742963790894,4.321795463562012,0.06666667014360428,0.6000000238418579,0.22525207698345184,0
/home/jovyan/Joel_Pardo/AI4LABOUR/Mejoras/results_coursera/models/simcse_coursera_hard/sentence-transformers/all-MiniLM-L6-v2,A_semantic_only,182,8729852fc4b8,develop new or advanced products or production methods,4346,dc00b108ce90,7,0.37033626437187195,0.37033626437187195,4.3120012283325195,0.10000000149011612,0.7777777910232544,0.4587131142616272,0
/home/jovyan/Joel_Pardo/AI4LABOUR/Mejoras/results_coursera/models/simcse_coursera_hard/sentence-transformers/all-MiniLM-L6-v2,A_semantic_only,182,8729852fc4b8,develop new or advanced products or production methods,2090,50716537594e,8,0.3614044785499573,0.3614044785499573,4.212725639343262,0.0,0.3333333432674408,0.0,0
/home/jovyan/Joel_Pardo/AI4LABOUR/Mejoras/results_coursera/models/simcse_coursera_hard/sentence-transformers/all-MiniLM-L6-v2,A_semantic_only,182,8729852fc4b8,develop new or advanced products or production methods,1680,4aecd44c5ef4,9,0.3505828380584717,0.3505828380584717,4.09244441986084,0.0,0.3333333432674408,0.0,0
/home/jovyan/Joel_Pardo/AI4LABOUR/Mejoras/results_coursera/models/simcse_coursera_hard/sentence-transformers/all-MiniLM-L6-v2,A_semantic_only,182,8729852fc4b8,develop new or advanced products or production methods,2364,e7f8b2c6810a,10,0.34165647625923157,0.34165647625923157,3.9932289123535156,0.0,0.3333333432674408,0.0,0
/home/jovyan/Joel_Pardo/AI4LABOUR/Mejoras/results_coursera/models/simcse_coursera_hard/sentence-transformers/all-MiniLM-L6-v2,A_semantic_only,183,ff9c96c6d776,collaborate on research activities with scientists or technical specialists,119,11a7a5d55a91,1,0.4781789183616638,0.4781789183616638,5.948506832122803,0.0,0.20000000298023224,0.0,0
/home/jovyan/Joel_Pardo/AI4LABOUR/Mejoras/results_coursera/models/simcse_coursera_hard/sentence-transformers/all-MiniLM-L6-v2,A_semantic_only,183,ff9c96c6d776,collaborate on research activities with scientists or technical specialists,3146,b6cd21af4bbc,2,0.4159618616104126,0.4159618616104126,5.182863712310791,0.0,0.30000001192092896,0.0,0
/home/jovyan/Joel_Pardo/AI4LABOUR/Mejoras/results_coursera/models/simcse_coursera_hard/sentence-transformers/all-MiniLM-L6-v2,A_semantic_only,183,ff9c96c6d776,collaborate on research activities with scientists or technical specialists,5066,4367dd59ef14,3,0.4027579426765442,0.4027579426765442,5.020376682281494,0.0,0.30000001192092896,0.0,0
/home/jovyan/Joel_Pardo/AI4LABOUR/Mejoras/results_coursera/models/simcse_coursera_hard/sentence-transformers/all-MiniLM-L6-v2,A_semantic_only,183,ff9c96c6d776,collaborate on research activities with scientists or technical specialists,1809,f6dad3fb1a3e,4,0.39814549684524536,0.39814549684524536,4.963615894317627,0.0,0.5,0.0,0
/home/jovyan/Joel_Pardo/AI4LABOUR/Mejoras/results_coursera/models/simcse_coursera_hard/sentence-transformers/all-MiniLM-L6-v2,A_semantic_only,183,ff9c96c6d776,collaborate on research activities with scientists or technical specialists,2196,21fdcf45e55f,5,0.37757372856140137,0.37757372856140137,4.7104597091674805,0.0,0.30000001192092896,0.0,0
/home/jovyan/Joel_Pardo/AI4LABOUR/Mejoras/results_coursera/models/simcse_coursera_hard/sentence-transformers/all-MiniLM-L6-v2,A_semantic_only,183,ff9c96c6d776,collaborate on research activities with scientists or technical specialists,3256,57c5d1a5be58,6,0.3694319725036621,0.3694319725036621,4.610267162322998,0.0,0.30000001192092896,0.0,0
/home/jovyan/Joel_Pardo/AI4LABOUR/Mejoras/results_coursera/models/simcse_coursera_hard/sentence-transformers/all-MiniLM-L6-v2,A_semantic_only,183,ff9c96c6d776,collaborate on research activities with scientists or technical specialists,1190,10a3e0750f3c,7,0.3681413233280182,0.3681413233280182,4.594384670257568,0.0,0.5,0.0,0
/home/jovyan/Joel_Pardo/AI4LABOUR/Mejoras/results_coursera/models/simcse_coursera_hard/sentence-transformers/all-MiniLM-L6-v2,A_semantic_only,183,ff9c96c6d776,collaborate on research activities with scientists or technical specialists,2806,6c6d53976837,8,0.3594166040420532,0.3594166040420532,4.48701810836792,0.0,0.30000001192092896,0.0,0
/home/jovyan/Joel_Pardo/AI4LABOUR/Mejoras/results_coursera/models/simcse_coursera_hard/sentence-transformers/all-MiniLM-L6-v2,A_semantic_only,183,ff9c96c6d776,collaborate on research activities with scientists or technical specialists,1559,05649ee43189,9,0.3593985140323639,0.3593985140323639,4.486795902252197,0.0,0.30000001192092896,0.0,0
/home/jovyan/Joel_Pardo/AI4LABOUR/Mejoras/results_coursera/models/simcse_coursera_hard/sentence-transformers/all-MiniLM-L6-v2,A_semantic_only,183,ff9c96c6d776,collaborate on research activities with scientists or technical specialists,4044,32a696162ad2,10,0.3572292923927307,0.3572292923927307,4.460101127624512,0.0,0.6000000238418579,0.0,0
/home/jovyan/Joel_Pardo/AI4LABOUR/Mejoras/results_coursera/models/simcse_coursera_hard/sentence-transformers/all-MiniLM-L6-v2,A_semantic_only,184,389dd43f303d,supervise scientific or technical personnel,1558,13b789b8dcd6,1,0.4448079466819763,0.4448079466819763,5.868216514587402,0.0,0.3333333432674408,0.0,0
/home/jovyan/Joel_Pardo/AI4LABOUR/Mejoras/results_coursera/models/simcse_coursera_hard/sentence-transformers/all-MiniLM-L6-v2,A_semantic_only,184,389dd43f303d,supervise scientific or technical personnel,4319,3f76e8c7700b,2,0.4330706298351288,0.4330706298351288,5.715641975402832,0.0,0.5,0.0,0
/home/jovyan/Joel_Pardo/AI4LABOUR/Mejoras/results_coursera/models/simcse_coursera_hard/sentence-transformers/all-MiniLM-L6-v2,A_semantic_only,184,389dd43f303d,supervise scientific or technical personnel,3978,6918d9132472,3,0.35662269592285156,0.35662269592285156,4.721886157989502,0.20000000298023224,0.5,1.0,0
/home/jovyan/Joel_Pardo/AI4LABOUR/Mejoras/results_coursera/models/simcse_coursera_hard/sentence-transformers/all-MiniLM-L6-v2,A_semantic_only,184,389dd43f303d,supervise scientific or technical personnel,4533,2d94bc228c64,4,0.33769840002059937,0.33769840002059937,4.475886821746826,0.0,0.5,0.0,0
/home/jovyan/Joel_Pardo/AI4LABOUR/Mejoras/results_coursera/models/simcse_coursera_hard/sentence-transformers/all-MiniLM-L6-v2,A_semantic_only,184,389dd43f303d,supervise scientific or technical personnel,4971,4b6a1e955f11,5,0.336706280708313,0.336706280708313,4.4629902839660645,0.0,0.5,0.0,0
/home/jovyan/Joel_Pardo/AI4LABOUR/Mejoras/results_coursera/models/simcse_coursera_hard/sentence-transformers/all-MiniLM-L6-v2,A_semantic_only,184,389dd43f303d,supervise scientific or technical personnel,5214,4d29d09f4c1d,6,0.31164610385894775,0.31164610385894775,4.137229919433594,0.1111111119389534,0.6000000238418579,0.3362140953540802,0
/home/jovyan/Joel_Pardo/AI4LABOUR/Mejoras/results_coursera/models/simcse_coursera_hard/sentence-transformers/all-MiniLM-L6-v2,A_semantic_only,184,389dd43f303d,supervise scientific or technical personnel,4501,7e31f9e44f69,7,0.2931774854660034,0.2931774854660034,3.8971543312072754,0.0,0.6000000238418579,0.0,0
/home/jovyan/Joel_Pardo/AI4LABOUR/Mejoras/results_coursera/models/simcse_coursera_hard/sentence-transformers/all-MiniLM-L6-v2,A_semantic_only,184,389dd43f303d,supervise scientific or technical personnel,425,b06cd44db3d0,8,0.2885643243789673,0.2885643243789673,3.8371872901916504,0.0,0.8333333134651184,0.0,0
/home/jovyan/Joel_Pardo/AI4LABOUR/Mejoras/results_coursera/models/simcse_coursera_hard/sentence-transformers/all-MiniLM-L6-v2,A_semantic_only,184,389dd43f303d,supervise scientific or technical personnel,809,48733dfd0e31,9,0.2789957523345947,0.2789957523345947,3.7128043174743652,0.0,0.6666666865348816,0.0,0
/home/jovyan/Joel_Pardo/AI4LABOUR/Mejoras/results_coursera/models/simcse_coursera_hard/sentence-transformers/all-MiniLM-L6-v2,A_semantic_only,184,389dd43f303d,supervise scientific or technical personnel,3354,76fd13c1a72a,10,0.2781636416912079,0.2781636416912079,3.7019875049591064,0.0,0.5,0.0,0
/home/jovyan/Joel_Pardo/AI4LABOUR/Mejoras/results_coursera/models/simcse_coursera_hard/sentence-transformers/all-MiniLM-L6-v2,A_semantic_only,185,7b03e0901b8c,"establish standards for products, processes, or procedures",78,cefdec315735,1,0.4312126040458679,0.4312126040458679,4.939905643463135,0.1428571492433548,0.5,0.7349593043327332,0
/home/jovyan/Joel_Pardo/AI4LABOUR/Mejoras/results_coursera/models/simcse_coursera_hard/sentence-transformers/all-MiniLM-L6-v2,A_semantic_only,185,7b03e0901b8c,"establish standards for products, processes, or procedures",2661,a40ee5969123,2,0.4223627746105194,0.4223627746105194,4.84212064743042,0.1428571492433548,0.625,0.6441680192947388,0
/home/jovyan/Joel_Pardo/AI4LABOUR/Mejoras/results_coursera/models/simcse_coursera_hard/sentence-transformers/all-MiniLM-L6-v2,A_semantic_only,185,7b03e0901b8c,"establish standards for products, processes, or procedures",80,5402ba93471c,3,0.41488271951675415,0.41488271951675415,4.759470462799072,0.1428571492433548,0.5,0.7349593043327332,0
/home/jovyan/Joel_Pardo/AI4LABOUR/Mejoras/results_coursera/models/simcse_coursera_hard/sentence-transformers/all-MiniLM-L6-v2,A_semantic_only,185,7b03e0901b8c,"establish standards for products, processes, or procedures",758,077b37efd178,4,0.40357542037963867,0.40357542037963867,4.634531497955322,0.0,0.5,0.0,0
/home/jovyan/Joel_Pardo/AI4LABOUR/Mejoras/results_coursera/models/simcse_coursera_hard/sentence-transformers/all-MiniLM-L6-v2,A_semantic_only,185,7b03e0901b8c,"establish standards for products, processes, or procedures",2795,0270e82e5a44,5,0.3855753242969513,0.3855753242969513,4.435641288757324,0.1666666716337204,0.375,0.8555424213409424,0
/home/jovyan/Joel_Pardo/AI4LABOUR/Mejoras/results_coursera/models/simcse_coursera_hard/sentence-transformers/all-MiniLM-L6-v2,A_semantic_only,185,7b03e0901b8c,"establish standards for products, processes, or procedures",3303,8dee13915ca0,6,0.3698221445083618,0.3698221445083618,4.26157808303833,0.0,1.0,0.30430981516838074,0
/home/jovyan/Joel_Pardo/AI4LABOUR/Mejoras/results_coursera/models/simcse_coursera_hard/sentence-transformers/all-MiniLM-L6-v2,A_semantic_only,185,7b03e0901b8c,"establish standards for products, processes, or procedures",989,4ec4f7a20f54,7,0.34235867857933044,0.34235867857933044,3.958123207092285,0.1428571492433548,0.625,0.6441680192947388,0
/home/jovyan/Joel_Pardo/AI4LABOUR/Mejoras/results_coursera/models/simcse_coursera_hard/sentence-transformers/all-MiniLM-L6-v2,A_semantic_only,185,7b03e0901b8c,"establish standards for products, processes, or procedures",5132,d1ee55d1b2ed,8,0.3341487646102905,0.3341487646102905,3.867408514022827,0.0,0.5,0.0,0
/home/jovyan/Joel_Pardo/AI4LABOUR/Mejoras/results_coursera/models/simcse_coursera_hard/sentence-transformers/all-MiniLM-L6-v2,A_semantic_only,185,7b03e0901b8c,"establish standards for products, processes, or procedures",754,2af854050699,9,0.3317500948905945,0.3317500948905945,3.840904712677002,0.125,0.75,0.9445692896842957,0
/home/jovyan/Joel_Pardo/AI4LABOUR/Mejoras/results_coursera/models/simcse_coursera_hard/sentence-transformers/all-MiniLM-L6-v2,A_semantic_only,185,7b03e0901b8c,"establish standards for products, processes, or procedures",2365,103eab151086,10,0.3284006714820862,0.3284006714820862,3.8038954734802246,0.0,0.375,0.0,0
/home/jovyan/Joel_Pardo/AI4LABOUR/Mejoras/results_coursera/models/simcse_coursera_hard/sentence-transformers/all-MiniLM-L6-v2,A_semantic_only,186,4c7ceb754866,prepare scientific or technical reports or presentations,4102,6c5ee2ac016a,1,0.48487377166748047,0.48487377166748047,5.354030132293701,0.1666666716337204,0.375,0.8909159302711487,0
/home/jovyan/Joel_Pardo/AI4LABOUR/Mejoras/results_coursera/models/simcse_coursera_hard/sentence-transformers/all-MiniLM-L6-v2,A_semantic_only,186,4c7ceb754866,prepare scientific or technical reports or presentations,4368,2840909e1745,2,0.4750882685184479,0.4750882685184479,5.247733116149902,0.0,0.625,0.0,0
/home/jovyan/Joel_Pardo/AI4LABOUR/Mejoras/results_coursera/models/simcse_coursera_hard/sentence-transformers/all-MiniLM-L6-v2,A_semantic_only,186,4c7ceb754866,prepare scientific or technical reports or presentations,226,7e56613a2ebc,3,0.47306928038597107,0.47306928038597107,5.22580099105835,0.125,0.75,0.5765593647956848,0
/home/jovyan/Joel_Pardo/AI4LABOUR/Mejoras/results_coursera/models/simcse_coursera_hard/sentence-transformers/all-MiniLM-L6-v2,A_semantic_only,186,4c7ceb754866,prepare scientific or technical reports or presentations,4502,98c2bfc7d4aa,4,0.4618895649909973,0.4618895649909973,5.104359149932861,0.0,0.8888888955116272,0.0,0
/home/jovyan/Joel_Pardo/AI4LABOUR/Mejoras/results_coursera/models/simcse_coursera_hard/sentence-transformers/all-MiniLM-L6-v2,A_semantic_only,186,4c7ceb754866,prepare scientific or technical reports or presentations,4346,dc00b108ce90,5,0.44257599115371704,0.44257599115371704,4.894561290740967,0.1111111119389534,0.875,0.537904679775238,0
/home/jovyan/Joel_Pardo/AI4LABOUR/Mejoras/results_coursera/models/simcse_coursera_hard/sentence-transformers/all-MiniLM-L6-v2,A_semantic_only,186,4c7ceb754866,prepare scientific or technical reports or presentations,2869,ccc4d1d9a8f6,6,0.4409558176994324,0.4409558176994324,4.876961708068848,0.1666666716337204,0.375,0.8909159302711487,0
/home/jovyan/Joel_Pardo/AI4LABOUR/Mejoras/results_coursera/models/simcse_coursera_hard/sentence-transformers/all-MiniLM-L6-v2,A_semantic_only,186,4c7ceb754866,prepare scientific or technical reports or presentations,2744,b2db4cbd2685,7,0.4241566061973572,0.4241566061973572,4.69447660446167,0.0,0.375,0.0,0
/home/jovyan/Joel_Pardo/AI4LABOUR/Mejoras/results_coursera/models/simcse_coursera_hard/sentence-transformers/all-MiniLM-L6-v2,A_semantic_only,186,4c7ceb754866,prepare scientific or technical reports or presentations,2899,02494e9ed104,8,0.42091625928878784,0.42091625928878784,4.659277439117432,0.1428571492433548,0.5,0.616807222366333,0
/home/jovyan/Joel_Pardo/AI4LABOUR/Mejoras/results_coursera/models/simcse_coursera_hard/sentence-transformers/all-MiniLM-L6-v2,A_semantic_only,186,4c7ceb754866,prepare scientific or technical reports or presentations,4489,91f41a9ddfae,9,0.41751301288604736,0.41751301288604736,4.622308731079102,0.1666666716337204,0.5,0.7181130647659302,0
/home/jovyan/Joel_Pardo/AI4LABOUR/Mejoras/results_coursera/models/simcse_coursera_hard/sentence-transformers/all-MiniLM-L6-v2,A_semantic_only,186,4c7ceb754866,prepare scientific or technical reports or presentations,2576,c685851e31a3,10,0.41054344177246094,0.41054344177246094,4.546600341796875,0.1428571492433548,0.5,0.7181130647659302,0
/home/jovyan/Joel_Pardo/AI4LABOUR/Mejoras/results_coursera/models/simcse_coursera_hard/sentence-transformers/all-MiniLM-L6-v2,A_semantic_only,187,02b0fa193387,research methods to improve food products,332,444510b9c3c3,1,0.547675371170044,0.547675371170044,6.7330121994018555,0.4000000059604645,0.4285714328289032,1.0,0
/home/jovyan/Joel_Pardo/AI4LABOUR/Mejoras/results_coursera/models/simcse_coursera_hard/sentence-transformers/all-MiniLM-L6-v2,A_semantic_only,187,02b0fa193387,research methods to improve food products,3303,8dee13915ca0,2,0.517659604549408,0.517659604549408,6.369096755981445,0.1111111119389534,0.875,0.3008362650871277,0
/home/jovyan/Joel_Pardo/AI4LABOUR/Mejoras/results_coursera/models/simcse_coursera_hard/sentence-transformers/all-MiniLM-L6-v2,A_semantic_only,187,02b0fa193387,research methods to improve food products,474,f5973c1b9d8f,3,0.4804422855377197,0.4804422855377197,5.917868137359619,0.0,0.4285714328289032,0.0,0
/home/jovyan/Joel_Pardo/AI4LABOUR/Mejoras/results_coursera/models/simcse_coursera_hard/sentence-transformers/all-MiniLM-L6-v2,A_semantic_only,187,02b0fa193387,research methods to improve food products,4508,ecc817d35eef,4,0.46889084577560425,0.46889084577560425,5.7778167724609375,0.1666666716337204,0.4285714328289032,0.4523760974407196,0
/home/jovyan/Joel_Pardo/AI4LABOUR/Mejoras/results_coursera/models/simcse_coursera_hard/sentence-transformers/all-MiniLM-L6-v2,A_semantic_only,187,02b0fa193387,research methods to improve food products,2626,d7c46c558d85,5,0.4172331392765045,0.4172331392765045,5.151510715484619,0.125,0.8571428656578064,0.5982770323753357,0
/home/jovyan/Joel_Pardo/AI4LABOUR/Mejoras/results_coursera/models/simcse_coursera_hard/sentence-transformers/all-MiniLM-L6-v2,A_semantic_only,187,02b0fa193387,research methods to improve food products,997,67e7de747dcc,6,0.4005798101425171,0.4005798101425171,4.94960355758667,0.1666666716337204,0.4285714328289032,0.4523760974407196,0
/home/jovyan/Joel_Pardo/AI4LABOUR/Mejoras/results_coursera/models/simcse_coursera_hard/sentence-transformers/all-MiniLM-L6-v2,A_semantic_only,187,02b0fa193387,research methods to improve food products,2619,5bb53b54a8f1,7,0.39532220363616943,0.39532220363616943,4.885859489440918,0.0555555559694767,0.3181818127632141,0.21682989597320557,0
/home/jovyan/Joel_Pardo/AI4LABOUR/Mejoras/results_coursera/models/simcse_coursera_hard/sentence-transformers/all-MiniLM-L6-v2,A_semantic_only,187,02b0fa193387,research methods to improve food products,2627,13827adf3ebe,8,0.3915552496910095,0.3915552496910095,4.840188026428223,0.0,0.3684210479259491,0.09372173249721527,0
/home/jovyan/Joel_Pardo/AI4LABOUR/Mejoras/results_coursera/models/simcse_coursera_hard/sentence-transformers/all-MiniLM-L6-v2,A_semantic_only,187,02b0fa193387,research methods to improve food products,3454,68b455dc1687,9,0.3901137709617615,0.3901137709617615,4.82271146774292,0.1428571492433548,0.5714285969734192,0.47505977749824524,0
/home/jovyan/Joel_Pardo/AI4LABOUR/Mejoras/results_coursera/models/simcse_coursera_hard/sentence-transformers/all-MiniLM-L6-v2,A_semantic_only,187,02b0fa193387,research methods to improve food products,2936,50c9c563c764,10,0.3873758912086487,0.3873758912086487,4.789516925811768,0.0,0.4285714328289032,0.0,0
/home/jovyan/Joel_Pardo/AI4LABOUR/Mejoras/results_coursera/models/simcse_coursera_hard/sentence-transformers/all-MiniLM-L6-v2,A_semantic_only,188,be19a52818cf,prepare compounds or solutions for products or testing,855,834fcfea4206,1,0.6136258840560913,0.6136258840560913,7.1441874504089355,0.0,0.3333333432674408,0.0,0
/home/jovyan/Joel_Pardo/AI4LABOUR/Mejoras/results_coursera/models/simcse_coursera_hard/sentence-transformers/all-MiniLM-L6-v2,A_semantic_only,188,be19a52818cf,prepare compounds or solutions for products or testing,2489,0b71467e6421,2,0.5057559609413147,0.5057559609413147,5.901175022125244,0.0,0.3333333432674408,0.0,0
/home/jovyan/Joel_Pardo/AI4LABOUR/Mejoras/results_coursera/models/simcse_coursera_hard/sentence-transformers/all-MiniLM-L6-v2,A_semantic_only,188,be19a52818cf,prepare compounds or solutions for products or testing,4767,501c21443889,3,0.4962702989578247,0.4962702989578247,5.791869640350342,0.0,0.2222222238779068,0.0,0
/home/jovyan/Joel_Pardo/AI4LABOUR/Mejoras/results_coursera/models/simcse_coursera_hard/sentence-transformers/all-MiniLM-L6-v2,A_semantic_only,188,be19a52818cf,prepare compounds or solutions for products or testing,4594,432b2439a32a,4,0.45731648802757263,0.45731648802757263,5.3429951667785645,0.0,0.3333333432674408,0.0,0
/home/jovyan/Joel_Pardo/AI4LABOUR/Mejoras/results_coursera/models/simcse_coursera_hard/sentence-transformers/all-MiniLM-L6-v2,A_semantic_only,188,be19a52818cf,prepare compounds or solutions for products or testing,3006,a912f5be80d2,5,0.4472219944000244,0.4472219944000244,5.226673603057861,0.0,0.3333333432674408,0.0,0
/home/jovyan/Joel_Pardo/AI4LABOUR/Mejoras/results_coursera/models/simcse_coursera_hard/sentence-transformers/all-MiniLM-L6-v2,A_semantic_only,188,be19a52818cf,prepare compounds or solutions for products or testing,170,8b7c50fed2a1,6,0.44243091344833374,0.44243091344833374,5.171464920043945,0.0,0.3333333432674408,0.0,0
/home/jovyan/Joel_Pardo/AI4LABOUR/Mejoras/results_coursera/models/simcse_coursera_hard/sentence-transformers/all-MiniLM-L6-v2,A_semantic_only,188,be19a52818cf,prepare compounds or solutions for products or testing,2145,9138209c72a6,7,0.4404834508895874,0.4404834508895874,5.149023532867432,0.0,0.6666666865348816,0.0,0
/home/jovyan/Joel_Pardo/AI4LABOUR/Mejoras/results_coursera/models/simcse_coursera_hard/sentence-transformers/all-MiniLM-L6-v2,A_semantic_only,188,be19a52818cf,prepare compounds or solutions for products or testing,4590,5d45850c5baa,8,0.41630998253822327,0.41630998253822327,4.870466709136963,0.1666666716337204,0.3333333432674408,1.0,0
/home/jovyan/Joel_Pardo/AI4LABOUR/Mejoras/results_coursera/models/simcse_coursera_hard/sentence-transformers/all-MiniLM-L6-v2,A_semantic_only,188,be19a52818cf,prepare compounds or solutions for products or testing,1303,a796f929350d,9,0.40709295868873596,0.40709295868873596,4.764256477355957,0.0,0.3333333432674408,0.0,0
/home/jovyan/Joel_Pardo/AI4LABOUR/Mejoras/results_coursera/models/simcse_coursera_hard/sentence-transformers/all-MiniLM-L6-v2,A_semantic_only,188,be19a52818cf,prepare compounds or solutions for products or testing,226,7e56613a2ebc,10,0.3995421528816223,0.3995421528816223,4.677247047424316,0.125,0.6666666865348816,0.6701500415802002,0
/home/jovyan/Joel_Pardo/AI4LABOUR/Mejoras/results_coursera/models/simcse_coursera_hard/sentence-transformers/all-MiniLM-L6-v2,A_semantic_only,189,a49d5a99c1d7,maintain laboratory or technical equipment,937,43b6a406ef58,1,0.38973891735076904,0.38973891735076904,5.584009170532227,0.0,0.8333333134651184,0.0,0
/home/jovyan/Joel_Pardo/AI4LABOUR/Mejoras/results_coursera/models/simcse_coursera_hard/sentence-transformers/all-MiniLM-L6-v2,A_semantic_only,189,a49d5a99c1d7,maintain laboratory or technical equipment,4501,7e31f9e44f69,2,0.3791624903678894,0.3791624903678894,5.432811260223389,0.0,0.6000000238418579,0.0,0
/home/jovyan/Joel_Pardo/AI4LABOUR/Mejoras/results_coursera/models/simcse_coursera_hard/sentence-transformers/all-MiniLM-L6-v2,A_semantic_only,189,a49d5a99c1d7,maintain laboratory or technical equipment,2641,414d1ab8da6a,3,0.3731677234172821,0.3731677234172821,5.347111701965332,0.1666666716337204,0.6666666865348816,1.0,0
/home/jovyan/Joel_Pardo/AI4LABOUR/Mejoras/results_coursera/models/simcse_coursera_hard/sentence-transformers/all-MiniLM-L6-v2,A_semantic_only,189,a49d5a99c1d7,maintain laboratory or technical equipment,4499,a7b7131295ef,4,0.32033371925354004,0.32033371925354004,4.591811180114746,0.0,0.6666666865348816,0.0,0
/home/jovyan/Joel_Pardo/AI4LABOUR/Mejoras/results_coursera/models/simcse_coursera_hard/sentence-transformers/all-MiniLM-L6-v2,A_semantic_only,189,a49d5a99c1d7,maintain laboratory or technical equipment,780,8e961a62908c,5,0.2851495146751404,0.2851495146751404,4.088827610015869,0.0,0.6666666865348816,0.0,0
/home/jovyan/Joel_Pardo/AI4LABOUR/Mejoras/results_coursera/models/simcse_coursera_hard/sentence-transformers/all-MiniLM-L6-v2,A_semantic_only,189,a49d5a99c1d7,maintain laboratory or technical equipment,4401,5ca4b7227070,6,0.28256756067276,0.28256756067276,4.051916599273682,0.0,0.3333333432674408,0.0,0
/home/jovyan/Joel_Pardo/AI4LABOUR/Mejoras/results_coursera/models/simcse_coursera_hard/sentence-transformers/all-MiniLM-L6-v2,A_semantic_only,189,a49d5a99c1d7,maintain laboratory or technical equipment,830,ff56fd6da1a6,7,0.2742968499660492,0.2742968499660492,3.933680772781372,0.0,0.8333333134651184,0.0,0
/home/jovyan/Joel_Pardo/AI4LABOUR/Mejoras/results_coursera/models/simcse_coursera_hard/sentence-transformers/all-MiniLM-L6-v2,A_semantic_only,189,a49d5a99c1d7,maintain laboratory or technical equipment,1937,9577cc9be047,8,0.25614479184150696,0.25614479184150696,3.6741840839385986,0.0,0.6666666865348816,0.0,0
/home/jovyan/Joel_Pardo/AI4LABOUR/Mejoras/results_coursera/models/simcse_coursera_hard/sentence-transformers/all-MiniLM-L6-v2,A_semantic_only,189,a49d5a99c1d7,maintain laboratory or technical equipment,3711,75af68656bbd,9,0.25597676634788513,0.25597676634788513,3.6717820167541504,0.0,0.5,0.0,0
/home/jovyan/Joel_Pardo/AI4LABOUR/Mejoras/results_coursera/models/simcse_coursera_hard/sentence-transformers/all-MiniLM-L6-v2,A_semantic_only,189,a49d5a99c1d7,maintain laboratory or technical equipment,3424,1638c7b92daa,10,0.25133270025253296,0.25133270025253296,3.60539174079895,0.0,0.5,0.0,0
/home/jovyan/Joel_Pardo/AI4LABOUR/Mejoras/results_coursera/models/simcse_coursera_hard/sentence-transformers/all-MiniLM-L6-v2,A_semantic_only,190,c2a2570c95d4,test quality of materials or finished products,3280,381a707f2810,1,0.5054105520248413,0.5054105520248413,6.068262100219727,0.1666666716337204,0.375,0.7390948534011841,0
/home/jovyan/Joel_Pardo/AI4LABOUR/Mejoras/results_coursera/models/simcse_coursera_hard/sentence-transformers/all-MiniLM-L6-v2,A_semantic_only,190,c2a2570c95d4,test quality of materials or finished products,3775,8d3da080c247,2,0.4651874303817749,0.4651874303817749,5.577820777893066,0.1428571492433548,0.625,0.5564905405044556,0
/home/jovyan/Joel_Pardo/AI4LABOUR/Mejoras/results_coursera/models/simcse_coursera_hard/sentence-transformers/all-MiniLM-L6-v2,A_semantic_only,190,c2a2570c95d4,test quality of materials or finished products,5211,4da88cffef86,3,0.4505118727684021,0.4505118727684021,5.398880958557129,0.1666666716337204,0.375,0.7390948534011841,0
/home/jovyan/Joel_Pardo/AI4LABOUR/Mejoras/results_coursera/models/simcse_coursera_hard/sentence-transformers/all-MiniLM-L6-v2,A_semantic_only,190,c2a2570c95d4,test quality of materials or finished products,1822,39932b592d9d,4,0.4350137710571289,0.4350137710571289,5.209912300109863,0.0,0.4444444477558136,0.12278847396373749,0
/home/jovyan/Joel_Pardo/AI4LABOUR/Mejoras/results_coursera/models/simcse_coursera_hard/sentence-transformers/all-MiniLM-L6-v2,A_semantic_only,190,c2a2570c95d4,test quality of materials or finished products,4862,b54736456520,5,0.4138830900192261,0.4138830900192261,4.95226526260376,0.1666666716337204,0.375,0.7934001684188843,0
/home/jovyan/Joel_Pardo/AI4LABOUR/Mejoras/results_coursera/models/simcse_coursera_hard/sentence-transformers/all-MiniLM-L6-v2,A_semantic_only,190,c2a2570c95d4,test quality of materials or finished products,3407,2ad419560ca0,6,0.40812167525291443,0.40812167525291443,4.882016181945801,0.125,0.75,0.531697154045105,0
/home/jovyan/Joel_Pardo/AI4LABOUR/Mejoras/results_coursera/models/simcse_coursera_hard/sentence-transformers/all-MiniLM-L6-v2,A_semantic_only,190,c2a2570c95d4,test quality of materials or finished products,117,1b45811985d9,7,0.40768879652023315,0.40768879652023315,4.87673807144165,0.0,0.375,0.0,0
/home/jovyan/Joel_Pardo/AI4LABOUR/Mejoras/results_coursera/models/simcse_coursera_hard/sentence-transformers/all-MiniLM-L6-v2,A_semantic_only,190,c2a2570c95d4,test quality of materials or finished products,3874,c3a7f01ec4d8,8,0.3954741358757019,0.3954741358757019,4.727804183959961,0.0,0.5,0.0,0
/home/jovyan/Joel_Pardo/AI4LABOUR/Mejoras/results_coursera/models/simcse_coursera_hard/sentence-transformers/all-MiniLM-L6-v2,A_semantic_only,190,c2a2570c95d4,test quality of materials or finished products,4508,ecc817d35eef,9,0.3879733979701996,0.3879733979701996,4.63634729385376,0.0,0.375,0.0,0
/home/jovyan/Joel_Pardo/AI4LABOUR/Mejoras/results_coursera/models/simcse_coursera_hard/sentence-transformers/all-MiniLM-L6-v2,A_semantic_only,190,c2a2570c95d4,test quality of materials or finished products,1637,d7012fc17d15,10,0.37679970264434814,0.37679970264434814,4.500106334686279,0.0,0.375,0.0,0
/home/jovyan/Joel_Pardo/AI4LABOUR/Mejoras/results_coursera/models/simcse_coursera_hard/sentence-transformers/all-MiniLM-L6-v2,A_semantic_only,191,a9be4c9c15a1,monitor operational procedures in technical environments to ensure conformance to standards,4814,c41dafcf06d0,1,0.38126784563064575,0.38126784563064575,4.295653820037842,0.0,0.3333333432674408,0.0,0
/home/jovyan/Joel_Pardo/AI4LABOUR/Mejoras/results_coursera/models/simcse_coursera_hard/sentence-transformers/all-MiniLM-L6-v2,A_semantic_only,191,a9be4c9c15a1,monitor operational procedures in technical environments to ensure conformance to standards,3516,afe8a26918ff,2,0.3479444682598114,0.3479444682598114,3.9270949363708496,0.0,0.4166666567325592,0.0,0
/home/jovyan/Joel_Pardo/AI4LABOUR/Mejoras/results_coursera/models/simcse_coursera_hard/sentence-transformers/all-MiniLM-L6-v2,A_semantic_only,191,a9be4c9c15a1,monitor operational procedures in technical environments to ensure conformance to standards,2478,9b7d2bb3c766,3,0.3420344889163971,0.3420344889163971,3.8617300987243652,0.0,0.5,0.0,0
/home/jovyan/Joel_Pardo/AI4LABOUR/Mejoras/results_coursera/models/simcse_coursera_hard/sentence-transformers/all-MiniLM-L6-v2,A_semantic_only,191,a9be4c9c15a1,monitor operational procedures in technical environments to ensure conformance to standards,2069,5ed02ea64c68,4,0.341113418340683,0.341113418340683,3.8515431880950928,0.0,0.25,0.0,0
/home/jovyan/Joel_Pardo/AI4LABOUR/Mejoras/results_coursera/models/simcse_coursera_hard/sentence-transformers/all-MiniLM-L6-v2,A_semantic_only,191,a9be4c9c15a1,monitor operational procedures in technical environments to ensure conformance to standards,688,675b456b5403,5,0.3136661648750305,0.3136661648750305,3.5479745864868164,0.0,0.7058823704719543,0.0,0
/home/jovyan/Joel_Pardo/AI4LABOUR/Mejoras/results_coursera/models/simcse_coursera_hard/sentence-transformers/all-MiniLM-L6-v2,A_semantic_only,191,a9be4c9c15a1,monitor operational procedures in technical environments to ensure conformance to standards,1437,5a582c2852f5,6,0.30681702494621277,0.30681702494621277,3.4722228050231934,0.0,0.25,0.0,0
/home/jovyan/Joel_Pardo/AI4LABOUR/Mejoras/results_coursera/models/simcse_coursera_hard/sentence-transformers/all-MiniLM-L6-v2,A_semantic_only,191,a9be4c9c15a1,monitor operational procedures in technical environments to ensure conformance to standards,3816,d4dcc2b4ce0a,7,0.2864958345890045,0.2864958345890045,3.247468948364258,0.0,0.5833333134651184,0.0,0
/home/jovyan/Joel_Pardo/AI4LABOUR/Mejoras/results_coursera/models/simcse_coursera_hard/sentence-transformers/all-MiniLM-L6-v2,A_semantic_only,191,a9be4c9c15a1,monitor operational procedures in technical environments to ensure conformance to standards,4993,36ac737cbc98,8,0.2864859700202942,0.2864859700202942,3.2473599910736084,0.1111111119389534,0.25,0.8655464053153992,0
/home/jovyan/Joel_Pardo/AI4LABOUR/Mejoras/results_coursera/models/simcse_coursera_hard/sentence-transformers/all-MiniLM-L6-v2,A_semantic_only,191,a9be4c9c15a1,monitor operational procedures in technical environments to ensure conformance to standards,2277,e2ee4e5d252a,9,0.2847076952457428,0.2847076952457428,3.227692127227783,0.0,0.25,0.0,0
/home/jovyan/Joel_Pardo/AI4LABOUR/Mejoras/results_coursera/models/simcse_coursera_hard/sentence-transformers/all-MiniLM-L6-v2,A_semantic_only,191,a9be4c9c15a1,monitor operational procedures in technical environments to ensure conformance to standards,586,91dbb13e3a32,10,0.28390398621559143,0.28390398621559143,3.2188029289245605,0.1111111119389534,0.25,0.8655464053153992,0
/home/jovyan/Joel_Pardo/AI4LABOUR/Mejoras/results_coursera/models/simcse_coursera_hard/sentence-transformers/all-MiniLM-L6-v2,A_semantic_only,192,8562bf3caec4,manage scientific or technical project resources,4501,7e31f9e44f69,1,0.443295419216156,0.443295419216156,5.194675922393799,0.10000000149011612,0.699999988079071,0.38432878255844116,0
/home/jovyan/Joel_Pardo/AI4LABOUR/Mejoras/results_coursera/models/simcse_coursera_hard/sentence-transformers/all-MiniLM-L6-v2,A_semantic_only,192,8562bf3caec4,manage scientific or technical project resources,3417,e3e4522970de,2,0.42300039529800415,0.42300039529800415,4.95927619934082,0.1428571492433548,0.5714285969734192,0.5749108195304871,0
/home/jovyan/Joel_Pardo/AI4LABOUR/Mejoras/results_coursera/models/simcse_coursera_hard/sentence-transformers/all-MiniLM-L6-v2,A_semantic_only,192,8562bf3caec4,manage scientific or technical project resources,2535,e97f0c698df9,3,0.41665518283843994,0.41665518283843994,4.885678768157959,0.1428571492433548,0.5714285969734192,0.7093405723571777,0
/home/jovyan/Joel_Pardo/AI4LABOUR/Mejoras/results_coursera/models/simcse_coursera_hard/sentence-transformers/all-MiniLM-L6-v2,A_semantic_only,192,8562bf3caec4,manage scientific or technical project resources,382,ebda78d8469a,4,0.4013671278953552,0.4013671278953552,4.7083539962768555,0.0,0.8571428656578064,0.0,0
/home/jovyan/Joel_Pardo/AI4LABOUR/Mejoras/results_coursera/models/simcse_coursera_hard/sentence-transformers/all-MiniLM-L6-v2,A_semantic_only,192,8562bf3caec4,manage scientific or technical project resources,333,948d1f30a0fa,5,0.3970436453819275,0.3970436453819275,4.658206462860107,0.1666666716337204,0.4285714328289032,0.669235110282898,0
/home/jovyan/Joel_Pardo/AI4LABOUR/Mejoras/results_coursera/models/simcse_coursera_hard/sentence-transformers/all-MiniLM-L6-v2,A_semantic_only,192,8562bf3caec4,manage scientific or technical project resources,3636,e9974dc13540,6,0.3896524906158447,0.3896524906158447,4.572477340698242,0.1428571492433548,0.5714285969734192,0.5749108195304871,0
/home/jovyan/Joel_Pardo/AI4LABOUR/Mejoras/results_coursera/models/simcse_coursera_hard/sentence-transformers/all-MiniLM-L6-v2,A_semantic_only,192,8562bf3caec4,manage scientific or technical project resources,3720,0a52275d68e9,7,0.3817402124404907,0.3817402124404907,4.480703830718994,0.0,0.4285714328289032,0.0,0
/home/jovyan/Joel_Pardo/AI4LABOUR/Mejoras/results_coursera/models/simcse_coursera_hard/sentence-transformers/all-MiniLM-L6-v2,A_semantic_only,192,8562bf3caec4,manage scientific or technical project resources,217,92e79f28faab,8,0.3497910499572754,0.3497910499572754,4.110128879547119,0.1428571492433548,0.5714285969734192,0.5749108195304871,0
/home/jovyan/Joel_Pardo/AI4LABOUR/Mejoras/results_coursera/models/simcse_coursera_hard/sentence-transformers/all-MiniLM-L6-v2,A_semantic_only,192,8562bf3caec4,manage scientific or technical project resources,133,4125d24290b1,9,0.3372465670108795,0.3372465670108795,3.9646267890930176,0.0,0.4285714328289032,0.0,0
/home/jovyan/Joel_Pardo/AI4LABOUR/Mejoras/results_coursera/models/simcse_coursera_hard/sentence-transformers/all-MiniLM-L6-v2,A_semantic_only,192,8562bf3caec4,manage scientific or technical project resources,5098,e3454a3aaa1c,10,0.335612952709198,0.335612952709198,3.9456787109375,0.1428571492433548,0.5714285969734192,0.6879143714904785,0
/home/jovyan/Joel_Pardo/AI4LABOUR/Mejoras/results_coursera/models/simcse_coursera_hard/sentence-transformers/all-MiniLM-L6-v2,A_semantic_only,193,adb21e5e1a03,inspect condition or functioning of facilities or equipment,4571,0c985ebf7e52,1,0.4032430350780487,0.4032430350780487,4.897796630859375,0.0,0.2222222238779068,0.0,0
/home/jovyan/Joel_Pardo/AI4LABOUR/Mejoras/results_coursera/models/simcse_coursera_hard/sentence-transformers/all-MiniLM-L6-v2,A_semantic_only,193,adb21e5e1a03,inspect condition or functioning of facilities or equipment,4735,d4c4823f0990,2,0.3974495232105255,0.3974495232105255,4.827732086181641,0.0,0.3333333432674408,0.0,0
/home/jovyan/Joel_Pardo/AI4LABOUR/Mejoras/results_coursera/models/simcse_coursera_hard/sentence-transformers/all-MiniLM-L6-v2,A_semantic_only,193,adb21e5e1a03,inspect condition or functioning of facilities or equipment,2478,9b7d2bb3c766,3,0.3672121465206146,0.3672121465206146,4.462052345275879,0.0,0.6666666865348816,0.0,0
/home/jovyan/Joel_Pardo/AI4LABOUR/Mejoras/results_coursera/models/simcse_coursera_hard/sentence-transformers/all-MiniLM-L6-v2,A_semantic_only,193,adb21e5e1a03,inspect condition or functioning of facilities or equipment,4814,c41dafcf06d0,4,0.3628220558166504,0.3628220558166504,4.408959865570068,0.0,0.4444444477558136,0.0,0
/home/jovyan/Joel_Pardo/AI4LABOUR/Mejoras/results_coursera/models/simcse_coursera_hard/sentence-transformers/all-MiniLM-L6-v2,A_semantic_only,193,adb21e5e1a03,inspect condition or functioning of facilities or equipment,3389,8b5982aeea2d,5,0.3609911799430847,0.3609911799430847,4.386817932128906,0.0,0.3333333432674408,0.0,0
/home/jovyan/Joel_Pardo/AI4LABOUR/Mejoras/results_coursera/models/simcse_coursera_hard/sentence-transformers/all-MiniLM-L6-v2,A_semantic_only,193,adb21e5e1a03,inspect condition or functioning of facilities or equipment,117,1b45811985d9,6,0.32999134063720703,0.32999134063720703,4.0119171142578125,0.0,0.3333333432674408,0.0,0
/home/jovyan/Joel_Pardo/AI4LABOUR/Mejoras/results_coursera/models/simcse_coursera_hard/sentence-transformers/all-MiniLM-L6-v2,A_semantic_only,193,adb21e5e1a03,inspect condition or functioning of facilities or equipment,2536,62bb27f24dab,7,0.32965636253356934,0.32965636253356934,4.007865905761719,0.0,0.4444444477558136,0.0,0
/home/jovyan/Joel_Pardo/AI4LABOUR/Mejoras/results_coursera/models/simcse_coursera_hard/sentence-transformers/all-MiniLM-L6-v2,A_semantic_only,193,adb21e5e1a03,inspect condition or functioning of facilities or equipment,3516,afe8a26918ff,8,0.32408422231674194,0.32408422231674194,3.940478801727295,0.0,0.5555555820465088,0.0,0
/home/jovyan/Joel_Pardo/AI4LABOUR/Mejoras/results_coursera/models/simcse_coursera_hard/sentence-transformers/all-MiniLM-L6-v2,A_semantic_only,193,adb21e5e1a03,inspect condition or functioning of facilities or equipment,3407,2ad419560ca0,9,0.32229387760162354,0.32229387760162354,3.9188268184661865,0.0,0.6666666865348816,0.0,0
/home/jovyan/Joel_Pardo/AI4LABOUR/Mejoras/results_coursera/models/simcse_coursera_hard/sentence-transformers/all-MiniLM-L6-v2,A_semantic_only,193,adb21e5e1a03,inspect condition or functioning of facilities or equipment,3086,2f64529e9d77,10,0.3153342604637146,0.3153342604637146,3.8346598148345947,0.0,0.3333333432674408,0.0,0
/home/jovyan/Joel_Pardo/AI4LABOUR/Mejoras/results_coursera/models/simcse_coursera_hard/sentence-transformers/all-MiniLM-L6-v2,A_semantic_only,194,094e12b11051,review details of technical drawings or specifications,1897,d330010440a6,1,0.4450010061264038,0.4450010061264038,5.3210320472717285,0.0,0.375,0.0,0
/home/jovyan/Joel_Pardo/AI4LABOUR/Mejoras/results_coursera/models/simcse_coursera_hard/sentence-transformers/all-MiniLM-L6-v2,A_semantic_only,194,094e12b11051,review details of technical drawings or specifications,619,724f875fd92b,2,0.4432882070541382,0.4432882070541382,5.300395965576172,0.0,0.375,0.0,0
/home/jovyan/Joel_Pardo/AI4LABOUR/Mejoras/results_coursera/models/simcse_coursera_hard/sentence-transformers/all-MiniLM-L6-v2,A_semantic_only,194,094e12b11051,review details of technical drawings or specifications,4558,7b0342e1d11a,3,0.4265793561935425,0.4265793561935425,5.0990891456604,0.1111111119389534,0.75,0.5163626670837402,0
/home/jovyan/Joel_Pardo/AI4LABOUR/Mejoras/results_coursera/models/simcse_coursera_hard/sentence-transformers/all-MiniLM-L6-v2,A_semantic_only,194,094e12b11051,review details of technical drawings or specifications,343,cf9f1132f395,4,0.3438270688056946,0.3438270688056946,4.102095603942871,0.1111111119389534,0.875,0.6037659645080566,0
/home/jovyan/Joel_Pardo/AI4LABOUR/Mejoras/results_coursera/models/simcse_coursera_hard/sentence-transformers/all-MiniLM-L6-v2,A_semantic_only,194,094e12b11051,review details of technical drawings or specifications,3332,72c021894860,5,0.3406645655632019,0.3406645655632019,4.06399393081665,0.0,0.5,0.0,0
/home/jovyan/Joel_Pardo/AI4LABOUR/Mejoras/results_coursera/models/simcse_coursera_hard/sentence-transformers/all-MiniLM-L6-v2,A_semantic_only,194,094e12b11051,review details of technical drawings or specifications,2079,047e0f25229c,6,0.3368503451347351,0.3368503451347351,4.018040657043457,0.0,0.75,0.0,0
/home/jovyan/Joel_Pardo/AI4LABOUR/Mejoras/results_coursera/models/simcse_coursera_hard/sentence-transformers/all-MiniLM-L6-v2,A_semantic_only,194,094e12b11051,review details of technical drawings or specifications,3298,22bd137c51e5,7,0.3118511140346527,0.3118511140346527,3.7168514728546143,0.1666666716337204,0.375,1.0,0
/home/jovyan/Joel_Pardo/AI4LABOUR/Mejoras/results_coursera/models/simcse_coursera_hard/sentence-transformers/all-MiniLM-L6-v2,A_semantic_only,194,094e12b11051,review details of technical drawings or specifications,4502,98c2bfc7d4aa,8,0.3108590245246887,0.3108590245246887,3.7048988342285156,0.0,0.8888888955116272,0.21614785492420197,0
/home/jovyan/Joel_Pardo/AI4LABOUR/Mejoras/results_coursera/models/simcse_coursera_hard/sentence-transformers/all-MiniLM-L6-v2,A_semantic_only,194,094e12b11051,review details of technical drawings or specifications,4159,85b33a7f44f2,9,0.3103998303413391,0.3103998303413391,3.699366569519043,0.0,0.380952388048172,0.19191119074821472,0
/home/jovyan/Joel_Pardo/AI4LABOUR/Mejoras/results_coursera/models/simcse_coursera_hard/sentence-transformers/all-MiniLM-L6-v2,A_semantic_only,194,094e12b11051,review details of technical drawings or specifications,4772,25ce88e1c1a2,10,0.3038175702095032,0.3038175702095032,3.6200640201568604,0.0,0.375,0.0,0
/home/jovyan/Joel_Pardo/AI4LABOUR/Mejoras/results_coursera/models/simcse_coursera_hard/sentence-transformers/all-MiniLM-L6-v2,A_semantic_only,195,6b483cafcca2,evaluate new technologies or methods,996,eb5a117881d1,1,0.44504740834236145,0.44504740834236145,5.1577887535095215,0.0,0.5,0.0,0
/home/jovyan/Joel_Pardo/AI4LABOUR/Mejoras/results_coursera/models/simcse_coursera_hard/sentence-transformers/all-MiniLM-L6-v2,A_semantic_only,195,6b483cafcca2,evaluate new technologies or methods,4507,4308d262ba90,2,0.43233710527420044,0.43233710527420044,5.009097576141357,0.125,1.0,0.7250343561172485,0
/home/jovyan/Joel_Pardo/AI4LABOUR/Mejoras/results_coursera/models/simcse_coursera_hard/sentence-transformers/all-MiniLM-L6-v2,A_semantic_only,195,6b483cafcca2,evaluate new technologies or methods,1629,a9ac5a6cc3cb,3,0.40890467166900635,0.40890467166900635,4.734973907470703,0.25,0.3333333432674408,1.0,0
/home/jovyan/Joel_Pardo/AI4LABOUR/Mejoras/results_coursera/models/simcse_coursera_hard/sentence-transformers/all-MiniLM-L6-v2,A_semantic_only,195,6b483cafcca2,evaluate new technologies or methods,1935,c0da08fa0841,4,0.4018750786781311,0.4018750786781311,4.652738094329834,0.0,0.5,0.0,0
/home/jovyan/Joel_Pardo/AI4LABOUR/Mejoras/results_coursera/models/simcse_coursera_hard/sentence-transformers/all-MiniLM-L6-v2,A_semantic_only,195,6b483cafcca2,evaluate new technologies or methods,75,eccdaab2ae71,5,0.38451841473579407,0.38451841473579407,4.4496917724609375,0.1666666716337204,0.6666666865348816,0.8026930689811707,0
/home/jovyan/Joel_Pardo/AI4LABOUR/Mejoras/results_coursera/models/simcse_coursera_hard/sentence-transformers/all-MiniLM-L6-v2,A_semantic_only,195,6b483cafcca2,evaluate new technologies or methods,332,444510b9c3c3,6,0.3574610948562622,0.3574610948562622,4.133162498474121,0.20000000298023224,0.5,0.8359322547912598,0
/home/jovyan/Joel_Pardo/AI4LABOUR/Mejoras/results_coursera/models/simcse_coursera_hard/sentence-transformers/all-MiniLM-L6-v2,A_semantic_only,195,6b483cafcca2,evaluate new technologies or methods,3588,a6818b8d1354,7,0.35419145226478577,0.35419145226478577,4.094912528991699,0.10000000149011612,0.5454545617103577,0.4678395688533783,0
/home/jovyan/Joel_Pardo/AI4LABOUR/Mejoras/results_coursera/models/simcse_coursera_hard/sentence-transformers/all-MiniLM-L6-v2,A_semantic_only,195,6b483cafcca2,evaluate new technologies or methods,4134,79c4dd20b5f2,8,0.3477867841720581,0.3477867841720581,4.0199875831604,0.0,0.5,0.0,0
/home/jovyan/Joel_Pardo/AI4LABOUR/Mejoras/results_coursera/models/simcse_coursera_hard/sentence-transformers/all-MiniLM-L6-v2,A_semantic_only,195,6b483cafcca2,evaluate new technologies or methods,55,d07182257bce,9,0.34104809165000916,0.34104809165000916,3.941155195236206,0.0,0.3333333432674408,0.0,0
/home/jovyan/Joel_Pardo/AI4LABOUR/Mejoras/results_coursera/models/simcse_coursera_hard/sentence-transformers/all-MiniLM-L6-v2,A_semantic_only,195,6b483cafcca2,evaluate new technologies or methods,4282,b462239f8295,10,0.3396393656730652,0.3396393656730652,3.924675226211548,0.1428571492433548,1.0,0.62618088722229,0
/home/jovyan/Joel_Pardo/AI4LABOUR/Mejoras/results_coursera/models/simcse_coursera_hard/sentence-transformers/all-MiniLM-L6-v2,A_semantic_only,196,0f2541e582f8,review documents or materials for compliance with policies or regulations,2820,21f64da1e579,1,0.4354153871536255,0.4354153871536255,5.453188896179199,0.1666666716337204,0.1818181872367859,0.923266589641571,0
/home/jovyan/Joel_Pardo/AI4LABOUR/Mejoras/results_coursera/models/simcse_coursera_hard/sentence-transformers/all-MiniLM-L6-v2,A_semantic_only,196,0f2541e582f8,review documents or materials for compliance with policies or regulations,1702,6b306e6c84b1,2,0.43523529171943665,0.43523529171943665,5.450935363769531,0.125,0.3636363744735718,0.6630098223686218,0
/home/jovyan/Joel_Pardo/AI4LABOUR/Mejoras/results_coursera/models/simcse_coursera_hard/sentence-transformers/all-MiniLM-L6-v2,A_semantic_only,196,0f2541e582f8,review documents or materials for compliance with policies or regulations,4558,7b0342e1d11a,3,0.4102296233177185,0.4102296233177185,5.138035297393799,0.10000000149011612,0.5454545617103577,0.5172139406204224,0
/home/jovyan/Joel_Pardo/AI4LABOUR/Mejoras/results_coursera/models/simcse_coursera_hard/sentence-transformers/all-MiniLM-L6-v2,A_semantic_only,196,0f2541e582f8,review documents or materials for compliance with policies or regulations,3251,fb35d872b6ae,4,0.34257498383522034,0.34257498383522034,4.291460990905762,0.0,0.27272728085517883,0.0,0
/home/jovyan/Joel_Pardo/AI4LABOUR/Mejoras/results_coursera/models/simcse_coursera_hard/sentence-transformers/all-MiniLM-L6-v2,A_semantic_only,196,0f2541e582f8,review documents or materials for compliance with policies or regulations,4862,b54736456520,5,0.34063512086868286,0.34063512086868286,4.267187118530273,0.1428571492433548,0.27272728085517883,0.6693969368934631,0
/home/jovyan/Joel_Pardo/AI4LABOUR/Mejoras/results_coursera/models/simcse_coursera_hard/sentence-transformers/all-MiniLM-L6-v2,A_semantic_only,196,0f2541e582f8,review documents or materials for compliance with policies or regulations,1529,8c8790508d02,6,0.3369514048099518,0.3369514048099518,4.221092224121094,0.0,0.27272728085517883,0.0,0
/home/jovyan/Joel_Pardo/AI4LABOUR/Mejoras/results_coursera/models/simcse_coursera_hard/sentence-transformers/all-MiniLM-L6-v2,A_semantic_only,196,0f2541e582f8,review documents or materials for compliance with policies or regulations,1891,50173787ddd0,7,0.31529921293258667,0.31529921293258667,3.9501545429229736,0.1428571492433548,0.27272728085517883,0.6693969368934631,0
/home/jovyan/Joel_Pardo/AI4LABOUR/Mejoras/results_coursera/models/simcse_coursera_hard/sentence-transformers/all-MiniLM-L6-v2,A_semantic_only,196,0f2541e582f8,review documents or materials for compliance with policies or regulations,3298,22bd137c51e5,8,0.31231462955474854,0.31231462955474854,3.9128079414367676,0.1428571492433548,0.27272728085517883,0.8359322547912598,0
/home/jovyan/Joel_Pardo/AI4LABOUR/Mejoras/results_coursera/models/simcse_coursera_hard/sentence-transformers/all-MiniLM-L6-v2,A_semantic_only,196,0f2541e582f8,review documents or materials for compliance with policies or regulations,3723,2ad7fd67c4de,9,0.30232954025268555,0.30232954025268555,3.787862777709961,0.0,0.27272728085517883,0.0,0
/home/jovyan/Joel_Pardo/AI4LABOUR/Mejoras/results_coursera/models/simcse_coursera_hard/sentence-transformers/all-MiniLM-L6-v2,A_semantic_only,196,0f2541e582f8,review documents or materials for compliance with policies or regulations,2478,9b7d2bb3c766,10,0.29393139481544495,0.29393139481544495,3.6827752590179443,0.0,0.5454545617103577,0.0,0
/home/jovyan/Joel_Pardo/AI4LABOUR/Mejoras/results_coursera/models/simcse_coursera_hard/sentence-transformers/all-MiniLM-L6-v2,A_semantic_only,197,3a46124701c0,monitor facilities or operational systems,594,89948c7f4890,1,0.4527767300605774,0.4527767300605774,5.2182440757751465,0.0,0.3333333432674408,0.0,0
/home/jovyan/Joel_Pardo/AI4LABOUR/Mejoras/results_coursera/models/simcse_coursera_hard/sentence-transformers/all-MiniLM-L6-v2,A_semantic_only,197,3a46124701c0,monitor facilities or operational systems,2069,5ed02ea64c68,2,0.432300865650177,0.432300865650177,4.975479602813721,0.0,0.5,0.0,0
/home/jovyan/Joel_Pardo/AI4LABOUR/Mejoras/results_coursera/models/simcse_coursera_hard/sentence-transformers/all-MiniLM-L6-v2,A_semantic_only,197,3a46124701c0,monitor facilities or operational systems,1437,5a582c2852f5,3,0.4241738021373749,0.4241738021373749,4.879124164581299,0.0,0.5,0.0,0
/home/jovyan/Joel_Pardo/AI4LABOUR/Mejoras/results_coursera/models/simcse_coursera_hard/sentence-transformers/all-MiniLM-L6-v2,A_semantic_only,197,3a46124701c0,monitor facilities or operational systems,4814,c41dafcf06d0,4,0.3948725759983063,0.3948725759983063,4.53172492980957,0.0,0.6666666865348816,0.0,0
/home/jovyan/Joel_Pardo/AI4LABOUR/Mejoras/results_coursera/models/simcse_coursera_hard/sentence-transformers/all-MiniLM-L6-v2,A_semantic_only,197,3a46124701c0,monitor facilities or operational systems,2277,e2ee4e5d252a,5,0.38610246777534485,0.38610246777534485,4.427745819091797,0.0,0.5,0.0,0
/home/jovyan/Joel_Pardo/AI4LABOUR/Mejoras/results_coursera/models/simcse_coursera_hard/sentence-transformers/all-MiniLM-L6-v2,A_semantic_only,197,3a46124701c0,monitor facilities or operational systems,1642,5b89e6807b57,6,0.3782878518104553,0.3782878518104553,4.335094451904297,0.0,0.6666666865348816,0.0,0
/home/jovyan/Joel_Pardo/AI4LABOUR/Mejoras/results_coursera/models/simcse_coursera_hard/sentence-transformers/all-MiniLM-L6-v2,A_semantic_only,197,3a46124701c0,monitor facilities or operational systems,4722,24baac04910a,7,0.37413662672042847,0.37413662672042847,4.285877227783203,0.0,0.6666666865348816,0.0,0
/home/jovyan/Joel_Pardo/AI4LABOUR/Mejoras/results_coursera/models/simcse_coursera_hard/sentence-transformers/all-MiniLM-L6-v2,A_semantic_only,197,3a46124701c0,monitor facilities or operational systems,3516,afe8a26918ff,8,0.3717997670173645,0.3717997670173645,4.258171081542969,0.0,0.8333333134651184,0.0,0
/home/jovyan/Joel_Pardo/AI4LABOUR/Mejoras/results_coursera/models/simcse_coursera_hard/sentence-transformers/all-MiniLM-L6-v2,A_semantic_only,197,3a46124701c0,monitor facilities or operational systems,2235,373b347cdc67,9,0.3517840504646301,0.3517840504646301,4.020862102508545,0.1666666716337204,0.8333333134651184,0.4107372462749481,0
/home/jovyan/Joel_Pardo/AI4LABOUR/Mejoras/results_coursera/models/simcse_coursera_hard/sentence-transformers/all-MiniLM-L6-v2,A_semantic_only,197,3a46124701c0,monitor facilities or operational systems,3980,dc0ebdffa052,10,0.35043174028396606,0.35043174028396606,4.004828929901123,0.0,0.5,0.0,0
/home/jovyan/Joel_Pardo/AI4LABOUR/Mejoras/results_coursera/models/simcse_coursera_hard/sentence-transformers/all-MiniLM-L6-v2,A_semantic_only,198,edb3d68bc36f,advise customers on technical or procedural issues,4834,1d8e86f4a956,1,0.39636749029159546,0.39636749029159546,5.315335750579834,0.0,0.5,0.0,0
/home/jovyan/Joel_Pardo/AI4LABOUR/Mejoras/results_coursera/models/simcse_coursera_hard/sentence-transformers/all-MiniLM-L6-v2,A_semantic_only,198,edb3d68bc36f,advise customers on technical or procedural issues,4561,7dbb7909a0ac,2,0.3478010296821594,0.3478010296821594,4.699301719665527,0.125,0.75,0.5592780113220215,0
/home/jovyan/Joel_Pardo/AI4LABOUR/Mejoras/results_coursera/models/simcse_coursera_hard/sentence-transformers/all-MiniLM-L6-v2,A_semantic_only,198,edb3d68bc36f,advise customers on technical or procedural issues,3735,15e993a286c5,3,0.3251582980155945,0.3251582980155945,4.412093639373779,0.06666667014360428,0.6153846383094788,0.3446364402770996,0
/home/jovyan/Joel_Pardo/AI4LABOUR/Mejoras/results_coursera/models/simcse_coursera_hard/sentence-transformers/all-MiniLM-L6-v2,A_semantic_only,198,edb3d68bc36f,advise customers on technical or procedural issues,4968,a2be8de849bb,4,0.3251033127307892,0.3251033127307892,4.411396026611328,0.0,0.5,0.0,0
/home/jovyan/Joel_Pardo/AI4LABOUR/Mejoras/results_coursera/models/simcse_coursera_hard/sentence-transformers/all-MiniLM-L6-v2,A_semantic_only,198,edb3d68bc36f,advise customers on technical or procedural issues,5258,941921aaf291,5,0.31419914960861206,0.31419914960861206,4.273083686828613,0.0,0.5714285969734192,0.0,0
/home/jovyan/Joel_Pardo/AI4LABOUR/Mejoras/results_coursera/models/simcse_coursera_hard/sentence-transformers/all-MiniLM-L6-v2,A_semantic_only,198,edb3d68bc36f,advise customers on technical or procedural issues,3734,ce2b24a76bd2,6,0.31377822160720825,0.31377822160720825,4.267744541168213,0.07692307978868484,0.6666666865348816,0.3674675226211548,0
/home/jovyan/Joel_Pardo/AI4LABOUR/Mejoras/results_coursera/models/simcse_coursera_hard/sentence-transformers/all-MiniLM-L6-v2,A_semantic_only,198,edb3d68bc36f,advise customers on technical or procedural issues,1861,6ae66fe596ed,7,0.3033449947834015,0.3033449947834015,4.135406017303467,0.0,0.5714285969734192,0.0,0
/home/jovyan/Joel_Pardo/AI4LABOUR/Mejoras/results_coursera/models/simcse_coursera_hard/sentence-transformers/all-MiniLM-L6-v2,A_semantic_only,198,edb3d68bc36f,advise customers on technical or procedural issues,1607,6544768291be,8,0.28686368465423584,0.28686368465423584,3.926351308822632,0.1666666716337204,0.375,0.8345564007759094,0
/home/jovyan/Joel_Pardo/AI4LABOUR/Mejoras/results_coursera/models/simcse_coursera_hard/sentence-transformers/all-MiniLM-L6-v2,A_semantic_only,198,edb3d68bc36f,advise customers on technical or procedural issues,2209,8192d9a89238,9,0.28403282165527344,0.28403282165527344,3.8904435634613037,0.0,0.625,0.0,0
/home/jovyan/Joel_Pardo/AI4LABOUR/Mejoras/results_coursera/models/simcse_coursera_hard/sentence-transformers/all-MiniLM-L6-v2,A_semantic_only,198,edb3d68bc36f,advise customers on technical or procedural issues,1852,e777e212e8b7,10,0.280455082654953,0.280455082654953,3.845062255859375,0.07692307978868484,0.6666666865348816,0.3674675226211548,0
/home/jovyan/Joel_Pardo/AI4LABOUR/Mejoras/results_coursera/models/simcse_coursera_hard/sentence-transformers/all-MiniLM-L6-v2,A_semantic_only,199,0d99df7b9f80,communicate organizational information to customers or other stakeholders,4225,78631aa89d4e,1,0.5684235095977783,0.5684235095977783,7.205087184906006,0.0,0.3333333432674408,0.0,0
/home/jovyan/Joel_Pardo/AI4LABOUR/Mejoras/results_coursera/models/simcse_coursera_hard/sentence-transformers/all-MiniLM-L6-v2,A_semantic_only,199,0d99df7b9f80,communicate organizational information to customers or other stakeholders,2658,a55b33933d49,2,0.4955228567123413,0.4955228567123413,6.271939754486084,0.125,0.5555555820465088,0.5752542018890381,0
/home/jovyan/Joel_Pardo/AI4LABOUR/Mejoras/results_coursera/models/simcse_coursera_hard/sentence-transformers/all-MiniLM-L6-v2,A_semantic_only,199,0d99df7b9f80,communicate organizational information to customers or other stakeholders,675,e1f28709fa97,3,0.47623807191848755,0.47623807191848755,6.025089263916016,0.1428571492433548,0.4444444477558136,1.0,0
/home/jovyan/Joel_Pardo/AI4LABOUR/Mejoras/results_coursera/models/simcse_coursera_hard/sentence-transformers/all-MiniLM-L6-v2,A_semantic_only,199,0d99df7b9f80,communicate organizational information to customers or other stakeholders,120,337c5c8038ea,4,0.4286572337150574,0.4286572337150574,5.416042327880859,0.1428571492433548,0.3333333432674408,0.7640154957771301,0
/home/jovyan/Joel_Pardo/AI4LABOUR/Mejoras/results_coursera/models/simcse_coursera_hard/sentence-transformers/all-MiniLM-L6-v2,A_semantic_only,199,0d99df7b9f80,communicate organizational information to customers or other stakeholders,5218,c440d73a48c6,5,0.4252903461456299,0.4252903461456299,5.372945308685303,0.0833333358168602,1.0,0.3850095868110657,0
/home/jovyan/Joel_Pardo/AI4LABOUR/Mejoras/results_coursera/models/simcse_coursera_hard/sentence-transformers/all-MiniLM-L6-v2,A_semantic_only,199,0d99df7b9f80,communicate organizational information to customers or other stakeholders,3569,b90a5f932e75,6,0.41842544078826904,0.41842544078826904,5.2850728034973145,0.0,0.8999999761581421,0.0,0
/home/jovyan/Joel_Pardo/AI4LABOUR/Mejoras/results_coursera/models/simcse_coursera_hard/sentence-transformers/all-MiniLM-L6-v2,A_semantic_only,199,0d99df7b9f80,communicate organizational information to customers or other stakeholders,1556,62317ddbee32,7,0.41351526975631714,0.41351526975631714,5.222221374511719,0.0,0.6666666865348816,0.0,0
/home/jovyan/Joel_Pardo/AI4LABOUR/Mejoras/results_coursera/models/simcse_coursera_hard/sentence-transformers/all-MiniLM-L6-v2,A_semantic_only,199,0d99df7b9f80,communicate organizational information to customers or other stakeholders,1218,b9b3e925b818,8,0.40228304266929626,0.40228304266929626,5.078445911407471,0.0,0.3333333432674408,0.0,0
/home/jovyan/Joel_Pardo/AI4LABOUR/Mejoras/results_coursera/models/simcse_coursera_hard/sentence-transformers/all-MiniLM-L6-v2,A_semantic_only,199,0d99df7b9f80,communicate organizational information to customers or other stakeholders,4331,afa0135399b2,9,0.39420127868652344,0.39420127868652344,4.974997043609619,0.1428571492433548,0.3333333432674408,0.5916502475738525,0
/home/jovyan/Joel_Pardo/AI4LABOUR/Mejoras/results_coursera/models/simcse_coursera_hard/sentence-transformers/all-MiniLM-L6-v2,A_semantic_only,199,0d99df7b9f80,communicate organizational information to customers or other stakeholders,4942,765bf972fcf8,10,0.3890666961669922,0.3890666961669922,4.909273147583008,0.0,0.5555555820465088,0.0,0
/home/jovyan/Joel_Pardo/AI4LABOUR/Mejoras/results_coursera/models/simcse_coursera_hard/sentence-transformers/all-MiniLM-L6-v2,A_semantic_only,200,9ff41f315fd5,operate computer systems,472,f09f0bf4e953,1,0.5719220042228699,0.5719220042228699,6.564276695251465,0.0,0.75,0.0,0
/home/jovyan/Joel_Pardo/AI4LABOUR/Mejoras/results_coursera/models/simcse_coursera_hard/sentence-transformers/all-MiniLM-L6-v2,A_semantic_only,200,9ff41f315fd5,operate computer systems,1512,f1624e5afb6a,2,0.5337128043174744,0.5337128043174744,6.112471103668213,0.25,0.75,0.8748230934143066,0
/home/jovyan/Joel_Pardo/AI4LABOUR/Mejoras/results_coursera/models/simcse_coursera_hard/sentence-transformers/all-MiniLM-L6-v2,A_semantic_only,200,9ff41f315fd5,operate computer systems,3918,d4c62f1a558b,3,0.5095700621604919,0.5095700621604919,5.826994895935059,0.25,0.75,0.8748230934143066,0
/home/jovyan/Joel_Pardo/AI4LABOUR/Mejoras/results_coursera/models/simcse_coursera_hard/sentence-transformers/all-MiniLM-L6-v2,A_semantic_only,200,9ff41f315fd5,operate computer systems,3646,17918db8cf79,4,0.5093016028404236,0.5093016028404236,5.823820114135742,0.25,0.75,0.8748230934143066,0
/home/jovyan/Joel_Pardo/AI4LABOUR/Mejoras/results_coursera/models/simcse_coursera_hard/sentence-transformers/all-MiniLM-L6-v2,A_semantic_only,200,9ff41f315fd5,operate computer systems,2186,d83f147fd804,5,0.456495463848114,0.456495463848114,5.199412822723389,0.0,0.75,0.0,0
/home/jovyan/Joel_Pardo/AI4LABOUR/Mejoras/results_coursera/models/simcse_coursera_hard/sentence-transformers/all-MiniLM-L6-v2,A_semantic_only,200,9ff41f315fd5,operate computer systems,4487,5b4964424cc3,6,0.44107508659362793,0.44107508659362793,5.017074108123779,0.25,0.75,0.8748230934143066,0
/home/jovyan/Joel_Pardo/AI4LABOUR/Mejoras/results_coursera/models/simcse_coursera_hard/sentence-transformers/all-MiniLM-L6-v2,A_semantic_only,200,9ff41f315fd5,operate computer systems,4891,75991e447aac,7,0.4371490478515625,0.4371490478515625,4.970650672912598,0.0,0.75,0.0,0
/home/jovyan/Joel_Pardo/AI4LABOUR/Mejoras/results_coursera/models/simcse_coursera_hard/sentence-transformers/all-MiniLM-L6-v2,A_semantic_only,200,9ff41f315fd5,operate computer systems,3883,212e7416897c,8,0.43427202105522156,0.43427202105522156,4.936631202697754,0.0,0.75,0.0,0
/home/jovyan/Joel_Pardo/AI4LABOUR/Mejoras/results_coursera/models/simcse_coursera_hard/sentence-transformers/all-MiniLM-L6-v2,A_semantic_only,200,9ff41f315fd5,operate computer systems,4322,111b01115aeb,9,0.42851442098617554,0.42851442098617554,4.8685503005981445,0.20000000298023224,0.6666666865348816,0.6701500415802002,0
/home/jovyan/Joel_Pardo/AI4LABOUR/Mejoras/results_coursera/models/simcse_coursera_hard/sentence-transformers/all-MiniLM-L6-v2,A_semantic_only,200,9ff41f315fd5,operate computer systems,3649,78978c6ace8e,10,0.4226367473602295,0.4226367473602295,4.7990498542785645,0.20000000298023224,1.0,0.7515224814414978,0
/home/jovyan/Joel_Pardo/AI4LABOUR/Mejoras/results_coursera/models/simcse_coursera_hard/sentence-transformers/all-MiniLM-L6-v2,A_semantic_only,201,42bb588edac5,maintain test equipment,3459,cc4e09d0f3d3,1,0.4475920796394348,0.4475920796394348,6.0059638023376465,0.20000000298023224,1.0,0.6993325352668762,0
/home/jovyan/Joel_Pardo/AI4LABOUR/Mejoras/results_coursera/models/simcse_coursera_hard/sentence-transformers/all-MiniLM-L6-v2,A_semantic_only,201,42bb588edac5,maintain test equipment,117,1b45811985d9,2,0.43778401613235474,0.43778401613235474,5.871849060058594,0.0,0.75,0.0,0
/home/jovyan/Joel_Pardo/AI4LABOUR/Mejoras/results_coursera/models/simcse_coursera_hard/sentence-transformers/all-MiniLM-L6-v2,A_semantic_only,201,42bb588edac5,maintain test equipment,937,43b6a406ef58,3,0.4116015136241913,0.4116015136241913,5.513831615447998,0.0,0.800000011920929,0.0,0
/home/jovyan/Joel_Pardo/AI4LABOUR/Mejoras/results_coursera/models/simcse_coursera_hard/sentence-transformers/all-MiniLM-L6-v2,A_semantic_only,201,42bb588edac5,maintain test equipment,2286,d990c7aa3f85,4,0.4075131416320801,0.4075131416320801,5.457927703857422,0.0,0.75,0.0,0
/home/jovyan/Joel_Pardo/AI4LABOUR/Mejoras/results_coursera/models/simcse_coursera_hard/sentence-transformers/all-MiniLM-L6-v2,A_semantic_only,201,42bb588edac5,maintain test equipment,2641,414d1ab8da6a,5,0.3937360346317291,0.3937360346317291,5.269540786743164,0.20000000298023224,1.0,1.0,0
/home/jovyan/Joel_Pardo/AI4LABOUR/Mejoras/results_coursera/models/simcse_coursera_hard/sentence-transformers/all-MiniLM-L6-v2,A_semantic_only,201,42bb588edac5,maintain test equipment,2159,73e7c7a9947e,6,0.3776147663593292,0.3776147663593292,5.049099445343018,0.0,0.75,0.0,0
/home/jovyan/Joel_Pardo/AI4LABOUR/Mejoras/results_coursera/models/simcse_coursera_hard/sentence-transformers/all-MiniLM-L6-v2,A_semantic_only,201,42bb588edac5,maintain test equipment,855,834fcfea4206,7,0.3768532872200012,0.3768532872200012,5.038687229156494,0.25,0.75,0.814070463180542,0
/home/jovyan/Joel_Pardo/AI4LABOUR/Mejoras/results_coursera/models/simcse_coursera_hard/sentence-transformers/all-MiniLM-L6-v2,A_semantic_only,201,42bb588edac5,maintain test equipment,1893,e70f70131331,8,0.37021440267562866,0.37021440267562866,4.947907447814941,0.0,0.75,0.0,0
/home/jovyan/Joel_Pardo/AI4LABOUR/Mejoras/results_coursera/models/simcse_coursera_hard/sentence-transformers/all-MiniLM-L6-v2,A_semantic_only,201,42bb588edac5,maintain test equipment,1892,ca6117ea05ac,9,0.36089280247688293,0.36089280247688293,4.820444583892822,0.0,0.75,0.0,0
/home/jovyan/Joel_Pardo/AI4LABOUR/Mejoras/results_coursera/models/simcse_coursera_hard/sentence-transformers/all-MiniLM-L6-v2,A_semantic_only,201,42bb588edac5,maintain test equipment,3980,dc0ebdffa052,10,0.3601747155189514,0.3601747155189514,4.8106255531311035,0.0,0.75,0.0,0
/home/jovyan/Joel_Pardo/AI4LABOUR/Mejoras/results_coursera/models/simcse_coursera_hard/sentence-transformers/all-MiniLM-L6-v2,A_semantic_only,202,8747ed85441f,inspect finished products to locate flaws,4292,ff6daf55d1d8,1,0.4067610502243042,0.4067610502243042,5.113208770751953,0.0,0.5714285969734192,0.0,0
/home/jovyan/Joel_Pardo/AI4LABOUR/Mejoras/results_coursera/models/simcse_coursera_hard/sentence-transformers/all-MiniLM-L6-v2,A_semantic_only,202,8747ed85441f,inspect finished products to locate flaws,2478,9b7d2bb3c766,2,0.39171138405799866,0.39171138405799866,4.929398536682129,0.0,0.8571428656578064,0.0,0
/home/jovyan/Joel_Pardo/AI4LABOUR/Mejoras/results_coursera/models/simcse_coursera_hard/sentence-transformers/all-MiniLM-L6-v2,A_semantic_only,202,8747ed85441f,inspect finished products to locate flaws,4508,ecc817d35eef,3,0.3753565847873688,0.3753565847873688,4.729648113250732,0.0,0.4285714328289032,0.0,0
/home/jovyan/Joel_Pardo/AI4LABOUR/Mejoras/results_coursera/models/simcse_coursera_hard/sentence-transformers/all-MiniLM-L6-v2,A_semantic_only,202,8747ed85441f,inspect finished products to locate flaws,78,cefdec315735,4,0.3434978723526001,0.3434978723526001,4.340539455413818,0.0,0.5714285969734192,0.0,0
/home/jovyan/Joel_Pardo/AI4LABOUR/Mejoras/results_coursera/models/simcse_coursera_hard/sentence-transformers/all-MiniLM-L6-v2,A_semantic_only,202,8747ed85441f,inspect finished products to locate flaws,3303,8dee13915ca0,5,0.34123605489730835,0.34123605489730835,4.312914848327637,0.0,0.875,0.0,0
/home/jovyan/Joel_Pardo/AI4LABOUR/Mejoras/results_coursera/models/simcse_coursera_hard/sentence-transformers/all-MiniLM-L6-v2,A_semantic_only,202,8747ed85441f,inspect finished products to locate flaws,3389,8b5982aeea2d,6,0.33373135328292847,0.33373135328292847,4.221255302429199,0.0,0.4285714328289032,0.0,0
/home/jovyan/Joel_Pardo/AI4LABOUR/Mejoras/results_coursera/models/simcse_coursera_hard/sentence-transformers/all-MiniLM-L6-v2,A_semantic_only,202,8747ed85441f,inspect finished products to locate flaws,4571,0c985ebf7e52,7,0.332200825214386,0.332200825214386,4.20256233215332,0.0,0.2857142984867096,0.0,0
/home/jovyan/Joel_Pardo/AI4LABOUR/Mejoras/results_coursera/models/simcse_coursera_hard/sentence-transformers/all-MiniLM-L6-v2,A_semantic_only,202,8747ed85441f,inspect finished products to locate flaws,4735,d4c4823f0990,8,0.3132805824279785,0.3132805824279785,3.9714787006378174,0.0,0.4285714328289032,0.0,0
/home/jovyan/Joel_Pardo/AI4LABOUR/Mejoras/results_coursera/models/simcse_coursera_hard/sentence-transformers/all-MiniLM-L6-v2,A_semantic_only,202,8747ed85441f,inspect finished products to locate flaws,80,5402ba93471c,9,0.31099367141723633,0.31099367141723633,3.943547248840332,0.0,0.5714285969734192,0.0,0
/home/jovyan/Joel_Pardo/AI4LABOUR/Mejoras/results_coursera/models/simcse_coursera_hard/sentence-transformers/all-MiniLM-L6-v2,A_semantic_only,202,8747ed85441f,inspect finished products to locate flaws,2536,62bb27f24dab,10,0.309093177318573,0.309093177318573,3.920335531234741,0.0,0.5714285969734192,0.0,0
/home/jovyan/Joel_Pardo/AI4LABOUR/Mejoras/results_coursera/models/simcse_coursera_hard/sentence-transformers/all-MiniLM-L6-v2,A_semantic_only,203,79676bc4eb6a,collect samples of raw materials or finished products,989,4ec4f7a20f54,1,0.5385038256645203,0.5385038256645203,6.826857089996338,0.2857142984867096,0.5555555820465088,1.0,0
/home/jovyan/Joel_Pardo/AI4LABOUR/Mejoras/results_coursera/models/simcse_coursera_hard/sentence-transformers/all-MiniLM-L6-v2,A_semantic_only,203,79676bc4eb6a,collect samples of raw materials or finished products,2490,b33bffd03cdb,2,0.4993102252483368,0.4993102252483368,6.32992696762085,0.0,0.3333333432674408,0.0,0
/home/jovyan/Joel_Pardo/AI4LABOUR/Mejoras/results_coursera/models/simcse_coursera_hard/sentence-transformers/all-MiniLM-L6-v2,A_semantic_only,203,79676bc4eb6a,collect samples of raw materials or finished products,2489,0b71467e6421,3,0.4430687427520752,0.4430687427520752,5.616848945617676,0.0,0.3333333432674408,0.0,0
/home/jovyan/Joel_Pardo/AI4LABOUR/Mejoras/results_coursera/models/simcse_coursera_hard/sentence-transformers/all-MiniLM-L6-v2,A_semantic_only,203,79676bc4eb6a,collect samples of raw materials or finished products,3155,e2b784ffb15c,4,0.41619443893432617,0.41619443893432617,5.276113510131836,0.0,0.6666666865348816,0.0,0
/home/jovyan/Joel_Pardo/AI4LABOUR/Mejoras/results_coursera/models/simcse_coursera_hard/sentence-transformers/all-MiniLM-L6-v2,A_semantic_only,203,79676bc4eb6a,collect samples of raw materials or finished products,4282,b462239f8295,5,0.4063533544540405,0.4063533544540405,5.151339530944824,0.0,0.6666666865348816,0.0,0
/home/jovyan/Joel_Pardo/AI4LABOUR/Mejoras/results_coursera/models/simcse_coursera_hard/sentence-transformers/all-MiniLM-L6-v2,A_semantic_only,203,79676bc4eb6a,collect samples of raw materials or finished products,4504,1f9d54874a38,6,0.40237319469451904,0.40237319469451904,5.1008758544921875,0.1111111119389534,0.6666666865348816,0.4556734561920166,0
/home/jovyan/Joel_Pardo/AI4LABOUR/Mejoras/results_coursera/models/simcse_coursera_hard/sentence-transformers/all-MiniLM-L6-v2,A_semantic_only,203,79676bc4eb6a,collect samples of raw materials or finished products,1916,c2162f90818e,7,0.39137566089630127,0.39137566089630127,4.961439609527588,0.125,0.5555555820465088,0.5119638442993164,0
/home/jovyan/Joel_Pardo/AI4LABOUR/Mejoras/results_coursera/models/simcse_coursera_hard/sentence-transformers/all-MiniLM-L6-v2,A_semantic_only,203,79676bc4eb6a,collect samples of raw materials or finished products,3154,d74736c2fa1e,8,0.3540858030319214,0.3540858030319214,4.488646507263184,0.10000000149011612,0.8888888955116272,0.5411123037338257,0
/home/jovyan/Joel_Pardo/AI4LABOUR/Mejoras/results_coursera/models/simcse_coursera_hard/sentence-transformers/all-MiniLM-L6-v2,A_semantic_only,203,79676bc4eb6a,collect samples of raw materials or finished products,3020,69fd5bfca825,9,0.331878125667572,0.331878125667572,4.207078456878662,0.0,0.2222222238779068,0.0,0
/home/jovyan/Joel_Pardo/AI4LABOUR/Mejoras/results_coursera/models/simcse_coursera_hard/sentence-transformers/all-MiniLM-L6-v2,A_semantic_only,203,79676bc4eb6a,collect samples of raw materials or finished products,4508,ecc817d35eef,10,0.32990115880966187,0.32990115880966187,4.182012557983398,0.0,0.3333333432674408,0.0,0
/home/jovyan/Joel_Pardo/AI4LABOUR/Mejoras/results_coursera/models/simcse_coursera_hard/sentence-transformers/all-MiniLM-L6-v2,A_semantic_only,204,62b52b411f3a,develop biological research methods,332,444510b9c3c3,1,0.6658366918563843,0.6658366918563843,7.306845188140869,0.5,0.6000000238418579,1.0,0
/home/jovyan/Joel_Pardo/AI4LABOUR/Mejoras/results_coursera/models/simcse_coursera_hard/sentence-transformers/all-MiniLM-L6-v2,A_semantic_only,204,62b52b411f3a,develop biological research methods,997,67e7de747dcc,2,0.5418656468391418,0.5418656468391418,5.957644939422607,0.20000000298023224,0.6000000238418579,0.4523760974407196,0
/home/jovyan/Joel_Pardo/AI4LABOUR/Mejoras/results_coursera/models/simcse_coursera_hard/sentence-transformers/all-MiniLM-L6-v2,A_semantic_only,204,62b52b411f3a,develop biological research methods,4887,18879a4e7460,3,0.48028379678726196,0.48028379678726196,5.287437915802002,0.1666666716337204,0.800000011920929,0.3886166512966156,0
/home/jovyan/Joel_Pardo/AI4LABOUR/Mejoras/results_coursera/models/simcse_coursera_hard/sentence-transformers/all-MiniLM-L6-v2,A_semantic_only,204,62b52b411f3a,develop biological research methods,1417,3432f1a88aa3,4,0.463443398475647,0.463443398475647,5.104160785675049,0.20000000298023224,0.6000000238418579,0.4523760974407196,0
/home/jovyan/Joel_Pardo/AI4LABOUR/Mejoras/results_coursera/models/simcse_coursera_hard/sentence-transformers/all-MiniLM-L6-v2,A_semantic_only,204,62b52b411f3a,develop biological research methods,4505,18e16d21f7b2,5,0.4524646997451782,0.4524646997451782,4.984677314758301,0.125,0.7142857313156128,0.27312928438186646,0
/home/jovyan/Joel_Pardo/AI4LABOUR/Mejoras/results_coursera/models/simcse_coursera_hard/sentence-transformers/all-MiniLM-L6-v2,A_semantic_only,204,62b52b411f3a,develop biological research methods,2969,d7b75427e092,6,0.44460615515708923,0.44460615515708923,4.89915132522583,0.20000000298023224,0.6000000238418579,0.4523760974407196,0
/home/jovyan/Joel_Pardo/AI4LABOUR/Mejoras/results_coursera/models/simcse_coursera_hard/sentence-transformers/all-MiniLM-L6-v2,A_semantic_only,204,62b52b411f3a,develop biological research methods,3555,5e15d5526624,7,0.4437062740325928,0.4437062740325928,4.889358043670654,0.20000000298023224,0.6000000238418579,0.4523760974407196,0
/home/jovyan/Joel_Pardo/AI4LABOUR/Mejoras/results_coursera/models/simcse_coursera_hard/sentence-transformers/all-MiniLM-L6-v2,A_semantic_only,204,62b52b411f3a,develop biological research methods,2393,f8e39ed822aa,8,0.4390706419944763,0.4390706419944763,4.838907241821289,0.20000000298023224,0.6000000238418579,0.5476239323616028,0
/home/jovyan/Joel_Pardo/AI4LABOUR/Mejoras/results_coursera/models/simcse_coursera_hard/sentence-transformers/all-MiniLM-L6-v2,A_semantic_only,204,62b52b411f3a,develop biological research methods,1629,a9ac5a6cc3cb,9,0.43370336294174194,0.43370336294174194,4.780494213104248,0.25,0.4000000059604645,0.6551055908203125,0
/home/jovyan/Joel_Pardo/AI4LABOUR/Mejoras/results_coursera/models/simcse_coursera_hard/sentence-transformers/all-MiniLM-L6-v2,A_semantic_only,204,62b52b411f3a,develop biological research methods,2967,248515e83c8a,10,0.4272443354129791,0.4272443354129791,4.710199356079102,0.20000000298023224,0.6000000238418579,0.4523760974407196,0
/home/jovyan/Joel_Pardo/AI4LABOUR/Mejoras/results_coursera/models/simcse_coursera_hard/sentence-transformers/all-MiniLM-L6-v2,A_semantic_only,205,45b6fa08d56b,research diseases or parasites,3555,5e15d5526624,1,0.5399608016014099,0.5399608016014099,7.200789928436279,0.25,0.6000000238418579,0.6802482008934021,0
/home/jovyan/Joel_Pardo/AI4LABOUR/Mejoras/results_coursera/models/simcse_coursera_hard/sentence-transformers/all-MiniLM-L6-v2,A_semantic_only,205,45b6fa08d56b,research diseases or parasites,677,9e19f8857441,2,0.49122756719589233,0.49122756719589233,6.54263973236084,0.0,0.4000000059604645,0.0,0
/home/jovyan/Joel_Pardo/AI4LABOUR/Mejoras/results_coursera/models/simcse_coursera_hard/sentence-transformers/all-MiniLM-L6-v2,A_semantic_only,205,45b6fa08d56b,research diseases or parasites,4019,6b55f944d0bc,3,0.4747890830039978,0.4747890830039978,6.3206353187561035,0.25,0.800000011920929,0.8590565323829651,0
/home/jovyan/Joel_Pardo/AI4LABOUR/Mejoras/results_coursera/models/simcse_coursera_hard/sentence-transformers/all-MiniLM-L6-v2,A_semantic_only,205,45b6fa08d56b,research diseases or parasites,1193,48ee2655e93b,4,0.4649786651134491,0.4649786651134491,6.188144207000732,0.25,0.6000000238418579,1.0,0
/home/jovyan/Joel_Pardo/AI4LABOUR/Mejoras/results_coursera/models/simcse_coursera_hard/sentence-transformers/all-MiniLM-L6-v2,A_semantic_only,205,45b6fa08d56b,research diseases or parasites,1417,3432f1a88aa3,5,0.4641764461994171,0.4641764461994171,6.177309989929199,0.25,0.6000000238418579,0.6802482008934021,0
/home/jovyan/Joel_Pardo/AI4LABOUR/Mejoras/results_coursera/models/simcse_coursera_hard/sentence-transformers/all-MiniLM-L6-v2,A_semantic_only,205,45b6fa08d56b,research diseases or parasites,2967,248515e83c8a,6,0.4640830159187317,0.4640830159187317,6.176048278808594,0.25,0.6000000238418579,0.6802482008934021,0
/home/jovyan/Joel_Pardo/AI4LABOUR/Mejoras/results_coursera/models/simcse_coursera_hard/sentence-transformers/all-MiniLM-L6-v2,A_semantic_only,205,45b6fa08d56b,research diseases or parasites,4124,d46cd1a332a7,7,0.4625084400177002,0.4625084400177002,6.154783248901367,0.0,0.6000000238418579,0.0,0
/home/jovyan/Joel_Pardo/AI4LABOUR/Mejoras/results_coursera/models/simcse_coursera_hard/sentence-transformers/all-MiniLM-L6-v2,A_semantic_only,205,45b6fa08d56b,research diseases or parasites,2172,895ce8e2039e,8,0.453039288520813,0.453039288520813,6.026900768280029,0.20000000298023224,1.0,0.7529352307319641,0
/home/jovyan/Joel_Pardo/AI4LABOUR/Mejoras/results_coursera/models/simcse_coursera_hard/sentence-transformers/all-MiniLM-L6-v2,A_semantic_only,205,45b6fa08d56b,research diseases or parasites,350,7412df2b1db8,9,0.42359456419944763,0.42359456419944763,5.629245281219482,0.3333333432674408,0.4000000059604645,0.813759982585907,0
/home/jovyan/Joel_Pardo/AI4LABOUR/Mejoras/results_coursera/models/simcse_coursera_hard/sentence-transformers/all-MiniLM-L6-v2,A_semantic_only,205,45b6fa08d56b,research diseases or parasites,1318,d61a9bb433bc,10,0.3817506432533264,0.3817506432533264,5.064136505126953,0.20000000298023224,1.0,0.7529352307319641,0
/home/jovyan/Joel_Pardo/AI4LABOUR/Mejoras/results_coursera/models/simcse_coursera_hard/sentence-transformers/all-MiniLM-L6-v2,A_semantic_only,206,c32f9f13a109,research microbiological or chemical processes or structures,3781,22b12fb7265d,1,0.4621817469596863,0.4621817469596863,6.025113105773926,0.1428571492433548,0.625,0.4594637453556061,0
/home/jovyan/Joel_Pardo/AI4LABOUR/Mejoras/results_coursera/models/simcse_coursera_hard/sentence-transformers/all-MiniLM-L6-v2,A_semantic_only,206,c32f9f13a109,research microbiological or chemical processes or structures,568,617c126cabc4,2,0.44689249992370605,0.44689249992370605,5.827111721038818,0.0,0.25,0.0,0
/home/jovyan/Joel_Pardo/AI4LABOUR/Mejoras/results_coursera/models/simcse_coursera_hard/sentence-transformers/all-MiniLM-L6-v2,A_semantic_only,206,c32f9f13a109,research microbiological or chemical processes or structures,1417,3432f1a88aa3,3,0.41537177562713623,0.41537177562713623,5.418907165527344,0.1666666716337204,0.375,0.6102300882339478,0
/home/jovyan/Joel_Pardo/AI4LABOUR/Mejoras/results_coursera/models/simcse_coursera_hard/sentence-transformers/all-MiniLM-L6-v2,A_semantic_only,206,c32f9f13a109,research microbiological or chemical processes or structures,3555,5e15d5526624,4,0.40746748447418213,0.40746748447418213,5.316544055938721,0.1666666716337204,0.375,0.6102300882339478,0
/home/jovyan/Joel_Pardo/AI4LABOUR/Mejoras/results_coursera/models/simcse_coursera_hard/sentence-transformers/all-MiniLM-L6-v2,A_semantic_only,206,c32f9f13a109,research microbiological or chemical processes or structures,1475,886332682111,5,0.3940832018852234,0.3940832018852234,5.143212795257568,0.1666666716337204,0.5,0.5242221355438232,0
/home/jovyan/Joel_Pardo/AI4LABOUR/Mejoras/results_coursera/models/simcse_coursera_hard/sentence-transformers/all-MiniLM-L6-v2,A_semantic_only,206,c32f9f13a109,research microbiological or chemical processes or structures,2969,d7b75427e092,6,0.39111271500587463,0.39111271500587463,5.104743957519531,0.1666666716337204,0.375,0.6102300882339478,0
/home/jovyan/Joel_Pardo/AI4LABOUR/Mejoras/results_coursera/models/simcse_coursera_hard/sentence-transformers/all-MiniLM-L6-v2,A_semantic_only,206,c32f9f13a109,research microbiological or chemical processes or structures,332,444510b9c3c3,7,0.3822212815284729,0.3822212815284729,4.989596366882324,0.1666666716337204,0.375,0.6102300882339478,0
/home/jovyan/Joel_Pardo/AI4LABOUR/Mejoras/results_coursera/models/simcse_coursera_hard/sentence-transformers/all-MiniLM-L6-v2,A_semantic_only,206,c32f9f13a109,research microbiological or chemical processes or structures,3856,3e81bb54c44c,8,0.37294042110443115,0.37294042110443115,4.869406223297119,0.0,0.375,0.0,0
/home/jovyan/Joel_Pardo/AI4LABOUR/Mejoras/results_coursera/models/simcse_coursera_hard/sentence-transformers/all-MiniLM-L6-v2,A_semantic_only,206,c32f9f13a109,research microbiological or chemical processes or structures,3780,5279f5c334f7,9,0.37154823541641235,0.37154823541641235,4.851376533508301,0.125,0.875,0.36843615770339966,0
/home/jovyan/Joel_Pardo/AI4LABOUR/Mejoras/results_coursera/models/simcse_coursera_hard/sentence-transformers/all-MiniLM-L6-v2,A_semantic_only,206,c32f9f13a109,research microbiological or chemical processes or structures,2967,248515e83c8a,10,0.36035317182540894,0.36035317182540894,4.706396579742432,0.1666666716337204,0.375,0.6102300882339478,0
/home/jovyan/Joel_Pardo/AI4LABOUR/Mejoras/results_coursera/models/simcse_coursera_hard/sentence-transformers/all-MiniLM-L6-v2,A_semantic_only,207,7663c229a426,analyze biological samples,1028,8077f124cccc,1,0.48369258642196655,0.48369258642196655,5.040342330932617,0.0,0.75,0.0,0
/home/jovyan/Joel_Pardo/AI4LABOUR/Mejoras/results_coursera/models/simcse_coursera_hard/sentence-transformers/all-MiniLM-L6-v2,A_semantic_only,207,7663c229a426,analyze biological samples,3743,a1ba967d5168,2,0.45539790391921997,0.45539790391921997,4.728546142578125,0.0,0.75,0.0,0
/home/jovyan/Joel_Pardo/AI4LABOUR/Mejoras/results_coursera/models/simcse_coursera_hard/sentence-transformers/all-MiniLM-L6-v2,A_semantic_only,207,7663c229a426,analyze biological samples,236,f37457245725,3,0.45140016078948975,0.45140016078948975,4.684492588043213,0.0,0.75,0.0,0
/home/jovyan/Joel_Pardo/AI4LABOUR/Mejoras/results_coursera/models/simcse_coursera_hard/sentence-transformers/all-MiniLM-L6-v2,A_semantic_only,207,7663c229a426,analyze biological samples,1079,8cd953430cf0,4,0.4362817108631134,0.4362817108631134,4.517893314361572,0.0,0.2857142984867096,0.0,0
/home/jovyan/Joel_Pardo/AI4LABOUR/Mejoras/results_coursera/models/simcse_coursera_hard/sentence-transformers/all-MiniLM-L6-v2,A_semantic_only,207,7663c229a426,analyze biological samples,1216,ee4c582ea4cf,5,0.4257235527038574,0.4257235527038574,4.401546478271484,0.0,0.75,0.0,0
/home/jovyan/Joel_Pardo/AI4LABOUR/Mejoras/results_coursera/models/simcse_coursera_hard/sentence-transformers/all-MiniLM-L6-v2,A_semantic_only,207,7663c229a426,analyze biological samples,2608,453861ee40ba,6,0.4240279793739319,0.4240279793739319,4.382861614227295,0.0,0.75,0.0,0
/home/jovyan/Joel_Pardo/AI4LABOUR/Mejoras/results_coursera/models/simcse_coursera_hard/sentence-transformers/all-MiniLM-L6-v2,A_semantic_only,207,7663c229a426,analyze biological samples,1870,b49c67106a65,7,0.4209318161010742,0.4209318161010742,4.348743438720703,0.0,0.75,0.0,0
/home/jovyan/Joel_Pardo/AI4LABOUR/Mejoras/results_coursera/models/simcse_coursera_hard/sentence-transformers/all-MiniLM-L6-v2,A_semantic_only,207,7663c229a426,analyze biological samples,1029,83072951007e,8,0.41661936044692993,0.41661936044692993,4.30122184753418,0.0,0.75,0.0,0
/home/jovyan/Joel_Pardo/AI4LABOUR/Mejoras/results_coursera/models/simcse_coursera_hard/sentence-transformers/all-MiniLM-L6-v2,A_semantic_only,207,7663c229a426,analyze biological samples,1425,4eaf6bd7e5db,9,0.4098096489906311,0.4098096489906311,4.226181507110596,0.0,1.0,0.0,0
/home/jovyan/Joel_Pardo/AI4LABOUR/Mejoras/results_coursera/models/simcse_coursera_hard/sentence-transformers/all-MiniLM-L6-v2,A_semantic_only,207,7663c229a426,analyze biological samples,3389,8b5982aeea2d,10,0.4039798974990845,0.4039798974990845,4.161940097808838,0.0,0.75,0.0,0
/home/jovyan/Joel_Pardo/AI4LABOUR/Mejoras/results_coursera/models/simcse_coursera_hard/sentence-transformers/all-MiniLM-L6-v2,A_semantic_only,208,c1c0caaa937b,research genetic characteristics or expression,1028,8077f124cccc,1,0.4667767286300659,0.4667767286300659,6.111510753631592,0.20000000298023224,0.5,0.8743377327919006,0
/home/jovyan/Joel_Pardo/AI4LABOUR/Mejoras/results_coursera/models/simcse_coursera_hard/sentence-transformers/all-MiniLM-L6-v2,A_semantic_only,208,c1c0caaa937b,research genetic characteristics or expression,4508,ecc817d35eef,2,0.40646451711654663,0.40646451711654663,5.320337772369385,0.20000000298023224,0.5,0.5335472226142883,0
/home/jovyan/Joel_Pardo/AI4LABOUR/Mejoras/results_coursera/models/simcse_coursera_hard/sentence-transformers/all-MiniLM-L6-v2,A_semantic_only,208,c1c0caaa937b,research genetic characteristics or expression,350,7412df2b1db8,3,0.4059676229953766,0.4059676229953766,5.313819408416748,0.25,0.3333333432674408,0.6382660865783691,0
/home/jovyan/Joel_Pardo/AI4LABOUR/Mejoras/results_coursera/models/simcse_coursera_hard/sentence-transformers/all-MiniLM-L6-v2,A_semantic_only,208,c1c0caaa937b,research genetic characteristics or expression,3780,5279f5c334f7,4,0.39576977491378784,0.39576977491378784,5.180044651031494,0.1428571492433548,0.8571428656578064,0.32213765382766724,0
/home/jovyan/Joel_Pardo/AI4LABOUR/Mejoras/results_coursera/models/simcse_coursera_hard/sentence-transformers/all-MiniLM-L6-v2,A_semantic_only,208,c1c0caaa937b,research genetic characteristics or expression,2441,cf49acca1f31,5,0.39382392168045044,0.39382392168045044,5.154519081115723,0.20000000298023224,0.5,0.5335472226142883,0
/home/jovyan/Joel_Pardo/AI4LABOUR/Mejoras/results_coursera/models/simcse_coursera_hard/sentence-transformers/all-MiniLM-L6-v2,A_semantic_only,208,c1c0caaa937b,research genetic characteristics or expression,1478,74af9c11434d,6,0.3934803009033203,0.3934803009033203,5.1500115394592285,0.20000000298023224,0.5,0.5335472226142883,0
/home/jovyan/Joel_Pardo/AI4LABOUR/Mejoras/results_coursera/models/simcse_coursera_hard/sentence-transformers/all-MiniLM-L6-v2,A_semantic_only,208,c1c0caaa937b,research genetic characteristics or expression,1475,886332682111,7,0.3876926600933075,0.3876926600933075,5.074089527130127,0.20000000298023224,0.6666666865348816,0.45834723114967346,0
/home/jovyan/Joel_Pardo/AI4LABOUR/Mejoras/results_coursera/models/simcse_coursera_hard/sentence-transformers/all-MiniLM-L6-v2,A_semantic_only,208,c1c0caaa937b,research genetic characteristics or expression,2969,d7b75427e092,8,0.38762328028678894,0.38762328028678894,5.073179244995117,0.20000000298023224,0.5,0.5335472226142883,0
/home/jovyan/Joel_Pardo/AI4LABOUR/Mejoras/results_coursera/models/simcse_coursera_hard/sentence-transformers/all-MiniLM-L6-v2,A_semantic_only,208,c1c0caaa937b,research genetic characteristics or expression,2796,bc4e6037a4eb,9,0.3779924213886261,0.3779924213886261,4.946842193603516,0.0,0.5,0.0,0
/home/jovyan/Joel_Pardo/AI4LABOUR/Mejoras/results_coursera/models/simcse_coursera_hard/sentence-transformers/all-MiniLM-L6-v2,A_semantic_only,208,c1c0caaa937b,research genetic characteristics or expression,1417,3432f1a88aa3,10,0.3749271035194397,0.3749271035194397,4.9066314697265625,0.20000000298023224,0.5,0.5335472226142883,0
/home/jovyan/Joel_Pardo/AI4LABOUR/Mejoras/results_coursera/models/simcse_coursera_hard/sentence-transformers/all-MiniLM-L6-v2,A_semantic_only,209,2ac9980eb5e6,design research studies to obtain scientific information,2969,d7b75427e092,1,0.5332010984420776,0.5332010984420776,5.741094589233398,0.3333333432674408,0.375,0.9414337277412415,0
/home/jovyan/Joel_Pardo/AI4LABOUR/Mejoras/results_coursera/models/simcse_coursera_hard/sentence-transformers/all-MiniLM-L6-v2,A_semantic_only,209,2ac9980eb5e6,design research studies to obtain scientific information,1937,9577cc9be047,2,0.5070759057998657,0.5070759057998657,5.461435317993164,0.125,0.5,0.45437952876091003,0
/home/jovyan/Joel_Pardo/AI4LABOUR/Mejoras/results_coursera/models/simcse_coursera_hard/sentence-transformers/all-MiniLM-L6-v2,A_semantic_only,209,2ac9980eb5e6,design research studies to obtain scientific information,4682,e7b1f13719d5,3,0.4855559170246124,0.4855559170246124,5.231072425842285,0.1111111119389534,0.625,0.39824897050857544,0
/home/jovyan/Joel_Pardo/AI4LABOUR/Mejoras/results_coursera/models/simcse_coursera_hard/sentence-transformers/all-MiniLM-L6-v2,A_semantic_only,209,2ac9980eb5e6,design research studies to obtain scientific information,1478,74af9c11434d,4,0.4459769129753113,0.4459769129753113,4.8073954582214355,0.3333333432674408,0.375,0.9414337277412415,0
/home/jovyan/Joel_Pardo/AI4LABOUR/Mejoras/results_coursera/models/simcse_coursera_hard/sentence-transformers/all-MiniLM-L6-v2,A_semantic_only,209,2ac9980eb5e6,design research studies to obtain scientific information,4502,98c2bfc7d4aa,5,0.4448716342449188,0.4448716342449188,4.7955641746521,0.1111111119389534,0.8888888955116272,0.2665424644947052,0
/home/jovyan/Joel_Pardo/AI4LABOUR/Mejoras/results_coursera/models/simcse_coursera_hard/sentence-transformers/all-MiniLM-L6-v2,A_semantic_only,209,2ac9980eb5e6,design research studies to obtain scientific information,1475,886332682111,6,0.4376603662967682,0.4376603662967682,4.71837043762207,0.3333333432674408,0.5,0.8087447881698608,0
/home/jovyan/Joel_Pardo/AI4LABOUR/Mejoras/results_coursera/models/simcse_coursera_hard/sentence-transformers/all-MiniLM-L6-v2,A_semantic_only,209,2ac9980eb5e6,design research studies to obtain scientific information,2441,cf49acca1f31,7,0.4247381389141083,0.4247381389141083,4.580043315887451,0.1428571492433548,0.375,0.5289285778999329,0
/home/jovyan/Joel_Pardo/AI4LABOUR/Mejoras/results_coursera/models/simcse_coursera_hard/sentence-transformers/all-MiniLM-L6-v2,A_semantic_only,209,2ac9980eb5e6,design research studies to obtain scientific information,4828,0207b591a5d5,8,0.4151730537414551,0.4151730537414551,4.4776530265808105,0.0,0.375,0.0,0
/home/jovyan/Joel_Pardo/AI4LABOUR/Mejoras/results_coursera/models/simcse_coursera_hard/sentence-transformers/all-MiniLM-L6-v2,A_semantic_only,209,2ac9980eb5e6,design research studies to obtain scientific information,4202,28ce6bceb890,9,0.3817647397518158,0.3817647397518158,4.120030403137207,0.125,0.5,0.3543652594089508,0
/home/jovyan/Joel_Pardo/AI4LABOUR/Mejoras/results_coursera/models/simcse_coursera_hard/sentence-transformers/all-MiniLM-L6-v2,A_semantic_only,209,2ac9980eb5e6,design research studies to obtain scientific information,1417,3432f1a88aa3,10,0.38160088658332825,0.38160088658332825,4.118276596069336,0.1428571492433548,0.375,0.5289285778999329,0
/home/jovyan/Joel_Pardo/AI4LABOUR/Mejoras/results_coursera/models/simcse_coursera_hard/sentence-transformers/all-MiniLM-L6-v2,A_semantic_only,210,39fb30c0c188,instruct college students in physical or life sciences,2103,edbccee389ef,1,0.36906471848487854,0.36906471848487854,5.44256591796875,0.0,0.3333333432674408,0.0,0
/home/jovyan/Joel_Pardo/AI4LABOUR/Mejoras/results_coursera/models/simcse_coursera_hard/sentence-transformers/all-MiniLM-L6-v2,A_semantic_only,210,39fb30c0c188,instruct college students in physical or life sciences,3927,bccafa8701bb,2,0.36790624260902405,0.36790624260902405,5.425648212432861,0.1428571492433548,0.3333333432674408,0.7923608422279358,0
/home/jovyan/Joel_Pardo/AI4LABOUR/Mejoras/results_coursera/models/simcse_coursera_hard/sentence-transformers/all-MiniLM-L6-v2,A_semantic_only,210,39fb30c0c188,instruct college students in physical or life sciences,4516,f4283dfbb653,3,0.35004913806915283,0.35004913806915283,5.1648736000061035,0.125,0.5555555820465088,1.0,0
/home/jovyan/Joel_Pardo/AI4LABOUR/Mejoras/results_coursera/models/simcse_coursera_hard/sentence-transformers/all-MiniLM-L6-v2,A_semantic_only,210,39fb30c0c188,instruct college students in physical or life sciences,5142,924a5c0eb9e2,4,0.32445448637008667,0.32445448637008667,4.791104316711426,0.0,0.3333333432674408,0.0,0
/home/jovyan/Joel_Pardo/AI4LABOUR/Mejoras/results_coursera/models/simcse_coursera_hard/sentence-transformers/all-MiniLM-L6-v2,A_semantic_only,210,39fb30c0c188,instruct college students in physical or life sciences,2294,814e0c7620b3,5,0.3211352229118347,0.3211352229118347,4.742631912231445,0.0,0.3333333432674408,0.0,0
/home/jovyan/Joel_Pardo/AI4LABOUR/Mejoras/results_coursera/models/simcse_coursera_hard/sentence-transformers/all-MiniLM-L6-v2,A_semantic_only,210,39fb30c0c188,instruct college students in physical or life sciences,3699,681d69fd804e,6,0.31661802530288696,0.31661802530288696,4.676665306091309,0.0,0.3333333432674408,0.0,0
/home/jovyan/Joel_Pardo/AI4LABOUR/Mejoras/results_coursera/models/simcse_coursera_hard/sentence-transformers/all-MiniLM-L6-v2,A_semantic_only,210,39fb30c0c188,instruct college students in physical or life sciences,4044,32a696162ad2,7,0.30097824335098267,0.30097824335098267,4.44827127456665,0.0,0.6666666865348816,0.0,0
/home/jovyan/Joel_Pardo/AI4LABOUR/Mejoras/results_coursera/models/simcse_coursera_hard/sentence-transformers/all-MiniLM-L6-v2,A_semantic_only,210,39fb30c0c188,instruct college students in physical or life sciences,4599,2e23622f45cc,8,0.2919740080833435,0.2919740080833435,4.316779136657715,0.1428571492433548,0.4444444477558136,0.7594333291053772,0
/home/jovyan/Joel_Pardo/AI4LABOUR/Mejoras/results_coursera/models/simcse_coursera_hard/sentence-transformers/all-MiniLM-L6-v2,A_semantic_only,210,39fb30c0c188,instruct college students in physical or life sciences,1544,d081ed91a365,9,0.2697039842605591,0.2697039842605591,3.991560697555542,0.0,0.3333333432674408,0.0,0
/home/jovyan/Joel_Pardo/AI4LABOUR/Mejoras/results_coursera/models/simcse_coursera_hard/sentence-transformers/all-MiniLM-L6-v2,A_semantic_only,210,39fb30c0c188,instruct college students in physical or life sciences,3526,18c8486ca97a,10,0.26713383197784424,0.26713383197784424,3.9540276527404785,0.0,0.8181818127632141,0.0,0
/home/jovyan/Joel_Pardo/AI4LABOUR/Mejoras/results_coursera/models/simcse_coursera_hard/sentence-transformers/all-MiniLM-L6-v2,A_semantic_only,211,c7ea79acedc2,set up laboratory or field equipment,5103,31563c6ec4b8,1,0.4579834043979645,0.4579834043979645,6.680172920227051,0.2857142984867096,0.8571428656578064,1.0,0
/home/jovyan/Joel_Pardo/AI4LABOUR/Mejoras/results_coursera/models/simcse_coursera_hard/sentence-transformers/all-MiniLM-L6-v2,A_semantic_only,211,c7ea79acedc2,set up laboratory or field equipment,2091,15510201a5af,2,0.44159454107284546,0.44159454107284546,6.439479827880859,0.0,0.4285714328289032,0.0,0
/home/jovyan/Joel_Pardo/AI4LABOUR/Mejoras/results_coursera/models/simcse_coursera_hard/sentence-transformers/all-MiniLM-L6-v2,A_semantic_only,211,c7ea79acedc2,set up laboratory or field equipment,4392,3a094fbefb49,3,0.3829329013824463,0.3829329013824463,5.5779523849487305,0.1111111119389534,0.8571428656578064,0.48455744981765747,0
/home/jovyan/Joel_Pardo/AI4LABOUR/Mejoras/results_coursera/models/simcse_coursera_hard/sentence-transformers/all-MiniLM-L6-v2,A_semantic_only,211,c7ea79acedc2,set up laboratory or field equipment,3538,e81c51eb2ed8,4,0.3678044080734253,0.3678044080734253,5.355769157409668,0.1111111119389534,0.8571428656578064,0.48455744981765747,0
/home/jovyan/Joel_Pardo/AI4LABOUR/Mejoras/results_coursera/models/simcse_coursera_hard/sentence-transformers/all-MiniLM-L6-v2,A_semantic_only,211,c7ea79acedc2,set up laboratory or field equipment,4947,b062e1652af4,5,0.3671332001686096,0.3671332001686096,5.345911979675293,0.0,0.4285714328289032,0.0,0
/home/jovyan/Joel_Pardo/AI4LABOUR/Mejoras/results_coursera/models/simcse_coursera_hard/sentence-transformers/all-MiniLM-L6-v2,A_semantic_only,211,c7ea79acedc2,set up laboratory or field equipment,4501,7e31f9e44f69,6,0.3227553069591522,0.3227553069591522,4.6941609382629395,0.0,0.699999988079071,0.0,0
/home/jovyan/Joel_Pardo/AI4LABOUR/Mejoras/results_coursera/models/simcse_coursera_hard/sentence-transformers/all-MiniLM-L6-v2,A_semantic_only,211,c7ea79acedc2,set up laboratory or field equipment,2690,7cdbf2771715,7,0.3064008355140686,0.3064008355140686,4.453972816467285,0.0,0.5714285969734192,0.0,0
/home/jovyan/Joel_Pardo/AI4LABOUR/Mejoras/results_coursera/models/simcse_coursera_hard/sentence-transformers/all-MiniLM-L6-v2,A_semantic_only,211,c7ea79acedc2,set up laboratory or field equipment,3494,58423b2c3dcf,8,0.30176404118537903,0.30176404118537903,4.3858747482299805,0.0,1.0,0.0,0
/home/jovyan/Joel_Pardo/AI4LABOUR/Mejoras/results_coursera/models/simcse_coursera_hard/sentence-transformers/all-MiniLM-L6-v2,A_semantic_only,211,c7ea79acedc2,set up laboratory or field equipment,3515,171adad99b61,9,0.2990558445453644,0.2990558445453644,4.3461012840271,0.0,0.4285714328289032,0.0,0
/home/jovyan/Joel_Pardo/AI4LABOUR/Mejoras/results_coursera/models/simcse_coursera_hard/sentence-transformers/all-MiniLM-L6-v2,A_semantic_only,211,c7ea79acedc2,set up laboratory or field equipment,2641,414d1ab8da6a,10,0.291226863861084,0.291226863861084,4.231122016906738,0.1428571492433548,0.5714285969734192,0.8388090133666992,0
/home/jovyan/Joel_Pardo/AI4LABOUR/Mejoras/results_coursera/models/simcse_coursera_hard/sentence-transformers/all-MiniLM-L6-v2,A_semantic_only,212,0cf60304ef43,write grant proposals,1563,50c51c20afba,1,0.7158521413803101,0.7158521413803101,9.47829818725586,0.25,0.75,1.0,0
/home/jovyan/Joel_Pardo/AI4LABOUR/Mejoras/results_coursera/models/simcse_coursera_hard/sentence-transformers/all-MiniLM-L6-v2,A_semantic_only,212,0cf60304ef43,write grant proposals,47,b9241dcb1d13,2,0.46157675981521606,0.46157675981521606,6.117839336395264,0.0,0.75,0.0,0
/home/jovyan/Joel_Pardo/AI4LABOUR/Mejoras/results_coursera/models/simcse_coursera_hard/sentence-transformers/all-MiniLM-L6-v2,A_semantic_only,212,0cf60304ef43,write grant proposals,2976,333e029b0118,3,0.42809826135635376,0.42809826135635376,5.675393581390381,0.1111111119389534,0.4444444477558136,0.5039290189743042,0
/home/jovyan/Joel_Pardo/AI4LABOUR/Mejoras/results_coursera/models/simcse_coursera_hard/sentence-transformers/all-MiniLM-L6-v2,A_semantic_only,212,0cf60304ef43,write grant proposals,3782,0d6b3a3f8dee,4,0.4169244170188904,0.4169244170188904,5.527721881866455,0.0,0.4444444477558136,0.0,0
/home/jovyan/Joel_Pardo/AI4LABOUR/Mejoras/results_coursera/models/simcse_coursera_hard/sentence-transformers/all-MiniLM-L6-v2,A_semantic_only,212,0cf60304ef43,write grant proposals,1704,357ff6cf3fd9,5,0.4149015545845032,0.4149015545845032,5.500988483428955,0.1666666716337204,0.6666666865348816,0.6282539963722229,0
/home/jovyan/Joel_Pardo/AI4LABOUR/Mejoras/results_coursera/models/simcse_coursera_hard/sentence-transformers/all-MiniLM-L6-v2,A_semantic_only,212,0cf60304ef43,write grant proposals,46,a3db224ea72e,6,0.3671116530895233,0.3671116530895233,4.869405269622803,0.0,1.0,0.0,0
/home/jovyan/Joel_Pardo/AI4LABOUR/Mejoras/results_coursera/models/simcse_coursera_hard/sentence-transformers/all-MiniLM-L6-v2,A_semantic_only,212,0cf60304ef43,write grant proposals,3331,bd1098fcfc05,7,0.36146998405456543,0.36146998405456543,4.794846057891846,0.0,1.0,0.0,0
/home/jovyan/Joel_Pardo/AI4LABOUR/Mejoras/results_coursera/models/simcse_coursera_hard/sentence-transformers/all-MiniLM-L6-v2,A_semantic_only,212,0cf60304ef43,write grant proposals,4578,c3464dd13139,8,0.34566861391067505,0.34566861391067505,4.586018085479736,0.0,0.800000011920929,0.0,0
/home/jovyan/Joel_Pardo/AI4LABOUR/Mejoras/results_coursera/models/simcse_coursera_hard/sentence-transformers/all-MiniLM-L6-v2,A_semantic_only,212,0cf60304ef43,write grant proposals,3332,72c021894860,9,0.3310907483100891,0.3310907483100891,4.393359661102295,0.0,1.0,0.0,0
/home/jovyan/Joel_Pardo/AI4LABOUR/Mejoras/results_coursera/models/simcse_coursera_hard/sentence-transformers/all-MiniLM-L6-v2,A_semantic_only,212,0cf60304ef43,write grant proposals,3778,796c7bf0156f,10,0.3083398640155792,0.3083398640155792,4.092688083648682,0.0,0.75,0.0,0
/home/jovyan/Joel_Pardo/AI4LABOUR/Mejoras/results_coursera/models/simcse_coursera_hard/sentence-transformers/all-MiniLM-L6-v2,A_semantic_only,213,f1b4c19341de,"cultivate micro-organisms for study, testing, or medical preparations",568,617c126cabc4,1,0.4201410710811615,0.4201410710811615,5.602270603179932,0.0,0.20000000298023224,0.0,0
/home/jovyan/Joel_Pardo/AI4LABOUR/Mejoras/results_coursera/models/simcse_coursera_hard/sentence-transformers/all-MiniLM-L6-v2,A_semantic_only,213,f1b4c19341de,"cultivate micro-organisms for study, testing, or medical preparations",855,834fcfea4206,2,0.41878029704093933,0.41878029704093933,5.584453582763672,0.0,0.30000001192092896,0.0,0
/home/jovyan/Joel_Pardo/AI4LABOUR/Mejoras/results_coursera/models/simcse_coursera_hard/sentence-transformers/all-MiniLM-L6-v2,A_semantic_only,213,f1b4c19341de,"cultivate micro-organisms for study, testing, or medical preparations",2145,9138209c72a6,3,0.36992788314819336,0.36992788314819336,4.944823741912842,0.0,0.6000000238418579,0.0,0
/home/jovyan/Joel_Pardo/AI4LABOUR/Mejoras/results_coursera/models/simcse_coursera_hard/sentence-transformers/all-MiniLM-L6-v2,A_semantic_only,213,f1b4c19341de,"cultivate micro-organisms for study, testing, or medical preparations",3006,a912f5be80d2,4,0.3602794110774994,0.3602794110774994,4.818495273590088,0.125,0.30000001192092896,1.0,0
/home/jovyan/Joel_Pardo/AI4LABOUR/Mejoras/results_coursera/models/simcse_coursera_hard/sentence-transformers/all-MiniLM-L6-v2,A_semantic_only,213,f1b4c19341de,"cultivate micro-organisms for study, testing, or medical preparations",3144,19c6d540fe6c,5,0.3175289034843445,0.3175289034843445,4.258758068084717,0.0,0.20000000298023224,0.0,0
/home/jovyan/Joel_Pardo/AI4LABOUR/Mejoras/results_coursera/models/simcse_coursera_hard/sentence-transformers/all-MiniLM-L6-v2,A_semantic_only,213,f1b4c19341de,"cultivate micro-organisms for study, testing, or medical preparations",597,7d488fa9de38,6,0.3166818618774414,0.3166818618774414,4.24766731262207,0.0,0.20000000298023224,0.0,0
/home/jovyan/Joel_Pardo/AI4LABOUR/Mejoras/results_coursera/models/simcse_coursera_hard/sentence-transformers/all-MiniLM-L6-v2,A_semantic_only,213,f1b4c19341de,"cultivate micro-organisms for study, testing, or medical preparations",2489,0b71467e6421,7,0.30928468704223633,0.30928468704223633,4.150815486907959,0.0,0.30000001192092896,0.0,0
/home/jovyan/Joel_Pardo/AI4LABOUR/Mejoras/results_coursera/models/simcse_coursera_hard/sentence-transformers/all-MiniLM-L6-v2,A_semantic_only,213,f1b4c19341de,"cultivate micro-organisms for study, testing, or medical preparations",1037,58c07ed4fd0b,8,0.30528002977371216,0.30528002977371216,4.098381996154785,0.0,0.30000001192092896,0.0,0
/home/jovyan/Joel_Pardo/AI4LABOUR/Mejoras/results_coursera/models/simcse_coursera_hard/sentence-transformers/all-MiniLM-L6-v2,A_semantic_only,213,f1b4c19341de,"cultivate micro-organisms for study, testing, or medical preparations",4215,447a2be7225d,9,0.2932308316230774,0.2932308316230774,3.9406204223632812,0.0,0.30000001192092896,0.0,0
/home/jovyan/Joel_Pardo/AI4LABOUR/Mejoras/results_coursera/models/simcse_coursera_hard/sentence-transformers/all-MiniLM-L6-v2,A_semantic_only,213,f1b4c19341de,"cultivate micro-organisms for study, testing, or medical preparations",3555,5e15d5526624,10,0.2902493178844452,0.2902493178844452,3.901583194732666,0.125,0.30000001192092896,0.7310928106307983,0
/home/jovyan/Joel_Pardo/AI4LABOUR/Mejoras/results_coursera/models/simcse_coursera_hard/sentence-transformers/all-MiniLM-L6-v2,A_semantic_only,214,fc824bfe7bf0,prepare biological samples for testing or analysis,855,834fcfea4206,1,0.6469932794570923,0.6469932794570923,6.9965901374816895,0.0,0.375,0.0,0
/home/jovyan/Joel_Pardo/AI4LABOUR/Mejoras/results_coursera/models/simcse_coursera_hard/sentence-transformers/all-MiniLM-L6-v2,A_semantic_only,214,fc824bfe7bf0,prepare biological samples for testing or analysis,2489,0b71467e6421,2,0.5984646081924438,0.5984646081924438,6.464426517486572,0.0,0.375,0.0,0
/home/jovyan/Joel_Pardo/AI4LABOUR/Mejoras/results_coursera/models/simcse_coursera_hard/sentence-transformers/all-MiniLM-L6-v2,A_semantic_only,214,fc824bfe7bf0,prepare biological samples for testing or analysis,4590,5d45850c5baa,3,0.5381258726119995,0.5381258726119995,5.802753925323486,0.1666666716337204,0.375,1.0,0
/home/jovyan/Joel_Pardo/AI4LABOUR/Mejoras/results_coursera/models/simcse_coursera_hard/sentence-transformers/all-MiniLM-L6-v2,A_semantic_only,214,fc824bfe7bf0,prepare biological samples for testing or analysis,170,8b7c50fed2a1,4,0.5313853025436401,0.5313853025436401,5.728837013244629,0.0,0.375,0.0,0
/home/jovyan/Joel_Pardo/AI4LABOUR/Mejoras/results_coursera/models/simcse_coursera_hard/sentence-transformers/all-MiniLM-L6-v2,A_semantic_only,214,fc824bfe7bf0,prepare biological samples for testing or analysis,1303,a796f929350d,5,0.4617340564727783,0.4617340564727783,4.965044021606445,0.0,0.375,0.0,0
/home/jovyan/Joel_Pardo/AI4LABOUR/Mejoras/results_coursera/models/simcse_coursera_hard/sentence-transformers/all-MiniLM-L6-v2,A_semantic_only,214,fc824bfe7bf0,prepare biological samples for testing or analysis,4594,432b2439a32a,6,0.4097284972667694,0.4097284972667694,4.394752502441406,0.0,0.375,0.0,0
/home/jovyan/Joel_Pardo/AI4LABOUR/Mejoras/results_coursera/models/simcse_coursera_hard/sentence-transformers/all-MiniLM-L6-v2,A_semantic_only,214,fc824bfe7bf0,prepare biological samples for testing or analysis,2899,02494e9ed104,7,0.3971101641654968,0.3971101641654968,4.256380558013916,0.0,0.5,0.0,0
/home/jovyan/Joel_Pardo/AI4LABOUR/Mejoras/results_coursera/models/simcse_coursera_hard/sentence-transformers/all-MiniLM-L6-v2,A_semantic_only,214,fc824bfe7bf0,prepare biological samples for testing or analysis,4855,0e550c83c7ff,8,0.3951159715652466,0.3951159715652466,4.2345123291015625,0.0,0.375,0.0,0
/home/jovyan/Joel_Pardo/AI4LABOUR/Mejoras/results_coursera/models/simcse_coursera_hard/sentence-transformers/all-MiniLM-L6-v2,A_semantic_only,214,fc824bfe7bf0,prepare biological samples for testing or analysis,1038,a57be234a339,9,0.39034292101860046,0.39034292101860046,4.18217134475708,0.0,0.375,0.0,0
/home/jovyan/Joel_Pardo/AI4LABOUR/Mejoras/results_coursera/models/simcse_coursera_hard/sentence-transformers/all-MiniLM-L6-v2,A_semantic_only,214,fc824bfe7bf0,prepare biological samples for testing or analysis,1079,8cd953430cf0,10,0.386896550655365,0.386896550655365,4.144378185272217,0.0,0.5714285969734192,0.1975034773349762,0
/home/jovyan/Joel_Pardo/AI4LABOUR/Mejoras/results_coursera/models/simcse_coursera_hard/sentence-transformers/all-MiniLM-L6-v2,A_semantic_only,215,79b70e0eb0dc,monitor environmental impacts of production or development activities,2277,e2ee4e5d252a,1,0.5978298187255859,0.5978298187255859,6.742180824279785,0.1428571492433548,0.3333333432674408,0.4492408037185669,0
/home/jovyan/Joel_Pardo/AI4LABOUR/Mejoras/results_coursera/models/simcse_coursera_hard/sentence-transformers/all-MiniLM-L6-v2,A_semantic_only,215,79b70e0eb0dc,monitor environmental impacts of production or development activities,5020,d5543f5402aa,2,0.550611138343811,0.550611138343811,6.205451011657715,0.3333333432674408,0.3333333432674408,1.0,0
/home/jovyan/Joel_Pardo/AI4LABOUR/Mejoras/results_coursera/models/simcse_coursera_hard/sentence-transformers/all-MiniLM-L6-v2,A_semantic_only,215,79b70e0eb0dc,monitor environmental impacts of production or development activities,2999,a4a640d71221,3,0.5410140752792358,0.5410140752792358,6.096362590789795,0.125,0.4444444477558136,0.38592323660850525,0
/home/jovyan/Joel_Pardo/AI4LABOUR/Mejoras/results_coursera/models/simcse_coursera_hard/sentence-transformers/all-MiniLM-L6-v2,A_semantic_only,215,79b70e0eb0dc,monitor environmental impacts of production or development activities,4187,2d883d5e00ea,4,0.47127455472946167,0.47127455472946167,5.303640365600586,0.1428571492433548,0.3333333432674408,0.4492408037185669,0
/home/jovyan/Joel_Pardo/AI4LABOUR/Mejoras/results_coursera/models/simcse_coursera_hard/sentence-transformers/all-MiniLM-L6-v2,A_semantic_only,215,79b70e0eb0dc,monitor environmental impacts of production or development activities,3250,688e91eeecce,5,0.4370017647743225,0.4370017647743225,4.914065361022949,0.125,0.4444444477558136,0.38592323660850525,0
/home/jovyan/Joel_Pardo/AI4LABOUR/Mejoras/results_coursera/models/simcse_coursera_hard/sentence-transformers/all-MiniLM-L6-v2,A_semantic_only,215,79b70e0eb0dc,monitor environmental impacts of production or development activities,3516,afe8a26918ff,6,0.4279640316963196,0.4279640316963196,4.811334609985352,0.0,0.5555555820465088,0.0,0
/home/jovyan/Joel_Pardo/AI4LABOUR/Mejoras/results_coursera/models/simcse_coursera_hard/sentence-transformers/all-MiniLM-L6-v2,A_semantic_only,215,79b70e0eb0dc,monitor environmental impacts of production or development activities,362,af64042459da,7,0.427105188369751,0.427105188369751,4.801571846008301,0.0,0.4444444477558136,0.0,0
/home/jovyan/Joel_Pardo/AI4LABOUR/Mejoras/results_coursera/models/simcse_coursera_hard/sentence-transformers/all-MiniLM-L6-v2,A_semantic_only,215,79b70e0eb0dc,monitor environmental impacts of production or development activities,1528,b5a989054bb6,8,0.42210060358047485,0.42210060358047485,4.744685649871826,0.0,0.3333333432674408,0.0,0
/home/jovyan/Joel_Pardo/AI4LABOUR/Mejoras/results_coursera/models/simcse_coursera_hard/sentence-transformers/all-MiniLM-L6-v2,A_semantic_only,215,79b70e0eb0dc,monitor environmental impacts of production or development activities,594,89948c7f4890,9,0.41964995861053467,0.41964995861053467,4.716829299926758,0.0,0.2222222238779068,0.0,0
/home/jovyan/Joel_Pardo/AI4LABOUR/Mejoras/results_coursera/models/simcse_coursera_hard/sentence-transformers/all-MiniLM-L6-v2,A_semantic_only,215,79b70e0eb0dc,monitor environmental impacts of production or development activities,1437,5a582c2852f5,10,0.4105932116508484,0.4105932116508484,4.613882064819336,0.0,0.3333333432674408,0.0,0
/home/jovyan/Joel_Pardo/AI4LABOUR/Mejoras/results_coursera/models/simcse_coursera_hard/sentence-transformers/all-MiniLM-L6-v2,A_semantic_only,216,f20501abeeb8,inspect condition of natural environments,2277,e2ee4e5d252a,1,0.4204310476779938,0.4204310476779938,5.204585075378418,0.0,0.5,0.0,0
/home/jovyan/Joel_Pardo/AI4LABOUR/Mejoras/results_coursera/models/simcse_coursera_hard/sentence-transformers/all-MiniLM-L6-v2,A_semantic_only,216,f20501abeeb8,inspect condition of natural environments,3250,688e91eeecce,2,0.3902333378791809,0.3902333378791809,4.8285675048828125,0.0,0.6666666865348816,0.0,0
/home/jovyan/Joel_Pardo/AI4LABOUR/Mejoras/results_coursera/models/simcse_coursera_hard/sentence-transformers/all-MiniLM-L6-v2,A_semantic_only,216,f20501abeeb8,inspect condition of natural environments,4735,d4c4823f0990,3,0.3851056694984436,0.3851056694984436,4.764718532562256,0.0,0.5,0.0,0
/home/jovyan/Joel_Pardo/AI4LABOUR/Mejoras/results_coursera/models/simcse_coursera_hard/sentence-transformers/all-MiniLM-L6-v2,A_semantic_only,216,f20501abeeb8,inspect condition of natural environments,4914,2e9a8c0dcf86,4,0.37817829847335815,0.37817829847335815,4.678460121154785,0.0,0.5,0.0,0
/home/jovyan/Joel_Pardo/AI4LABOUR/Mejoras/results_coursera/models/simcse_coursera_hard/sentence-transformers/all-MiniLM-L6-v2,A_semantic_only,216,f20501abeeb8,inspect condition of natural environments,4993,36ac737cbc98,5,0.3767971992492676,0.3767971992492676,4.661262512207031,0.20000000298023224,0.5,1.0,0
/home/jovyan/Joel_Pardo/AI4LABOUR/Mejoras/results_coursera/models/simcse_coursera_hard/sentence-transformers/all-MiniLM-L6-v2,A_semantic_only,216,f20501abeeb8,inspect condition of natural environments,4106,7a6199e2dfd9,6,0.3693411350250244,0.3693411350250244,4.568420886993408,0.0,0.4000000059604645,0.0,0
/home/jovyan/Joel_Pardo/AI4LABOUR/Mejoras/results_coursera/models/simcse_coursera_hard/sentence-transformers/all-MiniLM-L6-v2,A_semantic_only,216,f20501abeeb8,inspect condition of natural environments,3141,e900e40bc91d,7,0.3521300256252289,0.3521300256252289,4.354110240936279,0.0,0.3333333432674408,0.0,0
/home/jovyan/Joel_Pardo/AI4LABOUR/Mejoras/results_coursera/models/simcse_coursera_hard/sentence-transformers/all-MiniLM-L6-v2,A_semantic_only,216,f20501abeeb8,inspect condition of natural environments,4571,0c985ebf7e52,8,0.3495306372642517,0.3495306372642517,4.321743488311768,0.0,0.3333333432674408,0.0,0
/home/jovyan/Joel_Pardo/AI4LABOUR/Mejoras/results_coursera/models/simcse_coursera_hard/sentence-transformers/all-MiniLM-L6-v2,A_semantic_only,216,f20501abeeb8,inspect condition of natural environments,4814,c41dafcf06d0,9,0.34554821252822876,0.34554821252822876,4.272154808044434,0.0,0.6666666865348816,0.0,0
/home/jovyan/Joel_Pardo/AI4LABOUR/Mejoras/results_coursera/models/simcse_coursera_hard/sentence-transformers/all-MiniLM-L6-v2,A_semantic_only,216,f20501abeeb8,inspect condition of natural environments,586,91dbb13e3a32,10,0.3444581925868988,0.3444581925868988,4.25858211517334,0.20000000298023224,0.5,1.0,0
/home/jovyan/Joel_Pardo/AI4LABOUR/Mejoras/results_coursera/models/simcse_coursera_hard/sentence-transformers/all-MiniLM-L6-v2,A_semantic_only,217,e2bfb92834a7,classify organisms based on their characteristics or behavior,1152,63f69c7f9587,1,0.5066629648208618,0.5066629648208618,6.1739182472229,0.0,0.2222222238779068,0.0,0
/home/jovyan/Joel_Pardo/AI4LABOUR/Mejoras/results_coursera/models/simcse_coursera_hard/sentence-transformers/all-MiniLM-L6-v2,A_semantic_only,217,e2bfb92834a7,classify organisms based on their characteristics or behavior,3804,f02b8c39d3be,2,0.49490129947662354,0.49490129947662354,6.023924350738525,0.0,0.3333333432674408,0.0,0
/home/jovyan/Joel_Pardo/AI4LABOUR/Mejoras/results_coursera/models/simcse_coursera_hard/sentence-transformers/all-MiniLM-L6-v2,A_semantic_only,217,e2bfb92834a7,classify organisms based on their characteristics or behavior,517,8d0beb49e3f9,3,0.46220606565475464,0.46220606565475464,5.606969833374023,0.0,0.3333333432674408,0.0,0
/home/jovyan/Joel_Pardo/AI4LABOUR/Mejoras/results_coursera/models/simcse_coursera_hard/sentence-transformers/all-MiniLM-L6-v2,A_semantic_only,217,e2bfb92834a7,classify organisms based on their characteristics or behavior,4836,4cc4ef48bf85,4,0.4518930912017822,0.4518930912017822,5.4754509925842285,0.0,0.3333333432674408,0.0,0
/home/jovyan/Joel_Pardo/AI4LABOUR/Mejoras/results_coursera/models/simcse_coursera_hard/sentence-transformers/all-MiniLM-L6-v2,A_semantic_only,217,e2bfb92834a7,classify organisms based on their characteristics or behavior,3886,f5973cc68e4a,5,0.4394192695617676,0.4394192695617676,5.316375255584717,0.0,0.3333333432674408,0.0,0
/home/jovyan/Joel_Pardo/AI4LABOUR/Mejoras/results_coursera/models/simcse_coursera_hard/sentence-transformers/all-MiniLM-L6-v2,A_semantic_only,217,e2bfb92834a7,classify organisms based on their characteristics or behavior,551,56a1ae1d8f62,6,0.42757660150527954,0.42757660150527954,5.165348529815674,0.1428571492433548,0.3333333432674408,0.7405116558074951,0
/home/jovyan/Joel_Pardo/AI4LABOUR/Mejoras/results_coursera/models/simcse_coursera_hard/sentence-transformers/all-MiniLM-L6-v2,A_semantic_only,217,e2bfb92834a7,classify organisms based on their characteristics or behavior,3888,8397cc77407c,7,0.4247506558895111,0.4247506558895111,5.12930965423584,0.0,0.3333333432674408,0.0,0
/home/jovyan/Joel_Pardo/AI4LABOUR/Mejoras/results_coursera/models/simcse_coursera_hard/sentence-transformers/all-MiniLM-L6-v2,A_semantic_only,217,e2bfb92834a7,classify organisms based on their characteristics or behavior,3674,e4b6b7b60cab,8,0.41166871786117554,0.41166871786117554,4.962479114532471,0.0,0.3333333432674408,0.0,0
/home/jovyan/Joel_Pardo/AI4LABOUR/Mejoras/results_coursera/models/simcse_coursera_hard/sentence-transformers/all-MiniLM-L6-v2,A_semantic_only,217,e2bfb92834a7,classify organisms based on their characteristics or behavior,384,18872daa66d4,9,0.3980711102485657,0.3980711102485657,4.789072036743164,0.0,0.4444444477558136,0.0,0
/home/jovyan/Joel_Pardo/AI4LABOUR/Mejoras/results_coursera/models/simcse_coursera_hard/sentence-transformers/all-MiniLM-L6-v2,A_semantic_only,217,e2bfb92834a7,classify organisms based on their characteristics or behavior,4011,9bbb7d0597f8,10,0.3933013081550598,0.3933013081550598,4.728243827819824,0.0,0.4444444477558136,0.0,0
/home/jovyan/Joel_Pardo/AI4LABOUR/Mejoras/results_coursera/models/simcse_coursera_hard/sentence-transformers/all-MiniLM-L6-v2,A_semantic_only,218,2f93e8f923e8,examine characteristics or behavior of living organisms,551,56a1ae1d8f62,1,0.454140841960907,0.454140841960907,5.637835502624512,0.1666666716337204,0.375,0.7405116558074951,0
/home/jovyan/Joel_Pardo/AI4LABOUR/Mejoras/results_coursera/models/simcse_coursera_hard/sentence-transformers/all-MiniLM-L6-v2,A_semantic_only,218,2f93e8f923e8,examine characteristics or behavior of living organisms,2592,bf659a897a82,2,0.36762380599975586,0.36762380599975586,4.5150556564331055,0.0,0.5714285969734192,0.0,0
/home/jovyan/Joel_Pardo/AI4LABOUR/Mejoras/results_coursera/models/simcse_coursera_hard/sentence-transformers/all-MiniLM-L6-v2,A_semantic_only,218,2f93e8f923e8,examine characteristics or behavior of living organisms,2623,5b9cd334c378,3,0.3498971462249756,0.3498971462249756,4.285006999969482,0.0,0.7272727489471436,0.35482272505760193,0
/home/jovyan/Joel_Pardo/AI4LABOUR/Mejoras/results_coursera/models/simcse_coursera_hard/sentence-transformers/all-MiniLM-L6-v2,A_semantic_only,218,2f93e8f923e8,examine characteristics or behavior of living organisms,1575,992d0aad8b43,4,0.33292821049690247,0.33292821049690247,4.064791679382324,0.1666666716337204,0.375,0.7405116558074951,0
/home/jovyan/Joel_Pardo/AI4LABOUR/Mejoras/results_coursera/models/simcse_coursera_hard/sentence-transformers/all-MiniLM-L6-v2,A_semantic_only,218,2f93e8f923e8,examine characteristics or behavior of living organisms,1315,a8d783c6d748,5,0.3099709749221802,0.3099709749221802,3.7668631076812744,0.125,0.75,0.4962539076805115,0
/home/jovyan/Joel_Pardo/AI4LABOUR/Mejoras/results_coursera/models/simcse_coursera_hard/sentence-transformers/all-MiniLM-L6-v2,A_semantic_only,218,2f93e8f923e8,examine characteristics or behavior of living organisms,330,fdce10da1015,6,0.30989202857017517,0.30989202857017517,3.765838384628296,0.0,0.25,0.0,0
/home/jovyan/Joel_Pardo/AI4LABOUR/Mejoras/results_coursera/models/simcse_coursera_hard/sentence-transformers/all-MiniLM-L6-v2,A_semantic_only,218,2f93e8f923e8,examine characteristics or behavior of living organisms,2536,62bb27f24dab,7,0.3091008961200714,0.3091008961200714,3.7555716037750244,0.0,0.5,0.0,0
/home/jovyan/Joel_Pardo/AI4LABOUR/Mejoras/results_coursera/models/simcse_coursera_hard/sentence-transformers/all-MiniLM-L6-v2,A_semantic_only,218,2f93e8f923e8,examine characteristics or behavior of living organisms,4035,02bd3f0a6aec,8,0.30473488569259644,0.30473488569259644,3.698911428451538,0.0,0.75,0.0,0
/home/jovyan/Joel_Pardo/AI4LABOUR/Mejoras/results_coursera/models/simcse_coursera_hard/sentence-transformers/all-MiniLM-L6-v2,A_semantic_only,218,2f93e8f923e8,examine characteristics or behavior of living organisms,2621,3e1289abfafa,9,0.3041428327560425,0.3041428327560425,3.691227912902832,0.0,0.6666666865348816,0.16236305236816406,0
/home/jovyan/Joel_Pardo/AI4LABOUR/Mejoras/results_coursera/models/simcse_coursera_hard/sentence-transformers/all-MiniLM-L6-v2,A_semantic_only,218,2f93e8f923e8,examine characteristics or behavior of living organisms,4106,7a6199e2dfd9,10,0.2999464273452759,0.2999464273452759,3.6367688179016113,0.0,0.5333333611488342,0.0,0
/home/jovyan/Joel_Pardo/AI4LABOUR/Mejoras/results_coursera/models/simcse_coursera_hard/sentence-transformers/all-MiniLM-L6-v2,A_semantic_only,219,573d5b3bbb3d,operate laboratory or field equipment,4501,7e31f9e44f69,1,0.3488174378871918,0.3488174378871918,5.206109046936035,0.0,0.6000000238418579,0.0,0
/home/jovyan/Joel_Pardo/AI4LABOUR/Mejoras/results_coursera/models/simcse_coursera_hard/sentence-transformers/all-MiniLM-L6-v2,A_semantic_only,219,573d5b3bbb3d,operate laboratory or field equipment,937,43b6a406ef58,2,0.33020803332328796,0.33020803332328796,4.926209926605225,0.0,0.8333333134651184,0.0,0
/home/jovyan/Joel_Pardo/AI4LABOUR/Mejoras/results_coursera/models/simcse_coursera_hard/sentence-transformers/all-MiniLM-L6-v2,A_semantic_only,219,573d5b3bbb3d,operate laboratory or field equipment,4165,44c52b3be2d7,3,0.3025210499763489,0.3025210499763489,4.509778022766113,0.0,0.5,0.0,0
/home/jovyan/Joel_Pardo/AI4LABOUR/Mejoras/results_coursera/models/simcse_coursera_hard/sentence-transformers/all-MiniLM-L6-v2,A_semantic_only,219,573d5b3bbb3d,operate laboratory or field equipment,2641,414d1ab8da6a,4,0.28074803948402405,0.28074803948402405,4.182295799255371,0.1666666716337204,0.6666666865348816,0.9163439273834229,0
/home/jovyan/Joel_Pardo/AI4LABOUR/Mejoras/results_coursera/models/simcse_coursera_hard/sentence-transformers/all-MiniLM-L6-v2,A_semantic_only,219,573d5b3bbb3d,operate laboratory or field equipment,4499,a7b7131295ef,5,0.2748907208442688,0.2748907208442688,4.094197750091553,0.0,0.6666666865348816,0.0,0
/home/jovyan/Joel_Pardo/AI4LABOUR/Mejoras/results_coursera/models/simcse_coursera_hard/sentence-transformers/all-MiniLM-L6-v2,A_semantic_only,219,573d5b3bbb3d,operate laboratory or field equipment,4555,4431b9590109,6,0.24258387088775635,0.24258387088775635,3.6082794666290283,0.0,0.8333333134651184,0.0,0
/home/jovyan/Joel_Pardo/AI4LABOUR/Mejoras/results_coursera/models/simcse_coursera_hard/sentence-transformers/all-MiniLM-L6-v2,A_semantic_only,219,573d5b3bbb3d,operate laboratory or field equipment,1191,00db8beb6226,7,0.23296457529067993,0.23296457529067993,3.4635982513427734,0.0,0.6666666865348816,0.0,0
/home/jovyan/Joel_Pardo/AI4LABOUR/Mejoras/results_coursera/models/simcse_coursera_hard/sentence-transformers/all-MiniLM-L6-v2,A_semantic_only,219,573d5b3bbb3d,operate laboratory or field equipment,2161,dd1ad05a20a6,8,0.23117977380752563,0.23117977380752563,3.436753511428833,0.0,0.6666666865348816,0.0,0
/home/jovyan/Joel_Pardo/AI4LABOUR/Mejoras/results_coursera/models/simcse_coursera_hard/sentence-transformers/all-MiniLM-L6-v2,A_semantic_only,219,573d5b3bbb3d,operate laboratory or field equipment,3424,1638c7b92daa,9,0.2302335947751999,0.2302335947751999,3.4225223064422607,0.0,0.5,0.0,0
/home/jovyan/Joel_Pardo/AI4LABOUR/Mejoras/results_coursera/models/simcse_coursera_hard/sentence-transformers/all-MiniLM-L6-v2,A_semantic_only,219,573d5b3bbb3d,operate laboratory or field equipment,3523,26e860c1f814,10,0.22957712411880493,0.22957712411880493,3.4126484394073486,0.0,0.8333333134651184,0.0,0
/home/jovyan/Joel_Pardo/AI4LABOUR/Mejoras/results_coursera/models/simcse_coursera_hard/sentence-transformers/all-MiniLM-L6-v2,A_semantic_only,220,7cd42be784e2,interpret design or operational test results,3431,21ee2ab4106d,1,0.6297665238380432,0.6297665238380432,7.0281982421875,0.1666666716337204,0.5714285969734192,0.8590565323829651,0
/home/jovyan/Joel_Pardo/AI4LABOUR/Mejoras/results_coursera/models/simcse_coursera_hard/sentence-transformers/all-MiniLM-L6-v2,A_semantic_only,220,7cd42be784e2,interpret design or operational test results,4058,74fe0528c27f,2,0.44163256883621216,0.44163256883621216,4.891330242156982,0.1111111119389534,0.8571428656578064,0.6701500415802002,0
/home/jovyan/Joel_Pardo/AI4LABOUR/Mejoras/results_coursera/models/simcse_coursera_hard/sentence-transformers/all-MiniLM-L6-v2,A_semantic_only,220,7cd42be784e2,interpret design or operational test results,2725,df8561d60643,3,0.40495309233665466,0.40495309233665466,4.474716663360596,0.1666666716337204,0.4285714328289032,0.49777621030807495,0
/home/jovyan/Joel_Pardo/AI4LABOUR/Mejoras/results_coursera/models/simcse_coursera_hard/sentence-transformers/all-MiniLM-L6-v2,A_semantic_only,220,7cd42be784e2,interpret design or operational test results,1897,d330010440a6,4,0.40027397871017456,0.40027397871017456,4.42156982421875,0.1666666716337204,0.4285714328289032,0.49777621030807495,0
/home/jovyan/Joel_Pardo/AI4LABOUR/Mejoras/results_coursera/models/simcse_coursera_hard/sentence-transformers/all-MiniLM-L6-v2,A_semantic_only,220,7cd42be784e2,interpret design or operational test results,501,7e5e0cba4215,5,0.3815704882144928,0.3815704882144928,4.209131717681885,0.1428571492433548,0.7142857313156128,0.7064671516418457,0
/home/jovyan/Joel_Pardo/AI4LABOUR/Mejoras/results_coursera/models/simcse_coursera_hard/sentence-transformers/all-MiniLM-L6-v2,A_semantic_only,220,7cd42be784e2,interpret design or operational test results,3980,dc0ebdffa052,6,0.3697658181190491,0.3697658181190491,4.075051307678223,0.0,0.4285714328289032,0.0,0
/home/jovyan/Joel_Pardo/AI4LABOUR/Mejoras/results_coursera/models/simcse_coursera_hard/sentence-transformers/all-MiniLM-L6-v2,A_semantic_only,220,7cd42be784e2,interpret design or operational test results,2094,63cb0dc76a3b,7,0.3646185100078583,0.3646185100078583,4.016587257385254,0.1666666716337204,0.4285714328289032,0.49777621030807495,0
/home/jovyan/Joel_Pardo/AI4LABOUR/Mejoras/results_coursera/models/simcse_coursera_hard/sentence-transformers/all-MiniLM-L6-v2,A_semantic_only,220,7cd42be784e2,interpret design or operational test results,3333,337b9c04212b,8,0.3630659580230713,0.3630659580230713,3.998953104019165,0.0,0.7142857313156128,0.0,0
/home/jovyan/Joel_Pardo/AI4LABOUR/Mejoras/results_coursera/models/simcse_coursera_hard/sentence-transformers/all-MiniLM-L6-v2,A_semantic_only,220,7cd42be784e2,interpret design or operational test results,2698,9eb1f5fda95e,9,0.3586929440498352,0.3586929440498352,3.9492833614349365,0.0,0.2857142984867096,0.0,0
/home/jovyan/Joel_Pardo/AI4LABOUR/Mejoras/results_coursera/models/simcse_coursera_hard/sentence-transformers/all-MiniLM-L6-v2,A_semantic_only,220,7cd42be784e2,interpret design or operational test results,2208,8a2fe72edc40,10,0.35458889603614807,0.35458889603614807,3.9026687145233154,0.1666666716337204,0.4285714328289032,1.0,0
