q_idx,q_label,q_text,idx_1,label_1,sim_1,z_1,jacc_1,lenpen_1,bm25_1,mnn_1,score_1,idx_2,label_2,sim_2,z_2,jacc_2,lenpen_2,bm25_2,mnn_2,score_2,idx_3,label_3,sim_3,z_3,jacc_3,lenpen_3,bm25_3,mnn_3,score_3,idx_4,label_4,sim_4,z_4,jacc_4,lenpen_4,bm25_4,mnn_4,score_4,idx_5,label_5,sim_5,z_5,jacc_5,lenpen_5,bm25_5,mnn_5,score_5,idx_6,label_6,sim_6,z_6,jacc_6,lenpen_6,bm25_6,mnn_6,score_6,idx_7,label_7,sim_7,z_7,jacc_7,lenpen_7,bm25_7,mnn_7,score_7,idx_8,label_8,sim_8,z_8,jacc_8,lenpen_8,bm25_8,mnn_8,score_8,idx_9,label_9,sim_9,z_9,jacc_9,lenpen_9,bm25_9,mnn_9,score_9,idx_10,label_10,sim_10,z_10,jacc_10,lenpen_10,bm25_10,mnn_10,score_10
0,d52ebdd6c51c,train personnel on proper operational procedures,30,c6a87cc5d35e,0.5577137470245361,2.4004836082458496,0.1428571492433548,0.2554127452163465,0.35035564487217496,1,1.3185117772954202,40,f64df278da5d,0.4209689199924469,0.8759497404098511,0.0,0.11157175065711056,0.0,1,0.7402298279984446,62,c6d9ce80244c,0.4727611541748047,1.4533684253692627,0.20000000298023224,0.1682360897391828,0.6090768487392924,1,1.106915910631984,167,00c6f12023ab,0.48435288667678833,1.58260178565979,0.2857142984867096,0.11157175065711056,0.8065963084128944,1,1.2092506668471552,57,c1933354ef21,0.4864579439163208,1.6060705184936523,0.1428571492433548,0.2554127452163465,0.35035564487217496,1,1.0648777566092706,191,a9be4c9c15a1,0.5193711519241333,1.9730116128921509,0.1818181872367859,0.23500177712287373,0.5898036247287963,1,1.260995401493481,164,0c9fad019eee,0.474523663520813,1.4730181694030762,0.1428571492433548,0.2554127452163465,0.35035564487217496,1,1.0223978988068794,100,6002eddcd7d0,0.483792781829834,1.5763572454452515,0.125,0.11157175065711056,0.31816080182986706,1,1.0612762920400056,119,b729f6985724,0.3705626130104065,0.31398242712020874,0.1111111119389534,0.0,0.42020984140568113,1,0.705078817671901,37,78a6d412d86e,0.42145782709121704,0.881400465965271,0.2222222238779068,0.09116076173031373,1.0,1,1.068010309098518
1,06d678da6c8d,prepare procedural documents,77,9b108680399f,0.5879737734794617,3.7598297595977783,0.5,0.0,1.0,1,1.5000000014901163,203,79676bc4eb6a,0.2812538743019104,0.541982114315033,0.0,0.3465735069466602,0.0,0,0.3524105558638476,198,edb3d68bc36f,0.2207566797733307,-0.09270365536212921,0.1428571492433548,0.2554127452163465,0.5866964104389011,0,0.40113002356651867,95,7c80e08ee743,0.5105376839637756,2.9474353790283203,0.5,0.0,1.0,1,1.311866031587124,124,3b11edaeeba4,0.40566930174827576,1.847244381904602,0.0,0.2554127452163465,0.0,1,0.7412779447695755,196,0f2541e582f8,0.28982484340667725,0.6319015026092529,0.125,0.3465735069466602,0.4460490190027163,0,0.5227070577351257,186,4c7ceb754866,0.33548402786254883,1.1109193563461304,0.1428571492433548,0.2554127452163465,0.3480953704871541,1,0.6644538117752845,15,c5e6a1a8c44d,0.31587567925453186,0.9052050113677979,0.1666666716337204,0.14384099455923594,0.38008251264002774,1,0.6341736630080376,17,e1dbddbff402,0.3742767870426178,1.5179004669189453,0.1666666716337204,0.14384099455923594,0.38008251264002774,1,0.7846606314657364,188,be19a52818cf,0.28666943311691284,0.598797619342804,0.1428571492433548,0.2554127452163465,0.3480953704871541,0,0.48815575672252737
2,771b010da2fa,"recommend technical design or process changes to improve efficiency, quality, or performance",29,ef7349785e11,0.6489007472991943,3.810845375061035,0.1818181872367859,0.4054650386637325,0.5410330217665478,1,1.362451425245258,51,6385c0e2eb2e,0.47639530897140503,1.426978588104248,0.27272728085517883,0.29389328800662196,1.0,1,0.9843964670667809,81,e9ce432833f3,0.47256794571876526,1.3740880489349365,0.1666666716337204,0.29389328800662196,0.6661069603241577,1,0.8668857473717873,145,7809c19536e4,0.5613511800765991,2.6009907722473145,0.06666667014360428,0.12565719826743915,0.15907974871851754,1,1.0002393192760906,194,094e12b11051,0.46674346923828125,1.2935991287231445,0.07692307978868484,0.29389328800662196,0.18585554800777296,1,0.689665673280951,9,3cdbc3929112,0.4865459203720093,1.5672507286071777,0.0833333358168602,0.4054650386637325,0.20293416593281158,1,0.7468825110233509,157,018f6a0e7f9a,0.40363287925720215,0.42146873474121094,0.125,0.0,0.36036418183651636,1,0.575703878019278,102,f2c8cd5b27ab,0.5175262689590454,1.9953707456588745,0.07692307978868484,0.29389328800662196,0.2803772187470784,1,0.8846138276908346,24,2ae9204d54c8,0.4121934771537781,0.5397683382034302,0.0833333358168602,0.4054650386637325,0.20686376715165652,1,0.5115226914296143,99,78b76b55f875,0.39907604455947876,0.3584974408149719,0.0833333358168602,0.4054650386637325,0.3341692546148913,0,0.4643142462921488
3,33b4e36b0d81,confer with technical personnel to prepare designs or operational plans,62,c6d9ce80244c,0.7428849935531616,4.3185858726501465,0.27272728085517883,0.0,0.99530758268517,1,1.5438122096897027,145,7809c19536e4,0.533489465713501,1.6125186681747437,0.27272728085517883,0.0,1.0,1,0.97955751568079,15,c5e6a1a8c44d,0.5089645385742188,1.2955772876739502,0.2222222238779068,0.27980784039629336,0.8812522236029512,1,0.8482620125634217,103,6680fc36f234,0.5318257808685303,1.5910184383392334,0.20000000298023224,0.1682360897391828,0.6606693773587912,1,0.8467744127113769,35,e19513a85bed,0.47598913311958313,0.8694284558296204,0.25,0.4236488349555293,0.7193948505967354,1,0.6852678308184433,83,4ffdd533affb,0.5051302909851074,1.2460263967514038,0.10000000149011612,0.27980784039629336,0.45208944765912534,1,0.6983339385665673,10,365ec2897755,0.4422592222690582,0.43352895975112915,0.09090909361839294,0.1682360897391828,0.41404231592543655,1,0.5216681357885888,191,a9be4c9c15a1,0.4495774805545807,0.5281044840812683,0.1538461595773697,0.06676568738369093,0.4355340937421637,1,0.5558662250497531,46,f64f2eefbcb7,0.5166504383087158,1.3949040174484253,0.09090909361839294,0.1682360897391828,0.46928644105215295,1,0.7484302132687669,194,094e12b11051,0.45488831400871277,0.5967376232147217,0.09090909361839294,0.1682360897391828,0.28498807470557874,1,0.5117131396359745
4,9fc64a999e12,"communicate technical information to suppliers, contractors, or regulatory agencies",142,c71cb5036aef,0.577830970287323,3.661362648010254,0.1666666716337204,0.0,1.0,1,1.5666666716337205,84,c6940290ea74,0.4684007465839386,2.020531415939331,0.09090909361839294,0.1682360897391828,0.29240259438360094,1,0.903189085309026,199,0d99df7b9f80,0.538283109664917,3.0683696269989014,0.1818181872367859,0.07707532800886907,0.8768824657917131,1,1.3654686596806347,27,88a991273442,0.36412352323532104,0.45696592330932617,0.10000000149011612,0.27980784039629336,0.5542711270971936,1,0.5884675578757144,16,6e6ec1a475b8,0.443831205368042,1.652127981185913,0.09090909361839294,0.1682360897391828,0.29240259438360094,1,0.8102039321107838,18,1c10b347eeee,0.3981742262840271,0.9675328731536865,0.1111111119389534,0.4236488349555293,0.35157930991361547,1,0.6308666069521521,198,edb3d68bc36f,0.3880738914012909,0.8160852789878845,0.09090909361839294,0.1682360897391828,0.29240259438360094,1,0.5991864948315594,169,2d10ff099811,0.3871321678161621,0.8019647598266602,0.09090909361839294,0.1682360897391828,0.41033208986285585,1,0.6368977734161153,17,e1dbddbff402,0.3922681212425232,0.8789748549461365,0.0,0.27980784039629336,0.0,1,0.5089393566440217,115,830e9df61ddd,0.4473186731338501,1.7044202089309692,0.10000000149011612,0.27980784039629336,0.5900009613842612,1,0.9153464595431554
5,abdac161e57b,design medical devices or appliances,162,957f012e4031,0.4687243700027466,3.0532639026641846,0.1666666716337204,0.14384099455923594,1.0,1,1.5186607245482497,127,3d77dabe7560,0.46417880058288574,2.9831833839416504,0.1428571492433548,0.0,0.46335877870863124,1,1.3302115893698823,213,f1b4c19341de,0.2534591853618622,-0.2655531167984009,0.1111111119389534,0.2027325123874243,0.7671232876712328,1,0.5072314504389164,157,018f6a0e7f9a,0.3432080149650574,1.1181353330612183,0.0833333358168602,0.4054650386637325,0.31748657059665475,1,0.7221585581772796,155,f6d7dbe3f71e,0.3366440534591675,1.0169365406036377,0.1666666716337204,0.14384099455923594,0.5102462741731951,0,0.7290776917762821,131,c3b47654a283,0.3397209942340851,1.0643748044967651,0.0,0.0,0.0,1,0.6446291461586953,70,d5bb4574fc4d,0.47654032707214355,3.1737654209136963,0.125,0.11157175065711056,0.4243632379262217,1,1.3623699552282342,75,f634ee56b726,0.44471320509910583,2.6830756664276123,0.1666666716337204,0.14384099455923594,0.5102462741731951,1,1.243958150786883,209,2ac9980eb5e6,0.3050854802131653,0.5303871631622314,0.1111111119389534,0.2027325123874243,0.3914217993657387,0,0.5499315104615111,219,573d5b3bbb3d,0.3038463890552521,0.5112836956977844,0.0,0.0,0.0,0,0.4358983784914017
6,75e527217c38,research engineering aspects of biological or chemical processes,206,c32f9f13a109,0.5962940454483032,3.488097906112671,0.375,0.09116076173031373,1.0,1,1.5158839238269688,126,ebdb003908ef,0.5557317733764648,3.044853448867798,0.2222222238779068,0.09116076173031373,0.6219592058133134,1,1.3013717263736753,59,da6e8742f6bf,0.4691428542137146,2.0986526012420654,0.25,0.2027325123874243,0.6211695670957962,1,1.0453851854725351,188,be19a52818cf,0.30186933279037476,0.27077028155326843,0.0,0.09116076173031373,0.0,1,0.3909748224003672,10,365ec2897755,0.36557888984680176,0.9669567942619324,0.10000000149011612,0.09116076173031373,0.3519334053455243,0,0.639160466888946,204,62b52b411f3a,0.5156574249267578,2.606940746307373,0.25,0.2027325123874243,0.7370548607343586,1,1.2146228832472525,183,ff9c96c6d776,0.3362386226654053,0.6463409066200256,0.09090909361839294,0.0,0.24906489358216158,1,0.5796690273985701,157,018f6a0e7f9a,0.3477141857147217,0.7717401385307312,0.1538461595773697,0.20273252627630822,0.4653176280529234,1,0.6626481092394421,181,49ccfbfcfc0a,0.4027518332004547,1.3731642961502075,0.1111111119389534,0.2027325123874243,0.47072232479609577,1,0.8239096106075966,209,2ac9980eb5e6,0.4103022813796997,1.4556719064712524,0.09090909361839294,0.0,0.24906489358216158,1,0.790227508913024
7,bfcc3cdee21d,devise research or testing protocols,56,269bfa3db5c6,0.3416726589202881,2.7645835876464844,0.0,0.11157175065711056,0.0,0,1.1888428279145211,209,2ac9980eb5e6,0.2674354612827301,0.8228371143341064,0.1111111119389534,0.2027325123874243,0.6149755153908953,0,0.8021117898639369,195,6b483cafcca2,0.3381265103816986,2.671830654144287,0.0,0.0,0.0,0,1.1722277700901031,188,be19a52818cf,0.2836724817752838,1.2475322484970093,0.125,0.11157175065711056,1.0,0,1.0690681495650263,150,3ffc9e8eaffb,0.3262997567653656,2.36249041557312,0.0,0.0,0.0,0,1.0796045809984207,134,469df54e4928,0.3190115690231323,2.171860694885254,0.0,0.4054650386637325,0.0,0,0.9819794473999155,124,3b11edaeeba4,0.29411154985427856,1.5205763578414917,0.0,0.11157175065711056,0.0,0,0.8163601704819651,48,23ca56c5d573,0.29754048585891724,1.610263466835022,0.0,0.0,0.0,0,0.8543716222047806,59,da6e8742f6bf,0.24768948554992676,0.3063617944717407,0.1428571492433548,0.0,0.7279980425438168,0,0.7077080468873489,158,16ac0e74dbe1,0.29315635561943054,1.4955922365188599,0.0,0.0,0.0,0,0.8200365602970123
8,04d0abdf0b41,develop operational methods or processes that use green materials or emphasize sustainability,148,253c9a1feb09,0.682024359703064,3.2931416034698486,0.0714285746216774,0.34657354027998,0.3971492778525809,1,1.3400591827664183,94,832ecabbf00a,0.56148761510849,2.2180910110473633,0.0714285746216774,0.34657354027998,0.2791607921593588,1,0.9983957531189824,174,003763627ff4,0.4510841369628906,1.2334175109863281,0.06666667014360428,0.25541277854966626,0.20334964494839133,1,0.7063519111513539,72,91e3b64a6f04,0.5860729217529297,2.437363862991333,0.0625,0.1783374505407972,0.3399328564670396,1,1.099179753219745,9,3cdbc3929112,0.35661542415618896,0.3908641040325165,0.27272728085517883,0.45814529093709055,1.0,0,0.6662813409839009,130,cbb58925807f,0.3001526892185211,-0.11271926015615463,0.0833333358168602,0.6019862854963265,0.40694789496267003,1,0.36588520857727264,176,62eda05f366c,0.5554087162017822,2.1638741493225098,0.07692307978868484,0.45814529093709055,0.43364407635795327,1,1.0253531734418164,139,80c1c070d6f0,0.3283984661102295,0.13920092582702637,0.0714285746216774,0.34657354027998,0.3384517146224187,0,0.3883090260988798,92,3f67b920ee49,0.4550783634185791,1.2690415382385254,0.06666667014360428,0.25541277854966626,0.30226484596362396,1,0.7509334715002576,128,54e485ae84d0,0.40269735455513,0.8018624782562256,0.0,0.45814529093709055,0.0,1,0.499739791420493
9,3cdbc3929112,develop technical methods or processes,48,23ca56c5d573,0.6311672925949097,3.0300097465515137,0.3333333432674408,0.0,1.0,1,1.5333333253860475,84,c6940290ea74,0.5603403449058533,2.171269178390503,0.2857142984867096,0.11157175065711056,0.7852673921958094,1,1.227593813466536,182,8729852fc4b8,0.5806663632392883,2.4177117347717285,0.25,0.2027325123874243,0.8447488584474884,1,1.3111231629443036,21,c9b70de179fe,0.5023014545440674,1.4675774574279785,0.1428571492433548,0.0,0.4600056990490311,1,0.9554547095872048,2,771b010da2fa,0.4865459203720093,1.2765496969223022,0.0833333358168602,0.4054650386637325,0.2723072551832694,1,0.8040454027110882,8,04d0abdf0b41,0.35661542415618896,-0.2987910211086273,0.27272728085517883,0.45814529093709055,0.9727897385813257,1,0.6006040601625091,59,da6e8742f6bf,0.45599085092544556,0.9060851335525513,0.1428571492433548,0.0,0.5091386755288673,1,0.8192086524758102,10,365ec2897755,0.45632344484329224,0.9101176261901855,0.125,0.11157175065711056,0.4945492360194517,1,0.8058523379766592,18,1c10b347eeee,0.42577072978019714,0.539681613445282,0.1666666716337204,0.14384099455923594,0.4376366601159687,1,0.6776739405490134,204,62b52b411f3a,0.3954216241836548,0.17171427607536316,0.3333333432674408,0.0,1.0,1,0.777630390226841
10,365ec2897755,create models of engineering designs or methods,131,c3b47654a283,0.5655274391174316,2.613412380218506,0.2857142984867096,0.11157175065711056,1.0,1,1.5316999741776438,141,dbc0d59bd942,0.47329771518707275,1.5079463720321655,0.25,0.0,0.7567483094442703,1,1.1599647549279617,9,3cdbc3929112,0.45632344484329224,1.3044925928115845,0.125,0.11157175065711056,0.37911370641117814,1,0.9776730971533104,102,f2c8cd5b27ab,0.42991065979003906,0.9879087805747986,0.1111111119389534,0.0,0.3712529889115234,1,0.8985591444352259,154,17f9d29c543d,0.4839181900024414,1.6352434158325195,0.09090909361839294,0.1682360897391828,0.32995785910006303,1,1.053227870100844,104,985eed507e3a,0.4659535884857178,1.4199196100234985,0.10000000149011612,0.09116076173031373,0.34243426374487546,1,1.002973016142825,60,90e3d91fbf4d,0.4117147922515869,0.7698129415512085,0.0,0.09116076173031373,0.0,1,0.7102953446491123,155,f6d7dbe3f71e,0.435616672039032,1.0563011169433594,0.0,0.2554127452163465,0.0,1,0.7763215345403695,3,33b4e36b0d81,0.4422592222690582,1.1359187364578247,0.09090909361839294,0.1682360897391828,0.31776738881410055,1,0.9074327406469933,157,018f6a0e7f9a,0.4137447774410248,0.7941443920135498,0.07692307978868484,0.29389328800662196,0.2884076101763514,1,0.7892953486923353
11,810124c49b5c,maintain operational records or records systems,43,61355ce7e829,0.6663769483566284,3.905094623565674,0.4000000059604645,0.2554127452163465,1.0,1,1.4944587302467371,100,6002eddcd7d0,0.39223015308380127,1.0200071334838867,0.1428571492433548,0.11157175065711056,0.15375417716650638,1,0.5959347667337307,91,b1f99c3dcd62,0.2879617214202881,-0.07730124145746231,0.125,0.0,0.18259454933882405,1,0.36382265646088346,167,00c6f12023ab,0.5118715167045593,2.2790982723236084,0.1428571492433548,0.11157175065711056,0.15375417716650638,1,0.8875246973873028,86,19ea31d71f7c,0.6320694088935852,3.544046401977539,0.2857142984867096,0.0,0.39877072879295705,1,1.2508519129754843,197,3a46124701c0,0.41502809524536133,1.259929895401001,0.3333333432674408,0.11157175065711056,0.35312768509322234,1,0.7031049219315584,201,42bb588edac5,0.3300562798976898,0.3656967878341675,0.1666666716337204,0.2554127452163465,0.25992612053413616,0,0.415750811506532,52,7f83579eb5ca,0.2902089059352875,-0.053652144968509674,0.1111111119389534,0.09116076173031373,0.19939538013577568,1,0.3666842176110509,27,88a991273442,0.3294389247894287,0.3591998219490051,0.1428571492433548,0.11157175065711056,0.2360410175661345,1,0.4717003583473648,143,fd635c6ca5be,0.3437214493751526,0.5095073580741882,0.1111111119389534,0.09116076173031373,0.12988366564293916,1,0.47348277304469216
12,9251af4a3821,supervise engineering or other technical personnel,184,389dd43f303d,0.5963279008865356,3.6195998191833496,0.5,0.11157175065711056,1.0,1,1.4888428264244051,154,17f9d29c543d,0.43184083700180054,1.6920195817947388,0.3333333432674408,0.1682360897391828,0.7563663691824059,1,0.9631906843878729,103,6680fc36f234,0.49891066551208496,2.4779930114746094,0.4285714328289032,0.0,0.8406785376363181,1,1.1859816652161492,157,018f6a0e7f9a,0.3749471604824066,1.02529776096344,0.07692307978868484,0.29389328800662196,0.2549536436449329,1,0.6360178816266413,78,98d9410b9c2c,0.38114532828330994,1.0979324579238892,0.2857142984867096,0.11157175065711056,0.7533471913043244,1,0.8279249940514471,114,98e7b9000779,0.3194419741630554,0.37484726309776306,0.1666666716337204,0.45814521593713003,0.39835818052728705,1,0.4992268746680774,62,c6d9ce80244c,0.39572805166244507,1.268823504447937,0.20000000298023224,0.1682360897391828,0.526213114380662,1,0.7931142066147333,160,56c85bc2a8f3,0.45177483558654785,1.9256207942962646,0.0,0.11157175065711056,0.0,1,0.8033221044524165,111,059770361813,0.3441956043243408,0.6649284958839417,0.0,0.0,0.0,1,0.49035617262125014,9,3cdbc3929112,0.39505988359451294,1.2609933614730835,0.125,0.11157175065711056,0.24665280869567568,0,0.6564086017576255
13,f7e80a0049c6,estimate operational costs,88,d1809a4492b8,0.6826073527336121,3.259568452835083,0.4000000059604645,0.14384099455923594,1.0,1,1.505615905312448,100,6002eddcd7d0,0.49043008685112,1.6195869445800781,0.1666666716337204,0.14384099455923594,0.2672607110203985,1,0.8519871022372526,14,ccf9fc39d00f,0.36192166805267334,0.5229358077049255,0.125,0.3465735069466602,0.3883328338527272,1,0.5803398882217169,174,003763627ff4,0.38147640228271484,0.6898098587989807,0.125,0.3465735069466602,0.2257681805423457,1,0.5689268173109242,35,e19513a85bed,0.5543870329856873,2.1653759479522705,0.20000000298023224,0.0,0.2943049496355578,1,1.0185717939416592,104,985eed507e3a,0.3672739863395691,0.5686108469963074,0.125,0.3465735069466602,0.45641602459476116,0,0.5666185377286973,177,ff18586218d4,0.6209205389022827,2.733152151107788,0.1666666716337204,0.14384099455923594,0.4597021114256609,1,1.220711482949735,106,48548f20bc23,0.4322386384010315,1.1229991912841797,0.20000000298023224,0.0,0.5062195869865909,1,0.8122501775030309,34,614f5f558eca,0.38941535353660583,0.7575584650039673,0.0,0.20273247072078354,0.0,1,0.5332481953412518,25,79d2ac46742b,0.3811206817626953,0.6867742538452148,0.1666666716337204,0.14384099455923594,0.2672607110203985,0,0.5495352130203527
14,ccf9fc39d00f,estimate time requirements for development or production projects,98,207462e43a8e,0.7610617876052856,5.11966609954834,0.625,0.07707532800886907,1.0,1,1.4672924701793455,146,284cc33eb902,0.29475414752960205,0.290740042924881,0.1111111119389534,0.2027325123874243,0.26485280277894196,0,0.3091921455022722,215,79b70e0eb0dc,0.32516902685165405,0.6057063937187195,0.20000000298023224,0.0,0.42342182472340045,0,0.44184163104739904,106,48548f20bc23,0.5030838847160339,2.4481332302093506,0.2857142984867096,0.3465735069466602,0.5833067680250507,1,0.8571922684254764,172,2c5271f1a3e4,0.3381458520889282,0.7400900721549988,0.0,0.0,0.0,0,0.33045101165771484,13,f7e80a0049c6,0.36192166805267334,0.9863044619560242,0.125,0.3465735069466602,0.29165338401252533,1,0.48885452098584276,159,3319e1abdfb1,0.29237595200538635,0.2661122679710388,0.10000000149011612,0.09116076173031373,0.24256321046586268,0,0.30818641200341773,130,cbb58925807f,0.3105699419975281,0.45452314615249634,0.0,0.3465735069466602,0.0,1,0.2890953945462607,49,824d3015533f,0.38503605127334595,1.225669264793396,0.0,0.09116076173031373,0.0,0,0.4177449715717196,63,50171927f859,0.28862982988357544,0.2273186594247818,0.0833333358168602,0.07707532800886907,0.20761766319535704,0,0.2904251838128417
15,c5e6a1a8c44d,prepare detailed work plans,61,dc17b84d2d6b,0.5629953145980835,3.7971560955047607,0.125,0.11157175065711056,0.7623573517492219,1,1.4806678950662844,35,e19513a85bed,0.42047029733657837,1.7415614128112793,0.1666666716337204,0.14384099455923594,0.5879536033823557,1,0.9021826173148112,83,4ffdd533affb,0.46447786688804626,2.3762691020965576,0.0,0.0,0.0,1,0.8903275012969971,46,f64f2eefbcb7,0.5102117657661438,3.035875082015991,0.125,0.11157175065711056,0.6793257159988328,1,1.2629166668090956,3,33b4e36b0d81,0.5089645385742188,3.0178866386413574,0.2222222238779068,0.27980784039629336,1.0,1,1.3376223291348093,77,9b108680399f,0.3966118395328522,1.3974581956863403,0.1666666716337204,0.14384099455923594,0.5879536033823557,1,0.8174984986863093,119,b729f6985724,0.3430265784263611,0.624614417552948,0.0,0.11157175065711056,0.0,1,0.43576984637813276,38,a3c08ed1a115,0.268425315618515,-0.45133671164512634,0.1111111119389534,0.2027325123874243,0.7031789271842136,0,0.348101499110555,71,1cb040da80f9,0.31351712346076965,0.19900859892368317,0.10000000149011612,0.27980784039629336,0.5814567569142552,0,0.4599016192085308,17,e1dbddbff402,0.32708287239074707,0.3946632444858551,0.1428571492433548,0.0,0.533925434422896,1,0.5675281059397678
16,6e6ec1a475b8,prepare technical reports for internal use,30,c6a87cc5d35e,0.6344515085220337,3.8931567668914795,0.3333333432674408,0.2554127452163465,0.8886075636194724,1,1.4688046981312282,9,3cdbc3929112,0.44033411145210266,1.2614825963974,0.125,0.11157175065711056,0.2849401584428574,1,0.6813568320165436,186,4c7ceb754866,0.5781612992286682,3.130023241043091,0.4285714328289032,0.0,1.0,1,1.340428823232651,61,dc17b84d2d6b,0.4324248433113098,1.154255747795105,0.1111111119389534,0.0,0.26096004609865653,1,0.6595838216703231,4,9fc64a999e12,0.443831205368042,1.3088932037353516,0.09090909361839294,0.1682360897391828,0.22336410725393485,1,0.6687440788305572,17,e1dbddbff402,0.38836807012557983,0.5569723844528198,0.125,0.11157175065711056,0.3377441955314223,1,0.5305916459193628,189,a49d5a99c1d7,0.3528136610984802,0.07495676726102829,0.125,0.11157175065711056,0.2849401584428574,0,0.34631414749129213,121,66497e9d2189,0.5130265951156616,2.2469840049743652,0.25,0.0,0.7390399539013435,1,1.0716130482394404,198,edb3d68bc36f,0.3552510440349579,0.10800068080425262,0.1111111119389534,0.0,0.26096004609865653,1,0.40764461062958784,18,1c10b347eeee,0.3796098232269287,0.4382357597351074,0.1428571492433548,0.2554127452163465,0.3137733887614799,1,0.47824462529071576
17,e1dbddbff402,"prepare contracts, disclosures, or applications",121,66497e9d2189,0.4784264862537384,2.7080740928649902,0.125,0.11157175065711056,0.6432466923511952,1,1.438979164276975,168,ab35d13698b5,0.3287844955921173,0.5651494860649109,0.1111111119389534,0.2027325123874243,1.0,1,0.8959599992600292,77,9b108680399f,0.4537660479545593,2.3549282550811768,0.1666666716337204,0.14384099455923594,0.7734275705651276,1,1.3649906903843119,188,be19a52818cf,0.3200981616973877,0.44075819849967957,0.125,0.11157175065711056,0.6432466923511952,1,0.7406844725355086,35,e19513a85bed,0.36255478858947754,1.048751711845398,0.1666666716337204,0.14384099455923594,0.7734275705651276,0,0.9155635744671061,95,7c80e08ee743,0.442909836769104,2.1994636058807373,0.1666666716337204,0.14384099455923594,0.7734275705651276,1,1.3174498319963648,4,9fc64a999e12,0.3922681212425232,1.4742567539215088,0.0,0.27980784039629336,0.0,1,0.8339395458887688,16,6e6ec1a475b8,0.38836807012557983,1.4184067249298096,0.125,0.11157175065711056,0.6432466923511952,1,1.0417835792049346,15,c5e6a1a8c44d,0.32708287239074707,0.5407816767692566,0.1428571492433548,0.0,0.7023558478645483,1,0.8017927821856936,153,8594b6595861,0.28837651014328003,-0.013506717048585415,0.125,0.11157175065711056,0.6432466923511952,0,0.5507785988494334
18,1c10b347eeee,update technical knowledge,52,7f83579eb5ca,0.6612122654914856,4.321627616882324,0.125,0.3465735069466602,1.0,1,1.540342646325102,103,6680fc36f234,0.5058465600013733,2.5452523231506348,0.1428571492433548,0.2554127452163465,0.5426793912712595,1,0.9990454672916228,2,771b010da2fa,0.3857828676700592,1.1725029945373535,0.09090909361839294,0.5493060332229684,0.40600458161775715,0,0.5772321864979427,186,4c7ceb754866,0.3485680818557739,0.7470073699951172,0.1428571492433548,0.2554127452163465,0.5426793912712595,1,0.6075040831311042,9,3cdbc3929112,0.42577072978019714,1.6297045946121216,0.1666666716337204,0.14384099455923594,0.5925472272259159,1,0.82593003028286,4,9fc64a999e12,0.3981742262840271,1.3141796588897705,0.1111111119389534,0.4236488349555293,0.4644967671050612,1,0.6896099913918038,189,a49d5a99c1d7,0.2666673958301544,-0.18940488994121552,0.1666666716337204,0.14384099455923594,0.5925472272259159,0,0.3814558144773294,198,edb3d68bc36f,0.38948628306388855,1.2148460149765015,0.1428571492433548,0.2554127452163465,0.5426793912712595,1,0.7093690618021781,68,7a9450b42a26,0.27020323276519775,-0.1489778608083725,0.1666666716337204,0.14384099455923594,0.5925472272259159,0,0.3902224097515394,12,9251af4a3821,0.38335999846458435,1.144801139831543,0.1428571492433548,0.2554127452163465,0.5426793912712595,1,0.6941178127272422
19,9d76ae41867e,evaluate characteristics of equipment or systems,63,50171927f859,0.5637671947479248,2.289611577987671,0.2222222238779068,0.27980784039629336,0.7838983050847458,1,1.4278275255901827,76,298036041aa4,0.5697509050369263,2.3675522804260254,0.125,0.11157175065711056,0.4026515548795365,1,1.3547708661618945,66,196087c93944,0.5054413080215454,1.5298901796340942,0.20000000298023224,0.3465735277799843,0.7312252964426877,1,1.1711362938007337,180,893bb3cbc01a,0.4569680392742157,0.8985036611557007,0.125,0.11157175065711056,0.5546625162714656,1,0.9458636020946035,127,3d77dabe7560,0.4867321252822876,1.2861945629119873,0.3333333432674408,0.0,1.0,1,1.205238462984562,137,a4f4cc8a14a2,0.47960370779037476,1.1933436393737793,0.1666666716337204,0.14384099455923594,0.4841405600337284,1,1.004986609159641,193,adb21e5e1a03,0.5430169701576233,2.0193305015563965,0.125,0.11157175065711056,0.4026515548795365,1,1.24523254943521,56,269bfa3db5c6,0.5091081857681274,1.577652931213379,0.125,0.11157175065711056,0.4026515548795365,1,1.1062962682309863,165,72ea80489538,0.45201388001441956,0.8339734673500061,0.1428571492433548,0.0,0.7784575543737715,1,1.0129449658272374,84,c6940290ea74,0.4691442847251892,1.0571048259735107,0.2857142984867096,0.11157175065711056,0.9158415841584159,1,1.1013003627476408
20,1bd49058235f,advise customers on the use of products or services,198,edb3d68bc36f,0.5534757375717163,3.1268539428710938,0.25,0.0,1.0,1,1.5500000059604646,153,8594b6595861,0.4640232026576996,2.079880714416504,0.25,0.0,0.7833712515002486,1,1.1861721556254328,88,d1809a4492b8,0.38616031408309937,1.1685552597045898,0.125,0.11157175065711056,0.4978929550288018,1,0.8376937518692926,53,a68e486bae8e,0.4009093940258026,1.341181993484497,0.2222222238779068,0.09116076173031373,0.7225616109728319,1,0.9557495011795945,113,322cdff981bb,0.37028300762176514,0.9827236533164978,0.10000000149011612,0.09116076173031373,0.4840138561647643,1,0.7850817248300799,99,78b76b55f875,0.4585869312286377,2.0162532329559326,0.0,0.11157175065711056,0.0,1,0.9200489797575923,79,5b935f6121b7,0.43068382143974304,1.6896687746047974,0.0,0.2554127452163465,0.0,1,0.8119199615976357,80,4e4d6d43dbf9,0.37615007162094116,1.0513931512832642,0.125,0.11157175065711056,0.518924137837387,1,0.8121243513114343,187,02b0fa193387,0.3559750020503998,0.8152593970298767,0.1111111119389534,0.0,0.32738017882535575,1,0.6911137158271711,199,0d99df7b9f80,0.4110450744628906,1.4598124027252197,0.10000000149011612,0.09116076173031373,0.4840138561647643,1,0.9197458282188662
21,c9b70de179fe,develop software or computer applications,9,3cdbc3929112,0.5023014545440674,3.367037773132324,0.1428571492433548,0.0,0.5687974760422746,1,1.4205076927265896,200,9ff41f315fd5,0.40083765983581543,1.9415112733840942,0.1666666716337204,0.14384099455923594,1.0,1,1.1790269915141158,69,636981831618,0.3773954510688782,1.6121574640274048,0.125,0.11157175065711056,0.7411009581066669,1,1.0104534707760588,91,b1f99c3dcd62,0.39678752422332764,1.884608507156372,0.125,0.11157175065711056,0.5209283815238653,1,1.0052403364209805,146,284cc33eb902,0.439668744802475,2.487072706222534,0.0,0.0,0.0,1,1.0130095213651658,111,059770361813,0.3264888823032379,0.896940290927887,0.0,0.11157175065711056,0.0,1,0.5736009159071894,70,d5bb4574fc4d,0.3430200517177582,1.1291966438293457,0.125,0.11157175065711056,0.8316831683168318,0,0.8647969600211559,93,4b8b2b6692c3,0.346851646900177,1.183029055595398,0.1428571492433548,0.0,0.5687974760422746,1,0.8463192963919415,180,893bb3cbc01a,0.3111339211463928,0.681209146976471,0.0,0.11157175065711056,0.0,0,0.4655006253107042,182,8729852fc4b8,0.4041869640350342,1.9885677099227905,0.1111111119389534,0.2027325123874243,0.4804910185745242,0,0.9613044170489926
22,bab0b2935945,"analyze operational data to evaluate operations, processes or products",36,e5bfe7745119,0.7627027034759521,3.643089532852173,0.30000001192092896,0.07707532800886907,1.0,1,1.5322924677951597,151,506120811a05,0.6897984147071838,2.8850550651550293,0.25,0.4236488349555293,0.8028644568511064,1,1.2629504139864483,118,eb485b5cf6a6,0.47731953859329224,0.6757707595825195,0.25,0.4236488349555293,0.847559794159538,1,0.7665550109813101,158,16ac0e74dbe1,0.43605056405067444,0.24666978418827057,0.2222222238779068,0.27980784039629336,0.8801861777961298,1,0.6946597009064444,59,da6e8742f6bf,0.49328354001045227,0.8417591452598572,0.2222222238779068,0.27980784039629336,0.9265294613902093,1,0.8494681408259456,99,78b76b55f875,0.5276963710784912,1.199572205543518,0.0,0.27980784039629336,0.0,1,0.6310700635503403,85,e9ceea91a9c3,0.48602694272994995,0.7663074731826782,0.25,0.4236488349555293,0.9245572989551634,1,0.8144875169939904,100,6002eddcd7d0,0.554700493812561,1.4803520441055298,0.10000000149011612,0.27980784039629336,0.3035976059876543,1,0.7939515073165897,143,fd635c6ca5be,0.4181496202945709,0.060541749000549316,0.1818181872367859,0.07707532800886907,0.6501828557936182,1,0.5933314550682111,57,c1933354ef21,0.5798017978668213,1.741347074508667,0.1111111119389534,0.4236488349555293,0.33431879230783357,1,0.8510172817571733
23,9a8d83e8b2e2,conduct environmental audits,96,1cbedefabffc,0.5850041508674622,3.043062210083008,0.125,0.3465735069466602,0.7003880942153806,1,1.435478479300485,152,fbe465293a7d,0.5572947263717651,2.771531105041504,0.1428571492433548,0.2554127452163465,0.7593316466988533,1,1.3837783598149456,72,91e3b64a6f04,0.47363847494125366,1.9517637491226196,0.1111111119389534,0.4236488349555293,0.6499364094625779,1,1.0982102592895395,128,54e485ae84d0,0.41768473386764526,1.4034597873687744,0.1666666716337204,0.14384099455923594,0.8291080682873968,1,1.0241445576317685,105,8bb47fa10a52,0.4797245264053345,2.0114023685455322,0.1666666716337204,0.14384099455923594,0.8291080682873968,1,1.19779346636609,56,269bfa3db5c6,0.25771790742874146,-0.16409289836883545,0.1428571492433548,0.2554127452163465,1.0,0,0.5760764178893112,92,3f67b920ee49,0.3739103674888611,0.9745044708251953,0.125,0.3465735069466602,0.7003880942153806,1,0.8404081768140653,71,1cb040da80f9,0.4075198173522949,1.3038513660430908,0.1111111119389534,0.4236488349555293,0.6499364094625779,1,0.9113820930431256,143,fd635c6ca5be,0.22183796763420105,-0.5156888961791992,0.125,0.3465735069466602,0.9223744292237441,0,0.4394134858307273,28,ce1178bafa1d,0.321392297744751,0.4598675072193146,0.0,0.4236488349555293,0.0,0,0.39870611272932727
24,2ae9204d54c8,design industrial processing systems,75,f634ee56b726,0.7308678030967712,4.036853313446045,0.4000000059604645,0.14384099455923594,1.0,1,1.505615905312448,128,54e485ae84d0,0.4317067861557007,0.9524945020675659,0.3333333432674408,0.0,0.8098390352921098,1,0.7989086492129905,200,9ff41f315fd5,0.3796235918998718,0.4155152142047882,0.1666666716337204,0.14384099455923594,0.4794571425032818,1,0.5628870067801838,97,48c561c86be0,0.5240861177444458,1.9049280881881714,0.25,0.2027325123874243,0.8186181659911526,1,0.9978202156585723,29,ef7349785e11,0.4378536343574524,1.0158686637878418,0.1428571492433548,0.0,0.3744401166945349,1,0.676348850184518,59,da6e8742f6bf,0.4931439757347107,1.5859137773513794,0.1428571492433548,0.0,0.5336679914135734,1,0.8596617151785543,144,7a053b14e6ec,0.46467721462249756,1.2924206256866455,0.1428571492433548,0.0,0.3744401166945349,1,0.738244578295785,155,f6d7dbe3f71e,0.402616947889328,0.6525774002075195,0.1666666716337204,0.14384099455923594,0.4123298904076723,1,0.5922342026878318,60,90e3d91fbf4d,0.54875648021698,2.159280300140381,0.25,0.2027325123874243,0.6841106005892251,1,1.0066283371947202,58,224946bca8ba,0.43341803550720215,0.9701375365257263,0.1428571492433548,0.0,0.5336679914135734,1,0.7218434159446409
25,79d2ac46742b,direct operational or production activities,58,224946bca8ba,0.7542163133621216,4.097437381744385,0.6000000238418579,0.0,1.0,1,1.4799999982118608,164,0c9fad019eee,0.5733168721199036,2.066899061203003,0.4000000059604645,0.14384099455923594,0.5537159976962251,1,0.9259299737253346,64,445ae625480e,0.4245072603225708,0.39655888080596924,0.4000000059604645,0.14384099455923594,0.6952365838070748,1,0.6270981646856175,78,98d9410b9c2c,0.4307876527309418,0.4670542776584625,0.1428571492433548,0.0,0.36865002119141305,1,0.5585409387574506,50,a787a095d9b0,0.4608781635761261,0.804810643196106,0.2857142984867096,0.11157175065711056,0.5782165647504385,1,0.6833552865404716,33,2be03b534579,0.5914607644081116,2.2705585956573486,0.125,0.11157175065711056,0.33762501940797723,1,0.9322896061025198,174,003763627ff4,0.4423999786376953,0.5973989367485046,0.25,0.2027325123874243,0.42476843658888497,1,0.5788794998030221,151,506120811a05,0.43717366456985474,0.5387352108955383,0.1666666716337204,0.14384099455923594,0.2644333062725514,1,0.5217108607523173,81,e9ce432833f3,0.4916023313999176,1.1496795415878296,0.125,0.11157175065711056,0.21992472996925067,1,0.6458457027927208,156,ae5e42c6c3d0,0.4010823369026184,0.13362161815166473,0.3333333432674408,0.0,0.631349978808587,1,0.5677758813275982
26,a86fc9314475,respond to emergencies to provide assistance,160,56c85bc2a8f3,0.3320372700691223,3.5402934551239014,0.0,0.0,0.0,1,1.2500000029802323,115,830e9df61ddd,0.206574484705925,0.7978951334953308,0.0,0.0,0.0,0,0.506977491080761,176,62eda05f366c,0.2764626145362854,2.325528144836426,0.0,0.0,0.0,1,0.9430206149816514,50,a787a095d9b0,0.24660122394561768,1.6728100776672363,0.0,0.11157175065711056,0.0,0,0.7169172340019198,112,6379204aa590,0.23318418860435486,1.3795369863510132,0.0,0.0,0.0,1,0.703962329030037,107,750257b28f11,0.23738747835159302,1.4714136123657227,0.0,0.0,0.0,0,0.6771801710128784,5,abdac161e57b,0.20726275444030762,0.812939465045929,0.0,0.0,0.0,0,0.5107793211936951,110,d9dbdf9d5d1a,0.2031192183494568,0.7223690152168274,0.0,0.0,0.0,1,0.5378915324807167,103,6680fc36f234,0.21432343125343323,0.9672735929489136,0.125,0.11157175065711056,1.0,0,0.8771696397049875,20,1bd49058235f,0.20353756844997406,0.7315133810043335,0.0,0.11157175065711056,0.0,0,0.47904520714120574
27,88a991273442,maintain regulatory or compliance documentation,196,0f2541e582f8,0.7035648226737976,3.4069247245788574,0.1111111119389534,0.2027325123874243,0.42885477664255955,1,1.357603702668711,43,61355ce7e829,0.3739777207374573,0.6856926083564758,0.1666666716337204,0.14384099455923594,0.5200344943552495,1,0.6596744892120104,67,3574e4789085,0.5486966371536255,2.1282572746276855,0.2857142984867096,0.11157175065711056,1.0,1,1.1981602125747652,116,1cf7420e0aac,0.5947629809379578,2.508603572845459,0.25,0.2027325123874243,0.9223744292237441,1,1.266766620941911,121,66497e9d2189,0.5995676517486572,2.5482730865478516,0.125,0.11157175065711056,0.4649465152708938,1,1.1462958487435717,4,9fc64a999e12,0.36412352323532104,0.6043315529823303,0.10000000149011612,0.27980784039629336,0.4579695081155909,1,0.6074942688937154,96,1cbedefabffc,0.5665045976638794,2.2752885818481445,0.1111111119389534,0.2027325123874243,0.42885477664255955,1,1.0533973760648216,189,a49d5a99c1d7,0.27820929884910583,-0.1050182580947876,0.1428571492433548,0.0,0.47224754081990233,0,0.3977245032329268,149,c9b79bbec6f3,0.4966374635696411,1.6984312534332275,0.1428571492433548,0.0,0.5076713301876787,1,0.9423124103097977,167,00c6f12023ab,0.3838726878166199,0.767390251159668,0.0,0.0,0.0,0,0.4770527631044388
28,ce1178bafa1d,monitor external affairs or events affecting business operations,37,78a6d412d86e,0.4668322801589966,2.3282670974731445,0.0833333358168602,0.07707532800886907,0.38057661185145697,1,1.3588276186540995,122,4e4a52d4b158,0.43853265047073364,1.891070008277893,0.10000000149011612,0.27980784039629336,0.593269576733001,1,1.2659829577562292,55,4805101e52c6,0.4333970248699188,1.8117303848266602,0.20000000298023224,0.1682360897391828,0.8561606375372847,1,1.3259549683139498,152,fbe465293a7d,0.3935103416442871,1.1955264806747437,0.20000000298023224,0.1682360897391828,1.0,1,1.1772216009107255,197,3a46124701c0,0.4452595114707947,1.9949923753738403,0.10000000149011612,0.27980784039629336,0.4505204215971302,1,1.2501738423859434,91,b1f99c3dcd62,0.3280249536037445,0.1838517189025879,0.09090909361839294,0.1682360897391828,0.48416333672909095,1,0.6786243013262556,179,6a5f3442d709,0.44255173206329346,1.9531601667404175,0.09090909361839294,0.1682360897391828,0.4126053366112331,1,1.2359412507786045,36,e5bfe7745119,0.43877607583999634,1.894830584526062,0.0,0.07707532800886907,0.0,0,1.0474334393365643,151,506120811a05,0.4355023503303528,1.8442553281784058,0.0,0.4236488349555293,0.0,1,1.0458732395637198,142,c71cb5036aef,0.37677302956581116,0.9369540810585022,0.0,0.0,0.0,1,0.7850084558129311
29,ef7349785e11,implement design or process improvements,47,8f3ed6033a9e,0.6044958829879761,2.834799289703369,0.2857142984867096,0.11157175065711056,1.0,1,1.400013495324418,2,771b010da2fa,0.6489007472991943,3.3452353477478027,0.1818181872367859,0.4054650386637325,0.5707594958570497,1,1.3728556911769336,146,284cc33eb902,0.5300318598747253,1.9788316488265991,0.1428571492433548,0.0,0.3184973606708109,1,0.9715737152332923,24,2ae9204d54c8,0.4378536343574524,0.9192385077476501,0.1428571492433548,0.0,0.3184973606708109,1,0.6913771155709884,62,c6d9ce80244c,0.4584462642669678,1.155951738357544,0.10000000149011612,0.27980784039629336,0.24966954120381363,1,0.7062379318360588,49,824d3015533f,0.46727555990219116,1.257444977760315,0.0,0.11157175065711056,0.0,1,0.6732862495763751,102,f2c8cd5b27ab,0.5022953748703003,1.6599994897842407,0.0,0.11157175065711056,0.0,1,0.7823332824690791,155,f6d7dbe3f71e,0.44773393869400024,1.0328130722045898,0.1666666716337204,0.14384099455923594,0.35072626026250003,1,0.7160303807447047,209,2ac9980eb5e6,0.38253912329673767,0.28339552879333496,0.1111111119389534,0.2027325123874243,0.2690502818452055,1,0.4876171672420271,9,3cdbc3929112,0.47139257192611694,1.3047702312469482,0.0,0.0,0.0,1,0.6972632437944413
30,c6a87cc5d35e,prepare operational reports,44,2d4009710863,0.77580726146698,3.1192140579223633,0.6000000238418579,0.2554127452163465,1.0,1,1.4544587236902262,16,6e6ec1a475b8,0.6344515085220337,1.9766247272491455,0.3333333432674408,0.2554127452163465,0.7559865024467195,1,1.1255024025474096,35,e19513a85bed,0.647894024848938,2.0852816104888916,0.5,0.0,0.6738461969244567,1,1.1250956308128268,121,66497e9d2189,0.6199111938476562,1.8590941429138184,0.3333333432674408,0.2554127452163465,0.7559865024467195,1,1.0949638659391905,191,a9be4c9c15a1,0.6056637763977051,1.7439311742782593,0.10000000149011612,0.4904145223392202,0.19482500595163113,1,0.8770861363640987,11,810124c49b5c,0.4560285210609436,0.5344178676605225,0.1666666716337204,0.2554127452163465,0.2440134975532805,1,0.5851556405313992,36,e5bfe7745119,0.5207372903823853,1.0574638843536377,0.125,0.3465735069466602,0.22507181052859662,1,0.7137071937125985,0,d52ebdd6c51c,0.5577137470245361,1.3563474416732788,0.1428571492433548,0.2554127452163465,0.2440134975532805,1,0.8078404486068272,118,eb485b5cf6a6,0.4563964307308197,0.537391722202301,0.20000000298023224,0.0,0.29339718158192063,1,0.6260561607013277,143,fd635c6ca5be,0.46811172366142273,0.6320873498916626,0.125,0.3465735069466602,0.22507181052859662,1,0.5991159081262414
31,53acfaed8c01,supervise employees,78,98d9410b9c2c,0.6258836984634399,3.2344155311584473,0.20000000298023224,0.3465734652800195,1.0,1,1.5253426647968806,113,322cdff981bb,0.31946927309036255,0.16978231072425842,0.1428571492433548,0.5493059776674438,0.9721105052142557,1,0.707091275984362,40,f64df278da5d,0.5601367354393005,2.576841115951538,0.0,0.3465734652800195,0.0,1,1.0395788557119883,184,389dd43f303d,0.47059470415115356,1.681277871131897,0.20000000298023224,0.3465734652800195,1.0,1,1.1240408561416186,38,a3c08ed1a115,0.4531354308128357,1.5066572427749634,0.0,0.5493059776674438,0.0,1,0.7332550985371001,96,1cbedefabffc,0.32945263385772705,0.26963186264038086,0.0,0.5493059776674438,0.0,0,0.35260935850490405,109,d052bd1e246e,0.44521498680114746,1.4274401664733887,0.0,0.3465734652800195,0.0,1,0.7323543436117687,37,78a6d412d86e,0.4775669574737549,1.7510114908218384,0.0,0.5493059776674438,0.0,1,0.798568817750109,41,babe1d93de49,0.5318363904953003,2.293792486190796,0.0,0.0,0.0,1,0.9985798925161362,39,202cbfb3aef7,0.46202778816223145,1.5955950021743774,0.0,0.20273247072078354,0.0,1,0.7916847559720501
32,85a88cfd39f0,"direct sales, marketing, or customer service activities",79,5b935f6121b7,0.6688064336776733,4.198169708251953,0.2857142984867096,0.3465735069466602,1.0,1,1.508199798548689,33,2be03b534579,0.5337538123130798,2.708456039428711,0.10000000149011612,0.09116076173031373,0.3893240613925287,1,1.0219756082395017,53,a68e486bae8e,0.4153290092945099,1.402157187461853,0.09090909361839294,0.0,0.511226850446034,1,0.7807014854685357,156,ae5e42c6c3d0,0.37663233280181885,0.975308895111084,0.25,0.2027325123874243,0.7280258386681586,1,0.727857210312262,153,8594b6595861,0.3804720640182495,1.0176634788513184,0.0,0.09116076173031373,0.0,1,0.5131710795147776,199,0d99df7b9f80,0.35333603620529175,0.7183363437652588,0.0,0.0,0.0,1,0.4537998840212822,22,bab0b2935945,0.312133252620697,0.26384416222572327,0.0,0.07707532800886907,0.0,0,0.2921026942057869,20,1bd49058235f,0.46810925006866455,1.9843558073043823,0.0,0.09116076173031373,0.0,1,0.7343542603237987,65,8da0e9e0dffc,0.358629047870636,0.7767215371131897,0.2222222238779068,0.09116076173031373,0.6667563373941057,1,0.6759569952257292,64,445ae625480e,0.2653278112411499,-0.25244879722595215,0.2857142984867096,0.3465735069466602,0.8016951199619603,1,0.46896478663203356
33,2be03b534579,"direct organizational operations, projects, or services",173,49c0d2367c5d,0.5708609223365784,2.8212902545928955,0.25,0.0,1.0,1,1.4834968388080598,32,85a88cfd39f0,0.5337538123130798,2.3812379837036133,0.10000000149011612,0.09116076173031373,0.43708104496960704,1,1.1827049557154705,25,79d2ac46742b,0.5914607644081116,3.0655832290649414,0.125,0.11157175065711056,0.5174094532342917,1,1.3949361305860588,122,4e4a52d4b158,0.44738784432411194,1.3570261001586914,0.0,0.11157175065711056,0.0,1,0.7535047584159823,146,284cc33eb902,0.5132842659950256,2.1384902000427246,0.125,0.11157175065711056,0.5174094532342917,1,1.1370696436790535,89,b03b706832f2,0.3422790467739105,0.11054355651140213,0.2222222238779068,0.09116076173031373,0.9223744292237441,0,0.6609422084486374,142,c71cb5036aef,0.45090824365615845,1.39877450466156,0.0,0.1682360897391828,0.0,1,0.759697480699124,171,02b5b4014078,0.3483176529407501,0.18215523660182953,0.125,0.11157175065711056,0.426768211225537,1,0.5612001687619277,167,00c6f12023ab,0.3791865110397339,0.5482282638549805,0.125,0.11157175065711056,0.426768211225537,0,0.6130216062399931,38,a3c08ed1a115,0.4166094660758972,0.9920260906219482,0.10000000149011612,0.09116076173031373,0.360511959254449,1,0.7678589448226024
34,614f5f558eca,approve expenditures,88,d1809a4492b8,0.43298378586769104,3.2750582695007324,0.0,0.3465734652800195,0.0,1,1.2153426564522303,212,0cf60304ef43,0.30694663524627686,1.4717460870742798,0.0,0.20273247072078354,0.0,1,0.7155709582478031,35,e19513a85bed,0.4147849977016449,3.014673948287964,0.0,0.20273247072078354,0.0,1,1.155486637643002,196,0f2541e582f8,0.27124887704849243,0.960990309715271,0.0,0.5493059776674438,0.0,0,0.4852882248913176,105,8bb47fa10a52,0.2472117841243744,0.6170728206634521,0.0,0.3465734652800195,0.0,0,0.40750456370787985,109,d052bd1e246e,0.2223433256149292,0.26126036047935486,0.0,0.3465734652800195,0.0,0,0.3060562252290762,156,ae5e42c6c3d0,0.23183506727218628,0.3970661163330078,0.0,0.3465734652800195,0.0,0,0.3447768143601931,112,6379204aa590,0.21769505739212036,0.19475394487380981,0.0,0.3465734652800195,0.0,1,0.33709408037739164,101,ae138f31c069,0.24738992750644684,0.6196216940879822,0.0,0.45814521593713003,0.0,0,0.39707411827359274,99,78b76b55f875,0.22497665882110596,0.29893749952316284,0.0,0.3465734652800195,0.0,0,0.31679861762004263
35,e19513a85bed,prepare operational budgets,30,c6a87cc5d35e,0.647894024848938,3.1751415729522705,0.5,0.0,1.0,1,1.5000000014901163,13,f7e80a0049c6,0.5543870329856873,2.200361490249634,0.20000000298023224,0.0,0.435406748485089,1,1.1050947158644917,15,c5e6a1a8c44d,0.42047029733657837,0.8043227195739746,0.1666666716337204,0.14384099455923594,0.5127117094838111,1,0.7523467430455202,95,7c80e08ee743,0.3977331817150116,0.5672956705093384,0.20000000298023224,0.0,0.564593251514911,1,0.7192548260976551,164,0c9fad019eee,0.4718421995639801,1.3398581743240356,0.20000000298023224,0.0,0.435406748485089,1,0.877960972399545,100,6002eddcd7d0,0.5203924179077148,1.8459786176681519,0.1666666716337204,0.14384099455923594,0.3953963986242971,1,0.9878163743813136,3,33b4e36b0d81,0.47598913311958313,1.3830887079238892,0.25,0.4236488349555293,0.711864406779661,1,0.9378449257683311,118,eb485b5cf6a6,0.43535271286964417,0.9594671130180359,0.20000000298023224,0.0,0.435406748485089,1,0.7775549887727025,0,d52ebdd6c51c,0.4957028031349182,1.588597297668457,0.1428571492433548,0.2554127452163465,0.36212046408660864,1,0.8997280347845367,172,2c5271f1a3e4,0.4018116593360901,0.6098124384880066,0.125,0.3465735069466602,0.334010656372123,1,0.6213600824056714
36,e5bfe7745119,analyze data to inform operational decisions or activities,119,b729f6985724,0.7459509372711182,3.4204020500183105,0.5714285969734192,0.09116076173031373,1.0,1,1.437643134353912,22,bab0b2935945,0.7627027034759521,3.5912492275238037,0.30000001192092896,0.07707532800886907,0.4590551812799671,1,1.342961781243148,172,2c5271f1a3e4,0.6978529691696167,2.9298620223999023,0.3333333432674408,0.0,0.49468960174462207,1,1.1990570682584183,164,0c9fad019eee,0.5154059529304504,1.069128155708313,0.2857142984867096,0.3465735069466602,0.34630956511692196,1,0.6740701838314099,143,fd635c6ca5be,0.4439401626586914,0.3402654528617859,0.20000000298023224,0.0,0.3216386979937261,1,0.530596075568785,197,3a46124701c0,0.48043474555015564,0.7124650478363037,0.1111111119389534,0.2027325123874243,0.1501865787966534,1,0.5480165419230292,30,c6a87cc5d35e,0.5207372903823853,1.123501181602478,0.125,0.3465735069466602,0.1653840302225052,1,0.6392811581912973,170,57e3b12b8497,0.5061254501342773,0.9744784832000732,0.10000000149011612,0.09116076173031373,0.150472722090406,1,0.6250826327317447,145,7809c19536e4,0.47952038049697876,0.7031396627426147,0.0833333358168602,0.07707532800886907,0.18073880416629295,1,0.5711548770874915,81,e9ce432833f3,0.4543192386627197,0.44611918926239014,0.10000000149011612,0.09116076173031373,0.13754711424445976,1,0.4896249791694993
37,78a6d412d86e,monitor organizational procedures to ensure proper functioning,191,a9be4c9c15a1,0.6142948269844055,2.4760453701019287,0.27272728085517883,0.14384101539256,1.0,1,1.508377878159879,179,6a5f3442d709,0.5770341157913208,2.0455782413482666,0.2222222238779068,0.09116076173031373,0.7060435833155114,1,1.2871757249186644,115,830e9df61ddd,0.6111525893211365,2.4397435188293457,0.25,0.2027325123874243,0.7709232639445044,1,1.4155643568314933,170,57e3b12b8497,0.6206849813461304,2.5498697757720947,0.2222222238779068,0.09116076173031373,0.7060435833155114,1,1.4435547391722807,167,00c6f12023ab,0.5430796146392822,1.6533070802688599,0.25,0.2027325123874243,0.7709232639445044,1,1.1728656575955771,193,adb21e5e1a03,0.45778340101242065,0.6678933501243591,0.10000000149011612,0.09116076173031373,0.5508169584685338,1,0.8177304760822038,31,53acfaed8c01,0.4775669574737549,0.8964496850967407,0.0,0.5493059776674438,0.0,1,0.6626298157130607,42,853f8faf3522,0.48402756452560425,0.9710880517959595,0.0,0.09116076173031373,0.0,1,0.7324796495421291,28,ce1178bafa1d,0.4668322801589966,0.7724336385726929,0.0833333358168602,0.07707532800886907,0.3311704006918577,1,0.7771094994662573,96,1cbedefabffc,0.3998517394065857,-0.0013820263557136059,0.20000000298023224,0.0,0.7358546125109496,1,0.6733722938622462
38,a3c08ed1a115,confer with organizational members to accomplish work activities,179,6a5f3442d709,0.4728040099143982,1.9750796556472778,0.2222222238779068,0.09116076173031373,1.0,1,1.546439485011852,62,c6d9ce80244c,0.4178314208984375,1.3230085372924805,0.0833333358168602,0.07707532800886907,0.5012974804891439,1,1.1721134183418864,107,750257b28f11,0.3944490849971771,1.0456531047821045,0.1111111119389534,0.2027325123874243,0.3460540527809697,1,1.0037992949401708,171,02b5b4014078,0.44152992963790894,1.604114294052124,0.1111111119389534,0.2027325123874243,0.4005492323158574,1,1.218048523733879,42,853f8faf3522,0.4125780463218689,1.2606943845748901,0.10000000149011612,0.09116076173031373,0.31693069190336326,1,1.0816689316782273,33,2be03b534579,0.4166094660758972,1.3085139989852905,0.10000000149011612,0.09116076173031373,0.3668396434575922,1,1.1158810674220594,199,0d99df7b9f80,0.41485291719436646,1.2876782417297363,0.09090909361839294,0.0,0.33836350675083837,1,1.109182177409333,170,57e3b12b8497,0.4431825280189514,1.6237170696258545,0.2222222238779068,0.09116076173031373,0.6837703353609556,1,1.3152787139852473,31,53acfaed8c01,0.4531354308128357,1.7417758703231812,0.0,0.5493059776674438,0.0,1,1.111993956342829,122,4e4a52d4b158,0.44129425287246704,1.6013188362121582,0.0,0.2027325123874243,0.0,1,1.0966368964281887
39,202cbfb3aef7,evaluate employee performance,179,6a5f3442d709,0.534296989440918,3.043898820877075,0.1428571492433548,0.2554127452163465,0.7207854769243702,1,1.4481622185136884,40,f64df278da5d,0.43714720010757446,1.8436508178710938,0.1666666716337204,0.14384099455923594,1.0,1,1.224892802921682,157,018f6a0e7f9a,0.3299163579940796,0.5188553929328918,0.09090909361839294,0.5493060332229684,0.5392543197730474,1,0.6679295151632684,170,57e3b12b8497,0.5089532136917114,2.7307863235473633,0.1428571492433548,0.2554127452163465,0.5872942960353834,1,1.3156844950609798,100,6002eddcd7d0,0.33982712030410767,0.6412990093231201,0.1666666716337204,0.14384099455923594,0.7870198180471503,0,0.7723859996046243,55,4805101e52c6,0.4630064070224762,2.1631312370300293,0.0,0.2554127452163465,0.0,1,0.9773490321895623,119,b729f6985724,0.42436689138412476,1.6857551336288452,0.0,0.2554127452163465,0.0,1,0.8434153837224984,102,f2c8cd5b27ab,0.2916943430900574,0.046637196093797684,0.1428571492433548,0.2554127452163465,0.5872942960353834,0,0.530544838249027,66,196087c93944,0.2882634401321411,0.004249719902873039,0.10000000149011612,0.4904145223392202,0.5754887997577977,0,0.4937835106318515,31,53acfaed8c01,0.46202778816223145,2.15104079246521,0.0,0.20273247072078354,0.0,1,0.9792248102933392
40,f64df278da5d,conduct employee training programs,31,53acfaed8c01,0.5601367354393005,3.8024489879608154,0.0,0.3465734652800195,0.0,1,1.2153426564522303,112,6379204aa590,0.3612646162509918,1.3617684841156006,0.1428571492433548,0.0,0.8400013687504737,1,0.9320673698984279,39,202cbfb3aef7,0.43714720010757446,2.293045997619629,0.1666666716337204,0.14384099455923594,1.0,1,1.1929776374377303,0,d52ebdd6c51c,0.4209689199924469,2.094496250152588,0.0,0.11157175065711056,0.0,1,0.8206579812748881,107,750257b28f11,0.40185844898223877,1.859960913658142,0.0,0.0,0.0,1,0.7743902012705803,114,98e7b9000779,0.3387133479118347,1.085005521774292,0.0,0.3465734652800195,0.0,1,0.5499883822389162,56,269bfa3db5c6,0.20925867557525635,-0.5037416219711304,0.125,0.11157175065711056,0.7227196941676782,0,0.3844082983433919,113,322cdff981bb,0.2762605547904968,0.3185465335845947,0.0,0.2027325123874243,0.0,1,0.37670832261117404,117,f2f5eb941075,0.2844884693622589,0.41952455043792725,0.0,0.3465735277799843,0.0,0,0.33704825007649186,87,bd28ef3a0af3,0.34068405628204346,1.1091912984848022,0.0,0.0,0.0,0,0.540567509829998
41,babe1d93de49,hire personnel,114,98e7b9000779,0.5442907214164734,3.1808478832244873,0.3333333432674408,0.0,1.0,1,1.5333333253860475,78,98d9410b9c2c,0.5068615674972534,2.7267072200775146,0.20000000298023224,0.3465734652800195,0.8162162162162164,1,1.3346396254342567,113,322cdff981bb,0.40031033754348755,1.433885097503662,0.0,0.5493059776674438,0.0,1,0.6921591488276847,62,c6d9ce80244c,0.3868163526058197,1.270158052444458,0.125,0.6263813056763128,0.6398305084745763,1,0.8477183195384966,43,61355ce7e829,0.3795078992843628,1.1814820766448975,0.25,0.20273247072078354,0.8988095238095238,1,0.9427209906687563,64,445ae625480e,0.29965609312057495,0.21261310577392578,0.0,0.20273247072078354,0.0,1,0.37524048044385755,40,f64df278da5d,0.4075583815574646,1.521828055381775,0.0,0.3465734652800195,0.0,1,0.7377491600103893,12,9251af4a3821,0.34345340728759766,0.7440207600593567,0.1666666716337204,0.45814521593713003,0.7475247524752476,1,0.7504658271940905,107,750257b28f11,0.4157005846500397,1.6206201314926147,0.0,0.3465734652800195,0.0,1,0.7661891586370982,38,a3c08ed1a115,0.38709795475006104,1.2735748291015625,0.0,0.5493059776674438,0.0,1,0.646009485200537
42,853f8faf3522,manage control system activities in organizations,109,d052bd1e246e,0.4831400513648987,2.291670322418213,0.2857142984867096,0.11157175065711056,0.9673402261597717,1,1.516222136371894,128,54e485ae84d0,0.42613083124160767,1.4799410104751587,0.125,0.11157175065711056,0.6345091569723943,1,1.1644965843647164,156,ae5e42c6c3d0,0.4381083846092224,1.6504842042922974,0.2857142984867096,0.11157175065711056,1.0,1,1.3223162108047457,37,78a6d412d86e,0.48402756452560425,2.304307222366333,0.0,0.09116076173031373,0.0,1,1.240883926807201,178,78b65ab85b19,0.47177696228027344,2.1298763751983643,0.1111111119389534,0.0,0.5511986924725282,1,1.363129742913557,200,9ff41f315fd5,0.4243258237838745,1.454240322113037,0.0,0.2554127452163465,0.0,1,0.9386172932645821,173,49c0d2367c5d,0.40869686007499695,1.2317063808441162,0.1111111119389534,0.0,0.5511986924725282,1,1.0667061959436663,38,a3c08ed1a115,0.4125780463218689,1.2869688272476196,0.10000000149011612,0.09116076173031373,0.3087479724205801,1,0.9925593834504092,47,8f3ed6033a9e,0.45489370822906494,1.889483094215393,0.0,0.0,0.0,1,1.1105121850967408,164,0c9fad019eee,0.36095359921455383,0.551910936832428,0.1428571492433548,0.2554127452163465,0.4024750354768277,0,0.7115269069144773
43,61355ce7e829,maintain personnel records,11,810124c49b5c,0.6663769483566284,4.572470188140869,0.4000000059604645,0.2554127452163465,1.0,1,1.4944587302467371,114,98e7b9000779,0.3798297047615051,1.4164958000183105,0.25,0.20273247072078354,0.4231601200010141,1,0.676315595948422,119,b729f6985724,0.38399839401245117,1.4624090194702148,0.1428571492433548,0.2554127452163465,0.31632266396115416,1,0.6525978506252369,27,88a991273442,0.3739777207374573,1.3520432710647583,0.1666666716337204,0.14384099455923594,0.3676811092732066,1,0.6565131049007865,201,42bb588edac5,0.3363000154495239,0.937068521976471,0.20000000298023224,0.0,0.4048869358068048,1,0.5946945772864292,31,53acfaed8c01,0.34755897521972656,1.0610724687576294,0.0,0.20273247072078354,0.0,1,0.4733192044407352,52,7f83579eb5ca,0.2692471444606781,0.1985616236925125,0.125,0.3465735069466602,0.31059819733124755,0,0.3264760014385447,0,d52ebdd6c51c,0.3220532238483429,0.780157208442688,0.1428571492433548,0.2554127452163465,0.31632266396115416,0,0.45912982827874027,103,6680fc36f234,0.2713332772254944,0.22153787314891815,0.1428571492433548,0.2554127452163465,0.31632266396115416,0,0.34165998107643925,86,19ea31d71f7c,0.503821849822998,2.7821204662323,0.1428571492433548,0.2554127452163465,0.3367376495818971,1,0.9372600119867306
44,2d4009710863,prepare operational progress or status reports,30,c6a87cc5d35e,0.77580726146698,4.208547592163086,0.6000000238418579,0.2554127452163465,1.0,1,1.4544587236902262,15,c5e6a1a8c44d,0.3523295521736145,0.07807164639234543,0.125,0.11157175065711056,0.2873372493718956,1,0.4390617362033192,164,0c9fad019eee,0.4618549942970276,1.1463502645492554,0.1428571492433548,0.2554127452163465,0.24401349755328056,1,0.6343098178394818,100,6002eddcd7d0,0.4971427321434021,1.4905364513397217,0.125,0.11157175065711056,0.2215906356159521,1,0.7153863444346127,151,506120811a05,0.44973114132881165,1.0280978679656982,0.1428571492433548,0.2554127452163465,0.24401349755328056,1,0.6093254133947873,186,4c7ceb754866,0.38219398260116577,0.36936044692993164,0.25,0.0,0.6287412495596479,1,0.6237525761538888,121,66497e9d2189,0.5172295570373535,1.6864573955535889,0.25,0.0,0.6287412495596479,1,0.8969388686531926,11,810124c49b5c,0.37863707542419434,0.3346674144268036,0.125,0.0,0.20294191875718381,1,0.4750594723078789,143,fd635c6ca5be,0.394059419631958,0.4850924015045166,0.10000000149011612,0.09116076173031373,0.1871884364792289,1,0.4939505770506027,36,e5bfe7745119,0.4515533447265625,1.0458711385726929,0.10000000149011612,0.09116076173031373,0.1871884364792289,1,0.6132990397216442
45,aa03c0034762,evaluate quality of materials or products,190,c2a2570c95d4,0.8328249454498291,4.38118314743042,0.5,0.11157175065711056,1.0,1,1.4888428264244051,180,893bb3cbc01a,0.48329266905784607,1.306804895401001,0.2857142984867096,0.11157175065711056,0.5917914846045893,1,0.7469713068862501,102,f2c8cd5b27ab,0.5937371850013733,2.278240919113159,0.2857142984867096,0.11157175065711056,0.6982976051879806,1,0.9870607482227842,177,ff18586218d4,0.4465073347091675,0.9832524061203003,0.0,0.0,0.0,1,0.5051240950822831,152,fbe465293a7d,0.3400633633136749,0.04700394719839096,0.125,0.11157175065711056,0.3776184016579473,0,0.36568815025921464,139,80c1c070d6f0,0.4543823003768921,1.0525181293487549,0.2857142984867096,0.11157175065711056,0.6223815983420526,1,0.704588939541948,130,cbb58925807f,0.4171839952468872,0.7253333330154419,0.1666666716337204,0.14384099455923594,0.42235953623829947,1,0.57095442954647,19,9d76ae41867e,0.447544664144516,0.9923763871192932,0.1428571492433548,0.0,0.3501470222327931,1,0.6187917860337931,89,b03b706832f2,0.4951605796813965,1.4111913442611694,0.1111111119389534,0.2027325123874243,0.2500670355116909,1,0.6560193296781843,185,7b03e0901b8c,0.35325467586517334,0.16303066909313202,0.125,0.11157175065711056,0.271112281074556,0,0.35331586637597917
46,f64f2eefbcb7,"develop operating strategies, plans, or procedures",48,23ca56c5d573,0.6256588697433472,3.020047426223755,0.2857142984867096,0.11157175065711056,0.8520529570242366,1,1.4799185091361264,93,4b8b2b6692c3,0.5894774794578552,2.536062479019165,0.2857142984867096,0.11157175065711056,1.0,1,1.4095496871455164,15,c5e6a1a8c44d,0.5102117657661438,1.4757544994354248,0.125,0.11157175065711056,0.5479037630529989,1,1.004891739008206,25,79d2ac46742b,0.49984824657440186,1.3371256589889526,0.0,0.11157175065711056,0.0,1,0.7928622790558787,3,33b4e36b0d81,0.5166504383087158,1.5618822574615479,0.09090909361839294,0.1682360897391828,0.42950083120679994,1,0.9847554924734022,49,824d3015533f,0.4304640293121338,0.4089988172054291,0.1111111119389534,0.0,0.3527161025825081,1,0.6721045320568511,57,c1933354ef21,0.4778285026550293,1.042575716972351,0.0,0.2554127452163465,0.0,1,0.7004213896653199,167,00c6f12023ab,0.46024858951568604,0.807415783405304,0.125,0.11157175065711056,0.4669251044746871,1,0.8031267825204605,36,e5bfe7745119,0.468417227268219,0.9166845679283142,0.0,0.09116076173031373,0.0,1,0.6834849891646266,171,02b5b4014078,0.5242066383361816,1.6629587411880493,0.125,0.11157175065711056,0.38512785254954934,1,0.996496421004339
47,8f3ed6033a9e,implement organizational process or policy changes,51,6385c0e2eb2e,0.7103566527366638,3.336228847503662,0.6666666865348816,0.0,1.0,1,1.4666666626930238,29,ef7349785e11,0.6044958829879761,2.3804574012756348,0.2857142984867096,0.11157175065711056,0.5836303613707596,1,1.1314537979292334,167,00c6f12023ab,0.44756561517715454,0.9636014103889465,0.125,0.11157175065711056,0.19330664294560243,1,0.6319122847914332,175,825fff3275ff,0.5259580612182617,1.6713731288909912,0.1111111119389534,0.0,0.1770382621036458,1,0.8328524608762335,115,830e9df61ddd,0.6783033609390259,3.0468335151672363,0.125,0.11157175065711056,0.19330664294560243,1,1.2022682738303774,149,c9b79bbec6f3,0.39266467094421387,0.4679243862628937,0.0,0.11157175065711056,0.0,1,0.43683797651366896,42,853f8faf3522,0.45489370822906494,1.0297636985778809,0.0,0.0,0.0,1,0.6050906658172608,48,23ca56c5d573,0.5180422067642212,1.5999042987823486,0.125,0.11157175065711056,0.19330664294560243,1,0.8061219465732211,166,505ab84c8d87,0.29746854305267334,-0.3915605843067169,0.2222222238779068,0.09116076173031373,0.5056277142558528,1,0.3696888940425188,38,a3c08ed1a115,0.37774401903152466,0.3332122266292572,0.10000000149011612,0.09116076173031373,0.16329556595861391,1,0.45236025241899896
48,23ca56c5d573,develop organizational methods or procedures,170,57e3b12b8497,0.6459232568740845,2.64306640625,0.5,0.11157175065711056,1.0,1,1.4888428264244051,9,3cdbc3929112,0.6311672925949097,2.497004985809326,0.3333333432674408,0.0,0.7389042797493656,1,1.3966989455603265,46,f64f2eefbcb7,0.6256588697433472,2.4424800872802734,0.2857142984867096,0.11157175065711056,0.6887052809344597,1,1.360081494121259,171,02b5b4014078,0.6177056431770325,2.363755464553833,0.3333333432674408,0.0,0.6798003594728554,1,1.3347308509775286,87,bd28ef3a0af3,0.5422185659408569,1.6165493726730347,0.1428571492433548,0.0,0.3399001797364277,1,1.01168133955341,204,62b52b411f3a,0.4589938521385193,0.7927526831626892,0.3333333432674408,0.0,0.7389042797493656,1,0.8687091482661865,167,00c6f12023ab,0.5098339319229126,1.29599130153656,0.3333333432674408,0.0,0.7519917121554641,1,1.0291967621305416,175,825fff3275ff,0.5064220428466797,1.2622188329696655,0.2857142984867096,0.11157175065711056,0.6225894381310805,1,0.9682146956305547,37,78a6d412d86e,0.541033923625946,1.6048232316970825,0.25,0.2027325123874243,0.6352441404053006,1,1.0756766983661217,47,8f3ed6033a9e,0.5180422067642212,1.3772406578063965,0.125,0.11157175065711056,0.31129471906554024,1,0.9162161960286148
49,824d3015533f,develop specifications for new products or processes,84,c6940290ea74,0.6875074505805969,3.454174280166626,0.25,0.0,0.6981575591826416,1,1.444355151674389,182,8729852fc4b8,0.654794454574585,3.0565707683563232,0.375,0.09116076173031373,1.0,1,1.419672624526775,185,7b03e0901b8c,0.6662023067474365,3.195225238800049,0.25,0.0,0.644558850880456,1,1.361543200795449,102,f2c8cd5b27ab,0.4974942207336426,1.1446969509124756,0.1111111119389534,0.0,0.38259041128106175,1,0.7766245075676992,22,bab0b2935945,0.411864697933197,0.10393032431602478,0.20000000298023224,0.1682360897391828,0.5516986774485259,0,0.500364340740974,178,78b65ab85b19,0.46622538566589355,0.7646462917327881,0.1111111119389534,0.0,0.2952861352267586,1,0.6497897234783524,153,8594b6595861,0.4726639688014984,0.8429027199745178,0.1111111119389534,0.0,0.2952861352267586,1,0.6696144294963234,133,70f88532846f,0.4515313506126404,0.5860506296157837,0.10000000149011612,0.09116076173031373,0.2723643804374668,1,0.5882587006944147,9,3cdbc3929112,0.5089360475540161,1.283764362335205,0.2857142984867096,0.11157175065711056,0.7259332564225188,1,0.9022488298760144,202,8747ed85441f,0.4674597978591919,0.7796496748924255,0.1111111119389534,0.0,0.2952861352267586,1,0.6535905552134865
50,a787a095d9b0,direct facility maintenance or repair activities,65,8da0e9e0dffc,0.8003453016281128,5.537048816680908,0.6666666865348816,0.0,1.0,1,1.4666666626930238,83,4ffdd533affb,0.3225010931491852,0.052223846316337585,0.125,0.11157175065711056,0.34907163699904203,1,0.34870010928303197,197,3a46124701c0,0.40533146262168884,1.002973198890686,0.0,0.11157175065711056,0.0,1,0.4053030663116426,78,98d9410b9c2c,0.37559258937835693,0.6616223454475403,0.0,0.11157175065711056,0.0,1,0.3425494597239942,64,445ae625480e,0.3337283730506897,0.18109360337257385,0.3333333432674408,0.2554127452163465,0.46242122582037254,1,0.38970807396983187,173,49c0d2367c5d,0.35855913162231445,0.4661077558994293,0.0,0.0,0.0,1,0.3177634432911873,120,a04637eaf44a,0.3223985433578491,0.05104675516486168,0.0,0.11157175065711056,0.0,1,0.23030187347368902,156,ae5e42c6c3d0,0.4201751947402954,1.1733535528182983,0.2857142984867096,0.11157175065711056,0.4199284645287708,1,0.5646585431906216,32,85a88cfd39f0,0.3015090823173523,-0.18872812390327454,0.2222222238779068,0.09116076173031373,0.35473409104028575,1,0.30696145950280945,25,79d2ac46742b,0.4608781635761261,1.6405532360076904,0.2857142984867096,0.11157175065711056,0.4199284645287708,1,0.6464580801340573
51,6385c0e2eb2e,recommend organizational process or policy changes,47,8f3ed6033a9e,0.7103566527366638,4.7983269691467285,0.6666666865348816,0.0,1.0,1,1.4666666626930238,80,4e4d6d43dbf9,0.2945125699043274,0.2985081672668457,0.0,0.11157175065711056,0.0,1,0.2912520148737878,2,771b010da2fa,0.47639530897140503,2.266648054122925,0.27272728085517883,0.29389328800662196,0.6156973002039391,1,0.8726609269538335,119,b729f6985724,0.3358681797981262,0.7460142374038696,0.0,0.0,0.0,1,0.3966469049453735,122,4e4a52d4b158,0.2874194085597992,0.22175359725952148,0.0,0.11157175065711056,0.0,1,0.27508872160153097,196,0f2541e582f8,0.3332665264606476,0.7178618907928467,0.0,0.09116076173031373,0.0,1,0.38160239806607954,170,57e3b12b8497,0.356985867023468,0.9745271801948547,0.1111111119389534,0.0,0.1770382621036458,0,0.44942100091291176,87,bd28ef3a0af3,0.479178786277771,2.2967679500579834,0.125,0.11157175065711056,0.19330664294560243,1,0.7656860587000484,38,a3c08ed1a115,0.28281736373901367,0.1719551980495453,0.10000000149011612,0.09116076173031373,0.16329556595861391,0,0.2700338543741744,175,825fff3275ff,0.3723505139350891,1.14078688621521,0.1111111119389534,0.0,0.1770382621036458,1,0.5337843005211423
52,7f83579eb5ca,maintain knowledge of current developments in area of expertise,18,1c10b347eeee,0.6612122654914856,5.4800920486450195,0.125,0.3465735069466602,1.0,1,1.540342646325102,43,61355ce7e829,0.2692471444606781,-0.25863704085350037,0.125,0.3465735069466602,0.7024328995957363,0,0.34152393513120594,111,059770361813,0.3336229622364044,0.6838840246200562,0.0,0.09116076173031373,0.0,1,0.3492124331577181,139,80c1c070d6f0,0.363190233707428,1.1167759895324707,0.10000000149011612,0.09116076173031373,0.584201619465761,0,0.5776825799666051,69,636981831618,0.36890900135040283,1.2005040645599365,0.0,0.09116076173031373,0.0,1,0.44525815820530645,192,8562bf3caec4,0.30413544178009033,0.25215965509414673,0.0,0.09116076173031373,0.0,1,0.26894977962807415,3,33b4e36b0d81,0.3436657190322876,0.8309192061424255,0.0,0.07707532800886907,0.0,0,0.32795654951765746,182,8729852fc4b8,0.41578149795532227,1.8867603540420532,0.0,0.0,0.0,1,0.5819573655724526,27,88a991273442,0.24004343152046204,-0.6862061619758606,0.1111111119389534,0.2027325123874243,0.637885011524777,0,0.25560628693402626,21,c9b70de179fe,0.30209922790527344,0.22234761714935303,0.0,0.2027325123874243,0.0,1,0.2522501958874077
53,a68e486bae8e,negotiate sales or lease agreements for products or services,168,ab35d13698b5,0.5826201438903809,4.174081325531006,0.20000000298023224,0.0,1.0,1,1.5600000113248826,20,1bd49058235f,0.4009093940258026,2.1004791259765625,0.2222222238779068,0.09116076173031373,0.8371057208185746,1,1.023940370591028,17,e1dbddbff402,0.3909066915512085,1.9863327741622925,0.0,0.2027325123874243,0.0,1,0.7197279533711285,32,85a88cfd39f0,0.4153290092945099,2.2650294303894043,0.09090909361839294,0.0,0.5951939359784141,1,1.0018488215821986,182,8729852fc4b8,0.28421759605407715,0.7688442468643188,0.09090909361839294,0.0,0.32268019932902414,0,0.5129691409214218,88,d1809a4492b8,0.30297747254371643,0.9829236268997192,0.1111111119389534,0.2027325123874243,0.5320453619043015,1,0.6635871944075032,123,05f356a221b7,0.3493805527687073,1.5124549865722656,0.125,0.3465735069466602,0.7176881431410969,1,0.8339927176087394,153,8594b6595861,0.32060298323631287,1.1840580701828003,0.2222222238779068,0.09116076173031373,0.8371057208185746,0,0.7682204153255059,150,3ffc9e8eaffb,0.2655209004878998,0.5554858446121216,0.1111111119389534,0.2027325123874243,0.3819835873138179,0,0.46326830988716633,142,c71cb5036aef,0.37880825996398926,1.8482708930969238,0.0,0.07707532800886907,0.0,1,0.7001093093974851
54,00ee16f445cd,determine causes of operational problems or failures,100,6002eddcd7d0,0.5898998379707336,2.563591241836548,0.2857142984867096,0.11157175065711056,1.0,1,1.3848178424818964,76,298036041aa4,0.6118258833885193,2.778890371322632,0.1111111119389534,0.0,0.6624256532210835,1,1.3671793159133747,143,fd635c6ca5be,0.6462269425392151,3.1166861057281494,0.10000000149011612,0.09116076173031373,0.27956878999944335,1,1.3187329925781701,140,f07eaef01260,0.5037869215011597,1.7180192470550537,0.2857142984867096,0.11157175065711056,0.8771274505619493,1,1.1172588651260884,62,c6d9ce80244c,0.409453421831131,0.7917266488075256,0.20000000298023224,0.1682360897391828,0.7838983050847457,1,0.8408536326050323,172,2c5271f1a3e4,0.41636693477630615,0.859612762928009,0.10000000149011612,0.09116076173031373,0.27956878999944335,1,0.699854918587825,57,c1933354ef21,0.4963395595550537,1.6448910236358643,0.3333333432674408,0.2554127452163465,0.9658843949640512,1,1.1082527988734638,151,506120811a05,0.4237361550331116,0.9319736361503601,0.1428571492433548,0.2554127452163465,0.36443788696356005,1,0.7287548361596566,30,c6a87cc5d35e,0.4309024512767792,1.002341866493225,0.1428571492433548,0.2554127452163465,0.36443788696356005,0,0.6979093401011925,13,f7e80a0049c6,0.3787379264831543,0.4901207685470581,0.1428571492433548,0.2554127452163465,0.36443788696356005,1,0.6084810747084123
55,4805101e52c6,monitor the productivity or efficiency of industrial operations,59,da6e8742f6bf,0.5583452582359314,2.5552549362182617,0.2857142984867096,0.11157175065711056,1.0,1,1.5184271373732539,81,e9ce432833f3,0.5618994235992432,2.5994503498077393,0.1111111119389534,0.0,0.5714953133043693,1,1.427801141739087,179,6a5f3442d709,0.44451361894607544,1.1397805213928223,0.1111111119389534,0.0,0.43398535773315433,1,0.9279066506406213,215,79b70e0eb0dc,0.4408530592918396,1.0942622423171997,0.10000000149011612,0.09116076173031373,0.40029699663058066,1,0.8942550350898792,197,3a46124701c0,0.442912220954895,1.1198674440383911,0.125,0.11157175065711056,0.4738650933086334,1,0.9228465436594151,137,a4f4cc8a14a2,0.5384718179702759,2.3081324100494385,0.1428571492433548,0.2554127452163465,0.5402327967496108,1,1.2952923555915685,28,ce1178bafa1d,0.4333970248699188,1.0015478134155273,0.20000000298023224,0.1682360897391828,0.7707878491871296,1,0.9758682153189658,22,bab0b2935945,0.48438265919685364,1.6355443000793457,0.09090909361839294,0.1682360897391828,0.3993258057036669,1,1.0554074992047306,58,224946bca8ba,0.5054283142089844,1.8972429037094116,0.125,0.11157175065711056,0.49058978299424116,1,1.1687295573242533,97,48c561c86be0,0.4340464770793915,1.009623646736145,0.10000000149011612,0.09116076173031373,0.4144251591503863,1,0.8729549535982456
56,269bfa3db5c6,conduct validation tests of equipment or processes,193,adb21e5e1a03,0.5572741031646729,2.5458481311798096,0.1111111119389534,0.0,0.4263402601281844,1,1.3769968731274222,158,16ac0e74dbe1,0.5040990710258484,1.8243920803070068,0.125,0.11157175065711056,1.0,1,1.3340580352528544,201,42bb588edac5,0.5531343221664429,2.4896814823150635,0.1428571492433548,0.2554127452163465,0.5126234080112693,1,1.3574706372878944,185,7b03e0901b8c,0.4444025158882141,1.01445472240448,0.1111111119389534,0.0,0.5872942960353834,1,0.9444266895087808,190,c2a2570c95d4,0.4974905848503113,1.7347309589385986,0.0,0.0,0.0,1,0.9861613243818284,66,196087c93944,0.5089632272720337,1.8903868198394775,0.0833333358168602,0.23500177712287373,0.3403981523553093,1,1.1187265013042478,76,298036041aa4,0.5364474058151245,2.2632803916931152,0.1111111119389534,0.0,0.4263402601281844,1,1.2867858840097999,19,9d76ae41867e,0.5091081857681274,1.8923536539077759,0.125,0.11157175065711056,0.46551747322104464,1,1.1686349352582717,108,3f3251058257,0.3749060034751892,0.07155575603246689,0.1111111119389534,0.0,0.9158415841584158,1,0.7583935687078698,149,c9b79bbec6f3,0.4510301351547241,1.1043754816055298,0.125,0.11157175065711056,0.6412618799953916,1,0.9791733407741677
57,c1933354ef21,determine operational methods,140,f07eaef01260,0.6546512842178345,3.154402494430542,0.4000000059604645,0.14384099455923594,1.0,1,1.505615905312448,48,23ca56c5d573,0.4385613203048706,0.9965099692344666,0.1666666716337204,0.14384099455923594,0.5608446644859896,1,0.8167618518440503,151,506120811a05,0.5294357538223267,1.9039896726608276,0.20000000298023224,0.0,0.41549023090096615,1,1.0202087207079162,54,00ee16f445cd,0.4963395595550537,1.5734883546829224,0.3333333432674408,0.2554127452163465,0.9158415841584157,1,1.0642651571725614,0,d52ebdd6c51c,0.4864579439163208,1.4748096466064453,0.1428571492433548,0.2554127452163465,0.34555623164040744,1,0.8621276234905267,13,f7e80a0049c6,0.4291108250617981,0.902136504650116,0.20000000298023224,0.0,0.41549023090096615,1,0.7516301317453614,100,6002eddcd7d0,0.5595806837081909,2.205019474029541,0.1666666716337204,0.14384099455923594,0.37731004752087743,1,1.0783660807992395,118,eb485b5cf6a6,0.4180971384048462,0.7921528816223145,0.20000000298023224,0.0,0.41549023090096615,1,0.7221455170154801,36,e5bfe7745119,0.4531174600124359,1.1418688297271729,0.125,0.3465735069466602,0.3187322319240288,1,0.7553987364060207,30,c6a87cc5d35e,0.4450644254684448,1.061450481414795,0.20000000298023224,0.0,0.41549023090096615,1,0.7943392886162034
58,224946bca8ba,direct industrial production activities,25,79d2ac46742b,0.7542163133621216,3.8172378540039062,0.6000000238418579,0.0,1.0,1,1.4799999982118608,75,f634ee56b726,0.44343137741088867,1.089000940322876,0.1666666716337204,0.14384099455923594,0.42028171051697905,1,0.6864567693966614,120,a04637eaf44a,0.42190757393836975,0.9000533819198608,0.1428571492433548,0.0,0.3816612290100134,1,0.6432807256146825,55,4805101e52c6,0.5054283142089844,1.633243203163147,0.125,0.11157175065711056,0.34954122458837866,1,0.8017107163674272,97,48c561c86be0,0.4960283041000366,1.550724983215332,0.25,0.2027325123874243,0.6338245720879628,1,0.858701188752348,146,284cc33eb902,0.4973229169845581,1.5620896816253662,0.3333333432674408,0.0,0.631349978808587,1,0.8719918825103927,156,ae5e42c6c3d0,0.3693849742412567,0.4389818608760834,0.3333333432674408,0.0,0.631349978808587,1,0.6068890937044311,182,8729852fc4b8,0.4700005054473877,1.3222389221191406,0.1111111119389534,0.2027325123874243,0.3114166845680886,1,0.70447581732251,59,da6e8742f6bf,0.580773651599884,2.2946650981903076,0.1428571492433548,0.0,0.3816612290100134,1,0.983535501794473,32,85a88cfd39f0,0.3970548212528229,0.6818826198577881,0.25,0.2027325123874243,0.5333321738793998,1,0.6154279679518245
59,da6e8742f6bf,research industrial processes or operations,55,4805101e52c6,0.5583452582359314,2.287428379058838,0.2857142984867096,0.11157175065711056,1.0,1,1.4405197837336512,6,75e527217c38,0.4691428542137146,1.104509711265564,0.25,0.2027325123874243,0.75953001887106,1,0.9889029070570885,173,49c0d2367c5d,0.5606433153152466,2.3179032802581787,0.2857142984867096,0.11157175065711056,0.9002622916430081,1,1.414954047633121,58,224946bca8ba,0.580773651599884,2.584852933883667,0.1428571492433548,0.0,0.5356710062964147,1,1.4089134283155387,9,3cdbc3929112,0.45599085092544556,0.9301002025604248,0.1428571492433548,0.0,0.4723511084110153,1,0.8667782083617364,120,a04637eaf44a,0.5005784630775452,1.5213793516159058,0.1428571492433548,0.0,0.5356710062964147,1,1.074737938472647,137,a4f4cc8a14a2,0.5703721642494202,2.44691801071167,0.1666666716337204,0.14384099455923594,0.5898758105049804,1,1.3655720213990499,151,506120811a05,0.47793975472450256,1.2211660146713257,0.1666666716337204,0.14384099455923594,0.5201485420002251,1,0.9575648657018235,24,2ae9204d54c8,0.4931439757347107,1.4227901697158813,0.1428571492433548,0.0,0.5356710062964147,1,1.0437582082838004,85,e9ceea91a9c3,0.4695171117782593,1.1094727516174316,0.1666666716337204,0.14384099455923594,0.5201485420002251,1,0.9226101762587121
60,90e3d91fbf4d,design control systems for mechanical or other equipment,127,3d77dabe7560,0.6612716913223267,3.0036745071411133,0.4285714328289032,0.2027325123874243,0.7954586956010763,1,1.4208683913503575,128,54e485ae84d0,0.5691514015197754,2.1607699394226074,0.4285714328289032,0.2027325123874243,1.0,1,1.273952003416142,63,50171927f859,0.5508190989494324,1.9930285215377808,0.4444444477558136,0.07707532800886907,0.9511216293509036,1,1.2235029809853228,24,2ae9204d54c8,0.54875648021698,1.9741554260253906,0.25,0.2027325123874243,0.5594602871879902,1,1.098497664242779,132,22f88df4c22c,0.42447829246520996,0.8370044827461243,0.125,0.3465735069466602,0.2598791997406007,1,0.6873924437279796,147,a2140782858a,0.3730860650539398,0.36676332354545593,0.10000000149011612,0.09116076173031373,0.23690448804964656,1,0.5782758602234732,62,c6d9ce80244c,0.34078294038772583,0.0711883082985878,0.1818181872367859,0.07707532800886907,0.4819241963253035,0,0.5291235499354627,75,f634ee56b726,0.6619271039962769,3.009671688079834,0.2857142984867096,0.3465735069466602,0.5447286437050567,1,1.3488548238454585,125,12a1310a48ad,0.46508100628852844,1.2085211277008057,0.2222222238779068,0.09116076173031373,0.5988344128566092,1,0.921826916839336,42,853f8faf3522,0.3711564540863037,0.3491072952747345,0.10000000149011612,0.09116076173031373,0.40346458846644456,1,0.6317250021184103
61,dc17b84d2d6b,review technical documents to plan work,15,c5e6a1a8c44d,0.5629953145980835,2.9999477863311768,0.125,0.11157175065711056,0.6259810430171412,1,1.432936187010056,196,0f2541e582f8,0.4433386027812958,1.5711652040481567,0.2222222238779068,0.09116076173031373,1.0,1,1.1401271460039974,68,7a9450b42a26,0.5628577470779419,2.998305320739746,0.125,0.11157175065711056,0.33874221637465596,1,1.3319276231721324,16,6e6ec1a475b8,0.4324248433113098,1.440847396850586,0.1111111119389534,0.0,0.31023420806589774,1,0.8844617016171621,194,094e12b11051,0.5056803226470947,2.3155677318573,0.25,0.0,0.8835336781558537,1,1.3155508295651277,77,9b108680399f,0.4102831184864044,1.1764601469039917,0.1428571492433548,0.2554127452163465,0.6142470657251722,1,0.8851935082732637,103,6680fc36f234,0.4136853814125061,1.2170854806900024,0.1111111119389534,0.0,0.31023420806589774,1,0.8196053660964178,145,7809c19536e4,0.39933228492736816,1.0456997156143188,0.09090909361839294,0.1682360897391828,0.26553944927674306,1,0.7395604728047831,3,33b4e36b0d81,0.4687770903110504,1.874917984008789,0.09090909361839294,0.1682360897391828,0.26553944927674306,1,0.9807300521318896,167,00c6f12023ab,0.42730405926704407,1.3797017335891724,0.0,0.11157175065711056,0.0,1,0.760361274419591
62,c6d9ce80244c,confer with other personnel to resolve design or operational problems,3,33b4e36b0d81,0.7428849935531616,5.088343143463135,0.27272728085517883,0.0,0.6719828192614674,1,1.4306485424914068,100,6002eddcd7d0,0.4705353081226349,1.4025540351867676,0.375,0.27980784039629336,1.0,1,0.8149398001919858,117,f2f5eb941075,0.4371775686740875,0.9511138200759888,0.0714285746216774,0.06676568738369093,0.21558207756408412,1,0.4975507843491448,41,babe1d93de49,0.3868163526058197,0.2695605754852295,0.125,0.6263813056763128,0.33930859435731703,1,0.34973937532286814,198,edb3d68bc36f,0.4522979259490967,1.1557421684265137,0.0,0.1682360897391828,0.0,1,0.45690590759188143,29,ef7349785e11,0.4584462642669678,1.2389494180679321,0.10000000149011612,0.27980784039629336,0.21415905587320352,1,0.5297930971310776,60,90e3d91fbf4d,0.34078294038772583,-0.35342326760292053,0.1818181872367859,0.07707532800886907,0.4299620591792508,0,0.26479599034200374,0,d52ebdd6c51c,0.4727611541748047,1.4326770305633545,0.20000000298023224,0.1682360897391828,0.42952351405354067,1,0.645957823018395,38,a3c08ed1a115,0.4178314208984375,0.6892966628074646,0.0833333358168602,0.07707532800886907,0.3279643630451648,1,0.4841298047042689,12,9251af4a3821,0.39572805166244507,0.390165239572525,0.20000000298023224,0.1682360897391828,0.5236527889686543,1,0.47997736547472303
63,50171927f859,analyze design or requirements information for mechanical equipment or systems,144,7a053b14e6ec,0.6403351426124573,2.8624515533447266,0.10000000149011612,0.27980784039629336,0.2523765406846165,1,1.2903509974513827,125,12a1310a48ad,0.5461591482162476,1.8170818090438843,0.20000000298023224,0.1682360897391828,0.5842554921588202,1,1.0999777725483315,60,90e3d91fbf4d,0.5508190989494324,1.8688080310821533,0.4444444477558136,0.07707532800886907,1.0,1,1.2323709328396582,19,9d76ae41867e,0.5637671947479248,2.0125341415405273,0.2222222238779068,0.27980784039629336,0.5237163185641129,1,1.1197733743228921,84,c6940290ea74,0.5938218235969543,2.3461456298828125,0.20000000298023224,0.1682360897391828,0.4796411828433709,1,1.2140233089217896,154,17f9d29c543d,0.5232604742050171,1.562902569770813,0.07692307978868484,0.0,0.2723539703301007,1,0.9520161173367496,209,2ac9980eb5e6,0.38661181926727295,0.04607897996902466,0.1818181872367859,0.07707532800886907,0.5066903973724102,1,0.5787429417382122,159,3319e1abdfb1,0.42924582958221436,0.5193238258361816,0.3333333432674408,0.1682360897391828,0.8703648116197104,1,0.8192281757900209,75,f634ee56b726,0.5553630590438843,1.919246792793274,0.25,0.4236488349555293,0.5314669547842301,1,1.0773692988054344,127,3d77dabe7560,0.5099726319313049,1.4154051542282104,0.375,0.27980784039629336,0.7760928592487295,1,1.01901216237566
64,445ae625480e,direct installation activities,74,318da22b73fb,0.5613381862640381,4.488784313201904,0.0,0.14384099455923594,0.0,1,1.2356159035243086,146,284cc33eb902,0.40606504678726196,2.376723527908325,0.4000000059604645,0.14384099455923594,1.0,1,1.0600450936831527,50,a787a095d9b0,0.3337283730506897,1.392783761024475,0.3333333432674408,0.2554127452163465,0.9158415841584158,1,0.8174133143221146,25,79d2ac46742b,0.4245072603225708,2.6275787353515625,0.4000000059604645,0.14384099455923594,1.0,0,1.0629667315758757,156,ae5e42c6c3d0,0.3252737820148468,1.2777824401855469,0.4000000059604645,0.14384099455923594,1.0,1,0.828206938145309,41,babe1d93de49,0.29965609312057495,0.9293248057365417,0.0,0.20273247072078354,0.0,0,0.37516818820538367,170,57e3b12b8497,0.24737922847270966,0.21824294328689575,0.1428571492433548,0.2554127452163465,0.38107476584774536,0,0.3369593278173927,142,c71cb5036aef,0.29344239830970764,0.8448047041893005,0.1111111119389534,0.4236488349555293,0.32617416398832444,0,0.4411639006303735,32,85a88cfd39f0,0.2653278112411499,0.4623836576938629,0.2857142984867096,0.3465735069466602,0.8447488584474884,0,0.5370970592667023,33,2be03b534579,0.3757202625274658,1.963966965675354,0.1428571492433548,0.2554127452163465,0.5347668183106704,1,0.8259493197551991
65,8da0e9e0dffc,direct equipment maintenance or repair activities,50,a787a095d9b0,0.8003453016281128,4.679906845092773,0.6666666865348816,0.0,1.0,1,1.4666666626930238,138,ef5aeb4ce41e,0.6059384346008301,2.68806791305542,0.3333333432674408,0.2554127452163465,0.5345076565875373,1,0.947040674883918,58,224946bca8ba,0.46169182658195496,1.2101573944091797,0.2857142984867096,0.11157175065711056,0.4199284645287708,1,0.6298397277506821,101,ae138f31c069,0.35480189323425293,0.11499281227588654,0.1111111119389534,0.0,0.14882329252154275,1,0.3323627365268938,64,445ae625480e,0.35095110535621643,0.07553870975971222,0.3333333432674408,0.2554127452163465,0.46242122582037254,1,0.4000109771004824,156,ae5e42c6c3d0,0.44496721029281616,1.0388015508651733,0.2857142984867096,0.11157175065711056,0.4199284645287708,1,0.5953273084970944,189,a49d5a99c1d7,0.4417886435985565,1.006234884262085,0.125,0.11157175065711056,0.16249894642892776,1,0.5100007578656938,73,a40c650a049f,0.4283307194709778,0.8683487176895142,0.09090909361839294,0.1682360897391828,0.12738264868369337,1,0.46572946175405316,32,85a88cfd39f0,0.358629047870636,0.15420477092266083,0.2222222238779068,0.09116076173031373,0.35473409104028575,1,0.39895598723017495,164,0c9fad019eee,0.3660861849784851,0.2306085228919983,0.1428571492433548,0.2554127452163465,0.19240997941194718,1,0.344703511609892
66,196087c93944,"test performance of electrical, electronic, mechanical, or integrated systems or equipment",19,9d76ae41867e,0.5054413080215454,2.462989091873169,0.20000000298023224,0.3465735277799843,0.6656238608970437,1,1.3603284661539554,201,42bb588edac5,0.4669835567474365,1.9877612590789795,0.2222222238779068,0.4904145223392202,0.8256784338837779,1,1.2575484761030233,165,72ea80489538,0.518557071685791,2.6250622272491455,0.09090909361839294,0.3465735277799843,0.45716244008833223,1,1.3571676735885425,70,d5bb4574fc4d,0.4788789749145508,2.1347546577453613,0.1818181872367859,0.23500177712287373,0.800569788404887,1,1.3247226646293788,150,3ffc9e8eaffb,0.4509944021701813,1.790181040763855,0.09090909361839294,0.3465735277799843,0.45716244008833223,1,1.1053481971032901,56,269bfa3db5c6,0.5089632272720337,2.506509780883789,0.0833333358168602,0.23500177712287373,0.268014482555115,1,1.2678341952095602,220,7cd42be784e2,0.36921069025993347,0.7795683741569519,0.0833333358168602,0.23500177712287373,0.41868837334822506,1,0.7990168013695302,157,018f6a0e7f9a,0.31943804025650024,0.16452084481716156,0.0625,0.05889151088374822,0.3389967614977993,1,0.6045354918817206,158,16ac0e74dbe1,0.40080589056015015,1.169994592666626,0.09090909361839294,0.3465735277799843,0.45716244008833223,1,0.9182856355912968,100,6002eddcd7d0,0.3219076991081238,0.19503875076770782,0.09090909361839294,0.3465735277799843,0.49475203029408543,0,0.5873727914091448
67,3574e4789085,coordinate safety or regulatory compliance activities,27,88a991273442,0.5486966371536255,2.7342095375061035,0.2857142984867096,0.11157175065711056,1.0,1,1.5316999741776438,110,d9dbdf9d5d1a,0.29750949144363403,0.22222943603992462,0.125,0.11157175065711056,0.5350534847291062,1,0.6094517058832213,120,a04637eaf44a,0.32752007246017456,0.5223482251167297,0.0,0.11157175065711056,0.0,1,0.5269351282103509,156,ae5e42c6c3d0,0.28022506833076477,0.04937773197889328,0.125,0.11157175065711056,0.3082022490134171,0,0.4255789017770953,134,469df54e4928,0.3621591329574585,0.8687538504600525,0.0,0.29389328800662196,0.0,1,0.6201967556843919,96,1cbedefabffc,0.5393675565719604,2.6409146785736084,0.10000000149011612,0.09116076173031373,0.39276303801422535,1,1.3288236579254809,116,1cf7420e0aac,0.5171633362770081,2.41886305809021,0.2222222238779068,0.09116076173031373,0.8447488584474885,1,1.3943635280935185,142,c71cb5036aef,0.3031328320503235,0.27846527099609375,0.20000000298023224,0.1682360897391828,0.6610267404337576,0,0.6104788852010139,149,c9b79bbec6f3,0.47268223762512207,1.9740327596664429,0.125,0.11157175065711056,0.4649465152708938,1,1.1370015772744555,121,66497e9d2189,0.4687690734863281,1.9348993301391602,0.1111111119389534,0.0,0.4258173530946305,1,1.124312770265097
68,7a9450b42a26,document technical design details,194,094e12b11051,0.5506237745285034,2.4862794876098633,0.2857142984867096,0.11157175065711056,1.0,1,1.4911600985510798,124,3b11edaeeba4,0.5029782056808472,1.9638192653656006,0.2857142984867096,0.11157175065711056,0.9564788537923328,1,1.3180439862191669,61,dc17b84d2d6b,0.5628577470779419,2.620431900024414,0.125,0.11157175065711056,0.33357928423999134,1,1.3305955714380537,63,50171927f859,0.47550809383392334,1.662594199180603,0.10000000149011612,0.27980784039629336,0.2910500628142899,1,1.0050278939035477,209,2ac9980eb5e6,0.4358367621898651,1.2275758981704712,0.1111111119389534,0.2027325123874243,0.3136429900647142,1,0.8835072965542017,167,00c6f12023ab,0.4745427966117859,1.652009129524231,0.1428571492433548,0.0,0.6730860196858314,1,1.157041990077335,155,f6d7dbe3f71e,0.36225616931915283,0.42072373628616333,0.1666666716337204,0.14384099455923594,0.40885604062007386,0,0.6167974095760703,95,7c80e08ee743,0.40994197130203247,0.9436250925064087,0.0,0.14384099455923594,0.0,1,0.7035609055437141,84,c6940290ea74,0.4757630527019501,1.665389895439148,0.125,0.11157175065711056,0.33357928423999134,1,1.0338716692125594,144,7a053b14e6ec,0.4928686022758484,1.852961778640747,0.1428571492433548,0.0,0.3712854855360671,1,1.1136564866290222
69,636981831618,identify new applications for existing technologies,195,6b483cafcca2,0.6633918285369873,4.19765567779541,0.2857142984867096,0.11157175065711056,1.0,1,1.5316999741776438,126,ebdb003908ef,0.6277753114700317,3.825500726699829,0.25,0.0,0.8911046326343101,1,1.4271863111917533,17,e1dbddbff402,0.20656369626522064,-0.5757142901420593,0.125,0.11157175065711056,0.49773761874567335,0,0.22804204934569508,176,62eda05f366c,0.2718532383441925,0.10649225115776062,0.125,0.11157175065711056,0.5585743686075434,1,0.457976577039962,21,c9b70de179fe,0.3773954510688782,1.2092965841293335,0.125,0.11157175065711056,0.49773761874567335,1,0.6931320058304302,73,a40c650a049f,0.4038793742656708,1.4860254526138306,0.09090909361839294,0.1682360897391828,0.3725494759499197,1,0.7111599989765612,49,824d3015533f,0.35584622621536255,0.9841299653053284,0.1111111119389534,0.0,0.480585760771381,0,0.5969365099218502,52,7f83579eb5ca,0.36890900135040283,1.120622158050537,0.0,0.09116076173031373,0.0,1,0.5101201934202074,2,771b010da2fa,0.33403924107551575,0.7562701106071472,0.0,0.29389328800662196,0.0,0,0.3533170898327988,148,253c9a1feb09,0.3581257462501526,1.0079485177993774,0.1111111119389534,0.0,0.4352558233870349,1,0.6366229586289971
70,d5bb4574fc4d,design electronic or computer equipment or instrumentation,127,3d77dabe7560,0.6487523317337036,3.490683078765869,0.2857142984867096,0.11157175065711056,0.6372433480219838,1,1.404735145985338,138,ef5aeb4ce41e,0.4660727381706238,1.2339040040969849,0.3333333432674408,0.2554127452163465,1.0,1,0.9678990569970154,200,9ff41f315fd5,0.4460159242153168,0.9861269593238831,0.1428571492433548,0.2554127452163465,0.665220338767559,1,0.809405173618735,129,06f6e71fddcf,0.4562756419181824,1.1128729581832886,0.125,0.11157175065711056,0.30401612479486534,1,0.7304875139344332,66,196087c93944,0.4788789749145508,1.3921090364456177,0.1818181872367859,0.23500177712287373,0.6640316205533597,1,0.9070782388795247,73,a40c650a049f,0.43462294340133667,0.8453808426856995,0.09090909361839294,0.1682360897391828,0.23831772494512748,1,0.6384923762176383,84,c6940290ea74,0.47804051637649536,1.3817509412765503,0.1111111119389534,0.0,0.27843060934183206,1,0.8009199107217095,75,f634ee56b726,0.585821270942688,2.7132480144500732,0.3333333432674408,0.2554127452163465,0.7017263058575415,1,1.2174091802611442,5,abdac161e57b,0.47654032707214355,1.3632179498672485,0.125,0.11157175065711056,0.33322722322711834,1,0.8028037175166194,19,9d76ae41867e,0.4902588725090027,1.5326935052871704,0.125,0.11157175065711056,0.30401612479486534,1,0.8346143473137019
71,1cb040da80f9,evaluate plans or specifications to determine technological or environmental implications,145,7809c19536e4,0.6042726039886475,2.933161497116089,0.27272728085517883,0.0,1.0,1,1.5454545557498933,174,003763627ff4,0.5775723457336426,2.5844671726226807,0.1818181872367859,0.07707532800886907,0.6313982420978147,1,1.3290577083090425,180,893bb3cbc01a,0.5081193447113037,1.6774394512176514,0.09090909361839294,0.1682360897391828,0.3373787926050835,1,0.9751541993271813,159,3319e1abdfb1,0.4812045097351074,1.3259427547454834,0.0,0.1682360897391828,0.0,1,0.7680171938744208,140,f07eaef01260,0.44743406772613525,0.8849145770072937,0.2222222238779068,0.27980784039629336,0.8373118879746615,0,0.8497885798626739,195,6b483cafcca2,0.5047624111175537,1.6335992813110352,0.10000000149011612,0.27980784039629336,0.36838116814176686,1,0.9611036653640357,92,3f67b920ee49,0.44852811098098755,0.8992023468017578,0.1818181872367859,0.07707532800886907,0.6313982420978147,1,0.8560907318452479,23,9a8d83e8b2e2,0.4075198173522949,0.3636508285999298,0.1111111119389534,0.4236488349555293,0.417414874483301,1,0.6016152621845606,134,469df54e4928,0.4122721254825592,0.42571401596069336,0.1428571492433548,0.12565719826743915,0.5737137010196754,1,0.7012390818434665,105,8bb47fa10a52,0.551069974899292,2.2383570671081543,0.10000000149011612,0.27980784039629336,0.37905783196321396,1,1.1369515171936917
72,91e3b64a6f04,advise others regarding green practices or environmental concerns,8,04d0abdf0b41,0.5860729217529297,2.6729393005371094,0.0625,0.1783374505407972,0.33754841289605453,1,1.3378081994595394,116,1cf7420e0aac,0.5203899145126343,2.11179518699646,0.1818181872367859,0.07707532800886907,0.8447488584474885,1,1.32574960766714,23,9a8d83e8b2e2,0.47363847494125366,1.7123876810073853,0.1111111119389534,0.4236488349555293,0.46162599847165947,1,1.0423234361071239,176,62eda05f366c,0.5629662275314331,2.475533962249756,0.10000000149011612,0.27980784039629336,0.5236561864927981,1,1.3225695744157953,80,4e4d6d43dbf9,0.31798630952835083,0.3826177716255188,0.2222222238779068,0.27980784039629336,1.0,1,0.8148586782704464,159,3319e1abdfb1,0.5055705308914185,1.9851901531219482,0.09090909361839294,0.1682360897391828,0.47958611139191903,1,1.163967707863023,175,825fff3275ff,0.4770084023475647,1.7411776781082153,0.09090909361839294,0.1682360897391828,0.5382042652085894,1,1.1068250210093893,111,059770361813,0.2542608082294464,-0.16180290281772614,0.20000000298023224,0.1682360897391828,0.9158415841584158,1,0.6281959388296489,71,1cb040da80f9,0.3969388008117676,1.0571259260177612,0.07692307978868484,0.0,0.3286151175560966,0,0.7841672156951671,96,1cbedefabffc,0.44288766384124756,1.4496768712997437,0.0833333358168602,0.07707532800886907,0.3541240536220949,1,0.9597565079222411
73,a40c650a049f,"select tools, equipment, or technologies for use in operations or projects",173,49c0d2367c5d,0.4766451120376587,1.9372481107711792,0.20000000298023224,0.1682360897391828,1.0,1,1.428253312608304,130,cbb58925807f,0.4839893579483032,2.057119369506836,0.1111111119389534,0.4236488349555293,0.8111327964855218,1,1.391897800251415,19,9d76ae41867e,0.461588978767395,1.6915053129196167,0.10000000149011612,0.27980784039629336,0.34289843404107506,1,1.1244656607631975,137,a4f4cc8a14a2,0.49846577644348145,2.293400287628174,0.1111111119389534,0.4236488349555293,0.37759648986665995,1,1.3175716700403357,69,636981831618,0.4038793742656708,0.7495818734169006,0.09090909361839294,0.1682360897391828,0.5309278932255186,1,0.8932904993962852,133,70f88532846f,0.43709880113601685,1.291782021522522,0.0833333358168602,0.07707532800886907,0.6222388575779345,1,1.1137061779728425,59,da6e8742f6bf,0.4568082094192505,1.6134746074676514,0.10000000149011612,0.27980784039629336,0.5562208855954772,1,1.1735155088775813,70,d5bb4574fc4d,0.43462294340133667,1.2513716220855713,0.09090909361839294,0.1682360897391828,0.3140406450376182,1,0.9823428800968195,101,ae138f31c069,0.4069591462612152,0.799849271774292,0.09090909361839294,0.1682360897391828,0.3140406450376182,1,0.8339052683381105,132,22f88df4c22c,0.4136123061180115,0.9084406495094299,0.1111111119389534,0.4236488349555293,0.37759648986665995,1,0.8638241069762375
74,318da22b73fb,install production equipment or systems,135,4055e1544ee0,0.5848286151885986,3.0750930309295654,0.1666666716337204,0.14384099455923594,0.46832844975447907,1,1.3661975295918645,64,445ae625480e,0.5613381862640381,2.79107928276062,0.0,0.14384099455923594,0.0,1,1.1581698004283003,200,9ff41f315fd5,0.4652160406112671,1.6289032697677612,0.1666666716337204,0.14384099455923594,0.5968969644573645,1,1.0277975894402518,211,c7ea79acedc2,0.48911523818969727,1.9178593158721924,0.125,0.11157175065711056,0.3895008889047153,1,1.0411828401591776,78,98d9410b9c2c,0.3432273268699646,0.15398456156253815,0.1428571492433548,0.0,0.6417368106549339,1,0.668461369313486,137,a4f4cc8a14a2,0.48515838384628296,1.870018482208252,0.1666666716337204,0.14384099455923594,0.46832844975447907,1,1.0467205749529065,25,79d2ac46742b,0.41020360589027405,0.9637690782546997,0.1428571492433548,0.0,0.6417368106549339,0,0.8340193245189265,19,9d76ae41867e,0.3944481313228607,0.7732756733894348,0.3333333432674408,0.0,0.9673398356085932,0,0.8791033791657359,97,48c561c86be0,0.32473570108413696,-0.06959059089422226,0.25,0.2027325123874243,1.0,1,0.7079503944483608,139,80c1c070d6f0,0.4056517481803894,0.9087343215942383,0.125,0.11157175065711056,0.3895008889047153,0,0.7217431205418108
75,f634ee56b726,design industrial equipment,24,2ae9204d54c8,0.7308678030967712,3.099512815475464,0.4000000059604645,0.14384099455923594,0.9421629000606188,1,1.4853729203336645,137,a4f4cc8a14a2,0.7145307064056396,2.9467384815216064,0.5,0.0,1.0,1,1.4597321391105653,127,3d77dabe7560,0.628598153591156,2.143151044845581,0.4000000059604645,0.14384099455923594,0.7429090587038287,1,1.158975603738026,125,12a1310a48ad,0.5437512397766113,1.3497158288955688,0.1428571492433548,0.2554127452163465,0.32459910729948965,1,0.8183416106244915,155,f6d7dbe3f71e,0.46141356229782104,0.5797454118728638,0.20000000298023224,0.0,0.4277925963435201,1,0.6593472437393437,135,4055e1544ee0,0.526828408241272,1.1914640665054321,0.20000000298023224,0.0,0.3902917837767673,1,0.8162517932538297,60,90e3d91fbf4d,0.6619271039962769,2.454822540283203,0.2857142984867096,0.3465735069466602,0.6275715792703574,1,1.2013036203811052,63,50171927f859,0.5553630590438843,1.4583022594451904,0.25,0.4236488349555293,0.5823651519500352,1,0.909213987265752,5,abdac161e57b,0.44471320509910583,0.4235741198062897,0.1666666716337204,0.14384099455923594,0.38848192532816966,1,0.59018794251244,70,d5bb4574fc4d,0.585821270942688,1.7431284189224243,0.3333333432674408,0.2554127452163465,0.6803870092089519,1,1.027581625069239
76,298036041aa4,"investigate system, equipment, or product failures",54,00ee16f445cd,0.6118258833885193,2.7735044956207275,0.1111111119389534,0.0,0.9158415841584158,1,1.5483223365380032,99,78b76b55f875,0.4842374920845032,1.2693474292755127,0.125,0.11157175065711056,1.0,1,1.1099901610000582,138,ef5aeb4ce41e,0.505216121673584,1.516667366027832,0.1428571492433548,0.2554127452163465,0.5126234080112693,1,0.9972298798225318,193,adb21e5e1a03,0.6000763773918152,2.6349880695343018,0.1111111119389534,0.0,0.4263402601281844,1,1.3351031525005912,120,a04637eaf44a,0.5204641819000244,1.696428894996643,0.125,0.11157175065711056,0.9250015072549858,1,1.2126048800118334,19,9d76ae41867e,0.5697509050369263,2.2774767875671387,0.125,0.11157175065711056,0.46551747322104464,1,1.2271064212306761,202,8747ed85441f,0.5720953941345215,2.3051164150238037,0.0,0.0,0.0,1,1.1056651800870896,56,269bfa3db5c6,0.5364474058151245,1.8848572969436646,0.1111111119389534,0.0,0.4263402601281844,1,1.1082295013537025,74,318da22b73fb,0.39965182542800903,0.27215537428855896,0.125,0.11157175065711056,0.46551747322104464,1,0.6220362698420311,139,80c1c070d6f0,0.41308504343032837,0.4305214285850525,0.1111111119389534,0.0,0.4263402601281844,1,0.6683720631470298
77,9b108680399f,prepare proposal documents,1,06d678da6c8d,0.5879737734794617,3.0681774616241455,0.5,0.0,1.0,1,1.5000000014901163,212,0cf60304ef43,0.5183756351470947,2.4095215797424316,0.0,0.0,0.0,1,1.0588224411010743,95,7c80e08ee743,0.5686920285224915,2.8857007026672363,0.5,0.0,1.0,1,1.4514491051435472,3,33b4e36b0d81,0.42458608746528625,1.521925687789917,0.1111111119389534,0.4236488349555293,0.2979460374508692,0,0.7991993551320038,17,e1dbddbff402,0.4537660479545593,1.7980760335922241,0.1666666716337204,0.14384099455923594,0.38008251264002774,1,0.9768996105073128,214,fc824bfe7bf0,0.26777005195617676,0.037866149097681046,0.1428571492433548,0.2554127452163465,0.3480953704871541,1,0.45910223929150656,186,4c7ceb754866,0.37203383445739746,1.0245870351791382,0.1428571492433548,0.2554127452163465,0.3480953704871541,1,0.7386830372916038,61,dc17b84d2d6b,0.4102831184864044,1.3865667581558228,0.1428571492433548,0.2554127452163465,0.4835877978296777,1,0.8886699452482897,167,00c6f12023ab,0.4206085801124573,1.4842838048934937,0.0,0.14384099455923594,0.0,1,0.7758842054881149,121,66497e9d2189,0.4149135947227478,1.43038809299469,0.1428571492433548,0.2554127452163465,0.3480953704871541,1,0.8536640105949218
78,98d9410b9c2c,supervise production or support personnel,31,53acfaed8c01,0.6258836984634399,4.553775310516357,0.20000000298023224,0.3465734652800195,0.6963812452375104,1,1.4190761006300092,74,318da22b73fb,0.3432273268699646,0.4814566969871521,0.1428571492433548,0.0,0.4594572959499758,0,0.4789974356547019,12,9251af4a3821,0.38114532828330994,1.0277531147003174,0.2857142984867096,0.11157175065711056,0.9158415841584158,1,0.7814835983035281,25,79d2ac46742b,0.4307876527309418,1.742965579032898,0.1428571492433548,0.0,0.4594572959499758,1,0.7933115991309306,41,babe1d93de49,0.5068615674972534,2.8389861583709717,0.20000000298023224,0.3465734652800195,0.5287843176763968,1,1.0046360529415128,117,f2f5eb941075,0.32829591631889343,0.2663351893424988,0.0,0.3465735277799843,0.0,1,0.29511865043373825,107,750257b28f11,0.3821559548377991,1.042313575744629,0.0,0.0,0.0,1,0.49632619619369506,142,c71cb5036aef,0.3849635422229767,1.0827633142471313,0.0,0.27980784039629336,0.0,1,0.477027223546373,184,389dd43f303d,0.42740726470947266,1.6942633390426636,0.3333333432674408,0.0,1.0,1,0.9536860153079033,37,78a6d412d86e,0.4110475182533264,1.4585633277893066,0.0,0.2027325123874243,0.0,1,0.5653936839071125
79,5b935f6121b7,perform marketing activities,32,85a88cfd39f0,0.6688064336776733,4.675538063049316,0.2857142984867096,0.3465735069466602,0.8447488584474884,1,1.4538618990053098,107,750257b28f11,0.2849941849708557,0.33755186200141907,0.4000000059604645,0.14384099455923594,1.0,1,0.6346038267143064,94,832ecabbf00a,0.3924686312675476,1.55226731300354,0.0,0.2554127452163465,0.0,1,0.5525521752497696,99,78b76b55f875,0.29710501432418823,0.4744328558444977,0.0,0.14384099455923594,0.0,0,0.28183577471747917,164,0c9fad019eee,0.28596681356430054,0.3485448658466339,0.20000000298023224,0.0,0.3673343308595143,0,0.3887334596852027,20,1bd49058235f,0.43068382143974304,1.9841893911361694,0.0,0.2554127452163465,0.0,1,0.6454711523911499,91,b1f99c3dcd62,0.2749062478542328,0.22353430092334747,0.0,0.2554127452163465,0.0,1,0.2667030063530945,93,4b8b2b6692c3,0.588707685470581,3.770232915878296,0.0,0.14384099455923594,0.0,1,1.0408583525694899,146,284cc33eb902,0.24852585792541504,-0.07462652027606964,0.1666666716337204,0.14384099455923594,0.33357928423999134,0,0.2755226111054058,38,a3c08ed1a115,0.27666300535202026,0.2433898150920868,0.125,0.3465735069466602,0.2817907195634629,0,0.3053494444803544
80,4e4d6d43dbf9,advise others on logistics topics,85,e9ceea91a9c3,0.5692630410194397,3.6954867839813232,0.1666666716337204,0.14384099455923594,0.6296342242353882,1,1.4226545506601826,111,059770361813,0.35784268379211426,0.9846159815788269,0.2857142984867096,0.11157175065711056,1.0,1,0.86144267031388,198,edb3d68bc36f,0.44001853466033936,2.038289785385132,0.125,0.11157175065711056,0.5,1,0.9675803937895747,168,ab35d13698b5,0.44686219096183777,2.126040458679199,0.1111111119389534,0.2027325123874243,0.48300707612577715,1,0.9766577706299462,173,49c0d2367c5d,0.4741879403591156,2.4764163494110107,0.125,0.11157175065711056,0.5236561864927981,1,1.087232544818928,72,91e3b64a6f04,0.31798630952835083,0.47357019782066345,0.2222222238779068,0.27980784039629336,0.8559322033898306,1,0.6716874623291063,51,6385c0e2eb2e,0.2945125699043274,0.172585591673851,0.0,0.11157175065711056,0.0,1,0.3242611565573663,92,3f67b920ee49,0.5097262859344482,2.932095527648926,0.1111111119389534,0.2027325123874243,0.48300707612577715,1,1.1820428222976365,101,ae138f31c069,0.3157397210597992,0.44476404786109924,0.0,0.11157175065711056,0.0,0,0.3449215204401464,117,f2f5eb941075,0.3134293556213379,0.4151400923728943,0.0,0.3465735277799843,0.0,1,0.36373066344590904
81,e9ce432833f3,identify opportunities to improve operational efficiency,100,6002eddcd7d0,0.6367878913879395,3.5550355911254883,0.125,0.11157175065711056,0.23769126151739992,1,1.2970347634851467,176,62eda05f366c,0.32907623052597046,-0.10436228662729263,0.2857142984867096,0.11157175065711056,1.0,1,0.6356820949299784,55,4805101e52c6,0.5618994235992432,2.6644399166107178,0.1111111119389534,0.0,0.44008009477423976,1,1.1570768137314775,2,771b010da2fa,0.47256794571876526,1.6020835638046265,0.1666666716337204,0.29389328800662196,0.6385514803287973,1,0.9226201368585147,25,79d2ac46742b,0.4916023313999176,1.8284460306167603,0.125,0.11157175065711056,0.23769126151739992,1,0.8623823902904523,172,2c5271f1a3e4,0.45659399032592773,1.412116527557373,0.10000000149011612,0.09116076173031373,0.200789421829767,1,0.7494053272107953,13,f7e80a0049c6,0.45690667629241943,1.4158351421356201,0.1428571492433548,0.2554127452163465,0.2617433534566606,1,0.750611096177256,46,f64f2eefbcb7,0.449735164642334,1.3305493593215942,0.0,0.0,0.0,1,0.6780921697616578,22,bab0b2935945,0.46394890546798706,1.49958336353302,0.09090909361839294,0.1682360897391828,0.18632577703694483,1,0.7597656599310557,197,3a46124701c0,0.37734299898147583,0.4696403741836548,0.125,0.11157175065711056,0.23769126151739992,0,0.47031605014200323
82,68d8248a643f,"analyze jobs using observation, survey, or interview techniques",113,322cdff981bb,0.492266982793808,3.2305943965911865,0.0833333358168602,0.07707532800886907,1.0,1,1.5756258045060896,22,bab0b2935945,0.38476336002349854,1.794960379600525,0.07692307978868484,0.0,0.5791506328258637,0,0.9900427590137524,207,7663c229a426,0.29575449228286743,0.6063106656074524,0.1111111119389534,0.4236488349555293,0.8135687461125228,1,0.7481495292969292,119,b729f6985724,0.42794060707092285,2.3715615272521973,0.09090909361839294,0.1682360897391828,0.6766314324104151,1,1.2146614534392157,120,a04637eaf44a,0.3684660494327545,1.5773215293884277,0.0,0.27980784039629336,0.0,1,0.7585762749503724,107,750257b28f11,0.2763897776603699,0.3477087914943695,0.0,0.27980784039629336,0.0,1,0.41389303012596285,158,16ac0e74dbe1,0.3687928318977356,1.5816854238510132,0.10000000149011612,0.27980784039629336,0.738808374848129,1,1.0060861607146498,85,e9ceea91a9c3,0.31415438652038574,0.8520281314849854,0.1111111119389534,0.4236488349555293,0.8135687461125228,1,0.8157531546540803,59,da6e8742f6bf,0.3908737897872925,1.8765608072280884,0.0,0.27980784039629336,0.0,0,0.7924585993479363,193,adb21e5e1a03,0.31224051117897034,0.8264696598052979,0.0,0.1682360897391828,0.0,0,0.5092557476964613
83,4ffdd533affb,plan facility layouts or designs,155,f6d7dbe3f71e,0.678199827671051,4.626396179199219,0.0,0.14384099455923594,0.0,1,1.2356159035243086,15,c5e6a1a8c44d,0.46447786688804626,2.1552417278289795,0.0,0.0,0.0,1,0.724785353243351,50,a787a095d9b0,0.3225010931491852,0.5136392116546631,0.125,0.11157175065711056,1.0,0,0.6579357170446367,3,33b4e36b0d81,0.5051302909851074,2.625284433364868,0.10000000149011612,0.27980784039629336,0.6224550460781448,1,1.001654355689158,104,985eed507e3a,0.38137388229370117,1.1943541765213013,0.1111111119389534,0.2027325123874243,0.6707734743125213,0,0.6763434513157259,153,8594b6595861,0.3607862591743469,0.9563103914260864,0.0,0.11157175065711056,0.0,1,0.45880945557193464,141,dbc0d59bd942,0.26012128591537476,-0.2076256275177002,0.125,0.11157175065711056,0.7272247072992187,0,0.4123617268911761,29,ef7349785e11,0.3657074570655823,1.0132116079330444,0.0,0.0,0.0,1,0.4820603162050247,10,365ec2897755,0.28921371698379517,0.12875482439994812,0.125,0.11157175065711056,0.7272247072992187,0,0.482365966569559,163,3ac212a9f7c3,0.32386690378189087,0.5294313430786133,0.125,0.11157175065711056,0.7272247072992187,0,0.5657508827558918
84,c6940290ea74,develop technical specifications for systems or equipment,49,824d3015533f,0.6875074505805969,3.313112497329712,0.25,0.0,1.0,1,1.5500000059604646,103,6680fc36f234,0.5434315204620361,1.6604129076004028,0.1111111119389534,0.0,0.3905047996882728,1,0.9311287987644917,19,9d76ae41867e,0.4691442847251892,0.8082617521286011,0.2857142984867096,0.11157175065711056,0.9019498667780634,1,0.8601014492875415,154,17f9d29c543d,0.515446662902832,1.3393977880477905,0.20000000298023224,0.1682360897391828,0.8032965654970732,1,0.9646479472718194,9,3cdbc3929112,0.5603403449058533,1.8543745279312134,0.2857142984867096,0.11157175065711056,0.9199240519824484,1,1.1325431270759951,63,50171927f859,0.5938218235969543,2.2384417057037354,0.20000000298023224,0.1682360897391828,0.7070369718387362,1,1.1631217033939705,191,a9be4c9c15a1,0.5137272477149963,1.3196742534637451,0.0833333358168602,0.23500177712287373,0.3117864408578305,1,0.7938281941373727,98,207462e43a8e,0.47218605875968933,0.8431540131568909,0.09090909361839294,0.1682360897391828,0.3342456336314878,1,0.6821539935897202,200,9ff41f315fd5,0.4222595691680908,0.27044570446014404,0.1428571492433548,0.2554127452163465,0.5565480896729937,1,0.59721490446485,4,9fc64a999e12,0.4684007465839386,0.7997325658798218,0.09090909361839294,0.1682360897391828,0.3342456336314878,1,0.6707301599214882
85,e9ceea91a9c3,analyze logistics processes,80,4e4d6d43dbf9,0.5692630410194397,3.2639973163604736,0.1666666716337204,0.14384099455923594,0.8309690446608325,1,1.4844523316334748,151,506120811a05,0.48180097341537476,2.180166482925415,0.20000000298023224,0.0,0.7119029842018041,1,1.1615421755879753,92,3f67b920ee49,0.5718716979026794,3.296323776245117,0.125,0.3465735069466602,0.7019601518824383,1,1.4360286994839553,63,50171927f859,0.34330734610557556,0.4639517664909363,0.1111111119389534,0.4236488349555293,0.49322160446651225,0,0.5412125005829757,59,da6e8742f6bf,0.4695171117782593,2.027944564819336,0.1666666716337204,0.14384099455923594,0.6464848721400167,1,1.0883946270156735,173,49c0d2367c5d,0.4510902762413025,1.799599051475525,0.1428571492433548,0.2554127452163465,0.7610360062487822,1,1.0592155818134457,168,ab35d13698b5,0.35206037759780884,0.5724194049835205,0.125,0.3465735069466602,0.7019601518824383,1,0.7003062545324209,99,78b76b55f875,0.3831256628036499,0.9573808312416077,0.0,0.14384099455923594,0.0,0,0.540429546324163,82,68d8248a643f,0.31415438652038574,0.10268795490264893,0.1111111119389534,0.4236488349555293,0.49322160446651225,1,0.49340498889569684,9,3cdbc3929112,0.3501780331134796,0.5490934252738953,0.1666666716337204,0.14384099455923594,0.6464848721400167,0,0.6417920411039229
86,19ea31d71f7c,maintain data in information systems or databases,11,810124c49b5c,0.6320694088935852,4.364142894744873,0.2857142984867096,0.0,1.0,1,1.542857149243355,119,b729f6985724,0.45354509353637695,2.320042848587036,0.1111111119389534,0.0,0.5421064382244876,1,0.9709494521128541,91,b1f99c3dcd62,0.38330352306365967,1.5157780647277832,0.25,0.0,1.0,1,0.9424064546823502,139,80c1c070d6f0,0.38415372371673584,1.5255128145217896,0.1111111119389534,0.0,0.5421064382244876,0,0.7473720167981988,118,eb485b5cf6a6,0.26128020882606506,0.11861331015825272,0.1428571492433548,0.2554127452163465,0.6518184554842051,1,0.5015215823108525,199,0d99df7b9f80,0.3526349663734436,1.1646236181259155,0.10000000149011612,0.09116076173031373,0.5000251165358286,1,0.6955889586158972,18,1c10b347eeee,0.32265469431877136,0.8213500380516052,0.0,0.2554127452163465,0.0,1,0.4358769771716141,200,9ff41f315fd5,0.30005747079849243,0.5626122355461121,0.1428571492433548,0.2554127452163465,0.5505624968967472,0,0.5125575905509506,27,88a991273442,0.2835541367530823,0.37364938855171204,0.125,0.11157175065711056,0.5919216244397107,0,0.5012859125957679,209,2ac9980eb5e6,0.2682475447654724,0.1983891725540161,0.10000000149011612,0.09116076173031373,0.5000251165358286,0,0.43410169144952104
87,bd28ef3a0af3,establish organizational guidelines or policies,115,830e9df61ddd,0.6767810583114624,3.0030529499053955,0.3333333432674408,0.0,1.0,1,1.5333333253860475,185,7b03e0901b8c,0.5111609101295471,1.4289530515670776,0.125,0.11157175065711056,0.6323287086454021,1,1.0018185871096548,96,1cbedefabffc,0.5558141469955444,1.8533498048782349,0.1111111119389534,0.2027325123874243,0.33791907068356863,1,1.0085223328308746,175,825fff3275ff,0.5359010696411133,1.6640903949737549,0.2857142984867096,0.11157175065711056,0.9158415841584158,1,1.1437204817948057,48,23ca56c5d573,0.5422185659408569,1.7241336107254028,0.1428571492433548,0.0,0.4000231161064948,1,1.0104288326721853,196,0f2541e582f8,0.5789703726768494,2.0734329223632812,0.1111111119389534,0.2027325123874243,0.5068297877639197,1,1.1283717795334849,103,6680fc36f234,0.47682395577430725,1.1026049852371216,0.0,0.11157175065711056,0.0,1,0.7045306243880244,51,6385c0e2eb2e,0.479178786277771,1.1249860525131226,0.125,0.11157175065711056,0.3663578043549581,1,0.8250486624184167,38,a3c08ed1a115,0.3818530738353729,0.19997532665729523,0.1111111119389534,0.2027325123874243,0.33791907068356863,1,0.5522832546369717,178,78b65ab85b19,0.37063702940940857,0.09337492287158966,0.125,0.11157175065711056,0.3663578043549581,1,0.5410530266109024
88,d1809a4492b8,estimate costs of goods or services,13,f7e80a0049c6,0.6826073527336121,3.551234483718872,0.4000000059604645,0.14384099455923594,1.0,1,1.505615905312448,20,1bd49058235f,0.38616031408309937,1.0469789505004883,0.125,0.11157175065711056,0.3668314137446236,1,0.6790230745890959,168,ab35d13698b5,0.3430088460445404,0.6824541687965393,0.1111111119389534,0.2027325123874243,0.33835591587403635,1,0.5643838754218303,89,b03b706832f2,0.6498173475265503,3.2742388248443604,0.1111111119389534,0.2027325123874243,0.33835591587403635,1,1.252397950581857,106,48548f20bc23,0.4537639915943146,1.6180654764175415,0.1666666716337204,0.14384099455923594,0.459702111425661,1,0.8548413350062384,101,ae138f31c069,0.36073166131973267,0.8321688175201416,0.0,0.11157175065711056,0.0,1,0.5034218856080026,90,2e4769a8f723,0.2936042249202728,0.2651054561138153,0.0,0.2027325123874243,0.0,1,0.3409331603315682,34,614f5f558eca,0.43298378586769104,1.4425232410430908,0.0,0.3465734652800195,0.0,1,0.6450031629987277,177,ff18586218d4,0.6527293920516968,3.2988386154174805,0.1428571492433548,0.0,0.41745921470005976,1,1.3008995798632292,85,e9ceea91a9c3,0.29858243465423584,0.3071592152118683,0.0,0.14384099455923594,0.0,0,0.30819652491584343
89,b03b706832f2,"assess the cost effectiveness of products, projects, or services",88,d1809a4492b8,0.6498173475265503,2.9792282581329346,0.1111111119389534,0.2027325123874243,0.4643645841699838,1,1.3700321353033096,172,2c5271f1a3e4,0.5605881810188293,2.1066040992736816,0.20000000298023224,0.0,1.0,1,1.310038471221924,104,985eed507e3a,0.638681173324585,2.870321273803711,0.09090909361839294,0.0,0.37777877293001544,1,1.3322577432263873,99,78b76b55f875,0.6215608716011047,2.7028918266296387,0.1111111119389534,0.2027325123874243,0.5688316503322958,1,1.326226389276197,33,2be03b534579,0.3422790467739105,-0.028368709608912468,0.2222222238779068,0.09116076173031373,0.834856432391685,0,0.5804197841466214,105,8bb47fa10a52,0.5163856744766235,1.6743218898773193,0.1111111119389534,0.2027325123874243,0.4472083852522887,1,0.9845110280323894,20,1bd49058235f,0.3867841958999634,0.4068731963634491,0.2222222238779068,0.09116076173031373,0.7306186235002854,1,0.7181330692471884,98,207462e43a8e,0.40399372577667236,0.5751752853393555,0.0833333358168602,0.07707532800886907,0.3505658952189551,1,0.6458356913080846,180,893bb3cbc01a,0.5338189005851746,1.8448116779327393,0.10000000149011612,0.09116076173031373,0.3053342271069834,1,0.9971968274772776,45,aa03c0034762,0.4951605796813965,1.4667493104934692,0.1111111119389534,0.2027325123874243,0.33339196689519274,1,0.8843052759401963
90,2e4769a8f723,apply mathematical models of financial or business conditions,91,b1f99c3dcd62,0.41664475202560425,3.359147071838379,0.2222222238779068,0.09116076173031373,1.0,1,1.546439485011852,10,365ec2897755,0.3570936918258667,2.3820502758026123,0.10000000149011612,0.09116076173031373,0.5287967714984981,0,1.0968441099172312,88,d1809a4492b8,0.2936042249202728,1.3403332233428955,0.0,0.2027325123874243,0.0,1,0.6852785176006169,54,00ee16f445cd,0.300583153963089,1.4548414945602417,0.0,0.09116076173031373,0.0,0,0.6773171422465205,93,4b8b2b6692c3,0.4137372672557831,3.3114418983459473,0.1111111119389534,0.2027325123874243,0.5145029846340724,1,1.3749533761735577,95,7c80e08ee743,0.3363792598247528,2.0421738624572754,0.125,0.3465735069466602,0.6358151657303369,1,1.065106525805272,28,ce1178bafa1d,0.2173479050397873,0.08914128690958023,0.0833333358168602,0.07707532800886907,0.40331801761569225,0,0.44715675155836526,198,edb3d68bc36f,0.21944411098957062,0.12353523820638657,0.0,0.09116076173031373,0.0,0,0.3182808642669081,140,f07eaef01260,0.3096931278705597,1.6043152809143066,0.0,0.2027325123874243,0.0,0,0.7064711397853702,106,48548f20bc23,0.2400655746459961,0.46188631653785706,0.0,0.3465735069466602,0.0,1,0.4339885602240466
91,b1f99c3dcd62,develop business or financial information systems,93,4b8b2b6692c3,0.5025074481964111,3.2072432041168213,0.2857142984867096,0.11157175065711056,0.9498886985280427,1,1.5141610186624586,95,7c80e08ee743,0.5015852451324463,3.1953141689300537,0.1428571492433548,0.2554127452163465,0.6893243628462565,1,1.4338848814828484,86,19ea31d71f7c,0.38330352306365967,1.6653140783309937,0.25,0.0,0.8030810517367215,1,1.066640275399265,90,2e4769a8f723,0.41664475202560425,2.096590280532837,0.2222222238779068,0.09116076173031373,1.0,1,1.2464772475345494,28,ce1178bafa1d,0.3280249536037445,0.9502735137939453,0.09090909361839294,0.1682360897391828,0.43726062305859714,0,0.6946257725845019,21,c9b70de179fe,0.39678752422332764,1.8397325277328491,0.125,0.11157175065711056,0.3920859577613998,1,0.9755245146362908,209,2ac9980eb5e6,0.28208696842193604,0.3560555577278137,0.10000000149011612,0.09116076173031373,0.40156069648237,0,0.5250995307070557,4,9fc64a999e12,0.2896428108215332,0.4537920355796814,0.09090909361839294,0.1682360897391828,0.37263471410863996,0,0.5348708262467176,173,49c0d2367c5d,0.2843743860721588,0.3856438100337982,0.0,0.0,0.0,0,0.40864019840955734,9,3cdbc3929112,0.3893852233886719,1.743982195854187,0.125,0.11157175065711056,0.3920859577613998,0,0.89922933699776
92,3f67b920ee49,evaluate logistics methods to reduce environmental impact,166,505ab84c8d87,0.628722071647644,3.201477527618408,0.3333333432674408,0.0,1.0,1,1.5333333253860475,85,e9ceea91a9c3,0.5718716979026794,2.6379261016845703,0.125,0.3465735069466602,0.424890285098539,1,1.1837488754211518,174,003763627ff4,0.5633051991462708,2.5530073642730713,0.3333333432674408,0.0,0.8581407716466004,1,1.3113121616549845,168,ab35d13698b5,0.3807288110256195,0.7431478500366211,0.09090909361839294,0.0,0.32594323240435863,1,0.6644924315705981,94,832ecabbf00a,0.38926640152931213,0.82778000831604,0.0,0.09116076173031373,0.0,1,0.572814325748241,173,49c0d2367c5d,0.42310696840286255,1.1632378101348877,0.10000000149011612,0.09116076173031373,0.35337409849779483,1,0.7804697334008559,80,4e4d6d43dbf9,0.5097262859344482,2.021885633468628,0.1111111119389534,0.2027325123874243,0.38584631295434896,1,1.0167063630985558,89,b03b706832f2,0.3532566428184509,0.47081926465034485,0.0,0.0,0.0,0,0.43146493285894394,72,91e3b64a6f04,0.33827751874923706,0.32233285903930664,0.0833333358168602,0.07707532800886907,0.2421339320734324,1,0.5113011080107862,128,54e485ae84d0,0.3092721700668335,0.03480604290962219,0.1111111119389534,0.2027325123874243,0.30888436740178404,0,0.39086908163240147
93,4b8b2b6692c3,develop business or market strategies,94,832ecabbf00a,0.6382758021354675,3.3344950675964355,0.5,0.11157175065711056,1.0,1,1.4888428264244051,21,c9b70de179fe,0.346851646900177,0.44837111234664917,0.1428571492433548,0.0,0.2716693308576128,1,0.5279179328996404,32,85a88cfd39f0,0.440143883228302,1.372292399406433,0.0,0.2027325123874243,0.0,1,0.680504260059914,46,f64f2eefbcb7,0.5894774794578552,2.85122013092041,0.2857142984867096,0.11157175065711056,0.6460349951134274,1,1.27898444198219,90,2e4769a8f723,0.4137372672557831,1.110774040222168,0.1111111119389534,0.2027325123874243,0.32648826934743225,1,0.7108800223859053,91,b1f99c3dcd62,0.5025074481964111,1.9899109601974487,0.2857142984867096,0.11157175065711056,0.6027710752264656,1,1.0342408954287816,180,893bb3cbc01a,0.3628193736076355,0.6065077781677246,0.0,0.11157175065711056,0.0,1,0.4752764978392572,182,8729852fc4b8,0.46736735105514526,1.6419004201889038,0.1111111119389534,0.2027325123874243,0.22949235711716148,1,0.8228412318790952,198,edb3d68bc36f,0.3110373914241791,0.09368404000997543,0.0,0.11157175065711056,0.0,0,0.2817366332693548,204,62b52b411f3a,0.27816906571388245,-0.231827974319458,0.1428571492433548,0.0,0.2716693308576128,0,0.29206259082441166
94,832ecabbf00a,develop sustainable business strategies or practices,175,825fff3275ff,0.7727329730987549,4.49555778503418,0.4285714328289032,0.0,0.9849610376078607,1,1.509022070636506,93,4b8b2b6692c3,0.6382758021354675,3.2076573371887207,0.5,0.11157175065711056,1.0,1,1.2293742188199015,92,3f67b920ee49,0.38926640152931213,0.8225162029266357,0.0,0.09116076173031373,0.0,1,0.433617512641704,148,253c9a1feb09,0.34839919209480286,0.43106889724731445,0.0,0.0,0.0,1,0.35670073255896567,170,57e3b12b8497,0.32430940866470337,0.20032446086406708,0.1111111119389534,0.0,0.22786694560831772,0,0.3310003266039997,46,f64f2eefbcb7,0.4797477722167969,1.6891937255859375,0.25,0.0,0.5916657133464557,1,0.8159956866748721,90,2e4769a8f723,0.2808697819709778,-0.21576282382011414,0.10000000149011612,0.09116076173031373,0.2990115338082918,1,0.30733477076531374,91,b1f99c3dcd62,0.3543470799922943,0.48804086446762085,0.25,0.0,0.5520428164202777,1,0.5491361715087874,72,91e3b64a6f04,0.3946061134338379,0.8736627697944641,0.09090909361839294,0.1682360897391828,0.3113870808606097,1,0.5400156908433321,182,8729852fc4b8,0.36230215430259705,0.5642386674880981,0.10000000149011612,0.09116076173031373,0.21017864389443003,0,0.3948159589465842
95,7c80e08ee743,prepare financial documents,77,9b108680399f,0.5686920285224915,2.8682284355163574,0.5,0.0,1.0,1,1.5000000014901163,91,b1f99c3dcd62,0.5015852451324463,2.2823233604431152,0.1428571492433548,0.2554127452163465,0.5426950639570732,1,1.2117800491443165,16,6e6ec1a475b8,0.3589109778404236,1.0366429090499878,0.1428571492433548,0.2554127452163465,0.3480953704871541,1,0.7736252619133765,35,e19513a85bed,0.3977331817150116,1.3755972385406494,0.20000000298023224,0.0,0.4185432430857448,1,0.917411278969438,1,06d678da6c8d,0.5105376839637756,2.3604865074157715,0.5,0.0,1.0,1,1.358365857601166,17,e1dbddbff402,0.442909836769104,1.7700319290161133,0.1666666716337204,0.14384099455923594,0.38008251264002774,1,1.010404484021488,68,7a9450b42a26,0.40994197130203247,1.4821914434432983,0.0,0.14384099455923594,0.0,1,0.8138337377585464,90,2e4769a8f723,0.3363792598247528,0.8399198651313782,0.125,0.3465735069466602,0.5005680498599487,1,0.7611699980334957,167,00c6f12023ab,0.4423643946647644,1.7652696371078491,0.0,0.14384099455923594,0.0,1,0.8999767098702484,196,0f2541e582f8,0.3217434883117676,0.7121357917785645,0.125,0.3465735069466602,0.4460490190027163,0,0.6540127560404941
96,1cbedefabffc,analyze environmental regulations to ensure organizational compliance,196,0f2541e582f8,0.5880164504051208,2.256547689437866,0.20000000298023224,0.0,1.0,1,1.5600000113248826,174,003763627ff4,0.43771857023239136,0.8846635818481445,0.09090909361839294,0.0,0.37595501822279276,1,0.8945258209975187,23,9a8d83e8b2e2,0.5850041508674622,2.2290520668029785,0.125,0.3465735069466602,0.49008422018328346,1,1.352529050617225,175,825fff3275ff,0.5253839492797852,1.6848527193069458,0.10000000149011612,0.09116076173031373,0.35788846557530496,1,1.151054093407125,67,3574e4789085,0.5393675565719604,1.8124918937683105,0.10000000149011612,0.09116076173031373,0.46644767353935224,1,1.2326066405210567,37,78a6d412d86e,0.3998517394065857,0.5390239953994751,0.20000000298023224,0.0,0.8252202332049776,0,0.8726563429842948,149,c9b79bbec6f3,0.5321374535560608,1.7464971542358398,0.1111111119389534,0.2027325123874243,0.5093104327294549,1,1.2120362808871143,116,1cf7420e0aac,0.5438697338104248,1.8535866737365723,0.09090909361839294,0.0,0.4302394066436034,1,1.2446796959602862,87,bd28ef3a0af3,0.5558141469955444,1.962612509727478,0.1111111119389534,0.2027325123874243,0.390775513763306,1,1.2441595438490294,128,54e485ae84d0,0.4354833662509918,0.8642611503601074,0.1111111119389534,0.2027325123874243,0.44504945400427914,1,0.8890490232184232
97,48c561c86be0,create graphical representations of industrial production systems,125,12a1310a48ad,0.7048495411872864,4.286441802978516,0.375,0.09116076173031373,1.0,1,1.5158839238269688,58,224946bca8ba,0.4960283041000366,2.0421950817108154,0.25,0.2027325123874243,0.5441059743364444,1,0.8845035088277993,24,2ae9204d54c8,0.5240861177444458,2.343738555908203,0.25,0.2027325123874243,0.5025770926797635,1,0.9352230810603198,178,78b65ab85b19,0.3481535315513611,0.4529530704021454,0.0,0.09116076173031373,0.0,1,0.3752393042130827,153,8594b6595861,0.4978954792022705,2.0622620582580566,0.0,0.09116076173031373,0.0,1,0.7386392829401851,74,318da22b73fb,0.32473570108413696,0.20127660036087036,0.25,0.2027325123874243,0.49314170715737793,0,0.4182868831635223,84,c6940290ea74,0.3351317346096039,0.3130050301551819,0.10000000149011612,0.09116076173031373,0.2068029027664083,0,0.36097260178156254,55,4805101e52c6,0.4340464770793915,1.3760631084442139,0.10000000149011612,0.09116076173031373,0.2534780979551573,1,0.6633584604385252,131,c3b47654a283,0.33832454681396484,0.3473188579082489,0.1111111119389534,0.2027325123874243,0.3307222639861205,1,0.450231499854434,133,70f88532846f,0.36697134375572205,0.6551921367645264,0.0,0.0,0.0,0,0.3800232410430908
98,207462e43a8e,estimate technical or resource requirements for development or production projects,14,ccf9fc39d00f,0.7610617876052856,4.382369041442871,0.625,0.07707532800886907,1.0,1,1.4672924701793455,192,8562bf3caec4,0.40717795491218567,0.8240110278129578,0.09090909361839294,0.1682360897391828,0.14316008885213066,1,0.491892117856921,84,c6940290ea74,0.47218605875968933,1.477677822113037,0.09090909361839294,0.1682360897391828,0.14316008885213066,1,0.6339297330369366,88,d1809a4492b8,0.43319010734558105,1.0855673551559448,0.10000000149011612,0.27980784039629336,0.24577442291774704,1,0.5727683884212985,159,3319e1abdfb1,0.3766982853412628,0.5175331234931946,0.09090909361839294,0.1682360897391828,0.2250904368306099,1,0.45397204746184106,215,79b70e0eb0dc,0.3498028516769409,0.2470952719449997,0.1818181872367859,0.07707532800886907,0.3929211000611217,1,0.45870674346157925,104,985eed507e3a,0.43677806854248047,1.1216448545455933,0.0833333358168602,0.07707532800886907,0.19184357354816423,1,0.5833281268145287,106,48548f20bc23,0.5241690278053284,2.0003747940063477,0.25,0.4236488349555293,0.5412889076164666,1,0.843429249304545,180,893bb3cbc01a,0.38800495862960815,0.6312234997749329,0.0,0.1682360897391828,0.0,1,0.4055364193525931,130,cbb58925807f,0.3706055283546448,0.4562694728374481,0.0,0.4236488349555293,0.0,1,0.3413938655722304
99,78b76b55f875,assess product or process usefulness,89,b03b706832f2,0.6215608716011047,2.5619945526123047,0.1111111119389534,0.2027325123874243,0.8531977372854205,1,1.5025843405811439,49,824d3015533f,0.4813374876976013,1.0448662042617798,0.0,0.11157175065711056,0.0,1,0.769094755588338,76,298036041aa4,0.4842374920845032,1.0762423276901245,0.125,0.11157175065711056,1.0,1,1.1133207642419787,150,3ffc9e8eaffb,0.5853933095932007,2.170684337615967,0.0,0.0,0.0,1,1.1261626958847046,180,893bb3cbc01a,0.6226456761360168,2.5737314224243164,0.0,0.11157175065711056,0.0,1,1.2388428279145212,22,bab0b2935945,0.5276963710784912,1.5464400053024292,0.0,0.27980784039629336,0.0,1,0.9063810790966622,45,aa03c0034762,0.586127519607544,2.1786279678344727,0.0,0.0,0.0,1,1.128603431582451,20,1bd49058235f,0.4585869312286377,0.7987195253372192,0.0,0.11157175065711056,0.0,1,0.6934655510766955,2,771b010da2fa,0.39907604455947876,0.1548493653535843,0.0833333358168602,0.4054650386637325,0.6166652956725257,1,0.6757338419204748,139,80c1c070d6f0,0.4687642753124237,0.9088319540023804,0.0,0.11157175065711056,0.0,1,0.7272978627069445
100,6002eddcd7d0,resolve operational performance problems,81,e9ce432833f3,0.6367878913879395,2.546288013458252,0.125,0.11157175065711056,0.22436831398027934,1,1.2923717318471544,54,00ee16f445cd,0.5898998379707336,2.1139309406280518,0.2857142984867096,0.11157175065711056,0.6779543492927307,1,1.2865263973862533,62,c6d9ce80244c,0.4705353081226349,1.013264536857605,0.375,0.27980784039629336,1.0,1,1.0346981133411997,118,eb485b5cf6a6,0.4532785415649414,0.8541390299797058,0.1666666716337204,0.14384099455923594,0.26977618704771683,1,0.76749451208574,44,2d4009710863,0.4971427321434021,1.2586129903793335,0.125,0.11157175065711056,0.22436831398027934,1,0.8867823971804256,140,f07eaef01260,0.5616339445114136,1.8532896041870117,0.1428571492433548,0.0,0.2449859428325213,1,1.0895578877897683,151,506120811a05,0.48931193351745605,1.1864047050476074,0.1666666716337204,0.14384099455923594,0.26977618704771683,1,0.8714086984441919,13,f7e80a0049c6,0.49043008685112,1.196715235710144,0.1666666716337204,0.14384099455923594,0.26977618704771683,1,0.8746332873747987,0,d52ebdd6c51c,0.483792781829834,1.135512351989746,0.125,0.11157175065711056,0.22436831398027934,1,0.8480083836611385,35,e19513a85bed,0.5203924179077148,1.4729994535446167,0.1666666716337204,0.14384099455923594,0.26977618704771683,1,0.9610394959495706
101,ae138f31c069,"purchase materials, equipment, or other resources",139,80c1c070d6f0,0.5781664252281189,3.8368961811065674,0.25,0.0,1.0,1,1.5500000059604646,107,750257b28f11,0.29802900552749634,-0.17703106999397278,0.125,0.11157175065711056,0.7357680412494052,1,0.511609210839934,180,893bb3cbc01a,0.45214810967445374,2.03125262260437,0.1111111119389534,0.0,0.6738469684709899,1,1.0308641016092328,177,ff18586218d4,0.5058359503746033,2.8005146980285645,0.0,0.11157175065711056,0.0,1,0.9857657530291529,211,c7ea79acedc2,0.32841193675994873,0.25830841064453125,0.1111111119389534,0.0,0.39857641562144647,1,0.5095963457873687,130,cbb58925807f,0.3946284055709839,1.2070859670639038,0.1428571492433548,0.2554127452163465,0.7231402621694513,1,0.8220953242352586,203,79676bc4eb6a,0.40695321559906006,1.383681058883667,0.10000000149011612,0.09116076173031373,0.5547377353628667,1,0.8259686293786395,135,4055e1544ee0,0.4317318797111511,1.738720178604126,0.1428571492433548,0.2554127452163465,0.47924069021150106,1,0.8634607968878056,153,8594b6595861,0.3758166432380676,0.9375430345535278,0.0,0.0,0.0,1,0.5419984564185143,142,c71cb5036aef,0.3346349000930786,0.3474736511707306,0.09090909361839294,0.1682360897391828,0.514777813747745,0,0.5059849503030672
102,f2c8cd5b27ab,evaluate designs or specifications to ensure quality,144,7a053b14e6ec,0.7350423336029053,3.768720865249634,0.125,0.11157175065711056,0.5030366918886046,1,1.3899056641150682,45,aa03c0034762,0.5937371850013733,2.251345634460449,0.2857142984867096,0.11157175065711056,1.0,1,1.1804513671381922,163,3ac212a9f7c3,0.4062011241912842,0.23752960562705994,0.1111111119389534,0.0,0.47696202682254296,1,0.5523224268394624,145,7809c19536e4,0.5436258316040039,1.7132354974746704,0.20000000298023224,0.1682360897391828,0.7682367707963355,1,0.9791094340874223,194,094e12b11051,0.5323918461799622,1.5926017761230469,0.1111111119389534,0.0,0.4607019207890685,1,0.8698940290714849,49,824d3015533f,0.4974942207336426,1.2178610563278198,0.1111111119389534,0.0,0.4607019207890685,1,0.7804968147184004,150,3ffc9e8eaffb,0.5180915594100952,1.4390411376953125,0.125,0.11157175065711056,0.5407700081633433,1,0.848660590983636,10,365ec2897755,0.42991065979003906,0.4921294152736664,0.1111111119389534,0.0,0.47696202682254296,1,0.6130591314572011,134,469df54e4928,0.46797844767570496,0.9009122252464294,0.07692307978868484,0.29389328800662196,0.34467328888663645,1,0.6377527525183435,29,ef7349785e11,0.5022953748703003,1.2694172859191895,0.0,0.11157175065711056,0.0,1,0.6313656845076533
103,6680fc36f234,provide technical guidance to other personnel,12,9251af4a3821,0.49891066551208496,1.9249213933944702,0.4285714328289032,0.0,1.0,1,1.3524874910712243,87,bd28ef3a0af3,0.47682395577430725,1.6573141813278198,0.0,0.11157175065711056,0.0,1,0.9781563558562251,84,c6940290ea74,0.5434315204620361,2.4643454551696777,0.1111111119389534,0.0,0.2687054432103197,1,1.3218246872061696,18,1c10b347eeee,0.5058465600013733,2.008958101272583,0.1428571492433548,0.2554127452163465,0.32308630671717015,1,1.1653710832886646,3,33b4e36b0d81,0.5318257808685303,2.32372784614563,0.20000000298023224,0.1682360897391828,0.5331793495561096,1,1.3358810703951036,198,edb3d68bc36f,0.46880286931991577,1.5601290464401245,0.1111111119389534,0.0,0.2687054432103197,1,1.0351544494265523,119,b729f6985724,0.39277932047843933,0.6390118598937988,0.1111111119389534,0.0,0.3542169651819666,1,0.7730550698937665,4,9fc64a999e12,0.44845205545425415,1.313554286956787,0.09090909361839294,0.1682360897391828,0.22999364206984993,1,0.9293971528063077,9,3cdbc3929112,0.47909820079803467,1.684869408607483,0.125,0.11157175065711056,0.2933972947485653,1,1.0699918055359763,184,389dd43f303d,0.45905518531799316,1.4420241117477417,0.2857142984867096,0.11157175065711056,0.6801639270013072,1,1.1052532691073989
104,985eed507e3a,analyze costs and benefits of proposed designs or projects,89,b03b706832f2,0.638681173324585,3.217069625854492,0.09090909361839294,0.0,0.6031028100642263,1,1.442904155858104,10,365ec2897755,0.4659535884857178,1.2130436897277832,0.10000000149011612,0.09116076173031373,0.6538589871488395,1,0.9219727371514235,145,7809c19536e4,0.5463667511940002,2.1460161209106445,0.0833333358168602,0.07707532800886907,0.559658963576549,1,1.1386468630292057,163,3ac212a9f7c3,0.47959524393081665,1.3713173866271973,0.10000000149011612,0.09116076173031373,0.6538589871488395,1,0.9636541832864676,14,ccf9fc39d00f,0.37311404943466187,0.13589763641357422,0.09090909361839294,0.0,0.6031028100642263,1,0.6302247496026203,105,8bb47fa10a52,0.49836158752441406,1.5890488624572754,0.1111111119389534,0.2027325123874243,0.7139433265084626,1,1.02945152373029,83,4ffdd533affb,0.38137388229370117,0.2317301481962204,0.1111111119389534,0.2027325123874243,0.7139433265084626,1,0.672673688092959,102,f2c8cd5b27ab,0.4894961714744568,1.4861901998519897,0.10000000149011612,0.09116076173031373,0.6538589871488395,1,0.9939060886085425,146,284cc33eb902,0.5509473085403442,2.1991608142852783,0.0,0.2027325123874243,0.0,1,0.9571161171761364,141,dbc0d59bd942,0.4183802902698517,0.661087155342102,0.10000000149011612,0.09116076173031373,0.6538589871488395,1,0.7766144950569067
105,8bb47fa10a52,investigate the environmental impact of projects,174,003763627ff4,0.7254179120063782,3.326356887817383,0.25,0.2027325123874243,1.0,1,1.5297267547217221,104,985eed507e3a,0.49836158752441406,1.4002714157104492,0.1111111119389534,0.2027325123874243,0.47567347394464177,1,0.8581569657438528,120,a04637eaf44a,0.3079691529273987,-0.214799702167511,0.1428571492433548,0.0,0.7162343323438985,1,0.5288507013095785,173,49c0d2367c5d,0.362252801656723,0.2456805408000946,0.125,0.11157175065711056,0.515705399969686,1,0.5712363697381608,128,54e485ae84d0,0.415761262178421,0.6995849609375,0.1428571492433548,0.0,0.510923845178693,1,0.700557184132321,166,505ab84c8d87,0.45478662848472595,1.030631422996521,0.25,0.2027325123874243,1.0,1,0.9293992853132099,23,9a8d83e8b2e2,0.4797245264053345,1.2421759366989136,0.1666666716337204,0.14384099455923594,0.5626244723693941,1,0.8462934396506586,14,ccf9fc39d00f,0.34682321548461914,0.11479362100362778,0.1111111119389534,0.2027325123874243,0.47567347394464177,1,0.5138876602762473,176,62eda05f366c,0.40971362590789795,0.6482837796211243,0.0,0.0,0.0,1,0.5192411348223687,71,1cb040da80f9,0.551069974899292,1.8473889827728271,0.10000000149011612,0.27980784039629336,0.4005123362629585,1,0.945362401543241
106,48548f20bc23,estimate labor requirements,177,ff18586218d4,0.5325772166252136,3.08746600151062,0.4000000059604645,0.14384099455923594,1.0,1,1.505615905312448,123,05f356a221b7,0.4581083059310913,2.3926522731781006,0.20000000298023224,0.0,0.6995951378472809,1,1.251235044543431,14,ccf9fc39d00f,0.5030838847160339,2.8122856616973877,0.2857142984867096,0.3465735069466602,0.8447488584474885,1,1.3744089075197141,39,202cbfb3aef7,0.21047449111938477,0.0821661502122879,0.0,0.0,0.0,0,0.2888915240764618,15,c5e6a1a8c44d,0.307907372713089,0.991239607334137,0.0,0.14384099455923594,0.0,1,0.6001087147869163,58,224946bca8ba,0.21136809885501862,0.0905037373304367,0.0,0.14384099455923594,0.0,0,0.27703510486856026,90,2e4769a8f723,0.2400655746459961,0.358258455991745,0.0,0.3465735069466602,0.0,1,0.387936316663494,41,babe1d93de49,0.2540147304534912,0.48840761184692383,0.0,0.20273247072078354,0.0,0,0.3917773950010761,34,614f5f558eca,0.2644503116607666,0.5857742428779602,0.0,0.20273247072078354,0.0,1,0.47129574595990026,63,50171927f859,0.2563755512237549,0.5104346871376038,0.1111111119389534,0.4236488349555293,0.3919491525423729,0,0.5057916101162071
107,750257b28f11,perform human resources activities,109,d052bd1e246e,0.8822687864303589,6.133640766143799,0.6000000238418579,0.0,1.0,1,1.4799999982118608,157,018f6a0e7f9a,0.3200111389160156,0.43924251198768616,0.1818181872367859,0.4054650386637325,0.44146267205198336,1,0.38072927420274444,79,5b935f6121b7,0.2849941849708557,0.08459996432065964,0.4000000059604645,0.14384099455923594,0.7468200566820797,1,0.44887906076867046,101,ae138f31c069,0.29802900552749634,0.21661321818828583,0.125,0.11157175065711056,0.3257677155740816,0,0.28436158214374047,58,224946bca8ba,0.2656812071800232,-0.11099682003259659,0.1428571492433548,0.0,0.2262312518592708,0,0.2052890685908607,164,0c9fad019eee,0.363603800535202,0.8807375431060791,0.1666666716337204,0.14384099455923594,0.24912369996407793,1,0.4137411169837875,40,f64df278da5d,0.40185844898223877,1.2681705951690674,0.0,0.0,0.0,1,0.41568039655685424,38,a3c08ed1a115,0.3944490849971771,1.1931304931640625,0.1111111119389534,0.2027325123874243,0.19110859175326522,1,0.4428938815355583,152,fbe465293a7d,0.275378942489624,-0.012780694290995598,0.125,0.11157175065711056,0.2071919880889361,0,0.20434363243853326,78,98d9410b9c2c,0.3821559548377991,1.0686289072036743,0.0,0.0,0.0,1,0.3814634561538696
108,3f3251058257,administer standardized physical or psychological tests,56,269bfa3db5c6,0.3749060034751892,2.3173084259033203,0.1111111119389534,0.0,0.9158415841584158,0,1.4983223365380032,210,39fb30c0c188,0.36446115374565125,2.1507604122161865,0.10000000149011612,0.09116076173031373,0.7813939673158553,1,1.4389187872849027,112,6379204aa590,0.18531407415866852,-0.7058219909667969,0.125,0.11157175065711056,1.0,0,0.5115410377217979,37,78a6d412d86e,0.3487289547920227,1.8999032974243164,0.0,0.09116076173031373,0.0,0,1.049551181255138,214,fc824bfe7bf0,0.29332271218299866,1.016425371170044,0.0,0.0,0.0,1,0.8095229893922806,134,469df54e4928,0.34149208664894104,1.7845081090927124,0.0,0.29389328800662196,0.0,0,0.9902052958378953,201,42bb588edac5,0.37331223487854004,2.2918949127197266,0.0,0.2554127452163465,0.0,1,1.2158537698051477,121,66497e9d2189,0.3012775778770447,1.1432693004608154,0.0,0.0,0.0,0,0.8024721592664719,66,196087c93944,0.33475250005722046,1.6770423650741577,0.0,0.23500177712287373,0.0,1,1.0097067351628881,149,c9b79bbec6f3,0.3673790693283081,2.1972880363464355,0.0,0.11157175065711056,0.0,0,1.1482040681822747
109,d052bd1e246e,manage human resources activities,107,750257b28f11,0.8822687864303589,5.859132289886475,0.6000000238418579,0.0,1.0,1,1.4799999982118608,192,8562bf3caec4,0.35124605894088745,0.6753063797950745,0.2857142984867096,0.11157175065711056,0.6669482748140697,1,0.5354423408244136,42,853f8faf3522,0.4831400513648987,1.9628509283065796,0.2857142984867096,0.11157175065711056,0.5483725473289243,1,0.712435728324974,152,fbe465293a7d,0.30223792791366577,0.196890726685524,0.125,0.11157175065711056,0.2071919880889361,0,0.24845925776039834,50,a787a095d9b0,0.27552661299705505,-0.06386420130729675,0.125,0.11157175065711056,0.2071919880889361,0,0.20296489691113706,146,284cc33eb902,0.2685633599758148,-0.13183923065662384,0.1428571492433548,0.0,0.2262312518592708,0,0.20853173449264084,101,ae138f31c069,0.257586270570755,-0.2389972060918808,0.125,0.11157175065711056,0.3257677155740816,0,0.21391065780683022,178,78b65ab85b19,0.42384347319602966,1.3839998245239258,0.2857142984867096,0.11157175065711056,0.6669482748140697,1,0.6557068374786857,78,98d9410b9c2c,0.3865519165992737,1.0199609994888306,0.0,0.0,0.0,1,0.38773789554834365,164,0c9fad019eee,0.3460904359817505,0.6249774098396301,0.1666666716337204,0.14384099455923594,0.24912369996407793,0,0.33274077476371955
110,d9dbdf9d5d1a,coordinate special events or programs,169,2d10ff099811,0.3604152202606201,2.793671131134033,0.125,0.11157175065711056,0.8603791863372136,1,1.2580099893720174,132,22f88df4c22c,0.4236321449279785,3.8492319583892822,0.0,0.14384099455923594,0.0,1,1.2356159035243086,67,3574e4789085,0.29750949144363403,1.7433065176010132,0.125,0.11157175065711056,0.8603791863372136,1,1.0023094085962796,197,3a46124701c0,0.33344632387161255,2.3433597087860107,0.0,0.0,0.0,0,0.8256109058856964,112,6379204aa590,0.1708521991968155,-0.37154582142829895,0.1428571492433548,0.0,1.0,0,0.4970461692661047,28,ce1178bafa1d,0.30452245473861694,1.8604050874710083,0.10000000149011612,0.27980784039629336,0.8474562462184794,0,0.9624089816208243,142,c71cb5036aef,0.3205455541610718,2.1279497146606445,0.10000000149011612,0.27980784039629336,0.7364262527123608,0,0.9889566392157578,97,48c561c86be0,0.26159560680389404,1.143636703491211,0.0,0.2027325123874243,0.0,0,0.5070632418957561,26,a86fc9314475,0.2031192183494568,0.1672307550907135,0.0,0.0,0.0,1,0.3345829837024212,200,9ff41f315fd5,0.31210261583328247,1.9869743585586548,0.0,0.14384099455923594,0.0,0,0.7226224977649741
111,059770361813,advise others on career or personal development,80,4e4d6d43dbf9,0.35784268379211426,2.5615100860595703,0.2857142984867096,0.11157175065711056,1.0,1,1.5316999741776438,21,c9b70de179fe,0.3264888823032379,2.0324325561523438,0.0,0.11157175065711056,0.0,1,1.0723912247403116,12,9251af4a3821,0.3441956043243408,2.331223249435425,0.0,0.0,0.0,1,1.177550169825554,52,7f83579eb5ca,0.3336229622364044,2.1528160572052,0.0,0.09116076173031373,0.0,1,1.1123058301790119,163,3ac212a9f7c3,0.28525280952453613,1.3365975618362427,0.1111111119389534,0.0,0.4579207920792079,0,0.9598201283133856,116,1cf7420e0aac,0.2561669647693634,0.8457906246185303,0.2222222238779068,0.09116076173031373,0.8447488584474885,0,0.9223155256120579,171,02b5b4014078,0.26720499992370605,1.0320510864257812,0.0,0.11157175065711056,0.0,0,0.707663896022603,210,39fb30c0c188,0.23929034173488617,0.5610073208808899,0.0,0.09116076173031373,0.0,1,0.6115112332089305,103,6680fc36f234,0.35533592104911804,2.519209861755371,0.0,0.0,0.0,0,1.1866920292377472,114,98e7b9000779,0.24565953016281128,0.6684837341308594,0.0,0.45814521593713003,0.0,1,0.6086256459525593
112,6379204aa590,administer compensation or benefits programs,40,f64df278da5d,0.3612646162509918,3.0444304943084717,0.1428571492433548,0.0,1.0,1,1.5714285761117937,212,0cf60304ef43,0.2837070822715759,1.532465934753418,0.0,0.14384099455923594,0.0,1,0.8031590525187545,47,8f3ed6033a9e,0.3073161244392395,1.9927183389663696,0.0,0.11157175065711056,0.0,0,0.8880287953598948,117,f2f5eb941075,0.3033977150917053,1.9163298606872559,0.0,0.3465735277799843,0.0,1,0.8926797751459671,110,d9dbdf9d5d1a,0.1708521991968155,-0.6676115989685059,0.1428571492433548,0.0,1.0,0,0.4849778678268194,108,3f3251058257,0.18531407415866852,-0.3856809735298157,0.125,0.11157175065711056,0.9900973965720847,0,0.5497250175855986,26,a86fc9314475,0.23318418860435486,0.5475348830223083,0.0,0.0,0.0,1,0.5358300238847733,43,61355ce7e829,0.25299838185310364,0.9338076114654541,0.0,0.14384099455923594,0.0,0,0.5819288630165153,33,2be03b534579,0.2664649486541748,1.196334958076477,0.0,0.11157175065711056,0.0,0,0.6602446609123201,41,babe1d93de49,0.297553688287735,1.802402138710022,0.0,0.3465734652800195,0.0,0,0.810093728382162
113,322cdff981bb,"interview employees, customers, or others to collect information",199,0d99df7b9f80,0.5219390392303467,3.466878890991211,0.20000000298023224,0.0,1.0,1,1.5600000113248826,82,68d8248a643f,0.492266982793808,3.0997259616851807,0.0833333358168602,0.07707532800886907,0.5905281209337679,1,1.3345305830845486,43,61355ce7e829,0.3317042589187622,1.112970232963562,0.0,0.3465735069466602,0.0,1,0.5796205962543391,119,b729f6985724,0.4541839361190796,2.628497362136841,0.0,0.09116076173031373,0.0,1,1.0144614977224231,31,53acfaed8c01,0.31946927309036255,0.9615780711174011,0.1428571492433548,0.5493059776674438,0.9229446128501273,0,0.77902967573978,20,1bd49058235f,0.37028300762176514,1.5903321504592896,0.10000000149011612,0.09116076173031373,0.5995331398705076,1,0.9323666686618687,116,1cf7420e0aac,0.22609367966651917,-0.19382385909557343,0.09090909361839294,0.0,0.5008343876356558,0,0.38344073492627706,209,2ac9980eb5e6,0.2524527907371521,0.13233597576618195,0.09090909361839294,0.0,0.4470059623112213,0,0.4513524110045508,80,4e4d6d43dbf9,0.25867825746536255,0.2093680500984192,0.1111111119389534,0.2027325123874243,0.592879626444371,0,0.5015456008401593,169,2d10ff099811,0.2669181227684021,0.31132569909095764,0.10000000149011612,0.09116076173031373,0.4846252759710766,1,0.5524836337793962
114,98e7b9000779,recruit personnel,41,babe1d93de49,0.5442907214164734,4.313807010650635,0.3333333432674408,0.0,1.0,1,1.5333333253860475,210,39fb30c0c188,0.26775062084198,0.7283585667610168,0.0,0.5493059776674438,0.0,1,0.3797946972404845,43,61355ce7e829,0.3798297047615051,2.181506872177124,0.25,0.20273247072078354,0.8988095238095238,1,1.0296606831660096,0,d52ebdd6c51c,0.33800098299980164,1.63918137550354,0.1666666716337204,0.45814521593713003,0.7475247524752476,0,0.7912114997776705,12,9251af4a3821,0.3194419741630554,1.3985567092895508,0.1666666716337204,0.45814521593713003,0.7475247524752476,1,0.7880170663269717,119,b729f6985724,0.30551576614379883,1.2179981470108032,0.1666666716337204,0.45814521593713003,0.7475247524752476,0,0.6981012960346895,80,4e4d6d43dbf9,0.24285171926021576,0.4055347442626953,0.0,0.3465734652800195,0.0,0,0.27666286521034605,40,f64df278da5d,0.3387133479118347,1.6484174728393555,0.0,0.3465734652800195,0.0,1,0.6092749244757213,3,33b4e36b0d81,0.33021852374076843,1.5382788181304932,0.125,0.6263813056763128,0.6398305084745763,0,0.7183391931089388,111,059770361813,0.24565953016281128,0.4419390857219696,0.0,0.45814521593713003,0.0,1,0.32378348635349347
115,830e9df61ddd,communicate organizational policies and procedures,87,bd28ef3a0af3,0.6767810583114624,2.987769603729248,0.3333333432674408,0.0,1.0,1,1.5294211298227312,199,0d99df7b9f80,0.5738126039505005,2.0288643836975098,0.25,0.2027325123874243,0.8774204941204377,1,1.2143433727851636,167,00c6f12023ab,0.5224047303199768,1.5501227378845215,0.3333333432674408,0.0,0.8850070871276101,1,1.092440780806229,47,8f3ed6033a9e,0.6783033609390259,3.001946210861206,0.125,0.11157175065711056,0.3663578043549581,1,1.342068053478292,37,78a6d412d86e,0.6111525893211365,2.3765971660614014,0.25,0.2027325123874243,0.7476087265689856,1,1.2662807355011603,48,23ca56c5d573,0.5053938627243042,1.3917070627212524,0.3333333432674408,0.0,0.8850070871276101,1,1.0487244097468111,175,825fff3275ff,0.49213844537734985,1.2682645320892334,0.2857142984867096,0.11157175065711056,0.9158415841584158,1,1.0197975824293806,119,b729f6985724,0.4307202994823456,0.6963010430335999,0.0,0.11157175065711056,0.0,1,0.5651499905570002,38,a3c08ed1a115,0.38121622800827026,0.2352887988090515,0.1111111119389534,0.2027325123874243,0.33791907068356863,1,0.5323492187993214,4,9fc64a999e12,0.4473186731338501,0.8508752584457397,0.10000000149011612,0.27980784039629336,0.5006390327655693,1,0.7591909607694416
116,1cf7420e0aac,advise others on legal or regulatory compliance matters,27,88a991273442,0.5947629809379578,2.8274075984954834,0.25,0.2027325123874243,1.0,1,1.5297267547217221,111,059770361813,0.2561669647693634,0.0024615779984742403,0.2222222238779068,0.09116076173031373,0.8876080715705124,1,0.647068928331213,72,91e3b64a6f04,0.5203899145126343,2.206904411315918,0.1818181872367859,0.07707532800886907,0.7597323324459471,1,1.2816066779281348,198,edb3d68bc36f,0.4046475291252136,1.2412523031234741,0.10000000149011612,0.09116076173031373,0.4438040357852562,1,0.883107301919874,67,3574e4789085,0.5171633362770081,2.1799848079681396,0.2222222238779068,0.09116076173031373,0.9158415841584158,1,1.319881045740567,96,1cbedefabffc,0.5438697338104248,2.402799367904663,0.09090909361839294,0.0,0.39276303801422535,1,1.2370785572501006,121,66497e9d2189,0.49960342049598694,2.033480405807495,0.2222222238779068,0.09116076173031373,0.9897218769813059,1,1.301137007444315,80,4e4d6d43dbf9,0.3094900846481323,0.44734257459640503,0.25,0.2027325123874243,0.9691720565256405,1,0.7978278412919377,113,322cdff981bb,0.22609367966651917,-0.2484433501958847,0.09090909361839294,0.0,0.4093534941946198,0,0.36739014892937294,4,9fc64a999e12,0.3115690350532532,0.4646875262260437,0.0833333358168602,0.07707532800886907,0.41942751980883325,0,0.5858220497390277
117,f2f5eb941075,liaise between departments or other groups to improve function or communication,142,c71cb5036aef,0.41004806756973267,1.8826355934143066,0.1538461595773697,0.06676568738369093,1.0,1,1.4199104406915626,199,0d99df7b9f80,0.43902188539505005,2.3130998611450195,0.07692307978868484,0.14384101539256,0.4446340613710091,1,1.3758532084532085,62,c6d9ce80244c,0.4371775686740875,2.285698890686035,0.0714285746216774,0.06676568738369093,0.41260533661123305,1,1.3642416693815775,38,a3c08ed1a115,0.4284985363483429,2.156754493713379,0.0,0.14384101539256,0.0,1,1.1824439985460025,122,4e4a52d4b158,0.4318205714225769,2.2061100006103516,0.0,0.3465735277799843,0.0,1,1.1789561603340697,48,23ca56c5d573,0.40051543712615967,1.74100923538208,0.0,0.3465735277799843,0.0,0,0.9707791421684814,81,e9ce432833f3,0.3039485216140747,0.30631372332572937,0.0833333358168602,0.23500177712287373,0.5963518999362689,0,0.6955431515286552,112,6379204aa590,0.3033977150917053,0.2981303930282593,0.0,0.3465735277799843,0.0,1,0.5300673190626694,103,6680fc36f234,0.3340081572532654,0.7529100179672241,0.0833333358168602,0.23500177712287373,0.48205375960520297,0,0.8053132122433523,78,98d9410b9c2c,0.32829591631889343,0.6680431962013245,0.0,0.3465735277799843,0.0,1,0.6558717582497192
118,eb485b5cf6a6,compile operational data,22,bab0b2935945,0.47731953859329224,2.5140902996063232,0.25,0.4236488349555293,0.9279661016949153,1,1.4824232580581318,35,e19513a85bed,0.43535271286964417,2.0556561946868896,0.20000000298023224,0.0,0.5141919528157374,1,1.246929413691044,100,6002eddcd7d0,0.4532785415649414,2.2514731884002686,0.1666666716337204,0.14384099455923594,0.4669418814759129,1,1.2833010904908904,86,19ea31d71f7c,0.26128020882606506,0.1541360318660736,0.1428571492433548,0.2554127452163465,0.6565136234007729,0,0.6320741071577868,140,f07eaef01260,0.43060657382011414,2.0038106441497803,0.1666666716337204,0.14384099455923594,0.4669418814759129,0,1.1555829070926436,30,c6a87cc5d35e,0.4563964307308197,2.285531997680664,0.20000000298023224,0.0,0.5141919528157374,1,1.318653873219967,57,c1933354ef21,0.4180971384048462,1.8671611547470093,0.20000000298023224,0.0,0.5141919528157374,1,1.1881163036971094,172,2c5271f1a3e4,0.3348415493965149,0.9576998949050903,0.2857142984867096,0.3465735069466602,1.0,0,0.9797610113863849,124,3b11edaeeba4,0.2961621880531311,0.5351771712303162,0.1428571492433548,0.2554127452163465,0.42764479244081127,0,0.6720314511271935,143,fd635c6ca5be,0.25826334953308105,0.1211806908249855,0.2857142984867096,0.3465735069466602,1.0,0,0.7226126747672461
119,b729f6985724,analyze data to inform personnel decisions,36,e5bfe7745119,0.7459509372711182,4.861464500427246,0.5714285969734192,0.09116076173031373,1.0,1,1.476598204432285,43,61355ce7e829,0.38399839401245117,0.6235007643699646,0.1428571492433548,0.2554127452163465,0.25857438736805427,1,0.4419421362915498,103,6680fc36f234,0.39277932047843933,0.7263132929801941,0.1111111119389534,0.0,0.21505196573184715,1,0.4746200187866526,39,202cbfb3aef7,0.42436689138412476,1.0961600542068481,0.0,0.2554127452163465,0.0,1,0.4558943030497574,113,322cdff981bb,0.4541839361190796,1.4452763795852661,0.0,0.09116076173031373,0.0,1,0.5435802144391894,158,16ac0e74dbe1,0.4210990369319916,1.0578980445861816,0.2857142984867096,0.11157175065711056,0.4720631187938833,1,0.6075178605226443,51,6385c0e2eb2e,0.3358681797981262,0.05996253341436386,0.0,0.0,0.0,1,0.2699295349419117,15,c5e6a1a8c44d,0.3430265784263611,0.1437774896621704,0.0,0.11157175065711056,0.0,1,0.2758804538233728,209,2ac9980eb5e6,0.35270971059799194,0.25715357065200806,0.0,0.09116076173031373,0.0,0,0.25106359994248145,86,19ea31d71f7c,0.45354509353637695,1.4377964735031128,0.1111111119389534,0.0,0.22893109387635252,1,0.6220144730137555
120,a04637eaf44a,investigate industrial or transportation accidents,76,298036041aa4,0.5204641819000244,3.148749351501465,0.125,0.11157175065711056,0.9158415841584159,1,1.5343873764095022,166,505ab84c8d87,0.3061182498931885,0.3014681339263916,0.1111111119389534,0.2027325123874243,0.8447488584474884,1,0.7153565999758111,58,224946bca8ba,0.42190757393836975,1.8395648002624512,0.1428571492433548,0.0,0.7861875916908664,1,1.1363106796032856,82,68d8248a643f,0.3684660494327545,1.1296701431274414,0.0,0.27980784039629336,0.0,1,0.6528224955390565,67,3574e4789085,0.32752007246017456,0.5857609510421753,0.0,0.11157175065711056,0.0,1,0.5163131856306047,59,da6e8742f6bf,0.5005784630775452,2.8845958709716797,0.1428571492433548,0.0,0.7861875916908664,1,1.423899991203017,28,ce1178bafa1d,0.36106371879577637,1.0313405990600586,0.0,0.27980784039629336,0.0,1,0.625102543372976,55,4805101e52c6,0.4067908525466919,1.6387606859207153,0.125,0.11157175065711056,0.7200232894198529,1,1.0490397827054463,105,8bb47fa10a52,0.3079691529273987,0.32605475187301636,0.1428571492433548,0.0,1.0,0,0.7446316614747047,137,a4f4cc8a14a2,0.4040333032608032,1.6021305322647095,0.1666666716337204,0.14384099455923594,0.8657422884691087,0,1.031397759160738
121,66497e9d2189,prepare reports related to compliance matters,30,c6a87cc5d35e,0.6199111938476562,2.621781826019287,0.3333333432674408,0.2554127452163465,1.0,1,1.507792050864413,116,1cf7420e0aac,0.49960342049598694,1.5798736810684204,0.2222222238779068,0.09116076173031373,0.9497914966676162,1,1.201372349504659,149,c9b79bbec6f3,0.5864806771278381,2.332261800765991,0.125,0.11157175065711056,0.4837387181705402,1,1.2906176656950323,17,e1dbddbff402,0.4784264862537384,1.3964738845825195,0.125,0.11157175065711056,0.38008251264002774,1,0.9552503799383235,27,88a991273442,0.5995676517486572,2.4455995559692383,0.125,0.11157175065711056,0.4837387181705402,1,1.3268416733015387,186,4c7ceb754866,0.4517103433609009,1.1651026010513306,0.25,0.0,0.8316831683168319,1,1.035424770739409,77,9b108680399f,0.4149135947227478,0.8464296460151672,0.1428571492433548,0.2554127452163465,0.4185432430857448,1,0.7766807948673818,16,6e6ec1a475b8,0.5130265951156616,1.6961232423782349,0.25,0.0,0.8316831683168319,1,1.2015334981945482,67,3574e4789085,0.4687690734863281,1.3128372430801392,0.1111111119389534,0.0,0.44302803396806895,1,0.9634960372434956,96,1cbedefabffc,0.470309853553772,1.3261809349060059,0.10000000149011612,0.09116076173031373,0.4086377299614152,1,0.9480573315877865
122,4e4a52d4b158,represent the organization in external relations,169,2d10ff099811,0.5338200330734253,3.0611212253570557,0.125,0.11157175065711056,1.0,1,1.5638428219540568,175,825fff3275ff,0.33709487318992615,0.8349708318710327,0.0,0.11157175065711056,0.0,0,0.5430014082177134,33,2be03b534579,0.44738784432411194,2.0830507278442383,0.0,0.11157175065711056,0.0,1,0.9550891497118922,28,ce1178bafa1d,0.43853265047073364,1.9828450679779053,0.10000000149011612,0.27980784039629336,0.8559322033898304,1,1.1939842672638463,117,f2f5eb941075,0.4318205714225769,1.906890869140625,0.0,0.3465735277799843,0.0,1,0.8804821614298416,38,a3c08ed1a115,0.44129425287246704,2.0140955448150635,0.0,0.2027325123874243,0.0,1,0.92596801131638,199,0d99df7b9f80,0.45045673847198486,2.1177785396575928,0.0,0.2027325123874243,0.0,1,0.9560481658545346,178,78b65ab85b19,0.34887611865997314,0.9682878851890564,0.0,0.11157175065711056,0.0,1,0.6316787877066584,167,00c6f12023ab,0.32597023248672485,0.7090839147567749,0.0,0.0,0.0,0,0.5176367983222008,179,6a5f3442d709,0.3924849331378937,1.4617670774459839,0.0,0.11157175065711056,0.0,1,0.7748449125273676
123,05f356a221b7,negotiate labor disputes,106,48548f20bc23,0.4581083059310913,3.8152902126312256,0.20000000298023224,0.0,1.0,1,1.545542472600937,168,ab35d13698b5,0.46267271041870117,3.8748528957366943,0.125,0.3465735069466602,0.7095901973462904,1,1.4386992153963034,38,a3c08ed1a115,0.2538822293281555,1.150272250175476,0.0,0.3465735069466602,0.0,0,0.4812051887159251,112,6379204aa590,0.1866510510444641,0.27294883131980896,0.0,0.14384099455923594,0.0,0,0.28118406870737594,7,bfcc3cdee21d,0.18895794451236725,0.30305230617523193,0.0,0.14384099455923594,0.0,0,0.28874299937263054,82,68d8248a643f,0.18798303604125977,0.2903303802013397,0.0,0.4236488349555293,0.0,0,0.2575677565503283,58,224946bca8ba,0.1736009269952774,0.1026531532406807,0.0,0.14384099455923594,0.0,0,0.23842313030138537,15,c5e6a1a8c44d,0.23117193579673767,0.8539175987243652,0.0,0.14384099455923594,0.0,0,0.4270643059290938,62,c6d9ce80244c,0.30409175157546997,1.805474042892456,0.0,0.4236488349555293,0.0,0,0.6380177035200759,53,a68e486bae8e,0.3493805527687073,2.396463632583618,0.125,0.3465735069466602,0.7095901973462904,1,1.0752119791945403
124,3b11edaeeba4,document design or operational test results,220,7cd42be784e2,0.695845365524292,4.429818153381348,0.6666666865348816,0.0,1.0,1,1.4666666626930238,167,00c6f12023ab,0.5840193033218384,3.084929943084717,0.2857142984867096,0.11157175065711056,0.5601440587162405,1,1.0959809178973685,190,c2a2570c95d4,0.3676456809043884,0.4826892912387848,0.1111111119389534,0.0,0.2698394867288346,1,0.4699843741335021,68,7a9450b42a26,0.5029782056808472,2.1102805137634277,0.2857142984867096,0.11157175065711056,0.581491541583971,1,0.8992522616587457,158,16ac0e74dbe1,0.35916662216186523,0.3807149827480316,0.125,0.11157175065711056,0.2946355476714843,1,0.4447723555606441,66,196087c93944,0.40048789978027344,0.8776698112487793,0.0833333358168602,0.23500177712287373,0.21544496568863478,1,0.5146654529212329,57,c1933354ef21,0.3626211881637573,0.42226168513298035,0.1428571492433548,0.2554127452163465,0.20413771715373902,0,0.3567157713465425,1,06d678da6c8d,0.40566930174827576,0.9399845004081726,0.0,0.2554127452163465,0.0,1,0.4567405548951172,172,2c5271f1a3e4,0.37860071659088135,0.6144412159919739,0.10000000149011612,0.09116076173031373,0.15659879672067648,0,0.40034895475182575,30,c6a87cc5d35e,0.42737776041030884,1.201063632965088,0.1428571492433548,0.2554127452163465,0.20413771715373902,0,0.5239628879122468
125,12a1310a48ad,create graphical representations of mechanical equipment,97,48c561c86be0,0.7048495411872864,3.5874197483062744,0.375,0.09116076173031373,1.0,1,1.5158839238269688,136,ded8762bb927,0.3693380355834961,0.5820410251617432,0.1428571492433548,0.2554127452163465,0.2115157122580398,1,0.5310439391503741,161,f1f35b083d3a,0.4572627544403076,1.3696357011795044,0.1111111119389534,0.0,0.31147734369471364,1,0.7885962269303416,63,50171927f859,0.5461591482162476,2.1659343242645264,0.20000000298023224,0.1682360897391828,0.41717399612577477,1,0.9931238584667376,131,c3b47654a283,0.42295515537261963,1.0623219013214111,0.125,0.11157175065711056,0.3585553258067346,1,0.7166479090527439,132,22f88df4c22c,0.4683215618133545,1.468696117401123,0.1428571492433548,0.2554127452163465,0.2115157122580398,1,0.7490284739504267,73,a40c650a049f,0.40369871258735657,0.8898302912712097,0.09090909361839294,0.1682360897391828,0.15057050703114702,1,0.5986084774277752,75,f634ee56b726,0.5437512397766113,2.1443653106689453,0.1428571492433548,0.2554127452163465,0.2115157122580398,1,0.915142133689921,153,8594b6595861,0.43864068388938904,1.2028266191482544,0.0,0.0,0.0,1,0.649447749555111,154,17f9d29c543d,0.4104529619216919,0.9503321647644043,0.0,0.1682360897391828,0.0,1,0.5690341876950881
126,ebdb003908ef,research engineering applications of emerging technologies,141,dbc0d59bd942,0.6266850233078003,3.322916030883789,0.4285714328289032,0.0,1.0,1,1.511593246459961,69,636981831618,0.6277753114700317,3.333143949508667,0.25,0.0,0.7463901992985732,1,1.4612365757149652,6,75e527217c38,0.5557317733764648,2.6573190689086914,0.2222222238779068,0.09116076173031373,0.570193929003931,1,1.211508483829991,148,253c9a1feb09,0.535558819770813,2.468080997467041,0.25,0.0,0.6329560283090435,1,1.1865094931069033,183,ff9c96c6d776,0.3788537383079529,0.9980649352073669,0.10000000149011612,0.09116076173031373,0.24755172149887708,1,0.6565699781142519,21,c9b70de179fe,0.3280611038208008,0.5215903520584106,0.125,0.11157175065711056,0.41690556512507615,1,0.5792955936592619,209,2ac9980eb5e6,0.4894552528858185,2.0355935096740723,0.10000000149011612,0.09116076173031373,0.24755172149887708,1,0.9458050335608766,157,018f6a0e7f9a,0.35074326395988464,0.7343667149543762,0.1666666716337204,0.29389328800662196,0.4624906313031885,1,0.6328661521904919,173,49c0d2367c5d,0.29873785376548767,0.24651534855365753,0.1111111119389534,0.0,0.26838528221907965,0,0.41286429004989034,10,365ec2897755,0.3473441004753113,0.7024799585342407,0.1111111119389534,0.0,0.34979526457231086,0,0.5682290418939222
127,3d77dabe7560,design electromechanical equipment or systems,136,ded8762bb927,0.7443526983261108,3.5289316177368164,0.4000000059604645,0.14384099455923594,1.0,1,1.505615905312448,24,2ae9204d54c8,0.45937395095825195,1.1415032148361206,0.3333333432674408,0.0,0.6838214652159558,1,0.8279901191340447,70,d5bb4574fc4d,0.6487523317337036,2.7280333042144775,0.2857142984867096,0.11157175065711056,0.5537472597838777,1,1.1743405937763174,60,90e3d91fbf4d,0.6612716913223267,2.8329150676727295,0.4285714328289032,0.2027325123874243,0.821331941015358,1,1.2610227476766838,74,318da22b73fb,0.3179777264595032,-0.04305300489068031,0.3333333432674408,0.0,0.6561052574239555,0,0.47323024975586275,19,9d76ae41867e,0.4867321252822876,1.3706982135772705,0.3333333432674408,0.0,0.6561052574239555,1,0.8753792743616138,5,abdac161e57b,0.46417880058288574,1.1817561388015747,0.1428571492433548,0.0,0.3161741754536847,1,0.7277831376983481,155,f6d7dbe3f71e,0.37813711166381836,0.4609362483024597,0.1666666716337204,0.14384099455923594,0.34816799082697425,1,0.5374627790867713,125,12a1310a48ad,0.4584534764289856,1.1337919235229492,0.125,0.11157175065711056,0.2641818020663943,1,0.6877710532403442,63,50171927f859,0.5099726319313049,1.565397024154663,0.375,0.27980784039629336,0.76216819950154,1,0.9282806856213055
128,54e485ae84d0,design environmental control systems,60,90e3d91fbf4d,0.5691514015197754,2.925722599029541,0.4285714328289032,0.2027325123874243,1.0,1,1.4940124562350126,23,9a8d83e8b2e2,0.41768473386764526,1.2320282459259033,0.1666666716337204,0.14384099455923594,0.43606516832682474,1,0.8913904346910663,148,253c9a1feb09,0.49899011850357056,2.1411819458007812,0.125,0.11157175065711056,0.28044369125877083,1,1.0957585423232763,42,853f8faf3522,0.42613083124160767,1.3264721632003784,0.125,0.11157175065711056,0.477614837157575,1,0.940213465076796,166,505ab84c8d87,0.3585411310195923,0.5706868767738342,0.1111111119389534,0.2027325123874243,0.33451574556578334,1,0.6739420283741187,175,825fff3275ff,0.41768699884414673,1.2320536375045776,0.0,0.11157175065711056,0.0,1,0.7620917611701937,29,ef7349785e11,0.35900676250457764,0.5758935213088989,0.1428571492433548,0.0,0.3062141926176849,0,0.6328987749299035,71,1cb040da80f9,0.4010797142982483,1.0463515520095825,0.10000000149011612,0.27980784039629336,0.3104192723682482,1,0.7904586453078695,24,2ae9204d54c8,0.4317067861557007,1.388822317123413,0.3333333432674408,0.0,0.6622800156441615,1,1.0065436888474772,155,f6d7dbe3f71e,0.38299936056137085,0.844177782535553,0.1666666716337204,0.14384099455923594,0.3372001525849506,1,0.75064429400952
129,06f6e71fddcf,calibrate scientific or technical equipment,189,a49d5a99c1d7,0.46772581338882446,2.9432506561279297,0.3333333432674408,0.0,0.7292152533930565,1,1.4385586640736172,70,d5bb4574fc4d,0.4562756419181824,2.7657103538513184,0.125,0.11157175065711056,0.32181257822744264,1,1.2759070790842948,184,389dd43f303d,0.42582666873931885,2.2935848236083984,0.3333333432674408,0.0,1.0,1,1.3548460617661477,186,4c7ceb754866,0.38327738642692566,1.633838415145874,0.2857142984867096,0.11157175065711056,0.9158415841584158,1,1.1394773761448576,192,8562bf3caec4,0.385494589805603,1.6682171821594238,0.2857142984867096,0.11157175065711056,0.9158415841584158,1,1.1490019301590635,19,9d76ae41867e,0.3870631456375122,1.6925383806228638,0.1428571492433548,0.0,0.35138454487536985,0,0.9392460014195753,84,c6940290ea74,0.3444429636001587,1.031692624092102,0.2857142984867096,0.11157175065711056,0.6678456528599774,0,0.8358568435558827,125,12a1310a48ad,0.29643017053604126,0.2872318923473358,0.125,0.11157175065711056,0.32181257822744264,0,0.519942972017902,66,196087c93944,0.32473570108413696,0.7261223196983337,0.09090909361839294,0.3465735277799843,0.2569412679918712,1,0.6519040381789237,74,318da22b73fb,0.28658270835876465,0.13454240560531616,0.1428571492433548,0.0,0.35138454487536985,0,0.49681889894321685
130,cbb58925807f,select project materials,73,a40c650a049f,0.4839893579483032,2.8787014484405518,0.1111111119389534,0.4236488349555293,0.9253306039790964,1,1.5092786099796884,45,aa03c0034762,0.4171839952468872,1.9859788417816162,0.1666666716337204,0.14384099455923594,0.8291670680005391,1,1.2338640485071297,192,8562bf3caec4,0.36891457438468933,1.3409526348114014,0.1428571492433548,0.2554127452163465,1.0,1,1.098574156787112,105,8bb47fa10a52,0.38504382967948914,1.5564885139465332,0.0,0.14384099455923594,0.0,1,0.8416187111414962,101,ae138f31c069,0.3946284055709839,1.6845675706863403,0.1428571492433548,0.2554127452163465,0.7593856810896026,1,1.1143126773874057,203,79676bc4eb6a,0.41050177812576294,1.8966840505599976,0.125,0.3465735069466602,0.7004379341557064,1,1.1489676339615145,177,ff18586218d4,0.43538182973861694,2.2291572093963623,0.0,0.14384099455923594,0.0,1,1.042062619713693,146,284cc33eb902,0.32388806343078613,0.7392616271972656,0.0,0.14384099455923594,0.0,0,0.5480988759674125,165,72ea80489538,0.3562943935394287,1.1723086833953857,0.1666666716337204,0.14384099455923594,0.8291670680005391,1,0.9981390778087732,162,957f012e4031,0.3186642825603485,0.6694560050964355,0.0,0.0,0.0,1,0.5916820570826531
131,c3b47654a283,create physical models or prototypes,10,365ec2897755,0.5655274391174316,3.874155044555664,0.2857142984867096,0.11157175065711056,1.0,1,1.5316999741776438,125,12a1310a48ad,0.42295515537261963,2.0033183097839355,0.125,0.11157175065711056,0.48438752694978165,1,0.9460409162963963,210,39fb30c0c188,0.2268039584159851,-0.5705820322036743,0.1111111119389534,0.2027325123874243,0.4755877605303383,1,0.3324766790018181,162,957f012e4031,0.3700965940952301,1.3097071647644043,0.0,0.14384099455923594,0.0,1,0.6233809534586959,49,824d3015533f,0.423666387796402,2.012651205062866,0.0,0.11157175065711056,0.0,1,0.7944283314927073,70,d5bb4574fc4d,0.3996351361274719,1.697312593460083,0.0,0.11157175065711056,0.0,1,0.7191445880516024,6,75e527217c38,0.29821667075157166,0.3664971888065338,0.0,0.2027325123874243,0.0,1,0.39231033757003253,194,094e12b11051,0.3313676118850708,0.8015046119689941,0.0,0.11157175065711056,0.0,0,0.4552798666937799,155,f6d7dbe3f71e,0.35660940408706665,1.1327279806137085,0.0,0.14384099455923594,0.0,0,0.5311290461696677,5,abdac161e57b,0.3397209942340851,0.9111178517341614,0.0,0.0,0.0,1,0.5426060363650322
132,22f88df4c22c,program robotic equipment,125,12a1310a48ad,0.4683215618133545,2.2886669635772705,0.1428571492433548,0.2554127452163465,0.8316831683168318,1,1.4471497491527072,200,9ff41f315fd5,0.4788469076156616,2.407607316970825,0.0,0.0,0.0,1,1.2500000029802323,135,4055e1544ee0,0.43600478768348694,1.923474669456482,0.20000000298023224,0.0,1.0,1,1.3994721710681917,137,a4f4cc8a14a2,0.42596203088760376,1.8099875450134277,0.20000000298023224,0.0,1.0,1,1.3618423134088518,110,d9dbdf9d5d1a,0.4236321449279785,1.7836588621139526,0.0,0.14384099455923594,0.0,1,1.0215941462792448,60,90e3d91fbf4d,0.42447829246520996,1.7932206392288208,0.125,0.3465735069466602,0.7671232876712328,1,1.2524843081813744,73,a40c650a049f,0.4136123061180115,1.6704307794570923,0.1111111119389534,0.4236488349555293,0.7118644067796611,1,1.1863877635669264,138,ef5aeb4ce41e,0.34376347064971924,0.8811115026473999,0.20000000298023224,0.0,1.0,1,1.053847359120846,70,d5bb4574fc4d,0.3730611801147461,1.2121871709823608,0.1428571492433548,0.2554127452163465,0.8316831683168318,0,1.0366960317421428,136,ded8762bb927,0.3074057102203369,0.470254510641098,0.20000000298023224,0.0,1.0,1,0.9176161825656891
133,70f88532846f,fabricate products or components using machine tools,162,957f012e4031,0.7301923036575317,3.8774776458740234,0.2857142984867096,0.3465735069466602,1.0,1,1.508199798548689,161,f1f35b083d3a,0.5868893265724182,2.398486375808716,0.2222222238779068,0.09116076173031373,0.8316831683168316,1,1.1444432825695363,202,8747ed85441f,0.44521719217300415,0.9363264441490173,0.10000000149011612,0.09116076173031373,0.24716447206228292,1,0.6106927486260421,73,a40c650a049f,0.43709880113601685,0.8525387048721313,0.0833333358168602,0.07707532800886907,0.3902218578488449,1,0.6436329541409263,178,78b65ab85b19,0.4082373380661011,0.5546673536300659,0.10000000149011612,0.09116076173031373,0.24716447206228292,1,0.5202854590614324,24,2ae9204d54c8,0.41241222620010376,0.5977552533149719,0.0,0.2027325123874243,0.0,1,0.4396595931020588,203,79676bc4eb6a,0.45348137617111206,1.0216188430786133,0.09090909361839294,0.0,0.22797818884283627,1,0.6340734697059851,182,8729852fc4b8,0.42777732014656067,0.7563342452049255,0.09090909361839294,0.0,0.22797818884283627,1,0.5711361131743651,74,318da22b73fb,0.4069838523864746,0.5417304635047913,0.0,0.2027325123874243,0.0,1,0.42616353690298503,153,8594b6595861,0.39973533153533936,0.4669204354286194,0.10000000149011612,0.09116076173031373,0.24716447206228292,1,0.49950001557664925
134,469df54e4928,inspect facilities or sites to determine if they meet specifications or standards,193,adb21e5e1a03,0.6022371053695679,2.954629898071289,0.1666666716337204,0.29389328800662196,1.0,1,1.5372773428330584,185,7b03e0901b8c,0.5410414338111877,2.228361129760742,0.07692307978868484,0.29389328800662196,0.5132080512168689,1,1.1749848572902581,144,7a053b14e6ec,0.4875182509422302,1.5931493043899536,0.1818181872367859,0.4054650386637325,0.9399102491502336,1,1.1156095723093493,71,1cb040da80f9,0.4122721254825592,0.7001301050186157,0.1428571492433548,0.12565719826743915,0.7367940512406492,1,0.8225280812432789,191,a9be4c9c15a1,0.5571061372756958,2.4190165996551514,0.0625,0.05889151088374822,0.409755044845089,1,1.21987641472776,155,f6d7dbe3f71e,0.4645594358444214,1.3206746578216553,0.09090909361839294,0.5493060332229684,0.6170715853917114,1,0.9218266218605176,194,094e12b11051,0.44059881567955017,1.0363105535507202,0.07692307978868484,0.29389328800662196,0.4148454470844978,1,0.7961006994807653,84,c6940290ea74,0.4384711980819702,1.011060118675232,0.07692307978868484,0.29389328800662196,0.4148454470844978,1,0.7888042937481337,140,f07eaef01260,0.5251371264457703,2.03960919380188,0.1818181872367859,0.4054650386637325,0.9399102491502336,1,1.24233479149947,96,1cbedefabffc,0.3827635645866394,0.3499232232570648,0.0,0.20273252627630822,0.0,0,0.41729084471724454
135,4055e1544ee0,assemble equipment or components,161,f1f35b083d3a,0.8153808116912842,4.235665798187256,0.3333333432674408,0.2554127452163465,1.0,1,1.507792050864413,211,c7ea79acedc2,0.40505391359329224,0.6790443062782288,0.1428571492433548,0.2554127452163465,0.2551821548196081,1,0.5060136596083129,138,ef5aeb4ce41e,0.3661496341228485,0.3418307602405548,0.20000000298023224,0.0,0.306826162342624,1,0.4726473729327705,162,957f012e4031,0.522490382194519,1.6969572305679321,0.20000000298023224,0.0,0.5432732281969198,1,0.8493895369033191,73,a40c650a049f,0.4343252182006836,0.9327614307403564,0.1111111119389534,0.4236488349555293,0.21841862404051204,1,0.5343345925607046,74,318da22b73fb,0.5848286151885986,2.237291097640991,0.1666666716337204,0.14384099455923594,0.27863132580303157,1,0.8637777527892488,75,f634ee56b726,0.526828408241272,1.734558343887329,0.20000000298023224,0.0,0.306826162342624,1,0.77479036182318,132,22f88df4c22c,0.43600478768348694,0.9473195672035217,0.20000000298023224,0.0,0.306826162342624,1,0.6040041486934211,101,ae138f31c069,0.4317318797111511,0.9102829098701477,0.1428571492433548,0.2554127452163465,0.2551821548196081,1,0.5566736067056144,142,c71cb5036aef,0.39007699489593506,0.549227774143219,0.0,0.4236488349555293,0.0,1,0.38030917562724786
136,ded8762bb927,maintain electromechanical equipment,127,3d77dabe7560,0.7443526983261108,4.05605936050415,0.4000000059604645,0.14384099455923594,1.0,1,1.505615905312448,201,42bb588edac5,0.5130063891410828,2.046835422515869,0.5,0.0,0.8775984256142448,1,1.0262815488413894,138,ef5aeb4ce41e,0.4657064378261566,1.636039137840271,0.20000000298023224,0.0,0.3497900348363503,1,0.7851457425465549,139,80c1c070d6f0,0.48086875677108765,1.767722725868225,0.3333333432674408,0.2554127452163465,0.7298838391247185,1,0.9076470901847998,43,61355ce7e829,0.28572171926498413,0.07288648188114166,0.20000000298023224,0.0,0.5278083907778945,1,0.49394959926859144,132,22f88df4c22c,0.3074057102203369,0.261210173368454,0.20000000298023224,0.0,0.3497900348363503,1,0.4742320605626071,137,a4f4cc8a14a2,0.42864519357681274,1.3141652345657349,0.20000000298023224,0.0,0.3497900348363503,1,0.7123548963179553,129,06f6e71fddcf,0.2893673777580261,0.10454872995615005,0.1666666716337204,0.14384099455923594,0.31764716677030735,1,0.4147003077867747,125,12a1310a48ad,0.3693380355834961,0.799087405204773,0.1428571492433548,0.2554127452163465,0.29091448441835077,1,0.5538956222147104,19,9d76ae41867e,0.40102261304855347,1.0742653608322144,0.1666666716337204,0.14384099455923594,0.31764716677030735,0,0.5852593422833205
137,a4f4cc8a14a2,operate industrial equipment,75,f634ee56b726,0.7145307064056396,3.4936041831970215,0.5,0.0,0.9445655529922603,1,1.4805979450374072,219,573d5b3bbb3d,0.49689817428588867,1.2369979619979858,0.4000000059604645,0.14384099455923594,1.0,1,0.9730032462753349,200,9ff41f315fd5,0.46068722009658813,0.8615307807922363,0.20000000298023224,0.0,0.7325343016190381,1,0.8229683173886009,55,4805101e52c6,0.5384718179702759,1.6680701971054077,0.1428571492433548,0.2554127452163465,0.47897413650840676,1,0.9128740183562337,65,8da0e9e0dffc,0.4971734285354614,1.2398520708084106,0.1428571492433548,0.2554127452163465,0.3066051352871365,1,0.7468342422802906,58,224946bca8ba,0.5625476837158203,1.9177100658416748,0.1666666716337204,0.14384099455923594,0.5229879760794496,1,0.9978820720608952,59,da6e8742f6bf,0.5703721642494202,1.9988411664962769,0.1666666716337204,0.14384099455923594,0.5229879760794496,1,1.0178287813361409,74,318da22b73fb,0.48515838384628296,1.115269422531128,0.1666666716337204,0.14384099455923594,0.33477966123244096,1,0.7347226454364484,136,ded8762bb927,0.42864519357681274,0.5292907953262329,0.20000000298023224,0.0,0.3686561745714379,1,0.6143938292373152,73,a40c650a049f,0.49846577644348145,1.2532522678375244,0.1111111119389534,0.4236488349555293,0.2624332090169558,1,0.7212101233254665
138,ef5aeb4ce41e,repair electronic equipment,65,8da0e9e0dffc,0.6059384346008301,3.251373529434204,0.3333333432674408,0.2554127452163465,1.0,1,1.507792050864413,70,d5bb4574fc4d,0.4660727381706238,1.8862696886062622,0.3333333432674408,0.2554127452163465,1.0,1,1.1567577672264124,136,ded8762bb927,0.4657064378261566,1.8826944828033447,0.20000000298023224,0.0,0.4025326879104349,1,0.9906515880374244,76,298036041aa4,0.505216121673584,2.26831316947937,0.1428571492433548,0.2554127452163465,0.33477966123244096,1,1.0517706013650572,132,22f88df4c22c,0.34376347064971924,0.692518413066864,0.20000000298023224,0.0,0.4025326879104349,1,0.6773984684495261,137,a4f4cc8a14a2,0.4542638063430786,1.7710132598876953,0.20000000298023224,0.0,0.4025326879104349,1,0.9612571625856688,135,4055e1544ee0,0.3661496341228485,0.9110097289085388,0.20000000298023224,0.0,0.4025326879104349,1,0.7349051265863707,139,80c1c070d6f0,0.38319993019104004,1.0774223804473877,0.1428571492433548,0.2554127452163465,0.33477966123244096,0,0.6852412901253377,201,42bb588edac5,0.3724028170108795,0.9720414280891418,0.20000000298023224,0.0,0.4025326879104349,1,0.7509686081556609,129,06f6e71fddcf,0.293674498796463,0.20364481210708618,0.1666666716337204,0.14384099455923594,0.36554319767001664,1,0.5234535512975863
139,80c1c070d6f0,"maintain inventories of materials, equipment, or products",178,78b65ab85b19,0.6504039764404297,3.2243402004241943,0.25,0.0,1.0,1,1.5500000059604646,189,a49d5a99c1d7,0.5727136135101318,2.3138351440429688,0.2857142984867096,0.11157175065711056,0.8269502758907022,1,1.2328124212580929,101,ae138f31c069,0.5781664252281189,2.3777401447296143,0.25,0.0,0.7573554506919797,1,1.2420961421586778,190,c2a2570c95d4,0.44542545080184937,0.8220604062080383,0.25,0.0,0.8070431152872881,1,0.8497505341929619,133,70f88532846f,0.5653935670852661,2.2280466556549072,0.10000000149011612,0.09116076173031373,0.32426228524047257,1,1.065125725330064,86,19ea31d71f7c,0.38415372371673584,0.10397620499134064,0.1111111119389534,0.0,0.45549142980380536,1,0.5455042577617495,136,ded8762bb927,0.48086875677108765,1.2374440431594849,0.3333333432674408,0.2554127452163465,0.9106297680939279,1,0.9607862461092976,65,8da0e9e0dffc,0.447956919670105,0.8517283201217651,0.1111111119389534,0.0,0.30186402088817443,1,0.6934353669508871,185,7b03e0901b8c,0.421808123588562,0.5452731847763062,0.1111111119389534,0.0,0.3515516854834827,1,0.6281619993974066,73,a40c650a049f,0.41722938418388367,0.49161189794540405,0.09090909361839294,0.1682360897391828,0.258375136522929,1,0.5657635193712216
140,f07eaef01260,determine operational criteria or specifications,144,7a053b14e6ec,0.7243207693099976,3.320477247238159,0.6000000238418579,0.0,1.0,1,1.4799999982118608,57,c1933354ef21,0.6546512842178345,2.5743408203125,0.4000000059604645,0.14384099455923594,0.5433816103870581,1,1.1679954086675952,191,a9be4c9c15a1,0.5740985870361328,1.7116490602493286,0.09090909361839294,0.3465735277799843,0.13614198153294382,1,0.8402664129287896,220,7cd42be784e2,0.4967576265335083,0.8833537697792053,0.125,0.11157175065711056,0.17051446201898404,1,0.6642372682761225,71,1cb040da80f9,0.44743406772613525,0.3551153540611267,0.2222222238779068,0.27980784039629336,0.4649235621352432,1,0.611219902409263,54,00ee16f445cd,0.5037869215011597,0.958635151386261,0.2857142984867096,0.11157175065711056,0.45192133933181067,1,0.7655598528811592,36,e5bfe7745119,0.4946903884410858,0.8612143993377686,0.1111111119389534,0.2027325123874243,0.15727817957915424,1,0.6462779019329274,35,e19513a85bed,0.45221930742263794,0.4063636362552643,0.1666666716337204,0.14384099455923594,0.2050233412371118,1,0.5506735646608082,19,9d76ae41867e,0.47449979186058044,0.6449800133705139,0.0,0.0,0.0,1,0.5668889984488488,134,469df54e4928,0.5251371264457703,1.187288522720337,0.1818181872367859,0.4054650386637325,0.40637763208858296,1,0.7871783721733429
141,dbc0d59bd942,research advanced engineering designs or applications,126,ebdb003908ef,0.6266850233078003,3.4739296436309814,0.4285714328289032,0.0,1.0,1,1.514285707473755,10,365ec2897755,0.47329771518707275,1.793064832687378,0.25,0.0,0.6866671552611526,1,1.0419466071947017,157,018f6a0e7f9a,0.455349862575531,1.5963867902755737,0.1666666716337204,0.29389328800662196,0.4624906313031885,1,0.8976975610487912,209,2ac9980eb5e6,0.5073566436767578,2.166292905807495,0.10000000149011612,0.09116076173031373,0.24755172149887708,1,0.989514959868078,147,a2140782858a,0.35560131072998047,0.5033116936683655,0.0,0.0,0.0,1,0.5153128013014794,194,094e12b11051,0.35635679960250854,0.5115905404090881,0.0,0.0,0.0,0,0.46736033260822296,59,da6e8742f6bf,0.35068321228027344,0.4494176506996155,0.125,0.11157175065711056,0.2930477135581302,0,0.5339770296220517,70,d5bb4574fc4d,0.362215518951416,0.5757921934127808,0.0,0.0,0.0,0,0.4832385405898094,160,56c85bc2a8f3,0.3991236090660095,0.9802423119544983,0.125,0.11157175065711056,0.2930477135581302,1,0.7125244447593427,104,985eed507e3a,0.4183802902698517,1.1912628412246704,0.10000000149011612,0.09116076173031373,0.31072201789564396,1,0.774501215788095
142,c71cb5036aef,"coordinate activities with suppliers, contractors, clients, or other departments",4,9fc64a999e12,0.577830970287323,4.035727024078369,0.1666666716337204,0.0,1.0,1,1.5666666716337205,38,a3c08ed1a115,0.40698930621147156,1.1813032627105713,0.0833333358168602,0.07707532800886907,0.26970467609811594,1,0.6896630597031285,110,d9dbdf9d5d1a,0.3205455541610718,-0.26299959421157837,0.10000000149011612,0.27980784039629336,0.5542711270971936,1,0.44937484800656796,169,2d10ff099811,0.46204227209091187,2.101128578186035,0.09090909361839294,0.1682360897391828,0.5076245470939644,1,0.965981293563199,32,85a88cfd39f0,0.39632460474967957,1.003117322921753,0.0833333358168602,0.07707532800886907,0.26970467609811594,1,0.6503132057106663,168,ab35d13698b5,0.46421974897384644,2.137509822845459,0.0,0.07707532800886907,0.0,1,0.8171937380655072,101,ae138f31c069,0.3346349000930786,-0.02759469673037529,0.09090909361839294,0.1682360897391828,0.41033208986285585,1,0.4624322400701776,117,f2f5eb941075,0.41004806756973267,1.2324090003967285,0.1538461595773697,0.06676568738369093,0.7940200875584857,1,0.8787657526251796,67,3574e4789085,0.3031328320503235,-0.553931474685669,0.20000000298023224,0.1682360897391828,0.8000271414775654,1,0.47961002342677833,78,98d9410b9c2c,0.3849635422229767,0.8132966160774231,0.0,0.27980784039629336,0.0,1,0.5003678063939683
143,fd635c6ca5be,conduct quantitative failure analyses of operational data,54,00ee16f445cd,0.6462269425392151,3.9238646030426025,0.10000000149011612,0.09116076173031373,0.32805627913267715,1,1.335703613774802,36,e5bfe7745119,0.4439401626586914,1.6473082304000854,0.20000000298023224,0.0,0.767123287671233,1,0.9561948930359867,56,269bfa3db5c6,0.3660077452659607,0.7702488303184509,0.10000000149011612,0.09116076173031373,0.6230401614748069,0,0.652956248759079,191,a9be4c9c15a1,0.44679272174835205,1.6794112920761108,0.07692307978868484,0.14384101539256,0.2619263572521771,1,0.7860455004340112,11,810124c49b5c,0.3437214493751526,0.5194365382194519,0.1111111119389534,0.09116076173031373,0.32805627913267715,1,0.5404513018000379,44,2d4009710863,0.394059419631958,1.0859452486038208,0.10000000149011612,0.09116076173031373,0.32805627913267715,1,0.6733891987967745,13,f7e80a0049c6,0.32839250564575195,0.34692302346229553,0.125,0.3465735069466602,0.3944486213381,0,0.4471492756181876,76,298036041aa4,0.5350053310394287,2.6721651554107666,0.0,0.09116076173031373,0.0,1,0.943810756264484,118,eb485b5cf6a6,0.25826334953308105,-0.4423177242279053,0.2857142984867096,0.3465735069466602,1.0,0,0.47129338369714247,220,7cd42be784e2,0.30206477642059326,0.05062805488705635,0.10000000149011612,0.09116076173031373,0.32805627913267715,0,0.3817665794658914
144,7a053b14e6ec,determine design criteria or specifications,140,f07eaef01260,0.7243207693099976,3.2333054542541504,0.6000000238418579,0.0,1.0,1,1.4564352199435235,102,f2c8cd5b27ab,0.7350423336029053,3.334580183029175,0.125,0.11157175065711056,0.2617711457758733,1,1.3054627229756124,159,3319e1abdfb1,0.5041283369064331,1.1533929109573364,0.125,0.11157175065711056,0.19015019355593749,1,0.728229754768501,68,7a9450b42a26,0.4928686022758484,1.047034740447998,0.1428571492433548,0.0,0.207623454585402,1,0.7167667919686984,63,50171927f859,0.6403351426124573,2.4399867057800293,0.10000000149011612,0.27980784039629336,0.16275567414533632,1,1.0315544830229557,155,f6d7dbe3f71e,0.4889896512031555,1.0103946924209595,0.1666666716337204,0.14384099455923594,0.22863297082321052,1,0.6981113814795276,24,2ae9204d54c8,0.46467721462249756,0.7807421684265137,0.1428571492433548,0.0,0.207623454585402,1,0.6495599696329784,49,824d3015533f,0.49633198976516724,1.079749584197998,0.125,0.11157175065711056,0.2617711457758733,1,0.7346543495839842,10,365ec2897755,0.4681054949760437,0.8131253123283386,0.0,0.11157175065711056,0.0,1,0.5869577803595515,134,469df54e4928,0.4875182509422302,0.9964959621429443,0.1818181872367859,0.4054650386637325,0.40637763208858296,1,0.729162273137603
145,7809c19536e4,evaluate technical data to determine effect on designs or plans,71,1cb040da80f9,0.6042726039886475,2.8592288494110107,0.27272728085517883,0.0,1.0,1,1.5454545557498933,3,33b4e36b0d81,0.533489465713501,1.9334733486175537,0.27272728085517883,0.0,0.9240729385814057,1,1.2699971199999596,102,f2c8cd5b27ab,0.5436258316040039,2.066044569015503,0.20000000298023224,0.1682360897391828,0.7199840921793524,1,1.2292208373078677,119,b729f6985724,0.46542733907699585,1.0433052778244019,0.09090909361839294,0.1682360897391828,0.3695619074587756,1,0.8406443795399544,104,985eed507e3a,0.5463667511940002,2.1018922328948975,0.0833333358168602,0.07707532800886907,0.3529053448127959,1,1.138804976730943,2,771b010da2fa,0.5613511800765991,2.297869920730591,0.06666667014360428,0.12565719826743915,0.1970246409854665,1,1.1367122971992913,209,2ac9980eb5e6,0.512584924697876,1.6600679159164429,0.0,0.07707532800886907,0.0,1,0.9045545820815823,172,2c5271f1a3e4,0.4993579387664795,1.4870754480361938,0.0833333358168602,0.07707532800886907,0.34087445345512635,1,0.9638389721183149,220,7cd42be784e2,0.47867387533187866,1.2165535688400269,0.0,0.1682360897391828,0.0,1,0.7705248059836051,10,365ec2897755,0.4153394103050232,0.3882174491882324,0.09090909361839294,0.1682360897391828,0.3826052995742689,1,0.6635026912177092
146,284cc33eb902,direct design or development activities,58,224946bca8ba,0.4973229169845581,1.6580524444580078,0.3333333432674408,0.0,0.9081081081081083,1,1.2656251480208862,29,ef7349785e11,0.5300318598747253,2.0884079933166504,0.1428571492433548,0.0,0.3851737166310073,1,1.2513552441897644,104,985eed507e3a,0.5509473085403442,2.3635950088500977,0.0,0.2027325123874243,0.0,1,1.2130591472950787,155,f6d7dbe3f71e,0.514004111289978,1.8775289058685303,0.1666666716337204,0.14384099455923594,0.42414962843295445,1,1.1786478091985753,163,3ac212a9f7c3,0.5547876954078674,2.414123296737671,0.0,0.11157175065711056,0.0,1,1.2388428279145212,64,445ae625480e,0.40606504678726196,0.4573618173599243,0.4000000059604645,0.14384099455923594,1.0,1,0.9031791839875274,33,2be03b534579,0.5132842659950256,1.8680578470230103,0.125,0.11157175065711056,0.4856260836550954,1,1.207436487628413,21,c9b70de179fe,0.439668744802475,0.8994896411895752,0.0,0.0,0.0,1,0.7503747746348381,157,018f6a0e7f9a,0.4078776240348816,0.4812101125717163,0.1818181872367859,0.4054650386637325,0.5228172914015078,1,0.7377959558857283,10,365ec2897755,0.4709845781326294,1.3115158081054688,0.0,0.11157175065711056,0.0,1,0.8751307853444071
147,a2140782858a,design energy-efficient vehicles or vehicle components,161,f1f35b083d3a,0.3561573326587677,1.6902775764465332,0.1111111119389534,0.0,0.8316831683168318,1,1.431269699659678,166,505ab84c8d87,0.3433224558830261,1.504198431968689,0.0,0.09116076173031373,0.0,1,1.0839672637565494,141,dbc0d59bd942,0.35560131072998047,1.6822164058685303,0.0,0.0,0.0,1,1.1578186333179474,60,90e3d91fbf4d,0.3730860650539398,1.9357092380523682,0.10000000149011612,0.09116076173031373,0.47487915469756564,1,1.3870916202225128,162,957f012e4031,0.3284904360771179,1.2891649007797241,0.1428571492433548,0.2554127452163465,1.0,1,1.3163726431390788,159,3319e1abdfb1,0.31352677941322327,1.0722228288650513,0.1111111119389534,0.0,0.5148442320731034,0,1.049785704061127,155,f6d7dbe3f71e,0.3325527608394623,1.348060131072998,0.1428571492433548,0.2554127452163465,0.6190388980878981,0,1.1539433167817097,2,771b010da2fa,0.3384551703929901,1.4336328506469727,0.07692307978868484,0.29389328800662196,0.3851797588102477,0,1.109802248296253,75,f634ee56b726,0.36413878202438354,1.8059921264648438,0.1428571492433548,0.2554127452163465,0.6190388980878981,0,1.3165030644776325,144,7a053b14e6ec,0.3190002143383026,1.151576280593872,0.125,0.11157175065711056,0.5621542425879291,0,1.081391424989562
148,253c9a1feb09,research design or application of green technologies,159,3319e1abdfb1,0.7586157321929932,3.8879544734954834,0.25,0.0,0.976656385504178,1,1.5418297408869268,204,62b52b411f3a,0.35726964473724365,0.29776620864868164,0.125,0.11157175065711056,0.4629827356902088,1,0.5066500009777362,126,ebdb003908ef,0.535558819770813,1.8926284313201904,0.25,0.0,1.0,1,1.0771812289953233,94,832ecabbf00a,0.34839919209480286,0.21841676533222198,0.0,0.0,0.0,1,0.34264842346310614,176,62eda05f366c,0.5510451197624207,2.0311591625213623,0.125,0.11157175065711056,0.6586643407739537,1,0.9948181635024865,8,04d0abdf0b41,0.682024359703064,3.2028164863586426,0.0714285746216774,0.34657354027998,0.42457457506334995,1,1.1822635179379535,209,2ac9980eb5e6,0.4962860941886902,1.541319489479065,0.2222222238779068,0.09116076173031373,0.7355410636134755,1,0.8951264769650791,180,893bb3cbc01a,0.30404776334762573,-0.17832307517528534,0.1111111119389534,0.0,0.575981157907482,0,0.3925388461709247,59,da6e8742f6bf,0.35327690839767456,0.26204973459243774,0.125,0.11157175065711056,0.4629827356902088,0,0.4480025479378516,160,56c85bc2a8f3,0.31835705041885376,-0.050321243703365326,0.125,0.11157175065711056,0.4629827356902088,1,0.4223729895236308
149,c9b79bbec6f3,monitor processes for compliance with standards,191,a9be4c9c15a1,0.693058967590332,3.076540946960449,0.20000000298023224,0.3465735277799843,0.8307581367722972,1,1.466108006417188,196,0f2541e582f8,0.5587199926376343,1.8511395454406738,0.1111111119389534,0.2027325123874243,0.46118721461187207,1,1.0288792828046653,185,7b03e0901b8c,0.6501388549804688,2.6850361824035645,0.2857142984867096,0.11157175065711056,1.0,1,1.4262810834629984,152,fbe465293a7d,0.3761712908744812,0.18598303198814392,0.125,0.11157175065711056,0.4651114931439197,1,0.5764128004651113,179,6a5f3442d709,0.3822300136089325,0.2412489503622055,0.125,0.11157175065711056,0.4651114931439197,1,0.591712575171475,121,66497e9d2189,0.5864806771278381,2.1043646335601807,0.125,0.11157175065711056,0.49999999999999994,1,1.1197065123303382,56,269bfa3db5c6,0.4510301351547241,0.8688238263130188,0.125,0.11157175065711056,0.42460749015683497,1,0.7512733051851651,67,3574e4789085,0.47268223762512207,1.0663280487060547,0.125,0.11157175065711056,0.49999999999999994,1,0.8323375740035028,134,469df54e4928,0.5257660746574402,1.5505434274673462,0.0833333358168602,0.4054650386637325,0.43047884069747905,1,0.9180027317656839,96,1cbedefabffc,0.5321374535560608,1.608661413192749,0.1111111119389534,0.2027325123874243,0.46118721461187207,1,0.9615931266867493
150,3ffc9e8eaffb,test products for functionality or quality,190,c2a2570c95d4,0.648878276348114,3.013963460922241,0.5,0.11157175065711056,1.0,1,1.4888428264244051,20,1bd49058235f,0.346490740776062,0.2355555146932602,0.125,0.11157175065711056,0.2677922543596666,1,0.5216450951727882,99,78b76b55f875,0.5853933095932007,2.4306485652923584,0.0,0.0,0.0,1,1.0814877480268479,156,ae5e42c6c3d0,0.34384265542030334,0.2112242877483368,0.1428571492433548,0.0,0.40726924071993426,1,0.5735749800562868,158,16ac0e74dbe1,0.38842639327049255,0.6208701729774475,0.1428571492433548,0.0,0.3922224599251867,1,0.6838324442848963,102,f2c8cd5b27ab,0.5180915594100952,1.8122642040252686,0.125,0.11157175065711056,0.37299410659993976,1,1.0044675041184858,188,be19a52818cf,0.48398908972740173,1.4989227056503296,0.125,0.11157175065711056,0.2677922543596666,1,0.8790122903617875,201,42bb588edac5,0.4075279235839844,0.7963795065879822,0.1666666716337204,0.14384099455923594,0.43191163741761623,1,0.7306150778124719,187,02b0fa193387,0.42299318313598633,0.9384779930114746,0.125,0.11157175065711056,0.2677922543596666,1,0.7204799614581124,124,3b11edaeeba4,0.3631319999694824,0.38845932483673096,0.125,0.11157175065711056,0.3592136390403937,1,0.5968942730597916
151,506120811a05,inspect operational processes,22,bab0b2935945,0.6897984147071838,3.4295217990875244,0.25,0.4236488349555293,1.0,1,1.5076351224649116,193,adb21e5e1a03,0.5515835285186768,1.9095821380615234,0.1428571492433548,0.2554127452163465,0.8763887706583177,1,1.1222882266219503,149,c9b79bbec6f3,0.5037223696708679,1.383256196975708,0.1666666716337204,0.14384099455923594,0.7444747392921339,1,0.9528923338138595,202,8747ed85441f,0.43581849336624146,0.6365218758583069,0.1428571492433548,0.2554127452163465,0.8763887706583177,1,0.8037298913176899,85,e9ceea91a9c3,0.48180097341537476,1.1421880722045898,0.20000000298023224,0.0,0.8198084926728855,1,0.9301565367622731,59,da6e8742f6bf,0.47793975472450256,1.0997265577316284,0.1666666716337204,0.14384099455923594,0.7444747392921339,1,0.8822329645835891,44,2d4009710863,0.44973114132881165,0.7895183563232422,0.1428571492433548,0.2554127452163465,0.48649590708393686,1,0.7055517355279527,57,c1933354ef21,0.5294357538223267,1.6660245656967163,0.20000000298023224,0.0,0.5849534120890193,1,0.9777582636829657,100,6002eddcd7d0,0.48931193351745605,1.224785566329956,0.1666666716337204,0.14384099455923594,0.5312009363835419,1,0.8387535007983814,25,79d2ac46742b,0.43717366456985474,0.6514246463775635,0.1666666716337204,0.14384099455923594,0.5312009363835419,1,0.695864403465427
152,fbe465293a7d,monitor activities affecting environmental quality,215,79b70e0eb0dc,0.7064285278320312,3.8736588954925537,0.375,0.09116076173031373,1.0,1,1.5158839238269688,156,ae5e42c6c3d0,0.43172314763069153,1.0632878541946411,0.2857142984867096,0.11157175065711056,0.7979507974751773,1,0.8303878143005019,197,3a46124701c0,0.38529667258262634,0.5883222222328186,0.125,0.11157175065711056,0.4463783381734557,0,0.5621739703722441,23,9a8d83e8b2e2,0.5572947263717651,2.347946882247925,0.1428571492433548,0.2554127452163465,0.46174711532649226,1,1.0065988348340125,45,aa03c0034762,0.3400633633136749,0.12556323409080505,0.125,0.11157175065711056,0.47986165118836627,1,0.5171382905071442,216,f20501abeeb8,0.5267846584320068,2.035813808441162,0.0,0.11157175065711056,0.0,1,0.8058456757052394,128,54e485ae84d0,0.43292680382728577,1.0756019353866577,0.125,0.11157175065711056,0.4193162993235174,1,0.7151138563810414,170,57e3b12b8497,0.3502334952354431,0.2296086847782135,0.1111111119389534,0.0,0.29131926763891103,0,0.4370985260515772,28,ce1178bafa1d,0.3935103416442871,0.6723520755767822,0.20000000298023224,0.1682360897391828,0.8480627652434272,1,0.7609099967039364,149,c9b79bbec6f3,0.3761712908744812,0.4949650764465332,0.125,0.11157175065711056,0.4463783381734557,1,0.5906372252412284
153,8594b6595861,prepare drawings or diagrams of products or services,194,094e12b11051,0.5587859153747559,3.2927372455596924,0.1111111119389534,0.0,0.7130391465576601,1,1.4773414833777387,20,1bd49058235f,0.4640232026576996,1.9137145280838013,0.25,0.0,1.0,1,1.1858704924583436,97,48c561c86be0,0.4978954792022705,2.4066367149353027,0.0,0.09116076173031373,0.0,1,0.9967371774299503,178,78b65ab85b19,0.45305004715919495,1.7540290355682373,0.1111111119389534,0.0,0.41791191366594577,1,0.9579387235993996,185,7b03e0901b8c,0.4524605870246887,1.7454509735107422,0.1111111119389534,0.0,0.41791191366594577,1,0.9556189927811279,133,70f88532846f,0.39973533153533936,0.9781731367111206,0.10000000149011612,0.09116076173031373,0.38547126283342936,1,0.728697324955155,53,a68e486bae8e,0.32060298323631287,-0.1733906865119934,0.2222222238779068,0.09116076173031373,0.9223744292237441,1,0.5996216159856209,182,8729852fc4b8,0.4276164770126343,1.383910059928894,0.10000000149011612,0.09116076173031373,0.38547126283342936,1,0.8386265885469214,142,c71cb5036aef,0.38374990224838257,0.7455471158027649,0.0,0.1682360897391828,0.0,1,0.5313507231083533,101,ae138f31c069,0.3758166432380676,0.630099356174469,0.0,0.0,0.0,1,0.5163650915026665
154,17f9d29c543d,"explain engineering drawings, specifications, or other technical information",194,094e12b11051,0.6866101622581482,3.835563898086548,0.3333333432674408,0.1682360897391828,1.0,1,1.5165097164121293,12,9251af4a3821,0.43184083700180054,1.224531650543213,0.3333333432674408,0.1682360897391828,0.9201694886820736,1,0.8964492766395259,10,365ec2897755,0.4839181900024414,1.7582523822784424,0.09090909361839294,0.1682360897391828,0.35485309920189656,1,0.8479551277219004,4,9fc64a999e12,0.37840795516967773,0.6769186854362488,0.1666666716337204,0.0,0.4838725028601516,1,0.6486489675301841,63,50171927f859,0.5232604742050171,2.1614561080932617,0.07692307978868484,0.0,0.2825368090927238,1,0.9366769821008913,97,48c561c86be0,0.3777519762516022,0.6701958179473877,0.0,0.07707532800886907,0.0,1,0.48223733051851003,68,7a9450b42a26,0.5339081287384033,2.2705798149108887,0.10000000149011612,0.27980784039629336,0.2568390471843944,1,0.9223982827344035,84,c6940290ea74,0.515446662902832,2.0813753604888916,0.20000000298023224,0.1682360897391828,0.565316389480177,1,0.9838688844127778,141,dbc0d59bd942,0.4015195369720459,0.9137803912162781,0.09090909361839294,0.1682360897391828,0.35485309920189656,1,0.6482563219128794,145,7809c19536e4,0.35950925946235657,0.4832332730293274,0.07692307978868484,0.0,0.20133569376742783,0,0.4604548795816956
155,f6d7dbe3f71e,design structures or facilities,83,4ffdd533affb,0.678199827671051,3.9639832973480225,0.0,0.14384099455923594,0.0,1,1.2356159035243086,165,72ea80489538,0.30258482694625854,-0.3463945686817169,0.1666666716337204,0.14384099455923594,1.0,1,0.589405803395062,127,3d77dabe7560,0.37813711166381836,0.5206072330474854,0.1666666716337204,0.14384099455923594,0.5516166948607367,1,0.6261474496169164,146,284cc33eb902,0.514004111289978,2.079751968383789,0.1666666716337204,0.14384099455923594,0.5516166948607367,1,0.9744380644006803,197,3a46124701c0,0.3988931179046631,0.7587932348251343,0.1666666716337204,0.14384099455923594,0.9394410575141467,0,0.7650933069513219,144,7a053b14e6ec,0.4889896512031555,1.7926979064941406,0.1666666716337204,0.14384099455923594,0.5516166948607367,1,0.9103142923159673,128,54e485ae84d0,0.38299936056137085,0.5764040946960449,0.1666666716337204,0.14384099455923594,0.5516166948607367,1,0.6386116823597028,134,469df54e4928,0.4645594358444214,1.5123484134674072,0.09090909361839294,0.5493060332229684,0.6436910949633968,1,0.8474068293671969,62,c6d9ce80244c,0.4104555547237396,0.8914782404899597,0.1111111119389534,0.4236488349555293,0.43241139215778096,1,0.6438665099896433,29,ef7349785e11,0.44773393869400024,1.3192671537399292,0.1666666716337204,0.14384099455923594,0.5516166948607367,1,0.8045566311521604
156,ae5e42c6c3d0,direct quality control activities,42,853f8faf3522,0.4381083846092224,2.457726240158081,0.2857142984867096,0.11157175065711056,0.9468283303491641,1,1.4776147698514641,65,8da0e9e0dffc,0.44496721029281616,2.574050188064575,0.2857142984867096,0.11157175065711056,0.8316831683168318,1,1.4727890830885348,152,fbe465293a7d,0.43172314763069153,2.3494343757629395,0.2857142984867096,0.11157175065711056,0.8681104963851355,1,1.4170379204973562,102,f2c8cd5b27ab,0.3426875174045563,0.839413046836853,0.125,0.11157175065711056,0.5220534117233991,0,0.8026737890946801,32,85a88cfd39f0,0.37663233280181885,1.415108323097229,0.25,0.2027325123874243,0.7671232876712328,1,1.0925704043213722,149,c9b79bbec6f3,0.40682095289230347,1.927099585533142,0.0,0.0,0.0,1,1.0428356260061264,64,445ae625480e,0.3252737820148468,0.5440805554389954,0.4000000059604645,0.14384099455923594,1.0,1,0.8989210765935474,25,79d2ac46742b,0.4010823369026184,1.8297741413116455,0.3333333432674408,0.0,0.9081081081081083,0,1.22608205278983,146,284cc33eb902,0.3387988805770874,0.7734627723693848,0.3333333432674408,0.0,0.9081081081081083,0,0.9066251253115165,150,3ffc9e8eaffb,0.34384265542030334,0.8590038418769836,0.1428571492433548,0.0,0.5700258873952792,0,0.8348270567326425
157,018f6a0e7f9a,research human performance or health factors related to engineering or design activities,141,dbc0d59bd942,0.455349862575531,2.7212164402008057,0.1666666716337204,0.29389328800662196,0.8573448359993946,1,1.4873480354328463,107,750257b28f11,0.3200111389160156,0.34930938482284546,0.1818181872367859,0.4054650386637325,1.0,1,0.8321981770747316,160,56c85bc2a8f3,0.4498257637023926,2.6244027614593506,0.0833333358168602,0.4054650386637325,0.406423245157982,1,1.3063575802202085,146,284cc33eb902,0.4078776240348816,1.88923180103302,0.1818181872367859,0.4054650386637325,0.7090570313402609,1,1.1789184145020863,2,771b010da2fa,0.40363287925720215,1.8148396015167236,0.125,0.0,0.6235237817114474,1,1.1766446923266907,6,75e527217c38,0.3477141857147217,0.8348249197006226,0.1538461595773697,0.20273252627630822,0.7907929537528662,1,0.9236231985914777,209,2ac9980eb5e6,0.41883179545402527,2.0812113285064697,0.1538461595773697,0.20273252627630822,0.6456849531874768,1,1.2376296601471506,10,365ec2897755,0.4137447774410248,1.9920578002929688,0.07692307978868484,0.29389328800662196,0.48512552731510405,1,1.1588007180824316,5,abdac161e57b,0.3432080149650574,0.7558510899543762,0.0833333358168602,0.4054650386637325,0.3579281318585446,1,0.7358976006402118,39,202cbfb3aef7,0.3299163579940796,0.5229053497314453,0.09090909361839294,0.5493060332229684,0.6079447420729764,1,0.7393366495901003
158,16ac0e74dbe1,analyze test or validation data,56,269bfa3db5c6,0.5040990710258484,2.558023691177368,0.125,0.11157175065711056,0.7538405741252783,1,1.477687022897904,207,7663c229a426,0.4579407572746277,2.0290021896362305,0.1666666716337204,0.14384099455923594,0.5656932803346533,1,1.2420961159667698,119,b729f6985724,0.4210990369319916,1.6067585945129395,0.2857142984867096,0.11157175065711056,1.0,1,1.2530733310564013,220,7cd42be784e2,0.3757706880569458,1.0872493982315063,0.125,0.11157175065711056,0.5482114908685305,1,0.962809324119504,22,bab0b2935945,0.43605056405067444,1.778118371963501,0.2222222238779068,0.27980784039629336,0.8559322033898303,1,1.2461777077607676,165,72ea80489538,0.41964006423950195,1.590037226676941,0.1428571492433548,0.0,0.5985876819213144,1,1.140321775799192,172,2c5271f1a3e4,0.4522140622138977,1.963368535041809,0.25,0.2027325123874243,0.922374429223744,1,1.3272940126736499,150,3ffc9e8eaffb,0.38842639327049255,1.2322967052459717,0.1428571492433548,0.0,0.5985876819213144,1,1.0329196373871932,82,68d8248a643f,0.3687928318977356,1.0072760581970215,0.10000000149011612,0.27980784039629336,0.4026969114246684,1,0.8739853257086498,66,196087c93944,0.40080589056015015,1.374178409576416,0.09090909361839294,0.3465735277799843,0.43770245515985445,1,0.9917860286436581
159,3319e1abdfb1,analyze green technology design requirements,148,253c9a1feb09,0.7586157321929932,4.507278919219971,0.25,0.0,0.8114616410560253,1,1.4840115803300733,63,50171927f859,0.42924582958221436,1.0796598196029663,0.3333333432674408,0.1682360897391828,1.0,1,0.8371596457567831,96,1cbedefabffc,0.3480468988418579,0.23465554416179657,0.10000000149011612,0.09116076173031373,0.35003823638671866,0,0.4116989362844385,14,ccf9fc39d00f,0.29237595200538635,-0.34468942880630493,0.10000000149011612,0.09116076173031373,0.4414095573442321,1,0.37412528979972587,147,a2140782858a,0.31352677941322327,-0.12458133697509766,0.1111111119389534,0.0,0.3102620454105038,1,0.3823390773450637,71,1cb040da80f9,0.4812045097351074,1.6203727722167969,0.0,0.1682360897391828,0.0,1,0.6273372607436797,128,54e485ae84d0,0.502386212348938,1.8408021926879883,0.125,0.11157175065711056,0.33877261174552303,1,0.7844908408952549,72,91e3b64a6f04,0.5055705308914185,1.873940110206604,0.09090909361839294,0.1682360897391828,0.4289928742389634,1,0.8208890851195936,2,771b010da2fa,0.35881397128105164,0.3467040956020355,0.07692307978868484,0.29389328800662196,0.23212197471452503,0,0.3745345323063441,176,62eda05f366c,0.5054537057876587,1.8727242946624756,0.125,0.11157175065711056,0.5472557747048398,1,0.8640194688908699
160,56c85bc2a8f3,assist engineers or scientists with research,183,ff9c96c6d776,0.5498590469360352,3.668363094329834,0.25,0.2027325123874243,1.0,1,1.5297267547217221,26,a86fc9314475,0.3320372700691223,0.9196760058403015,0.0,0.0,0.0,1,0.5582531124353409,157,018f6a0e7f9a,0.4498257637023926,2.40604567527771,0.0833333358168602,0.4054650386637325,0.29754771080449144,1,0.9836603475603098,12,9251af4a3821,0.45177483558654785,2.4306411743164062,0.0,0.11157175065711056,0.0,1,0.9273521729691477,126,ebdb003908ef,0.35881829261779785,1.2576249837875366,0.125,0.11157175065711056,0.3977122867188747,1,0.7589844952833965,210,39fb30c0c188,0.2667732238769531,0.09611077606678009,0.0,0.2027325123874243,0.0,1,0.3307177363303513,205,45b6fa08d56b,0.274833083152771,0.19781792163848877,0.1666666716337204,0.14384099455923594,0.47820167807864694,1,0.5205016822876489,59,da6e8742f6bf,0.31839531660079956,0.7475285530090332,0.1428571492433548,0.0,0.4342588211741226,0,0.6058505424833458,208,c1c0caaa937b,0.21039196848869324,-0.6153627634048462,0.1428571492433548,0.0,0.4342588211741226,1,0.32102565631033597,111,059770361813,0.2744603753089905,0.1931147277355194,0.0,0.11157175065711056,0.0,1,0.3642462433262319
161,f1f35b083d3a,assemble mechanical components or machine parts,135,4055e1544ee0,0.8153808116912842,4.780397415161133,0.3333333432674408,0.2554127452163465,1.0,1,1.507792050864413,147,a2140782858a,0.3561573326587677,0.7531543374061584,0.1111111119389534,0.0,0.3757804037013495,1,0.5186593205042278,63,50171927f859,0.4059576392173767,1.1898871660232544,0.09090909361839294,0.1682360897391828,0.3216425489308161,0,0.5255198082158589,133,70f88532846f,0.5868893265724182,2.7766001224517822,0.2222222238779068,0.09116076173031373,0.7671232876712327,1,1.0545543807467368,59,da6e8742f6bf,0.2940511405467987,0.2085029035806656,0.0,0.11157175065711056,0.0,0,0.21650514983968444,132,22f88df4c22c,0.377722829580307,0.9422768354415894,0.0,0.2554127452163465,0.0,1,0.40817801329107517,125,12a1310a48ad,0.4572627544403076,1.6398165225982666,0.1111111119389534,0.0,0.3757804037013495,1,0.7037400797315037,101,ae138f31c069,0.3042674958705902,0.29809707403182983,0.0,0.0,0.0,0,0.2467169538140297,60,90e3d91fbf4d,0.38856714963912964,1.0373780727386475,0.10000000149011612,0.09116076173031373,0.3466102353775004,1,0.5594102313417977,73,a40c650a049f,0.3197835087776184,0.4341675341129303,0.0,0.1682360897391828,0.0,0,0.25883243178397625
162,957f012e4031,fabricate devices or components,133,70f88532846f,0.7301923036575317,4.785272121429443,0.2857142984867096,0.3465735069466602,1.0,1,1.508199798548689,5,abdac161e57b,0.4687243700027466,1.8899770975112915,0.1666666716337204,0.14384099455923594,0.6489133365849326,1,0.840389252070822,147,a2140782858a,0.3284904360771179,0.3371342420578003,0.1428571492433548,0.2554127452163465,0.4898565976821165,1,0.4587233060511069,138,ef5aeb4ce41e,0.3456703722476959,0.5273716449737549,0.0,0.0,0.0,1,0.35903217941522597,131,c3b47654a283,0.3700965940952301,0.7978488802909851,0.0,0.14384099455923594,0.0,1,0.401245551196485,177,ff18586218d4,0.3449578881263733,0.5194821357727051,0.0,0.14384099455923594,0.0,1,0.34299719893708747,135,4055e1544ee0,0.522490382194519,2.4853405952453613,0.20000000298023224,0.0,0.5889942424511162,1,0.9509282228306271,70,d5bb4574fc4d,0.4193177819252014,1.3428865671157837,0.0,0.2554127452163465,0.0,1,0.504137795891478,139,80c1c070d6f0,0.5126038789749146,2.3758652210235596,0.0,0.2554127452163465,0.0,1,0.7202891227862381,130,cbb58925807f,0.3186642825603485,0.2283269464969635,0.0,0.0,0.0,1,0.29645692110061644
163,3ac212a9f7c3,collaborate with others to develop or refine designs,3,33b4e36b0d81,0.516059398651123,2.534848928451538,0.09090909361839294,0.1682360897391828,0.674839876688682,1,1.317934379587282,104,985eed507e3a,0.47959524393081665,2.1041243076324463,0.10000000149011612,0.09116076173031373,0.7272247072992187,1,1.217092679094441,183,ff9c96c6d776,0.4076195955276489,1.2539280652999878,0.10000000149011612,0.09116076173031373,1.0,1,1.065295280276096,111,059770361813,0.28525280952453613,-0.19150221347808838,0.1111111119389534,0.0,0.8532541591699304,1,0.6021869482667629,146,284cc33eb902,0.5547876954078674,2.9923181533813477,0.0,0.11157175065711056,0.0,1,1.2388428279145212,10,365ec2897755,0.41140133142471313,1.2985988855361938,0.1111111119389534,0.0,0.7884267866263809,1,1.012058195459595,102,f2c8cd5b27ab,0.4062011241912842,1.2371726036071777,0.1111111119389534,0.0,0.7884267866263809,0,0.944226780521622,133,70f88532846f,0.34890198707580566,0.5603394508361816,0.0,0.09116076173031373,0.0,0,0.47158556407526725,29,ef7349785e11,0.48850834369659424,2.2094082832336426,0.0,0.11157175065711056,0.0,1,1.0072840728743524,48,23ca56c5d573,0.3322611451148987,0.3637731969356537,0.125,0.11157175065711056,0.6858591456128805,0,0.6426540091637203
164,0c9fad019eee,schedule operational activities,25,79d2ac46742b,0.5733168721199036,2.9973301887512207,0.4000000059604645,0.14384099455923594,1.0,1,1.505615905312448,36,e5bfe7745119,0.5154059529304504,2.2893223762512207,0.2857142984867096,0.3465735069466602,0.8447488584474884,1,1.2631480165590208,35,e19513a85bed,0.4718421995639801,1.7567200660705566,0.20000000298023224,0.0,0.5258859048075469,1,1.054868119699304,0,d52ebdd6c51c,0.474523663520813,1.7895032167434692,0.1428571492433548,0.2554127452163465,0.43737045548350434,1,1.0154846582840702,109,d052bd1e246e,0.3460904359817505,0.21930280327796936,0.1666666716337204,0.14384099455923594,0.5224387459044979,1,0.6212378127482888,44,2d4009710863,0.4618549942970276,1.6346184015274048,0.1428571492433548,0.2554127452163465,0.43737045548350434,1,0.9727207694481633,197,3a46124701c0,0.428932785987854,1.232117772102356,0.1666666716337204,0.14384099455923594,0.47756125409550215,1,0.8840332145142187,81,e9ce432833f3,0.44081372022628784,1.3773717880249023,0.1428571492433548,0.2554127452163465,0.43737045548350434,1,0.9016947273443959,46,f64f2eefbcb7,0.47159022092819214,1.7536394596099854,0.0,0.2554127452163465,0.0,1,0.8726991755029702,174,003763627ff4,0.3777332603931427,0.6061620116233826,0.2857142984867096,0.3465735069466602,0.8447488584474884,1,0.8097603798676888
165,72ea80489538,test characteristics of materials or structures,190,c2a2570c95d4,0.639043390750885,3.6010677814483643,0.2857142984867096,0.11157175065711056,1.0,1,1.5316999741776438,218,2f93e8f923e8,0.2986730933189392,0.21862424910068512,0.125,0.11157175065711056,0.5765405571588833,1,0.562747363003968,155,f6d7dbe3f71e,0.30258482694625854,0.25749725103378296,0.1666666716337204,0.14384099455923594,0.7779514394797229,0,0.5874620713081521,19,9d76ae41867e,0.45201388001441956,1.7424544095993042,0.1428571492433548,0.0,0.6295199597086185,1,0.9745348539423929,158,16ac0e74dbe1,0.41964006423950195,1.4207383394241333,0.1428571492433548,0.0,0.5554132385642002,1,0.8677231851475175,124,3b11edaeeba4,0.44646263122558594,1.687288761138916,0.125,0.11157175065711056,0.5086705402691932,1,0.9093172415136865,201,42bb588edac5,0.36067140102386475,0.8347349166870117,0.1666666716337204,0.14384099455923594,0.6116157686570062,1,0.7237630475986068,66,196087c93944,0.518557071685791,2.4037301540374756,0.09090909361839294,0.3465735277799843,0.4061322100173006,1,1.035646014849036,181,49ccfbfcfc0a,0.35479408502578735,0.7763288617134094,0.0,0.0,0.0,1,0.5225863486528397,130,cbb58925807f,0.3562943935394287,0.7912382483482361,0.1666666716337204,0.14384099455923594,0.5907651837239462,1,0.7055754327105405
166,505ab84c8d87,implement transportation changes to reduce environmental impact,92,3f67b920ee49,0.628722071647644,3.904383897781372,0.3333333432674408,0.0,1.0,1,1.5333333253860475,47,8f3ed6033a9e,0.29746854305267334,0.5831077098846436,0.2222222238779068,0.09116076173031373,0.7691159827689665,0,0.6423295057512003,147,a2140782858a,0.3433224558830261,1.0428568124771118,0.0,0.09116076173031373,0.0,1,0.5490025681836962,120,a04637eaf44a,0.3061182498931885,0.6698330044746399,0.1111111119389534,0.2027325123874243,0.4330069750025249,0,0.5414659985684596,128,54e485ae84d0,0.3585411310195923,1.1954450607299805,0.1111111119389534,0.2027325123874243,0.30888436740178404,1,0.6727560608248968,176,62eda05f366c,0.3800666332244873,1.4112681150436401,0.0,0.2027325123874243,0.0,1,0.6269226646390766,105,8bb47fa10a52,0.45478662848472595,2.1604397296905518,0.25,0.2027325123874243,0.7156688979091578,1,1.026116403913004,168,ab35d13698b5,0.2506875991821289,0.11406385153532028,0.09090909361839294,0.0,0.3657821478331831,1,0.4572757369935176,81,e9ce432833f3,0.2828250229358673,0.4362860918045044,0.0,0.09116076173031373,0.0,0,0.3523413797302603,94,832ecabbf00a,0.28937828540802,0.5019916296005249,0.0,0.09116076173031373,0.0,0,0.3682281745059847
167,00c6f12023ab,document organizational or operational procedures,124,3b11edaeeba4,0.5840193033218384,2.5740673542022705,0.2857142984867096,0.11157175065711056,0.9878235316999082,1,1.5274382102726116,115,830e9df61ddd,0.5224047303199768,1.7979525327682495,0.3333333432674408,0.0,1.0,1,1.3090137630701066,11,810124c49b5c,0.5118715167045593,1.6652731895446777,0.1428571492433548,0.11157175065711056,0.32691921004529784,1,1.053196247487695,0,d52ebdd6c51c,0.48435288667678833,1.3186405897140503,0.2857142984867096,0.11157175065711056,0.8288004884800458,1,1.1058764919412187,48,23ca56c5d573,0.5098339319229126,1.6396071910858154,0.3333333432674408,0.0,1.0,1,1.2632473945617677,37,78a6d412d86e,0.5430796146392822,2.0583794116973877,0.25,0.2027325123874243,0.8447488584474884,1,1.324148282845007,68,7a9450b42a26,0.4745427966117859,1.1950699090957642,0.1428571492433548,0.0,0.7216360701309799,1,1.062033923130781,140,f07eaef01260,0.47640252113342285,1.218495488166809,0.1428571492433548,0.0,0.3569604347521631,1,0.9413956916959185,30,c6a87cc5d35e,0.5098080635070801,1.6392813920974731,0.1666666716337204,0.14384099455923594,0.39308143112589383,1,1.061734505469702,1,06d678da6c8d,0.44251391291618347,0.7916248440742493,0.0,0.14384099455923594,0.0,1,0.6901341993488365
168,ab35d13698b5,"negotiate contracts for transportation, distribution, or logistics services",53,a68e486bae8e,0.5826201438903809,3.6676414012908936,0.20000000298023224,0.0,1.0,1,1.5600000113248826,92,3f67b920ee49,0.3807288110256195,1.6287659406661987,0.09090909361839294,0.0,0.4905919307841991,1,0.8767809749673752,123,05f356a221b7,0.46267271041870117,2.4563071727752686,0.125,0.3465735069466602,0.7176881431410969,1,1.1303902769535081,33,2be03b534579,0.2717812657356262,0.5285182595252991,0.10000000149011612,0.09116076173031373,0.4872692670905731,0,0.5316819984568169,88,d1809a4492b8,0.3430088460445404,1.247836709022522,0.1111111119389534,0.2027325123874243,0.5320453619043015,1,0.7707000938301488,169,2d10ff099811,0.22572284936904907,0.06338005512952805,0.0,0.09116076173031373,0.0,1,0.295395824073112,17,e1dbddbff402,0.3287844955921173,1.104186773300171,0.1111111119389534,0.2027325123874243,0.7045809296176904,1,0.7941023761589663,142,c71cb5036aef,0.46421974897384644,2.471930503845215,0.0,0.07707532800886907,0.0,1,0.9286275122983716,80,4e4d6d43dbf9,0.44686219096183777,2.2966387271881104,0.1111111119389534,0.2027325123874243,0.5807547721175116,1,1.057780457981917,93,4b8b2b6692c3,0.23839351534843445,0.19133952260017395,0.0,0.2027325123874243,0.0,0,0.2678056342867226
169,2d10ff099811,coordinate with external parties to exchange information,122,4e4a52d4b158,0.5338200330734253,3.56251859664917,0.125,0.11157175065711056,1.0,1,1.5638428219540568,110,d9dbdf9d5d1a,0.3604152202606201,1.797737956047058,0.125,0.11157175065711056,0.9394410575141467,1,1.0799428241483506,4,9fc64a999e12,0.3871321678161621,2.0696425437927246,0.09090909361839294,0.1682360897391828,0.5952811483117647,1,1.0296574753778645,28,ce1178bafa1d,0.36644530296325684,1.859107494354248,0.09090909361839294,0.1682360897391828,0.7838983050847458,1,1.0401534002184432,113,322cdff981bb,0.2669181227684021,0.8461966514587402,0.10000000149011612,0.09116076173031373,0.6414901872218104,1,0.7301876975588717,86,19ea31d71f7c,0.21254563331604004,0.29283541440963745,0.1111111119389534,0.0,0.6954769851563192,0,0.5618961512177423,199,0d99df7b9f80,0.4393916130065918,2.60149884223938,0.10000000149011612,0.09116076173031373,0.6414901872218104,1,1.1923653914027132,142,c71cb5036aef,0.46204227209091187,2.832019805908203,0.09090909361839294,0.1682360897391828,0.7364262527123608,1,1.2801043115129525,67,3574e4789085,0.19359737634658813,0.09999466687440872,0.1111111119389534,0.0,0.8603791863372136,0,0.5689318505155616,117,f2f5eb941075,0.3199699819087982,1.3861175775527954,0.0,0.23500177712287373,0.0,1,0.6437324802567106
170,57e3b12b8497,develop procedures to evaluate organizational activities,48,23ca56c5d573,0.6459232568740845,3.4159324169158936,0.5,0.11157175065711056,1.0,1,1.4888428264244051,22,bab0b2935945,0.4946895241737366,1.3621585369110107,0.09090909361839294,0.1682360897391828,0.27008741909901235,1,0.7687049563248375,39,202cbfb3aef7,0.5089532136917114,1.5558613538742065,0.1428571492433548,0.2554127452163465,0.3794085173057554,1,0.8431739045329498,37,78a6d412d86e,0.6206849813461304,3.073193311691284,0.2222222238779068,0.09116076173031373,0.5817829998761417,1,1.3118156844312012,195,6b483cafcca2,0.47276461124420166,1.0644153356552124,0.125,0.11157175065711056,0.344543950850632,1,0.7187807776744846,174,003763627ff4,0.4401129186153412,0.6210010647773743,0.2222222238779068,0.09116076173031373,0.518242162994734,1,0.6581904281125696,38,a3c08ed1a115,0.4431825280189514,0.6626867651939392,0.2222222238779068,0.09116076173031373,0.4901549124000219,1,0.6590930179984145,167,00c6f12023ab,0.49004945158958435,1.2991456985473633,0.2857142984867096,0.11157175065711056,0.6887052809344597,1,0.8837097289845403,171,02b5b4014078,0.5178458094596863,1.6766239404678345,0.2857142984867096,0.11157175065711056,0.6225894381310805,1,0.9566935573797269,119,b729f6985724,0.42412906885147095,0.40393832325935364,0.0,0.0,0.0,1,0.444649438560009
171,02b5b4014078,develop organizational goals or objectives,48,23ca56c5d573,0.6177056431770325,3.6273434162139893,0.3333333432674408,0.0,1.0,1,1.5333333253860475,175,825fff3275ff,0.48087236285209656,1.964660406112671,0.2857142984867096,0.11157175065711056,0.9158415841584159,1,1.0973770136651708,38,a3c08ed1a115,0.44152992963790894,1.4866042137145996,0.1111111119389534,0.2027325123874243,0.42237442922374424,1,0.8181322691519597,172,2c5271f1a3e4,0.39395421743392944,0.9085041880607605,0.0,0.2027325123874243,0.0,1,0.5345802506771893,93,4b8b2b6692c3,0.44837984442710876,1.5698386430740356,0.1428571492433548,0.0,0.5,1,0.8828957587480546,199,0d99df7b9f80,0.37162452936172485,0.6371725797653198,0.1111111119389534,0.2027325123874243,0.42237442922374424,1,0.6049734530527928,170,57e3b12b8497,0.5178458094596863,2.413930654525757,0.2857142984867096,0.11157175065711056,0.9158415841584159,1,1.2067754457411481,33,2be03b534579,0.3483176529407501,0.35396701097488403,0.125,0.11157175065711056,0.45792079207920794,1,0.5546218799253785,47,8f3ed6033a9e,0.4447592794895172,1.5258445739746094,0.125,0.11157175065711056,0.45792079207920794,1,0.848002654482969,46,f64f2eefbcb7,0.5242066383361816,2.4912221431732178,0.125,0.11157175065711056,0.45792079207920794,1,1.0896859066387496
172,2c5271f1a3e4,analyze data to assess operational or project effectiveness,36,e5bfe7745119,0.6978529691696167,3.6868326663970947,0.3333333432674408,0.0,0.9268026340854962,1,1.507714247315971,89,b03b706832f2,0.5605881810188293,2.0942063331604004,0.20000000298023224,0.0,1.0,1,1.1838773503899576,158,16ac0e74dbe1,0.4522140622138977,0.8367862105369568,0.25,0.2027325123874243,0.8157588680670981,1,0.7979635248579009,174,003763627ff4,0.5470623970031738,1.9372721910476685,0.09090909361839294,0.0,0.23769126151739992,1,0.8940536288932841,220,7cd42be784e2,0.44458073377609253,0.748219907283783,0.10000000149011612,0.09116076173031373,0.257694981546092,1,0.6051141738654839,145,7809c19536e4,0.4993579387664795,1.383777141571045,0.0833333358168602,0.07707532800886907,0.33861475800588525,1,0.7892992874932766,143,fd635c6ca5be,0.40828052163124084,0.3270435631275177,0.20000000298023224,0.0,0.6025911833867558,1,0.6274422872174577,81,e9ce432833f3,0.45659399032592773,0.8876047134399414,0.10000000149011612,0.09116076173031373,0.257694981546092,1,0.6385995194079149,170,57e3b12b8497,0.5211590528488159,1.6367263793945312,0.0,0.09116076173031373,0.0,1,0.7400252399428249,118,eb485b5cf6a6,0.3348415493965149,-0.5250384211540222,0.2857142984867096,0.3465735069466602,0.7855206497720207,1,0.4531353726951943
173,49c0d2367c5d,"manage operations, research, or logistics projects",33,2be03b534579,0.5708609223365784,3.2946548461914062,0.25,0.0,1.0,1,1.5500000059604646,92,3f67b920ee49,0.42310696840286255,1.2806644439697266,0.10000000149011612,0.09116076173031373,0.5128838586809531,1,0.8423933204396927,59,da6e8742f6bf,0.5606433153152466,3.155381679534912,0.2857142984867096,0.11157175065711056,0.9829890968210143,1,1.4883734944478646,192,8562bf3caec4,0.47582924365997314,1.9993062019348145,0.1111111119389534,0.0,0.5560473517382611,1,1.064178449464993,73,a40c650a049f,0.4766451120376587,2.0104269981384277,0.20000000298023224,0.1682360897391828,0.8559322033898304,1,1.1429727472969609,42,853f8faf3522,0.40869686007499695,1.0842444896697998,0.1111111119389534,0.0,0.5560473517382611,1,0.8111272429954574,80,4e4d6d43dbf9,0.4741879403591156,1.9769340753555298,0.125,0.11157175065711056,0.6071435948709663,1,1.0627998826462683,168,ab35d13698b5,0.38345181941986084,0.7401368021965027,0.10000000149011612,0.09116076173031373,0.5128838586809531,1,0.6926337149127686,89,b03b706832f2,0.3347987234592438,0.07696085423231125,0.10000000149011612,0.09116076173031373,0.4525074710723137,0,0.43776119576695466,160,56c85bc2a8f3,0.3287879228591919,-0.0049705891869962215,0.125,0.11157175065711056,0.426768211225537,1,0.4528850101265497
174,003763627ff4,evaluate environmental impact of operational or development activities,215,79b70e0eb0dc,0.775057852268219,3.7170283794403076,0.3333333432674408,0.0,0.8973902048422785,1,1.4974198970808448,81,e9ce432833f3,0.42755529284477234,0.594894289970398,0.10000000149011612,0.09116076173031373,0.22859070324753233,1,0.5355485607602664,92,3f67b920ee49,0.5633051991462708,1.8145382404327393,0.3333333432674408,0.0,1.0,1,1.085411609709263,170,57e3b12b8497,0.4401129186153412,0.7077181935310364,0.2222222238779068,0.09116076173031373,0.5704402984620006,1,0.6736900780685608,96,1cbedefabffc,0.43771857023239136,0.6862061619758606,0.09090909361839294,0.0,0.30406400135756256,1,0.5941373646265293,105,8bb47fa10a52,0.7254179120063782,3.27103853225708,0.25,0.2027325123874243,0.833976104568406,1,1.3650705588316505,71,1cb040da80f9,0.5775723457336426,1.9427213668823242,0.1818181872367859,0.07707532800886907,0.5563747328480981,1,0.9717480484753627,36,e5bfe7745119,0.4820018410682678,1.0840688943862915,0.20000000298023224,0.0,0.44150612644055115,1,0.7300379545698019,25,79d2ac46742b,0.4423999786376953,0.7282662391662598,0.25,0.2027325123874243,0.5226477929215174,1,0.648632045374155,8,04d0abdf0b41,0.4510841369628906,0.80628901720047,0.06666667014360428,0.25541277854966626,0.16088962388850708,1,0.54988354472869
175,825fff3275ff,develop sustainable organizational policies or practices,94,832ecabbf00a,0.7727329730987549,4.00897741317749,0.4285714328289032,0.0,1.0,1,1.514285707473755,115,830e9df61ddd,0.49213844537734985,1.4201545715332031,0.2857142984867096,0.11157175065711056,0.6314759749430577,1,0.828255135096511,96,1cbedefabffc,0.5253839492797852,1.726884365081787,0.10000000149011612,0.09116076173031373,0.21338777461175856,1,0.7727138487231658,171,02b5b4014078,0.48087236285209656,1.3162113428115845,0.2857142984867096,0.11157175065711056,0.5052099744862176,1,0.7609969820100766,176,62eda05f366c,0.4584028124809265,1.1089025735855103,0.0,0.11157175065711056,0.0,1,0.5631380134208651,92,3f67b920ee49,0.39862260222435,0.5573580861091614,0.0,0.09116076173031373,0.0,1,0.43667161738709204,128,54e485ae84d0,0.41768699884414673,0.7332501411437988,0.0,0.11157175065711056,0.0,1,0.475612600980565,8,04d0abdf0b41,0.5563905239105225,2.0129575729370117,0.0714285746216774,0.34657354027998,0.16282899874555795,1,0.7985195478522833,71,1cb040da80f9,0.3996986150741577,0.5672855973243713,0.0,0.1682360897391828,0.0,0,0.38127714713484256,48,23ca56c5d573,0.5064220428466797,1.5519379377365112,0.2857142984867096,0.11157175065711056,0.5052099744862176,1,0.8133048559743863
176,62eda05f366c,identify opportunities for green initiatives,72,91e3b64a6f04,0.5629662275314331,2.8845648765563965,0.10000000149011612,0.27980784039629336,0.36649680709708327,1,1.330293090695746,81,e9ce432833f3,0.32907623052597046,0.6716622114181519,0.2857142984867096,0.11157175065711056,1.0,0,0.8372818686945886,212,0cf60304ef43,0.2948002219200134,0.34736672043800354,0.0,0.14384099455923594,0.0,1,0.45981709101572554,148,253c9a1feb09,0.5510451197624207,2.771775722503662,0.125,0.11157175065711056,0.4281843884896617,1,1.3299382868232958,166,505ab84c8d87,0.3800666332244873,1.154097557067871,0.0,0.2027325123874243,0.0,1,0.7006019404497952,26,a86fc9314475,0.2764626145362854,0.17386917769908905,0.0,0.0,0.0,1,0.4211508885025978,175,825fff3275ff,0.4584028124809265,1.8952593803405762,0.0,0.11157175065711056,0.0,1,0.9363430120928736,105,8bb47fa10a52,0.40971362590789795,1.4345965385437012,0.0,0.0,0.0,1,0.806643369793892,69,636981831618,0.2718532383441925,0.1302585005760193,0.125,0.11157175065711056,0.4805198872670078,1,0.5573863375671945,8,04d0abdf0b41,0.5554087162017822,2.813060998916626,0.07692307978868484,0.45814529093709055,0.3013701967766957,1,1.2726970201734515
177,ff18586218d4,estimate cost or material requirements,88,d1809a4492b8,0.6527293920516968,3.037855386734009,0.1428571492433548,0.0,0.4540540540540541,1,1.3803474950307124,130,cbb58925807f,0.43538182973861694,1.2037456035614014,0.0,0.14384099455923594,0.0,1,0.6876044068612152,14,ccf9fc39d00f,0.46887171268463135,1.4863533973693848,0.25,0.2027325123874243,0.7671232876712328,1,1.0039639722411033,106,48548f20bc23,0.5325772166252136,2.0239388942718506,0.4000000059604645,0.14384099455923594,1.0,1,1.2228654403366142,159,3319e1abdfb1,0.36299532651901245,0.5929046869277954,0.125,0.11157175065711056,0.4158415841584159,1,0.6440826813397125,101,ae138f31c069,0.5058359503746033,1.798279881477356,0.0,0.11157175065711056,0.0,1,0.8684715309126826,104,985eed507e3a,0.4629579782485962,1.4364497661590576,0.0,0.2027325123874243,0.0,1,0.7512446245518536,45,aa03c0034762,0.4465073347091675,1.2976293563842773,0.0,0.0,0.0,1,0.730039905011654,13,f7e80a0049c6,0.6209205389022827,2.76943302154541,0.1666666716337204,0.14384099455923594,0.5,1,1.2993088338650756,162,957f012e4031,0.3449578881263733,0.4406938850879669,0.0,0.14384099455923594,0.0,1,0.4596130643166594
178,78b65ab85b19,manage inventories of products or organizational resources,139,80c1c070d6f0,0.6504039764404297,4.4120283126831055,0.25,0.0,0.8765470118561296,1,1.5067914601101098,109,d052bd1e246e,0.42384347319602966,1.2152055501937866,0.2857142984867096,0.11157175065711056,1.0,1,0.8715425581617804,180,893bb3cbc01a,0.43397951126098633,1.3582274913787842,0.25,0.0,0.7554900492354665,1,0.8298573320898962,192,8562bf3caec4,0.41201937198638916,1.0483646392822266,0.25,0.0,0.9158415841584158,1,0.8215924704207642,167,00c6f12023ab,0.3434752821922302,0.08119107782840729,0.125,0.11157175065711056,0.35957771480828266,0,0.3702056309888652,153,8594b6595861,0.45305004715919495,1.6273173093795776,0.1111111119389534,0.0,0.30815157942353266,1,0.7430051051411282,42,853f8faf3522,0.47177696228027344,1.8915585279464722,0.1111111119389534,0.0,0.4685031143464819,1,0.855362435050146,49,824d3015533f,0.46622538566589355,1.8132244348526,0.1111111119389534,0.0,0.30815157942353266,1,0.7825687609943996,33,2be03b534579,0.3690599799156189,0.4421972930431366,0.1111111119389534,0.0,0.3293162239580807,1,0.49820252717001334,87,bd28ef3a0af3,0.37063702940940857,0.46444982290267944,0.125,0.11157175065711056,0.35957771480828266,0,0.45157611507275613
179,6a5f3442d709,monitor performance of organizational members or partners,37,78a6d412d86e,0.5770341157913208,3.324014186859131,0.2222222238779068,0.09116076173031373,0.811592308612746,1,1.4804967930263129,39,202cbfb3aef7,0.534296989440918,2.831599473953247,0.1428571492433548,0.2554127452163465,0.6495823508544509,1,1.2938914456344102,38,a3c08ed1a115,0.4728040099143982,2.1230809688568115,0.2222222238779068,0.09116076173031373,1.0,1,1.2352475685460926,55,4805101e52c6,0.44451361894607544,1.7971205711364746,0.1111111119389534,0.0,0.48218234489593415,1,0.9932764320431324,28,ce1178bafa1d,0.44255173206329346,1.7745158672332764,0.09090909361839294,0.1682360897391828,0.4127153969024521,1,0.9488058748525616,199,0d99df7b9f80,0.374176949262619,0.9867054224014282,0.10000000149011612,0.09116076173031373,0.3668396434575921,1,0.7308106764227422,197,3a46124701c0,0.37056100368499756,0.9450426697731018,0.125,0.11157175065711056,0.5264909928052903,0,0.7212906406459113,152,fbe465293a7d,0.30819326639175415,0.22644513845443726,0.1111111119389534,0.0,0.48218234489593415,0,0.5284482246993156,122,4e4a52d4b158,0.3924849331378937,1.1976490020751953,0.0,0.11157175065711056,0.0,1,0.6666562610252352,100,6002eddcd7d0,0.28042352199554443,-0.09351629763841629,0.125,0.11157175065711056,0.5898909996948528,0,0.46983563321176286
180,893bb3cbc01a,"evaluate potential of products, technologies, or resources",195,6b483cafcca2,0.5525237917900085,2.645674228668213,0.2857142984867096,0.11157175065711056,1.0,1,1.3126435690505953,178,78b65ab85b19,0.43397951126098633,1.1730705499649048,0.25,0.0,0.8522846308698755,1,0.9052345362874543,99,78b76b55f875,0.6226456761360168,3.5167558193206787,0.0,0.11157175065711056,0.0,1,1.2388428279145212,101,ae138f31c069,0.45214810967445374,1.3987680673599243,0.1111111119389534,0.0,0.504652183047788,1,0.8555075951190292,71,1cb040da80f9,0.5081193447113037,2.094064712524414,0.09090909361839294,0.1682360897391828,0.3519502501031645,1,0.9682071794198286,19,9d76ae41867e,0.4569680392742157,1.4586430788040161,0.125,0.11157175065711056,0.44897437310457744,1,0.838860614692377,45,aa03c0034762,0.48329266905784607,1.7856580018997192,0.2857142984867096,0.11157175065711056,0.828551424240046,1,1.0363627828971602,93,4b8b2b6692c3,0.3628193736076355,0.28909143805503845,0.0,0.11157175065711056,0.0,1,0.38657745504216856,89,b03b706832f2,0.5338189005851746,2.4133145809173584,0.10000000149011612,0.09116076173031373,0.320647280639551,1,1.0466026789819258,170,57e3b12b8497,0.4177704453468323,0.9717152118682861,0.1111111119389534,0.0,0.41118940111062785,1,0.7121204057198927
181,49ccfbfcfc0a,analyze chemical compounds or substances,188,be19a52818cf,0.48694363236427307,3.0718941688537598,0.125,0.11157175065711056,1.0,1,1.5021378138049097,207,7663c229a426,0.5037182569503784,3.299955129623413,0.1666666716337204,0.14384099455923594,0.7504150078298155,1,1.4649278249182323,22,bab0b2935945,0.3549883961677551,1.277883529663086,0.10000000149011612,0.27980784039629336,0.5341937343873262,0,0.7895612121224264,6,75e527217c38,0.4027518332004547,1.9272561073303223,0.1111111119389534,0.2027325123874243,0.8531977372854205,1,1.1338441172330032,70,d5bb4574fc4d,0.291168212890625,0.4102099537849426,0.0,0.11157175065711056,0.0,0,0.39034945005016036,165,72ea80489538,0.35479408502578735,1.2752418518066406,0.0,0.0,0.0,1,0.6905318975448609,152,fbe465293a7d,0.32124027609825134,0.8190576434135437,0.0,0.11157175065711056,0.0,0,0.5033220970018358,206,c32f9f13a109,0.45054924488067627,2.5770905017852783,0.125,0.11157175065711056,0.9250015072549859,1,1.34201297131852,203,79676bc4eb6a,0.3445446491241455,1.135894536972046,0.0,0.2027325123874243,0.0,1,0.6317542841997952,158,16ac0e74dbe1,0.31801843643188477,0.7752548456192017,0.1428571492433548,0.0,0.681457953056265,1,0.7789246347945921
182,8729852fc4b8,develop new or advanced products or production methods,49,824d3015533f,0.654794454574585,3.3020243644714355,0.375,0.09116076173031373,1.0,1,1.5158839238269688,195,6b483cafcca2,0.5714600086212158,2.3066039085388184,0.25,0.2027325123874243,0.8497635933548328,1,1.2203722020431114,187,02b0fa193387,0.5224831700325012,1.721581220626831,0.2222222238779068,0.09116076173031373,0.6140486643006562,1,1.0017068473930275,58,224946bca8ba,0.4700005054473877,1.0946818590164185,0.1111111119389534,0.2027325123874243,0.3853194901126112,1,0.7592220824995966,9,3cdbc3929112,0.5806663632392883,2.4165728092193604,0.25,0.2027325123874243,0.6909004381714385,1,1.193136901851848,188,be19a52818cf,0.4460117816925049,0.8081393241882324,0.10000000149011612,0.09116076173031373,0.2723643804374668,1,0.6561241394537416,93,4b8b2b6692c3,0.46736735105514526,1.0632290840148926,0.1111111119389534,0.2027325123874243,0.3178181390343344,1,0.7272872676550938,139,80c1c070d6f0,0.4157465696334839,0.44662484526634216,0.10000000149011612,0.09116076173031373,0.2723643804374668,1,0.5604376217978921,153,8594b6595861,0.4276164770126343,0.5884095430374146,0.10000000149011612,0.09116076173031373,0.2723643804374668,1,0.5979655331629243,99,78b76b55f875,0.43871164321899414,0.7209399938583374,0.0,0.2027325123874243,0.0,1,0.534980182942471
183,ff9c96c6d776,collaborate on research activities with scientists or technical specialists,160,56c85bc2a8f3,0.5498590469360352,2.726038932800293,0.25,0.2027325123874243,1.0,1,1.4051039925185056,192,8562bf3caec4,0.5798552632331848,3.0391647815704346,0.10000000149011612,0.09116076173031373,0.29025830694119903,1,1.2824196296896921,163,3ac212a9f7c3,0.4076195955276489,1.2412234544754028,0.10000000149011612,0.09116076173031373,0.5798745839621062,1,0.87953583584949,18,1c10b347eeee,0.3662450909614563,0.809321403503418,0.125,0.3465735069466602,0.3490010595364417,1,0.6498774720688432,184,389dd43f303d,0.5935366749763489,3.18198299407959,0.1111111119389534,0.2027325123874243,0.3169306919033633,1,1.3184302730099924,204,62b52b411f3a,0.3314591944217682,0.44619685411453247,0.1111111119389534,0.2027325123874243,0.3668396434575921,1,0.570066492254925,59,da6e8742f6bf,0.3669794201850891,0.8169869780540466,0.1111111119389534,0.2027325123874243,0.3668396434575921,0,0.6238622255577566,126,ebdb003908ef,0.3788537383079529,0.9409411549568176,0.10000000149011612,0.09116076173031373,0.33596700019630965,1,0.709951184504064,186,4c7ceb754866,0.5130698680877686,2.3420023918151855,0.10000000149011612,0.09116076173031373,0.29025830694119903,1,1.086893879171847,209,2ac9980eb5e6,0.40637245774269104,1.2282047271728516,0.09090909361839294,0.0,0.3098873700440846,1,0.7914790359148705
184,389dd43f303d,supervise scientific or technical personnel,12,9251af4a3821,0.5963279008865356,2.861117362976074,0.5,0.11157175065711056,1.0,1,1.4888428264244051,186,4c7ceb754866,0.5736044049263,2.641774892807007,0.2857142984867096,0.11157175065711056,0.6528130274623498,1,1.3431412293461067,192,8562bf3caec4,0.5791600346565247,2.695401430130005,0.2857142984867096,0.11157175065711056,0.6528130274623498,1,1.3595325066593391,78,98d9410b9c2c,0.42740726470947266,1.2305814027786255,0.3333333432674408,0.0,0.8225736899647217,1,0.9770044052815026,129,06f6e71fddcf,0.42582666873931885,1.2153244018554688,0.3333333432674408,0.0,0.7128012516075388,1,0.9339595807881063,183,ff9c96c6d776,0.5935366749763489,2.834174394607544,0.1111111119389534,0.2027325123874243,0.2275062436371072,1,1.2786448342646528,103,6680fc36f234,0.45905518531799316,1.5360684394836426,0.2857142984867096,0.11157175065711056,0.5717992155044344,1,0.9768207651659673,210,39fb30c0c188,0.33714187145233154,0.3592788875102997,0.0,0.2027325123874243,0.0,1,0.42679006367596095,189,a49d5a99c1d7,0.4404720067977905,1.3566911220550537,0.1428571492433548,0.0,0.2693182019271702,1,0.8443573371328302,114,98e7b9000779,0.29286807775497437,-0.06808163225650787,0.20000000298023224,0.3465734652800195,0.4349640673865513,1,0.41882332191388694
185,7b03e0901b8c,"establish standards for products, processes, or procedures",149,c9b79bbec6f3,0.6501388549804688,3.1463334560394287,0.2857142984867096,0.11157175065711056,1.0,1,1.4842956849320383,182,8729852fc4b8,0.511597752571106,1.52227783203125,0.10000000149011612,0.09116076173031373,0.30324500731862813,1,0.8559438879501684,87,bd28ef3a0af3,0.5111609101295471,1.517156958580017,0.125,0.11157175065711056,0.6621436629912983,1,0.9751879798731463,49,824d3015533f,0.6662023067474365,3.3346381187438965,0.25,0.0,0.7176388231771983,1,1.451173594072484,134,469df54e4928,0.5410414338111877,1.867432951927185,0.07692307978868484,0.29389328800662196,0.39425042341105754,1,0.960360363822987,188,be19a52818cf,0.44904324412345886,0.788979172706604,0.1111111119389534,0.0,0.3287656267464335,1,0.6824141875895919,139,80c1c070d6f0,0.421808123588562,0.4697139859199524,0.1111111119389534,0.0,0.3287656267464335,1,0.5995857925209465,56,269bfa3db5c6,0.4444025158882141,0.734578013420105,0.1111111119389534,0.0,0.38887319643076473,1,0.6893383064624834,153,8594b6595861,0.4524605870246887,0.8290391564369202,0.1111111119389534,0.0,0.3287656267464335,1,0.6928071291241111,191,a9be4c9c15a1,0.5694043636322021,2.1999189853668213,0.1818181872367859,0.23500177712287373,0.7608428480340346,1,1.1655806257555086
186,4c7ceb754866,prepare scientific or technical reports or presentations,16,6e6ec1a475b8,0.5781612992286682,3.012214183807373,0.4285714328289032,0.0,1.0,1,1.514285707473755,184,389dd43f303d,0.5736044049263,2.959923267364502,0.2857142984867096,0.11157175065711056,0.7541476963604695,1,1.4314120884646448,209,2ac9980eb5e6,0.41795915365219116,1.173874020576477,0.10000000149011612,0.09116076173031373,0.39636253203085947,1,0.8427339333855288,1,06d678da6c8d,0.33548402786254883,0.22746138274669647,0.1428571492433548,0.2554127452163465,0.3719206915078162,1,0.548772015699079,214,fc824bfe7bf0,0.348574161529541,0.37767234444618225,0.1111111119389534,0.0,0.3093201790758076,1,0.59669390679179,192,8562bf3caec4,0.5238964557647705,2.3895182609558105,0.25,0.0,0.6906798209241923,1,1.2711088442725107,121,66497e9d2189,0.4517103433609009,1.5611733198165894,0.25,0.0,0.7390399539013435,1,1.0610545324523157,129,06f6e71fddcf,0.38327738642692566,0.7758963108062744,0.2857142984867096,0.11157175065711056,0.7541476963604695,1,0.8366693060506855,3,33b4e36b0d81,0.3899726867675781,0.8527257442474365,0.20000000298023224,0.1682360897391828,0.4881212096832278,0,0.717137324363465,30,c6a87cc5d35e,0.49963003396987915,2.111057996749878,0.3333333432674408,0.2554127452163465,0.8886075636194724,1,1.2254515026427752
187,02b0fa193387,research methods to improve food products,182,8729852fc4b8,0.5224831700325012,3.5005459785461426,0.2222222238779068,0.09116076173031373,0.819774825659293,1,1.4833606739926044,204,62b52b411f3a,0.4190526008605957,2.0057575702667236,0.2857142984867096,0.11157175065711056,1.0,1,1.1778254249079676,150,3ffc9e8eaffb,0.42299318313598633,2.0627074241638184,0.125,0.11157175065711056,0.43044184401868096,1,1.0145316267825157,20,1bd49058235f,0.3559750020503998,1.0941542387008667,0.1111111119389534,0.0,0.3942165403141385,1,0.7786599273483785,203,79676bc4eb6a,0.37608230113983154,1.384746789932251,0.10000000149011612,0.09116076173031373,0.3636152563628126,1,0.8309783199361324,188,be19a52818cf,0.3910728096961975,1.601391077041626,0.1111111119389534,0.0,0.3942165403141385,1,0.9024118433396848,2,771b010da2fa,0.33972641825675964,0.8593282103538513,0.07692307978868484,0.29389328800662196,0.4727381006116003,0,0.6725586421193459,148,253c9a1feb09,0.3026367425918579,0.3233047127723694,0.1111111119389534,0.0,0.4212923481389641,0,0.5500702643904751,89,b03b706832f2,0.3275318145751953,0.6830906271934509,0.10000000149011612,0.09116076173031373,0.3636152563628126,0,0.6094704025915622,185,7b03e0901b8c,0.3668205738067627,1.2508955001831055,0.1111111119389534,0.0,0.3942165403141385,0,0.7669004643957646
188,be19a52818cf,prepare compounds or solutions for products or testing,214,fc824bfe7bf0,0.48580148816108704,2.471978187561035,0.25,0.0,1.0,1,1.5454113721847536,182,8729852fc4b8,0.4460117816925049,1.97038996219635,0.10000000149011612,0.09116076173031373,0.34196761615682675,1,1.1718366007457055,181,49ccfbfcfc0a,0.48694363236427307,2.4863760471343994,0.125,0.11157175065711056,0.746695525142036,1,1.4751862557537694,150,3ffc9e8eaffb,0.48398908972740173,2.4491312503814697,0.125,0.11157175065711056,0.4048157185856491,1,1.3434002087587165,17,e1dbddbff402,0.3200981616973877,0.383125364780426,0.125,0.11157175065711056,0.44302513334106286,1,0.684018269979649,185,7b03e0901b8c,0.44904324412345886,2.0086045265197754,0.1111111119389534,0.0,0.3707470690017083,1,1.2015942830027937,203,79676bc4eb6a,0.38340210914611816,1.18113374710083,0.10000000149011612,0.09116076173031373,0.34196761615682675,1,0.9137367020497597,186,4c7ceb754866,0.33434683084487915,0.5627437829971313,0.1111111119389534,0.0,0.4057408399410724,1,0.7419121875822234,7,bfcc3cdee21d,0.2836724817752838,-0.07605605572462082,0.125,0.11157175065711056,0.648866758550829,1,0.6065392304165506,187,02b0fa193387,0.3910728096961975,1.2778303623199463,0.1111111119389534,0.0,0.3707470690017083,1,0.9630690860928892
189,a49d5a99c1d7,maintain laboratory or technical equipment,219,573d5b3bbb3d,0.7621150016784668,3.626131534576416,0.3333333432674408,0.0,1.0,1,1.5333333253860475,139,80c1c070d6f0,0.5727136135101318,1.9592617750167847,0.2857142984867096,0.11157175065711056,0.7692505709578638,1,1.0380807524592843,201,42bb588edac5,0.7038466334342957,3.113327741622925,0.4000000059604645,0.14384099455923594,0.9249322341279075,1,1.354869114668772,192,8562bf3caec4,0.36633116006851196,0.14294636249542236,0.125,0.11157175065711056,0.32968107786808937,1,0.44223782080708535,129,06f6e71fddcf,0.46772581338882446,1.0352929830551147,0.3333333432674408,0.0,0.6947557570667873,1,0.7901362302150462,136,ded8762bb927,0.5257382392883301,1.5458444356918335,0.4000000059604645,0.14384099455923594,0.9249322341279075,1,0.9743935116247389,74,318da22b73fb,0.44705456495285034,0.8533709645271301,0.1428571492433548,0.0,0.33477966123244096,1,0.6346638823220861,193,adb21e5e1a03,0.46059706807136536,0.9725548028945923,0.125,0.11157175065711056,0.3066051352871365,1,0.6454210828226973,84,c6940290ea74,0.3350571095943451,-0.13228799402713776,0.2857142984867096,0.11157175065711056,0.6362862131552258,0,0.42349987680001816,65,8da0e9e0dffc,0.4417886435985565,0.8070269823074341,0.125,0.11157175065711056,0.3066051352871365,1,0.6032694379967619
190,c2a2570c95d4,test quality of materials or finished products,45,aa03c0034762,0.8328249454498291,3.9673399925231934,0.5,0.11157175065711056,0.987754052668767,1,1.4845567448584736,201,42bb588edac5,0.39126110076904297,0.46388351917266846,0.1428571492433548,0.2554127452163465,0.39556263822900495,1,0.5153800067913231,203,79676bc4eb6a,0.5453981757164001,1.686838150024414,0.375,0.09116076173031373,0.9052883817920178,1,0.97078189100253,202,8747ed85441f,0.5781767964363098,1.9469102621078491,0.25,0.0,0.6637085774567187,1,0.9686497111776731,150,3ffc9e8eaffb,0.648878276348114,2.5078701972961426,0.5,0.11157175065711056,1.0,1,1.1684852802141161,165,72ea80489538,0.639043390750885,2.429838180541992,0.2857142984867096,0.11157175065711056,0.7061813307495544,1,1.078228865049851,130,cbb58925807f,0.40593409538269043,0.5803020000457764,0.1428571492433548,0.2554127452163465,0.38207751765592096,1,0.5378737396177804,139,80c1c070d6f0,0.44542545080184937,0.8936343789100647,0.25,0.0,0.563022722884817,1,0.6917038346625181,158,16ac0e74dbe1,0.34817060828208923,0.12199487537145615,0.125,0.11157175065711056,0.3592136390403937,1,0.4379543713204326,188,be19a52818cf,0.448053240776062,0.9144837856292725,0.1111111119389534,0.0,0.24525528245811046,1,0.5961255712586198
191,a9be4c9c15a1,monitor operational procedures in technical environments to ensure conformance to standards,149,c9b79bbec6f3,0.693058967590332,3.0558979511260986,0.20000000298023224,0.3465735277799843,0.8180918493887839,1,1.4616748058329583,0,d52ebdd6c51c,0.5193711519241333,1.1226720809936523,0.1818181872367859,0.23500177712287373,0.5530759111643725,1,0.8614758492459709,37,78a6d412d86e,0.6142948269844055,2.1792166233062744,0.27272728085517883,0.14384101539256,1.0,1,1.2979462427800876,84,c6940290ea74,0.5137272477149963,1.0598527193069458,0.0833333358168602,0.23500177712287373,0.23866101331290634,1,0.7450305490122971,197,3a46124701c0,0.5635449886322021,1.6143473386764526,0.20000000298023224,0.3465735277799843,0.6038991030010987,1,0.9985073372182137,140,f07eaef01260,0.5740985870361328,1.7318137884140015,0.09090909361839294,0.3465735277799843,0.23820716860609858,1,0.917259633458486,30,c6a87cc5d35e,0.6056637763977051,2.083148956298828,0.10000000149011612,0.4904145223392202,0.2623114654293347,1,1.0062962265665756,134,469df54e4928,0.5571061372756958,1.5426799058914185,0.0625,0.05889151088374822,0.3099777195327778,1,0.9229429346120234,151,506120811a05,0.568251371383667,1.666731595993042,0.10000000149011612,0.4904145223392202,0.2623114654293347,1,0.892224395459436,185,7b03e0901b8c,0.5694043636322021,1.6795649528503418,0.1818181872367859,0.23500177712287373,0.749242535331312,1,1.0805718058679663
192,8562bf3caec4,manage scientific or technical project resources,184,389dd43f303d,0.5791600346565247,3.3445963859558105,0.2857142984867096,0.11157175065711056,0.8222115088037348,1,1.4673680211474245,130,cbb58925807f,0.36891457438468933,0.934314489364624,0.1428571492433548,0.2554127452163465,0.6321717833740138,1,0.7621938491466702,178,78b65ab85b19,0.41201937198638916,1.4284735918045044,0.25,0.0,0.9158415841584158,1,1.0089605094625218,173,49c0d2367c5d,0.47582924365997314,2.1599984169006348,0.1111111119389534,0.0,0.4685031143464819,1,1.0670109439565103,209,2ac9980eb5e6,0.39659154415130615,1.2516069412231445,0.10000000149011612,0.09116076173031373,0.43213529268488277,1,0.798948857026203,186,4c7ceb754866,0.5238964557647705,2.711047410964966,0.25,0.0,0.7530154907360936,1,1.2929862462758366,98,207462e43a8e,0.40717795491218567,1.3729709386825562,0.09090909361839294,0.1682360897391828,0.24352330521483723,1,0.7593236229278548,129,06f6e71fddcf,0.385494589805603,1.1243900060653687,0.2857142984867096,0.11157175065711056,0.8222115088037348,1,0.8807189012934512,183,ff9c96c6d776,0.5798552632331848,3.352566719055176,0.10000000149011612,0.09116076173031373,0.2624269407794592,1,1.3127333453511756,109,d052bd1e246e,0.35124605894088745,0.7317602634429932,0.2857142984867096,0.11157175065711056,1.0,1,0.8391996175928564
193,adb21e5e1a03,inspect condition or functioning of facilities or equipment,216,f20501abeeb8,0.6014276146888733,2.413159132003784,0.2857142984867096,0.11157175065711056,1.0,1,1.385154154239461,197,3a46124701c0,0.6473338603973389,2.9297780990600586,0.125,0.11157175065711056,0.4763501328458383,1,1.3805653684501,56,269bfa3db5c6,0.5572741031646729,1.9162650108337402,0.1111111119389534,0.0,0.233706428918948,1,1.0132939924893762,134,469df54e4928,0.6022371053695679,2.422268867492676,0.1666666716337204,0.29389328800662196,0.6359760982179913,1,1.2629080630743759,76,298036041aa4,0.6000763773918152,2.3979525566101074,0.1111111119389534,0.0,0.233706428918948,1,1.154106076568165,151,506120811a05,0.5515835285186768,1.8522244691848755,0.1428571492433548,0.2554127452163465,0.4975522139427236,1,1.056726658823704,50,a787a095d9b0,0.49680936336517334,1.2358077764511108,0.0,0.0,0.0,1,0.7454569593071938,189,a49d5a99c1d7,0.46059706807136536,0.8282824754714966,0.125,0.11157175065711056,0.2551821548196081,1,0.6902736639819536,19,9d76ae41867e,0.5430169701576233,1.755818247795105,0.125,0.11157175065711056,0.2551821548196081,1,0.9607813870749864,37,78a6d412d86e,0.45778340101242065,0.7966180443763733,0.10000000149011612,0.09116076173031373,0.46306496829964566,1,0.758191772955138
194,094e12b11051,review details of technical drawings or specifications,154,17f9d29c543d,0.6866101622581482,3.6053900718688965,0.3333333432674408,0.1682360897391828,1.0,1,1.5165097164121293,61,dc17b84d2d6b,0.5056803226470947,1.6618964672088623,0.25,0.0,0.7826641966662988,1,1.0210639535801376,102,f2c8cd5b27ab,0.5323918461799622,1.9488235712051392,0.1111111119389534,0.0,0.3856526350168695,1,0.9674229142383644,153,8594b6595861,0.5587859153747559,2.2323408126831055,0.1111111119389534,0.0,0.5078481786271198,1,1.077851596821059,68,7a9450b42a26,0.5506237745285034,2.144665479660034,0.2857142984867096,0.11157175065711056,0.8995444142841694,1,1.1582798685423374,84,c6940290ea74,0.5005065202713013,1.606321096420288,0.25,0.0,0.6604686530560485,1,0.9653454431141993,198,edb3d68bc36f,0.33836400508880615,-0.13536463677883148,0.1111111119389534,0.0,0.274816018039179,1,0.43124636594749216,134,469df54e4928,0.44059881567955017,0.9628106951713562,0.07692307978868484,0.29389328800662196,0.2885253047163246,1,0.6719070990776019,146,284cc33eb902,0.39072683453559875,0.4271010160446167,0.0,0.11157175065711056,0.0,0,0.41604504966573425,2,771b010da2fa,0.46674346923828125,1.243648648262024,0.07692307978868484,0.29389328800662196,0.20560309497745985,1,0.7102943029858557
195,6b483cafcca2,evaluate new technologies or methods,69,636981831618,0.6633918285369873,3.8813185691833496,0.2857142984867096,0.11157175065711056,1.0,1,1.5316999741776438,170,57e3b12b8497,0.47276461124420166,1.5134860277175903,0.125,0.11157175065711056,0.3872344498048183,1,0.7924462745445109,182,8729852fc4b8,0.5714600086212158,2.739408493041992,0.25,0.2027325123874243,0.8628351031123853,1,1.2188493698239276,71,1cb040da80f9,0.5047624111175537,1.910939335823059,0.10000000149011612,0.27980784039629336,0.3314464358498868,1,0.8526082097683596,180,893bb3cbc01a,0.5525237917900085,2.5041966438293457,0.2857142984867096,0.11157175065711056,0.8624867542598509,1,1.1685235509066285,204,62b52b411f3a,0.3581216335296631,0.08947429060935974,0.1428571492433548,0.0,0.44844244908934605,1,0.48922947965141156,18,1c10b347eeee,0.4025880694389343,0.641804039478302,0.0,0.14384099455923594,0.0,1,0.45745063015595,2,771b010da2fa,0.4229505956172943,0.8947325348854065,0.0,0.4054650386637325,0.0,1,0.4920443055980814,73,a40c650a049f,0.3762889504432678,0.31513547897338867,0.10000000149011612,0.27980784039629336,0.40678375211829065,0,0.4520363292646672,148,253c9a1feb09,0.36723679304122925,0.20269617438316345,0.125,0.11157175065711056,0.47525230445503264,1,0.5149468056673823
196,0f2541e582f8,review documents or materials for compliance with policies or regulations,27,88a991273442,0.7035648226737976,3.233381748199463,0.1111111119389534,0.2027325123874243,0.4713502838080669,1,1.3724771301766387,61,dc17b84d2d6b,0.4433386027812958,1.0491371154785156,0.2222222238779068,0.09116076173031373,1.0,1,0.9455388722403407,87,bd28ef3a0af3,0.5789703726768494,2.1875810623168945,0.1111111119389534,0.2027325123874243,0.5424228456312236,1,1.1041127246926274,96,1cbedefabffc,0.5880164504051208,2.2635104656219482,0.20000000298023224,0.0,0.9254675606820872,1,1.2660691743072732,149,c9b79bbec6f3,0.5587199926376343,2.017606735229492,0.1111111119389534,0.2027325123874243,0.4713502838080669,1,1.0315770219584457,116,1cf7420e0aac,0.5764715075492859,2.1666064262390137,0.09090909361839294,0.0,0.3981726141757643,1,1.07103150091523,121,66497e9d2189,0.5793939828872681,2.191136598587036,0.10000000149011612,0.09116076173031373,0.43168219061629887,1,1.0791784849962942,67,3574e4789085,0.5041214227676392,1.5593260526657104,0.10000000149011612,0.09116076173031373,0.43168219061629887,1,0.9016862464151136,1,06d678da6c8d,0.28982484340667725,-0.2394016981124878,0.125,0.3465735069466602,0.5665657866506153,1,0.4171780549558633,167,00c6f12023ab,0.41319960355758667,0.7961612939834595,0.0,0.2027325123874243,0.0,0,0.48344245761307186
197,3a46124701c0,monitor facilities or operational systems,193,adb21e5e1a03,0.6473338603973389,3.6505227088928223,0.125,0.11157175065711056,0.8269187579660903,1,1.5032643872421882,11,810124c49b5c,0.41502809524536133,0.5206162929534912,0.3333333432674408,0.11157175065711056,1.0,1,0.8193079085035773,191,a9be4c9c15a1,0.5635449886322021,2.5216169357299805,0.20000000298023224,0.3465735277799843,0.8813239288112855,1,1.2243280084924557,200,9ff41f315fd5,0.46103376150131226,1.140460729598999,0.1666666716337204,0.14384099455923594,0.6788561714643573,1,0.859630851389121,155,f6d7dbe3f71e,0.3988931179046631,0.3032262325286865,0.1666666716337204,0.14384099455923594,0.9942713637449418,1,0.7764826116096794,164,0c9fad019eee,0.428932785987854,0.7079572677612305,0.1666666716337204,0.14384099455923594,0.523524780916595,1,0.7052830202722028,55,4805101e52c6,0.442912220954895,0.89630526304245,0.125,0.11157175065711056,0.668429657402313,1,0.8065525829218843,28,ce1178bafa1d,0.4452595114707947,0.9279308319091797,0.10000000149011612,0.27980784039629336,0.5721304694714713,1,0.7656900155898503,151,506120811a05,0.515596866607666,1.8756014108657837,0.1666666716337204,0.14384099455923594,0.523524780916595,1,0.9752074225091413,36,e5bfe7745119,0.48043474555015564,1.401854395866394,0.1111111119389534,0.2027325123874243,0.4016080511141003,1,0.8232917244585428
198,edb3d68bc36f,advise customers on technical or procedural issues,20,1bd49058235f,0.5534757375717163,3.465646266937256,0.25,0.0,1.0,1,1.5500000059604646,3,33b4e36b0d81,0.40090638399124146,1.3445240259170532,0.09090909361839294,0.1682360897391828,0.2587191127123808,0,0.7115701843143355,116,1cf7420e0aac,0.4046475291252136,1.3965359926223755,0.10000000149011612,0.09116076173031373,0.43836057305897985,1,0.8444892050627232,80,4e4d6d43dbf9,0.44001853466033936,1.8882875442504883,0.125,0.11157175065711056,0.518924137837387,1,0.9932758307940851,18,1c10b347eeee,0.38948628306388855,1.1857540607452393,0.1428571492433548,0.2554127452163465,0.36343875357215394,1,0.7435373729731451,54,00ee16f445cd,0.3387150764465332,0.4798984229564667,0.0,0.0,0.0,0,0.4225046783685684,199,0d99df7b9f80,0.41630709171295166,1.5586351156234741,0.10000000149011612,0.09116076173031373,0.4840138561647643,1,0.9019752994255312,202,8747ed85441f,0.3467913269996643,0.5921798944473267,0.0,0.0,0.0,1,0.5017430439591408,103,6680fc36f234,0.46880286931991577,2.2884669303894043,0.1111111119389534,0.0,0.3022658940600092,1,1.0327073703960932,16,6e6ec1a475b8,0.3552510440349579,0.7097926139831543,0.1111111119389534,0.0,0.3022658940600092,1,0.629229947503046
199,0d99df7b9f80,communicate organizational information to customers or other stakeholders,115,830e9df61ddd,0.5738126039505005,2.93206524848938,0.25,0.2027325123874243,1.0,1,1.5297267547217221,113,322cdff981bb,0.5219390392303467,2.366445541381836,0.20000000298023224,0.0,0.8823919192175049,1,1.3624149554299307,4,9fc64a999e12,0.538283109664917,2.5446584224700928,0.1818181872367859,0.07707532800886907,0.8480190322294512,1,1.3952621563619971,169,2d10ff099811,0.4393916130065918,1.4663636684417725,0.10000000149011612,0.09116076173031373,0.42762942736543125,1,0.9582255924210401,20,1bd49058235f,0.4110450744628906,1.1572781801223755,0.10000000149011612,0.09116076173031373,0.529023197924834,1,0.9067620296586211,86,19ea31d71f7c,0.3526349663734436,0.5203851461410522,0.10000000149011612,0.09116076173031373,0.42762942736543125,1,0.6921045625672193,117,f2f5eb941075,0.43902188539505005,1.4623322486877441,0.07692307978868484,0.14384101539256,0.341427447936036,1,0.9246509424646522,179,6a5f3442d709,0.374176949262619,0.7552749514579773,0.10000000149011612,0.09116076173031373,0.3527161025825081,1,0.7319636958759614,38,a3c08ed1a115,0.41485291719436646,1.1987981796264648,0.09090909361839294,0.0,0.32533631379756445,1,0.8573349245327074,171,02b5b4014078,0.37162452936172485,0.7274438738822937,0.1111111119389534,0.2027325123874243,0.38512785254954934,1,0.7232670154803592
200,9ff41f315fd5,operate computer systems,137,a4f4cc8a14a2,0.46068722009658813,2.2992308139801025,0.20000000298023224,0.0,1.0,1,1.4738734900951387,21,c9b70de179fe,0.40083765983581543,1.4083095788955688,0.1666666716337204,0.14384099455923594,0.9081081081081082,1,1.1480171510482349,197,3a46124701c0,0.46103376150131226,2.304389238357544,0.1666666716337204,0.14384099455923594,0.5824785396597681,1,1.3211815537688292,70,d5bb4574fc4d,0.4460159242153168,2.080833673477173,0.1428571492433548,0.2554127452163465,0.8316831683168318,1,1.3297337845492831,132,22f88df4c22c,0.4788469076156616,2.5695559978485107,0.0,0.0,0.0,1,1.2500000029802323,74,318da22b73fb,0.4652160406112671,2.3666467666625977,0.1666666716337204,0.14384099455923594,0.5824785396597681,1,1.3411309750554121,42,853f8faf3522,0.4243258237838745,1.7579545974731445,0.0,0.2554127452163465,0.0,1,0.9569633049032235,84,c6940290ea74,0.4222595691680908,1.7271963357925415,0.1428571492433548,0.2554127452163465,0.5334580685002828,0,1.0615749183413656,86,19ea31d71f7c,0.30005747079849243,-0.09190531075000763,0.1428571492433548,0.2554127452163465,0.5334580685002828,1,0.5262930694338949,76,298036041aa4,0.4058454930782318,1.482856273651123,0.0,0.2554127452163465,0.0,1,0.866293777253344
201,42bb588edac5,maintain test equipment,189,a49d5a99c1d7,0.7038466334342957,3.770378828048706,0.4000000059604645,0.14384099455923594,0.9081081081081084,1,1.4734537431502859,158,16ac0e74dbe1,0.31074559688568115,0.08427198976278305,0.1666666716337204,0.14384099455923594,0.5654338304822516,1,0.5213513983285623,66,196087c93944,0.4669835567474365,1.5493147373199463,0.2222222238779068,0.4904145223392202,0.6781268634925676,1,0.8693608233567399,43,61355ce7e829,0.3363000154495239,0.323895663022995,0.20000000298023224,0.0,0.6014235843785536,1,0.6034912233897821,136,ded8762bb927,0.5130063891410828,1.9808706045150757,0.5,0.0,1.0,1,1.0977296695113183,56,269bfa3db5c6,0.5531343221664429,2.357150077819824,0.1428571492433548,0.2554127452163465,0.33148929616041095,1,0.9735946031579467,150,3ffc9e8eaffb,0.4075279235839844,0.9917994737625122,0.1666666716337204,0.14384099455923594,0.5654338304822516,1,0.7377219920849997,139,80c1c070d6f0,0.47427743673324585,1.6177093982696533,0.3333333432674408,0.2554127452163465,0.8316831683168319,1,0.9503106281686297,108,3f3251058257,0.37331223487854004,0.6709591150283813,0.0,0.2554127452163465,0.0,1,0.46438924643011326,65,8da0e9e0dffc,0.37754547595977783,0.7106541991233826,0.1428571492433548,0.2554127452163465,0.33148929616041095,1,0.5794386165508719
202,8747ed85441f,inspect finished products to locate flaws,190,c2a2570c95d4,0.5781767964363098,2.8558123111724854,0.25,0.0,1.0,1,1.5500000059604646,151,506120811a05,0.43581849336624146,1.181176781654358,0.1428571492433548,0.2554127452163465,0.6755089567487967,1,0.935847466140596,76,298036041aa4,0.5720953941345215,2.784273624420166,0.0,0.0,0.0,1,1.2282741099596024,49,824d3015533f,0.4674597978591919,1.5533900260925293,0.1111111119389534,0.0,0.36952254466547685,1,0.9688975225122466,203,79676bc4eb6a,0.46591290831565857,1.5351932048797607,0.2222222238779068,0.09116076173031373,0.9223744292237441,1,1.1330605555868039,99,78b76b55f875,0.5171067714691162,2.137413501739502,0.0,0.11157175065711056,0.0,1,1.0206693687422723,133,70f88532846f,0.44521719217300415,1.2917386293411255,0.10000000149011612,0.09116076173031373,0.34083814622112474,1,0.8730939621352904,102,f2c8cd5b27ab,0.4719000458717346,1.6056230068206787,0.0,0.0,0.0,1,0.8703248828649521,216,f20501abeeb8,0.3309551775455475,-0.052385471761226654,0.125,0.11157175065711056,0.6134351607232317,1,0.5637426782655527,150,3ffc9e8eaffb,0.5375269651412964,2.377626895904541,0.125,0.11157175065711056,0.4034786703914937,1,1.2128637311199644
203,79676bc4eb6a,collect samples of raw materials or finished products,190,c2a2570c95d4,0.5453981757164001,3.016815423965454,0.375,0.09116076173031373,1.0,1,1.5158839238269688,207,7663c229a426,0.3790859878063202,1.0623314380645752,0.125,0.3465735069466602,0.5126363377195984,1,0.8105105990164021,101,ae138f31c069,0.40695321559906006,1.3898242712020874,0.10000000149011612,0.09116076173031373,0.32376485480712924,1,0.8666743598449437,133,70f88532846f,0.45348137617111206,1.9366185665130615,0.09090909361839294,0.0,0.2304867332971112,1,1.0016081361997728,187,02b0fa193387,0.37608230113983154,1.027032494544983,0.10000000149011612,0.09116076173031373,0.2498841316438978,1,0.7365653702032172,130,cbb58925807f,0.41050177812576294,1.4315266609191895,0.125,0.3465735069466602,0.38928869447047676,1,0.8729801995235119,202,8747ed85441f,0.46591290831565857,2.0827126502990723,0.2222222238779068,0.09116076173031373,0.6762351451928708,1,1.1702613908150705,153,8594b6595861,0.3622731566429138,0.8647487759590149,0.10000000149011612,0.09116076173031373,0.2498841316438978,1,0.6899320521366202,188,be19a52818cf,0.38340210914611816,1.1130540370941162,0.10000000149011612,0.09116076173031373,0.2498841316438978,1,0.761284280658921,49,824d3015533f,0.4057951271533966,1.376214623451233,0.10000000149011612,0.09116076173031373,0.2498841316438978,0,0.7869052895319067
204,62b52b411f3a,develop biological research methods,206,c32f9f13a109,0.5765771269798279,2.7638728618621826,0.125,0.11157175065711056,0.4212923481389641,1,1.3612951438026941,48,23ca56c5d573,0.4589938521385193,1.6797937154769897,0.3333333432674408,0.0,1.0,1,1.215149746835232,214,fc824bfe7bf0,0.5188533067703247,2.2316782474517822,0.125,0.11157175065711056,0.6318776592333272,1,1.2730550619994954,187,02b0fa193387,0.4190526008605957,1.3115484714508057,0.2857142984867096,0.11157175065711056,0.9158415841584159,1,1.072396736842127,205,45b6fa08d56b,0.4715682566165924,1.7957255840301514,0.1666666716337204,0.14384099455923594,0.5065538947861354,1,1.0870618801967133,209,2ac9980eb5e6,0.4644624888896942,1.730212688446045,0.1111111119389534,0.2027325123874243,0.38858928915100793,1,1.0282279305890722,208,c1c0caaa937b,0.38387250900268555,0.987199604511261,0.1428571492433548,0.0,0.4600056990490311,1,0.8434383446551446,6,75e527217c38,0.5156574249267578,2.2022130489349365,0.25,0.2027325123874243,0.9714170844255835,1,1.3524480356556021,195,6b483cafcca2,0.3581216335296631,0.7497850060462952,0.1428571492433548,0.0,0.5399943009509689,0,0.7494094958328124,183,ff9c96c6d776,0.3314591944217682,0.5039660930633545,0.1111111119389534,0.2027325123874243,0.38858928915100793,1,0.6542032860950155
205,45b6fa08d56b,research diseases or parasites,204,62b52b411f3a,0.4715682566165924,3.16188645362854,0.1666666716337204,0.14384099455923594,1.0,1,1.5522825721777969,160,56c85bc2a8f3,0.274833083152771,1.0349797010421753,0.1666666716337204,0.14384099455923594,1.0,1,0.9642644453920417,208,c1c0caaa937b,0.3219103515148163,1.5439326763153076,0.1666666716337204,0.14384099455923594,1.0,1,1.1049728099383407,7,bfcc3cdee21d,0.20726042985916138,0.3044508993625641,0.1666666716337204,0.14384099455923594,1.0,0,0.712297794608026,206,c32f9f13a109,0.42807430028915405,2.6916725635528564,0.1428571492433548,0.2554127452163465,0.9158415841584159,1,1.3859028695915945,186,4c7ceb754866,0.32672378420829773,1.5959707498550415,0.0,0.2554127452163465,0.0,0,0.7291665387413048,209,2ac9980eb5e6,0.32367777824401855,1.5630403757095337,0.125,0.3465735069466602,0.8447488584474885,0,0.9908203073610226,213,f1b4c19341de,0.3967100977897644,2.3525936603546143,0.0,0.3465735069466602,0.0,1,0.9852077628021144,173,49c0d2367c5d,0.2008964866399765,0.23565024137496948,0.1428571492433548,0.2554127452163465,0.9158415841584159,0,0.6541239431892639,157,018f6a0e7f9a,0.2837086319923401,1.130933403968811,0.09090909361839294,0.5493060332229684,0.6851851851851851,0,0.7979201436757837
206,c32f9f13a109,research microbiological or chemical processes or structures,6,75e527217c38,0.5962940454483032,3.1333792209625244,0.375,0.09116076173031373,1.0,1,1.5158839238269688,205,45b6fa08d56b,0.42807430028915405,1.6884983777999878,0.1428571492433548,0.2554127452163465,0.35199791846693934,1,0.8967614611279857,218,2f93e8f923e8,0.41749536991119385,1.5976333618164062,0.0,0.0,0.0,1,0.7901674538850785,181,49ccfbfcfc0a,0.45054924488067627,1.8815412521362305,0.125,0.11157175065711056,0.5103375699522029,1,1.0254449241980241,204,62b52b411f3a,0.5765771269798279,2.9640259742736816,0.125,0.11157175065711056,0.3196521637970044,1,1.276069724731693,155,f6d7dbe3f71e,0.19460269808769226,-0.3168468177318573,0.1428571492433548,0.2554127452163465,0.5619788716735566,0,0.3341111502237009,59,da6e8742f6bf,0.41194161772727966,1.5499308109283447,0.2857142984867096,0.11157175065711056,0.6734462138315811,1,0.9658674446830077,213,f1b4c19341de,0.45538559556007385,1.923081874847412,0.0,0.09116076173031373,0.0,1,0.8784971041067005,192,8562bf3caec4,0.25453734397888184,0.19794665277004242,0.0,0.0,0.0,0,0.3210737220942974,208,c1c0caaa937b,0.31133729219436646,0.6858154535293579,0.125,0.11157175065711056,0.3196521637970044,1,0.6081400232246015
207,7663c229a426,analyze biological samples,214,fc824bfe7bf0,0.7700012922286987,4.215385913848877,0.3333333432674408,0.2554127452163465,1.0,1,1.507792050864413,85,e9ceea91a9c3,0.1291898638010025,-0.6064061522483826,0.20000000298023224,0.0,0.4182948189450581,0,0.2017314137447027,181,49ccfbfcfc0a,0.5037182569503784,2.2117366790771484,0.1666666716337204,0.14384099455923594,0.37985691666362037,1,0.8735586670308312,217,e2bfb92834a7,0.3227689862251282,0.8501818776130676,0.0,0.3465735069466602,0.0,1,0.41778991022156703,203,79676bc4eb6a,0.3790859878063202,1.2739397287368774,0.125,0.3465735069466602,0.4755877605303383,1,0.674199533241311,216,f20501abeeb8,0.3435477614402771,1.0065319538116455,0.0,0.14384099455923594,0.0,1,0.4751180950678877,82,68d8248a643f,0.29575449228286743,0.646911084651947,0.1111111119389534,0.4236488349555293,0.29776919314732947,1,0.45956584506229975,6,75e527217c38,0.3969210386276245,1.4081398248672485,0.125,0.3465735069466602,0.44678666869340583,1,0.6952619223424337,129,06f6e71fddcf,0.23497778177261353,0.18959608674049377,0.0,0.14384099455923594,0.0,0,0.23150442802682444,205,45b6fa08d56b,0.24656900763511658,0.27681437134742737,0.0,0.0,0.0,1,0.31655923947691916
208,c1c0caaa937b,research genetic characteristics or expression,204,62b52b411f3a,0.38387250900268555,3.273298740386963,0.1428571492433548,0.0,0.7029114938060679,1,1.4674475989439173,165,72ea80489538,0.18568453192710876,0.1042962521314621,0.1428571492433548,0.0,1.0,0,0.667713912576437,217,e2bfb92834a7,0.262877881526947,1.3386088609695435,0.1111111119389534,0.2027325123874243,0.8447488584474884,1,0.9791451696944105,157,018f6a0e7f9a,0.3143928050994873,2.1623263359069824,0.0833333358168602,0.4054650386637325,0.48162454205230576,0,1.0090230516855978,205,45b6fa08d56b,0.3219103515148163,2.2825310230255127,0.1666666716337204,0.14384099455923594,0.7740394425840629,1,1.2073731618360182,209,2ac9980eb5e6,0.33804160356521606,2.5404679775238037,0.1111111119389534,0.2027325123874243,0.5937836819822947,0,1.1668375144247796,7,bfcc3cdee21d,0.2066378891468048,0.43933796882629395,0.1428571492433548,0.0,0.7029114938060679,0,0.653991652945487,180,893bb3cbc01a,0.21183039247989655,0.5223655104637146,0.0,0.11157175065711056,0.0,0,0.4296787553413362,59,da6e8742f6bf,0.1973116099834442,0.29021185636520386,0.1428571492433548,0.0,0.7029114938060679,0,0.6138177572884245,206,c32f9f13a109,0.31133729219436646,2.113469123840332,0.125,0.11157175065711056,0.6437555760105077,1,1.1257518939047573
209,2ac9980eb5e6,design research studies to obtain scientific information,148,253c9a1feb09,0.4962860941886902,2.1633729934692383,0.2222222238779068,0.09116076173031373,1.0,1,1.470308588205135,145,7809c19536e4,0.512584924697876,2.406088352203369,0.0,0.07707532800886907,0.0,1,1.2422924701793454,141,dbc0d59bd942,0.5073566436767578,2.3282310962677,0.10000000149011612,0.09116076173031373,0.5317230496062735,1,1.3820494133454984,204,62b52b411f3a,0.4644624888896942,1.6894687414169312,0.1111111119389534,0.2027325123874243,0.5805840865971202,1,1.1816091808316862,186,4c7ceb754866,0.41795915365219116,0.9969600439071655,0.10000000149011612,0.09116076173031373,0.7564580381623052,1,1.0343028909794947,68,7a9450b42a26,0.4358367621898651,1.2631860971450806,0.1111111119389534,0.2027325123874243,0.5113078052947717,1,1.021082072384123,146,284cc33eb902,0.41201698780059814,0.9084717631340027,0.1111111119389534,0.2027325123874243,0.5113078052947717,1,0.9076816428968946,157,018f6a0e7f9a,0.41883179545402527,1.0099550485610962,0.1538461595773697,0.20273252627630822,0.7481481481481481,1,1.0177114614940994,126,ebdb003908ef,0.4894552528858185,2.0616507530212402,0.10000000149011612,0.09116076173031373,0.5317230496062735,1,1.2966642099839871,104,985eed507e3a,0.48070481419563293,1.9313428401947021,0.0,0.0,0.0,1,1.0953625023365021
210,39fb30c0c188,instruct college students in physical or life sciences,108,3f3251058257,0.36446115374565125,3.1091244220733643,0.10000000149011612,0.09116076173031373,0.9158415841584159,1,1.5414284705338104,160,56c85bc2a8f3,0.2667732238769531,1.5081266164779663,0.0,0.2027325123874243,0.0,1,0.7875972142783016,131,c3b47654a283,0.2268039584159851,0.8530741930007935,0.1111111119389534,0.2027325123874243,1.0,0,0.8960141023960918,213,f1b4c19341de,0.2900722920894623,1.8899726867675781,0.0,0.0,0.0,1,0.9133206188678742,114,98e7b9000779,0.26775062084198,1.5241450071334839,0.0,0.5493059776674438,0.0,1,0.7573635009681113,186,4c7ceb754866,0.2952038049697876,1.9740725755691528,0.0,0.09116076173031373,0.0,0,0.8774294627292514,111,059770361813,0.23929034173488617,1.0577123165130615,0.0,0.09116076173031373,0.0,1,0.6743686226590038,218,2f93e8f923e8,0.2466866374015808,1.1789294481277466,0.0,0.09116076173031373,0.0,1,0.7078437385542751,119,b729f6985724,0.2103186398744583,0.582897961139679,0.0,0.09116076173031373,0.0,0,0.4932444391234278,184,389dd43f303d,0.33714187145233154,2.661391496658325,0.0,0.2027325123874243,0.0,1,1.1060813567009777
211,c7ea79acedc2,set up laboratory or field equipment,219,573d5b3bbb3d,0.8467570543289185,4.858964443206787,0.5,0.11157175065711056,1.0,1,1.4888428264244051,101,ae138f31c069,0.32841193675994873,0.4720723032951355,0.1111111119389534,0.0,0.17834631877438017,1,0.3881856880789352,214,fc824bfe7bf0,0.3684670627117157,0.8110694289207458,0.0,0.0,0.0,1,0.4019858233630657,74,318da22b73fb,0.48911523818969727,1.8321468830108643,0.125,0.11157175065711056,0.1947348994185124,1,0.661107064996462,127,3d77dabe7560,0.29752159118652344,0.2106391191482544,0.125,0.11157175065711056,0.1947348994185124,0,0.2784861760480214,129,06f6e71fddcf,0.37914496660232544,0.901439368724823,0.125,0.11157175065711056,0.1947348994185124,1,0.4701904410762597,201,42bb588edac5,0.45135000348091125,1.512529730796814,0.1428571492433548,0.2554127452163465,0.21444021662157614,1,0.5865716196362185,197,3a46124701c0,0.36652272939682007,0.7946140170097351,0.0,0.11157175065711056,0.0,0,0.33738133171038337,73,a40c650a049f,0.3152553141117096,0.3607243001461029,0.09090909361839294,0.1682360897391828,0.15265235759502033,0,0.2903417821254342,184,389dd43f303d,0.3172176480293274,0.37733206152915955,0.0,0.11157175065711056,0.0,1,0.29996277549700445
212,0cf60304ef43,write grant proposals,77,9b108680399f,0.5183756351470947,4.899864196777344,0.0,0.0,0.0,1,1.2500000029802323,112,6379204aa590,0.2837070822715759,1.4318804740905762,0.0,0.14384099455923594,0.0,1,0.52122175881043,176,62eda05f366c,0.2948002219200134,1.5958173274993896,0.0,0.14384099455923594,0.0,1,0.5549922753252082,104,985eed507e3a,0.33852431178092957,2.2419815063476562,0.0,0.3465735069466602,0.0,0,0.6178269023542308,34,614f5f558eca,0.30694663524627686,1.7753196954727173,0.0,0.20273247072078354,0.0,1,0.5860800611883625,160,56c85bc2a8f3,0.20649132132530212,0.29076898097991943,0.0,0.14384099455923594,0.0,0,0.23615621664896533,33,2be03b534579,0.22477617859840393,0.5609866380691528,0.0,0.2554127452163465,0.0,0,0.2806630705556416,17,e1dbddbff402,0.3235980272293091,2.021397590637207,0.0,0.14384099455923594,0.0,1,0.6426605302967124,21,c9b70de179fe,0.1890941858291626,0.03367029130458832,0.0,0.14384099455923594,0.0,0,0.18319465854540393,192,8562bf3caec4,0.2334650754928589,0.6893930435180664,0.0,0.2554127452163465,0.0,0,0.30711440491290326
213,f1b4c19341de,"cultivate micro-organisms for study, testing, or medical preparations",214,fc824bfe7bf0,0.5890582799911499,3.583326578140259,0.10000000149011612,0.09116076173031373,0.7958520441727408,1,1.4994321315388242,5,abdac161e57b,0.2534591853618622,0.38375142216682434,0.1111111119389534,0.2027325123874243,1.0,0,0.6828927403655857,210,39fb30c0c188,0.2900722920894623,0.7328178882598877,0.0,0.0,0.0,1,0.5014902010560036,205,45b6fa08d56b,0.3967100977897644,1.7494943141937256,0.0,0.3465735069466602,0.0,1,0.7338000128512286,218,2f93e8f923e8,0.37280601263046265,1.5215946435928345,0.0,0.09116076173031373,0.0,1,0.699497560916698,7,bfcc3cdee21d,0.20277749001979828,-0.09944384545087814,0.1111111119389534,0.2027325123874243,0.8689843941778035,0,0.5125055882965268,206,c32f9f13a109,0.45538559556007385,2.308901786804199,0.0,0.09116076173031373,0.0,1,0.9062350047214389,189,a49d5a99c1d7,0.29545432329177856,0.7841297388076782,0.0,0.2027325123874243,0.0,0,0.4446908330884785,182,8729852fc4b8,0.21595557034015656,0.02619493007659912,0.0,0.0,0.0,0,0.2659393958747387,188,be19a52818cf,0.36800721287727356,1.4758433103561401,0.10000000149011612,0.09116076173031373,0.7958520441727408,1,0.9552553145985165
214,fc824bfe7bf0,prepare biological samples for testing or analysis,207,7663c229a426,0.7700012922286987,4.275440692901611,0.3333333432674408,0.2554127452163465,1.0,1,1.507792050864413,188,be19a52818cf,0.48580148816108704,1.9353866577148438,0.25,0.0,0.6779145870747728,1,0.9249084880898294,213,f1b4c19341de,0.5890582799911499,2.78558611869812,0.10000000149011612,0.09116076173031373,0.3715849521806544,1,1.0162209136934386,108,3f3251058257,0.29332271218299866,0.3505481779575348,0.0,0.0,0.0,1,0.35326972156763076,186,4c7ceb754866,0.348574161529541,0.8054795265197754,0.1111111119389534,0.0,0.2750576339680236,1,0.545938306637744,203,79676bc4eb6a,0.37215471267700195,0.9996378421783447,0.10000000149011612,0.09116076173031373,0.39553833549057843,1,0.6233651058527627,7,bfcc3cdee21d,0.24061942100524902,-0.08340203016996384,0.125,0.11157175065711056,0.43987624068953146,0,0.3426709356238509,211,c7ea79acedc2,0.3684670627117157,0.9692743420600891,0.0,0.0,0.0,1,0.4946316882967949,204,62b52b411f3a,0.5188533067703247,2.2075297832489014,0.125,0.11157175065711056,0.43987624068953146,1,0.9051815500934984,1,06d678da6c8d,0.25355905294418335,0.023140769451856613,0.1428571492433548,0.2554127452163465,0.33072405989012355,1,0.36323858971273765
215,79b70e0eb0dc,monitor environmental impacts of production or development activities,174,003763627ff4,0.775057852268219,3.813913583755493,0.3333333432674408,0.0,0.9642572900396641,1,1.5208233768999297,58,224946bca8ba,0.34789806604385376,0.1300259232521057,0.25,0.2027325123874243,0.70512525963915,1,0.538471309736555,152,fbe465293a7d,0.7064285278320312,3.2220442295074463,0.375,0.09116076173031373,1.0,1,1.3763078016622425,14,ccf9fc39d00f,0.32516902685165405,-0.06599259376525879,0.20000000298023224,0.0,0.7374963174803779,1,0.5246885582745378,28,ce1178bafa1d,0.38283929228782654,0.4313640892505646,0.0833333358168602,0.07707532800886907,0.322752853833721,1,0.4995465205643834,72,91e3b64a6f04,0.36889389157295227,0.3110969364643097,0.0833333358168602,0.07707532800886907,0.30318570748625956,1,0.4628656971923031,96,1cbedefabffc,0.4053790271282196,0.6257500052452087,0.09090909361839294,0.0,0.32672067108108327,1,0.5563577268801512,128,54e485ae84d0,0.3845135569572449,0.4458031952381134,0.1111111119389534,0.2027325123874243,0.38676663225274194,1,0.511334040806248,71,1cb040da80f9,0.5614134073257446,1.971413016319275,0.0833333358168602,0.07707532800886907,0.30318570748625956,1,0.874707838492743,55,4805101e52c6,0.4408530592918396,0.9316831827163696,0.10000000149011612,0.09116076173031373,0.3770775916077136,1,0.6399365479993486
216,f20501abeeb8,inspect condition of natural environments,193,adb21e5e1a03,0.6014276146888733,3.7774007320404053,0.2857142984867096,0.11157175065711056,1.0,1,1.5316999741776438,218,2f93e8f923e8,0.45315492153167725,2.062371015548706,0.0,0.11157175065711056,0.0,1,0.814619494317338,23,9a8d83e8b2e2,0.40465760231018066,1.5014158487319946,0.0,0.14384099455923594,0.0,1,0.67263674923554,181,49ccfbfcfc0a,0.316281259059906,0.4791908264160156,0.0,0.0,0.0,1,0.4341671496629715,152,fbe465293a7d,0.5267846584320068,2.9140260219573975,0.0,0.11157175065711056,0.0,1,1.0252816953642816,165,72ea80489538,0.32486021518707275,0.5784212946891785,0.0,0.0,0.0,1,0.4587124019861221,202,8747ed85441f,0.3309551775455475,0.6489200592041016,0.125,0.11157175065711056,0.4518311996885274,0,0.5642563312007485,71,1cb040da80f9,0.38562989234924316,1.281327486038208,0.0,0.27980784039629336,0.0,0,0.5545998792241684,128,54e485ae84d0,0.3358459174633026,0.7054898738861084,0.0,0.0,0.0,0,0.4401436373591423,151,506120811a05,0.384555459022522,1.2688997983932495,0.1666666716337204,0.14384099455923594,0.5432732281969198,0,0.739170724763241
217,e2bfb92834a7,classify organisms based on their characteristics or behavior,218,2f93e8f923e8,0.7398016452789307,6.169910430908203,0.375,0.09116076173031373,1.0,1,1.5158839238269688,31,53acfaed8c01,0.1922088861465454,0.3265324831008911,0.0,0.5493059776674438,0.0,0,0.13520782046068977,131,c3b47654a283,0.19065555930137634,0.3099569082260132,0.0,0.2027325123874243,0.0,0,0.16700054913433496,208,c1c0caaa937b,0.262877881526947,1.0806434154510498,0.1111111119389534,0.2027325123874243,0.3186673335261848,1,0.45579078497259895,36,e5bfe7745119,0.19444315135478973,0.35037440061569214,0.0,0.0,0.0,0,0.19425882771611214,19,9d76ae41867e,0.1753956526517868,0.1471179872751236,0.1111111119389534,0.2027325123874243,0.3186673335261848,0,0.2474451732066182,214,fc824bfe7bf0,0.17839659750461578,0.17914116382598877,0.0,0.09116076173031373,0.0,0,0.1555499562455773,181,49ccfbfcfc0a,0.2573931813240051,1.0221160650253296,0.0,0.2027325123874243,0.0,0,0.2900769656864018,96,1cbedefabffc,0.18904966115951538,0.2928203046321869,0.0,0.0,0.0,0,0.184312229976058,206,c32f9f13a109,0.2939741015434265,1.412472128868103,0.0,0.09116076173031373,0.0,1,0.4186960635168909
218,2f93e8f923e8,examine characteristics or behavior of living organisms,217,e2bfb92834a7,0.7398016452789307,5.107149124145508,0.375,0.09116076173031373,1.0,1,1.5158839238269688,151,506120811a05,0.23525011539459229,0.10725012421607971,0.0,0.2554127452163465,0.0,0,0.1743761015197777,165,72ea80489538,0.2986730933189392,0.7357457876205444,0.125,0.11157175065711056,0.3454858714962103,0,0.4286083718142991,210,39fb30c0c188,0.2466866374015808,0.22058135271072388,0.0,0.09116076173031373,0.0,1,0.2634698664231658,205,45b6fa08d56b,0.28239333629608154,0.5744200944900513,0.0,0.2554127452163465,0.0,1,0.3178197038433098,207,7663c229a426,0.4380139112472534,2.116556167602539,0.0,0.2554127452163465,0.0,1,0.6262786951920533,216,f20501abeeb8,0.45315492153167725,2.266597270965576,0.0,0.11157175065711056,0.0,1,0.670674068568513,208,c1c0caaa937b,0.26998090744018555,0.4514180123806,0.125,0.11157175065711056,0.3454858714962103,1,0.422921778758574,179,6a5f3442d709,0.24383190274238586,0.19229210913181305,0.0,0.0,0.0,0,0.21692751720547676,213,f1b4c19341de,0.37280601263046265,1.4703725576400757,0.0,0.09116076173031373,0.0,1,0.5134538588507532
219,573d5b3bbb3d,operate laboratory or field equipment,211,c7ea79acedc2,0.8467570543289185,4.634845733642578,0.5,0.11157175065711056,1.0,1,1.4888428264244051,137,a4f4cc8a14a2,0.49689817428588867,1.5871678590774536,0.4000000059604645,0.14384099455923594,0.6994019079972432,1,0.7817362995392767,184,389dd43f303d,0.3929363489151001,0.6815392374992371,0.0,0.0,0.0,1,0.39016747400164603,197,3a46124701c0,0.42855656147003174,0.9918327927589417,0.0,0.0,0.0,1,0.45765539556741713,70,d5bb4574fc4d,0.39484500885009766,0.6981658935546875,0.125,0.11157175065711056,0.1947348994185124,1,0.44362161851356513,201,42bb588edac5,0.4500201344490051,1.1788054704666138,0.1666666716337204,0.14384099455923594,0.2341455338246399,1,0.5534348696593309,189,a49d5a99c1d7,0.7621150016784668,3.897515296936035,0.3333333432674408,0.0,0.6351325434785776,1,1.254171742778976,129,06f6e71fddcf,0.40442848205566406,0.781649112701416,0.1428571492433548,0.0,0.2126294577434568,1,0.47774374003313164,74,318da22b73fb,0.4166412055492401,0.8880361318588257,0.1428571492433548,0.0,0.2126294577434568,1,0.500331695031148,132,22f88df4c22c,0.3009835481643677,-0.11947672814130783,0.1666666716337204,0.14384099455923594,0.2341455338246399,1,0.27890604400375124
220,7cd42be784e2,interpret design or operational test results,124,3b11edaeeba4,0.695845365524292,4.609914779663086,0.6666666865348816,0.0,1.0,1,1.4666666626930238,54,00ee16f445cd,0.3752763271331787,0.7325878143310547,0.1111111119389534,0.0,0.1697779033753869,1,0.49895508929697263,145,7809c19536e4,0.47867387533187866,1.9831955432891846,0.0,0.1682360897391828,0.0,1,0.6890994520989081,158,16ac0e74dbe1,0.3757706880569458,0.7385671734809875,0.125,0.11157175065711056,0.2946355476714843,1,0.5317921119969921,140,f07eaef01260,0.4967576265335083,2.201920986175537,0.125,0.11157175065711056,0.18537911611799004,1,0.7903446706845142,66,196087c93944,0.36921069025993347,0.6592230796813965,0.0833333358168602,0.23500177712287373,0.21544496568863478,1,0.4782907200692507,39,202cbfb3aef7,0.3492888808250427,0.41826602816581726,0.0,0.2554127452163465,0.0,1,0.35623521405072445,172,2c5271f1a3e4,0.44458067417144775,1.5708335638046265,0.10000000149011612,0.09116076173031373,0.15659879672067648,1,0.6566947960403925,62,c6d9ce80244c,0.3341352045536041,0.23498021066188812,0.20000000298023224,0.1682360897391828,0.30737100548384094,0,0.37477468498014743,151,506120811a05,0.366570383310318,0.6272882223129272,0.1428571492433548,0.2554127452163465,0.20413771715373902,0,0.41204828300997937
