q_idx,q_label,q_text,idx_1,label_1,sim_1,z_1,jacc_1,lenpen_1,bm25_1,mnn_1,score_1,idx_2,label_2,sim_2,z_2,jacc_2,lenpen_2,bm25_2,mnn_2,score_2,idx_3,label_3,sim_3,z_3,jacc_3,lenpen_3,bm25_3,mnn_3,score_3,idx_4,label_4,sim_4,z_4,jacc_4,lenpen_4,bm25_4,mnn_4,score_4,idx_5,label_5,sim_5,z_5,jacc_5,lenpen_5,bm25_5,mnn_5,score_5,idx_6,label_6,sim_6,z_6,jacc_6,lenpen_6,bm25_6,mnn_6,score_6,idx_7,label_7,sim_7,z_7,jacc_7,lenpen_7,bm25_7,mnn_7,score_7,idx_8,label_8,sim_8,z_8,jacc_8,lenpen_8,bm25_8,mnn_8,score_8,idx_9,label_9,sim_9,z_9,jacc_9,lenpen_9,bm25_9,mnn_9,score_9,idx_10,label_10,sim_10,z_10,jacc_10,lenpen_10,bm25_10,mnn_10,score_10
0,d52ebdd6c51c,train personnel on proper operational procedures,167,00c6f12023ab,0.48435288667678833,1.58260178565979,0.2857142984867096,0.11157175065711056,0.8065963084128944,1,1.4049964122596248,62,c6d9ce80244c,0.4727611541748047,1.4533684253692627,0.20000000298023224,0.1682360897391828,0.6090768487392924,1,1.2388132008715833,191,a9be4c9c15a1,0.5193711519241333,1.9730116128921509,0.1818181872367859,0.23500177712287373,0.5898036247287963,1,1.3649027758385621,164,0c9fad019eee,0.474523663520813,1.4730181694030762,0.1428571492433548,0.2554127452163465,0.35035564487217496,1,1.062939416290705,114,98e7b9000779,0.33800098299980164,-0.049039050936698914,0.1666666716337204,0.45814521593713003,0.562135019628792,1,0.7656037647795171,57,c1933354ef21,0.4864579439163208,1.6060705184936523,0.1428571492433548,0.2554127452163465,0.35035564487217496,1,1.0999797542108942,119,b729f6985724,0.3705626130104065,0.31398242712020874,0.1111111119389534,0.0,0.42020984140568113,1,0.8174534766204475,35,e19513a85bed,0.4957028031349182,1.709139108657837,0.1428571492433548,0.2554127452163465,0.35035564487217496,1,1.128673027874415,37,78a6d412d86e,0.42145782709121704,0.881400465965271,0.2222222238779068,0.09116076173031373,1.0,1,1.3601141110642314,30,c6a87cc5d35e,0.5577137470245361,2.4004836082458496,0.1428571492433548,0.2554127452163465,0.35035564487217496,1,1.3211362768425394
1,06d678da6c8d,prepare procedural documents,77,9b108680399f,0.5879737734794617,3.7598297595977783,0.5,0.0,1.0,1,1.730000025331974,198,edb3d68bc36f,0.2207566797733307,-0.09270365536212921,0.1428571492433548,0.2554127452163465,0.5866964104389011,0,0.5781330550304596,203,79676bc4eb6a,0.2812538743019104,0.541982114315033,0.0,0.3465735069466602,0.0,1,0.38402708151387205,196,0f2541e582f8,0.28982484340667725,0.6319015026092529,0.125,0.3465735069466602,0.4460490190027163,1,0.7076011747590012,30,c6a87cc5d35e,0.3064582943916321,0.8064057230949402,0.20000000298023224,0.0,0.4185432430857448,0,0.6749873698480745,95,7c80e08ee743,0.5105376839637756,2.9474353790283203,0.5,0.0,1.0,1,1.567520669400692,15,c5e6a1a8c44d,0.31587567925453186,0.9052050113677979,0.1666666716337204,0.14384099455923594,0.38008251264002774,1,0.7373488396484625,188,be19a52818cf,0.28666943311691284,0.598797619342804,0.1428571492433548,0.2554127452163465,0.3480953704871541,1,0.6398114728283492,153,8594b6595861,0.26076173782348633,0.3269958198070526,0.1428571492433548,0.2554127452163465,0.3480953704871541,0,0.501363743032178,17,e1dbddbff402,0.3742767870426178,1.5179004669189453,0.1666666716337204,0.14384099455923594,0.38008251264002774,1,0.868487484760977
2,771b010da2fa,"recommend technical design or process changes to improve efficiency, quality, or performance",29,ef7349785e11,0.6489007472991943,3.810845375061035,0.1818181872367859,0.4054650386637325,0.5410330217665478,1,1.4318130067054076,51,6385c0e2eb2e,0.47639530897140503,1.426978588104248,0.27272728085517883,0.29389328800662196,1.0,1,1.284019782401101,81,e9ce432833f3,0.47256794571876526,1.3740880489349365,0.1666666716337204,0.29389328800662196,0.6661069603241577,1,1.0511912127935616,18,1c10b347eeee,0.3857828676700592,0.17479796707630157,0.09090909361839294,0.5493060332229684,0.22346917081886988,1,0.48282642315446506,157,018f6a0e7f9a,0.40363287925720215,0.42146873474121094,0.125,0.0,0.36036418183651636,1,0.6808215972563122,68,7a9450b42a26,0.36828237771987915,-0.06704272329807281,0.1818181872367859,0.4054650386637325,0.40979793308446816,1,0.5746007366113178,145,7809c19536e4,0.5613511800765991,2.6009907722473145,0.06666667014360428,0.12565719826743915,0.15907974871851754,1,0.9712523191037559,99,78b76b55f875,0.39907604455947876,0.3584974408149719,0.0833333358168602,0.4054650386637325,0.3341692546148913,1,0.6121028721184814,9,3cdbc3929112,0.4865459203720093,1.5672507286071777,0.0833333358168602,0.4054650386637325,0.20293416593281158,1,0.763435978384808,102,f2c8cd5b27ab,0.5175262689590454,1.9953707456588745,0.07692307978868484,0.29389328800662196,0.2803772187470784,1,0.9157686799702381
3,33b4e36b0d81,confer with technical personnel to prepare designs or operational plans,62,c6d9ce80244c,0.7428849935531616,4.3185858726501465,0.27272728085517883,0.0,0.99530758268517,1,1.77216988747137,145,7809c19536e4,0.533489465713501,1.6125186681747437,0.27272728085517883,0.0,1.0,1,1.2836631003022194,15,c5e6a1a8c44d,0.5089645385742188,1.2955772876739502,0.2222222238779068,0.27980784039629336,0.8812522236029512,1,1.1194852952018197,186,4c7ceb754866,0.3899726867675781,-0.24218213558197021,0.20000000298023224,0.1682360897391828,0.6227890661610791,1,0.6681590889031251,103,6680fc36f234,0.5318257808685303,1.5910184383392334,0.20000000298023224,0.1682360897391828,0.6606693773587912,1,1.0327030540894746,35,e19513a85bed,0.47598913311958313,0.8694284558296204,0.25,0.4236488349555293,0.7193948505967354,1,0.9115110859098842,10,365ec2897755,0.4422592222690582,0.43352895975112915,0.09090909361839294,0.1682360897391828,0.41404231592543655,1,0.6529751153612098,83,4ffdd533affb,0.5051302909851074,1.2460263967514038,0.10000000149011612,0.27980784039629336,0.45208944765912534,1,0.8207072089675828,191,a9be4c9c15a1,0.4495774805545807,0.5281044840812683,0.1538461595773697,0.06676568738369093,0.4355340937421637,1,0.6921053858334484,194,094e12b11051,0.45488831400871277,0.5967376232147217,0.09090909361839294,0.1682360897391828,0.28498807470557874,1,0.5933816506908401
4,9fc64a999e12,"communicate technical information to suppliers, contractors, or regulatory agencies",142,c71cb5036aef,0.577830970287323,3.661362648010254,0.1666666716337204,0.0,1.0,1,1.7966666954755783,154,17f9d29c543d,0.37840795516967773,0.6711511611938477,0.1666666716337204,0.0,0.6014932466855267,1,0.8684502812045249,27,88a991273442,0.36412352323532104,0.45696592330932617,0.10000000149011612,0.27980784039629336,0.5542711270971936,1,0.765116694875296,199,0d99df7b9f80,0.538283109664917,3.0683696269989014,0.1818181872367859,0.07707532800886907,0.8768824657917131,1,1.5713743216998912,18,1c10b347eeee,0.3981742262840271,0.9675328731536865,0.1111111119389534,0.4236488349555293,0.35157930991361547,1,0.7202173781553769,16,6e6ec1a475b8,0.443831205368042,1.652127981185913,0.09090909361839294,0.1682360897391828,0.29240259438360094,1,0.8569115622519776,3,33b4e36b0d81,0.4145418703556061,1.2129545211791992,0.07692307978868484,0.0,0.25027679688765847,1,0.7488032234800256,198,edb3d68bc36f,0.3880738914012909,0.8160852789878845,0.09090909361839294,0.1682360897391828,0.29240259438360094,1,0.672677084672384,169,2d10ff099811,0.3871321678161621,0.8019647598266602,0.09090909361839294,0.1682360897391828,0.41033208986285585,1,0.7521160561262019,84,c6940290ea74,0.4684007465839386,2.020531415939331,0.09090909361839294,0.1682360897391828,0.29240259438360094,1,0.9380947573661134
5,abdac161e57b,design medical devices or appliances,162,957f012e4031,0.4687243700027466,3.0532639026641846,0.1666666716337204,0.14384099455923594,1.0,1,1.7529835752524427,213,f1b4c19341de,0.2534591853618622,-0.2655531167984009,0.1111111119389534,0.2027325123874243,0.7671232876712328,1,0.7791052114706418,127,3d77dabe7560,0.46417880058288574,2.9831833839416504,0.1428571492433548,0.0,0.46335877870863124,1,1.3792240173294328,157,018f6a0e7f9a,0.3432080149650574,1.1181353330612183,0.0833333358168602,0.4054650386637325,0.31748657059665475,1,0.7870216588371126,29,ef7349785e11,0.278978556394577,0.1278877705335617,0.1428571492433548,0.0,0.46335877870863124,0,0.6017270182742855,68,7a9450b42a26,0.2451019585132599,-0.39439934492111206,0.1428571492433548,0.0,0.46335877870863124,0,0.47414174317560404,219,573d5b3bbb3d,0.3038463890552521,0.5112836956977844,0.0,0.0,0.0,1,0.4614110904932022,147,a2140782858a,0.23439164459705353,-0.5595239400863647,0.125,0.11157175065711056,0.4243632379262217,1,0.4757334593728829,155,f6d7dbe3f71e,0.3366440534591675,1.0169365406036377,0.1666666716337204,0.14384099455923594,0.5102462741731951,1,0.9150370287872391,131,c3b47654a283,0.3397209942340851,1.0643748044967651,0.0,0.0,0.0,1,0.6003005149960517
6,75e527217c38,research engineering aspects of biological or chemical processes,206,c32f9f13a109,0.5962940454483032,3.488097906112671,0.375,0.09116076173031373,1.0,1,1.7458839476688266,141,dbc0d59bd942,0.3473065197467804,0.7672854065895081,0.2222222238779068,0.09116076173031373,0.6219592058133134,1,0.9095278849217587,49,824d3015533f,0.3171529769897461,0.4377823770046234,0.10000000149011612,0.09116076173031373,0.2988671198922223,0,0.538454383849108,59,da6e8742f6bf,0.4691428542137146,2.0986526012420654,0.25,0.2027325123874243,0.6211695670957962,1,1.188675113904489,214,fc824bfe7bf0,0.34211474657058716,0.7105522751808167,0.10000000149011612,0.09116076173031373,0.4049996907988265,1,0.754595719617497,208,c1c0caaa937b,0.2487037032842636,-0.3101974129676819,0.1111111119389534,0.2027325123874243,0.29483898213239673,1,0.4345144859322371,183,ff9c96c6d776,0.3362386226654053,0.6463409066200256,0.09090909361839294,0.0,0.24906489358216158,1,0.6406787569732342,181,49ccfbfcfc0a,0.4027518332004547,1.3731642961502075,0.1111111119389534,0.2027325123874243,0.47072232479609577,1,0.9384991838534907,204,62b52b411f3a,0.5156574249267578,2.606940746307373,0.25,0.2027325123874243,0.7370548607343586,1,1.3816885925304012,157,018f6a0e7f9a,0.3477141857147217,0.7717401385307312,0.1538461595773697,0.20273252627630822,0.4653176280529234,1,0.7952055016016816
7,bfcc3cdee21d,devise research or testing protocols,188,be19a52818cf,0.2836724817752838,1.2475322484970093,0.125,0.11157175065711056,1.0,1,1.4058479156477899,209,2ac9980eb5e6,0.2674354612827301,0.8228371143341064,0.1111111119389534,0.2027325123874243,0.6149755153908953,0,0.9400283530022152,134,469df54e4928,0.3190115690231323,2.171860694885254,0.0,0.4054650386637325,0.0,0,0.854163723980726,195,6b483cafcca2,0.3381265103816986,2.671830654144287,0.0,0.0,0.0,1,1.1056993472576142,158,16ac0e74dbe1,0.29315635561943054,1.4955922365188599,0.0,0.0,0.0,1,0.7975320088863372,59,da6e8742f6bf,0.24768948554992676,0.3063617944717407,0.1428571492433548,0.0,0.7279980425438168,0,0.9045129662832238,205,45b6fa08d56b,0.20726042985916138,-0.751099705696106,0.1666666716337204,0.14384099455923594,0.8016645111345602,1,0.7516010131954987,208,c1c0caaa937b,0.2066378891468048,-0.7673828601837158,0.1428571492433548,0.0,0.7279980425438168,1,0.7108532154640175,214,fc824bfe7bf0,0.24061942100524902,0.12143734842538834,0.125,0.11157175065711056,1.0,1,1.1178424406929464,56,269bfa3db5c6,0.3416726589202881,2.7645835876464844,0.0,0.11157175065711056,0.0,1,1.118842851756379
8,04d0abdf0b41,develop operational methods or processes that use green materials or emphasize sustainability,148,253c9a1feb09,0.682024359703064,3.2931416034698486,0.0714285746216774,0.34657354027998,0.3971492778525809,1,1.3590614538566796,57,c1933354ef21,0.2571347951889038,-0.4963899254798889,0.1818181872367859,0.6019862854963265,0.6591046042245914,0,0.5096796702050199,94,832ecabbf00a,0.56148761510849,2.2180910110473633,0.0714285746216774,0.34657354027998,0.2791607921593588,1,1.0141003132841513,9,3cdbc3929112,0.35661542415618896,0.3908641040325165,0.27272728085517883,0.45814529093709055,1.0,1,1.048864028123412,130,cbb58925807f,0.3001526892185211,-0.11271926015615463,0.0833333358168602,0.6019862854963265,0.40694789496267003,1,0.5086991109009305,174,003763627ff4,0.4510841369628906,1.2334175109863281,0.06666667014360428,0.25541277854966626,0.20334964494839133,1,0.730326437132772,72,91e3b64a6f04,0.5860729217529297,2.437363862991333,0.0625,0.1783374505407972,0.3399328564670396,1,1.128404203537103,176,62eda05f366c,0.5554087162017822,2.1638741493225098,0.07692307978868484,0.45814529093709055,0.43364407635795327,1,1.097043232010667,139,80c1c070d6f0,0.3283984661102295,0.13920092582702637,0.0714285746216774,0.34657354027998,0.3384517146224187,0,0.46824500192626,92,3f67b920ee49,0.4550783634185791,1.2690415382385254,0.06666667014360428,0.25541277854966626,0.30226484596362396,1,0.808269169716127
9,3cdbc3929112,develop technical methods or processes,48,23ca56c5d573,0.6311672925949097,3.0300097465515137,0.3333333432674408,0.0,1.0,1,1.7633333492279053,84,c6940290ea74,0.5603403449058533,2.171269178390503,0.2857142984867096,0.11157175065711056,0.7852673921958094,1,1.4124870466357957,59,da6e8742f6bf,0.45599085092544556,0.9060851335525513,0.1428571492433548,0.0,0.5091386755288673,1,0.951729078788233,8,04d0abdf0b41,0.35661542415618896,-0.2987910211086273,0.27272728085517883,0.45814529093709055,0.9727897385813257,1,0.9375642404669678,21,c9b70de179fe,0.5023014545440674,1.4675774574279785,0.1428571492433548,0.0,0.4600056990490311,1,1.0511304594232804,182,8729852fc4b8,0.5806663632392883,2.4177117347717285,0.25,0.2027325123874243,0.8447488584474884,1,1.5082112496909026,204,62b52b411f3a,0.3954216241836548,0.17171427607536316,0.3333333432674408,0.0,1.0,1,1.107649898827076,2,771b010da2fa,0.4865459203720093,1.2765496969223022,0.0833333358168602,0.4054650386637325,0.2723072551832694,1,0.8407112985010624,10,365ec2897755,0.45632344484329224,0.9101176261901855,0.125,0.11157175065711056,0.4945492360194517,1,0.9331253464642808,18,1c10b347eeee,0.42577072978019714,0.539681613445282,0.1666666716337204,0.14384099455923594,0.4376366601159687,1,0.7979900973952664
10,365ec2897755,create models of engineering designs or methods,131,c3b47654a283,0.5655274391174316,2.613412380218506,0.2857142984867096,0.11157175065711056,1.0,1,1.7616999980195016,141,dbc0d59bd942,0.47329771518707275,1.5079463720321655,0.25,0.0,0.7567483094442703,1,1.3445958597437713,48,23ca56c5d573,0.39717739820480347,0.5955676436424255,0.125,0.11157175065711056,0.37911370641117814,1,0.8631767241768477,90,2e4769a8f723,0.3570936918258667,0.11512405425310135,0.10000000149011612,0.09116076173031373,0.4355630480104583,1,0.7886293239972281,102,f2c8cd5b27ab,0.42991065979003906,0.9879087805747986,0.1111111119389534,0.0,0.3712529889115234,1,0.9669752949434497,12,9251af4a3821,0.3588483929634094,0.13615591824054718,0.1111111119389534,0.0,0.3854953205327469,1,0.7669915146647089,154,17f9d29c543d,0.4839181900024414,1.6352434158325195,0.09090909361839294,0.1682360897391828,0.32995785910006303,1,1.0839028328334428,6,75e527217c38,0.36557888984680176,0.21682770550251007,0.10000000149011612,0.09116076173031373,0.35557102624481673,1,0.757758601810233,163,3ac212a9f7c3,0.41140133142471313,0.7660558223724365,0.1111111119389534,0.0,0.3712529889115234,1,0.9122894638735034,104,985eed507e3a,0.4659535884857178,1.4199196100234985,0.10000000149011612,0.09116076173031373,0.34243426374487546,1,1.0457609997407629
11,810124c49b5c,maintain operational records or records systems,43,61355ce7e829,0.6663769483566284,3.905094623565674,0.4000000059604645,0.2554127452163465,1.0,1,1.724458754088595,22,bab0b2935945,0.41196298599243164,1.227673053741455,0.10000000149011612,0.1682360897391828,0.12052763888052405,1,0.6323486325367104,91,b1f99c3dcd62,0.2879617214202881,-0.07730124145746231,0.125,0.0,0.18259454933882405,1,0.4258267665669963,52,7f83579eb5ca,0.2902089059352875,-0.053652144968509674,0.1111111119389534,0.09116076173031373,0.19939538013577568,1,0.4338673102456696,200,9ff41f315fd5,0.3312799632549286,0.3785746693611145,0.1666666716337204,0.2554127452163465,0.21954820813358603,1,0.5160078933909136,136,ded8762bb927,0.2782350182533264,-0.17966388165950775,0.1666666716337204,0.2554127452163465,0.25992612053413616,1,0.43207110647591984,86,19ea31d71f7c,0.6320694088935852,3.544046401977539,0.2857142984867096,0.0,0.39877072879295705,1,1.2811284146312358,167,00c6f12023ab,0.5118715167045593,2.2790982723236084,0.1428571492433548,0.11157175065711056,0.15375417716650638,1,0.8695568143028065,27,88a991273442,0.3294389247894287,0.3591998219490051,0.1428571492433548,0.11157175065711056,0.2360410175661345,1,0.5394665108364542,197,3a46124701c0,0.41502809524536133,1.259929895401001,0.3333333432674408,0.11157175065711056,0.35312768509322234,1,0.7851406891849656
12,9251af4a3821,supervise engineering or other technical personnel,184,389dd43f303d,0.5963279008865356,3.6195998191833496,0.5,0.11157175065711056,1.0,1,1.718842850266263,154,17f9d29c543d,0.43184083700180054,1.6920195817947388,0.3333333432674408,0.1682360897391828,0.7563663691824059,1,1.1698663725841827,111,059770361813,0.3441956043243408,0.6649284958839417,0.0,0.0,0.0,1,0.46531167060136797,62,c6d9ce80244c,0.39572805166244507,1.268823504447937,0.20000000298023224,0.1682360897391828,0.526213114380662,1,0.9328366646613468,103,6680fc36f234,0.49891066551208496,2.4779930114746094,0.4285714328289032,0.0,0.8406785376363181,1,1.3969074454153803,114,98e7b9000779,0.3194419741630554,0.37484726309776306,0.1666666716337204,0.45814521593713003,0.39835818052728705,1,0.6229301704965182,157,018f6a0e7f9a,0.3749471604824066,1.02529776096344,0.07692307978868484,0.29389328800662196,0.2549536436449329,1,0.6886258233910153,78,98d9410b9c2c,0.38114532828330994,1.0979324579238892,0.2857142984867096,0.11157175065711056,0.7533471913043244,1,1.0526363807932695,160,56c85bc2a8f3,0.45177483558654785,1.9256207942962646,0.0,0.11157175065711056,0.0,1,0.7377622094138117,9,3cdbc3929112,0.39505988359451294,1.2609933614730835,0.125,0.11157175065711056,0.24665280869567568,1,0.7485366036247356
13,f7e80a0049c6,estimate operational costs,88,d1809a4492b8,0.6826073527336121,3.259568452835083,0.4000000059604645,0.14384099455923594,1.0,1,1.7356159291543058,30,c6a87cc5d35e,0.3359339237213135,0.3011644184589386,0.20000000298023224,0.0,0.2943049496355578,0,0.5228809019585497,14,ccf9fc39d00f,0.36192166805267334,0.5229358077049255,0.125,0.3465735069466602,0.3883328338527272,1,0.6914801287541007,81,e9ce432833f3,0.45690667629241943,1.3335086107254028,0.1428571492433548,0.2554127452163465,0.2447684729642263,1,0.7908571752353267,104,985eed507e3a,0.3672739863395691,0.5686108469963074,0.125,0.3465735069466602,0.45641602459476116,1,0.7499985967725021,57,c1933354ef21,0.4291108250617981,1.096307396888733,0.20000000298023224,0.0,0.2943049496355578,1,0.789177078123892,106,48548f20bc23,0.4322386384010315,1.1229991912841797,0.20000000298023224,0.0,0.5062195869865909,1,0.9437710063465462,174,003763627ff4,0.38147640228271484,0.6898098587989807,0.125,0.3465735069466602,0.2257681805423457,1,0.6173628937022679,164,0c9fad019eee,0.34007176756858826,0.3364754915237427,0.20000000298023224,0.0,0.2943049496355578,1,0.6111540005763418,118,eb485b5cf6a6,0.3310205340385437,0.25923508405685425,0.20000000298023224,0.0,0.2943049496355578,1,0.5930571400781519
14,ccf9fc39d00f,estimate time requirements for development or production projects,98,207462e43a8e,0.7610617876052856,5.11966609954834,0.625,0.07707532800886907,1.0,1,1.6972924940212033,215,79b70e0eb0dc,0.32516902685165405,0.6057063937187195,0.20000000298023224,0.0,0.42342182472340045,1,0.6320680711417818,146,284cc33eb902,0.29475414752960205,0.290740042924881,0.1111111119389534,0.2027325123874243,0.26485280277894196,0,0.37173635356096907,106,48548f20bc23,0.5030838847160339,2.4481332302093506,0.2857142984867096,0.3465735069466602,0.5833067680250507,1,1.0076525566220615,172,2c5271f1a3e4,0.3381458520889282,0.7400900721549988,0.0,0.0,0.0,0,0.2891446352005005,159,3319e1abdfb1,0.29237595200538635,0.2661122679710388,0.10000000149011612,0.09116076173031373,0.24256321046586268,0,0.36354047858238614,13,f7e80a0049c6,0.36192166805267334,0.9863044619560242,0.125,0.3465735069466602,0.29165338401252533,1,0.5735162203552839,130,cbb58925807f,0.3105699419975281,0.45452314615249634,0.0,0.3465735069466602,0.0,1,0.2848763083760642,49,824d3015533f,0.38503605127334595,1.225669264793396,0.0,0.09116076173031373,0.0,0,0.3643873406036257,63,50171927f859,0.28862982988357544,0.2273186594247818,0.0833333358168602,0.07707532800886907,0.20761766319535704,0,0.33451110267419
15,c5e6a1a8c44d,prepare detailed work plans,61,dc17b84d2d6b,0.5629953145980835,3.7971560955047607,0.125,0.11157175065711056,0.7623573517492219,1,1.62749299202037,35,e19513a85bed,0.42047029733657837,1.7415614128112793,0.1666666716337204,0.14384099455923594,0.5879536033823557,1,1.0530085702424863,3,33b4e36b0d81,0.5089645385742188,3.0178866386413574,0.2222222238779068,0.27980784039629336,1.0,1,1.5922796620319954,46,f64f2eefbcb7,0.5102117657661438,3.035875082015991,0.125,0.11157175065711056,0.6793257159988328,1,1.4047687759482683,38,a3c08ed1a115,0.268425315618515,-0.45133671164512634,0.1111111119389534,0.2027325123874243,0.7031789271842136,0,0.5786430062239066,1,06d678da6c8d,0.31587567925453186,0.23302532732486725,0.1666666716337204,0.14384099455923594,0.5879536033823557,1,0.7294888784175733,17,e1dbddbff402,0.32708287239074707,0.3946632444858551,0.1428571492433548,0.0,0.533925434422896,1,0.7420621465948064,119,b729f6985724,0.3430265784263611,0.624614417552948,0.0,0.11157175065711056,0.0,1,0.4161539863927812,71,1cb040da80f9,0.31351712346076965,0.19900859892368317,0.10000000149011612,0.27980784039629336,0.5814567569142552,0,0.62726244426398,153,8594b6595861,0.27251747250556946,-0.3923167884349823,0.125,0.11157175065711056,0.4889911156843355,0,0.4503003835925287
16,6e6ec1a475b8,prepare technical reports for internal use,30,c6a87cc5d35e,0.6344515085220337,3.8931567668914795,0.3333333432674408,0.2554127452163465,0.8886075636194724,1,1.6598173692399014,9,3cdbc3929112,0.44033411145210266,1.2614825963974,0.125,0.11157175065711056,0.2849401584428574,1,0.7417942064202894,186,4c7ceb754866,0.5781612992286682,3.130023241043091,0.4285714328289032,0.0,1.0,1,1.5938326704502106,68,7a9450b42a26,0.34581711888313293,-0.019896244630217552,0.125,0.11157175065711056,0.2849401584428574,1,0.47326206810246596,189,a49d5a99c1d7,0.3528136610984802,0.07495676726102829,0.125,0.11157175065711056,0.2849401584428574,1,0.49313993401299605,4,9fc64a999e12,0.443831205368042,1.3088932037353516,0.09090909361839294,0.1682360897391828,0.22336410725393485,1,0.7061758396135291,17,e1dbddbff402,0.38836807012557983,0.5569723844528198,0.125,0.11157175065711056,0.3377441955314223,1,0.6311163719771258,198,edb3d68bc36f,0.3552510440349579,0.10800068080425262,0.1111111119389534,0.0,0.26096004609865653,1,0.49506397456151147,145,7809c19536e4,0.37697362899780273,0.4024965167045593,0.09090909361839294,0.1682360897391828,0.22336410725393485,1,0.514963338236662,18,1c10b347eeee,0.3796098232269287,0.4382357597351074,0.1428571492433548,0.2554127452163465,0.3137733887614799,1,0.5740209955422618
17,e1dbddbff402,"prepare contracts, disclosures, or applications",121,66497e9d2189,0.4784264862537384,2.7080740928649902,0.125,0.11157175065711056,0.6432466923511952,1,1.5441155304417513,168,ab35d13698b5,0.3287844955921173,0.5651494860649109,0.1111111119389534,0.2027325123874243,1.0,1,1.2102133342591137,95,7c80e08ee743,0.442909836769104,2.1994636058807373,0.1666666716337204,0.14384099455923594,0.7734275705651276,1,1.4881465062302923,15,c5e6a1a8c44d,0.32708287239074707,0.5407816767692566,0.1428571492433548,0.0,0.7023558478645483,1,1.0128287191951673,188,be19a52818cf,0.3200981616973877,0.44075819849967957,0.125,0.11157175065711056,0.6432466923511952,1,0.9349648301706217,35,e19513a85bed,0.36255478858947754,1.048751711845398,0.1666666716337204,0.14384099455923594,0.7734275705651276,1,1.1815027668876028,153,8594b6595861,0.28837651014328003,-0.013506717048585415,0.125,0.11157175065711056,0.6432466923511952,0,0.7329192796752356,77,9b108680399f,0.4537660479545593,2.3549282550811768,0.1666666716337204,0.14384099455923594,0.7734275705651276,1,1.5295749679011679,4,9fc64a999e12,0.3922681212425232,1.4742567539215088,0.0,0.27980784039629336,0.0,1,0.7624495251368156,16,6e6ec1a475b8,0.38836807012557983,1.4184067249298096,0.125,0.11157175065711056,0.6432466923511952,1,1.1976257358894251
18,1c10b347eeee,update technical knowledge,52,7f83579eb5ca,0.6612122654914856,4.321627616882324,0.125,0.3465735069466602,1.0,1,1.7703426701669596,194,094e12b11051,0.27116063237190247,-0.13803142309188843,0.1428571492433548,0.2554127452163465,0.5426793912712595,0,0.5290762567049111,184,389dd43f303d,0.3272138237953186,0.502853274345398,0.1666666716337204,0.14384099455923594,0.5925472272259159,1,0.7754339046133565,198,edb3d68bc36f,0.38948628306388855,1.2148460149765015,0.1428571492433548,0.2554127452163465,0.5426793912712595,1,0.8659262199228848,9,3cdbc3929112,0.42577072978019714,1.6297045946121216,0.1666666716337204,0.14384099455923594,0.5925472272259159,1,0.9883743814481305,103,6680fc36f234,0.5058465600013733,2.5452523231506348,0.1428571492433548,0.2554127452163465,0.5426793912712595,1,1.1185099099105444,16,6e6ec1a475b8,0.3796098232269287,1.1019234657287598,0.1428571492433548,0.2554127452163465,0.5426793912712595,1,0.8444873381680096,4,9fc64a999e12,0.3981742262840271,1.3141796588897705,0.1111111119389534,0.4236488349555293,0.4644967671050612,1,0.8160337310371749,145,7809c19536e4,0.32837212085723877,0.5160966515541077,0.1111111119389534,0.4236488349555293,0.4644967671050612,0,0.5835721873579376,189,a49d5a99c1d7,0.2666673958301544,-0.18940488994121552,0.1666666716337204,0.14384099455923594,0.5925472272259159,0,0.5646182645214605
19,9d76ae41867e,evaluate characteristics of equipment or systems,63,50171927f859,0.5637671947479248,2.289611577987671,0.2222222238779068,0.27980784039629336,0.7838983050847458,1,1.5853218557135023,74,318da22b73fb,0.3944481313228607,0.08415314555168152,0.3333333432674408,0.0,1.0,1,1.1622219483554364,165,72ea80489538,0.45201388001441956,0.8339734673500061,0.1428571492433548,0.0,0.7784575543737715,1,1.2269893679375863,76,298036041aa4,0.5697509050369263,2.3675522804260254,0.125,0.11157175065711056,0.4026515548795365,1,1.3756989342115902,180,893bb3cbc01a,0.4569680392742157,0.8985036611557007,0.125,0.11157175065711056,0.5546625162714656,1,1.078988428937535,127,3d77dabe7560,0.4867321252822876,1.2861945629119873,0.3333333432674408,0.0,1.0,1,1.4786627951264382,66,196087c93944,0.5054413080215454,1.5298901796340942,0.20000000298023224,0.3465735277799843,0.7312252964426877,1,1.3407033506997479,84,c6940290ea74,0.4691442847251892,1.0571048259735107,0.2857142984867096,0.11157175065711056,0.9158415841584159,1,1.3544688686381754,137,a4f4cc8a14a2,0.47960370779037476,1.1933436393737793,0.1666666716337204,0.14384099455923594,0.4841405600337284,1,1.1015887654718917,56,269bfa3db5c6,0.5091081857681274,1.577652931213379,0.125,0.11157175065711056,0.4026515548795365,1,1.1589444977186703
20,1bd49058235f,advise customers on the use of products or services,198,edb3d68bc36f,0.5534757375717163,3.1268539428710938,0.25,0.0,1.0,1,1.7800000298023224,89,b03b706832f2,0.3867841958999634,1.175857424736023,0.2222222238779068,0.09116076173031373,0.7225616109728319,1,1.1129512238736166,153,8594b6595861,0.4640232026576996,2.079880714416504,0.25,0.0,0.7833712515002486,1,1.377918362094581,53,a68e486bae8e,0.4009093940258026,1.341181993484497,0.2222222238779068,0.09116076173031373,0.7225616109728319,1,1.1527174163098348,113,322cdff981bb,0.37028300762176514,0.9827236533164978,0.10000000149011612,0.09116076173031373,0.4840138561647643,1,0.9114196842480318,187,02b0fa193387,0.3559750020503998,0.8152593970298767,0.1111111119389534,0.0,0.32738017882535575,1,0.7686386324161371,79,5b935f6121b7,0.43068382143974304,1.6896687746047974,0.0,0.2554127452163465,0.0,1,0.7434873014947914,80,4e4d6d43dbf9,0.37615007162094116,1.0513931512832642,0.125,0.11157175065711056,0.518924137837387,1,0.9482170023114014,116,1cf7420e0aac,0.2948671877384186,0.10003931075334549,0.10000000149011612,0.09116076173031373,0.43836057305897985,1,0.6619853475712895,150,3ffc9e8eaffb,0.346490740776062,0.7042533755302429,0.125,0.11157175065711056,0.3574637628255236,1,0.7500811101043438
21,c9b70de179fe,develop software or computer applications,9,3cdbc3929112,0.5023014545440674,3.367037773132324,0.1428571492433548,0.0,0.5687974760422746,1,1.4995868331832436,200,9ff41f315fd5,0.40083765983581543,1.9415112733840942,0.1666666716337204,0.14384099455923594,1.0,1,1.4570170394457869,69,636981831618,0.3773954510688782,1.6121574640274048,0.125,0.11157175065711056,0.7411009581066669,1,1.2089164504615368,91,b1f99c3dcd62,0.39678752422332764,1.884608507156372,0.125,0.11157175065711056,0.5209283815238653,1,1.117470891959796,111,059770361813,0.3264888823032379,0.896940290927887,0.0,0.11157175065711056,0.0,1,0.5367561545355768,163,3ac212a9f7c3,0.2773701846599579,0.20684193074703217,0.125,0.11157175065711056,0.5209283815238653,1,0.7315132448448038,70,d5bb4574fc4d,0.3430200517177582,1.1291966438293457,0.125,0.11157175065711056,0.8316831683168318,0,1.0812224596657658,171,02b5b4014078,0.24992437660694122,-0.17876087129116058,0.1428571492433548,0.0,0.5687974760422746,0,0.6067444305760411,93,4b8b2b6692c3,0.346851646900177,1.183029055595398,0.1428571492433548,0.0,0.5687974760422746,1,0.9989225543183831,182,8729852fc4b8,0.4041869640350342,1.9885677099227905,0.1111111119389534,0.2027325123874243,0.4804910185745242,1,1.105882149232907
22,bab0b2935945,"analyze operational data to evaluate operations, processes or products",36,e5bfe7745119,0.7627027034759521,3.643089532852173,0.30000001192092896,0.07707532800886907,1.0,1,1.7622924916370175,49,824d3015533f,0.411864697933197,-0.004806774668395519,0.20000000298023224,0.1682360897391828,0.7191305709607526,1,0.8340321863110867,151,506120811a05,0.6897984147071838,2.8850550651550293,0.25,0.4236488349555293,0.8028644568511064,1,1.4468687186658298,118,eb485b5cf6a6,0.47731953859329224,0.6757707595825195,0.25,0.4236488349555293,0.847559794159538,1,1.0329043438405603,158,16ac0e74dbe1,0.43605056405067444,0.24666978418827057,0.2222222238779068,0.27980784039629336,0.8801861777961298,1,0.9854001758925818,59,da6e8742f6bf,0.49328354001045227,0.8417591452598572,0.2222222238779068,0.27980784039629336,0.9265294613902093,1,1.1384389507885473,85,e9ceea91a9c3,0.48602694272994995,0.7663074731826782,0.25,0.4236488349555293,0.9245572989551634,1,1.1050490206505905,180,893bb3cbc01a,0.34251636266708374,-0.7258675694465637,0.20000000298023224,0.1682360897391828,0.7191305709607526,1,0.6872589951421824,143,fd635c6ca5be,0.4181496202945709,0.060541749000549316,0.1818181872367859,0.07707532800886907,0.6501828557936182,1,0.8091975203260723,100,6002eddcd7d0,0.554700493812561,1.4803520441055298,0.10000000149011612,0.27980784039629336,0.3035976059876543,1,0.8455912069221868
23,9a8d83e8b2e2,conduct environmental audits,96,1cbedefabffc,0.5850041508674622,3.043062210083008,0.125,0.3465735069466602,0.7003880942153806,1,1.5606143361177263,143,fd635c6ca5be,0.22183796763420105,-0.5156888961791992,0.125,0.3465735069466602,0.9223744292237441,0,0.7429373324681678,105,8bb47fa10a52,0.4797245264053345,2.0114023685455322,0.1666666716337204,0.14384099455923594,0.8291080682873968,1,1.4058683509089214,152,fbe465293a7d,0.5572947263717651,2.771531105041504,0.1428571492433548,0.2554127452163465,0.7593316466988533,1,1.5395162574676802,128,54e485ae84d0,0.41768473386764526,1.4034597873687744,0.1666666716337204,0.14384099455923594,0.8291080682873968,1,1.2545457327820522,72,91e3b64a6f04,0.47363847494125366,1.9517637491226196,0.1111111119389534,0.4236488349555293,0.6499364094625779,1,1.2457652359159561,56,269bfa3db5c6,0.25771790742874146,-0.16409289836883545,0.1428571492433548,0.2554127452163465,1.0,0,0.8938570824524902,92,3f67b920ee49,0.3739103674888611,0.9745044708251953,0.125,0.3465735069466602,0.7003880942153806,1,1.0415104514207656,71,1cb040da80f9,0.4075198173522949,1.3038513660430908,0.1111111119389534,0.4236488349555293,0.6499364094625779,1,1.0827312140615555,28,ce1178bafa1d,0.321392297744751,0.4598675072193146,0.0,0.4236488349555293,0.0,1,0.4235722335446044
24,2ae9204d54c8,design industrial processing systems,75,f634ee56b726,0.7308678030967712,4.036853313446045,0.4000000059604645,0.14384099455923594,1.0,1,1.7356159291543058,128,54e485ae84d0,0.4317067861557007,0.9524945020675659,0.3333333432674408,0.0,0.8098390352921098,1,1.0507466494577613,200,9ff41f315fd5,0.3796235918998718,0.4155152142047882,0.1666666716337204,0.14384099455923594,0.4794571425032818,1,0.7144805783764556,97,48c561c86be0,0.5240861177444458,1.9049280881881714,0.25,0.2027325123874243,0.8186181659911526,1,1.2254352327940194,29,ef7349785e11,0.4378536343574524,1.0158686637878418,0.1428571492433548,0.0,0.3744401166945349,1,0.7739810157891865,59,da6e8742f6bf,0.4931439757347107,1.5859137773513794,0.1428571492433548,0.0,0.5336679914135734,1,0.9966867786623338,144,7a053b14e6ec,0.46467721462249756,1.2924206256866455,0.1428571492433548,0.0,0.3744401166945349,1,0.8279510546800252,155,f6d7dbe3f71e,0.402616947889328,0.6525774002075195,0.1666666716337204,0.14384099455923594,0.4123298904076723,1,0.7135393198252069,5,abdac161e57b,0.31700146198272705,-0.23012080788612366,0.1428571492433548,0.0,0.3744401166945349,1,0.5308218408700581,127,3d77dabe7560,0.45937395095825195,1.2377437353134155,0.3333333432674408,0.0,0.8098390352921098,1,1.1043378635781493
25,79d2ac46742b,direct operational or production activities,58,224946bca8ba,0.7542163133621216,4.097437381744385,0.6000000238418579,0.0,1.0,1,1.7100000220537186,30,c6a87cc5d35e,0.42692744731903076,0.4237247109413147,0.1666666716337204,0.14384099455923594,0.2644333062725514,1,0.5718906849213011,64,445ae625480e,0.4245072603225708,0.39655888080596924,0.4000000059604645,0.14384099455923594,0.6952365838070748,1,0.8538038051310697,50,a787a095d9b0,0.4608781635761261,0.804810643196106,0.2857142984867096,0.11157175065711056,0.5782165647504385,1,0.8577006577008972,164,0c9fad019eee,0.5733168721199036,2.066899061203003,0.4000000059604645,0.14384099455923594,0.5537159976962251,1,1.0564475157061837,174,003763627ff4,0.4423999786376953,0.5973989367485046,0.25,0.2027325123874243,0.42476843658888497,1,0.70531144856746,32,85a88cfd39f0,0.43675100803375244,0.5339910387992859,0.25,0.2027325123874243,0.5333321738793998,1,0.7694986713881685,78,98d9410b9c2c,0.4307876527309418,0.4670542776584625,0.1428571492433548,0.0,0.36865002119141305,1,0.6689722130449437,156,ae5e42c6c3d0,0.4010823369026184,0.13362161815166473,0.3333333432674408,0.0,0.631349978808587,1,0.7794655751435137,146,284cc33eb902,0.4891658425331116,1.1223307847976685,0.3333333432674408,0.0,0.631349978808587,1,0.9605077136306143
26,a86fc9314475,respond to emergencies to provide assistance,103,6680fc36f234,0.21432343125343323,0.9672735929489136,0.125,0.11157175065711056,1.0,0,1.158447093604371,176,62eda05f366c,0.2764626145362854,2.325528144836426,0.0,0.0,0.0,1,0.8613930362462997,160,56c85bc2a8f3,0.3320372700691223,3.5402934551239014,0.0,0.0,0.0,1,1.1300000268220902,50,a787a095d9b0,0.24660122394561768,1.6728100776672363,0.0,0.11157175065711056,0.0,0,0.6259079747779818,112,6379204aa590,0.23318418860435486,1.3795369863510132,0.0,0.0,0.0,1,0.6522170621156692,110,d9dbdf9d5d1a,0.2031192183494568,0.7223690152168274,0.0,0.0,0.0,1,0.5069051030278205,5,abdac161e57b,0.20726275444030762,0.812939465045929,0.0,0.0,0.0,0,0.446931928396225,107,750257b28f11,0.23738747835159302,1.4714136123657227,0.0,0.0,0.0,0,0.5925326645374298,20,1bd49058235f,0.20353756844997406,0.7315133810043335,0.0,0.11157175065711056,0.0,0,0.4177699335797281,117,f2f5eb941075,0.2292480170726776,1.2934991121292114,0.0,0.3465735277799843,0.0,0,0.5185351584229064
27,88a991273442,maintain regulatory or compliance documentation,116,1cf7420e0aac,0.5947629809379578,2.508603572845459,0.25,0.2027325123874243,0.9223744292237441,1,1.5003530360650885,201,42bb588edac5,0.23951071500778198,-0.4245326519012451,0.1666666716337204,0.14384099455923594,0.5200344943552495,0,0.4772271936498074,167,00c6f12023ab,0.3838726878166199,0.767390251159668,0.0,0.0,0.0,1,0.4974211770296097,67,3574e4789085,0.5486966371536255,2.1282572746276855,0.2857142984867096,0.11157175065711056,1.0,1,1.4719373446090669,52,7f83579eb5ca,0.24004343152046204,-0.4201342761516571,0.1111111119389534,0.2027325123874243,0.39893057101224616,0,0.3889914690648559,43,61355ce7e829,0.3739777207374573,0.6856926083564758,0.1666666716337204,0.14384099455923594,0.5200344943552495,1,0.8148520135245709,4,9fc64a999e12,0.36412352323532104,0.6043315529823303,0.10000000149011612,0.27980784039629336,0.4579695081155909,1,0.7437345816890061,121,66497e9d2189,0.5995676517486572,2.5482730865478516,0.125,0.11157175065711056,0.4649465152708938,1,1.2184244021520443,196,0f2541e582f8,0.7035648226737976,3.4069247245788574,0.1111111119389534,0.2027325123874243,0.42885477664255955,1,1.387702898335465,96,1cbedefabffc,0.5665045976638794,2.2752885818481445,0.1111111119389534,0.2027325123874243,0.42885477664255955,1,1.1222398292541584
28,ce1178bafa1d,monitor external affairs or events affecting business operations,55,4805101e52c6,0.4333970248699188,1.8117303848266602,0.20000000298023224,0.1682360897391828,0.8561606375372847,1,1.5271902424697608,169,2d10ff099811,0.36644530296325684,0.777402400970459,0.09090909361839294,0.1682360897391828,0.5433409489881444,1,1.0296605755280488,91,b1f99c3dcd62,0.3280249536037445,0.1838517189025879,0.09090909361839294,0.1682360897391828,0.48416333672909095,1,0.8176672741207074,152,fbe465293a7d,0.3935103416442871,1.1955264806747437,0.20000000298023224,0.1682360897391828,1.0,1,1.4545433615651748,37,78a6d412d86e,0.4668322801589966,2.3282670974731445,0.0833333358168602,0.07707532800886907,0.38057661185145697,1,1.3720294566439672,197,3a46124701c0,0.4452595114707947,1.9949923753738403,0.10000000149011612,0.27980784039629336,0.4505204215971302,1,1.3017790031552356,122,4e4a52d4b158,0.43853265047073364,1.891070008277893,0.10000000149011612,0.27980784039629336,0.593269576733001,1,1.371891805939226,110,d9dbdf9d5d1a,0.30452245473861694,-0.17923516035079956,0.10000000149011612,0.27980784039629336,0.6413714702947618,1,0.8116669249641149,22,bab0b2935945,0.4082149863243103,1.422696590423584,0.07692307978868484,0.0,0.3796532660468747,1,1.1194330259979797,16,6e6ec1a475b8,0.3497234880924225,0.5190693736076355,0.0,0.1682360897391828,0.0,1,0.5841050048676153
29,ef7349785e11,implement design or process improvements,47,8f3ed6033a9e,0.6044958829879761,2.834799289703369,0.2857142984867096,0.11157175065711056,1.0,1,1.6472973760350198,144,7a053b14e6ec,0.4334898591041565,0.8690767288208008,0.1428571492433548,0.0,0.3184973606708109,1,0.753431608723573,2,771b010da2fa,0.6489007472991943,3.3452353477478027,0.1818181872367859,0.4054650386637325,0.5707594958570497,1,1.4526215385687589,146,284cc33eb902,0.5300318598747253,1.9788316488265991,0.1428571492433548,0.0,0.3184973606708109,1,1.0093155631889623,166,505ab84c8d87,0.3052605092525482,-0.6049259305000305,0.1111111119389534,0.2027325123874243,0.4877486202862858,1,0.5124507484922916,128,54e485ae84d0,0.35900676250457764,0.012889882549643517,0.1428571492433548,0.0,0.3184973606708109,1,0.5560146587063592,62,c6d9ce80244c,0.4584462642669678,1.155951738357544,0.10000000149011612,0.27980784039629336,0.24966954120381363,1,0.7477535156783988,99,78b76b55f875,0.35102716088294983,-0.07883602380752563,0.1428571492433548,0.0,0.5145029846340724,0,0.5920687068459606,24,2ae9204d54c8,0.4378536343574524,0.9192385077476501,0.1428571492433548,0.0,0.3184973606708109,1,0.764997770832948,209,2ac9980eb5e6,0.38253912329673767,0.28339552879333496,0.1111111119389534,0.2027325123874243,0.2690502818452055,1,0.5654615856891796
30,c6a87cc5d35e,prepare operational reports,44,2d4009710863,0.77580726146698,3.1192140579223633,0.6000000238418579,0.2554127452163465,1.0,1,1.684458747532084,16,6e6ec1a475b8,0.6344515085220337,1.9766247272491455,0.3333333432674408,0.2554127452163465,0.7559865024467195,1,1.3093912894534134,121,66497e9d2189,0.6199111938476562,1.8590941429138184,0.3333333432674408,0.2554127452163465,0.7559865024467195,1,1.2828946034120583,35,e19513a85bed,0.647894024848938,2.0852816104888916,0.5,0.0,0.6738461969244567,1,1.2764987360004247,197,3a46124701c0,0.5045163631439209,0.926348865032196,0.1666666716337204,0.14384099455923594,0.26643635949060906,1,0.7576587354458455,57,c1933354ef21,0.4450644254684448,0.4457942545413971,0.20000000298023224,0.0,0.29339718158192063,1,0.6763236889203651,167,00c6f12023ab,0.5098080635070801,0.9691221117973328,0.1666666716337204,0.14384099455923594,0.26643635949060906,1,0.7676286553658132,143,fd635c6ca5be,0.46811172366142273,0.6320873498916626,0.125,0.3465735069466602,0.22507181052859662,1,0.6434231944639907,118,eb485b5cf6a6,0.4563964307308197,0.537391722202301,0.20000000298023224,0.0,0.29339718158192063,1,0.697533916082011,0,d52ebdd6c51c,0.5577137470245361,1.3563474416732788,0.1428571492433548,0.2554127452163465,0.2440134975532805,1,0.8338700940723442
31,53acfaed8c01,supervise employees,78,98d9410b9c2c,0.6258836984634399,3.2344155311584473,0.20000000298023224,0.3465734652800195,1.0,1,1.7553426886387384,113,322cdff981bb,0.31946927309036255,0.16978231072425842,0.1428571492433548,0.5493059776674438,0.9721105052142557,1,1.029723574015635,184,389dd43f303d,0.47059470415115356,1.681277871131897,0.20000000298023224,0.3465734652800195,1.0,1,1.405933339376024,39,202cbfb3aef7,0.46202778816223145,1.5955950021743774,0.0,0.20273247072078354,0.0,1,0.7264400502950176,96,1cbedefabffc,0.32945263385772705,0.26963186264038086,0.0,0.5493059776674438,0.0,1,0.38166687794078663,112,6379204aa590,0.3267829716205597,0.24293097853660583,0.0,0.3465734652800195,0.0,1,0.39569533564525017,38,a3c08ed1a115,0.4531354308128357,1.5066572427749634,0.0,0.5493059776674438,0.0,1,0.6709819228206999,40,f64df278da5d,0.5601367354393005,2.576841115951538,0.0,0.3465734652800195,0.0,1,0.9415493304319895,43,61355ce7e829,0.34755897521972656,0.45072415471076965,0.0,0.20273247072078354,0.0,1,0.45867803006472435,109,d052bd1e246e,0.44521498680114746,1.4274401664733887,0.0,0.3465734652800195,0.0,1,0.6727279121466196
32,85a88cfd39f0,"direct sales, marketing, or customer service activities",79,5b935f6121b7,0.6688064336776733,4.198169708251953,0.2857142984867096,0.3465735069466602,1.0,1,1.7381998223905466,50,a787a095d9b0,0.3015090823173523,0.14665299654006958,0.2222222238779068,0.09116076173031373,0.6667563373941057,1,0.7663742432149321,146,284cc33eb902,0.3801729679107666,1.014364242553711,0.25,0.2027325123874243,0.7280258386681586,1,0.9622884229831186,53,a68e486bae8e,0.4153290092945099,1.402157187461853,0.09090909361839294,0.0,0.511226850446034,1,0.9195982865365127,28,ce1178bafa1d,0.3036426901817322,0.17018800973892212,0.0,0.07707532800886907,0.0,1,0.31587613894775124,198,edb3d68bc36f,0.3108603358268738,0.2498031109571457,0.0,0.09116076173031373,0.0,1,0.33040682008699174,156,ae5e42c6c3d0,0.37663233280181885,0.975308895111084,0.25,0.2027325123874243,0.7280258386681586,1,0.9548417315892663,142,c71cb5036aef,0.39632460474967957,1.1925268173217773,0.0833333358168602,0.07707532800886907,0.2374632192894854,1,0.6796610678926098,64,445ae625480e,0.2653278112411499,-0.25244879722595215,0.2857142984867096,0.3465735069466602,0.8016951199619603,1,0.7568480533082033,25,79d2ac46742b,0.43675100803375244,1.6384550333023071,0.25,0.2027325123874243,0.7280258386681586,1,1.0812838324419942
33,2be03b534579,"direct organizational operations, projects, or services",173,49c0d2367c5d,0.5708609223365784,2.8212902545928955,0.25,0.0,1.0,1,1.722171186208725,32,85a88cfd39f0,0.5337538123130798,2.3812379837036133,0.10000000149011612,0.09116076173031373,0.43708104496960704,1,1.239983026483367,25,79d2ac46742b,0.5914607644081116,3.0655832290649414,0.125,0.11157175065711056,0.5174094532342917,1,1.4560294630599189,115,830e9df61ddd,0.3450291156768799,0.14315655827522278,0.125,0.11157175065711056,0.426768211225537,1,0.6834909494005366,89,b03b706832f2,0.3422790467739105,0.11054355651140213,0.2222222238779068,0.09116076173031373,0.9223744292237441,1,1.0187004945186988,146,284cc33eb902,0.5132842659950256,2.1384902000427246,0.125,0.11157175065711056,0.5174094532342917,1,1.2310820850205588,38,a3c08ed1a115,0.4166094660758972,0.9920260906219482,0.10000000149011612,0.09116076173031373,0.360511959254449,1,0.8476658051412799,73,a40c650a049f,0.3847581148147583,0.6143017411231995,0.20000000298023224,0.1682360897391828,0.8559322033898304,1,1.0862606736233247,178,78b65ab85b19,0.3690599799156189,0.42813795804977417,0.1111111119389534,0.0,0.39085207463724925,1,0.7396974597076222,64,445ae625480e,0.3757202625274658,0.5071220993995667,0.1428571492433548,0.2554127452163465,0.5697663621925234,1,0.8561087253726707
34,614f5f558eca,approve expenditures,88,d1809a4492b8,0.43298378586769104,3.2750582695007324,0.0,0.3465734652800195,0.0,1,1.0953426802940882,212,0cf60304ef43,0.30694663524627686,1.4717460870742798,0.0,0.20273247072078354,0.0,1,0.6598404353767856,35,e19513a85bed,0.4147849977016449,3.014673948287964,0.0,0.20273247072078354,0.0,1,1.0447666874438748,196,0f2541e582f8,0.27124887704849243,0.960990309715271,0.0,0.5493059776674438,0.0,0,0.4177608711277373,215,79b70e0eb0dc,0.22778037190437317,0.3390524089336395,0.0,0.5493059776674438,0.0,0,0.26260117419112994,109,d052bd1e246e,0.2223433256149292,0.26126036047935486,0.0,0.3465734652800195,0.0,0,0.2634670376070059,112,6379204aa590,0.21769505739212036,0.19475394487380981,0.0,0.3465734652800195,0.0,1,0.3268751608617819,156,ae5e42c6c3d0,0.23183506727218628,0.3970661163330078,0.0,0.3465734652800195,0.0,0,0.2973475507684267,176,62eda05f366c,0.2623727321624756,0.8339923620223999,0.0,0.3465734652800195,0.0,1,0.4863509307094134,104,985eed507e3a,0.27917397022247314,1.074380874633789,0.0,0.5493059776674438,0.0,0,0.4460492653404601
35,e19513a85bed,prepare operational budgets,30,c6a87cc5d35e,0.647894024848938,3.1751415729522705,0.5,0.0,1.0,1,1.730000025331974,13,f7e80a0049c6,0.5543870329856873,2.200361490249634,0.20000000298023224,0.0,0.435406748485089,1,1.170758354785109,15,c5e6a1a8c44d,0.42047029733657837,0.8043227195739746,0.1666666716337204,0.14384099455923594,0.5127117094838111,1,0.8927167700815135,95,7c80e08ee743,0.3977331817150116,0.5672956705093384,0.20000000298023224,0.0,0.564593251514911,1,0.8858736206868644,164,0c9fad019eee,0.4718421995639801,1.3398581743240356,0.20000000298023224,0.0,0.435406748485089,1,0.9729953364750389,3,33b4e36b0d81,0.47598913311958313,1.3830887079238892,0.25,0.4236488349555293,0.711864406779661,1,1.1281638976608657,118,eb485b5cf6a6,0.43535271286964417,0.9594671130180359,0.20000000298023224,0.0,0.435406748485089,1,0.8855728836080078,100,6002eddcd7d0,0.5203924179077148,1.8459786176681519,0.1666666716337204,0.14384099455923594,0.3953963986242971,1,1.0515721998335028,17,e1dbddbff402,0.36255478858947754,0.20057225227355957,0.1666666716337204,0.14384099455923594,0.5127117094838111,1,0.753045459299081,172,2c5271f1a3e4,0.4018116593360901,0.6098124384880066,0.125,0.3465735069466602,0.334010656372123,1,0.7058237744085584
36,e5bfe7745119,analyze data to inform operational decisions or activities,119,b729f6985724,0.7459509372711182,3.4204020500183105,0.5714285969734192,0.09116076173031373,1.0,1,1.673025099991119,25,79d2ac46742b,0.4366195797920227,0.26560455560684204,0.25,0.2027325123874243,0.3144865239980697,1,0.5814485865526622,22,bab0b2935945,0.7627027034759521,3.5912492275238037,0.30000001192092896,0.07707532800886907,0.4590551812799671,1,1.3836311185329944,172,2c5271f1a3e4,0.6978529691696167,2.9298620223999023,0.3333333432674408,0.0,0.49468960174462207,1,1.273033137082842,143,fd635c6ca5be,0.4439401626586914,0.3402654528617859,0.20000000298023224,0.0,0.3216386979937261,1,0.625580496617535,197,3a46124701c0,0.48043474555015564,0.7124650478363037,0.1111111119389534,0.2027325123874243,0.1501865787966534,1,0.5712678915790369,44,2d4009710863,0.4515533447265625,0.41791048645973206,0.10000000149011612,0.09116076173031373,0.13754711424445976,1,0.5107409620625843,158,16ac0e74dbe1,0.391149640083313,-0.19813260436058044,0.25,0.2027325123874243,0.4354189497550886,1,0.5687118361484611,118,eb485b5cf6a6,0.40264981985092163,-0.08084499835968018,0.2857142984867096,0.3465735069466602,0.4192790170275357,1,0.5660269134917788,145,7809c19536e4,0.47952038049697876,0.7031396627426147,0.0833333358168602,0.07707532800886907,0.18073880416629295,1,0.6053932671146484
37,78a6d412d86e,monitor organizational procedures to ensure proper functioning,191,a9be4c9c15a1,0.6142948269844055,2.4760453701019287,0.27272728085517883,0.14384101539256,1.0,1,1.7413495511716586,179,6a5f3442d709,0.5770341157913208,2.0455782413482666,0.2222222238779068,0.09116076173031373,0.7060435833155114,1,1.4345901991642376,48,23ca56c5d573,0.541033923625946,1.6296736001968384,0.25,0.2027325123874243,0.7709232639445044,1,1.3524359299529032,115,830e9df61ddd,0.6111525893211365,2.4397435188293457,0.25,0.2027325123874243,0.7709232639445044,1,1.5698204396951632,167,00c6f12023ab,0.5430796146392822,1.6533070802688599,0.25,0.2027325123874243,0.7709232639445044,1,1.3587780653226809,96,1cbedefabffc,0.3998517394065857,-0.0013820263557136059,0.20000000298023224,0.0,0.7358546125109496,1,0.9136166885545702,193,adb21e5e1a03,0.45778340101242065,0.6678933501243591,0.10000000149011612,0.09116076173031373,0.5508169584685338,1,0.9662714355024894,170,57e3b12b8497,0.6206849813461304,2.5498697757720947,0.2222222238779068,0.09116076173031373,0.7060435833155114,1,1.5706700171745678,0,d52ebdd6c51c,0.42145782709121704,0.2482297122478485,0.2222222238779068,0.09116076173031373,0.9377289117520904,1,1.1117671096211332,28,ce1178bafa1d,0.4668322801589966,0.7724336385726929,0.0833333358168602,0.07707532800886907,0.3311704006918577,1,0.8445661055458861
38,a3c08ed1a115,confer with organizational members to accomplish work activities,179,6a5f3442d709,0.4728040099143982,1.9750796556472778,0.2222222238779068,0.09116076173031373,1.0,1,1.7764395088537097,62,c6d9ce80244c,0.4178314208984375,1.3230085372924805,0.0833333358168602,0.07707532800886907,0.5012974804891439,1,1.2565915056865182,107,750257b28f11,0.3944490849971771,1.0456531047821045,0.1111111119389534,0.2027325123874243,0.3460540527809697,1,1.0462873177988863,171,02b5b4014078,0.44152992963790894,1.604114294052124,0.1111111119389534,0.2027325123874243,0.4005492323158574,1,1.254752576791255,42,853f8faf3522,0.4125780463218689,1.2606943845748901,0.10000000149011612,0.09116076173031373,0.31693069190336326,1,1.104392225953169,33,2be03b534579,0.4166094660758972,1.3085139989852905,0.10000000149011612,0.09116076173031373,0.3668396434575922,1,1.153944012876052,199,0d99df7b9f80,0.41485291719436646,1.2876782417297363,0.09090909361839294,0.0,0.33836350675083837,1,1.1382059232886668,170,57e3b12b8497,0.4431825280189514,1.6237170696258545,0.2222222238779068,0.09116076173031373,0.6837703353609556,1,1.450237660318186,31,53acfaed8c01,0.4531354308128357,1.7417758703231812,0.0,0.5493059776674438,0.0,1,1.002378420606745,164,0c9fad019eee,0.3327387571334839,0.3136606514453888,0.125,0.3465735069466602,0.3810714271695202,1,0.8317651836838575
39,202cbfb3aef7,evaluate employee performance,179,6a5f3442d709,0.534296989440918,3.043898820877075,0.1428571492433548,0.2554127452163465,0.7207854769243702,1,1.580437159279076,40,f64df278da5d,0.43714720010757446,1.8436508178710938,0.1666666716337204,0.14384099455923594,1.0,1,1.496985805717855,157,018f6a0e7f9a,0.3299163579940796,0.5188553929328918,0.09090909361839294,0.5493060332229684,0.5392543197730474,1,0.8252223968081086,100,6002eddcd7d0,0.33982712030410767,0.6412990093231201,0.1666666716337204,0.14384099455923594,0.7870198180471503,1,1.0621026784195247,170,57e3b12b8497,0.5089532136917114,2.7307863235473633,0.1428571492433548,0.2554127452163465,0.5872942960353834,1,1.4122184266175473,66,196087c93944,0.2882634401321411,0.004249719902873039,0.10000000149011612,0.4904145223392202,0.5754887997577977,1,0.7318057930350262,102,f2c8cd5b27ab,0.2916943430900574,0.046637196093797684,0.1428571492433548,0.2554127452163465,0.5872942960353834,0,0.6912125045086585,55,4805101e52c6,0.4630064070224762,2.1631312370300293,0.0,0.2554127452163465,0.0,1,0.8882377922794364,119,b729f6985724,0.42436689138412476,1.6857551336288452,0.0,0.2554127452163465,0.0,1,0.7710458368322395,180,893bb3cbc01a,0.24579563736915588,-0.5204235315322876,0.1428571492433548,0.2554127452163465,0.5872942960353834,0,0.5557918319131575
40,f64df278da5d,conduct employee training programs,39,202cbfb3aef7,0.43714720010757446,2.293045997619629,0.1666666716337204,0.14384099455923594,1.0,1,1.4691740027941755,112,6379204aa590,0.3612646162509918,1.3617684841156006,0.1428571492433548,0.0,0.8400013687504737,1,1.1807666190073278,0,d52ebdd6c51c,0.4209689199924469,2.094496250152588,0.0,0.11157175065711056,0.0,1,0.7529310997708292,51,6385c0e2eb2e,0.24670667946338654,-0.04415673390030861,0.0,0.11157175065711056,0.0,1,0.2947461795194597,109,d052bd1e246e,0.34685954451560974,1.1849806308746338,0.0,0.0,0.0,1,0.5692336800694465,12,9251af4a3821,0.26648110151290894,0.19852709770202637,0.0,0.11157175065711056,0.0,1,0.34673876726464936,56,269bfa3db5c6,0.20925867557525635,-0.5037416219711304,0.125,0.11157175065711056,0.7227196941676782,0,0.6191542058751766,31,53acfaed8c01,0.5601367354393005,3.8024489879608154,0.0,0.3465734652800195,0.0,1,1.0953426802940882,114,98e7b9000779,0.3387133479118347,1.085005521774292,0.0,0.3465734652800195,0.0,1,0.5131576875634707,117,f2f5eb941075,0.2844884693622589,0.41952455043792725,0.0,0.3465735277799843,0.0,1,0.37058505856724505
41,babe1d93de49,hire personnel,114,98e7b9000779,0.5442907214164734,3.1808478832244873,0.3333333432674408,0.0,1.0,1,1.7633333492279053,78,98d9410b9c2c,0.5068615674972534,2.7267072200775146,0.20000000298023224,0.3465734652800195,0.8162162162162164,1,1.5166573688284384,64,445ae625480e,0.29965609312057495,0.21261310577392578,0.0,0.20273247072078354,0.0,1,0.3620512677639946,62,c6d9ce80244c,0.3868163526058197,1.270158052444458,0.125,0.6263813056763128,0.6398305084745763,1,1.0204144394086663,43,61355ce7e829,0.3795078992843628,1.1814820766448975,0.25,0.20273247072078354,0.8988095238095238,1,1.2092507303665305,12,9251af4a3821,0.34345340728759766,0.7440207600593567,0.1666666716337204,0.45814521593713003,0.7475247524752476,1,0.9797877816332725,112,6379204aa590,0.297553688287735,0.18710391223430634,0.0,0.3465734652800195,0.0,1,0.34124161251263985,119,b729f6985724,0.30660852789878845,0.29696935415267944,0.1666666716337204,0.45814521593713003,0.7475247524752476,1,0.8707538394106773,40,f64df278da5d,0.4075583815574646,1.521828055381775,0.0,0.3465734652800195,0.0,1,0.6774483615942515,107,750257b28f11,0.4157005846500397,1.6206201314926147,0.0,0.3465734652800195,0.0,1,0.7023333603926218
42,853f8faf3522,manage control system activities in organizations,109,d052bd1e246e,0.4831400513648987,2.291670322418213,0.2857142984867096,0.11157175065711056,0.9673402261597717,1,1.7353223763592653,128,54e485ae84d0,0.42613083124160767,1.4799410104751587,0.125,0.11157175065711056,0.6345091569723943,1,1.3012247216895454,156,ae5e42c6c3d0,0.4381083846092224,1.6504842042922974,0.2857142984867096,0.11157175065711056,1.0,1,1.579797850189969,115,830e9df61ddd,0.41314682364463806,1.2950674295425415,0.0,0.11157175065711056,0.0,1,0.821898889182374,200,9ff41f315fd5,0.4243258237838745,1.454240322113037,0.0,0.2554127452163465,0.0,1,0.8543475002309822,178,78b65ab85b19,0.47177696228027344,2.1298763751983643,0.1111111119389534,0.0,0.5511986924725282,1,1.4433810380560415,173,49c0d2367c5d,0.40869686007499695,1.2317063808441162,0.1111111119389534,0.0,0.5511986924725282,1,1.1847095233661191,38,a3c08ed1a115,0.4125780463218689,1.2869688272476196,0.10000000149011612,0.09116076173031373,0.3087479724205801,1,1.023382165847783,164,0c9fad019eee,0.36095359921455383,0.551910936832428,0.1428571492433548,0.2554127452163465,0.4024750354768277,1,0.856050258803184,170,57e3b12b8497,0.39702922105789185,1.0655759572982788,0.1111111119389534,0.0,0.3347317126737973,1,0.9853373707476117
43,61355ce7e829,maintain personnel records,11,810124c49b5c,0.6663769483566284,4.572470188140869,0.4000000059604645,0.2554127452163465,1.0,1,1.724458754088595,114,98e7b9000779,0.3798297047615051,1.4164958000183105,0.25,0.20273247072078354,0.4231601200010141,1,0.7894021496141211,136,ded8762bb927,0.28572171926498413,0.3800092935562134,0.20000000298023224,0.0,0.4048869358068048,1,0.6132959200040238,119,b729f6985724,0.38399839401245117,1.4624090194702148,0.1428571492433548,0.2554127452163465,0.31632266396115416,1,0.7270550049373762,27,88a991273442,0.3739777207374573,1.3520432710647583,0.1666666716337204,0.14384099455923594,0.3676811092732066,1,0.7519175132536781,184,389dd43f303d,0.2659251391887665,0.1619737148284912,0.1666666716337204,0.14384099455923594,0.34539015200082784,1,0.5191209660789962,52,7f83579eb5ca,0.2692471444606781,0.1985616236925125,0.125,0.3465735069466602,0.31059819733124755,1,0.48296104317866045,0,d52ebdd6c51c,0.3220532238483429,0.780157208442688,0.1428571492433548,0.2554127452163465,0.31632266396115416,1,0.6019578791687147,78,98d9410b9c2c,0.27102622389793396,0.21815603971481323,0.1666666716337204,0.14384099455923594,0.34539015200082784,0,0.4493744923493857,201,42bb588edac5,0.3363000154495239,0.937068521976471,0.20000000298023224,0.0,0.4048869358068048,1,0.7142949884728329
44,2d4009710863,prepare operational progress or status reports,30,c6a87cc5d35e,0.77580726146698,4.208547592163086,0.6000000238418579,0.2554127452163465,1.0,1,1.684458747532084,15,c5e6a1a8c44d,0.3523295521736145,0.07807164639234543,0.125,0.11157175065711056,0.2873372493718956,1,0.5313764810421145,164,0c9fad019eee,0.4618549942970276,1.1463502645492554,0.1428571492433548,0.2554127452163465,0.24401349755328056,1,0.6825598364586853,186,4c7ceb754866,0.38219398260116577,0.36936044692993164,0.25,0.0,0.6287412495596479,1,0.8276781376529027,57,c1933354ef21,0.3849397897720337,0.39614224433898926,0.1428571492433548,0.2554127452163465,0.24401349755328056,1,0.5443518942112947,11,810124c49b5c,0.37863707542419434,0.3346674144268036,0.125,0.0,0.20294191875718381,1,0.5308938623673085,143,fd635c6ca5be,0.394059419631958,0.4850924015045166,0.10000000149011612,0.09116076173031373,0.1871884364792289,1,0.5402016219814187,121,66497e9d2189,0.5172295570373535,1.6864573955535889,0.25,0.0,0.6287412495596479,1,1.0652314324009706,36,e5bfe7745119,0.4515533447265625,1.0458711385726929,0.10000000149011612,0.09116076173031373,0.1871884364792289,1,0.644378675999201,167,00c6f12023ab,0.41898903250694275,0.7282484173774719,0.125,0.11157175065711056,0.2215906356159521,1,0.6055522390655896
45,aa03c0034762,evaluate quality of materials or products,190,c2a2570c95d4,0.8328249454498291,4.38118314743042,0.5,0.11157175065711056,1.0,1,1.718842850266263,180,893bb3cbc01a,0.48329266905784607,1.306804895401001,0.2857142984867096,0.11157175065711056,0.5917914846045893,1,0.9183418863351976,156,ae5e42c6c3d0,0.2967011034488678,-0.33439716696739197,0.1428571492433548,0.0,0.4123184709994885,1,0.5101556078567331,102,f2c8cd5b27ab,0.5937371850013733,2.278240919113159,0.2857142984867096,0.11157175065711056,0.6982976051879806,1,1.1690893931470978,187,02b0fa193387,0.31019318103790283,-0.21572498977184296,0.125,0.11157175065711056,0.271112281074556,1,0.422869834161468,139,80c1c070d6f0,0.4543823003768921,1.0525181293487549,0.2857142984867096,0.11157175065711056,0.6223815983420526,1,0.8936339907848627,130,cbb58925807f,0.4171839952468872,0.7253333330154419,0.1666666716337204,0.14384099455923594,0.42235953623829947,1,0.698957221499284,19,9d76ae41867e,0.447544664144516,0.9923763871192932,0.1428571492433548,0.0,0.3501470222327931,1,0.7142027146595394,152,fbe465293a7d,0.3400633633136749,0.04700394719839096,0.125,0.11157175065711056,0.3776184016579473,1,0.5466190002623706,177,ff18586218d4,0.4465073347091675,0.9832524061203003,0.0,0.0,0.0,1,0.4782336074113846
46,f64f2eefbcb7,"develop operating strategies, plans, or procedures",48,23ca56c5d573,0.6256588697433472,3.020047426223755,0.2857142984867096,0.11157175065711056,0.8520529570242366,1,1.658137067936467,93,4b8b2b6692c3,0.5894774794578552,2.536062479019165,0.2857142984867096,0.11157175065711056,1.0,1,1.6555819299204797,15,c5e6a1a8c44d,0.5102117657661438,1.4757544994354248,0.125,0.11157175065711056,0.5479037630529989,1,1.1278134682738685,25,79d2ac46742b,0.49984824657440186,1.3371256589889526,0.0,0.11157175065711056,0.0,1,0.7286098715050668,71,1cb040da80f9,0.39064306020736694,-0.12367141246795654,0.09090909361839294,0.1682360897391828,0.42950083120679994,1,0.679307827233091,49,824d3015533f,0.4304640293121338,0.4089988172054291,0.1111111119389534,0.0,0.3527161025825081,1,0.7620473726268665,0,d52ebdd6c51c,0.4171365201473236,0.23072171211242676,0.1111111119389534,0.0,0.42762942736543125,1,0.774022991633791,3,33b4e36b0d81,0.5166504383087158,1.5618822574615479,0.09090909361839294,0.1682360897391828,0.42950083120679994,1,1.063383219270721,167,00c6f12023ab,0.46024858951568604,0.807415783405304,0.125,0.11157175065711056,0.4669251044746871,1,0.9198450238996044,94,832ecabbf00a,0.4797477722167969,1.0682491064071655,0.25,0.0,0.9158415841584159,1,1.2900609439877
47,8f3ed6033a9e,implement organizational process or policy changes,51,6385c0e2eb2e,0.7103566527366638,3.336228847503662,0.6666666865348816,0.0,1.0,1,1.6966666865348816,166,505ab84c8d87,0.29746854305267334,-0.3915605843067169,0.2222222238779068,0.09116076173031373,0.5056277142558528,1,0.5569492081005755,29,ef7349785e11,0.6044958829879761,2.3804574012756348,0.2857142984867096,0.11157175065711056,0.5836303613707596,1,1.2491297522059353,167,00c6f12023ab,0.44756561517715454,0.9636014103889465,0.125,0.11157175065711056,0.19330664294560243,1,0.6624957281962648,96,1cbedefabffc,0.4040728211402893,0.5709236860275269,0.10000000149011612,0.09116076173031373,0.16329556595861391,1,0.5515229635431491,171,02b5b4014078,0.4447592794895172,0.9382642507553101,0.125,0.11157175065711056,0.19330664294560243,1,0.6564443591848627,42,853f8faf3522,0.45489370822906494,1.0297636985778809,0.0,0.0,0.0,1,0.5657043325901031,115,830e9df61ddd,0.6783033609390259,3.0468335151672363,0.125,0.11157175065711056,0.19330664294560243,1,1.1600403521076457,33,2be03b534579,0.33494138717651367,-0.05323435366153717,0.1111111119389534,0.0,0.1770382621036458,1,0.4199950289430759,175,825fff3275ff,0.5259580612182617,1.6713731288909912,0.1111111119389534,0.0,0.1770382621036458,1,0.833004493683829
48,23ca56c5d573,develop organizational methods or procedures,170,57e3b12b8497,0.6459232568740845,2.64306640625,0.5,0.11157175065711056,1.0,1,1.718842850266263,9,3cdbc3929112,0.6311672925949097,2.497004985809326,0.3333333432674408,0.0,0.7389042797493656,1,1.5413045420214935,175,825fff3275ff,0.5064220428466797,1.2622188329696655,0.2857142984867096,0.11157175065711056,0.6225894381310805,1,1.122741143820488,204,62b52b411f3a,0.4589938521385193,0.7927526831626892,0.3333333432674408,0.0,0.7389042797493656,1,1.0831957369015022,46,f64f2eefbcb7,0.6256588697433472,2.4424800872802734,0.2857142984867096,0.11157175065711056,0.6887052809344597,1,1.489353211222734,171,02b5b4014078,0.6177056431770325,2.363755464553833,0.3333333432674408,0.0,0.6798003594728554,1,1.4641138543145429,167,00c6f12023ab,0.5098339319229126,1.29599130153656,0.3333333432674408,0.0,0.7519917121554641,1,1.2276292115169425,115,830e9df61ddd,0.5053938627243042,1.2520414590835571,0.3333333432674408,0.0,0.7519917121554641,1,1.2158153250533004,185,7b03e0901b8c,0.420903742313385,0.4157191514968872,0.125,0.11157175065711056,0.37741056186891936,1,0.7339423019279305,57,c1933354ef21,0.4385613203048706,0.5905020236968994,0.1666666716337204,0.14384099455923594,0.4393795148951994,1,0.8194090593232436
49,824d3015533f,develop specifications for new products or processes,182,8729852fc4b8,0.654794454574585,3.0565707683563232,0.375,0.09116076173031373,1.0,1,1.6625008196218372,84,c6940290ea74,0.6875074505805969,3.454174280166626,0.25,0.0,0.6981575591826416,1,1.5687103212301716,185,7b03e0901b8c,0.6662023067474365,3.195225238800049,0.25,0.0,0.644558850880456,1,1.4754934862943436,22,bab0b2935945,0.411864697933197,0.10393032431602478,0.20000000298023224,0.1682360897391828,0.5516986774485259,1,0.7315502560599331,102,f2c8cd5b27ab,0.4974942207336426,1.1446969509124756,0.1111111119389534,0.0,0.38259041128106175,1,0.8650435080357698,178,78b65ab85b19,0.46622538566589355,0.7646462917327881,0.1111111119389534,0.0,0.2952861352267586,1,0.7199140948506103,133,70f88532846f,0.4515313506126404,0.5860506296157837,0.10000000149011612,0.09116076173031373,0.2723643804374668,1,0.6561226177147917,153,8594b6595861,0.4726639688014984,0.8429027199745178,0.1111111119389534,0.0,0.2952861352267586,1,0.7372139481158958,9,3cdbc3929112,0.5089360475540161,1.283764362335205,0.2857142984867096,0.11157175065711056,0.7259332564225188,1,1.1063509971011602,202,8747ed85441f,0.4674597978591919,0.7796496748924255,0.1111111119389534,0.0,0.2952861352267586,1,0.7232308474632011
50,a787a095d9b0,direct facility maintenance or repair activities,65,8da0e9e0dffc,0.8003453016281128,5.537048816680908,0.6666666865348816,0.0,1.0,1,1.6966666865348816,83,4ffdd533affb,0.3225010931491852,0.052223846316337585,0.125,0.11157175065711056,0.34907163699904203,1,0.476915754160721,197,3a46124701c0,0.40533146262168884,1.002973198890686,0.0,0.11157175065711056,0.0,1,0.3894955556972475,64,445ae625480e,0.3337283730506897,0.18109360337257385,0.3333333432674408,0.2554127452163465,0.46242122582037254,1,0.5546346628628048,109,d052bd1e246e,0.27552661299705505,-0.48696190118789673,0.125,0.11157175065711056,0.17472906238490338,1,0.27020808208728136,32,85a88cfd39f0,0.3015090823173523,-0.18872812390327454,0.2222222238779068,0.09116076173031373,0.35473409104028575,1,0.44269601127714964,156,ae5e42c6c3d0,0.4201751947402954,1.1733535528182983,0.2857142984867096,0.11157175065711056,0.4199284645287708,1,0.6919106554529679,173,49c0d2367c5d,0.35855913162231445,0.4661077558994293,0.0,0.0,0.0,1,0.31429302126169206,78,98d9410b9c2c,0.37559258937835693,0.6616223454475403,0.0,0.11157175065711056,0.0,1,0.3345861438794584,58,224946bca8ba,0.36619898676872253,0.5538000464439392,0.2857142984867096,0.11157175065711056,0.4199284645287708,1,0.5976735662958634
51,6385c0e2eb2e,recommend organizational process or policy changes,47,8f3ed6033a9e,0.7103566527366638,4.7983269691467285,0.6666666865348816,0.0,1.0,1,1.6966666865348816,80,4e4d6d43dbf9,0.2945125699043274,0.2985081672668457,0.0,0.11157175065711056,0.0,1,0.2897008773072214,2,771b010da2fa,0.47639530897140503,2.266648054122925,0.27272728085517883,0.29389328800662196,0.6156973002039391,1,1.0347964557953537,119,b729f6985724,0.3358681797981262,0.7460142374038696,0.0,0.0,0.0,1,0.38331604182720186,122,4e4a52d4b158,0.2874194085597992,0.22175359725952148,0.0,0.11157175065711056,0.0,1,0.27555798777775475,196,0f2541e582f8,0.3332665264606476,0.7178618907928467,0.0,0.09116076173031373,0.0,1,0.3690125994964003,179,6a5f3442d709,0.2648809850215912,-0.022133048623800278,0.1111111119389534,0.0,0.1770382621036458,0,0.2822792572232625,99,78b76b55f875,0.22772736847400665,-0.4241696298122406,0.125,0.11157175065711056,0.2750085105294002,0,0.2669573391715148,170,57e3b12b8497,0.356985867023468,0.9745271801948547,0.1111111119389534,0.0,0.1770382621036458,0,0.4620383926930568,199,0d99df7b9f80,0.26854610443115234,0.017526941373944283,0.10000000149011612,0.09116076173031373,0.16329556595861391,0,0.27105427806517707
52,7f83579eb5ca,maintain knowledge of current developments in area of expertise,18,1c10b347eeee,0.6612122654914856,5.4800920486450195,0.125,0.3465735069466602,1.0,1,1.7703426701669596,43,61355ce7e829,0.2692471444606781,-0.25863704085350037,0.125,0.3465735069466602,0.7024328995957363,1,0.6507376106127871,139,80c1c070d6f0,0.363190233707428,1.1167759895324707,0.10000000149011612,0.09116076173031373,0.584201619465761,1,0.8135521154762156,111,059770361813,0.3336229622364044,0.6838840246200562,0.0,0.09116076173031373,0.0,1,0.34067136949137444,192,8562bf3caec4,0.30413544178009033,0.25215965509414673,0.0,0.09116076173031373,0.0,1,0.2704415485842585,69,636981831618,0.36890900135040283,1.2005040645599365,0.0,0.09116076173031373,0.0,1,0.42471139287785287,27,88a991273442,0.24004343152046204,-0.6862061619758606,0.1111111119389534,0.2027325123874243,0.637885011524777,0,0.47216446723818306,3,33b4e36b0d81,0.3436657190322876,0.8309192061424255,0.0,0.07707532800886907,0.0,0,0.28599854528143615,182,8729852fc4b8,0.41578149795532227,1.8867603540420532,0.0,0.0,0.0,1,0.5454626920819282,86,19ea31d71f7c,0.32240426540374756,0.5196319818496704,0.10000000149011612,0.09116076173031373,0.584201619465761,1,0.7182632911861785
53,a68e486bae8e,negotiate sales or lease agreements for products or services,168,ab35d13698b5,0.5826201438903809,4.174081325531006,0.20000000298023224,0.0,1.0,1,1.7900000351667404,202,8747ed85441f,0.2140691876411438,-0.03165820613503456,0.10000000149011612,0.09116076173031373,0.34983645372800143,0,0.42423851982836,20,1bd49058235f,0.4009093940258026,2.1004791259765625,0.2222222238779068,0.09116076173031373,0.8371057208185746,1,1.2573510689186362,33,2be03b534579,0.23134838044643402,0.16552425920963287,0.10000000149011612,0.09116076173031373,0.4872692670905731,0,0.5598959530514935,17,e1dbddbff402,0.3909066915512085,1.9863327741622925,0.0,0.2027325123874243,0.0,1,0.6634778270092815,89,b03b706832f2,0.2698970437049866,0.6054244637489319,0.20000000298023224,0.0,0.7721249114399636,0,0.8502962398675917,153,8594b6595861,0.32060298323631287,1.1840580701828003,0.2222222238779068,0.09116076173031373,0.8371057208185746,1,1.07833512700074,123,05f356a221b7,0.3493805527687073,1.5124549865722656,0.125,0.3465735069466602,0.7176881431410969,1,1.0427419897967463,187,02b0fa193387,0.21733886003494263,0.005653840489685535,0.10000000149011612,0.09116076173031373,0.34983645372800143,0,0.4317043294120239,32,85a88cfd39f0,0.4153290092945099,2.2650294303894043,0.09090909361839294,0.0,0.5951939359784141,1,1.1457954995667945
54,00ee16f445cd,determine causes of operational problems or failures,100,6002eddcd7d0,0.5898998379707336,2.563591241836548,0.2857142984867096,0.11157175065711056,1.0,1,1.6340961542113275,76,298036041aa4,0.6118258833885193,2.778890371322632,0.1111111119389534,0.0,0.6624256532210835,1,1.4908022622836739,174,003763627ff4,0.3598670959472656,0.3048216700553894,0.10000000149011612,0.09116076173031373,0.27956878999944335,1,0.6235914765088624,57,c1933354ef21,0.4963395595550537,1.6448910236358643,0.3333333432674408,0.2554127452163465,0.9658843949640512,1,1.3776121713622855,143,fd635c6ca5be,0.6462269425392151,3.1166861057281494,0.10000000149011612,0.09116076173031373,0.27956878999944335,1,1.296582092919833,62,c6d9ce80244c,0.409453421831131,0.7917266488075256,0.20000000298023224,0.1682360897391828,0.7838983050847457,1,1.0762551971586647,220,7cd42be784e2,0.3752762973308563,0.45612984895706177,0.1111111119389534,0.0,0.303096856484545,1,0.6845428440638511,36,e5bfe7745119,0.4447726607322693,1.1385382413864136,0.10000000149011612,0.09116076173031373,0.27956878999944335,1,0.8231328403739995,140,f07eaef01260,0.5037869215011597,1.7180192470550537,0.2857142984867096,0.11157175065711056,0.8771274505619493,1,1.3530044336496445,30,c6a87cc5d35e,0.4309024512767792,1.002341866493225,0.1428571492433548,0.2554127452163465,0.36443788696356005,1,0.8291586714479386
55,4805101e52c6,monitor the productivity or efficiency of industrial operations,59,da6e8742f6bf,0.5583452582359314,2.5552549362182617,0.2857142984867096,0.11157175065711056,1.0,1,1.750169226167962,81,e9ce432833f3,0.5618994235992432,2.5994503498077393,0.1111111119389534,0.0,0.5714953133043693,1,1.5078245252374742,179,6a5f3442d709,0.44451361894607544,1.1397805213928223,0.1111111119389534,0.0,0.43398535773315433,1,1.017337794081478,215,79b70e0eb0dc,0.4408530592918396,1.0942622423171997,0.10000000149011612,0.09116076173031373,0.40029699663058066,1,0.9736894711618641,197,3a46124701c0,0.442912220954895,1.1198674440383911,0.125,0.11157175065711056,0.4738650933086334,1,1.027020468514092,28,ce1178bafa1d,0.4333970248699188,1.0015478134155273,0.20000000298023224,0.1682360897391828,0.7707878491871296,1,1.1886289595685342,97,48c561c86be0,0.4340464770793915,1.009623646736145,0.10000000149011612,0.09116076173031373,0.4144251591503863,1,0.9606704377295306,137,a4f4cc8a14a2,0.5384718179702759,2.3081324100494385,0.1428571492433548,0.2554127452163465,0.5402327967496108,1,1.3758568123210588,22,bab0b2935945,0.48438265919685364,1.6355443000793457,0.09090909361839294,0.1682360897391828,0.3993258057036669,1,1.1131661186224313,58,224946bca8ba,0.5054283142089844,1.8972429037094116,0.125,0.11157175065711056,0.49058978299424116,1,1.248115090945602
56,269bfa3db5c6,conduct validation tests of equipment or processes,158,16ac0e74dbe1,0.5040990710258484,1.8243920803070068,0.125,0.11157175065711056,1.0,1,1.5933923062069864,137,a4f4cc8a14a2,0.3989836871623993,0.39823147654533386,0.1428571492433548,0.2554127452163465,0.5126234080112693,1,0.8401053235195919,201,42bb588edac5,0.5531343221664429,2.4896814823150635,0.1428571492433548,0.2554127452163465,0.5126234080112693,1,1.4191726058982657,149,c9b79bbec6f3,0.4510301351547241,1.1043754816055298,0.125,0.11157175065711056,0.6412618799953916,1,1.1422249254731467,143,fd635c6ca5be,0.3660077452659607,-0.049172013998031616,0.10000000149011612,0.09116076173031373,0.7340735749903818,1,0.8902135297791173,193,adb21e5e1a03,0.5572741031646729,2.5458481311798096,0.1111111119389534,0.0,0.4263402601281844,1,1.4062159880141447,108,3f3251058257,0.3749060034751892,0.07155575603246689,0.1111111119389534,0.0,0.9158415841584158,1,1.0595422639218297,66,196087c93944,0.5089632272720337,1.8903868198394775,0.0833333358168602,0.23500177712287373,0.3403981523553093,1,1.1445167840795947,19,9d76ae41867e,0.5091081857681274,1.8923536539077759,0.125,0.11157175065711056,0.46551747322104464,1,1.2381369909033375,190,c2a2570c95d4,0.4974905848503113,1.7347309589385986,0.0,0.0,0.0,1,0.8991411942243576
57,c1933354ef21,determine operational methods,140,f07eaef01260,0.6546512842178345,3.154402494430542,0.4000000059604645,0.14384099455923594,1.0,1,1.7356159291543058,9,3cdbc3929112,0.37768301367759705,0.3885740339756012,0.1666666716337204,0.14384099455923594,0.5608446644859896,1,0.8250238428373795,151,506120811a05,0.5294357538223267,1.9039896726608276,0.20000000298023224,0.0,0.41549023090096615,1,1.0889767899990541,54,00ee16f445cd,0.4963395595550537,1.5734883546829224,0.3333333432674408,0.2554127452163465,0.9158415841584157,1,1.3196132857132425,164,0c9fad019eee,0.38796886801719666,0.4912894368171692,0.20000000298023224,0.0,0.41549023090096615,1,0.7592299066365223,13,f7e80a0049c6,0.4291108250617981,0.902136504650116,0.20000000298023224,0.0,0.41549023090096615,1,0.8551282182217103,118,eb485b5cf6a6,0.4180971384048462,0.7921528816223145,0.20000000298023224,0.0,0.41549023090096615,1,0.8294562443972092,0,d52ebdd6c51c,0.4864579439163208,1.4748096466064453,0.1428571492433548,0.2554127452163465,0.34555623164040744,1,0.9212966488182093,100,6002eddcd7d0,0.5595806837081909,2.205019474029541,0.1666666716337204,0.14384099455923594,0.37731004752087743,1,1.1233356835140051,167,00c6f12023ab,0.39838680624961853,0.5953238606452942,0.1666666716337204,0.14384099455923594,0.37731004752087743,1,0.7451268972648444
58,224946bca8ba,direct industrial production activities,25,79d2ac46742b,0.7542163133621216,3.8172378540039062,0.6000000238418579,0.0,1.0,1,1.7100000220537186,75,f634ee56b726,0.44343137741088867,1.089000940322876,0.1666666716337204,0.14384099455923594,0.42028171051697905,1,0.7987885140298288,120,a04637eaf44a,0.42190757393836975,0.9000533819198608,0.1428571492433548,0.0,0.3816612290100134,1,0.7479982179134202,215,79b70e0eb0dc,0.34789806604385376,0.2503582537174225,0.25,0.2027325123874243,0.5333321738793998,1,0.6901708831842138,156,ae5e42c6c3d0,0.3693849742412567,0.4389818608760834,0.3333333432674408,0.0,0.631349978808587,1,0.8134020347146368,97,48c561c86be0,0.4960283041000366,1.550724983215332,0.25,0.2027325123874243,0.6338245720879628,1,1.0313481638648794,55,4805101e52c6,0.5054283142089844,1.633243203163147,0.125,0.11157175065711056,0.34954122458837866,1,0.8722805593639236,146,284cc33eb902,0.4973229169845581,1.5620896816253662,0.3333333432674408,0.0,0.631349978808587,1,1.043417714908538,32,85a88cfd39f0,0.3970548212528229,0.6818826198577881,0.25,0.2027325123874243,0.5333321738793998,1,0.780046201294203,64,445ae625480e,0.2959432005882263,-0.2057294100522995,0.4000000059604645,0.14384099455923594,0.6952365838070748,1,0.7095382894012847
59,da6e8742f6bf,research industrial processes or operations,55,4805101e52c6,0.5583452582359314,2.287428379058838,0.2857142984867096,0.11157175065711056,1.0,1,1.682487228153512,6,75e527217c38,0.4691428542137146,1.104509711265564,0.25,0.2027325123874243,0.75953001887106,1,1.1943026703300503,173,49c0d2367c5d,0.5606433153152466,2.3179032802581787,0.2857142984867096,0.11157175065711056,0.9002622916430081,1,1.6207870477710706,24,2ae9204d54c8,0.4931439757347107,1.4227901697158813,0.1428571492433548,0.0,0.5356710062964147,1,1.1580007823884855,9,3cdbc3929112,0.45599085092544556,0.9301002025604248,0.1428571492433548,0.0,0.4723511084110153,1,0.9786830548379251,120,a04637eaf44a,0.5005784630775452,1.5213793516159058,0.1428571492433548,0.0,0.5356710062964147,1,1.1850135850489507,58,224946bca8ba,0.580773651599884,2.584852933883667,0.1428571492433548,0.0,0.5356710062964147,1,1.4763983043611417,151,506120811a05,0.47793975472450256,1.2211660146713257,0.1666666716337204,0.14384099455923594,0.5201485420002251,1,1.074487246293931,137,a4f4cc8a14a2,0.5703721642494202,2.44691801071167,0.1666666716337204,0.14384099455923594,0.5898758105049804,1,1.4575786058112665,85,e9ceea91a9c3,0.4695171117782593,1.1094727516174316,0.1666666716337204,0.14384099455923594,0.5201485420002251,1,1.044026747066884
60,90e3d91fbf4d,design control systems for mechanical or other equipment,127,3d77dabe7560,0.6612716913223267,3.0036745071411133,0.4285714328289032,0.2027325123874243,0.7954586956010763,1,1.5794882305603986,128,54e485ae84d0,0.5691514015197754,2.1607699394226074,0.4285714328289032,0.2027325123874243,1.0,1,1.533575535711369,63,50171927f859,0.5508190989494324,1.9930285215377808,0.4444444477558136,0.07707532800886907,0.9511216293509036,1,1.471872676902823,24,2ae9204d54c8,0.54875648021698,1.9741554260253906,0.25,0.2027325123874243,0.5594602871879902,1,1.2104444621233827,132,22f88df4c22c,0.42447829246520996,0.8370044827461243,0.125,0.3465735069466602,0.2598791997406007,1,0.7341682195053386,62,c6d9ce80244c,0.34078294038772583,0.0711883082985878,0.1818181872367859,0.07707532800886907,0.4819241963253035,0,0.6503392044327052,147,a2140782858a,0.3730860650539398,0.36676332354545593,0.10000000149011612,0.09116076173031373,0.23690448804964656,1,0.6334201522551439,74,318da22b73fb,0.3109924793243408,-0.20139573514461517,0.25,0.2027325123874243,0.5367846059468676,0,0.6084469403658621,161,f1f35b083d3a,0.38856714963912964,0.508415937423706,0.10000000149011612,0.09116076173031373,0.3826972566367036,1,0.7694180430181972,42,853f8faf3522,0.3711564540863037,0.3491072952747345,0.10000000149011612,0.09116076173031373,0.40346458846644456,1,0.7457814625090035
61,dc17b84d2d6b,review technical documents to plan work,15,c5e6a1a8c44d,0.5629953145980835,2.9999477863311768,0.125,0.11157175065711056,0.6259810430171412,1,1.5320295759079134,196,0f2541e582f8,0.4433386027812958,1.5711652040481567,0.2222222238779068,0.09116076173031373,1.0,1,1.4228696510775447,194,094e12b11051,0.5056803226470947,2.3155677318573,0.25,0.0,0.8835336781558537,1,1.530051009844939,95,7c80e08ee743,0.39816099405288696,1.0317137241363525,0.1428571492433548,0.2554127452163465,0.6142470657251722,1,1.0111080506301775,16,6e6ec1a475b8,0.4324248433113098,1.440847396850586,0.1111111119389534,0.0,0.31023420806589774,1,0.9305967511843058,68,7a9450b42a26,0.5628577470779419,2.998305320739746,0.125,0.11157175065711056,0.33874221637465596,1,1.3305480406688566,103,6680fc36f234,0.4136853814125061,1.2170854806900024,0.1111111119389534,0.0,0.31023420806589774,1,0.8740003975342128,145,7809c19536e4,0.39933228492736816,1.0456997156143188,0.09090909361839294,0.1682360897391828,0.26553944927674306,1,0.7846389246744457,3,33b4e36b0d81,0.4687770903110504,1.874917984008789,0.09090909361839294,0.1682360897391828,0.26553944927674306,1,0.9951985386771504,1,06d678da6c8d,0.3527013659477234,0.4888947606086731,0.1428571492433548,0.2554127452163465,0.6142470657251722,1,0.8746603900051966
62,c6d9ce80244c,confer with other personnel to resolve design or operational problems,3,33b4e36b0d81,0.7428849935531616,5.088343143463135,0.27272728085517883,0.0,0.6719828192614674,1,1.5458425530747784,100,6002eddcd7d0,0.4705353081226349,1.4025540351867676,0.375,0.27980784039629336,1.0,1,1.1358837267647854,117,f2f5eb941075,0.4371775686740875,0.9511138200759888,0.0714285746216774,0.06676568738369093,0.21558207756408412,1,0.5550873838873213,41,babe1d93de49,0.3868163526058197,0.2695605754852295,0.125,0.6263813056763128,0.33930859435731703,1,0.4673970208086377,60,90e3d91fbf4d,0.34078294038772583,-0.35342326760292053,0.1818181872367859,0.07707532800886907,0.4299620591792508,1,0.47955398407167116,12,9251af4a3821,0.39572805166244507,0.390165239572525,0.20000000298023224,0.1682360897391828,0.5236527889686543,1,0.6591796575794044,38,a3c08ed1a115,0.4178314208984375,0.6892966628074646,0.0833333358168602,0.07707532800886907,0.3279643630451648,1,0.5874603194743536,0,d52ebdd6c51c,0.4727611541748047,1.4326770305633545,0.20000000298023224,0.1682360897391828,0.42952351405354067,1,0.7664917393919071,29,ef7349785e11,0.4584462642669678,1.2389494180679321,0.10000000149011612,0.27980784039629336,0.21415905587320352,1,0.5797295072338788,220,7cd42be784e2,0.3341352045536041,-0.44338902831077576,0.20000000298023224,0.1682360897391828,0.37201771003664846,1,0.4145486769346707
63,50171927f859,analyze design or requirements information for mechanical equipment or systems,60,90e3d91fbf4d,0.5508190989494324,1.8688080310821533,0.4444444477558136,0.07707532800886907,1.0,1,1.4989603407604954,159,3319e1abdfb1,0.42924582958221436,0.5193238258361816,0.3333333432674408,0.1682360897391828,0.8703648116197104,1,1.0901379879525466,154,17f9d29c543d,0.5232604742050171,1.562902569770813,0.07692307978868484,0.0,0.2723539703301007,1,0.9751939178752889,66,196087c93944,0.3591163754463196,-0.2591251730918884,0.25,0.06676568738369093,0.6810685374440553,1,0.7837560627513906,125,12a1310a48ad,0.5461591482162476,1.8170818090438843,0.20000000298023224,0.1682360897391828,0.5842554921588202,1,1.2229613287531984,144,7a053b14e6ec,0.6403351426124573,2.8624515533447266,0.10000000149011612,0.27980784039629336,0.2523765406846165,1,1.2586828105328565,84,c6940290ea74,0.5938218235969543,2.3461456298828125,0.20000000298023224,0.1682360897391828,0.4796411828433709,1,1.2809098999074784,19,9d76ae41867e,0.5637671947479248,2.0125341415405273,0.2222222238779068,0.27980784039629336,0.5237163185641129,1,1.2143710185176277,209,2ac9980eb5e6,0.38661181926727295,0.04607897996902466,0.1818181872367859,0.07707532800886907,0.5066903973724102,1,0.7397931996978739,177,ff18586218d4,0.36235275864601135,-0.22320076823234558,0.10000000149011612,0.27980784039629336,0.3892734727966987,1,0.5742894801583304
64,445ae625480e,direct installation activities,25,79d2ac46742b,0.4245072603225708,2.6275787353515625,0.4000000059604645,0.14384099455923594,1.0,1,1.3955536685265593,41,babe1d93de49,0.29965609312057495,0.9293248057365417,0.0,0.20273247072078354,0.0,1,0.40573802649082985,156,ae5e42c6c3d0,0.3252737820148468,1.2777824401855469,0.4000000059604645,0.14384099455923594,1.0,1,1.1489313706137232,74,318da22b73fb,0.5613381862640381,4.488784313201904,0.0,0.14384099455923594,0.0,1,1.1156159273661665,146,284cc33eb902,0.40606504678726196,2.376723527908325,0.4000000059604645,0.14384099455923594,1.0,1,1.3497197977580122,50,a787a095d9b0,0.3337283730506897,1.392783761024475,0.3333333432674408,0.2554127452163465,0.9158415841584158,1,1.105433013640689,183,ff9c96c6d776,0.18799853324890137,-0.5894668102264404,0.125,0.3465735069466602,0.35149361964038606,0,0.2559270362779711,170,57e3b12b8497,0.24737922847270966,0.21824294328689575,0.1428571492433548,0.2554127452163465,0.38107476584774536,0,0.4409963909732802,32,85a88cfd39f0,0.2653278112411499,0.4623836576938629,0.2857142984867096,0.3465735069466602,0.8447488584474884,0,0.7965220539961274,142,c71cb5036aef,0.29344239830970764,0.8448047041893005,0.1111111119389534,0.4236488349555293,0.32617416398832444,0,0.5082827266023369
65,8da0e9e0dffc,direct equipment maintenance or repair activities,50,a787a095d9b0,0.8003453016281128,4.679906845092773,0.6666666865348816,0.0,1.0,1,1.6966666865348816,73,a40c650a049f,0.4283307194709778,0.8683487176895142,0.09090909361839294,0.1682360897391828,0.12738264868369337,1,0.4910711605237688,138,ef5aeb4ce41e,0.6059384346008301,2.68806791305542,0.3333333432674408,0.2554127452163465,0.5345076565875373,1,1.0667722276563223,32,85a88cfd39f0,0.358629047870636,0.15420477092266083,0.2222222238779068,0.09116076173031373,0.35473409104028575,1,0.5227489421388611,64,445ae625480e,0.35095110535621643,0.07553870975971222,0.3333333432674408,0.2554127452163465,0.46242122582037254,1,0.5635739458314452,58,224946bca8ba,0.46169182658195496,1.2101573944091797,0.2857142984867096,0.11157175065711056,0.4199284645287708,1,0.748536815150739,156,ae5e42c6c3d0,0.44496721029281616,1.0388015508651733,0.2857142984867096,0.11157175065711056,0.4199284645287708,1,0.7185541402838242,201,42bb588edac5,0.37754547595977783,0.34801724553108215,0.1428571492433548,0.2554127452163465,0.17894229219852162,1,0.42137048344969974,164,0c9fad019eee,0.3660861849784851,0.2306085228919983,0.1428571492433548,0.2554127452163465,0.19240997941194718,1,0.4096633091592844,101,ae138f31c069,0.35480189323425293,0.11499281227588654,0.1111111119389534,0.0,0.14882329252154275,1,0.3851234665289864
66,196087c93944,"test performance of electrical, electronic, mechanical, or integrated systems or equipment",70,d5bb4574fc4d,0.4788789749145508,2.1347546577453613,0.1818181872367859,0.23500177712287373,0.800569788404887,1,1.5036925111223893,201,42bb588edac5,0.4669835567474365,1.9877612590789795,0.2222222238779068,0.4904145223392202,0.8256784338837779,1,1.450933682631535,165,72ea80489538,0.518557071685791,2.6250622272491455,0.09090909361839294,0.3465735277799843,0.45716244008833223,1,1.3971745514613167,39,202cbfb3aef7,0.2882634401321411,-0.22070801258087158,0.10000000149011612,0.4904145223392202,0.5448162238357488,1,0.6942448091647327,19,9d76ae41867e,0.5054413080215454,2.462989091873169,0.20000000298023224,0.3465735277799843,0.6656238608970437,1,1.4795015060169625,150,3ffc9e8eaffb,0.4509944021701813,1.790181040763855,0.09090909361839294,0.3465735277799843,0.45716244008833223,1,1.1773167544346825,220,7cd42be784e2,0.36921069025993347,0.7795683741569519,0.0833333358168602,0.23500177712287373,0.41868837334822506,1,0.8962086612539791,158,16ac0e74dbe1,0.40080589056015015,1.169994592666626,0.09090909361839294,0.3465735277799843,0.45716244008833223,1,1.0139967494946496,56,269bfa3db5c6,0.5089632272720337,2.506509780883789,0.0833333358168602,0.23500177712287373,0.268014482555115,1,1.2461778240174857,157,018f6a0e7f9a,0.31943804025650024,0.16452084481716156,0.0625,0.05889151088374822,0.3389967614977993,1,0.6973811190603997
67,3574e4789085,coordinate safety or regulatory compliance activities,27,88a991273442,0.5486966371536255,2.7342095375061035,0.2857142984867096,0.11157175065711056,1.0,1,1.7616999980195016,110,d9dbdf9d5d1a,0.29750949144363403,0.22222943603992462,0.125,0.11157175065711056,0.5350534847291062,1,0.7777834028524037,120,a04637eaf44a,0.32752007246017456,0.5223482251167297,0.0,0.11157175065711056,0.0,1,0.4959236052020044,156,ae5e42c6c3d0,0.28022506833076477,0.04937773197889328,0.125,0.11157175065711056,0.3082022490134171,1,0.5714668891633434,142,c71cb5036aef,0.3031328320503235,0.27846527099609375,0.20000000298023224,0.1682360897391828,0.6610267404337576,0,0.7906387187581178,134,469df54e4928,0.3621591329574585,0.8687538504600525,0.0,0.29389328800662196,0.0,1,0.5752485044369858,115,830e9df61ddd,0.351951003074646,0.7666681408882141,0.0,0.11157175065711056,0.0,1,0.564730603633687,116,1cf7420e0aac,0.5171633362770081,2.41886305809021,0.2222222238779068,0.09116076173031373,0.8447488584474885,1,1.582712799055663,149,c9b79bbec6f3,0.47268223762512207,1.9740327596664429,0.125,0.11157175065711056,0.4649465152708938,1,1.210316620741827,96,1cbedefabffc,0.5393675565719604,2.6409146785736084,0.10000000149011612,0.09116076173031373,0.39276303801422535,1,1.3500442283677583
68,7a9450b42a26,document technical design details,194,094e12b11051,0.5506237745285034,2.4862794876098633,0.2857142984867096,0.11157175065711056,1.0,1,1.726480969427392,124,3b11edaeeba4,0.5029782056808472,1.9638192653656006,0.2857142984867096,0.11157175065711056,0.9564788537923328,1,1.5588547259346974,209,2ac9980eb5e6,0.4358367621898651,1.2275758981704712,0.1111111119389534,0.2027325123874243,0.3136429900647142,1,0.9285269319287803,61,dc17b84d2d6b,0.5628577470779419,2.620431900024414,0.125,0.11157175065711056,0.33357928423999134,1,1.3273483447639085,155,f6d7dbe3f71e,0.36225616931915283,0.42072373628616333,0.1666666716337204,0.14384099455923594,0.40885604062007386,1,0.777143644448156,159,3319e1abdfb1,0.31565234065055847,-0.09031321108341217,0.125,0.11157175065711056,0.3400386872483783,1,0.5971787689327296,63,50171927f859,0.47550809383392334,1.662594199180603,0.10000000149011612,0.27980784039629336,0.2910500628142899,1,1.0248859501941219,167,00c6f12023ab,0.4745427966117859,1.652009129524231,0.1428571492433548,0.0,0.6730860196858314,1,1.3110324863907463,103,6680fc36f234,0.34340766072273254,0.21403934061527252,0.125,0.11157175065711056,0.33357928423999134,1,0.6751456417051889,16,6e6ec1a475b8,0.34581711888313293,0.2404603809118271,0.125,0.11157175065711056,0.33357928423999134,1,0.6823065288273431
69,636981831618,identify new applications for existing technologies,195,6b483cafcca2,0.6633918285369873,4.19765567779541,0.2857142984867096,0.11157175065711056,1.0,1,1.7616999980195016,17,e1dbddbff402,0.20656369626522064,-0.5757142901420593,0.125,0.11157175065711056,0.49773761874567335,0,0.3939534877725255,126,ebdb003908ef,0.6277753114700317,3.825500726699829,0.25,0.0,0.8911046326343101,1,1.630120796574028,176,62eda05f366c,0.2718532383441925,0.10649225115776062,0.125,0.11157175065711056,0.5585743686075434,1,0.6549287544433722,21,c9b70de179fe,0.3773954510688782,1.2092965841293335,0.125,0.11157175065711056,0.49773761874567335,1,0.8360532461218846,73,a40c650a049f,0.4038793742656708,1.4860254526138306,0.09090909361839294,0.1682360897391828,0.3725494759499197,1,0.8020503493210112,49,824d3015533f,0.35584622621536255,0.9841299653053284,0.1111111119389534,0.0,0.480585760771381,0,0.710538933008316,81,e9ce432833f3,0.1864972710609436,-0.7853871583938599,0.1111111119389534,0.0,0.5115656346158194,0,0.3722952923976585,52,7f83579eb5ca,0.36890900135040283,1.120622158050537,0.0,0.09116076173031373,0.0,1,0.48146567648485894,148,253c9a1feb09,0.3581257462501526,1.0079485177993774,0.1111111119389534,0.0,0.4352558233870349,1,0.7636528137299713
70,d5bb4574fc4d,design electronic or computer equipment or instrumentation,127,3d77dabe7560,0.6487523317337036,3.490683078765869,0.2857142984867096,0.11157175065711056,0.6372433480219838,1,1.5077703416348902,138,ef5aeb4ce41e,0.4660727381706238,1.2339040040969849,0.3333333432674408,0.2554127452163465,1.0,1,1.2693554833790803,21,c9b70de179fe,0.3430200517177582,-0.28625890612602234,0.125,0.11157175065711056,0.6040919833132429,1,0.6995132267780912,66,196087c93944,0.4788789749145508,1.3921090364456177,0.1818181872367859,0.23500177712287373,0.6640316205533597,1,1.0859364985036968,200,9ff41f315fd5,0.4460159242153168,0.9861269593238831,0.1428571492433548,0.2554127452163465,0.665220338767559,1,1.001534090531039,129,06f6e71fddcf,0.4562756419181824,1.1128729581832886,0.125,0.11157175065711056,0.30401612479486534,1,0.7921818050258899,73,a40c650a049f,0.43462294340133667,0.8453808426856995,0.09090909361839294,0.1682360897391828,0.23831772494512748,1,0.6856618387680129,144,7a053b14e6ec,0.4082280695438385,0.5193050503730774,0.125,0.11157175065711056,0.33322722322711834,1,0.6842028879991685,75,f634ee56b726,0.585821270942688,2.7132480144500732,0.3333333432674408,0.2554127452163465,0.7017263058575415,1,1.367629354584996,5,abdac161e57b,0.47654032707214355,1.3632179498672485,0.125,0.11157175065711056,0.33322722322711834,1,0.8667952203622972
71,1cb040da80f9,evaluate plans or specifications to determine technological or environmental implications,145,7809c19536e4,0.6042726039886475,2.933161497116089,0.27272728085517883,0.0,1.0,1,1.7754545795917511,174,003763627ff4,0.5775723457336426,2.5844671726226807,0.1818181872367859,0.07707532800886907,0.6313982420978147,1,1.4426619631146889,140,f07eaef01260,0.44743406772613525,0.8849145770072937,0.2222222238779068,0.27980784039629336,0.8373118879746615,1,1.146947871450238,180,893bb3cbc01a,0.5081193447113037,1.6774394512176514,0.09090909361839294,0.1682360897391828,0.3373787926050835,1,1.0186654938753437,159,3319e1abdfb1,0.4812045097351074,1.3259427547454834,0.0,0.1682360897391828,0.0,1,0.7061620851364752,46,f64f2eefbcb7,0.39064306020736694,0.1432473063468933,0.09090909361839294,0.1682360897391828,0.4336549006194726,1,0.7042655014604944,195,6b483cafcca2,0.5047624111175537,1.6335992813110352,0.10000000149011612,0.27980784039629336,0.36838116814176686,1,1.0170518113428655,23,9a8d83e8b2e2,0.4075198173522949,0.3636508285999298,0.1111111119389534,0.4236488349555293,0.417414874483301,1,0.7206685251804432,92,3f67b920ee49,0.44852811098098755,0.8992023468017578,0.1818181872367859,0.07707532800886907,0.6313982420978147,1,1.0306633558964233,134,469df54e4928,0.4122721254825592,0.42571401596069336,0.1428571492433548,0.12565719826743915,0.5737137010196754,1,0.8727516569607136
72,91e3b64a6f04,advise others regarding green practices or environmental concerns,116,1cf7420e0aac,0.5203899145126343,2.11179518699646,0.1818181872367859,0.07707532800886907,0.8447488584474885,1,1.5240787823272521,8,04d0abdf0b41,0.5860729217529297,2.6729393005371094,0.0625,0.1783374505407972,0.33754841289605453,1,1.3359501678150163,80,4e4d6d43dbf9,0.31798630952835083,0.3826177716255188,0.2222222238779068,0.27980784039629336,1.0,1,1.1373747071515194,23,9a8d83e8b2e2,0.47363847494125366,1.7123876810073853,0.1111111119389534,0.4236488349555293,0.46162599847165947,1,1.1226933950234987,111,059770361813,0.2542608082294464,-0.16180290281772614,0.20000000298023224,0.1682360897391828,0.9158415841584158,1,0.9432480432862387,176,62eda05f366c,0.5629662275314331,2.475533962249756,0.10000000149011612,0.27980784039629336,0.5236561864927981,1,1.3938233517221186,128,54e485ae84d0,0.3781639635562897,0.8967283964157104,0.10000000149011612,0.27980784039629336,0.41920631212561515,1,0.8827880853583926,71,1cb040da80f9,0.3969388008117676,1.0571259260177612,0.07692307978868484,0.0,0.3286151175560966,1,0.8944522393150817,175,825fff3275ff,0.4770084023475647,1.7411776781082153,0.09090909361839294,0.1682360897391828,0.5382042652085894,1,1.2128344270594769,159,3319e1abdfb1,0.5055705308914185,1.9851901531219482,0.09090909361839294,0.1682360897391828,0.47958611139191903,1,1.2396040591800592
73,a40c650a049f,"select tools, equipment, or technologies for use in operations or projects",173,49c0d2367c5d,0.4766451120376587,1.9372481107711792,0.20000000298023224,0.1682360897391828,1.0,1,1.6731140856948516,130,cbb58925807f,0.4839893579483032,2.057119369506836,0.1111111119389534,0.4236488349555293,0.8111327964855218,1,1.5656533283415688,19,9d76ae41867e,0.461588978767395,1.6915053129196167,0.10000000149011612,0.27980784039629336,0.34289843404107506,1,1.1495947324094768,69,636981831618,0.4038793742656708,0.7495818734169006,0.09090909361839294,0.1682360897391828,0.5309278932255186,1,1.0235324096616303,133,70f88532846f,0.43709880113601685,1.291782021522522,0.0833333358168602,0.07707532800886907,0.6222388575779345,1,1.2532831483720068,137,a4f4cc8a14a2,0.49846577644348145,2.293400287628174,0.1111111119389534,0.4236488349555293,0.37759648986665995,1,1.3297304653355246,59,da6e8742f6bf,0.4568082094192505,1.6134746074676514,0.10000000149011612,0.27980784039629336,0.5562208855954772,1,1.2765632826841125,132,22f88df4c22c,0.4136123061180115,0.9084406495094299,0.1111111119389534,0.4236488349555293,0.37759648986665995,1,0.9337715127298003,33,2be03b534579,0.3847581148147583,0.43748894333839417,0.20000000298023224,0.1682360897391828,1.0,1,1.2517506798115394,180,893bb3cbc01a,0.3942250609397888,0.5920063257217407,0.09090909361839294,0.1682360897391828,0.5309278932255186,1,0.9783045020636115
74,318da22b73fb,install production equipment or systems,135,4055e1544ee0,0.5848286151885986,3.0750930309295654,0.1666666716337204,0.14384099455923594,0.46832844975447907,1,1.41011251084779,200,9ff41f315fd5,0.4652160406112671,1.6289032697677612,0.1666666716337204,0.14384099455923594,0.5968969644573645,1,1.1660056649550412,64,445ae625480e,0.5613381862640381,2.79107928276062,0.0,0.14384099455923594,0.0,1,1.047850572255998,78,98d9410b9c2c,0.3432273268699646,0.15398456156253815,0.1428571492433548,0.0,0.6417368106549339,1,0.8726368094239383,19,9d76ae41867e,0.3944481313228607,0.7732756733894348,0.3333333432674408,0.0,0.9673398356085932,1,1.2261310122720541,97,48c561c86be0,0.32473570108413696,-0.06959059089422226,0.25,0.2027325123874243,1.0,1,1.045138628181538,211,c7ea79acedc2,0.48911523818969727,1.9178593158721924,0.125,0.11157175065711056,0.3895008889047153,1,1.0969530985185647,25,79d2ac46742b,0.41020360589027405,0.9637690782546997,0.1428571492433548,0.0,0.6417368106549339,1,1.0605928371105342,137,a4f4cc8a14a2,0.48515838384628296,1.870018482208252,0.1666666716337204,0.14384099455923594,0.46832844975447907,1,1.1317111434814762,127,3d77dabe7560,0.3179777264595032,-0.1512986719608307,0.3333333432674408,0.0,0.9673398356085932,1,1.019535259883815
75,f634ee56b726,design industrial equipment,137,a4f4cc8a14a2,0.7145307064056396,2.9467384815216064,0.5,0.0,1.0,1,1.695223240852356,144,7a053b14e6ec,0.4490024745464325,0.46368467807769775,0.1666666716337204,0.14384099455923594,0.38848192532816966,1,0.7121075061137132,127,3d77dabe7560,0.628598153591156,2.143151044845581,0.4000000059604645,0.14384099455923594,0.7429090587038287,1,1.3333676775589023,24,2ae9204d54c8,0.7308678030967712,3.099512815475464,0.4000000059604645,0.14384099455923594,0.9421629000606188,1,1.695129959196739,125,12a1310a48ad,0.5437512397766113,1.3497158288955688,0.1428571492433548,0.2554127452163465,0.32459910729948965,1,0.8748431629559241,135,4055e1544ee0,0.526828408241272,1.1914640665054321,0.20000000298023224,0.0,0.3902917837767673,1,0.9014337045916131,19,9d76ae41867e,0.5067100524902344,1.003329873085022,0.1666666716337204,0.14384099455923594,0.354427133375659,1,0.8197317518291148,5,abdac161e57b,0.44471320509910583,0.4235741198062897,0.1666666716337204,0.14384099455923594,0.38848192532816966,1,0.7023361851448469,155,f6d7dbe3f71e,0.46141356229782104,0.5797454118728638,0.20000000298023224,0.0,0.4277925963435201,1,0.7796410730146904,60,90e3d91fbf4d,0.6619271039962769,2.454822540283203,0.2857142984867096,0.3465735069466602,0.6275715792703574,1,1.32412536025189
76,298036041aa4,"investigate system, equipment, or product failures",54,00ee16f445cd,0.6118258833885193,2.7735044956207275,0.1111111119389534,0.0,0.9158415841584158,1,1.7488669148353067,99,78b76b55f875,0.4842374920845032,1.2693474292755127,0.125,0.11157175065711056,1.0,1,1.3979288201911897,138,ef5aeb4ce41e,0.505216121673584,1.516667366027832,0.1428571492433548,0.2554127452163465,0.5126234080112693,1,1.1050601810478018,120,a04637eaf44a,0.5204641819000244,1.696428894996643,0.125,0.11157175065711056,0.9250015072549858,1,1.4578433039934917,193,adb21e5e1a03,0.6000763773918152,2.6349880695343018,0.1111111119389534,0.0,0.4263402601281844,1,1.3696577771643828,74,318da22b73fb,0.39965182542800903,0.27215537428855896,0.125,0.11157175065711056,0.46551747322104464,1,0.7613168870791989,63,50171927f859,0.38273125886917114,0.07267649471759796,0.09090909361839294,0.1682360897391828,0.3649183582453104,1,0.6348149868189037,19,9d76ae41867e,0.5697509050369263,2.2774767875671387,0.125,0.11157175065711056,0.46551747322104464,1,1.2891440680012303,201,42bb588edac5,0.40642884373664856,0.3520505726337433,0.1428571492433548,0.2554127452163465,0.5126234080112693,1,0.7995857730768963,56,269bfa3db5c6,0.5364474058151245,1.8848572969436646,0.1111111119389534,0.0,0.4263402601281844,1,1.171678431246681
77,9b108680399f,prepare proposal documents,1,06d678da6c8d,0.5879737734794617,3.0681774616241455,0.5,0.0,1.0,1,1.730000025331974,212,0cf60304ef43,0.5183756351470947,2.4095215797424316,0.0,0.0,0.0,1,0.9627196359634399,35,e19513a85bed,0.36915767192840576,0.9973679184913635,0.20000000298023224,0.0,0.4185432430857448,1,0.8770872909553666,95,7c80e08ee743,0.5686920285224915,2.8857007026672363,0.5,0.0,1.0,1,1.6880697149038315,214,fc824bfe7bf0,0.26777005195617676,0.037866149097681046,0.1428571492433548,0.2554127452163465,0.3480953704871541,1,0.5708806718241779,196,0f2541e582f8,0.3140067458152771,0.4754362404346466,0.125,0.3465735069466602,0.4460490190027163,1,0.7397705801299519,153,8594b6595861,0.24999016523361206,-0.13039731979370117,0.1428571492433548,0.2554127452163465,0.3480953704871541,0,0.44930922978635707,186,4c7ceb754866,0.37203383445739746,1.0245870351791382,0.1428571492433548,0.2554127452163465,0.3480953704871541,1,0.8146614896607008,17,e1dbddbff402,0.4537660479545593,1.7980760335922241,0.1666666716337204,0.14384099455923594,0.38008251264002774,1,1.0360100567419304,61,dc17b84d2d6b,0.4102831184864044,1.3865667581558228,0.1428571492433548,0.2554127452163465,0.4835877978296777,1,0.9989374895597828
78,98d9410b9c2c,supervise production or support personnel,31,53acfaed8c01,0.6258836984634399,4.553775310516357,0.20000000298023224,0.3465734652800195,0.6963812452375104,1,1.5428095603049958,74,318da22b73fb,0.3432273268699646,0.4814566969871521,0.1428571492433548,0.0,0.4594572959499758,1,0.6790639892429154,114,98e7b9000779,0.2977323830127716,-0.17400316894054413,0.20000000298023224,0.3465734652800195,0.5287843176763968,1,0.5714231169588286,12,9251af4a3821,0.38114532828330994,1.0277531147003174,0.2857142984867096,0.11157175065711056,0.9158415841584158,1,1.076628019626039,25,79d2ac46742b,0.4307876527309418,1.742965579032898,0.1428571492433548,0.0,0.4594572959499758,1,0.9095330558925908,41,babe1d93de49,0.5068615674972534,2.8389861583709717,0.20000000298023224,0.3465734652800195,0.5287843176763968,1,1.1157167310632188,184,389dd43f303d,0.42740726470947266,1.6942633390426636,0.3333333432674408,0.0,1.0,1,1.2604040417075157,43,61355ce7e829,0.27102622389793396,-0.5587671399116516,0.1666666716337204,0.14384099455923594,0.47527638076866613,1,0.4853040243751047,142,c71cb5036aef,0.3849635422229767,1.0827633142471313,0.0,0.27980784039629336,0.0,1,0.450151219804155,62,c6d9ce80244c,0.3336585462093353,0.34359627962112427,0.10000000149011612,0.27980784039629336,0.3383323388522709,0,0.4632264429279926
79,5b935f6121b7,perform marketing activities,32,85a88cfd39f0,0.6688064336776733,4.675538063049316,0.2857142984867096,0.3465735069466602,0.8447488584474884,1,1.6295240233037886,107,750257b28f11,0.2849941849708557,0.33755186200141907,0.4000000059604645,0.14384099455923594,1.0,1,0.9812572333343319,94,832ecabbf00a,0.3924686312675476,1.55226731300354,0.0,0.2554127452163465,0.0,1,0.5165405079981827,36,e5bfe7745119,0.2225395292043686,-0.36833351850509644,0.125,0.3465735069466602,0.2817907195634629,0,0.2607538177607052,187,02b0fa193387,0.27453798055648804,0.2193720042705536,0.0,0.2554127452163465,0.0,1,0.2656389691195034,42,853f8faf3522,0.21236777305603027,-0.4832984209060669,0.1428571492433548,0.2554127452163465,0.3055057801207841,0,0.265076522548179,199,0d99df7b9f80,0.3076467216014862,0.593579113483429,0.0,0.3465735069466602,0.0,1,0.3269629059080981,91,b1f99c3dcd62,0.2749062478542328,0.22353430092334747,0.0,0.2554127452163465,0.0,1,0.2664224759003662,153,8594b6595861,0.32420313358306885,0.7807057499885559,0.0,0.2554127452163465,0.0,1,0.3713033154866242,146,284cc33eb902,0.24852585792541504,-0.07462652027606964,0.1666666716337204,0.14384099455923594,0.33357928423999134,0,0.3700127128414093
80,4e4d6d43dbf9,advise others on logistics topics,85,e9ceea91a9c3,0.5692630410194397,3.6954867839813232,0.1666666716337204,0.14384099455923594,0.6296342242353882,1,1.5230265529844265,111,059770361813,0.35784268379211426,0.9846159815788269,0.2857142984867096,0.11157175065711056,1.0,1,1.179413964240119,198,edb3d68bc36f,0.44001853466033936,2.038289785385132,0.125,0.11157175065711056,0.5,1,1.0763585891707392,72,91e3b64a6f04,0.31798630952835083,0.47357019782066345,0.2222222238779068,0.27980784039629336,0.8559322033898306,1,0.9558190959785443,168,ab35d13698b5,0.44686219096183777,2.126040458679199,0.1111111119389534,0.2027325123874243,0.48300707612577715,1,1.0766408307509885,173,49c0d2367c5d,0.4741879403591156,2.4764163494110107,0.125,0.11157175065711056,0.5236561864927981,1,1.1900726711357188,113,322cdff981bb,0.25867825746536255,-0.28688856959342957,0.1111111119389534,0.2027325123874243,0.4611872146118721,1,0.5248485625465253,51,6385c0e2eb2e,0.2945125699043274,0.172585591673851,0.0,0.11157175065711056,0.0,1,0.31858387255506226,101,ae138f31c069,0.3157397210597992,0.44476404786109924,0.0,0.11157175065711056,0.0,1,0.3804116923494787,117,f2f5eb941075,0.3134293556213379,0.4151400923728943,0.0,0.3465735277799843,0.0,1,0.35018216886850123
81,e9ce432833f3,identify opportunities to improve operational efficiency,100,6002eddcd7d0,0.6367878913879395,3.5550355911254883,0.125,0.11157175065711056,0.23769126151739992,1,1.2602267288580946,176,62eda05f366c,0.32907623052597046,-0.10436228662729263,0.2857142984867096,0.11157175065711056,1.0,1,0.9832844521983117,55,4805101e52c6,0.5618994235992432,2.6644399166107178,0.1111111119389534,0.0,0.44008009477423976,1,1.2197260078865007,2,771b010da2fa,0.47256794571876526,1.6020835638046265,0.1666666716337204,0.29389328800662196,0.6385514803287973,1,1.0888753498454964,174,003763627ff4,0.42755529284477234,1.0667798519134521,0.10000000149011612,0.09116076173031373,0.200789421829767,1,0.6923417166685927,25,79d2ac46742b,0.4916023313999176,1.8284460306167603,0.125,0.11157175065711056,0.23769126151739992,1,0.8810618692055754,13,f7e80a0049c6,0.45690667629241943,1.4158351421356201,0.1428571492433548,0.2554127452163465,0.2617433534566606,1,0.790968933385012,36,e5bfe7745119,0.4543192386627197,1.3850644826889038,0.10000000149011612,0.09116076173031373,0.200789421829767,1,0.7625790775632727,197,3a46124701c0,0.37734299898147583,0.4696403741836548,0.125,0.11157175065711056,0.23769126151739992,1,0.5826635905519537,46,f64f2eefbcb7,0.449735164642334,1.3305493593215942,0.0,0.0,0.0,1,0.6295806634426117
82,68d8248a643f,"analyze jobs using observation, survey, or interview techniques",113,322cdff981bb,0.492266982793808,3.2305943965911865,0.0833333358168602,0.07707532800886907,1.0,1,1.8056258283479474,181,49ccfbfcfc0a,0.23519951105117798,-0.20235773921012878,0.10000000149011612,0.27980784039629336,0.738808374848129,0,0.6931937134875658,172,2c5271f1a3e4,0.36216434836387634,1.4931668043136597,0.0833333358168602,0.07707532800886907,0.624107531264401,0,1.0431114872602918,85,e9ceea91a9c3,0.31415438652038574,0.8520281314849854,0.1111111119389534,0.4236488349555293,0.8135687461125228,1,1.0638467587736573,107,750257b28f11,0.2763897776603699,0.3477087914943695,0.0,0.27980784039629336,0.0,1,0.3949088005612961,158,16ac0e74dbe1,0.3687928318977356,1.5816854238510132,0.10000000149011612,0.27980784039629336,0.738808374848129,1,1.2024465801431539,120,a04637eaf44a,0.3684660494327545,1.5773215293884277,0.0,0.27980784039629336,0.0,1,0.6965066490958801,119,b729f6985724,0.42794060707092285,2.3715615272521973,0.09090909361839294,0.1682360897391828,0.6766314324104151,1,1.361582824236291,63,50171927f859,0.1932242214679718,-0.7629076838493347,0.07692307978868484,0.0,0.5791506328258637,0,0.47485177573080917,55,4805101e52c6,0.34712472558021545,1.292323350906372,0.0,0.1682360897391828,0.0,1,0.6377598245945593
83,4ffdd533affb,plan facility layouts or designs,3,33b4e36b0d81,0.5051302909851074,2.625284433364868,0.10000000149011612,0.27980784039629336,0.6224550460781448,1,1.1526777105425523,50,a787a095d9b0,0.3225010931491852,0.5136392116546631,0.125,0.11157175065711056,1.0,1,1.047200457392499,155,f6d7dbe3f71e,0.678199827671051,4.626396179199219,0.0,0.14384099455923594,0.0,1,1.1156159273661665,104,985eed507e3a,0.38137388229370117,1.1943541765213013,0.1111111119389534,0.2027325123874243,0.6707734743125213,1,0.932294158093541,61,dc17b84d2d6b,0.28367865085601807,0.06475576758384705,0.125,0.11157175065711056,1.0,1,0.9657088119669408,141,dbc0d59bd942,0.26012128591537476,-0.2076256275177002,0.125,0.11157175065711056,0.7272247072992187,0,0.6453171512722844,163,3ac212a9f7c3,0.32386690378189087,0.5294313430786133,0.125,0.11157175065711056,0.7272247072992187,1,0.8591247135639065,10,365ec2897755,0.28921371698379517,0.12875482439994812,0.125,0.11157175065711056,0.7272247072992187,0,0.706384680294978,102,f2c8cd5b27ab,0.29604285955429077,0.20771659910678864,0.125,0.11157175065711056,0.7272247072992187,0,0.7207196495175237,153,8594b6595861,0.3607862591743469,0.9563103914260864,0.0,0.11157175065711056,0.0,1,0.43631364816264817
84,c6940290ea74,develop technical specifications for systems or equipment,49,824d3015533f,0.6875074505805969,3.313112497329712,0.25,0.0,1.0,1,1.7800000298023224,127,3d77dabe7560,0.37848159670829773,-0.23173277080059052,0.2857142984867096,0.11157175065711056,0.9019498667780634,1,0.9095609141437714,154,17f9d29c543d,0.515446662902832,1.3393977880477905,0.20000000298023224,0.1682360897391828,0.8032965654970732,1,1.1917089493469486,129,06f6e71fddcf,0.3444429636001587,-0.6221910119056702,0.2857142984867096,0.11157175065711056,0.8229330585184318,1,0.7679476223072892,74,318da22b73fb,0.3571062386035919,-0.476930171251297,0.2857142984867096,0.11157175065711056,0.9019498667780634,1,0.8553658546803896,103,6680fc36f234,0.5434315204620361,1.6604129076004028,0.1111111119389534,0.0,0.3905047996882728,1,1.0029932046762002,9,3cdbc3929112,0.5603403449058533,1.8543745279312134,0.2857142984867096,0.11157175065711056,0.9199240519824484,1,1.383227392170792,63,50171927f859,0.5938218235969543,2.2384417057037354,0.20000000298023224,0.1682360897391828,0.7070369718387362,1,1.3264705378360815,191,a9be4c9c15a1,0.5137272477149963,1.3196742534637451,0.0833333358168602,0.23500177712287373,0.3117864408578305,1,0.8495192541112125,19,9d76ae41867e,0.4691442847251892,0.8082617521286011,0.2857142984867096,0.11157175065711056,0.9019498667780634,1,1.13942703510806
85,e9ceea91a9c3,analyze logistics processes,80,4e4d6d43dbf9,0.5692630410194397,3.2639973163604736,0.1666666716337204,0.14384099455923594,0.8309690446608325,1,1.656406127963924,151,506120811a05,0.48180097341537476,2.180166482925415,0.20000000298023224,0.0,0.7119029842018041,1,1.3291940689622628,63,50171927f859,0.34330734610557556,0.4639517664909363,0.1111111119389534,0.4236488349555293,0.49322160446651225,0,0.6615021176386561,92,3f67b920ee49,0.5718716979026794,3.296323776245117,0.125,0.3465735069466602,0.7019601518824383,1,1.5617147764846666,9,3cdbc3929112,0.3501780331134796,0.5490934252738953,0.1666666716337204,0.14384099455923594,0.6464848721400167,0,0.8127880644738851,173,49c0d2367c5d,0.4510902762413025,1.799599051475525,0.1428571492433548,0.2554127452163465,0.7610360062487822,1,1.2571862338700568,82,68d8248a643f,0.31415438652038574,0.10268795490264893,0.1111111119389534,0.4236488349555293,0.49322160446651225,1,0.6561512316513742,181,49ccfbfcfc0a,0.22253385186195374,-1.032674789428711,0.1666666716337204,0.14384099455923594,0.629190803535659,0,0.4310194654728119,168,ab35d13698b5,0.35206037759780884,0.5724194049835205,0.125,0.3465735069466602,0.7019601518824383,1,0.9199143207356315,56,269bfa3db5c6,0.3069609999656677,0.013547425158321857,0.1428571492433548,0.2554127452163465,0.5920777294351638,0,0.6395561137379139
86,19ea31d71f7c,maintain data in information systems or databases,11,810124c49b5c,0.6320694088935852,4.364142894744873,0.2857142984867096,0.0,1.0,1,1.7728571730852127,209,2ac9980eb5e6,0.2682475447654724,0.1983891725540161,0.10000000149011612,0.09116076173031373,0.5000251165358286,0,0.5750161336872183,91,b1f99c3dcd62,0.38330352306365967,1.5157780647277832,0.25,0.0,1.0,1,1.2516577976942063,169,2d10ff099811,0.21254563331604004,-0.4393966794013977,0.1111111119389534,0.0,0.5421064382244876,1,0.571495146459819,139,80c1c070d6f0,0.38415372371673584,1.5255128145217896,0.1111111119389534,0.0,0.5421064382244876,1,0.946089769682766,119,b729f6985724,0.45354509353637695,2.320042848587036,0.1111111119389534,0.0,0.5421064382244876,1,1.0975606469129335,118,eb485b5cf6a6,0.26128020882606506,0.11861331015825272,0.1428571492433548,0.2554127452163465,0.6518184554842051,1,0.7277833254484334,27,88a991273442,0.2835541367530823,0.37364938855171204,0.125,0.11157175065711056,0.5919216244397107,1,0.749487787203782,200,9ff41f315fd5,0.30005747079849243,0.5626122355461121,0.1428571492433548,0.2554127452163465,0.5505624968967472,1,0.7410261789137409,52,7f83579eb5ca,0.32240426540374756,0.8184826374053955,0.10000000149011612,0.09116076173031373,0.5000251165358286,1,0.7734877040001951
87,bd28ef3a0af3,establish organizational guidelines or policies,115,830e9df61ddd,0.6767810583114624,3.0030529499053955,0.3333333432674408,0.0,1.0,1,1.7633333492279053,185,7b03e0901b8c,0.5111609101295471,1.4289530515670776,0.125,0.11157175065711056,0.6323287086454021,1,1.1584535642584703,175,825fff3275ff,0.5359010696411133,1.6640903949737549,0.2857142984867096,0.11157175065711056,0.9158415841584158,1,1.391321317816871,116,1cf7420e0aac,0.4587988257408142,0.9312891960144043,0.0,0.2027325123874243,0.0,1,0.6000586935845226,38,a3c08ed1a115,0.3818530738353729,0.19997532665729523,0.1111111119389534,0.2027325123874243,0.33791907068356863,1,0.6490658444171905,48,23ca56c5d573,0.5422185659408569,1.7241336107254028,0.1428571492433548,0.0,0.4000231161064948,1,1.07538308124174,103,6680fc36f234,0.47682395577430725,1.1026049852371216,0.0,0.11157175065711056,0.0,1,0.6513196494563074,196,0f2541e582f8,0.5789703726768494,2.0734329223632812,0.1111111119389534,0.2027325123874243,0.5068297877639197,1,1.2184326077777123,178,78b65ab85b19,0.37063702940940857,0.09337492287158966,0.125,0.11157175065711056,0.3663578043549581,1,0.6515355039141753,51,6385c0e2eb2e,0.479178786277771,1.1249860525131226,0.125,0.11157175065711056,0.3663578043549581,1,0.899276376118479
88,d1809a4492b8,estimate costs of goods or services,13,f7e80a0049c6,0.6826073527336121,3.551234483718872,0.4000000059604645,0.14384099455923594,1.0,1,1.7356159291543058,20,1bd49058235f,0.38616031408309937,1.0469789505004883,0.125,0.11157175065711056,0.3668314137446236,1,0.7720792724941965,168,ab35d13698b5,0.3430088460445404,0.6824541687965393,0.1111111119389534,0.2027325123874243,0.33835591587403635,1,0.6597977140422419,45,aa03c0034762,0.3046998977661133,0.3588368594646454,0.0,0.0,0.0,1,0.374488076120615,104,985eed507e3a,0.3665379285812378,0.8812175989151001,0.1111111119389534,0.2027325123874243,0.41447509260497234,1,0.7591248764766982,90,2e4769a8f723,0.2936042249202728,0.2651054561138153,0.0,0.2027325123874243,0.0,1,0.33203236773284384,106,48548f20bc23,0.4537639915943146,1.6180654764175415,0.1666666716337204,0.14384099455923594,0.459702111425661,1,0.9610946935292217,101,ae138f31c069,0.36073166131973267,0.8321688175201416,0.0,0.11157175065711056,0.0,1,0.47534952723817536,34,614f5f558eca,0.43298378586769104,1.4425232410430908,0.0,0.3465734652800195,0.0,1,0.5962956170030154,85,e9ceea91a9c3,0.29858243465423584,0.3071592152118683,0.0,0.14384099455923594,0.0,1,0.3478739529229693
89,b03b706832f2,"assess the cost effectiveness of products, projects, or services",172,2c5271f1a3e4,0.5605881810188293,2.1066040992736816,0.20000000298023224,0.0,1.0,1,1.572361080646515,88,d1809a4492b8,0.6498173475265503,2.9792282581329346,0.1111111119389534,0.2027325123874243,0.4643645841699838,1,1.4125597636046618,99,78b76b55f875,0.6215608716011047,2.7028918266296387,0.1111111119389534,0.2027325123874243,0.5688316503322958,1,1.415553217567702,104,985eed507e3a,0.638681173324585,2.870321273803711,0.09090909361839294,0.0,0.37777877293001544,1,1.3485143203475043,33,2be03b534579,0.3422790467739105,-0.028368709608912468,0.2222222238779068,0.09116076173031373,0.834856432391685,1,0.9140230245965651,53,a68e486bae8e,0.2698970437049866,-0.7362346649169922,0.20000000298023224,0.0,0.6739039358313134,1,0.6350689714795027,153,8594b6595861,0.2801971733570099,-0.6355037093162537,0.2222222238779068,0.09116076173031373,0.7306186235002854,0,0.6102989587505743,20,1bd49058235f,0.3867841958999634,0.4068731963634491,0.2222222238779068,0.09116076173031373,0.7306186235002854,1,0.9491314208825513,105,8bb47fa10a52,0.5163856744766235,1.6743218898773193,0.1111111119389534,0.2027325123874243,0.4472083852522887,1,1.069368644858453,98,207462e43a8e,0.40399372577667236,0.5751752853393555,0.0833333358168602,0.07707532800886907,0.3505658952189551,1,0.7375815680502461
90,2e4769a8f723,apply mathematical models of financial or business conditions,91,b1f99c3dcd62,0.41664475202560425,3.359147071838379,0.2222222238779068,0.09116076173031373,1.0,1,1.7764395088537097,10,365ec2897755,0.3570936918258667,2.3820502758026123,0.10000000149011612,0.09116076173031373,0.5287967714984981,1,1.2448618417886295,88,d1809a4492b8,0.2936042249202728,1.3403332233428955,0.0,0.2027325123874243,0.0,1,0.6333345586028903,54,00ee16f445cd,0.300583153963089,1.4548414945602417,0.0,0.09116076173031373,0.0,0,0.5915130076392054,94,832ecabbf00a,0.2808697819709778,1.13139009475708,0.10000000149011612,0.09116076173031373,0.47120322850150187,1,0.915041662281724,28,ce1178bafa1d,0.2173479050397873,0.08914128690958023,0.0833333358168602,0.07707532800886907,0.40331801761569225,0,0.5485528934677617,95,7c80e08ee743,0.3363792598247528,2.0421738624572754,0.125,0.3465735069466602,0.6358151657303369,1,1.212038198499763,198,edb3d68bc36f,0.21944411098957062,0.12353523820638657,0.0,0.09116076173031373,0.0,0,0.2773562555594801,79,5b935f6121b7,0.25116047263145447,0.6439282298088074,0.0,0.3465735069466602,0.0,1,0.454615387106409,93,4b8b2b6692c3,0.4137372672557831,3.3114418983459473,0.1111111119389534,0.2027325123874243,0.5145029846340724,1,1.4366376375580259
91,b1f99c3dcd62,develop business or financial information systems,93,4b8b2b6692c3,0.5025074481964111,3.2072432041168213,0.2857142984867096,0.11157175065711056,0.9498886985280427,1,1.7266220869891316,86,19ea31d71f7c,0.38330352306365967,1.6653140783309937,0.25,0.0,0.8030810517367215,1,1.281775788625831,95,7c80e08ee743,0.5015852451324463,3.1953141689300537,0.1428571492433548,0.2554127452163465,0.6893243628462565,1,1.5555666185086403,28,ce1178bafa1d,0.3280249536037445,0.9502735137939453,0.09090909361839294,0.1682360897391828,0.43726062305859714,1,0.856792120831555,90,2e4769a8f723,0.41664475202560425,2.096590280532837,0.2222222238779068,0.09116076173031373,1.0,1,1.5154146612270236,84,c6940290ea74,0.22758658230304718,-0.34891897439956665,0.25,0.0,0.7268142678566222,0,0.6776208806543759,21,c9b70de179fe,0.39678752422332764,1.8397325277328491,0.125,0.11157175065711056,0.3920859577613998,1,1.0406969640686314,199,0d99df7b9f80,0.3148329555988312,0.7796321511268616,0.10000000149011612,0.09116076173031373,0.40156069648237,1,0.7975716981511839,209,2ac9980eb5e6,0.28208696842193604,0.3560555577278137,0.10000000149011612,0.09116076173031373,0.40156069648237,0,0.6156030558269747,48,23ca56c5d573,0.35159724950790405,1.2551864385604858,0.125,0.11157175065711056,0.3920859577613998,1,0.9006607983543675
92,3f67b920ee49,evaluate logistics methods to reduce environmental impact,166,505ab84c8d87,0.628722071647644,3.201477527618408,0.3333333432674408,0.0,1.0,1,1.7633333492279053,85,e9ceea91a9c3,0.5718716979026794,2.6379261016845703,0.125,0.3465735069466602,0.424890285098539,1,1.232286732434492,23,9a8d83e8b2e2,0.3739103674888611,0.6755573749542236,0.125,0.3465735069466602,0.3401405236269645,1,0.7012035412238669,195,6b483cafcca2,0.25774478912353516,-0.47597917914390564,0.25,0.2027325123874243,0.618560702036272,0,0.550212200505571,174,003763627ff4,0.5633051991462708,2.5530073642730713,0.3333333432674408,0.0,0.8581407716466004,1,1.5144751929655782,168,ab35d13698b5,0.3807288110256195,0.7431478500366211,0.09090909361839294,0.0,0.32594323240435863,1,0.7450587177068165,94,832ecabbf00a,0.38926640152931213,0.82778000831604,0.0,0.09116076173031373,0.0,1,0.5363230497224688,173,49c0d2367c5d,0.42310696840286255,1.1632378101348877,0.10000000149011612,0.09116076173031373,0.35337409849779483,1,0.8558577019861069,89,b03b706832f2,0.3532566428184509,0.47081926465034485,0.0,0.0,0.0,1,0.4575318190455437,128,54e485ae84d0,0.3092721700668335,0.03480604290962219,0.1111111119389534,0.2027325123874243,0.30888436740178404,1,0.5403848113472172
93,4b8b2b6692c3,develop business or market strategies,94,832ecabbf00a,0.6382758021354675,3.3344950675964355,0.5,0.11157175065711056,1.0,1,1.718842850266263,21,c9b70de179fe,0.346851646900177,0.44837111234664917,0.1428571492433548,0.0,0.2716693308576128,1,0.603980835441443,32,85a88cfd39f0,0.440143883228302,1.372292399406433,0.0,0.2027325123874243,0.0,1,0.6291570925680011,90,2e4769a8f723,0.4137372672557831,1.110774040222168,0.1111111119389534,0.2027325123874243,0.32648826934743225,1,0.7829536581850639,91,b1f99c3dcd62,0.5025074481964111,1.9899109601974487,0.2857142984867096,0.11157175065711056,0.6027710752264656,1,1.1722545959539064,204,62b52b411f3a,0.27816906571388245,-0.231827974319458,0.1428571492433548,0.0,0.2716693308576128,1,0.4419240336007801,46,f64f2eefbcb7,0.5894774794578552,2.85122013092041,0.2857142984867096,0.11157175065711056,0.6460349951134274,1,1.4020053597436304,180,893bb3cbc01a,0.3628193736076355,0.6065077781677246,0.0,0.11157175065711056,0.0,1,0.45072230362729737,198,edb3d68bc36f,0.3110373914241791,0.09368404000997543,0.0,0.11157175065711056,0.0,1,0.3251249123497457,111,059770361813,0.2971477508544922,-0.04387224465608597,0.0,0.11157175065711056,0.0,1,0.2914355326576681
94,832ecabbf00a,develop sustainable business strategies or practices,175,825fff3275ff,0.7727329730987549,4.49555778503418,0.4285714328289032,0.0,0.9849610376078607,1,1.7337584576411154,91,b1f99c3dcd62,0.3543470799922943,0.48804086446762085,0.25,0.0,0.5520428164202777,1,0.7324483956773246,204,62b52b411f3a,0.2525036633014679,-0.4874682128429413,0.125,0.11157175065711056,0.24880607033989285,1,0.3325436739871057,93,4b8b2b6692c3,0.6382758021354675,3.2076573371887207,0.5,0.11157175065711056,1.0,1,1.4947563346608133,105,8bb47fa10a52,0.3444673418998718,0.39340758323669434,0.0,0.11157175065711056,0.0,1,0.3299633864446134,170,57e3b12b8497,0.32430940866470337,0.20032446086406708,0.1111111119389534,0.0,0.22786694560831772,0,0.3787553318447887,90,2e4769a8f723,0.2808697819709778,-0.21576282382011414,0.10000000149011612,0.09116076173031373,0.2990115338082918,1,0.4214214202557629,72,91e3b64a6f04,0.3946061134338379,0.8736627697944641,0.09090909361839294,0.1682360897391828,0.3113870808606097,1,0.6285043525094136,182,8729852fc4b8,0.36230215430259705,0.5642386674880981,0.10000000149011612,0.09116076173031373,0.21017864389443003,1,0.5063823629030796,46,f64f2eefbcb7,0.4797477722167969,1.6891937255859375,0.25,0.0,0.5916657133464557,1,0.9801770499840556
95,7c80e08ee743,prepare financial documents,77,9b108680399f,0.5686920285224915,2.8682284355163574,0.5,0.0,1.0,1,1.730000025331974,91,b1f99c3dcd62,0.5015852451324463,2.2823233604431152,0.1428571492433548,0.2554127452163465,0.5426950639570732,1,1.3040102969130507,16,6e6ec1a475b8,0.3589109778404236,1.0366429090499878,0.1428571492433548,0.2554127452163465,0.3480953704871541,1,0.8451294022154417,196,0f2541e582f8,0.3217434883117676,0.7121357917785645,0.125,0.3465735069466602,0.4460490190027163,1,0.8221444376281208,35,e19513a85bed,0.3977331817150116,1.3755972385406494,0.20000000298023224,0.0,0.4185432430857448,1,1.000678855551066,1,06d678da6c8d,0.5105376839637756,2.3604865074157715,0.5,0.0,1.0,1,1.6076796340942383,61,dc17b84d2d6b,0.39816099405288696,1.379332423210144,0.1428571492433548,0.2554127452163465,0.4835877978296777,1,1.0287388880754842,17,e1dbddbff402,0.442909836769104,1.7700319290161133,0.1666666716337204,0.14384099455923594,0.38008251264002774,1,1.065207123764254,11,810124c49b5c,0.2875840961933136,0.4138922095298767,0.0,0.2554127452163465,0.0,1,0.45094397219629523,90,2e4769a8f723,0.3363792598247528,0.8399198651313782,0.125,0.3465735069466602,0.5005680498599487,1,0.8935226412443654
96,1cbedefabffc,analyze environmental regulations to ensure organizational compliance,196,0f2541e582f8,0.5880164504051208,2.256547689437866,0.20000000298023224,0.0,1.0,1,1.7900000351667404,174,003763627ff4,0.43771857023239136,0.8846635818481445,0.09090909361839294,0.0,0.37595501822279276,1,0.9656213455143815,37,78a6d412d86e,0.3998517394065857,0.5390239953994751,0.20000000298023224,0.0,0.8252202332049776,1,1.1659882709404945,175,825fff3275ff,0.5253839492797852,1.6848527193069458,0.10000000149011612,0.09116076173031373,0.35788846557530496,1,1.1811147251473915,23,9a8d83e8b2e2,0.5850041508674622,2.2290520668029785,0.125,0.3465735069466602,0.49008422018328346,1,1.4052513000698323,67,3574e4789085,0.5393675565719604,1.8124918937683105,0.10000000149011612,0.09116076173031373,0.46644767353935224,1,1.2951261407816195,128,54e485ae84d0,0.4354833662509918,0.8642611503601074,0.1111111119389534,0.2027325123874243,0.44504945400427914,1,0.985212669629076,149,c9b79bbec6f3,0.5321374535560608,1.7464971542358398,0.1111111119389534,0.2027325123874243,0.5093104327294549,1,1.292420557952775,116,1cf7420e0aac,0.5438697338104248,1.8535866737365723,0.09090909361839294,0.0,0.4302394066436034,1,1.2927436470913947,87,bd28ef3a0af3,0.5558141469955444,1.962612509727478,0.1111111119389534,0.2027325123874243,0.390775513763306,1,1.2736816827230406
97,48c561c86be0,create graphical representations of industrial production systems,125,12a1310a48ad,0.7048495411872864,4.286441802978516,0.375,0.09116076173031373,1.0,1,1.7458839476688266,58,224946bca8ba,0.4960283041000366,2.0421950817108154,0.25,0.2027325123874243,0.5441059743364444,1,1.018287605689671,200,9ff41f315fd5,0.3280571699142456,0.23697315156459808,0.125,0.3465735069466602,0.24865587118341947,1,0.4633387113372398,24,2ae9204d54c8,0.5240861177444458,2.343738555908203,0.25,0.2027325123874243,0.5025770926797635,1,1.0459605856730723,178,78b65ab85b19,0.3481535315513611,0.4529530704021454,0.0,0.09116076173031373,0.0,1,0.3634448849244475,194,094e12b11051,0.34977275133132935,0.47035518288612366,0.0,0.09116076173031373,0.0,1,0.36688329806760545,131,c3b47654a283,0.33832454681396484,0.3473188579082489,0.1111111119389534,0.2027325123874243,0.3307222639861205,1,0.5571715506123462,120,a04637eaf44a,0.31329333782196045,0.07830306142568588,0.1111111119389534,0.2027325123874243,0.27677067992941495,1,0.4673769683060177,74,318da22b73fb,0.32473570108413696,0.20127660036087036,0.25,0.2027325123874243,0.49314170715737793,1,0.6361959813628794,133,70f88532846f,0.36697134375572205,0.6551921367645264,0.0,0.0,0.0,1,0.4125203359127045
98,207462e43a8e,estimate technical or resource requirements for development or production projects,14,ccf9fc39d00f,0.7610617876052856,4.382369041442871,0.625,0.07707532800886907,1.0,1,1.6972924940212033,192,8562bf3caec4,0.40717795491218567,0.8240110278129578,0.09090909361839294,0.1682360897391828,0.14316008885213066,1,0.5201361475360994,88,d1809a4492b8,0.43319010734558105,1.0855673551559448,0.10000000149011612,0.27980784039629336,0.24577442291774704,1,0.6297138424941456,84,c6940290ea74,0.47218605875968933,1.477677822113037,0.09090909361839294,0.1682360897391828,0.14316008885213066,1,0.6441459206712845,159,3319e1abdfb1,0.3766982853412628,0.5175331234931946,0.09090909361839294,0.1682360897391828,0.2250904368306099,1,0.5193442336090852,215,79b70e0eb0dc,0.3498028516769409,0.2470952719449997,0.1818181872367859,0.07707532800886907,0.3929211000611217,1,0.5902782293588263,104,985eed507e3a,0.43677806854248047,1.1216448545455933,0.0833333358168602,0.07707532800886907,0.19184357354816423,1,0.6204027734704638,106,48548f20bc23,0.5241690278053284,2.0003747940063477,0.25,0.4236488349555293,0.5412889076164666,1,0.9785747825396136,130,cbb58925807f,0.3706055283546448,0.4562694728374481,0.0,0.4236488349555293,0.0,1,0.3296740265953704,180,893bb3cbc01a,0.38800495862960815,0.6312234997749329,0.0,0.1682360897391828,0.0,1,0.3889914204683921
99,78b76b55f875,assess product or process usefulness,89,b03b706832f2,0.6215608716011047,2.5619945526123047,0.1111111119389534,0.2027325123874243,0.8531977372854205,1,1.6816543624013351,29,ef7349785e11,0.35102716088294983,-0.3650091886520386,0.1428571492433548,0.0,0.8999979990896322,1,0.9628565303210135,76,298036041aa4,0.4842374920845032,1.0762423276901245,0.125,0.11157175065711056,1.0,1,1.4008342038972825,190,c2a2570c95d4,0.5132128000259399,1.3897368907928467,0.0,0.11157175065711056,0.0,1,0.8005304899199457,178,78b65ab85b19,0.4365972578525543,0.5608051419258118,0.0,0.11157175065711056,0.0,1,0.577675361572072,22,bab0b2935945,0.5276963710784912,1.5464400053024292,0.0,0.27980784039629336,0.0,1,0.8258358611057869,195,6b483cafcca2,0.44760364294052124,0.6798872947692871,0.0,0.0,0.0,1,0.6208473163843155,20,1bd49058235f,0.4585869312286377,0.7987195253372192,0.0,0.11157175065711056,0.0,1,0.6416377317293138,180,893bb3cbc01a,0.6226456761360168,2.5737314224243164,0.0,0.11157175065711056,0.0,1,1.118842851756379,185,7b03e0901b8c,0.45014488697052,0.7073819637298584,0.0,0.11157175065711056,0.0,1,0.6170819293840379
100,6002eddcd7d0,resolve operational performance problems,54,00ee16f445cd,0.5898998379707336,2.1139309406280518,0.2857142984867096,0.11157175065711056,0.6779543492927307,1,1.4211955090361394,62,c6d9ce80244c,0.4705353081226349,1.013264536857605,0.375,0.27980784039629336,1.0,1,1.3263409627865426,81,e9ce432833f3,0.6367878913879395,2.546288013458252,0.125,0.11157175065711056,0.22436831398027934,1,1.2509006655821102,118,eb485b5cf6a6,0.4532785415649414,0.8541390299797058,0.1666666716337204,0.14384099455923594,0.26977618704771683,1,0.80995743660281,44,2d4009710863,0.4971427321434021,1.2586129903793335,0.125,0.11157175065711056,0.22436831398027934,1,0.8970886937388676,57,c1933354ef21,0.5595806837081909,1.834356427192688,0.1666666716337204,0.14384099455923594,0.26977618704771683,1,1.0771002167279513,13,f7e80a0049c6,0.49043008685112,1.196715235710144,0.1666666716337204,0.14384099455923594,0.26977618704771683,1,0.9033212506587297,191,a9be4c9c15a1,0.5072951912879944,1.3522292375564575,0.09090909361839294,0.3465735277799843,0.17913991867200174,1,0.8722870953859773,39,202cbfb3aef7,0.33982712030410767,-0.19200225174427032,0.1666666716337204,0.14384099455923594,0.46402885902946656,1,0.6608250329006984,164,0c9fad019eee,0.4404616057872772,0.7359533905982971,0.1666666716337204,0.14384099455923594,0.26977618704771683,1,0.7777478167230875
101,ae138f31c069,"purchase materials, equipment, or other resources",139,80c1c070d6f0,0.5781664252281189,3.8368961811065674,0.25,0.0,1.0,1,1.7800000298023224,107,750257b28f11,0.29802900552749634,-0.17703106999397278,0.125,0.11157175065711056,0.7357680412494052,1,0.771649613483517,180,893bb3cbc01a,0.45214810967445374,2.03125262260437,0.1111111119389534,0.0,0.6738469684709899,1,1.2018262045793588,130,cbb58925807f,0.3946284055709839,1.2070859670639038,0.1428571492433548,0.2554127452163465,0.7231402621694513,1,1.0354670547923266,211,c7ea79acedc2,0.32841193675994873,0.25830841064453125,0.1111111119389534,0.0,0.39857641562144647,1,0.6383313305479733,142,c71cb5036aef,0.3346349000930786,0.3474736511707306,0.09090909361839294,0.1682360897391828,0.514777813747745,1,0.7226687422169813,8,04d0abdf0b41,0.31357860565185547,0.04577016830444336,0.0714285746216774,0.34657354027998,0.4233016168796789,1,0.5783436694539511,203,79676bc4eb6a,0.40695321559906006,1.383681058883667,0.10000000149011612,0.09116076173031373,0.5547377353628667,1,0.9750090698984955,177,ff18586218d4,0.5058359503746033,2.8005146980285645,0.0,0.11157175065711056,0.0,1,0.8974004056437463,135,4055e1544ee0,0.4317318797111511,1.738720178604126,0.1428571492433548,0.2554127452163465,0.47924069021150106,1,0.975240014696267
102,f2c8cd5b27ab,evaluate designs or specifications to ensure quality,45,aa03c0034762,0.5937371850013733,2.251345634460449,0.2857142984867096,0.11157175065711056,1.0,1,1.4565527822955102,144,7a053b14e6ec,0.7350423336029053,3.768720865249634,0.125,0.11157175065711056,0.5030366918886046,1,1.4459685301179377,163,3ac212a9f7c3,0.4062011241912842,0.23752960562705994,0.1111111119389534,0.0,0.47696202682254296,1,0.7065449278628657,145,7809c19536e4,0.5436258316040039,1.7132354974746704,0.20000000298023224,0.1682360897391828,0.7682367707963355,1,1.1904427366435446,156,ae5e42c6c3d0,0.3426875174045563,-0.4444977045059204,0.125,0.11157175065711056,0.5407700081633433,1,0.5976649251441641,194,094e12b11051,0.5323918461799622,1.5926017761230469,0.1111111119389534,0.0,0.4607019207890685,1,0.9772552535346248,49,824d3015533f,0.4974942207336426,1.2178610563278198,0.1111111119389534,0.0,0.4607019207890685,1,0.8992435396126011,150,3ffc9e8eaffb,0.5180915594100952,1.4390411376953125,0.125,0.11157175065711056,0.5407700081633433,1,0.9887111697952433,10,365ec2897755,0.42991065979003906,0.4921294152736664,0.1111111119389534,0.0,0.47696202682254296,1,0.7595462906932662,19,9d76ae41867e,0.40783488750457764,0.2550734281539917,0.125,0.11157175065711056,0.45922999183665675,1,0.685826639424445
103,6680fc36f234,provide technical guidance to other personnel,12,9251af4a3821,0.49891066551208496,1.9249213933944702,0.4285714328289032,0.0,1.0,1,1.604268065392971,87,bd28ef3a0af3,0.47682395577430725,1.6573141813278198,0.0,0.11157175065711056,0.0,1,0.8907421793921442,84,c6940290ea74,0.5434315204620361,2.4643454551696777,0.1111111119389534,0.0,0.2687054432103197,1,1.2958716161716395,0,d52ebdd6c51c,0.4034312963485718,0.7680733799934387,0.1111111119389534,0.0,0.3542169651819666,1,0.8864393430951615,198,edb3d68bc36f,0.46880286931991577,1.5601290464401245,0.1111111119389534,0.0,0.2687054432103197,1,1.0457112498748713,18,1c10b347eeee,0.5058465600013733,2.008958101272583,0.1428571492433548,0.2554127452163465,0.32308630671717015,1,1.1768386321390027,3,33b4e36b0d81,0.5318257808685303,2.32372784614563,0.20000000298023224,0.1682360897391828,0.5331793495561096,1,1.4081716262289694,119,b729f6985724,0.39277932047843933,0.6390118598937988,0.1111111119389534,0.0,0.3542169651819666,1,0.8507332178953667,4,9fc64a999e12,0.44845205545425415,1.313554286956787,0.09090909361839294,0.1682360897391828,0.22999364206984993,1,0.9363608846955195,16,6e6ec1a475b8,0.4191989600658417,0.9591177105903625,0.1111111119389534,0.0,0.2687054432103197,1,0.8794355027544908
104,985eed507e3a,analyze costs and benefits of proposed designs or projects,89,b03b706832f2,0.638681173324585,3.217069625854492,0.09090909361839294,0.0,0.6031028100642263,1,1.533990163222441,3,33b4e36b0d81,0.40341952443122864,0.4875088334083557,0.0833333358168602,0.07707532800886907,0.559658963576549,1,0.8679013839456059,102,f2c8cd5b27ab,0.4894961714744568,1.4861901998519897,0.10000000149011612,0.09116076173031373,0.6538589871488395,1,1.1607010557430215,14,ccf9fc39d00f,0.37311404943466187,0.13589763641357422,0.09090909361839294,0.0,0.6031028100642263,1,0.8244585020994036,141,dbc0d59bd942,0.4183802902698517,0.661087155342102,0.10000000149011612,0.09116076173031373,0.6538589871488395,1,0.9710312678592629,159,3319e1abdfb1,0.3719855546951294,0.12280457466840744,0.10000000149011612,0.09116076173031373,0.5611447385774792,1,0.7823941374681669,10,365ec2897755,0.4659535884857178,1.2130436897277832,0.10000000149011612,0.09116076173031373,0.6538589871488395,1,1.0979117720501848,105,8bb47fa10a52,0.49836158752441406,1.5890488624572754,0.1111111119389534,0.2027325123874243,0.7139433265084626,1,1.2138326493119629,145,7809c19536e4,0.5463667511940002,2.1460161209106445,0.0833333358168602,0.07707532800886907,0.559658963576549,1,1.2503829366060712,13,f7e80a0049c6,0.3672739863395691,0.06813985854387283,0.125,0.3465735069466602,1.0,1,1.0499994007592104
105,8bb47fa10a52,investigate the environmental impact of projects,174,003763627ff4,0.7254179120063782,3.326356887817383,0.25,0.2027325123874243,1.0,1,1.75972677856358,104,985eed507e3a,0.49836158752441406,1.4002714157104492,0.1111111119389534,0.2027325123874243,0.47567347394464177,1,0.9703384382982903,120,a04637eaf44a,0.3079691529273987,-0.214799702167511,0.1428571492433548,0.0,0.7162343323438985,1,0.7803159959760045,173,49c0d2367c5d,0.362252801656723,0.2456805408000946,0.125,0.11157175065711056,0.515705399969686,1,0.7368102820416225,128,54e485ae84d0,0.415761262178421,0.6995849609375,0.1428571492433548,0.0,0.510923845178693,1,0.8489756034063961,166,505ab84c8d87,0.45478662848472595,1.030631422996521,0.25,0.2027325123874243,1.0,1,1.237702884670815,14,ccf9fc39d00f,0.34682321548461914,0.11479362100362778,0.1111111119389534,0.2027325123874243,0.47567347394464177,1,0.6699147565622978,23,9a8d83e8b2e2,0.4797245264053345,1.2421759366989136,0.1666666716337204,0.14384099455923594,0.5626244723693941,1,0.9943001640642665,176,62eda05f366c,0.40971362590789795,0.6482837796211243,0.0,0.0,0.0,1,0.49058599203825,92,3f67b920ee49,0.4814957082271576,1.2572005987167358,0.25,0.2027325123874243,1.0,1,1.2892223679986805
106,48548f20bc23,estimate labor requirements,177,ff18586218d4,0.5325772166252136,3.08746600151062,0.4000000059604645,0.14384099455923594,1.0,1,1.7356159291543058,123,05f356a221b7,0.4581083059310913,2.3926522731781006,0.20000000298023224,0.0,0.6995951378472809,1,1.402423956879945,39,202cbfb3aef7,0.21047449111938477,0.0821661502122879,0.0,0.0,0.0,0,0.25278009474277496,58,224946bca8ba,0.21136809885501862,0.0905037373304367,0.0,0.14384099455923594,0.0,0,0.2406077113129191,14,ccf9fc39d00f,0.5030838847160339,2.8122856616973877,0.2857142984867096,0.3465735069466602,0.8447488584474885,1,1.5604992220495162,15,c5e6a1a8c44d,0.307907372713089,0.991239607334137,0.0,0.14384099455923594,0.0,1,0.5595471269763999,41,babe1d93de49,0.2540147304534912,0.48840761184692383,0.0,0.20273247072078354,0.0,1,0.4202710842997059,90,2e4769a8f723,0.2400655746459961,0.358258455991745,0.0,0.3465735069466602,0.0,1,0.371362111503353,63,50171927f859,0.2563755512237549,0.5104346871376038,0.1111111119389534,0.4236488349555293,0.3919491525423729,0,0.5906327695569105,34,614f5f558eca,0.2644503116607666,0.5857742428779602,0.0,0.20273247072078354,0.0,1,0.4460996395260319
107,750257b28f11,perform human resources activities,109,d052bd1e246e,0.8822687864303589,6.133640766143799,0.6000000238418579,0.0,1.0,1,1.7100000220537186,79,5b935f6121b7,0.2849941849708557,0.08459996432065964,0.4000000059604645,0.14384099455923594,0.7468200566820797,1,0.7199255261912187,157,018f6a0e7f9a,0.3200111389160156,0.43924251198768616,0.1818181872367859,0.4054650386637325,0.44146267205198336,1,0.5372989989850713,101,ae138f31c069,0.29802900552749634,0.21661321818828583,0.125,0.11157175065711056,0.3257677155740816,1,0.45521006472300307,58,224946bca8ba,0.2656812071800232,-0.11099682003259659,0.1428571492433548,0.0,0.2262312518592708,0,0.26832201323660443,164,0c9fad019eee,0.363603800535202,0.8807375431060791,0.1666666716337204,0.14384099455923594,0.24912369996407793,1,0.4935288912936483,152,fbe465293a7d,0.275378942489624,-0.012780694290995598,0.125,0.11157175065711056,0.2071919880889361,0,0.25860760616177364,40,f64df278da5d,0.40185844898223877,1.2681705951690674,0.0,0.0,0.0,1,0.3999703395366669,38,a3c08ed1a115,0.3944490849971771,1.1931304931640625,0.1111111119389534,0.2027325123874243,0.19110859175326522,1,0.49568030767176124,78,98d9410b9c2c,0.3821559548377991,1.0686289072036743,0.0,0.0,0.0,1,0.37003052413463594
108,3f3251058257,administer standardized physical or psychological tests,56,269bfa3db5c6,0.3749060034751892,2.3173084259033203,0.1111111119389534,0.0,0.9158415841584158,1,1.7488669148353067,210,39fb30c0c188,0.36446115374565125,2.1507604122161865,0.10000000149011612,0.09116076173031373,0.7813939673158553,1,1.5994557833970269,112,6379204aa590,0.18531407415866852,-0.7058219909667969,0.125,0.11157175065711056,1.0,0,0.8394944642616958,121,66497e9d2189,0.3012775778770447,1.1432693004608154,0.0,0.0,0.0,1,0.7821631449460983,214,fc824bfe7bf0,0.29332271218299866,1.016425371170044,0.0,0.0,0.0,1,0.7445826250314712,0,d52ebdd6c51c,0.2903762459754944,0.96944260597229,0.0,0.0,0.0,0,0.650662861764431,37,78a6d412d86e,0.3487289547920227,1.8999032974243164,0.0,0.09116076173031373,0.0,0,0.9172177833898425,7,bfcc3cdee21d,0.24957267940044403,0.31881096959114075,0.0,0.11157175065711056,0.0,1,0.5267406594140978,134,469df54e4928,0.34149208664894104,1.7845081090927124,0.0,0.29389328800662196,0.0,1,0.9427559621701401,165,72ea80489538,0.2797299325466156,0.7996821999549866,0.0,0.11157175065711056,0.0,1,0.6692101623995752
109,d052bd1e246e,manage human resources activities,107,750257b28f11,0.8822687864303589,5.859132289886475,0.6000000238418579,0.0,1.0,1,1.7100000220537186,192,8562bf3caec4,0.35124605894088745,0.6753063797950745,0.2857142984867096,0.11157175065711056,0.6669482748140697,1,0.764333494373611,42,853f8faf3522,0.4831400513648987,1.9628509283065796,0.2857142984867096,0.11157175065711056,0.5483725473289243,1,0.8711479137228764,152,fbe465293a7d,0.30223792791366577,0.196890726685524,0.125,0.11157175065711056,0.2071919880889361,0,0.29709144191855236,79,5b935f6121b7,0.2377474159002304,-0.4326634109020233,0.1666666716337204,0.14384099455923594,0.24912369996407793,1,0.3068514493613873,101,ae138f31c069,0.257586270570755,-0.2389972060918808,0.125,0.11157175065711056,0.3257677155740816,0,0.3137528777856709,157,018f6a0e7f9a,0.2067435085773468,-0.7353224754333496,0.1818181872367859,0.4054650386637325,0.44146267205198336,0,0.28957344687879516,164,0c9fad019eee,0.3460904359817505,0.6249774098396301,0.1666666716337204,0.14384099455923594,0.24912369996407793,1,0.4665142967685495,178,78b65ab85b19,0.42384347319602966,1.3839998245239258,0.2857142984867096,0.11157175065711056,0.6669482748140697,1,0.8688132803822074,170,57e3b12b8497,0.3803214132785797,0.9591389894485474,0.125,0.11157175065711056,0.2071919880889361,1,0.4931046223830585
110,d9dbdf9d5d1a,coordinate special events or programs,169,2d10ff099811,0.3604152202606201,2.793671131134033,0.125,0.11157175065711056,0.8603791863372136,1,1.4719468599397736,132,22f88df4c22c,0.4236321449279785,3.8492319583892822,0.0,0.14384099455923594,0.0,1,1.1156159273661665,67,3574e4789085,0.29750949144363403,1.7433065176010132,0.125,0.11157175065711056,0.8603791863372136,1,1.248888882084568,112,6379204aa590,0.1708521991968155,-0.37154582142829895,0.1428571492433548,0.0,1.0,0,0.8282170917838811,28,ce1178bafa1d,0.30452245473861694,1.8604050874710083,0.10000000149011612,0.27980784039629336,0.8474562462184794,1,1.2508262942831168,83,4ffdd533affb,0.1995445191860199,0.10754243284463882,0.0,0.0,0.0,0,0.23602540791034698,26,a86fc9314475,0.2031192183494568,0.1672307550907135,0.0,0.0,0.0,1,0.3290101121366024,142,c71cb5036aef,0.3205455541610718,2.1279497146606445,0.10000000149011612,0.27980784039629336,0.7364262527123608,0,1.150198874425643,97,48c561c86be0,0.26159560680389404,1.143636703491211,0.0,0.2027325123874243,0.0,0,0.4411461970177502,164,0c9fad019eee,0.23233318328857422,0.6550291180610657,0.0,0.14384099455923594,0.0,0,0.340742661444097
111,059770361813,advise others on career or personal development,80,4e4d6d43dbf9,0.35784268379211426,2.5615100860595703,0.2857142984867096,0.11157175065711056,1.0,1,1.7616999980195016,21,c9b70de179fe,0.3264888823032379,2.0324325561523438,0.0,0.11157175065711056,0.0,1,0.9731976803524942,163,3ac212a9f7c3,0.28525280952453613,1.3365975618362427,0.1111111119389534,0.0,0.4579207920792079,1,1.0982632343603833,116,1cf7420e0aac,0.2561669647693634,0.8457906246185303,0.2222222238779068,0.09116076173031373,0.8447488584474885,1,1.2154498693776998,12,9251af4a3821,0.3441956043243408,2.331223249435425,0.0,0.0,0.0,1,1.0666064041852952,52,7f83579eb5ca,0.3336229622364044,2.1528160572052,0.0,0.09116076173031373,0.0,1,1.0083781272752643,210,39fb30c0c188,0.23929034173488617,0.5610073208808899,0.0,0.09116076173031373,0.0,1,0.5701828316433787,171,02b5b4014078,0.26720499992370605,1.0320510864257812,0.0,0.11157175065711056,0.0,0,0.6178112649305315,98,207462e43a8e,0.18214844167232513,-0.40322941541671753,0.09090909361839294,0.1682360897391828,0.3919491525423729,0,0.4873537029981179,114,98e7b9000779,0.24565953016281128,0.6684837341308594,0.0,0.45814521593713003,0.0,1,0.5630706492236621
112,6379204aa590,administer compensation or benefits programs,40,f64df278da5d,0.3612646162509918,3.0444304943084717,0.1428571492433548,0.0,1.0,1,1.8014285999536515,110,d9dbdf9d5d1a,0.1708521991968155,-0.6676115989685059,0.1428571492433548,0.0,1.0,1,0.8976941227167844,212,0cf60304ef43,0.2837070822715759,1.532465934753418,0.0,0.14384099455923594,0.0,1,0.7372161976374678,108,3f3251058257,0.18531407415866852,-0.3856809735298157,0.125,0.11157175065711056,0.9900973965720847,0,0.8688955229402792,47,8f3ed6033a9e,0.3073161244392395,1.9927183389663696,0.0,0.11157175065711056,0.0,1,0.8556305881722421,26,a86fc9314475,0.23318418860435486,0.5475348830223083,0.0,0.0,0.0,1,0.5051012951135635,117,f2f5eb941075,0.3033977150917053,1.9163298606872559,0.0,0.3465735277799843,0.0,1,0.8130126527819228,43,61355ce7e829,0.25299838185310364,0.9338076114654541,0.0,0.14384099455923594,0.0,1,0.5873897678531699,33,2be03b534579,0.2664649486541748,1.196334958076477,0.0,0.11157175065711056,0.0,0,0.5763194435222597,34,614f5f558eca,0.21769505739212036,0.24557815492153168,0.0,0.3465734652800195,0.0,1,0.394873156625799
113,322cdff981bb,"interview employees, customers, or others to collect information",199,0d99df7b9f80,0.5219390392303467,3.466878890991211,0.20000000298023224,0.0,1.0,1,1.7900000351667404,82,68d8248a643f,0.492266982793808,3.0997259616851807,0.0833333358168602,0.07707532800886907,0.5905281209337679,1,1.4336101159249783,31,53acfaed8c01,0.31946927309036255,0.9615780711174011,0.1428571492433548,0.5493059776674438,0.9229446128501273,1,1.1166363843878677,203,79676bc4eb6a,0.18239618837833405,-0.7345237135887146,0.09090909361839294,0.0,0.6363682033806813,0,0.5016262687775335,80,4e4d6d43dbf9,0.25867825746536255,0.2093680500984192,0.1111111119389534,0.2027325123874243,0.592879626444371,1,0.7490233035889218,20,1bd49058235f,0.37028300762176514,1.5903321504592896,0.10000000149011612,0.09116076173031373,0.5995331398705076,1,1.0855533430998685,116,1cf7420e0aac,0.22609367966651917,-0.19382385909557343,0.09090909361839294,0.0,0.5008343876356558,1,0.6123139058717363,209,2ac9980eb5e6,0.2524527907371521,0.13233597576618195,0.09090909361839294,0.0,0.4470059623112213,0,0.5703748521559389,86,19ea31d71f7c,0.2838752269744873,0.5211479067802429,0.10000000149011612,0.09116076173031373,0.4846252759710766,1,0.757269387232724,119,b729f6985724,0.4541839361190796,2.628497362136841,0.0,0.09116076173031373,0.0,1,0.922764310298717
114,98e7b9000779,recruit personnel,41,babe1d93de49,0.5442907214164734,4.313807010650635,0.3333333432674408,0.0,1.0,1,1.7633333492279053,210,39fb30c0c188,0.26775062084198,0.7283585667610168,0.0,0.5493059776674438,0.0,1,0.361704030707968,0,d52ebdd6c51c,0.33800098299980164,1.63918137550354,0.1666666716337204,0.45814521593713003,0.7475247524752476,1,1.0588661430252937,43,61355ce7e829,0.3798297047615051,2.181506872177124,0.25,0.20273247072078354,0.8988095238095238,1,1.2848504603813315,12,9251af4a3821,0.3194419741630554,1.3985567092895508,0.1666666716337204,0.45814521593713003,0.7475247524752476,1,1.0125110147370247,168,ab35d13698b5,0.22196528315544128,0.13473407924175262,0.0,0.5493059776674438,0.0,1,0.24359574697960684,119,b729f6985724,0.30551576614379883,1.2179981470108032,0.1666666716337204,0.45814521593713003,0.7475247524752476,0,0.8977272639645485,3,33b4e36b0d81,0.33021852374076843,1.5382788181304932,0.125,0.6263813056763128,0.6398305084745763,0,0.8711688178466622,111,059770361813,0.24565953016281128,0.4419390857219696,0.0,0.45814521593713003,0.0,1,0.3138337414136894,78,98d9410b9c2c,0.2977323830127716,1.1170835494995117,0.20000000298023224,0.3465734652800195,0.8162162162162164,1,1.0148993745342718
115,830e9df61ddd,communicate organizational policies and procedures,87,bd28ef3a0af3,0.6767810583114624,2.987769603729248,0.3333333432674408,0.0,1.0,1,1.7599389392137528,199,0d99df7b9f80,0.5738126039505005,2.0288643836975098,0.25,0.2027325123874243,0.8774204941204377,1,1.436981507946555,167,00c6f12023ab,0.5224047303199768,1.5501227378845215,0.3333333432674408,0.0,0.8850070871276101,1,1.3352198421114394,37,78a6d412d86e,0.6111525893211365,2.3765971660614014,0.25,0.2027325123874243,0.7476087265689856,1,1.4307841347061585,175,825fff3275ff,0.49213844537734985,1.2682645320892334,0.2857142984867096,0.11157175065711056,0.9158415841584158,1,1.2836633041154322,48,23ca56c5d573,0.5053938627243042,1.3917070627212524,0.3333333432674408,0.0,0.8850070871276101,1,1.2972894131296584,47,8f3ed6033a9e,0.6783033609390259,3.001946210861206,0.125,0.11157175065711056,0.3663578043549581,1,1.3502933088443854,33,2be03b534579,0.3450291156768799,-0.10170777887105942,0.125,0.11157175065711056,0.3663578043549581,1,0.57567922433239,38,a3c08ed1a115,0.38121622800827026,0.2352887988090515,0.1111111119389534,0.2027325123874243,0.33791907068356863,1,0.6316705790167808,4,9fc64a999e12,0.4473186731338501,0.8508752584457397,0.10000000149011612,0.27980784039629336,0.5006390327655693,1,0.8929805416366522
116,1cf7420e0aac,advise others on legal or regulatory compliance matters,27,88a991273442,0.5947629809379578,2.8274075984954834,0.25,0.2027325123874243,1.0,1,1.75972677856358,111,059770361813,0.2561669647693634,0.0024615779984742403,0.2222222238779068,0.09116076173031373,0.8876080715705124,1,0.9493707106429314,72,91e3b64a6f04,0.5203899145126343,2.206904411315918,0.1818181872367859,0.07707532800886907,0.7597323324459471,1,1.4520346670098938,113,322cdff981bb,0.22609367966651917,-0.2484433501958847,0.09090909361839294,0.0,0.4093534941946198,1,0.5622183300388167,198,edb3d68bc36f,0.4046475291252136,1.2412523031234741,0.10000000149011612,0.09116076173031373,0.4438040357852562,1,0.981121962964611,80,4e4d6d43dbf9,0.3094900846481323,0.44734257459640503,0.25,0.2027325123874243,0.9691720565256405,1,1.1110957938964228,67,3574e4789085,0.5171633362770081,2.1799848079681396,0.2222222238779068,0.09116076173031373,0.9158415841584158,1,1.5460110966216412,163,3ac212a9f7c3,0.1706276386976242,-0.7112029790878296,0.10000000149011612,0.09116076173031373,0.4438040357852562,0,0.3712967197970318,117,f2f5eb941075,0.281202495098114,0.2113359272480011,0.0,0.14384101539256,0.0,1,0.39192475611030875,121,66497e9d2189,0.49960342049598694,2.033480405807495,0.2222222238779068,0.09116076173031373,0.9897218769813059,1,1.5589148579836583
117,f2f5eb941075,liaise between departments or other groups to improve function or communication,142,c71cb5036aef,0.41004806756973267,1.8826355934143066,0.1538461595773697,0.06676568738369093,1.0,1,1.6682101633630713,199,0d99df7b9f80,0.43902188539505005,2.3130998611450195,0.07692307978868484,0.14384101539256,0.4446340613710091,1,1.4114751537749197,62,c6d9ce80244c,0.4371775686740875,2.285698890686035,0.0714285746216774,0.06676568738369093,0.41260533661123305,1,1.3898184146102124,81,e9ce432833f3,0.3039485216140747,0.30631372332572937,0.0833333358168602,0.23500177712287373,0.5963518999362689,0,0.8395778425664536,112,6379204aa590,0.3033977150917053,0.2981303930282593,0.0,0.3465735277799843,0.0,1,0.49572675743432765,38,a3c08ed1a115,0.4284985363483429,2.156754493713379,0.0,0.14384101539256,0.0,1,1.0690905363267642,48,23ca56c5d573,0.40051543712615967,1.74100923538208,0.0,0.3465735277799843,0.0,1,0.9250995896133971,122,4e4a52d4b158,0.4318205714225769,2.2061100006103516,0.0,0.3465735277799843,0.0,1,1.0635044954094481,103,6680fc36f234,0.3340081572532654,0.7529100179672241,0.0833333358168602,0.23500177712287373,0.48205375960520297,1,0.9703580740951635,78,98d9410b9c2c,0.32829591631889343,0.6680431962013245,0.0,0.3465735277799843,0.0,1,0.6058056435856414
118,eb485b5cf6a6,compile operational data,22,bab0b2935945,0.47731953859329224,2.5140902996063232,0.25,0.4236488349555293,0.9279661016949153,1,1.68721141749321,35,e19513a85bed,0.43535271286964417,2.0556561946868896,0.20000000298023224,0.0,0.5141919528157374,1,1.3253928959665302,86,19ea31d71f7c,0.26128020882606506,0.1541360318660736,0.1428571492433548,0.2554127452163465,0.6565136234007729,1,0.8870700542421002,143,fd635c6ca5be,0.25826334953308105,0.1211806908249855,0.2857142984867096,0.3465735069466602,1.0,0,1.019158484274616,100,6002eddcd7d0,0.4532785415649414,2.2514731884002686,0.1666666716337204,0.14384099455923594,0.4669418814759129,1,1.3373265117371047,124,3b11edaeeba4,0.2961621880531311,0.5351771712303162,0.1428571492433548,0.2554127452163465,0.42764479244081127,0,0.7515496005578934,140,f07eaef01260,0.43060657382011414,2.0038106441497803,0.1666666716337204,0.14384099455923594,0.4669418814759129,1,1.2696006298029388,158,16ac0e74dbe1,0.23858340084552765,-0.09379766881465912,0.1666666716337204,0.14384099455923594,0.716841902307871,0,0.7909178240282251,172,2c5271f1a3e4,0.3348415493965149,0.9576998949050903,0.2857142984867096,0.3465735069466602,1.0,0,1.2425561080222032,44,2d4009710863,0.3570151627063751,1.1999183893203735,0.1428571492433548,0.2554127452163465,0.42764479244081127,1,1.0141814433499277
119,b729f6985724,analyze data to inform personnel decisions,36,e5bfe7745119,0.7459509372711182,4.861464500427246,0.5714285969734192,0.09116076173031373,1.0,1,1.7065982282741428,114,98e7b9000779,0.30551576614379883,-0.2954222559928894,0.1666666716337204,0.45814521593713003,0.2876854111114776,1,0.36043675670754044,113,322cdff981bb,0.4541839361190796,1.4452763795852661,0.0,0.09116076173031373,0.0,1,0.5107431799753069,103,6680fc36f234,0.39277932047843933,0.7263132929801941,0.1111111119389534,0.0,0.21505196573184715,1,0.5353953064212476,39,202cbfb3aef7,0.42436689138412476,1.0961600542068481,0.0,0.2554127452163465,0.0,1,0.43196485492201087,158,16ac0e74dbe1,0.4210990369319916,1.0578980445861816,0.2857142984867096,0.11157175065711056,0.4720631187938833,1,0.749786768449533,86,19ea31d71f7c,0.45354509353637695,1.4377964735031128,0.1111111119389534,0.0,0.22893109387635252,1,0.6694941754791671,115,830e9df61ddd,0.4307202994823456,1.1705496311187744,0.0,0.11157175065711056,0.0,1,0.4596351277215929,0,d52ebdd6c51c,0.3705626130104065,0.46618637442588806,0.1111111119389534,0.0,0.21505196573184715,1,0.48991917155477155,145,7809c19536e4,0.46542733907699585,1.5769211053848267,0.09090909361839294,0.1682360897391828,0.19594949560603053,1,0.6556886877033967
120,a04637eaf44a,investigate industrial or transportation accidents,76,298036041aa4,0.5204641819000244,3.148749351501465,0.125,0.11157175065711056,0.9158415841584159,1,1.7349319547068056,166,505ab84c8d87,0.3061182498931885,0.3014681339263916,0.1111111119389534,0.2027325123874243,0.8447488584474884,1,0.9913530109640482,58,224946bca8ba,0.42190757393836975,1.8395648002624512,0.1428571492433548,0.0,0.7861875916908664,1,1.3376102363838096,82,68d8248a643f,0.3684660494327545,1.1296701431274414,0.0,0.27980784039629336,0.0,1,0.6039721070121399,67,3574e4789085,0.32752007246017456,0.5857609510421753,0.0,0.11157175065711056,0.0,1,0.48662938588695237,105,8bb47fa10a52,0.3079691529273987,0.32605475187301636,0.1428571492433548,0.0,1.0,1,1.124099558889866,59,da6e8742f6bf,0.5005784630775452,2.8845958709716797,0.1428571492433548,0.0,0.7861875916908664,1,1.5883740699066062,28,ce1178bafa1d,0.36106371879577637,1.0313405990600586,0.0,0.27980784039629336,0.0,1,0.5797171516607872,75,f634ee56b726,0.2846978008747101,0.016927894204854965,0.1666666716337204,0.14384099455923594,0.8657422884691087,0,0.8602991360872311,55,4805101e52c6,0.4067908525466919,1.6387606859207153,0.125,0.11157175065711056,0.7200232894198529,1,1.2342579183049156
121,66497e9d2189,prepare reports related to compliance matters,30,c6a87cc5d35e,0.6199111938476562,2.621781826019287,0.3333333432674408,0.2554127452163465,1.0,1,1.7377920747062707,116,1cf7420e0aac,0.49960342049598694,1.5798736810684204,0.2222222238779068,0.09116076173031373,0.9497914966676162,1,1.4563106219268867,149,c9b79bbec6f3,0.5864806771278381,2.332261800765991,0.125,0.11157175065711056,0.4837387181705402,1,1.3517390470260349,188,be19a52818cf,0.28262192010879517,-0.2992634177207947,0.1111111119389534,0.0,0.3480953704871541,1,0.5348231536736552,77,9b108680399f,0.4149135947227478,0.8464296460151672,0.1428571492433548,0.2554127452163465,0.4185432430857448,1,0.8756077037244004,186,4c7ceb754866,0.4517103433609009,1.1651026010513306,0.25,0.0,0.8316831683168319,1,1.265948377006715,17,e1dbddbff402,0.4784264862537384,1.3964738845825195,0.125,0.11157175065711056,0.38008251264002774,1,1.0182735134745768,27,88a991273442,0.5995676517486572,2.4455995559692383,0.125,0.11157175065711056,0.4837387181705402,1,1.383338747476932,16,6e6ec1a475b8,0.5130265951156616,1.6961232423782349,0.25,0.0,0.8316831683168319,1,1.410390756481355,67,3574e4789085,0.4687690734863281,1.3128372430801392,0.1111111119389534,0.0,0.44302803396806895,1,1.051962588367244
122,4e4a52d4b158,represent the organization in external relations,169,2d10ff099811,0.5338200330734253,3.0611212253570557,0.125,0.11157175065711056,1.0,1,1.7938428457959146,175,825fff3275ff,0.33709487318992615,0.8349708318710327,0.0,0.11157175065711056,0.0,1,0.5537316020710916,33,2be03b534579,0.44738784432411194,2.0830507278442383,0.0,0.11157175065711056,0.0,1,0.8705584075434656,28,ce1178bafa1d,0.43853265047073364,1.9828450679779053,0.10000000149011612,0.27980784039629336,0.8559322033898304,1,1.412663653055237,117,f2f5eb941075,0.4318205714225769,1.906890869140625,0.0,0.3465735277799843,0.0,1,0.8023397258791518,178,78b65ab85b19,0.34887611865997314,0.9682878851890564,0.0,0.11157175065711056,0.0,1,0.5875742998106928,38,a3c08ed1a115,0.44129425287246704,2.0140955448150635,0.0,0.2027325123874243,0.0,1,0.8439378628102153,199,0d99df7b9f80,0.45045673847198486,2.1177785396575928,0.0,0.2027325123874243,0.0,1,0.8702580371466487,167,00c6f12023ab,0.32597023248672485,0.7090839147567749,0.0,0.0,0.0,0,0.4529322013258934,51,6385c0e2eb2e,0.2874194085597992,0.27284112572669983,0.0,0.11157175065711056,0.0,1,0.41103421562747666
123,05f356a221b7,negotiate labor disputes,106,48548f20bc23,0.4581083059310913,3.8152902126312256,0.20000000298023224,0.0,1.0,1,1.777411996126175,53,a68e486bae8e,0.3493805527687073,2.396463632583618,0.125,0.3465735069466602,0.7095901973462904,1,1.2499712052977547,7,bfcc3cdee21d,0.18895794451236725,0.30305230617523193,0.0,0.14384099455923594,0.0,0,0.250852118072658,117,f2f5eb941075,0.19372040033340454,0.3651992678642273,0.0,0.4904145223392202,0.0,0,0.22984912770496652,82,68d8248a643f,0.18798303604125977,0.2903303802013397,0.0,0.4236488349555293,0.0,0,0.22007618166686735,58,224946bca8ba,0.1736009269952774,0.1026531532406807,0.0,0.14384099455923594,0.0,0,0.20682223775759265,31,53acfaed8c01,0.25473469495773315,1.1613963842391968,0.0,0.20273247072078354,0.0,0,0.43355053543152655,163,3ac212a9f7c3,0.1808280050754547,0.19696184992790222,0.0,0.2554127452163465,0.0,0,0.216385704751923,15,c5e6a1a8c44d,0.23117193579673767,0.8539175987243652,0.0,0.14384099455923594,0.0,0,0.37188324966803116,4,9fc64a999e12,0.18180237710475922,0.20967677235603333,0.0,0.4236488349555293,0.0,0,0.20235569842340193
124,3b11edaeeba4,document design or operational test results,220,7cd42be784e2,0.695845365524292,4.429818153381348,0.6666666865348816,0.0,1.0,1,1.6966666865348816,167,00c6f12023ab,0.5840193033218384,3.084929943084717,0.2857142984867096,0.11157175065711056,0.5601440587162405,1,1.2090136005826047,201,42bb588edac5,0.31270965933799744,-0.1780046969652176,0.1428571492433548,0.2554127452163465,0.3244498590430035,1,0.4401833877336416,165,72ea80489538,0.44646263122558594,1.4305899143218994,0.125,0.11157175065711056,0.2946355476714843,1,0.7365159556965055,68,7a9450b42a26,0.5029782056808472,2.1102805137634277,0.2857142984867096,0.11157175065711056,0.581491541583971,1,1.0465578514755867,57,c1933354ef21,0.3626211881637573,0.42226168513298035,0.1428571492433548,0.2554127452163465,0.20413771715373902,1,0.4683652804815691,158,16ac0e74dbe1,0.35916662216186523,0.3807149827480316,0.125,0.11157175065711056,0.2946355476714843,1,0.5392385774056139,150,3ffc9e8eaffb,0.3631319999694824,0.4284050464630127,0.125,0.11157175065711056,0.2946355476714843,1,0.5481998116473379,44,2d4009710863,0.3274223804473877,-0.0010605673305690289,0.1111111119389534,0.0,0.1697779033753869,1,0.3917791087847469,172,2c5271f1a3e4,0.37860071659088135,0.6144412159919739,0.10000000149011612,0.09116076173031373,0.15659879672067648,1,0.49007521942368837
125,12a1310a48ad,create graphical representations of mechanical equipment,97,48c561c86be0,0.7048495411872864,3.5874197483062744,0.375,0.09116076173031373,1.0,1,1.7458839476688266,136,ded8762bb927,0.3693380355834961,0.5820410251617432,0.1428571492433548,0.2554127452163465,0.2115157122580398,1,0.5796863454459981,161,f1f35b083d3a,0.4572627544403076,1.3696357011795044,0.1111111119389534,0.0,0.31147734369471364,1,0.8474310727113911,63,50171927f859,0.5461591482162476,2.1659343242645264,0.20000000298023224,0.1682360897391828,0.41717399612577477,1,1.063884338924571,131,c3b47654a283,0.42295515537261963,1.0623219013214111,0.125,0.11157175065711056,0.3585553258067346,1,0.8016345380711392,132,22f88df4c22c,0.4683215618133545,1.468696117401123,0.1428571492433548,0.2554127452163465,0.2115157122580398,1,0.7697582337139919,219,573d5b3bbb3d,0.31645333766937256,0.10832088440656662,0.125,0.11157175065711056,0.19207913329378754,1,0.4798772928015361,73,a40c650a049f,0.40369871258735657,0.8898302912712097,0.09090909361839294,0.1682360897391828,0.15057050703114702,1,0.6162305818276872,70,d5bb4574fc4d,0.3939734995365143,0.8027157187461853,0.1111111119389534,0.0,0.17591405771955787,1,0.6302509296332742,60,90e3d91fbf4d,0.46508100628852844,1.4396685361862183,0.2222222238779068,0.09116076173031373,0.44955736568804944,1,0.9378718358844623
126,ebdb003908ef,research engineering applications of emerging technologies,141,dbc0d59bd942,0.6266850233078003,3.322916030883789,0.4285714328289032,0.0,1.0,1,1.741955726146698,205,45b6fa08d56b,0.21243461966514587,-0.5630764365196228,0.1428571492433548,0.2554127452163465,0.32270135123960764,1,0.36157820510580385,69,636981831618,0.6277753114700317,3.333143949508667,0.25,0.0,0.7463901992985732,1,1.6024731693113237,6,75e527217c38,0.5557317733764648,2.6573190689086914,0.2222222238779068,0.09116076173031373,0.570193929003931,1,1.3150257675125558,148,253c9a1feb09,0.535558819770813,2.468080997467041,0.25,0.0,0.6329560283090435,1,1.318699570525292,173,49c0d2367c5d,0.29873785376548767,0.24651534855365753,0.1111111119389534,0.0,0.26838528221907965,0,0.46618077878399616,21,c9b70de179fe,0.3280611038208008,0.5215903520584106,0.125,0.11157175065711056,0.41690556512507615,1,0.7048462887922871,183,ff9c96c6d776,0.3788537383079529,0.9980649352073669,0.10000000149011612,0.09116076173031373,0.24755172149887708,1,0.7059618751945228,180,893bb3cbc01a,0.2280741184949875,-0.41636571288108826,0.1111111119389534,0.0,0.36457074608996387,0,0.3725559250624618,157,018f6a0e7f9a,0.35074326395988464,0.7343667149543762,0.1666666716337204,0.29389328800662196,0.4624906313031885,1,0.7668313945031903
127,3d77dabe7560,design electromechanical equipment or systems,136,ded8762bb927,0.7443526983261108,3.5289316177368164,0.4000000059604645,0.14384099455923594,1.0,1,1.7356159291543058,24,2ae9204d54c8,0.45937395095825195,1.1415032148361206,0.3333333432674408,0.0,0.6838214652159558,1,1.0260353806111338,70,d5bb4574fc4d,0.6487523317337036,2.7280333042144775,0.2857142984867096,0.11157175065711056,0.5537472597838777,1,1.2745558240851351,74,318da22b73fb,0.3179777264595032,-0.04305300489068031,0.3333333432674408,0.0,0.6561052574239555,1,0.7506267884836264,147,a2140782858a,0.32663390040397644,0.029464665800333023,0.125,0.11157175065711056,0.28956545771748354,1,0.508184060761828,63,50171927f859,0.5099726319313049,1.565397024154663,0.375,0.27980784039629336,0.76216819950154,1,1.1397725480959229,60,90e3d91fbf4d,0.6612716913223267,2.8329150676727295,0.4285714328289032,0.2027325123874243,0.821331941015358,1,1.451434950973099,155,f6d7dbe3f71e,0.37813711166381836,0.4609362483024597,0.1666666716337204,0.14384099455923594,0.34816799082697425,1,0.6404659731349709,5,abdac161e57b,0.46417880058288574,1.1817561388015747,0.1428571492433548,0.0,0.3161741754536847,1,0.7958248099473629,132,22f88df4c22c,0.33820652961730957,0.12641513347625732,0.1666666716337204,0.14384099455923594,0.3176471667703074,1,0.5443536587982127
128,54e485ae84d0,design environmental control systems,60,90e3d91fbf4d,0.5691514015197754,2.925722599029541,0.4285714328289032,0.2027325123874243,1.0,1,1.7240124800768704,23,9a8d83e8b2e2,0.41768473386764526,1.2320282459259033,0.1666666716337204,0.14384099455923594,0.43606516832682474,1,0.9836080178516706,148,253c9a1feb09,0.49899011850357056,2.1411819458007812,0.125,0.11157175065711056,0.28044369125877083,1,1.1015189148683993,42,853f8faf3522,0.42613083124160767,1.3264721632003784,0.125,0.11157175065711056,0.477614837157575,1,1.0436502945680008,166,505ab84c8d87,0.3585411310195923,0.5706868767738342,0.1111111119389534,0.2027325123874243,0.33451574556578334,1,0.7538874735281517,29,ef7349785e11,0.35900676250457764,0.5758935213088989,0.1428571492433548,0.0,0.3062141926176849,1,0.7527554518740626,175,825fff3275ff,0.41768699884414673,1.2320536375045776,0.0,0.11157175065711056,0.0,1,0.7016856413467378,71,1cb040da80f9,0.4010797142982483,1.0463515520095825,0.10000000149011612,0.27980784039629336,0.3104192723682482,1,0.845233459799125,24,2ae9204d54c8,0.4317067861557007,1.388822317123413,0.3333333432674408,0.0,0.6622800156441615,1,1.1724194626487394,155,f6d7dbe3f71e,0.38299936056137085,0.844177782535553,0.1666666716337204,0.14384099455923594,0.3372001525849506,1,0.8219061415235972
129,06f6e71fddcf,calibrate scientific or technical equipment,184,389dd43f303d,0.42582666873931885,2.2935848236083984,0.3333333432674408,0.0,1.0,1,1.6084693732857704,19,9d76ae41867e,0.3870631456375122,1.6925383806228638,0.1428571492433548,0.0,0.35138454487536985,1,1.0377093175593044,189,a49d5a99c1d7,0.46772581338882446,2.9432506561279297,0.3333333432674408,0.0,0.7292152533930565,1,1.573784026603045,70,d5bb4574fc4d,0.4562756419181824,2.7657103538513184,0.125,0.11157175065711056,0.32181257822744264,1,1.2749972843813802,186,4c7ceb754866,0.38327738642692566,1.633838415145874,0.2857142984867096,0.11157175065711056,0.9158415841584158,1,1.3876351579677042,192,8562bf3caec4,0.385494589805603,1.6682171821594238,0.2857142984867096,0.11157175065711056,0.9158415841584158,1,1.395909564162391,84,c6940290ea74,0.3444429636001587,1.031692624092102,0.2857142984867096,0.11157175065711056,0.6678456528599774,0,0.9891113984500023,132,22f88df4c22c,0.26387715339660645,-0.21751779317855835,0.1666666716337204,0.14384099455923594,0.38694131429728224,1,0.574153333483044,138,ef5aeb4ce41e,0.293674498796463,0.244503915309906,0.1666666716337204,0.14384099455923594,0.38694131429728224,1,0.6880210671106017,125,12a1310a48ad,0.29643017053604126,0.2872318923473358,0.125,0.11157175065711056,0.32181257822744264,1,0.6591562346804049
130,cbb58925807f,select project materials,73,a40c650a049f,0.4839893579483032,2.8787014484405518,0.1111111119389534,0.4236488349555293,0.9253306039790964,1,1.71314434521423,45,aa03c0034762,0.4171839952468872,1.9859788417816162,0.1666666716337204,0.14384099455923594,0.8291670680005391,1,1.437324606562537,192,8562bf3caec4,0.36891457438468933,1.3409526348114014,0.1428571492433548,0.2554127452163465,1.0,1,1.3858520984909082,8,04d0abdf0b41,0.3001526892185211,0.42208483815193176,0.0833333358168602,0.6019862854963265,0.5344805142163754,1,0.7969115695523313,101,ae138f31c069,0.3946284055709839,1.6845675706863403,0.1428571492433548,0.2554127452163465,0.7593856810896026,1,1.3045766424952987,14,ccf9fc39d00f,0.3105699419975281,0.5612910389900208,0.0,0.3465735069466602,0.0,1,0.49111204870985975,203,79676bc4eb6a,0.41050177812576294,1.8966840505599976,0.125,0.3465735069466602,0.7004379341557064,1,1.3106989939543419,172,2c5271f1a3e4,0.21269875764846802,-0.7465655207633972,0.125,0.3465735069466602,0.922374429223744,0,0.7132754386235632,146,284cc33eb902,0.32388806343078613,0.7392616271972656,0.0,0.14384099455923594,0.0,0,0.4777885217346243,165,72ea80489538,0.3562943935394287,1.1723086833953857,0.1666666716337204,0.14384099455923594,0.8291670680005391,1,1.231907107616347
131,c3b47654a283,create physical models or prototypes,10,365ec2897755,0.5655274391174316,3.874155044555664,0.2857142984867096,0.11157175065711056,1.0,1,1.7616999980195016,129,06f6e71fddcf,0.28712576627731323,0.22096209228038788,0.0,0.0,0.0,1,0.366858793348074,125,12a1310a48ad,0.42295515537261963,2.0033183097839355,0.125,0.11157175065711056,0.48438752694978165,1,1.0514068744249563,210,39fb30c0c188,0.2268039584159851,-0.5705820322036743,0.1111111119389534,0.2027325123874243,0.4755877605303383,1,0.5115741740737547,162,957f012e4031,0.3700965940952301,1.3097071647644043,0.0,0.14384099455923594,0.0,1,0.5799103311575942,49,824d3015533f,0.423666387796402,2.012651205062866,0.0,0.11157175065711056,0.0,1,0.7299801822884531,90,2e4769a8f723,0.19856953620910645,-0.9410747289657593,0.1111111119389534,0.2027325123874243,0.4755877605303383,1,0.4358173215587129,6,75e527217c38,0.29821667075157166,0.3664971888065338,0.0,0.2027325123874243,0.0,1,0.37698738291533895,194,094e12b11051,0.3313676118850708,0.8015046119689941,0.0,0.11157175065711056,0.0,1,0.47697525882558534,70,d5bb4574fc4d,0.3996351361274719,1.697312593460083,0.0,0.11157175065711056,0.0,1,0.6641068797691316
132,22f88df4c22c,program robotic equipment,135,4055e1544ee0,0.43600478768348694,1.923474669456482,0.20000000298023224,0.0,1.0,1,1.650230108499527,125,12a1310a48ad,0.4683215618133545,2.2886669635772705,0.1428571492433548,0.2554127452163465,0.8316831683168318,1,1.6233386553124387,137,a4f4cc8a14a2,0.42596203088760376,1.8099875450134277,0.20000000298023224,0.0,1.0,1,1.6174661952257157,60,90e3d91fbf4d,0.42447829246520996,1.7932206392288208,0.125,0.3465735069466602,0.7671232876712328,1,1.427320232303806,138,ef5aeb4ce41e,0.34376347064971924,0.8811115026473999,0.20000000298023224,0.0,1.0,1,1.3492981407046318,129,06f6e71fddcf,0.26387715339660645,-0.02163529023528099,0.1666666716337204,0.14384099455923594,0.9081081081081083,1,1.0120026880931405,70,d5bb4574fc4d,0.3730611801147461,1.2121871709823608,0.1428571492433548,0.2554127452163465,0.8316831683168318,1,1.30904056944408,73,a40c650a049f,0.4136123061180115,1.6704307794570923,0.1111111119389534,0.4236488349555293,0.7118644067796611,1,1.3471478384410285,136,ded8762bb927,0.3074057102203369,0.470254510641098,0.20000000298023224,0.0,1.0,1,1.230683057308197,200,9ff41f315fd5,0.4788469076156616,2.407607316970825,0.0,0.0,0.0,1,1.1300000268220902
133,70f88532846f,fabricate products or components using machine tools,162,957f012e4031,0.7301923036575317,3.8774776458740234,0.2857142984867096,0.3465735069466602,1.0,1,1.7381998223905466,161,f1f35b083d3a,0.5868893265724182,2.398486375808716,0.2222222238779068,0.09116076173031373,0.8316831683168316,1,1.3600675157823379,202,8747ed85441f,0.44521719217300415,0.9363264441490173,0.10000000149011612,0.09116076173031373,0.24716447206228292,1,0.6657637203152788,73,a40c650a049f,0.43709880113601685,0.8525387048721313,0.0833333358168602,0.07707532800886907,0.3902218578488449,1,0.7512970158641571,178,78b65ab85b19,0.4082373380661011,0.5546673536300659,0.10000000149011612,0.09116076173031373,0.24716447206228292,1,0.5868488917167795,24,2ae9204d54c8,0.41241222620010376,0.5977552533149719,0.0,0.2027325123874243,0.0,1,0.4184179866281361,147,a2140782858a,0.3119432032108307,-0.4391584098339081,0.10000000149011612,0.09116076173031373,0.3757804037013495,1,0.47138888475286467,182,8729852fc4b8,0.42777732014656067,0.7563342452049255,0.09090909361839294,0.0,0.22797818884283627,1,0.6249117956908665,203,79676bc4eb6a,0.45348137617111206,1.0216188430786133,0.09090909361839294,0.0,0.22797818884283627,1,0.6798609377296887,74,318da22b73fb,0.4069838523864746,0.5417304635047913,0.0,0.2027325123874243,0.0,1,0.4066089504924626
134,469df54e4928,inspect facilities or sites to determine if they meet specifications or standards,193,adb21e5e1a03,0.6022371053695679,2.954629898071289,0.1666666716337204,0.29389328800662196,1.0,1,1.7672773666749162,185,7b03e0901b8c,0.5410414338111877,2.228361129760742,0.07692307978868484,0.29389328800662196,0.5132080512168689,1,1.261181357047522,71,1cb040da80f9,0.4122721254825592,0.7001301050186157,0.1428571492433548,0.12565719826743915,0.7367940512406492,1,1.042896646016648,144,7a053b14e6ec,0.4875182509422302,1.5931493043899536,0.1818181872367859,0.4054650386637325,0.9399102491502336,1,1.3743938381084275,155,f6d7dbe3f71e,0.4645594358444214,1.3206746578216553,0.09090909361839294,0.5493060332229684,0.6170715853917114,1,1.0775870070431792,191,a9be4c9c15a1,0.5571061372756958,2.4190165996551514,0.0625,0.05889151088374822,0.409755044845089,1,1.2628884134443237,202,8747ed85441f,0.31901025772094727,-0.4066994786262512,0.07692307978868484,0.29389328800662196,0.4867919487831312,1,0.5776729759796345,194,094e12b11051,0.44059881567955017,1.0363105535507202,0.07692307978868484,0.29389328800662196,0.4148454470844978,1,0.8914866422571838,84,c6940290ea74,0.4384711980819702,1.011060118675232,0.07692307978868484,0.29389328800662196,0.4148454470844978,1,0.885114138320893,96,1cbedefabffc,0.3827635645866394,0.3499232232570648,0.0,0.20273252627630822,0.0,1,0.44259532789252226
135,4055e1544ee0,assemble equipment or components,161,f1f35b083d3a,0.8153808116912842,4.235665798187256,0.3333333432674408,0.2554127452163465,1.0,1,1.7377920747062707,189,a49d5a99c1d7,0.34925761818885803,0.19541455805301666,0.1666666716337204,0.14384099455923594,0.27863132580303157,1,0.5091225619683963,101,ae138f31c069,0.4317318797111511,0.9102829098701477,0.1428571492433548,0.2554127452163465,0.2551821548196081,1,0.6192744354583646,162,957f012e4031,0.522490382194519,1.6969572305679321,0.20000000298023224,0.0,0.5432732281969198,1,0.9907536514123624,132,22f88df4c22c,0.43600478768348694,0.9473195672035217,0.20000000298023224,0.0,0.306826162342624,1,0.6836413817138247,147,a2140782858a,0.3317737579345703,0.04386839270591736,0.1428571492433548,0.2554127452163465,0.4518311996885274,1,0.5914195317527489,74,318da22b73fb,0.5848286151885986,2.237291097640991,0.1666666716337204,0.14384099455923594,0.27863132580303157,1,0.897359174049924,127,3d77dabe7560,0.3563101291656494,0.2565441429615021,0.1666666716337204,0.14384099455923594,0.27863132580303157,1,0.5207455720077259,138,ef5aeb4ce41e,0.3661496341228485,0.3418307602405548,0.20000000298023224,0.0,0.306826162342624,1,0.5692703948945574,73,a40c650a049f,0.4343252182006836,0.9327614307403564,0.1111111119389534,0.4236488349555293,0.21841862404051204,1,0.5834375982013701
136,ded8762bb927,maintain electromechanical equipment,127,3d77dabe7560,0.7443526983261108,4.05605936050415,0.4000000059604645,0.14384099455923594,1.0,1,1.7356159291543058,201,42bb588edac5,0.5130063891410828,2.046835422515869,0.5,0.0,0.8775984256142448,1,1.2721970750959564,138,ef5aeb4ce41e,0.4657064378261566,1.636039137840271,0.20000000298023224,0.0,0.3497900348363503,1,0.8583413203577924,43,61355ce7e829,0.28572171926498413,0.07288648188114166,0.20000000298023224,0.0,0.5278083907778945,1,0.6751631487956763,139,80c1c070d6f0,0.48086875677108765,1.767722725868225,0.3333333432674408,0.2554127452163465,0.7298838391247185,1,1.1100246520142851,132,22f88df4c22c,0.3074057102203369,0.261210173368454,0.20000000298023224,0.0,0.3497900348363503,1,0.587631999454968,129,06f6e71fddcf,0.2893673777580261,0.10454872995615005,0.1666666716337204,0.14384099455923594,0.31764716677030735,1,0.521431515458102,137,a4f4cc8a14a2,0.42864519357681274,1.3141652345657349,0.20000000298023224,0.0,0.3497900348363503,1,0.7949630906205106,19,9d76ae41867e,0.40102261304855347,1.0742653608322144,0.1666666716337204,0.14384099455923594,0.31764716677030735,1,0.7136329696505019,125,12a1310a48ad,0.3693380355834961,0.799087405204773,0.1428571492433548,0.2554127452163465,0.29091448441835077,1,0.6309598848382205
137,a4f4cc8a14a2,operate industrial equipment,75,f634ee56b726,0.7145307064056396,3.4936041831970215,0.5,0.0,0.9445655529922603,1,1.6911959124265563,219,573d5b3bbb3d,0.49689817428588867,1.2369979619979858,0.4000000059604645,0.14384099455923594,1.0,1,1.2743353075660757,200,9ff41f315fd5,0.46068722009658813,0.8615307807922363,0.20000000298023224,0.0,0.7325343016190381,1,1.0425560399276153,55,4805101e52c6,0.5384718179702759,1.6680701971054077,0.1428571492433548,0.2554127452163465,0.47897413650840676,1,1.0182206903735254,65,8da0e9e0dffc,0.4971734285354614,1.2398520708084106,0.1428571492433548,0.2554127452163465,0.3066051352871365,1,0.8053878892916617,58,224946bca8ba,0.5625476837158203,1.9177100658416748,0.1666666716337204,0.14384099455923594,0.5229879760794496,1,1.1107424097969483,120,a04637eaf44a,0.4040333032608032,0.27409297227859497,0.1666666716337204,0.14384099455923594,0.5229879760794496,1,0.7586010890915345,136,ded8762bb927,0.42864519357681274,0.5292907953262329,0.20000000298023224,0.0,0.3686561745714379,1,0.7171263967074814,74,318da22b73fb,0.48515838384628296,1.115269422531128,0.1666666716337204,0.14384099455923594,0.33477966123244096,1,0.8070754554089862,59,da6e8742f6bf,0.5703721642494202,1.9988411664962769,0.1666666716337204,0.14384099455923594,0.5229879760794496,1,1.1281245100214432
138,ef5aeb4ce41e,repair electronic equipment,65,8da0e9e0dffc,0.6059384346008301,3.251373529434204,0.3333333432674408,0.2554127452163465,1.0,1,1.7377920747062707,70,d5bb4574fc4d,0.4660727381706238,1.8862696886062622,0.3333333432674408,0.2554127452163465,1.0,1,1.4332181811592126,201,42bb588edac5,0.3724028170108795,0.9720414280891418,0.20000000298023224,0.0,0.4025326879104349,1,0.8494306371506314,132,22f88df4c22c,0.34376347064971924,0.692518413066864,0.20000000298023224,0.0,0.4025326879104349,1,0.7853738755878071,76,298036041aa4,0.505216121673584,2.26831316947937,0.1428571492433548,0.2554127452163465,0.33477966123244096,1,1.082401322285395,74,318da22b73fb,0.32824596762657166,0.5410659313201904,0.1666666716337204,0.14384099455923594,0.36554319767001664,1,0.7129565129107763,137,a4f4cc8a14a2,0.4542638063430786,1.7710132598876953,0.20000000298023224,0.0,0.4025326879104349,1,1.0325267181690794,136,ded8762bb927,0.4657064378261566,1.8826944828033447,0.20000000298023224,0.0,0.4025326879104349,1,1.0581201554235082,139,80c1c070d6f0,0.38319993019104004,1.0774223804473877,0.1428571492433548,0.2554127452163465,0.33477966123244096,1,0.8064031992952633,66,196087c93944,0.2682458758354187,-0.04454120993614197,0.2222222238779068,0.4904145223392202,0.7984189723320159,0,0.7634240651450387
139,80c1c070d6f0,"maintain inventories of materials, equipment, or products",178,78b65ab85b19,0.6504039764404297,3.2243402004241943,0.25,0.0,1.0,1,1.7800000298023224,201,42bb588edac5,0.47427743673324585,1.16019606590271,0.3333333432674408,0.2554127452163465,0.9106297680939279,1,1.210367503534225,45,aa03c0034762,0.4543823003768921,0.9270316362380981,0.2857142984867096,0.11157175065711056,0.8812038339893632,1,1.156155512510546,101,ae138f31c069,0.5781664252281189,2.3777401447296143,0.25,0.0,0.7573554506919797,1,1.4162547197655253,86,19ea31d71f7c,0.38415372371673584,0.10397620499134064,0.1111111119389534,0.0,0.45549142980380536,1,0.6921233432160077,133,70f88532846f,0.5653935670852661,2.2280466556549072,0.10000000149011612,0.09116076173031373,0.32426228524047257,1,1.0928442645708152,203,79676bc4eb6a,0.4403167963027954,0.7621886730194092,0.2222222238779068,0.09116076173031373,0.7443959328220646,1,1.030485069698494,136,ded8762bb927,0.48086875677108765,1.2374440431594849,0.3333333432674408,0.2554127452163465,0.9106297680939279,1,1.227764557073978,65,8da0e9e0dffc,0.447956919670105,0.8517283201217651,0.1111111119389534,0.0,0.30186402088817443,1,0.760596553787505,185,7b03e0901b8c,0.421808123588562,0.5452731847763062,0.1111111119389534,0.0,0.3515516854834827,1,0.7232418372490594
140,f07eaef01260,determine operational criteria or specifications,144,7a053b14e6ec,0.7243207693099976,3.320477247238159,0.6000000238418579,0.0,1.0,1,1.7100000220537186,30,c6a87cc5d35e,0.5199833512306213,1.1320933103561401,0.1666666716337204,0.14384099455923594,0.2050233412371118,1,0.7524213941780448,57,c1933354ef21,0.6546512842178345,2.5743408203125,0.4000000059604645,0.14384099455923594,0.5433816103870581,1,1.2619920650116532,71,1cb040da80f9,0.44743406772613525,0.3551153540611267,0.2222222238779068,0.27980784039629336,0.4649235621352432,1,0.7485831001472749,220,7cd42be784e2,0.4967576265335083,0.8833537697792053,0.125,0.11157175065711056,0.17051446201898404,1,0.6816984946289155,134,469df54e4928,0.5251371264457703,1.187288522720337,0.1818181872367859,0.4054650386637325,0.40637763208858296,1,0.8774915885551037,54,00ee16f445cd,0.5037869215011597,0.958635151386261,0.2857142984867096,0.11157175065711056,0.45192133933181067,1,0.879110852864868,49,824d3015533f,0.47849273681640625,0.687743067741394,0.125,0.11157175065711056,0.2617711457758733,1,0.7029180486588044,167,00c6f12023ab,0.47640252113342285,0.6653575897216797,0.1428571492433548,0.0,0.1861833585288367,1,0.6547279462308058,36,e5bfe7745119,0.4946903884410858,0.8612143993377686,0.1111111119389534,0.2027325123874243,0.15727817957915424,1,0.6598130126932699
141,dbc0d59bd942,research advanced engineering designs or applications,126,ebdb003908ef,0.6266850233078003,3.4739296436309814,0.4285714328289032,0.0,1.0,1,1.7442857313156128,83,4ffdd533affb,0.26012128591537476,-0.542987585067749,0.125,0.11157175065711056,0.36782768604943805,1,0.5027453822919653,10,365ec2897755,0.47329771518707275,1.793064832687378,0.25,0.0,0.6866671552611526,1,1.214243643507083,157,018f6a0e7f9a,0.455349862575531,1.5963867902755737,0.1666666716337204,0.29389328800662196,0.4624906313031885,1,0.9976130837894223,182,8729852fc4b8,0.28704261779785156,-0.2479754090309143,0.10000000149011612,0.09116076173031373,0.4272709862259898,0,0.5298829464307497,70,d5bb4574fc4d,0.362215518951416,0.5757921934127808,0.0,0.0,0.0,1,0.5028337332606315,209,2ac9980eb5e6,0.5073566436767578,2.166292905807495,0.10000000149011612,0.09116076173031373,0.24755172149887708,1,0.9965833272280425,160,56c85bc2a8f3,0.3991236090660095,0.9802423119544983,0.125,0.11157175065711056,0.2930477135581302,1,0.7721828622247199,2,771b010da2fa,0.41431108117103577,1.1466712951660156,0.0,0.29389328800662196,0.0,1,0.596984485543744,104,985eed507e3a,0.4183802902698517,1.1912628412246704,0.10000000149011612,0.09116076173031373,0.31072201789564396,1,0.8338220008079027
142,c71cb5036aef,"coordinate activities with suppliers, contractors, clients, or other departments",4,9fc64a999e12,0.577830970287323,4.035727024078369,0.1666666716337204,0.0,1.0,1,1.7966666954755783,38,a3c08ed1a115,0.40698930621147156,1.1813032627105713,0.0833333358168602,0.07707532800886907,0.26970467609811594,1,0.7439644254653528,110,d9dbdf9d5d1a,0.3205455541610718,-0.26299959421157837,0.10000000149011612,0.27980784039629336,0.5542711270971936,1,0.6437052409427723,101,ae138f31c069,0.3346349000930786,-0.02759469673037529,0.09090909361839294,0.1682360897391828,0.41033208986285585,1,0.5997942145584472,32,85a88cfd39f0,0.39632460474967957,1.003117322921753,0.0833333358168602,0.07707532800886907,0.26970467609811594,1,0.7096025861709192,169,2d10ff099811,0.46204227209091187,2.101128578186035,0.09090909361839294,0.1682360897391828,0.5076245470939644,1,1.077805675851903,117,f2f5eb941075,0.41004806756973267,1.2324090003967285,0.1538461595773697,0.06676568738369093,0.7940200875584857,1,1.1151468817146346,67,3574e4789085,0.3031328320503235,-0.553931474685669,0.20000000298023224,0.1682360897391828,0.8000271414775654,1,0.768099161639643,168,ab35d13698b5,0.46421974897384644,2.137509822845459,0.0,0.07707532800886907,0.0,1,0.7503311239106915,65,8da0e9e0dffc,0.3440452218055725,0.12963302433490753,0.09090909361839294,0.1682360897391828,0.29240259438360094,1,0.5475193186282442
143,fd635c6ca5be,conduct quantitative failure analyses of operational data,54,00ee16f445cd,0.6462269425392151,3.9238646030426025,0.10000000149011612,0.09116076173031373,0.32805627913267715,1,1.3305233353130967,118,eb485b5cf6a6,0.25826334953308105,-0.4423177242279053,0.2857142984867096,0.3465735069466602,1.0,1,0.8808248506580494,23,9a8d83e8b2e2,0.22183796763420105,-0.852252721786499,0.125,0.3465735069466602,0.7491316227256607,0,0.5464992798410105,56,269bfa3db5c6,0.3660077452659607,0.7702488303184509,0.10000000149011612,0.09116076173031373,0.6230401614748069,1,0.8945785809748769,36,e5bfe7745119,0.4439401626586914,1.6473082304000854,0.20000000298023224,0.0,0.767123287671233,1,1.1722266269995743,11,810124c49b5c,0.3437214493751526,0.5194365382194519,0.1111111119389534,0.09116076173031373,0.32805627913267715,1,0.6362701104335934,191,a9be4c9c15a1,0.44679272174835205,1.6794112920761108,0.07692307978868484,0.14384101539256,0.2619263572521771,1,0.8243059159343856,13,f7e80a0049c6,0.32839250564575195,0.34692302346229553,0.125,0.3465735069466602,0.3944486213381,1,0.6213233717484412,44,2d4009710863,0.394059419631958,1.0859452486038208,0.10000000149011612,0.09116076173031373,0.32805627913267715,1,0.7524014049523026,57,c1933354ef21,0.35692477226257324,0.6680281162261963,0.125,0.3465735069466602,0.3944486213381,1,0.686419209907764
144,7a053b14e6ec,determine design criteria or specifications,140,f07eaef01260,0.7243207693099976,3.2333054542541504,0.6000000238418579,0.0,1.0,1,1.689708134829998,146,284cc33eb902,0.41807448863983154,0.3405381739139557,0.1428571492433548,0.0,0.207623454585402,1,0.5878878093345067,159,3319e1abdfb1,0.5041283369064331,1.1533929109573364,0.125,0.11157175065711056,0.19015019355593749,1,0.7452715741266961,68,7a9450b42a26,0.4928686022758484,1.047034740447998,0.1428571492433548,0.0,0.207623454585402,1,0.7433614141328236,102,f2c8cd5b27ab,0.7350423336029053,3.334580183029175,0.125,0.11157175065711056,0.2617711457758733,1,1.277082647839026,24,2ae9204d54c8,0.46467721462249756,0.7807421684265137,0.1428571492433548,0.0,0.207623454585402,1,0.6847603402120969,63,50171927f859,0.6403351426124573,2.4399867057800293,0.10000000149011612,0.27980784039629336,0.16275567414533632,1,0.9974295105082471,71,1cb040da80f9,0.4140405058860779,0.30243363976478577,0.2222222238779068,0.27980784039629336,0.4649235621352432,1,0.7261279778254308,49,824d3015533f,0.49633198976516724,1.079749584197998,0.125,0.11157175065711056,0.2617711457758733,1,0.7791434262780709,134,469df54e4928,0.4875182509422302,0.9964959621429443,0.1818181872367859,0.4054650386637325,0.40637763208858296,1,0.8269541141016544
145,7809c19536e4,evaluate technical data to determine effect on designs or plans,71,1cb040da80f9,0.6042726039886475,2.8592288494110107,0.27272728085517883,0.0,1.0,1,1.7754545795917511,3,33b4e36b0d81,0.533489465713501,1.9334733486175537,0.27272728085517883,0.0,0.9240729385814057,1,1.506014492108493,102,f2c8cd5b27ab,0.5436258316040039,2.066044569015503,0.20000000298023224,0.1682360897391828,0.7199840921793524,1,1.3891398310711904,119,b729f6985724,0.46542733907699585,1.0433052778244019,0.09090909361839294,0.1682360897391828,0.3695619074587756,1,0.9139218208855722,104,985eed507e3a,0.5463667511940002,2.1018922328948975,0.0833333358168602,0.07707532800886907,0.3529053448127959,1,1.1689843997721414,2,771b010da2fa,0.5613511800765991,2.297869920730591,0.06666667014360428,0.12565719826743915,0.1970246409854665,1,1.1054339382449492,22,bab0b2935945,0.3857079744338989,0.0006750943721272051,0.1666666716337204,0.0,0.6050933110716082,0,0.7581352301539477,141,dbc0d59bd942,0.3788709044456482,-0.08874528855085373,0.09090909361839294,0.1682360897391828,0.3826052995742689,1,0.6489009856245866,220,7cd42be784e2,0.47867387533187866,1.2165535688400269,0.0,0.1682360897391828,0.0,1,0.7083562960234304,10,365ec2897755,0.4153394103050232,0.3882174491882324,0.09090909361839294,0.1682360897391828,0.3826052995742689,1,0.7644081152043691
146,284cc33eb902,direct design or development activities,58,224946bca8ba,0.4973229169845581,1.6580524444580078,0.3333333432674408,0.0,0.9081081081081083,1,1.494638205871389,29,ef7349785e11,0.5300318598747253,2.0884079933166504,0.1428571492433548,0.0,0.3851737166310073,1,1.2795963662272,64,445ae625480e,0.40606504678726196,0.4573618173599243,0.4000000059604645,0.14384099455923594,1.0,1,1.213862677601724,157,018f6a0e7f9a,0.4078776240348816,0.4812101125717163,0.1818181872367859,0.4054650386637325,0.5228172914015078,1,0.8804821738632708,155,f6d7dbe3f71e,0.514004111289978,1.8775289058685303,0.1666666716337204,0.14384099455923594,0.42414962843295445,1,1.2292256855511714,21,c9b70de179fe,0.439668744802475,0.8994896411895752,0.0,0.0,0.0,1,0.6928279492259025,33,2be03b534579,0.5132842659950256,1.8680578470230103,0.125,0.11157175065711056,0.4856260836550954,1,1.2799216529413266,156,ae5e42c6c3d0,0.3387988805770874,-0.42766711115837097,0.3333333432674408,0.0,0.9081081081081083,1,0.9308549588475679,104,985eed507e3a,0.5509473085403442,2.3635950088500977,0.0,0.2027325123874243,0.0,1,1.0951425918904156,163,3ac212a9f7c3,0.5547876954078674,2.414123296737671,0.0,0.11157175065711056,0.0,1,1.118842851756379
147,a2140782858a,design energy-efficient vehicles or vehicle components,161,f1f35b083d3a,0.3561573326587677,1.6902775764465332,0.1111111119389534,0.0,0.8316831683168318,1,1.6135150933796818,128,54e485ae84d0,0.3100537061691284,1.0218703746795654,0.125,0.11157175065711056,0.5621542425879291,1,1.2035002649559146,162,957f012e4031,0.3284904360771179,1.2891649007797241,0.1428571492433548,0.2554127452163465,1.0,1,1.575761750366404,127,3d77dabe7560,0.32663390040397644,1.2622488737106323,0.125,0.11157175065711056,0.5621542425879291,1,1.2781650961174136,2,771b010da2fa,0.3384551703929901,1.4336328506469727,0.07692307978868484,0.29389328800662196,0.3851797588102477,0,1.1174373889736813,155,f6d7dbe3f71e,0.3325527608394623,1.348060131072998,0.1428571492433548,0.2554127452163465,0.6190388980878981,1,1.3273188957197128,166,505ab84c8d87,0.3433224558830261,1.504198431968689,0.0,0.09116076173031373,0.0,1,0.9835818648918032,141,dbc0d59bd942,0.35560131072998047,1.6822164058685303,0.0,0.0,0.0,1,1.0493413078784943,159,3319e1abdfb1,0.31352677941322327,1.0722228288650513,0.1111111119389534,0.0,0.5148442320731034,1,1.1992315233642583,144,7a053b14e6ec,0.3190002143383026,1.151576280593872,0.125,0.11157175065711056,0.5621542425879291,0,1.16378865368501
148,253c9a1feb09,research design or application of green technologies,159,3319e1abdfb1,0.7586157321929932,3.8879544734954834,0.25,0.0,0.976656385504178,1,1.763659499655247,204,62b52b411f3a,0.35726964473724365,0.29776620864868164,0.125,0.11157175065711056,0.4629827356902088,1,0.6596603667220253,126,ebdb003908ef,0.535558819770813,1.8926284313201904,0.25,0.0,1.0,1,1.3688532847166062,180,893bb3cbc01a,0.30404776334762573,-0.17832307517528534,0.1111111119389534,0.0,0.575981157907482,0,0.5698137351841184,157,018f6a0e7f9a,0.31904155015945435,-0.04419814422726631,0.1666666716337204,0.29389328800662196,0.5966055293753746,1,0.6611578231038912,147,a2140782858a,0.2877722978591919,-0.3239130973815918,0.1111111119389534,0.0,0.37342419222110157,1,0.47719099485953204,209,2ac9980eb5e6,0.4962860941886902,1.541319489479065,0.2222222238779068,0.09116076173031373,0.7355410636134755,1,1.1050962321014233,176,62eda05f366c,0.5510451197624207,2.0311591625213623,0.125,0.11157175065711056,0.6586643407739537,1,1.1627409792325683,59,da6e8742f6bf,0.35327690839767456,0.26204973459243774,0.125,0.11157175065711056,0.4629827356902088,0,0.5721168364068646,8,04d0abdf0b41,0.682024359703064,3.2028164863586426,0.0714285746216774,0.34657354027998,0.42457457506334995,1,1.2320410408524294
149,c9b79bbec6f3,monitor processes for compliance with standards,185,7b03e0901b8c,0.6501388549804688,2.6850361824035645,0.2857142984867096,0.11157175065711056,1.0,1,1.670117312310502,179,6a5f3442d709,0.3822300136089325,0.2412489503622055,0.125,0.11157175065711056,0.4651114931439197,1,0.7347040628292199,151,506120811a05,0.5037223696708679,1.349467158317566,0.1666666716337204,0.14384099455923594,0.510539958402861,1,1.0259669749493334,121,66497e9d2189,0.5864806771278381,2.1043646335601807,0.125,0.11157175065711056,0.49999999999999994,1,1.2090643819554299,191,a9be4c9c15a1,0.693058967590332,3.076540946960449,0.20000000298023224,0.3465735277799843,0.8307581367722972,1,1.63687337812935,152,fbe465293a7d,0.3761712908744812,0.18598303198814392,0.125,0.11157175065711056,0.4651114931439197,1,0.7213574429251786,96,1cbedefabffc,0.5321374535560608,1.608661413192749,0.1111111119389534,0.2027325123874243,0.46118721461187207,1,1.054885220595155,56,269bfa3db5c6,0.4510301351547241,0.8688238263130188,0.125,0.11157175065711056,0.42460749015683497,1,0.8579091756509611,28,ce1178bafa1d,0.40103477239608765,0.4127805233001709,0.10000000149011612,0.27980784039629336,0.39810390514860927,1,0.7142615999163983,67,3574e4789085,0.47268223762512207,1.0663280487060547,0.125,0.11157175065711056,0.49999999999999994,1,0.9583808209879845
150,3ffc9e8eaffb,test products for functionality or quality,190,c2a2570c95d4,0.648878276348114,3.013963460922241,0.5,0.11157175065711056,1.0,1,1.718842850266263,20,1bd49058235f,0.346490740776062,0.2355555146932602,0.125,0.11157175065711056,0.2677922543596666,1,0.5957032376608907,156,ae5e42c6c3d0,0.34384265542030334,0.2112242877483368,0.1428571492433548,0.0,0.40726924071993426,1,0.697328699839117,158,16ac0e74dbe1,0.38842639327049255,0.6208701729774475,0.1428571492433548,0.0,0.3922224599251867,1,0.7875271100492084,182,8729852fc4b8,0.3674279749393463,0.4279317557811737,0.1111111119389534,0.2027325123874243,0.24700472776553717,1,0.6205547144690681,201,42bb588edac5,0.4075279235839844,0.7963795065879822,0.1666666716337204,0.14384099455923594,0.43191163741761623,1,0.8418631342155223,89,b03b706832f2,0.43650591373443604,1.062636137008667,0.1111111119389534,0.2027325123874243,0.24700472776553717,1,0.7775974785963226,124,3b11edaeeba4,0.3631319999694824,0.38845932483673096,0.125,0.11157175065711056,0.3592136390403937,1,0.6974284239173802,188,be19a52818cf,0.48398908972740173,1.4989227056503296,0.125,0.11157175065711056,0.2677922543596666,1,0.9074490973434507,102,f2c8cd5b27ab,0.5180915594100952,1.8122642040252686,0.125,0.11157175065711056,0.37299410659993976,1,1.0584099116433086
151,506120811a05,inspect operational processes,22,bab0b2935945,0.6897984147071838,3.4295217990875244,0.25,0.4236488349555293,1.0,1,1.7376351463067694,216,f20501abeeb8,0.384555459022522,0.07278580963611603,0.1666666716337204,0.14384099455923594,0.9569217928269199,1,1.0231404254327792,149,c9b79bbec6f3,0.5037223696708679,1.383256196975708,0.1666666716337204,0.14384099455923594,0.7444747392921339,1,1.1590243409166312,202,8747ed85441f,0.43581849336624146,0.6365218758583069,0.1428571492433548,0.2554127452163465,0.8763887706583177,1,1.0799584251136527,197,3a46124701c0,0.515596866607666,1.5138392448425293,0.1666666716337204,0.14384099455923594,0.5312009363835419,1,1.0380915779375284,85,e9ceea91a9c3,0.48180097341537476,1.1421880722045898,0.20000000298023224,0.0,0.8198084926728855,1,1.1703795830693955,59,da6e8742f6bf,0.47793975472450256,1.0997265577316284,0.1666666716337204,0.14384099455923594,0.7444747392921339,1,1.0974497328290915,44,2d4009710863,0.44973114132881165,0.7895183563232422,0.1428571492433548,0.2554127452163465,0.48649590708393686,1,0.8404154936563631,56,269bfa3db5c6,0.39168328046798706,0.15116997063159943,0.1428571492433548,0.2554127452163465,0.6818209245992315,1,0.8378626159226865,54,00ee16f445cd,0.4237361550331116,0.5036532282829285,0.1428571492433548,0.2554127452163465,0.48649590708393686,1,0.7780430028926989
152,fbe465293a7d,monitor activities affecting environmental quality,215,79b70e0eb0dc,0.7064285278320312,3.8736588954925537,0.375,0.09116076173031373,1.0,1,1.7458839476688266,156,ae5e42c6c3d0,0.43172314763069153,1.0632878541946411,0.2857142984867096,0.11157175065711056,0.7979507974751773,1,1.0724361964823046,197,3a46124701c0,0.38529667258262634,0.5883222222328186,0.125,0.11157175065711056,0.4463783381734557,1,0.7451597416134315,45,aa03c0034762,0.3400633633136749,0.12556323409080505,0.125,0.11157175065711056,0.47986165118836627,1,0.6754715104070583,128,54e485ae84d0,0.43292680382728577,1.0756019353866577,0.125,0.11157175065711056,0.4193162993235174,1,0.8242774997486273,28,ce1178bafa1d,0.3935103416442871,0.6723520755767822,0.20000000298023224,0.1682360897391828,0.8480627652434272,1,1.0320106517778291,23,9a8d83e8b2e2,0.5572947263717651,2.347946882247925,0.1428571492433548,0.2554127452163465,0.46174711532649226,1,1.0931426548529786,149,c9b79bbec6f3,0.3761712908744812,0.4949650764465332,0.125,0.11157175065711056,0.4463783381734557,1,0.7263723799319701,216,f20501abeeb8,0.5267846584320068,2.035813808441162,0.0,0.11157175065711056,0.0,1,0.7399703528864832,166,505ab84c8d87,0.35970377922058105,0.32649433612823486,0.10000000149011612,0.09116076173031373,0.3542169651819666,1,0.6315149523900886
153,8594b6595861,prepare drawings or diagrams of products or services,194,094e12b11051,0.5587859153747559,3.2927372455596924,0.1111111119389534,0.0,0.7130391465576601,1,1.6069052085147777,20,1bd49058235f,0.4640232026576996,1.9137145280838013,0.25,0.0,1.0,1,1.4633656430244446,33,2be03b534579,0.328980952501297,-0.05147131532430649,0.1111111119389534,0.0,0.5820880863340542,1,0.7260537263045997,133,70f88532846f,0.39973533153533936,0.9781731367111206,0.10000000149011612,0.09116076173031373,0.38547126283342936,1,0.8233285857926042,185,7b03e0901b8c,0.4524605870246887,1.7454509735107422,0.1111111119389534,0.0,0.41791191366594577,1,1.0351785535325317,97,48c561c86be0,0.4978954792022705,2.4066367149353027,0.0,0.09116076173031373,0.0,1,0.9072555542571902,178,78b65ab85b19,0.45305004715919495,1.7540290355682373,0.1111111119389534,0.0,0.41791191366594577,1,1.0372028241266518,53,a68e486bae8e,0.32060298323631287,-0.1733906865119934,0.2222222238779068,0.09116076173031373,0.9223744292237441,1,0.9218301690129653,89,b03b706832f2,0.2801971733570099,-0.761391282081604,0.2222222238779068,0.09116076173031373,0.9223744292237441,0,0.706070596514465,187,02b0fa193387,0.31390485167503357,-0.27086442708969116,0.1111111119389534,0.0,0.41791191366594577,1,0.5593567418267039
154,17f9d29c543d,"explain engineering drawings, specifications, or other technical information",194,094e12b11051,0.6866101622581482,3.835563898086548,0.3333333432674408,0.1682360897391828,1.0,1,1.746509740253987,12,9251af4a3821,0.43184083700180054,1.224531650543213,0.3333333432674408,0.1682360897391828,0.9201694886820736,1,1.176877404517241,126,ebdb003908ef,0.27864450216293335,-0.3455183506011963,0.09090909361839294,0.1682360897391828,0.35485309920189656,1,0.48015179217462467,199,0d99df7b9f80,0.2460213303565979,-0.6798606514930725,0.1818181872367859,0.07707532800886907,0.6089377803276969,0,0.5163435859027661,10,365ec2897755,0.4839181900024414,1.7582523822784424,0.09090909361839294,0.1682360897391828,0.35485309920189656,1,0.9145031749517194,63,50171927f859,0.5232604742050171,2.1614561080932617,0.07692307978868484,0.0,0.2825368090927238,1,0.9658123795312389,157,018f6a0e7f9a,0.3243974447250366,0.12338586896657944,0.06666667014360428,0.12565719826743915,0.2654826890325301,1,0.5199089550663797,103,6680fc36f234,0.38180720806121826,0.7117563486099243,0.20000000298023224,0.1682360897391828,0.565316389480177,1,0.8375840495884045,49,824d3015533f,0.33975639939308167,0.28079384565353394,0.09090909361839294,0.1682360897391828,0.33009250963308323,0,0.512129843962935,145,7809c19536e4,0.35950925946235657,0.4832332730293274,0.07692307978868484,0.0,0.20133569376742783,0,0.4815408480758782
155,f6d7dbe3f71e,design structures or facilities,197,3a46124701c0,0.3988931179046631,0.7587932348251343,0.1666666716337204,0.14384099455923594,0.9394410575141467,1,1.115954005139516,146,284cc33eb902,0.514004111289978,2.079751968383789,0.1666666716337204,0.14384099455923594,0.5516166948607367,1,1.1016209553886507,165,72ea80489538,0.30258482694625854,-0.3463945686817169,0.1666666716337204,0.14384099455923594,1.0,1,0.9432042423017315,83,4ffdd533affb,0.678199827671051,3.9639832973480225,0.0,0.14384099455923594,0.0,1,1.1156159273661665,75,f634ee56b726,0.46141356229782104,1.4762479066848755,0.20000000298023224,0.0,0.6074350508883113,1,1.0341059263531527,144,7a053b14e6ec,0.4889896512031555,1.7926979064941406,0.1666666716337204,0.14384099455923594,0.5516166948607367,1,1.0457416679669473,128,54e485ae84d0,0.38299936056137085,0.5764040946960449,0.1666666716337204,0.14384099455923594,0.5516166948607367,1,0.8089722674299333,134,469df54e4928,0.4645594358444214,1.5123484134674072,0.09090909361839294,0.5493060332229684,0.6436910949633968,1,1.0231121769121707,29,ef7349785e11,0.44773393869400024,1.3192671537399292,0.1666666716337204,0.14384099455923594,0.5516166948607367,1,0.953581435601816,147,a2140782858a,0.3325527608394623,-0.002496921457350254,0.1428571492433548,0.2554127452163465,0.5051935076694867,1,0.6537725982316305
156,ae5e42c6c3d0,direct quality control activities,42,853f8faf3522,0.4381083846092224,2.457726240158081,0.2857142984867096,0.11157175065711056,0.9468283303491641,1,1.6936608453514486,190,c2a2570c95d4,0.2922171950340271,-0.016550622880458832,0.125,0.11157175065711056,0.5220534117233991,0,0.6707031636170764,50,a787a095d9b0,0.4201751947402954,2.1535840034484863,0.2857142984867096,0.11157175065711056,0.8316831683168318,1,1.532479369930258,152,fbe465293a7d,0.43172314763069153,2.3494343757629395,0.2857142984867096,0.11157175065711056,0.8681104963851355,1,1.6098673230872866,32,85a88cfd39f0,0.37663233280181885,1.415108323097229,0.25,0.2027325123874243,0.7671232876712328,1,1.287452622179308,64,445ae625480e,0.3252737820148468,0.5440805554389954,0.4000000059604645,0.14384099455923594,1.0,1,1.210174867448955,58,224946bca8ba,0.3693849742412567,1.2921949625015259,0.3333333432674408,0.0,0.9081081081081083,1,1.3626504702423072,67,3574e4789085,0.28022506833076477,-0.21993400156497955,0.125,0.11157175065711056,0.34605708466173635,1,0.5718766228474925,185,7b03e0901b8c,0.38486164808273315,1.5546754598617554,0.0,0.11157175065711056,0.0,1,0.8332246210558862,146,284cc33eb902,0.3387988805770874,0.7734627723693848,0.3333333432674408,0.0,0.9081081081081083,0,1.146535254523561
157,018f6a0e7f9a,research human performance or health factors related to engineering or design activities,141,dbc0d59bd942,0.455349862575531,2.7212164402008057,0.1666666716337204,0.29389328800662196,0.8573448359993946,1,1.6674187518744923,107,750257b28f11,0.3200111389160156,0.34930938482284546,0.1818181872367859,0.4054650386637325,1.0,1,1.151258447861017,12,9251af4a3821,0.3749471604824066,1.3121020793914795,0.07692307978868484,0.29389328800662196,0.48512552731510405,1,1.0598750229973704,146,284cc33eb902,0.4078776240348816,1.88923180103302,0.1818181872367859,0.4054650386637325,0.7090570313402609,1,1.3383277300816208,208,c1c0caaa937b,0.3143928050994873,0.2508441209793091,0.0833333358168602,0.4054650386637325,0.406423245157982,1,0.7182875038143702,6,75e527217c38,0.3477141857147217,0.8348249197006226,0.1538461595773697,0.20273252627630822,0.7907929537528662,1,1.1512308927843906,2,771b010da2fa,0.40363287925720215,1.8148396015167236,0.125,0.0,0.6235237817114474,1,1.3089106230042495,5,abdac161e57b,0.3432080149650574,0.7558510899543762,0.0833333358168602,0.4054650386637325,0.3579281318585446,1,0.8149679084453654,39,202cbfb3aef7,0.3299163579940796,0.5229053497314453,0.09090909361839294,0.5493060332229684,0.6079447420729764,1,0.9146593949632249,160,56c85bc2a8f3,0.4498257637023926,2.6244027614593506,0.0833333358168602,0.4054650386637325,0.406423245157982,1,1.3322409079429218
158,16ac0e74dbe1,analyze test or validation data,56,269bfa3db5c6,0.5040990710258484,2.558023691177368,0.125,0.11157175065711056,0.7538405741252783,1,1.6215312476836092,207,7663c229a426,0.4579407572746277,2.0290021896362305,0.1666666716337204,0.14384099455923594,0.5656932803346533,1,1.340426071537054,119,b729f6985724,0.4210990369319916,1.6067585945129395,0.2857142984867096,0.11157175065711056,1.0,1,1.5196430694444627,220,7cd42be784e2,0.3757706880569458,1.0872493982315063,0.125,0.11157175065711056,0.5482114908685305,1,1.0912247530317964,22,bab0b2935945,0.43605056405067444,1.778118371963501,0.2222222238779068,0.27980784039629336,0.8559322033898303,1,1.4557360927854042,165,72ea80489538,0.41964006423950195,1.590037226676941,0.1428571492433548,0.0,0.5985876819213144,1,1.267040038953616,172,2c5271f1a3e4,0.4522140622138977,1.963368535041809,0.25,0.2027325123874243,0.922374429223744,1,1.5529855541777478,150,3ffc9e8eaffb,0.38842639327049255,1.2322967052459717,0.1428571492433548,0.0,0.5985876819213144,1,1.1733906590445775,82,68d8248a643f,0.3687928318977356,1.0072760581970215,0.10000000149011612,0.27980784039629336,0.4026969114246684,1,0.9545450593931052,66,196087c93944,0.40080589056015015,1.374178409576416,0.09090909361839294,0.3465735277799843,0.43770245515985445,1,1.0704927998911353
159,3319e1abdfb1,analyze green technology design requirements,148,253c9a1feb09,0.7586157321929932,4.507278919219971,0.25,0.0,0.8114616410560253,1,1.64802317854154,63,50171927f859,0.42924582958221436,1.0796598196029663,0.3333333432674408,0.1682360897391828,1.0,1,1.1570736338701866,96,1cbedefabffc,0.3480468988418579,0.23465554416179657,0.10000000149011612,0.09116076173031373,0.35003823638671866,1,0.5762926337752298,14,ccf9fc39d00f,0.29237595200538635,-0.34468942880630493,0.10000000149011612,0.09116076173031373,0.4414095573442321,1,0.5358964353109954,147,a2140782858a,0.31352677941322327,-0.12458133697509766,0.1111111119389534,0.0,0.3102620454105038,1,0.49243467683897507,155,f6d7dbe3f71e,0.30105170607566833,-0.25440436601638794,0.1428571492433548,0.2554127452163465,0.3730531736483438,0,0.4064508824547457,104,985eed507e3a,0.3719855546951294,0.48377540707588196,0.10000000149011612,0.09116076173031373,0.35003823638671866,1,0.6211660129461244,72,91e3b64a6f04,0.5055705308914185,1.873940110206604,0.09090909361839294,0.1682360897391828,0.4289928742389634,1,0.9201148815657245,128,54e485ae84d0,0.502386212348938,1.8408021926879883,0.125,0.11157175065711056,0.33877261174552303,1,0.853008819608086,71,1cb040da80f9,0.4812045097351074,1.6203727722167969,0.0,0.1682360897391828,0.0,1,0.5830671613422056
160,56c85bc2a8f3,assist engineers or scientists with research,183,ff9c96c6d776,0.5498590469360352,3.668363094329834,0.25,0.2027325123874243,1.0,1,1.75972677856358,26,a86fc9314475,0.3320372700691223,0.9196760058403015,0.0,0.0,0.0,1,0.5247214752435684,157,018f6a0e7f9a,0.4498257637023926,2.40604567527771,0.0833333358168602,0.4054650386637325,0.29754771080449144,1,1.0075121150445796,148,253c9a1feb09,0.31835705041885376,0.7470456957817078,0.125,0.11157175065711056,0.3977122867188747,1,0.7442650811116871,111,059770361813,0.2744603753089905,0.1931147277355194,0.0,0.11157175065711056,0.0,1,0.35357082673744866,205,45b6fa08d56b,0.274833083152771,0.19781792163848877,0.1666666716337204,0.14384099455923594,0.47820167807864694,1,0.6770488993968984,210,39fb30c0c188,0.2667732238769531,0.09611077606678009,0.0,0.2027325123874243,0.0,1,0.3230938689378113,12,9251af4a3821,0.45177483558654785,2.4306411743164062,0.0,0.11157175065711056,0.0,1,0.8462885137780161,173,49c0d2367c5d,0.3287879228591919,0.8786725401878357,0.125,0.11157175065711056,0.3977122867188747,1,0.7725600467364964,208,c1c0caaa937b,0.21039196848869324,-0.6153627634048462,0.1428571492433548,0.0,0.4342588211741226,1,0.4877739502442205
161,f1f35b083d3a,assemble mechanical components or machine parts,135,4055e1544ee0,0.8153808116912842,4.780397415161133,0.3333333432674408,0.2554127452163465,1.0,1,1.7377920747062707,147,a2140782858a,0.3561573326587677,0.7531543374061584,0.1111111119389534,0.0,0.3757804037013495,1,0.6372453171625923,63,50171927f859,0.4059576392173767,1.1898871660232544,0.09090909361839294,0.1682360897391828,0.3216425489308161,1,0.6635471520475771,131,c3b47654a283,0.25436660647392273,-0.13951776921749115,0.0,0.11157175065711056,0.0,1,0.20328331218497464,58,224946bca8ba,0.28409135341644287,0.12115875631570816,0.0,0.11157175065711056,0.0,1,0.25179327317909905,133,70f88532846f,0.5868893265724182,2.7766001224517822,0.2222222238779068,0.09116076173031373,0.7671232876712327,1,1.256317776030057,132,22f88df4c22c,0.377722829580307,0.9422768354415894,0.0,0.2554127452163465,0.0,1,0.3902131125590348,101,ae138f31c069,0.3042674958705902,0.29809707403182983,0.0,0.0,0.0,1,0.29587734669446947,125,12a1310a48ad,0.4572627544403076,1.6398165225982666,0.1111111119389534,0.0,0.3757804037013495,1,0.7987544808402847,24,2ae9204d54c8,0.33975642919540405,0.6093236804008484,0.0,0.11157175065711056,0.0,1,0.34263711833791444
162,957f012e4031,fabricate devices or components,133,70f88532846f,0.7301923036575317,4.785272121429443,0.2857142984867096,0.3465735069466602,1.0,1,1.7381998223905466,5,abdac161e57b,0.4687243700027466,1.8899770975112915,0.1666666716337204,0.14384099455923594,0.6489133365849326,1,1.023239178101943,147,a2140782858a,0.3284904360771179,0.3371342420578003,0.1428571492433548,0.2554127452163465,0.4898565976821165,1,0.6265200049741158,138,ef5aeb4ce41e,0.3456703722476959,0.5273716449737549,0.0,0.0,0.0,1,0.3504031690955162,131,c3b47654a283,0.3700965940952301,0.7978488802909851,0.0,0.14384099455923594,0.0,1,0.3855418420709662,177,ff18586218d4,0.3449578881263733,0.5194821357727051,0.0,0.14384099455923594,0.0,1,0.3345745398975901,163,3ac212a9f7c3,0.2887137532234192,-0.10332221537828445,0.0,0.2554127452163465,0.0,1,0.20938549118848077,135,4055e1544ee0,0.522490382194519,2.4853405952453613,0.20000000298023224,0.0,0.5889942424511162,1,1.0972339478046371,130,cbb58925807f,0.3186642825603485,0.2283269464969635,0.0,0.0,0.0,1,0.29564981341362,70,d5bb4574fc4d,0.4193177819252014,1.3428865671157837,0.0,0.2554127452163465,0.0,1,0.4741779074332261
163,3ac212a9f7c3,collaborate with others to develop or refine designs,3,33b4e36b0d81,0.516059398651123,2.534848928451538,0.09090909361839294,0.1682360897391828,0.674839876688682,1,1.45104135703913,111,059770361813,0.28525280952453613,-0.19150221347808838,0.1111111119389534,0.0,0.8532541591699304,1,0.8985344171169168,183,ff9c96c6d776,0.4076195955276489,1.2539280652999878,0.10000000149011612,0.09116076173031373,1.0,1,1.35956502562598,104,985eed507e3a,0.47959524393081665,2.1041243076324463,0.10000000149011612,0.09116076173031373,0.7272247072992187,1,1.3844586221813941,10,365ec2897755,0.41140133142471313,1.2985988855361938,0.1111111119389534,0.0,0.7884267866263809,1,1.2306257906312759,102,f2c8cd5b27ab,0.4062011241912842,1.2371726036071777,0.1111111119389534,0.0,0.7884267866263809,1,1.21506537226389,182,8729852fc4b8,0.335746169090271,0.4049392640590668,0.10000000149011612,0.09116076173031373,0.5793787303122506,0,0.7696004044384159,21,c9b70de179fe,0.2773701846599579,-0.2846139669418335,0.125,0.11157175065711056,0.6858591456128805,1,0.7460795374833749,83,4ffdd533affb,0.32386690378189087,0.2646181285381317,0.125,0.11157175065711056,0.860876815667724,1,1.0073466468791643,146,284cc33eb902,0.5547876954078674,2.9923181533813477,0.0,0.11157175065711056,0.0,1,1.118842851756379
164,0c9fad019eee,schedule operational activities,25,79d2ac46742b,0.5733168721199036,2.9973301887512207,0.4000000059604645,0.14384099455923594,1.0,1,1.7356159291543058,36,e5bfe7745119,0.5154059529304504,2.2893223762512207,0.2857142984867096,0.3465735069466602,0.8447488584474884,1,1.463841349849504,35,e19513a85bed,0.4718421995639801,1.7567200660705566,0.20000000298023224,0.0,0.5258859048075469,1,1.162789241756091,109,d052bd1e246e,0.3460904359817505,0.21930280327796936,0.1666666716337204,0.14384099455923594,0.5224387459044979,1,0.782306888236326,174,003763627ff4,0.3777332603931427,0.6061620116233826,0.2857142984867096,0.3465735069466602,0.8447488584474884,1,1.0699608149323876,0,d52ebdd6c51c,0.474523663520813,1.7895032167434692,0.1428571492433548,0.2554127452163465,0.43737045548350434,1,1.091266360759785,197,3a46124701c0,0.428932785987854,1.232117772102356,0.1666666716337204,0.14384099455923594,0.47756125409550215,1,0.9935877073226138,81,e9ce432833f3,0.44081372022628784,1.3773717880249023,0.1428571492433548,0.2554127452163465,0.43737045548350434,1,0.9920470832586785,44,2d4009710863,0.4618549942970276,1.6346184015274048,0.1428571492433548,0.2554127452163465,0.43737045548350434,1,1.0539782910347482,57,c1933354ef21,0.38796886801719666,0.7313005924224854,0.20000000298023224,0.0,0.5258859048075469,1,0.9186850351940486
165,72ea80489538,test characteristics of materials or structures,190,c2a2570c95d4,0.639043390750885,3.6010677814483643,0.2857142984867096,0.11157175065711056,1.0,1,1.7616999980195016,155,f6d7dbe3f71e,0.30258482694625854,0.25749725103378296,0.1666666716337204,0.14384099455923594,0.7779514394797229,0,0.8173726695970329,218,2f93e8f923e8,0.2986730933189392,0.21862424910068512,0.125,0.11157175065711056,0.5765405571588833,1,0.753415462590647,19,9d76ae41867e,0.45201388001441956,1.7424544095993042,0.1428571492433548,0.0,0.6295199597086185,1,1.1346945490384075,220,7cd42be784e2,0.34083205461502075,0.6375806331634521,0.125,0.11157175065711056,0.5086705402691932,1,0.7980605326787125,158,16ac0e74dbe1,0.41964006423950195,1.4207383394241333,0.1428571492433548,0.0,0.5554132385642002,1,1.0123013580355515,208,c1c0caaa937b,0.18568453192710876,-0.9042041301727295,0.1428571492433548,0.0,0.6295199597086185,1,0.5545611998693617,201,42bb588edac5,0.36067140102386475,0.8347349166870117,0.1666666716337204,0.14384099455923594,0.6116157686570062,1,0.9068752177535131,130,cbb58925807f,0.3562943935394287,0.7912382483482361,0.1666666716337204,0.14384099455923594,0.5907651837239462,1,0.8827900410469721,181,49ccfbfcfc0a,0.35479408502578735,0.7763288617134094,0.0,0.0,0.0,1,0.49351307928562166
166,505ab84c8d87,implement transportation changes to reduce environmental impact,92,3f67b920ee49,0.628722071647644,3.904383897781372,0.3333333432674408,0.0,1.0,1,1.7633333492279053,47,8f3ed6033a9e,0.29746854305267334,0.5831077098846436,0.2222222238779068,0.09116076173031373,0.7691159827689665,0,0.8619004846423661,147,a2140782858a,0.3433224558830261,1.0428568124771118,0.0,0.09116076173031373,0.0,1,0.5154877395017504,120,a04637eaf44a,0.3061182498931885,0.6698330044746399,0.1111111119389534,0.2027325123874243,0.4330069750025249,1,0.7207776806850507,128,54e485ae84d0,0.3585411310195923,1.1954450607299805,0.1111111119389534,0.2027325123874243,0.30888436740178404,1,0.7427390301580138,176,62eda05f366c,0.3800666332244873,1.4112681150436401,0.0,0.2027325123874243,0.0,1,0.5822731816736072,105,8bb47fa10a52,0.45478662848472595,2.1604397296905518,0.25,0.2027325123874243,0.7156688979091578,1,1.2093085121654317,168,ab35d13698b5,0.2506875991821289,0.11406385153532028,0.09090909361839294,0.0,0.3657821478331831,1,0.5798559741496366,2,771b010da2fa,0.24688462913036346,0.0759337991476059,0.0714285746216774,0.20273252627630822,0.2787227338661635,0,0.4116045463843267,96,1cbedefabffc,0.2987748980522156,0.5962057113647461,0.09090909361839294,0.0,0.26092971675493165,0,0.5266968393726
167,00c6f12023ab,document organizational or operational procedures,124,3b11edaeeba4,0.5840193033218384,2.5740673542022705,0.2857142984867096,0.11157175065711056,0.9878235316999082,1,1.7531764702094375,115,830e9df61ddd,0.5224047303199768,1.7979525327682495,0.3333333432674408,0.0,1.0,1,1.5687031584978104,0,d52ebdd6c51c,0.48435288667678833,1.3186405897140503,0.2857142984867096,0.11157175065711056,0.8288004884800458,1,1.3239815199534548,170,57e3b12b8497,0.49004945158958435,1.3903961181640625,0.2857142984867096,0.11157175065711056,0.9158415841584158,1,1.4030790492545542,11,810124c49b5c,0.5118715167045593,1.6652731895446777,0.1428571492433548,0.11157175065711056,0.32691921004529784,1,1.0823828211431672,68,7a9450b42a26,0.4745427966117859,1.1950699090957642,0.1428571492433548,0.0,0.7216360701309799,1,1.247358470284046,33,2be03b534579,0.3791865110397339,-0.006065315566956997,0.125,0.11157175065711056,0.4139603057236677,1,0.7091657389199232,46,f64f2eefbcb7,0.46024858951568604,1.015015959739685,0.125,0.11157175065711056,0.5018812784347481,1,1.0376220494050914,140,f07eaef01260,0.47640252113342285,1.218495488166809,0.1428571492433548,0.0,0.3569604347521631,1,0.9981876702370442,37,78a6d412d86e,0.5430796146392822,2.0583794116973877,0.25,0.2027325123874243,0.8447488584474884,1,1.519537458401573
168,ab35d13698b5,"negotiate contracts for transportation, distribution, or logistics services",53,a68e486bae8e,0.5826201438903809,3.6676414012908936,0.20000000298023224,0.0,1.0,1,1.7900000351667404,166,505ab84c8d87,0.2506875991821289,0.31549593806266785,0.09090909361839294,0.0,0.5505552878890605,1,0.7410975855231204,80,4e4d6d43dbf9,0.44686219096183777,2.2966387271881104,0.1111111119389534,0.2027325123874243,0.5807547721175116,1,1.1860006805263603,123,05f356a221b7,0.46267271041870117,2.4563071727752686,0.125,0.3465735069466602,0.7176881431410969,1,1.3013015669637804,88,d1809a4492b8,0.3430088460445404,1.247836709022522,0.1111111119389534,0.2027325123874243,0.5320453619043015,1,0.91626291935873,33,2be03b534579,0.2717812657356262,0.5285182595252991,0.10000000149011612,0.09116076173031373,0.4872692670905731,0,0.6551600898427228,169,2d10ff099811,0.22572284936904907,0.06338005512952805,0.0,0.09116076173031373,0.0,1,0.2935818449242472,17,e1dbddbff402,0.3287844955921173,1.104186773300171,0.1111111119389534,0.2027325123874243,0.7045809296176904,1,1.0047630266498984,120,a04637eaf44a,0.13488563895225525,-0.8539736270904541,0.1111111119389534,0.2027325123874243,0.6517384218794826,0,0.4478205095998314,153,8594b6595861,0.22077462077140808,0.013408511877059937,0.10000000149011612,0.09116076173031373,0.4872692670905731,0,0.5391767601293782
169,2d10ff099811,coordinate with external parties to exchange information,122,4e4a52d4b158,0.5338200330734253,3.56251859664917,0.125,0.11157175065711056,1.0,1,1.7938428457959146,110,d9dbdf9d5d1a,0.3604152202606201,1.797737956047058,0.125,0.11157175065711056,0.9394410575141467,1,1.3478158383250853,113,322cdff981bb,0.2669181227684021,0.8461966514587402,0.10000000149011612,0.09116076173031373,0.6414901872218104,1,0.9256267848016694,168,ab35d13698b5,0.22572284936904907,0.42694294452667236,0.0,0.09116076173031373,0.0,1,0.38623196413949723,91,b1f99c3dcd62,0.10040023177862167,-0.8484939932823181,0.1111111119389534,0.0,0.6954769851563192,0,0.5030029184317559,4,9fc64a999e12,0.3871321678161621,2.0696425437927246,0.09090909361839294,0.1682360897391828,0.5952811483117647,1,1.1679736669369456,67,3574e4789085,0.19359737634658813,0.09999466687440872,0.1111111119389534,0.0,0.8603791863372136,0,0.8359580727373704,28,ce1178bafa1d,0.36644530296325684,1.859107494354248,0.09090909361839294,0.1682360897391828,0.7838983050847458,1,1.2515323557766385,209,2ac9980eb5e6,0.1064356341958046,-0.7870702743530273,0.10000000149011612,0.09116076173031373,0.6414901872218104,0,0.4702482282521203,86,19ea31d71f7c,0.21254563331604004,0.29283541440963745,0.1111111119389534,0.0,0.6954769851563192,0,0.7647520756481558
170,57e3b12b8497,develop procedures to evaluate organizational activities,48,23ca56c5d573,0.6459232568740845,3.4159324169158936,0.5,0.11157175065711056,1.0,1,1.718842850266263,22,bab0b2935945,0.4946895241737366,1.3621585369110107,0.09090909361839294,0.1682360897391828,0.27008741909901235,1,0.8118781335186774,39,202cbfb3aef7,0.5089532136917114,1.5558613538742065,0.1428571492433548,0.2554127452163465,0.3794085173057554,1,0.9181353883975814,37,78a6d412d86e,0.6206849813461304,3.073193311691284,0.2222222238779068,0.09116076173031373,0.5817829998761417,1,1.4068949960951567,180,893bb3cbc01a,0.4177704453468323,0.31758737564086914,0.1111111119389534,0.0,0.3155476777592422,1,0.6191183545378233,174,003763627ff4,0.4401129186153412,0.6210010647773743,0.2222222238779068,0.09116076173031373,0.518242162994734,1,0.812989187817663,38,a3c08ed1a115,0.4431825280189514,0.6626867651939392,0.2222222238779068,0.09116076173031373,0.4901549124000219,1,0.8026680112260564,167,00c6f12023ab,0.49004945158958435,1.2991456985473633,0.2857142984867096,0.11157175065711056,0.6887052809344597,1,1.0755051985369581,171,02b5b4014078,0.5178458094596863,1.6766239404678345,0.2857142984867096,0.11157175065711056,0.6225894381310805,1,1.1127321754076118,175,825fff3275ff,0.38927438855171204,-0.06939279288053513,0.25,0.0,0.5701932972982668,1,0.7025433328668872
171,02b5b4014078,develop organizational goals or objectives,48,23ca56c5d573,0.6177056431770325,3.6273434162139893,0.3333333432674408,0.0,1.0,1,1.7633333492279053,179,6a5f3442d709,0.3046879172325134,-0.17618483304977417,0.125,0.11157175065711056,0.45792079207920794,1,0.5837297243890478,21,c9b70de179fe,0.24992437660694122,-0.8416253328323364,0.1428571492433548,0.0,0.5,1,0.4788451085984707,175,825fff3275ff,0.48087236285209656,1.964660406112671,0.2857142984867096,0.11157175065711056,0.9158415841584159,1,1.35106044408192,33,2be03b534579,0.3483176529407501,0.35396701097488403,0.125,0.11157175065711056,0.45792079207920794,1,0.6995103163537695,199,0d99df7b9f80,0.37162452936172485,0.6371725797653198,0.1111111119389534,0.2027325123874243,0.42237442922374424,1,0.7283694885563717,93,4b8b2b6692c3,0.44837984442710876,1.5698386430740356,0.1428571492433548,0.0,0.5,1,1.0036530274152755,172,2c5271f1a3e4,0.39395421743392944,0.9085041880607605,0.0,0.2027325123874243,0.0,1,0.501473564800343,38,a3c08ed1a115,0.44152992963790894,1.4866042137145996,0.1111111119389534,0.2027325123874243,0.42237442922374424,1,0.9143807433438168,51,6385c0e2eb2e,0.2743425965309143,-0.5449156165122986,0.125,0.11157175065711056,0.45792079207920794,1,0.5032021039989902
172,2c5271f1a3e4,analyze data to assess operational or project effectiveness,36,e5bfe7745119,0.6978529691696167,3.6868326663970947,0.3333333432674408,0.0,0.9268026340854962,1,1.7120951930877526,89,b03b706832f2,0.5605881810188293,2.0942063331604004,0.20000000298023224,0.0,1.0,1,1.4625139299035073,158,16ac0e74dbe1,0.4522140622138977,0.8367862105369568,0.25,0.2027325123874243,0.8157588680670981,1,1.0505154939519998,220,7cd42be784e2,0.44458073377609253,0.748219907283783,0.10000000149011612,0.09116076173031373,0.257694981546092,1,0.665048492445526,118,eb485b5cf6a6,0.3348415493965149,-0.5250384211540222,0.2857142984867096,0.3465735069466602,0.7855206497720207,1,0.7366921600543092,143,fd635c6ca5be,0.40828052163124084,0.3270435631275177,0.20000000298023224,0.0,0.6025911833867558,1,0.8209523925401359,174,003763627ff4,0.5470623970031738,1.9372721910476685,0.09090909361839294,0.0,0.23769126151739992,1,0.9106746614010891,145,7809c19536e4,0.4993579387664795,1.383777141571045,0.0833333358168602,0.07707532800886907,0.33861475800588525,1,0.8581464971583582,81,e9ce432833f3,0.45659399032592773,0.8876047134399414,0.10000000149011612,0.09116076173031373,0.257694981546092,1,0.6942772318859671,35,e19513a85bed,0.4018116593360901,0.251988023519516,0.125,0.3465735069466602,0.30984753733518205,1,0.5704515510240868
173,49c0d2367c5d,"manage operations, research, or logistics projects",33,2be03b534579,0.5708609223365784,3.2946548461914062,0.25,0.0,1.0,1,1.7800000298023224,92,3f67b920ee49,0.42310696840286255,1.2806644439697266,0.10000000149011612,0.09116076173031373,0.5128838586809531,1,0.9728348745092915,192,8562bf3caec4,0.47582924365997314,1.9993062019348145,0.1111111119389534,0.0,0.5560473517382611,1,1.18441685875884,59,da6e8742f6bf,0.5606433153152466,3.155381679534912,0.2857142984867096,0.11157175065711056,0.9829890968210143,1,1.7173248664188683,73,a40c650a049f,0.4766451120376587,2.0104269981384277,0.20000000298023224,0.1682360897391828,0.8559322033898304,1,1.3677791925480378,109,d052bd1e246e,0.37528157234191895,0.6287705898284912,0.125,0.11157175065711056,0.6071435948709663,1,0.8772499133878611,168,ab35d13698b5,0.38345181941986084,0.7401368021965027,0.10000000149011612,0.09116076173031373,0.5128838586809531,1,0.8421125156864689,89,b03b706832f2,0.3347987234592438,0.07696085423231125,0.10000000149011612,0.09116076173031373,0.4525074710723137,1,0.6394651306944114,80,4e4d6d43dbf9,0.4741879403591156,1.9769340753555298,0.125,0.11157175065711056,0.6071435948709663,1,1.2017099504404924,178,78b65ab85b19,0.37158510088920593,0.5783851146697998,0.1111111119389534,0.0,0.5560473517382611,1,0.8415196969174473
174,003763627ff4,evaluate environmental impact of operational or development activities,215,79b70e0eb0dc,0.775057852268219,3.7170283794403076,0.3333333432674408,0.0,0.8973902048422785,1,1.6915064926175003,164,0c9fad019eee,0.3777332603931427,0.1472686380147934,0.2857142984867096,0.3465735069466602,0.5755347719671471,1,0.70478598405542,92,3f67b920ee49,0.5633051991462708,1.8145382404327393,0.3333333432674408,0.0,1.0,1,1.3746953669190407,146,284cc33eb902,0.26888519525527954,-0.8306759595870972,0.25,0.2027325123874243,0.7023699381792042,0,0.5266413942136025,172,2c5271f1a3e4,0.5470623970031738,1.6686049699783325,0.09090909361839294,0.0,0.21084621943379692,1,0.8203292087529269,13,f7e80a0049c6,0.38147640228271484,0.18089887499809265,0.125,0.3465735069466602,0.2748531074761996,1,0.509776052867617,96,1cbedefabffc,0.43771857023239136,0.6862061619758606,0.09090909361839294,0.0,0.30406400135756256,1,0.6750036466133644,71,1cb040da80f9,0.5775723457336426,1.9427213668823242,0.1818181872367859,0.07707532800886907,0.5563747328480981,1,1.1017686761216416,105,8bb47fa10a52,0.7254179120063782,3.27103853225708,0.25,0.2027325123874243,0.833976104568406,1,1.5508597574575702,128,54e485ae84d0,0.36364370584487915,0.020681148394942284,0.1111111119389534,0.2027325123874243,0.35994603403949305,1,0.5502540822590649
175,825fff3275ff,develop sustainable organizational policies or practices,94,832ecabbf00a,0.7727329730987549,4.00897741317749,0.4285714328289032,0.0,1.0,1,1.7442857313156128,115,830e9df61ddd,0.49213844537734985,1.4201545715332031,0.2857142984867096,0.11157175065711056,0.6314759749430577,1,1.0046698078676426,171,02b5b4014078,0.48087236285209656,1.3162113428115845,0.2857142984867096,0.11157175065711056,0.5052099744862176,1,0.8962458447271338,96,1cbedefabffc,0.5253839492797852,1.726884365081787,0.10000000149011612,0.09116076173031373,0.21338777461175856,1,0.7938643158356637,178,78b65ab85b19,0.3367246091365814,-0.01372557133436203,0.1111111119389534,0.0,0.2313461516830452,1,0.46696369455985126,176,62eda05f366c,0.4584028124809265,1.1089025735855103,0.0,0.11157175065711056,0.0,1,0.5276011269672365,92,3f67b920ee49,0.39862260222435,0.5573580861091614,0.0,0.09116076173031373,0.0,1,0.4171981528981089,128,54e485ae84d0,0.41768699884414673,0.7332501411437988,0.0,0.11157175065711056,0.0,1,0.45101638549403855,170,57e3b12b8497,0.38927438855171204,0.471109539270401,0.25,0.0,0.4626923033660904,1,0.716961410229045,71,1cb040da80f9,0.3996986150741577,0.5672855973243713,0.0,0.1682360897391828,0.0,1,0.4115145703163764
176,62eda05f366c,identify opportunities for green initiatives,148,253c9a1feb09,0.5510451197624207,2.771775722503662,0.125,0.11157175065711056,0.4281843884896617,1,1.3641138121745604,81,e9ce432833f3,0.32907623052597046,0.6716622114181519,0.2857142984867096,0.11157175065711056,1.0,1,1.201861747740075,212,0cf60304ef43,0.2948002219200134,0.34736672043800354,0.0,0.14384099455923594,0.0,1,0.4367919645585112,26,a86fc9314475,0.2764626145362854,0.17386917769908905,0.0,0.0,0.0,1,0.40475704699754717,72,91e3b64a6f04,0.5629662275314331,2.8845648765563965,0.10000000149011612,0.27980784039629336,0.36649680709708327,1,1.338566997021583,166,505ab84c8d87,0.3800666332244873,1.154097557067871,0.0,0.2027325123874243,0.0,1,0.6467425563898891,69,636981831618,0.2718532383441925,0.1302585005760193,0.125,0.11157175065711056,0.4805198872670078,1,0.7108413004967402,94,832ecabbf00a,0.37109148502349854,1.069180965423584,0.0,0.11157175065711056,0.0,1,0.633139331279561,215,79b70e0eb0dc,0.37126582860946655,1.0708304643630981,0.0,0.2027325123874243,0.0,1,0.6244645902481883,34,614f5f558eca,0.2623727321624756,0.04056062176823616,0.0,0.3465734652800195,0.0,1,0.3344331527538813
177,ff18586218d4,estimate cost or material requirements,106,48548f20bc23,0.5325772166252136,2.0239388942718506,0.4000000059604645,0.14384099455923594,1.0,1,1.4907338447250418,89,b03b706832f2,0.46215057373046875,1.4296363592147827,0.1111111119389534,0.2027325123874243,0.48735957474026054,1,1.0171016447845218,159,3319e1abdfb1,0.36299532651901245,0.5929046869277954,0.125,0.11157175065711056,0.4158415841584159,1,0.7609427377234874,162,957f012e4031,0.3449578881263733,0.4406938850879669,0.0,0.14384099455923594,0.0,1,0.43661341884508653,13,f7e80a0049c6,0.6209205389022827,2.76943302154541,0.1666666716337204,0.14384099455923594,0.5,1,1.3643340609349304,98,207462e43a8e,0.6022361516952515,2.6117630004882812,0.2222222238779068,0.27980784039629336,0.7118644067796611,1,1.4491974361536355,101,ae138f31c069,0.5058359503746033,1.798279881477356,0.0,0.11157175065711056,0.0,1,0.7947679724677057,130,cbb58925807f,0.43538182973861694,1.2037456035614014,0.0,0.14384099455923594,0.0,1,0.6361058435715727,63,50171927f859,0.36235275864601135,0.5874822735786438,0.10000000149011612,0.27980784039629336,0.35593220338983056,1,0.7027480612788658,34,614f5f558eca,0.3386338949203491,0.38732823729515076,0.0,0.3465734652800195,0.0,1,0.4023882667012728
178,78b65ab85b19,manage inventories of products or organizational resources,139,80c1c070d6f0,0.6504039764404297,4.4120283126831055,0.25,0.0,0.8765470118561296,1,1.693582938101613,109,d052bd1e246e,0.42384347319602966,1.2152055501937866,0.2857142984867096,0.11157175065711056,1.0,1,1.1881882149858922,180,893bb3cbc01a,0.43397951126098633,1.3582274913787842,0.25,0.0,0.7554900492354665,1,1.0570480882711315,192,8562bf3caec4,0.41201937198638916,1.0483646392822266,0.25,0.0,0.9158415841584158,1,1.1133047072854962,167,00c6f12023ab,0.3434752821922302,0.08119107782840729,0.125,0.11157175065711056,0.35957771480828266,0,0.46343945753933313,153,8594b6595861,0.45305004715919495,1.6273173093795776,0.1111111119389534,0.0,0.30815157942353266,1,0.8063340831465026,175,825fff3275ff,0.3367246091365814,-0.014062539674341679,0.1111111119389534,0.0,0.3293162239580807,1,0.5163280628713587,33,2be03b534579,0.3690599799156189,0.4421972930431366,0.1111111119389534,0.0,0.3293162239580807,1,0.6010602377447107,42,853f8faf3522,0.47177696228027344,1.8915585279464722,0.1111111119389534,0.0,0.4685031143464819,1,0.967652534976276,49,824d3015533f,0.46622538566589355,1.8132244348526,0.1111111119389534,0.0,0.30815157942353266,1,0.8408589709467192
179,6a5f3442d709,monitor performance of organizational members or partners,37,78a6d412d86e,0.5770341157913208,3.324014186859131,0.2222222238779068,0.09116076173031373,0.811592308612746,1,1.6445541248826319,38,a3c08ed1a115,0.4728040099143982,2.1230809688568115,0.2222222238779068,0.09116076173031373,1.0,1,1.5056426734311938,39,202cbfb3aef7,0.534296989440918,2.831599473953247,0.1428571492433548,0.2554127452163465,0.6495823508544509,1,1.4178083501748011,152,fbe465293a7d,0.30819326639175415,0.22644513845443726,0.1111111119389534,0.0,0.48218234489593415,1,0.73140319369399,55,4805101e52c6,0.44451361894607544,1.7971205711364746,0.1111111119389534,0.0,0.48218234489593415,1,1.0933995128389542,28,ce1178bafa1d,0.44255173206329346,1.7745158672332764,0.09090909361839294,0.1682360897391828,0.4127153969024521,1,1.0253758406994196,199,0d99df7b9f80,0.374176949262619,0.9867054224014282,0.10000000149011612,0.09116076173031373,0.3668396434575921,1,0.8178232509451094,100,6002eddcd7d0,0.28042352199554443,-0.09351629763841629,0.125,0.11157175065711056,0.5898909996948528,0,0.6412509801571541,51,6385c0e2eb2e,0.2648809850215912,-0.272596538066864,0.1111111119389534,0.0,0.3977122867188747,1,0.5572591267881122,197,3a46124701c0,0.37056100368499756,0.9450426697731018,0.125,0.11157175065711056,0.5264909928052903,0,0.8355825820456095
180,893bb3cbc01a,"evaluate potential of products, technologies, or resources",195,6b483cafcca2,0.5525237917900085,2.645674228668213,0.2857142984867096,0.11157175065711056,1.0,1,1.5713947277648896,178,78b65ab85b19,0.43397951126098633,1.1730705499649048,0.25,0.0,0.8522846308698755,1,1.1608904896324228,45,aa03c0034762,0.48329266905784607,1.7856580018997192,0.2857142984867096,0.11157175065711056,0.828551424240046,1,1.2634928773093685,101,ae138f31c069,0.45214810967445374,1.3987680673599243,0.1111111119389534,0.0,0.504652183047788,1,0.9820427436175939,22,bab0b2935945,0.34251636266708374,0.03687945008277893,0.20000000298023224,0.1682360897391828,0.6495000571373242,0,0.6744509140413221,20,1bd49058235f,0.3758388161659241,0.4508240520954132,0.1111111119389534,0.0,0.3476324478220875,1,0.6577474986615135,19,9d76ae41867e,0.4569680392742157,1.4586430788040161,0.125,0.11157175065711056,0.44897437310457744,1,0.9439322781086452,89,b03b706832f2,0.5338189005851746,2.4133145809173584,0.10000000149011612,0.09116076173031373,0.320647280639551,1,1.0752497155633125,71,1cb040da80f9,0.5081193447113037,2.094064712524414,0.09090909361839294,0.1682360897391828,0.3519502501031645,1,1.0183475220447422,187,02b0fa193387,0.31999748945236206,-0.24285882711410522,0.1111111119389534,0.0,0.3476324478220875,1,0.5008682468386843
181,49ccfbfcfc0a,analyze chemical compounds or substances,188,be19a52818cf,0.48694363236427307,3.0718941688537598,0.125,0.11157175065711056,1.0,1,1.7400150682909936,206,c32f9f13a109,0.45054924488067627,2.5770905017852783,0.125,0.11157175065711056,0.9250015072549859,1,1.5707312527449415,63,50171927f859,0.2413909137248993,-0.2665422856807709,0.10000000149011612,0.27980784039629336,0.5341937343873262,0,0.5300730860043612,158,16ac0e74dbe1,0.31801843643188477,0.7752548456192017,0.1428571492433548,0.0,0.681457953056265,1,0.9846379680240137,96,1cbedefabffc,0.2245352566242218,-0.4957050383090973,0.1111111119389534,0.2027325123874243,0.5756608279242419,0,0.512176088432791,207,7663c229a426,0.5037182569503784,3.299955129623413,0.1666666716337204,0.14384099455923594,0.7504150078298155,1,1.6075731015005257,85,e9ceea91a9c3,0.22253385186195374,-0.5229153633117676,0.1666666716337204,0.14384099455923594,0.7504150078298155,0,0.6326232592561389,216,f20501abeeb8,0.316281259059906,0.7516368627548218,0.0,0.0,0.0,1,0.513868370950222,82,68d8248a643f,0.23519951105117798,-0.35071811079978943,0.10000000149011612,0.27980784039629336,0.5341937343873262,1,0.590108733754262,202,8747ed85441f,0.32214194536209106,0.8313164114952087,0.0,0.11157175065711056,0.0,1,0.5219761099799127
182,8729852fc4b8,develop new or advanced products or production methods,49,824d3015533f,0.654794454574585,3.3020243644714355,0.375,0.09116076173031373,1.0,1,1.7458839476688266,195,6b483cafcca2,0.5714600086212158,2.3066039085388184,0.25,0.2027325123874243,0.8497635933548328,1,1.4312814526677422,187,02b0fa193387,0.5224831700325012,1.721581220626831,0.2222222238779068,0.09116076173031373,0.6140486643006562,1,1.149799591530032,58,224946bca8ba,0.4700005054473877,1.0946818590164185,0.1111111119389534,0.2027325123874243,0.3853194901126112,1,0.8483522987476437,93,4b8b2b6692c3,0.46736735105514526,1.0632290840148926,0.1111111119389534,0.2027325123874243,0.3178181390343344,1,0.7938502616914088,9,3cdbc3929112,0.5806663632392883,2.4165728092193604,0.25,0.2027325123874243,0.6909004381714385,1,1.3447440302332139,188,be19a52818cf,0.4460117816925049,0.8081393241882324,0.10000000149011612,0.09116076173031373,0.2723643804374668,1,0.7153610888055854,204,62b52b411f3a,0.32453346252441406,-0.6429051756858826,0.25,0.2027325123874243,0.6909004381714385,1,0.6584814729501699,139,80c1c070d6f0,0.4157465696334839,0.44662484526634216,0.10000000149011612,0.09116076173031373,0.2723643804374668,1,0.6318381208113723,203,79676bc4eb6a,0.394008070230484,0.18696099519729614,0.09090909361839294,0.0,0.2512219399468872,1,0.5667104560315351
183,ff9c96c6d776,collaborate on research activities with scientists or technical specialists,160,56c85bc2a8f3,0.5498590469360352,2.726038932800293,0.25,0.2027325123874243,1.0,1,1.6513591566649288,163,3ac212a9f7c3,0.4076195955276489,1.2412234544754028,0.10000000149011612,0.09116076173031373,0.5798745839621062,1,1.031683151698248,206,c32f9f13a109,0.29608622193336487,0.07694388180971146,0.10000000149011612,0.09116076173031373,0.33596700019630965,1,0.5759231516890806,186,4c7ceb754866,0.5130698680877686,2.3420023918151855,0.10000000149011612,0.09116076173031373,0.29025830694119903,1,1.0984309952804658,173,49c0d2367c5d,0.38333261013031006,0.9876953959465027,0.10000000149011612,0.09116076173031373,0.33596700019630965,1,0.7988821895592493,126,ebdb003908ef,0.3788537383079529,0.9409411549568176,0.10000000149011612,0.09116076173031373,0.33596700019630965,1,0.7874364064805788,18,1c10b347eeee,0.3662450909614563,0.809321403503418,0.125,0.3465735069466602,0.3490010595364417,1,0.7366170798813139,192,8562bf3caec4,0.5798552632331848,3.0391647815704346,0.10000000149011612,0.09116076173031373,0.29025830694119903,1,1.2691017877409074,189,a49d5a99c1d7,0.3385448157787323,0.5201625227928162,0.1111111119389534,0.2027325123874243,0.3169306919033633,1,0.659127620608203,184,389dd43f303d,0.5935366749763489,3.18198299407959,0.1111111119389534,0.2027325123874243,0.3169306919033633,1,1.3093560390180274
184,389dd43f303d,supervise scientific or technical personnel,12,9251af4a3821,0.5963279008865356,2.861117362976074,0.5,0.11157175065711056,1.0,1,1.718842850266263,186,4c7ceb754866,0.5736044049263,2.641774892807007,0.2857142984867096,0.11157175065711056,0.6528130274623498,1,1.4604252465079781,78,98d9410b9c2c,0.42740726470947266,1.2305814027786255,0.3333333432674408,0.0,0.8225736899647217,1,1.2103179803918969,129,06f6e71fddcf,0.42582666873931885,1.2153244018554688,0.3333333432674408,0.0,0.7128012516075388,1,1.1294648527683626,119,b729f6985724,0.297764390707016,-0.02081911824643612,0.125,0.11157175065711056,0.3251464068087587,0,0.45140537026708377,192,8562bf3caec4,0.5791600346565247,2.695401430130005,0.2857142984867096,0.11157175065711056,0.6528130274623498,1,1.4746651537726876,114,98e7b9000779,0.29286807775497437,-0.06808163225650787,0.20000000298023224,0.3465734652800195,0.4349640673865513,1,0.5685723993993264,103,6680fc36f234,0.45905518531799316,1.5360684394836426,0.2857142984867096,0.11157175065711056,0.5717992155044344,1,1.110107903598348,189,a49d5a99c1d7,0.4404720067977905,1.3566911220550537,0.1428571492433548,0.0,0.2693182019271702,1,0.878972308786191,160,56c85bc2a8f3,0.4615846872329712,1.5604848861694336,0.0,0.0,0.0,1,0.7647546845674514
185,7b03e0901b8c,"establish standards for products, processes, or procedures",149,c9b79bbec6f3,0.6501388549804688,3.1463334560394287,0.2857142984867096,0.11157175065711056,1.0,1,1.7205175396187753,182,8729852fc4b8,0.511597752571106,1.52227783203125,0.10000000149011612,0.09116076173031373,0.30324500731862813,1,0.9019621859828796,167,00c6f12023ab,0.3657212257385254,-0.18776772916316986,0.125,0.11157175065711056,0.4651114931439198,1,0.624127232024872,87,bd28ef3a0af3,0.5111609101295471,1.517156958580017,0.125,0.11157175065711056,0.6621436629912983,1,1.1469899653731646,150,3ffc9e8eaffb,0.3997122049331665,0.2106933891773224,0.125,0.11157175065711056,0.3589765221771869,1,0.639797861130212,49,824d3015533f,0.6662023067474365,3.3346381187438965,0.25,0.0,0.7176388231771983,1,1.5823472060263613,139,80c1c070d6f0,0.421808123588562,0.4697139859199524,0.1111111119389534,0.0,0.3287656267464335,1,0.6893142466730001,134,469df54e4928,0.5410414338111877,1.867432951927185,0.07692307978868484,0.29389328800662196,0.39425042341105754,1,1.0268262219892388,22,bab0b2935945,0.3665255308151245,-0.17833921313285828,0.20000000298023224,0.1682360897391828,0.6142501791601442,0,0.6415939618355596,56,269bfa3db5c6,0.4444025158882141,0.734578013420105,0.1111111119389534,0.0,0.38887319643076473,1,0.7913529878372286
186,4c7ceb754866,prepare scientific or technical reports or presentations,16,6e6ec1a475b8,0.5781612992286682,3.012214183807373,0.4285714328289032,0.0,1.0,1,1.7442857313156128,184,389dd43f303d,0.5736044049263,2.959923267364502,0.2857142984867096,0.11157175065711056,0.7541476963604695,1,1.5772327692742443,1,06d678da6c8d,0.33548402786254883,0.22746138274669647,0.1428571492433548,0.2554127452163465,0.3719206915078162,1,0.658474978437569,209,2ac9980eb5e6,0.41795915365219116,1.173874020576477,0.10000000149011612,0.09116076173031373,0.39636253203085947,1,0.9271655169668587,214,fc824bfe7bf0,0.348574161529541,0.37767234444618225,0.1111111119389534,0.0,0.3093201790758076,1,0.6791179508125456,129,06f6e71fddcf,0.38327738642692566,0.7758963108062744,0.2857142984867096,0.11157175065711056,0.7541476963604695,1,1.0605499581928348,44,2d4009710863,0.38219398260116577,0.763464093208313,0.25,0.0,0.7390399539013435,1,1.0615061201133142,121,66497e9d2189,0.4517103433609009,1.5611733198165894,0.25,0.0,0.7390399539013435,1,1.2515806607880007,192,8562bf3caec4,0.5238964557647705,2.3895182609558105,0.25,0.0,0.6906798209241923,1,1.4151027625644532,3,33b4e36b0d81,0.3899726867675781,0.8527257442474365,0.20000000298023224,0.1682360897391828,0.4881212096832278,0,0.8151627201837776
187,02b0fa193387,research methods to improve food products,182,8729852fc4b8,0.5224831700325012,3.5005459785461426,0.2222222238779068,0.09116076173031373,0.819774825659293,1,1.650281886815215,204,62b52b411f3a,0.4190526008605957,2.0057575702667236,0.2857142984867096,0.11157175065711056,1.0,1,1.454271474121377,150,3ffc9e8eaffb,0.42299318313598633,2.0627074241638184,0.125,0.11157175065711056,0.43044184401868096,1,1.0898627787083717,20,1bd49058235f,0.3559750020503998,1.0941542387008667,0.1111111119389534,0.0,0.3942165403141385,1,0.8714070849618974,203,79676bc4eb6a,0.37608230113983154,1.384746789932251,0.10000000149011612,0.09116076173031373,0.3636152563628126,1,0.90398572914592,148,253c9a1feb09,0.3026367425918579,0.3233047127723694,0.1111111119389534,0.0,0.4212923481389641,1,0.7262457832224499,2,771b010da2fa,0.33972641825675964,0.8593282103538513,0.07692307978868484,0.29389328800662196,0.4727381006116003,0,0.7700848484271559,188,be19a52818cf,0.3910728096961975,1.601391077041626,0.1111111119389534,0.0,0.3942165403141385,1,0.9793981619677606,89,b03b706832f2,0.3275318145751953,0.6830906271934509,0.10000000149011612,0.09116076173031373,0.3636152563628126,1,0.754279670941746,185,7b03e0901b8c,0.3668205738067627,1.2508955001831055,0.1111111119389534,0.0,0.3942165403141385,1,0.9047773562870088
188,be19a52818cf,prepare compounds or solutions for products or testing,214,fc824bfe7bf0,0.48580148816108704,2.471978187561035,0.25,0.0,1.0,1,1.776009886264801,182,8729852fc4b8,0.4460117816925049,1.97038996219635,0.10000000149011612,0.09116076173031373,0.34196761615682675,1,1.192974796525259,181,49ccfbfcfc0a,0.48694363236427307,2.4863760471343994,0.125,0.11157175065711056,0.746695525142036,1,1.6165297133953398,190,c2a2570c95d4,0.448053240776062,1.9961246252059937,0.1111111119389534,0.0,0.3707470690017083,1,1.2276620024803875,17,e1dbddbff402,0.3200981616973877,0.383125364780426,0.125,0.11157175065711056,0.44302513334106286,1,0.8065089981446875,7,bfcc3cdee21d,0.2836724817752838,-0.07605605572462082,0.125,0.11157175065711056,0.648866758550829,1,0.8201626466734244,186,4c7ceb754866,0.33434683084487915,0.5627437829971313,0.1111111119389534,0.0,0.4057408399410724,1,0.8438866796016072,185,7b03e0901b8c,0.44904324412345886,2.0086045265197754,0.1111111119389534,0.0,0.3707470690017083,1,1.2312167042855022,1,06d678da6c8d,0.28666943311691284,-0.0382765457034111,0.1428571492433548,0.2554127452163465,0.4878550575481942,1,0.7027293860590563,139,80c1c070d6f0,0.34445565938949585,0.690175473690033,0.1111111119389534,0.0,0.3707470690017083,0,0.7756875640515086
189,a49d5a99c1d7,maintain laboratory or technical equipment,219,573d5b3bbb3d,0.7621150016784668,3.626131534576416,0.3333333432674408,0.0,1.0,1,1.7633333492279053,139,80c1c070d6f0,0.5727136135101318,1.9592617750167847,0.2857142984867096,0.11157175065711056,0.7692505709578638,1,1.2415059527713739,201,42bb588edac5,0.7038466334342957,3.113327741622925,0.4000000059604645,0.14384099455923594,0.9249322341279075,1,1.5752659455294025,192,8562bf3caec4,0.36633116006851196,0.14294636249542236,0.125,0.11157175065711056,0.32968107786808937,1,0.5508594007567632,129,06f6e71fddcf,0.46772581338882446,1.0352929830551147,0.3333333432674408,0.0,0.6947557570667873,1,0.9975250825278229,136,ded8762bb927,0.5257382392883301,1.5458444356918335,0.4000000059604645,0.14384099455923594,0.9249322341279075,1,1.2457468599433315,84,c6940290ea74,0.3350571095943451,-0.13228799402713776,0.2857142984867096,0.11157175065711056,0.6362862131552258,0,0.6183807159436844,43,61355ce7e829,0.30624377727508545,-0.3858662545681,0.1666666716337204,0.14384099455923594,0.5562760595564696,1,0.5876901525245855,74,318da22b73fb,0.44705456495285034,0.8533709645271301,0.1428571492433548,0.0,0.33477966123244096,1,0.7219751335521007,193,adb21e5e1a03,0.46059706807136536,0.9725548028945923,0.125,0.11157175065711056,0.3066051352871365,1,0.7189967394451982
190,c2a2570c95d4,test quality of materials or finished products,45,aa03c0034762,0.8328249454498291,3.9673399925231934,0.5,0.11157175065711056,0.987754052668767,1,1.7102706871344,201,42bb588edac5,0.39126110076904297,0.46388351917266846,0.1428571492433548,0.2554127452163465,0.39556263822900495,1,0.6386930116476863,203,79676bc4eb6a,0.5453981757164001,1.686838150024414,0.375,0.09116076173031373,0.9052883817920178,1,1.2358932201566222,124,3b11edaeeba4,0.3676456809043884,0.2765140235424042,0.1111111119389534,0.0,0.32898278823006355,1,0.5811110542054547,202,8747ed85441f,0.5781767964363098,1.9469102621078491,0.25,0.0,0.6637085774567187,1,1.1414235633928103,150,3ffc9e8eaffb,0.648878276348114,2.5078701972961426,0.5,0.11157175065711056,1.0,1,1.4421704422815294,165,72ea80489538,0.639043390750885,2.429838180541992,0.2857142984867096,0.11157175065711056,0.7061813307495544,1,1.251413160489777,152,fbe465293a7d,0.3023644983768463,-0.2414400279521942,0.1111111119389534,0.0,0.3416035134702418,1,0.48371791808571873,130,cbb58925807f,0.40593409538269043,0.5803020000457764,0.1428571492433548,0.2554127452163465,0.38207751765592096,1,0.652982315728383,139,80c1c070d6f0,0.44542545080184937,0.8936343789100647,0.25,0.0,0.563022722884817,1,0.8607645013524713
191,a9be4c9c15a1,monitor operational procedures in technical environments to ensure conformance to standards,149,c9b79bbec6f3,0.693058967590332,3.0558979511260986,0.20000000298023224,0.3465735277799843,0.8180918493887839,1,1.6280069769608905,0,d52ebdd6c51c,0.5193711519241333,1.1226720809936523,0.1818181872367859,0.23500177712287373,0.5530759111643725,1,1.002372043769575,84,c6940290ea74,0.5137272477149963,1.0598527193069458,0.0833333358168602,0.23500177712287373,0.23866101331290634,1,0.7780690495534671,37,78a6d412d86e,0.6142948269844055,2.1792166233062744,0.27272728085517883,0.14384101539256,1.0,1,1.5584744543737155,197,3a46124701c0,0.5635449886322021,1.6143473386764526,0.20000000298023224,0.3465735277799843,0.6038991030010987,1,1.140070304079908,143,fd635c6ca5be,0.44679272174835205,0.3148404061794281,0.07692307978868484,0.14384101539256,0.20122523375401016,1,0.5827269807129523,22,bab0b2935945,0.49714499711990356,0.8752846121788025,0.0714285746216774,0.06676568738369093,0.1867301957293569,1,0.715441094241686,134,469df54e4928,0.5571061372756958,1.5426799058914185,0.0625,0.05889151088374822,0.3099777195327778,1,0.9641290637365509,30,c6a87cc5d35e,0.6056637763977051,2.083148956298828,0.10000000149011612,0.4904145223392202,0.2623114654293347,1,1.0119787617484894,167,00c6f12023ab,0.486453115940094,0.7562789916992188,0.20000000298023224,0.3465735277799843,0.6038991030010987,1,0.9388782231053291
192,8562bf3caec4,manage scientific or technical project resources,184,389dd43f303d,0.5791600346565247,3.3445963859558105,0.2857142984867096,0.11157175065711056,0.8222115088037348,1,1.6354184598084132,130,cbb58925807f,0.36891457438468933,0.934314489364624,0.1428571492433548,0.2554127452163465,0.6321717833740138,1,0.9473199973449089,178,78b65ab85b19,0.41201937198638916,1.4284735918045044,0.25,0.0,0.9158415841584158,1,1.2762334412601914,209,2ac9980eb5e6,0.39659154415130615,1.2516069412231445,0.10000000149011612,0.09116076173031373,0.43213529268488277,1,0.9030583815926819,173,49c0d2367c5d,0.47582924365997314,2.1599984169006348,0.1111111119389534,0.0,0.4685031143464819,1,1.152345826759609,109,d052bd1e246e,0.35124605894088745,0.7317602634429932,0.2857142984867096,0.11157175065711056,1.0,1,1.1600902874155492,129,06f6e71fddcf,0.385494589805603,1.1243900060653687,0.2857142984867096,0.11157175065711056,0.8222115088037348,1,1.1257670373078028,16,6e6ec1a475b8,0.32491087913513184,0.4298502802848816,0.1111111119389534,0.0,0.2845123763896118,1,0.6124256332429213,98,207462e43a8e,0.40717795491218567,1.3729709386825562,0.09090909361839294,0.1682360897391828,0.24352330521483723,1,0.793209999691326,186,4c7ceb754866,0.5238964557647705,2.711047410964966,0.25,0.0,0.7530154907360936,1,1.4587898407934792
193,adb21e5e1a03,inspect condition or functioning of facilities or equipment,216,f20501abeeb8,0.6014276146888733,2.413159132003784,0.2857142984867096,0.11157175065711056,1.0,1,1.6343882989271135,137,a4f4cc8a14a2,0.3951430320739746,0.09167688339948654,0.1428571492433548,0.2554127452163465,0.281004158581116,1,0.5530633122458926,197,3a46124701c0,0.6473338603973389,2.9297780990600586,0.125,0.11157175065711056,0.4763501328458383,1,1.4272879387880013,134,469df54e4928,0.6022371053695679,2.422268867492676,0.1666666716337204,0.29389328800662196,0.6359760982179913,1,1.3843946917095535,76,298036041aa4,0.6000763773918152,2.3979525566101074,0.1111111119389534,0.0,0.233706428918948,1,1.1357036558981708,151,506120811a05,0.5515835285186768,1.8522244691848755,0.1428571492433548,0.2554127452163465,0.4975522139427236,1,1.1509881154091322,50,a787a095d9b0,0.49680936336517334,1.2358077764511108,0.0,0.0,0.0,1,0.6885248664021492,189,a49d5a99c1d7,0.46059706807136536,0.8282824754714966,0.125,0.11157175065711056,0.2551821548196081,1,0.737827806800637,37,78a6d412d86e,0.45778340101242065,0.7966180443763733,0.10000000149011612,0.09116076173031373,0.46306496829964566,1,0.8796837909585246,56,269bfa3db5c6,0.5572741031646729,1.9162650108337402,0.1111111119389534,0.0,0.233706428918948,1,1.0128251789208225
194,094e12b11051,review details of technical drawings or specifications,154,17f9d29c543d,0.6866101622581482,3.6053900718688965,0.3333333432674408,0.1682360897391828,1.0,1,1.746509740253987,61,dc17b84d2d6b,0.5056803226470947,1.6618964672088623,0.25,0.0,0.7826641966662988,1,1.234066258553021,102,f2c8cd5b27ab,0.5323918461799622,1.9488235712051392,0.1111111119389534,0.0,0.3856526350168695,1,1.0327504170568602,153,8594b6595861,0.5587859153747559,2.2323408126831055,0.1111111119389534,0.0,0.5078481786271198,1,1.1773304368033195,68,7a9450b42a26,0.5506237745285034,2.144665479660034,0.2857142984867096,0.11157175065711056,0.8995444142841694,1,1.3975171358585388,198,edb3d68bc36f,0.33836400508880615,-0.13536463677883148,0.1111111119389534,0.0,0.274816018039179,1,0.521127066250577,84,c6940290ea74,0.5005065202713013,1.606321096420288,0.25,0.0,0.6604686530560485,1,1.137268443851785,146,284cc33eb902,0.39072683453559875,0.4271010160446167,0.0,0.11157175065711056,0.0,1,0.4426447715743036,134,469df54e4928,0.44059881567955017,0.9628106951713562,0.07692307978868484,0.29389328800662196,0.2885253047163246,1,0.7332085364282362,196,0f2541e582f8,0.31506574153900146,-0.38562753796577454,0.10000000149011612,0.09116076173031373,0.46842617389350766,1,0.5958453712223802
195,6b483cafcca2,evaluate new technologies or methods,69,636981831618,0.6633918285369873,3.8813185691833496,0.2857142984867096,0.11157175065711056,1.0,1,1.7616999980195016,170,57e3b12b8497,0.47276461124420166,1.5134860277175903,0.125,0.11157175065711056,0.3872344498048183,1,0.8790756105711679,204,62b52b411f3a,0.3581216335296631,0.08947429060935974,0.1428571492433548,0.0,0.44844244908934605,1,0.6400394245897932,180,893bb3cbc01a,0.5525237917900085,2.5041966438293457,0.2857142984867096,0.11157175065711056,0.8624867542598509,1,1.3917438265873348,182,8729852fc4b8,0.5714600086212158,2.739408493041992,0.25,0.2027325123874243,0.8628351031123853,1,1.4351290132435848,148,253c9a1feb09,0.36723679304122925,0.20269617438316345,0.125,0.11157175065711056,0.47525230445503264,1,0.6717405596620227,145,7809c19536e4,0.42384815216064453,0.9058812856674194,0.10000000149011612,0.27980784039629336,0.3314464358498868,1,0.7005541718003971,73,a40c650a049f,0.3762889504432678,0.31513547897338867,0.10000000149011612,0.27980784039629336,0.40678375211829065,1,0.631489948750919,174,003763627ff4,0.33404237031936646,-0.20962080359458923,0.1111111119389534,0.2027325123874243,0.3571751546144899,1,0.4958744342986248,19,9d76ae41867e,0.36760401725769043,0.20725756883621216,0.1428571492433548,0.0,0.4228181560030989,0,0.5661849497193087
196,0f2541e582f8,review documents or materials for compliance with policies or regulations,96,1cbedefabffc,0.5880164504051208,2.2635104656219482,0.20000000298023224,0.0,0.9254675606820872,1,1.5046179113739455,61,dc17b84d2d6b,0.4433386027812958,1.0491371154785156,0.2222222238779068,0.09116076173031373,1.0,1,1.253540395258224,139,80c1c070d6f0,0.2901776432991028,-0.23644042015075684,0.10000000149011612,0.09116076173031373,0.40156069648236997,0,0.4511225782554872,115,830e9df61ddd,0.4439551532268524,1.0543122291564941,0.1111111119389534,0.2027325123874243,0.5424228456312236,1,0.934011942809113,17,e1dbddbff402,0.3881879448890686,0.5862225294113159,0.0,0.2027325123874243,0.0,1,0.44799816995533415,121,66497e9d2189,0.5793939828872681,2.191136598587036,0.10000000149011612,0.09116076173031373,0.43168219061629887,1,1.1474868595420464,27,88a991273442,0.7035648226737976,3.233381748199463,0.1111111119389534,0.2027325123874243,0.4713502838080669,1,1.41744975335132,1,06d678da6c8d,0.28982484340667725,-0.2394016981124878,0.125,0.3465735069466602,0.5665657866506153,1,0.619492582783159,185,7b03e0901b8c,0.5091885924339294,1.6018580198287964,0.0,0.09116076173031373,0.0,1,0.7130407631976962,67,3574e4789085,0.5041214227676392,1.5593260526657104,0.10000000149011612,0.09116076173031373,0.43168219061629887,1,0.9925571843802078
197,3a46124701c0,monitor facilities or operational systems,193,adb21e5e1a03,0.6473338603973389,3.6505227088928223,0.125,0.11157175065711056,0.8269187579660903,1,1.6726859763721778,11,810124c49b5c,0.41502809524536133,0.5206162929534912,0.3333333432674408,0.11157175065711056,1.0,1,1.1423346001787633,191,a9be4c9c15a1,0.5635449886322021,2.5216169357299805,0.20000000298023224,0.3465735277799843,0.8813239288112855,1,1.4463445904970293,200,9ff41f315fd5,0.46103376150131226,1.140460729598999,0.1666666716337204,0.14384099455923594,0.6788561714643573,1,1.0518342716441083,155,f6d7dbe3f71e,0.3988931179046631,0.3032262325286865,0.1666666716337204,0.14384099455923594,0.9942713637449418,1,1.1039655134962145,179,6a5f3442d709,0.37056100368499756,-0.07849854230880737,0.125,0.11157175065711056,0.668429657402313,1,0.804381348288296,164,0c9fad019eee,0.428932785987854,0.7079572677612305,0.1666666716337204,0.14384099455923594,0.523524780916595,1,0.8559752683648921,55,4805101e52c6,0.442912220954895,0.89630526304245,0.125,0.11157175065711056,0.668429657402313,1,1.00236346954727,28,ce1178bafa1d,0.4452595114707947,0.9279308319091797,0.10000000149011612,0.27980784039629336,0.5721304694714713,1,0.9268562211913336,152,fbe465293a7d,0.38529667258262634,0.12003835290670395,0.125,0.11157175065711056,0.668429657402313,1,0.8447040916445239
198,edb3d68bc36f,advise customers on technical or procedural issues,20,1bd49058235f,0.5534757375717163,3.465646266937256,0.25,0.0,1.0,1,1.7800000298023224,3,33b4e36b0d81,0.40090638399124146,1.3445240259170532,0.09090909361839294,0.1682360897391828,0.2587191127123808,0,0.7211649974857453,116,1cf7420e0aac,0.4046475291252136,1.3965359926223755,0.10000000149011612,0.09116076173031373,0.43836057305897985,1,0.9452655488275646,80,4e4d6d43dbf9,0.44001853466033936,1.8882875442504883,0.125,0.11157175065711056,0.518924137837387,1,1.1062427438885498,18,1c10b347eeee,0.38948628306388855,1.1857540607452393,0.1428571492433548,0.2554127452163465,0.36343875357215394,1,0.8249520811707256,199,0d99df7b9f80,0.41630709171295166,1.5586351156234741,0.10000000149011612,0.09116076173031373,0.4840138561647643,1,1.0134539103079454,202,8747ed85441f,0.3467913269996643,0.5921798944473267,0.0,0.0,0.0,1,0.47527518302202226,16,6e6ec1a475b8,0.3552510440349579,0.7097926139831543,0.1111111119389534,0.0,0.3022658940600092,1,0.704726802757652,111,059770361813,0.23802043497562408,-0.9200265407562256,0.1111111119389534,0.0,0.47525230445503264,1,0.46231929053741044,103,6680fc36f234,0.46880286931991577,2.2884669303894043,0.1111111119389534,0.0,0.3022658940600092,1,1.0568179587039068
199,0d99df7b9f80,communicate organizational information to customers or other stakeholders,115,830e9df61ddd,0.5738126039505005,2.93206524848938,0.25,0.2027325123874243,1.0,1,1.75972677856358,113,322cdff981bb,0.5219390392303467,2.366445541381836,0.20000000298023224,0.0,0.8823919192175049,1,1.5714791660163785,91,b1f99c3dcd62,0.3148329555988312,0.10819900780916214,0.10000000149011612,0.09116076173031373,0.42762942736543125,1,0.7068030970143618,4,9fc64a999e12,0.538283109664917,2.5446584224700928,0.1818181872367859,0.07707532800886907,0.8480190322294512,1,1.5859228086739519,20,1bd49058235f,0.4110450744628906,1.1572781801223755,0.10000000149011612,0.09116076173031373,0.529023197924834,1,1.0353879733913889,169,2d10ff099811,0.4393916130065918,1.4663636684417725,0.10000000149011612,0.09116076173031373,0.42762942736543125,1,1.0403105715262237,117,f2f5eb941075,0.43902188539505005,1.4623322486877441,0.07692307978868484,0.14384101539256,0.341427447936036,1,0.9767094124052591,179,6a5f3442d709,0.374176949262619,0.7552749514579773,0.10000000149011612,0.09116076173031373,0.3527161025825081,1,0.8132581111053244,33,2be03b534579,0.3361360728740692,0.34048426151275635,0.10000000149011612,0.09116076173031373,0.3527161025825081,1,0.7114031460145728,86,19ea31d71f7c,0.3526349663734436,0.5203851461410522,0.10000000149011612,0.09116076173031373,0.42762942736543125,1,0.808018485640222
200,9ff41f315fd5,operate computer systems,137,a4f4cc8a14a2,0.46068722009658813,2.2992308139801025,0.20000000298023224,0.0,1.0,1,1.7150105822086334,21,c9b70de179fe,0.40083765983581543,1.4083095788955688,0.1666666716337204,0.14384099455923594,0.9081081081081082,1,1.3936968596708323,86,19ea31d71f7c,0.30005747079849243,-0.09190531075000763,0.1428571492433548,0.2554127452163465,0.5334580685002828,1,0.7026521515819827,197,3a46124701c0,0.46103376150131226,2.304389238357544,0.1666666716337204,0.14384099455923594,0.5824785396597681,1,1.415973584599974,70,d5bb4574fc4d,0.4460159242153168,2.080833673477173,0.1428571492433548,0.2554127452163465,0.8316831683168318,1,1.520957664330383,74,318da22b73fb,0.4652160406112671,2.3666467666625977,0.1666666716337204,0.14384099455923594,0.5824785396597681,1,1.4333580988125822,132,22f88df4c22c,0.4788469076156616,2.5695559978485107,0.0,0.0,0.0,1,1.1300000268220902,42,853f8faf3522,0.4243258237838745,1.7579545974731445,0.0,0.2554127452163465,0.0,1,0.8704002231618904,84,c6940290ea74,0.4222595691680908,1.7271963357925415,0.1428571492433548,0.2554127452163465,0.5334580685002828,1,1.2129894149277012,19,9d76ae41867e,0.40655195713043213,1.4933726787567139,0.1666666716337204,0.14384099455923594,0.5824785396597681,1,1.1895087468104384
201,42bb588edac5,maintain test equipment,189,a49d5a99c1d7,0.7038466334342957,3.770378828048706,0.4000000059604645,0.14384099455923594,0.9081081081081084,1,1.6712916048299817,158,16ac0e74dbe1,0.31074559688568115,0.08427198976278305,0.1666666716337204,0.14384099455923594,0.5654338304822516,1,0.7122460561608177,43,61355ce7e829,0.3363000154495239,0.323895663022995,0.20000000298023224,0.0,0.6014235843785536,1,0.7996369464891703,66,196087c93944,0.4669835567474365,1.5493147373199463,0.2222222238779068,0.4904145223392202,0.6781268634925676,1,1.0547890721481998,136,ded8762bb927,0.5130063891410828,1.9808706045150757,0.5,0.0,1.0,1,1.3825847420096398,150,3ffc9e8eaffb,0.4075279235839844,0.9917994737625122,0.1666666716337204,0.14384099455923594,0.5654338304822516,1,0.9007975826774937,76,298036041aa4,0.40642884373664856,0.9814934134483337,0.1428571492433548,0.2554127452163465,0.33148929616041095,1,0.7257859374162594,124,3b11edaeeba4,0.31270965933799744,0.1026889979839325,0.1428571492433548,0.2554127452163465,0.5178478150456265,1,0.672797832139683,139,80c1c070d6f0,0.47427743673324585,1.6177093982696533,0.3333333432674408,0.2554127452163465,0.8316831683168319,1,1.1873870200709302,56,269bfa3db5c6,0.5531343221664429,2.357150077819824,0.1428571492433548,0.2554127452163465,0.33148929616041095,1,1.0129365364787022
202,8747ed85441f,inspect finished products to locate flaws,190,c2a2570c95d4,0.5781767964363098,2.8558123111724854,0.25,0.0,1.0,1,1.7800000298023224,151,506120811a05,0.43581849336624146,1.181176781654358,0.1428571492433548,0.2554127452163465,0.6755089567487967,1,1.1158477335901078,178,78b65ab85b19,0.3387084901332855,0.038820814341306686,0.1111111119389534,0.0,0.36952254466547685,1,0.6337204963925865,76,298036041aa4,0.5720953941345215,2.784273624420166,0.0,0.0,0.0,1,1.1109898406267167,187,02b0fa193387,0.3403152823448181,0.05772235617041588,0.1111111119389534,0.0,0.36952254466547685,1,0.6386369482639817,133,70f88532846f,0.44521719217300415,1.2917386293411255,0.10000000149011612,0.09116076173031373,0.34083814622112474,1,0.9317623252336129,203,79676bc4eb6a,0.46591290831565857,1.5351932048797607,0.2222222238779068,0.09116076173031373,0.9223744292237441,1,1.3860246195403951,216,f20501abeeb8,0.3309551775455475,-0.052385471761226654,0.125,0.11157175065711056,0.6134351607232317,1,0.7688452976576455,49,824d3015533f,0.4674597978591919,1.5533900260925293,0.1111111119389534,0.0,0.36952254466547685,1,1.0276726686421422,188,be19a52818cf,0.36630716919898987,0.36347857117652893,0.1111111119389534,0.0,0.36952254466547685,1,0.7181667068067578
203,79676bc4eb6a,collect samples of raw materials or finished products,190,c2a2570c95d4,0.5453981757164001,3.016815423965454,0.375,0.09116076173031373,1.0,1,1.7458839476688266,207,7663c229a426,0.3790859878063202,1.0623314380645752,0.125,0.3465735069466602,0.5126363377195984,1,0.9413275461535031,58,224946bca8ba,0.33236998319625854,0.5133297443389893,0.0,0.2027325123874243,0.0,1,0.469588000473103,101,ae138f31c069,0.40695321559906006,1.3898242712020874,0.10000000149011612,0.09116076173031373,0.32376485480712924,1,0.9194235165469701,187,02b0fa193387,0.37608230113983154,1.027032494544983,0.10000000149011612,0.09116076173031373,0.2498841316438978,1,0.776708472494249,133,70f88532846f,0.45348137617111206,1.9366185665130615,0.09090909361839294,0.0,0.2304867332971112,1,1.0017364339090598,130,cbb58925807f,0.41050177812576294,1.4315266609191895,0.125,0.3465735069466602,0.38928869447047676,1,0.9471393842011853,185,7b03e0901b8c,0.3621898591518402,0.8637698888778687,0.10000000149011612,0.09116076173031373,0.2498841316438978,0,0.6557575706878945,202,8747ed85441f,0.46591290831565857,2.0827126502990723,0.2222222238779068,0.09116076173031373,0.6762351451928708,1,1.3210649904225533,188,be19a52818cf,0.38340210914611816,1.1130540370941162,0.10000000149011612,0.09116076173031373,0.2498841316438978,1,0.7982851452866837
204,62b52b411f3a,develop biological research methods,6,75e527217c38,0.5156574249267578,2.2022130489349365,0.25,0.2027325123874243,0.9714170844255835,1,1.5942624980803803,48,23ca56c5d573,0.4589938521385193,1.6797937154769897,0.3333333432674408,0.0,1.0,1,1.4872622999548912,205,45b6fa08d56b,0.4715682566165924,1.7957255840301514,0.1666666716337204,0.14384099455923594,0.5065538947861354,1,1.181964748346226,214,fc824bfe7bf0,0.5188533067703247,2.2316782474517822,0.125,0.11157175065711056,0.6318776592333272,1,1.3948860780087171,187,02b0fa193387,0.4190526008605957,1.3115484714508057,0.2857142984867096,0.11157175065711056,0.9158415841584159,1,1.3293588399540361,208,c1c0caaa937b,0.38387250900268555,0.987199604511261,0.1428571492433548,0.0,0.4600056990490311,1,0.9534576542331941,209,2ac9980eb5e6,0.4644624888896942,1.730212688446045,0.1111111119389534,0.2027325123874243,0.38858928915100793,1,1.0843881262842652,195,6b483cafcca2,0.3581216335296631,0.7497850060462952,0.1428571492433548,0.0,0.5399943009509689,1,0.9466475023672811,206,c32f9f13a109,0.5765771269798279,2.7638728618621826,0.125,0.11157175065711056,0.4212923481389641,1,1.3887474894931895,7,bfcc3cdee21d,0.2536296844482422,-0.213596373796463,0.1428571492433548,0.0,0.4600056990490311,1,0.6358167759730584
205,45b6fa08d56b,research diseases or parasites,204,62b52b411f3a,0.4715682566165924,3.16188645362854,0.1666666716337204,0.14384099455923594,1.0,1,1.7822825960196547,160,56c85bc2a8f3,0.274833083152771,1.0349797010421753,0.1666666716337204,0.14384099455923594,1.0,1,1.2698667920507483,7,bfcc3cdee21d,0.20726042985916138,0.3044508993625641,0.1666666716337204,0.14384099455923594,1.0,0,1.0138672623910001,208,c1c0caaa937b,0.3219103515148163,1.5439326763153076,0.1666666716337204,0.14384099455923594,1.0,1,1.3924841038264326,59,da6e8742f6bf,0.1927921026945114,0.14803363382816315,0.1666666716337204,0.14384099455923594,1.0,0,0.976183130977302,126,ebdb003908ef,0.21243461966514587,0.3603891432285309,0.1428571492433548,0.2554127452163465,0.9158415841584159,0,0.9588764854300489,186,4c7ceb754866,0.32672378420829773,1.5959707498550415,0.0,0.2554127452163465,0.0,1,0.7148280620834373,206,c32f9f13a109,0.42807430028915405,2.6916725635528564,0.1428571492433548,0.2554127452163465,0.9158415841584159,1,1.6031615439582338,209,2ac9980eb5e6,0.32367777824401855,1.5630403757095337,0.125,0.3465735069466602,0.8447488584474885,0,1.19331450677852,157,018f6a0e7f9a,0.2837086319923401,1.130933403968811,0.09090909361839294,0.5493060332229684,0.6851851851851851,0,0.9599265783636454
206,c32f9f13a109,research microbiological or chemical processes or structures,6,75e527217c38,0.5962940454483032,3.1333792209625244,0.375,0.09116076173031373,1.0,1,1.7458839476688266,165,72ea80489538,0.17221997678279877,-0.5090975165367126,0.125,0.11157175065711056,0.5103375699522029,0,0.4395000298932197,205,45b6fa08d56b,0.42807430028915405,1.6884983777999878,0.1428571492433548,0.2554127452163465,0.35199791846693934,1,0.9540389777543783,217,e2bfb92834a7,0.2939741015434265,0.536678671836853,0.0,0.09116076173031373,0.0,1,0.4405685976727366,187,02b0fa193387,0.28184783458709717,0.4325231909751892,0.1111111119389534,0.0,0.2927507440715139,1,0.6200758036800597,181,49ccfbfcfc0a,0.45054924488067627,1.8815412521362305,0.125,0.11157175065711056,0.5103375699522029,1,1.1309162226185205,208,c1c0caaa937b,0.31133729219436646,0.6858154535293579,0.125,0.11157175065711056,0.3196521637970044,1,0.6916243849274848,155,f6d7dbe3f71e,0.19460269808769226,-0.3168468177318573,0.1428571492433548,0.2554127452163465,0.5619788716735566,0,0.5099369514845441,183,ff9c96c6d776,0.29608622193336487,0.5548202395439148,0.10000000149011612,0.09116076173031373,0.27002580046778907,1,0.6272074640981732,214,fc824bfe7bf0,0.3725970387458801,1.211990475654602,0.0,0.0,0.0,1,0.6266111227869987
207,7663c229a426,analyze biological samples,214,fc824bfe7bf0,0.7700012922286987,4.215385913848877,0.3333333432674408,0.2554127452163465,1.0,1,1.7377920747062707,85,e9ceea91a9c3,0.1291898638010025,-0.6064061522483826,0.20000000298023224,0.0,0.4182948189450581,0,0.34098009095030973,217,e2bfb92834a7,0.3227689862251282,0.8501818776130676,0.0,0.3465735069466602,0.0,1,0.3974840072636508,181,49ccfbfcfc0a,0.5037182569503784,2.2117366790771484,0.1666666716337204,0.14384099455923594,0.37985691666362037,1,0.9458666720649109,82,68d8248a643f,0.29575449228286743,0.646911084651947,0.1111111119389534,0.4236488349555293,0.29776919314732947,1,0.549501046769929,203,79676bc4eb6a,0.3790859878063202,1.2739397287368774,0.125,0.3465735069466602,0.4755877605303383,1,0.8077955353957098,208,c1c0caaa937b,0.20078833401203156,-0.06766276061534882,0.0,0.14384099455923594,0.0,1,0.22741932490244432,216,f20501abeeb8,0.3435477614402771,1.0065319538116455,0.0,0.14384099455923594,0.0,1,0.4501803151644759,6,75e527217c38,0.3969210386276245,1.4081398248672485,0.125,0.3465735069466602,0.44678666869340583,1,0.8148018827450652,205,45b6fa08d56b,0.24656900763511658,0.27681437134742737,0.0,0.0,0.0,1,0.313239334076643
208,c1c0caaa937b,research genetic characteristics or expression,204,62b52b411f3a,0.38387250900268555,3.273298740386963,0.1428571492433548,0.0,0.7029114938060679,1,1.593466645617899,165,72ea80489538,0.18568453192710876,0.1042962521314621,0.1428571492433548,0.0,1.0,0,0.9770310454070568,217,e2bfb92834a7,0.262877881526947,1.3386088609695435,0.1111111119389534,0.2027325123874243,0.8447488584474884,1,1.2215458696898345,157,018f6a0e7f9a,0.3143928050994873,2.1623263359069824,0.0833333358168602,0.4054650386637325,0.48162454205230576,1,1.1459154848830613,7,bfcc3cdee21d,0.2066378891468048,0.43933796882629395,0.1428571492433548,0.0,0.7029114938060679,0,0.8477702742711868,205,45b6fa08d56b,0.3219103515148163,2.2825310230255127,0.1666666716337204,0.14384099455923594,0.7740394425840629,1,1.3924642342918623,209,2ac9980eb5e6,0.33804160356521606,2.5404679775238037,0.1111111119389534,0.2027325123874243,0.5937836819822947,1,1.3299413489025793,59,da6e8742f6bf,0.1973116099834442,0.29021185636520386,0.1428571492433548,0.0,0.7029114938060679,0,0.8127406170861091,160,56c85bc2a8f3,0.21039196848869324,0.4993652403354645,0.1428571492433548,0.0,0.7029114938060679,0,0.861870658238348,206,c32f9f13a109,0.31133729219436646,2.113469123840332,0.125,0.11157175065711056,0.6437555760105077,1,1.2710755699232605
209,2ac9980eb5e6,design research studies to obtain scientific information,148,253c9a1feb09,0.4962860941886902,2.1633729934692383,0.2222222238779068,0.09116076173031373,1.0,1,1.7101910025461078,63,50171927f859,0.38661181926727295,0.5301483273506165,0.1818181872367859,0.07707532800886907,0.9525948403681893,1,1.2365978905863928,186,4c7ceb754866,0.41795915365219116,0.9969600439071655,0.10000000149011612,0.09116076173031373,0.7564580381623052,1,1.2364371095181863,204,62b52b411f3a,0.4644624888896942,1.6894687414169312,0.1111111119389534,0.2027325123874243,0.5805840865971202,1,1.2939914199022748,157,018f6a0e7f9a,0.41883179545402527,1.0099550485610962,0.1538461595773697,0.20273252627630822,0.7481481481481481,1,1.2164081080961648,141,dbc0d59bd942,0.5073566436767578,2.3282310962677,0.10000000149011612,0.09116076173031373,0.5317230496062735,1,1.4513225179772864,145,7809c19536e4,0.512584924697876,2.406088352203369,0.0,0.07707532800886907,0.0,1,1.1222924940212033,146,284cc33eb902,0.41201698780059814,0.9084717631340027,0.1111111119389534,0.2027325123874243,0.5113078052947717,1,1.0276161422900427,68,7a9450b42a26,0.4358367621898651,1.2631860971450806,0.1111111119389534,0.2027325123874243,0.5113078052947717,1,1.12657406832497,59,da6e8742f6bf,0.35324564576148987,0.0332728773355484,0.1111111119389534,0.2027325123874243,0.5805840865971202,0,0.7519473075179555
210,39fb30c0c188,instruct college students in physical or life sciences,108,3f3251058257,0.36446115374565125,3.1091244220733643,0.10000000149011612,0.09116076173031373,0.9158415841584159,1,1.7419730488311138,131,c3b47654a283,0.2268039584159851,0.8530741930007935,0.1111111119389534,0.2027325123874243,1.0,0,1.1738926014271587,111,059770361813,0.23929034173488617,1.0577123165130615,0.0,0.09116076173031373,0.0,1,0.6251830474121928,184,389dd43f303d,0.33714187145233154,2.661391496658325,0.0,0.2027325123874243,0.0,1,1.0015370437470288,218,2f93e8f923e8,0.2466866374015808,1.1789294481277466,0.0,0.09116076173031373,0.0,1,0.6544737682326197,114,98e7b9000779,0.26775062084198,1.5241450071334839,0.0,0.5493059776674438,0.0,1,0.6920767740165121,209,2ac9980eb5e6,0.2523106634616852,1.2711011171340942,0.0,0.0,0.0,0,0.6058620661497116,213,f1b4c19341de,0.2900722920894623,1.8899726867675781,0.0,0.0,0.0,1,0.8354055750370025,154,17f9d29c543d,0.2023647278547287,0.4525420665740967,0.0,0.07707532800886907,0.0,0,0.4003588963969013,119,b729f6985724,0.2103186398744583,0.582897961139679,0.0,0.09116076173031373,0.0,0,0.4304493961317896
211,c7ea79acedc2,set up laboratory or field equipment,219,573d5b3bbb3d,0.8467570543289185,4.858964443206787,0.5,0.11157175065711056,1.0,1,1.718842850266263,101,ae138f31c069,0.32841193675994873,0.4720723032951355,0.1111111119389534,0.0,0.17834631877438017,1,0.4454859505008365,214,fc824bfe7bf0,0.3684670627117157,0.8110694289207458,0.0,0.0,0.0,1,0.3879875968396664,127,3d77dabe7560,0.29752159118652344,0.2106391191482544,0.125,0.11157175065711056,0.1947348994185124,1,0.3983685715896256,74,318da22b73fb,0.48911523818969727,1.8321468830108643,0.125,0.11157175065711056,0.1947348994185124,1,0.6885272159082062,129,06f6e71fddcf,0.37914496660232544,0.901439368724823,0.125,0.11157175065711056,0.1947348994185124,1,0.5219829312366612,56,269bfa3db5c6,0.29807186126708984,0.2152961939573288,0.1111111119389534,0.0,0.17834631877438017,0,0.31941296079861176,73,a40c650a049f,0.3152553141117096,0.3607243001461029,0.09090909361839294,0.1682360897391828,0.15265235759502033,0,0.3115650173569717,184,389dd43f303d,0.3172176480293274,0.37733206152915955,0.0,0.11157175065711056,0.0,1,0.2973227802796812,197,3a46124701c0,0.36652272939682007,0.7946140170097351,0.0,0.11157175065711056,0.0,0,0.2938140318675489
212,0cf60304ef43,write grant proposals,77,9b108680399f,0.5183756351470947,4.899864196777344,0.0,0.0,0.0,1,1.1300000268220902,112,6379204aa590,0.2837070822715759,1.4318804740905762,0.0,0.14384099455923594,0.0,1,0.4905210442222647,176,62eda05f366c,0.2948002219200134,1.5958173274993896,0.0,0.14384099455923594,0.0,1,0.5200702405847601,104,985eed507e3a,0.33852431178092957,2.2419815063476562,0.0,0.3465735069466602,0.0,0,0.5362663800363444,34,614f5f558eca,0.30694663524627686,1.7753196954727173,0.0,0.20273247072078354,0.0,1,0.5465358948618396,160,56c85bc2a8f3,0.20649132132530212,0.29076898097991943,0.0,0.14384099455923594,0.0,0,0.2048386845864348,33,2be03b534579,0.22477617859840393,0.5609866380691528,0.0,0.2554127452163465,0.0,0,0.24238753068061106,21,c9b70de179fe,0.1890941858291626,0.03367029130458832,0.0,0.14384099455923594,0.0,0,0.15849732497110888,17,e1dbddbff402,0.3235980272293091,2.021397590637207,0.0,0.14384099455923594,0.0,1,0.5967799729980521,26,a86fc9314475,0.17308834195137024,-0.20286758244037628,0.0,0.14384099455923594,0.0,1,0.1958619959034018
213,f1b4c19341de,"cultivate micro-organisms for study, testing, or medical preparations",214,fc824bfe7bf0,0.5890582799911499,3.583326578140259,0.10000000149011612,0.09116076173031373,0.7958520441727408,1,1.6579803708411414,5,abdac161e57b,0.2534591853618622,0.38375142216682434,0.1111111119389534,0.2027325123874243,1.0,1,1.0679140621391148,210,39fb30c0c188,0.2900722920894623,0.7328178882598877,0.0,0.0,0.0,1,0.475053930580616,7,bfcc3cdee21d,0.20277749001979828,-0.09944384545087814,0.1111111119389534,0.2027325123874243,0.8689843941778035,0,0.7875316181582483,217,e2bfb92834a7,0.24546664953231812,0.30755123496055603,0.0,0.0,0.0,1,0.377342699021101,205,45b6fa08d56b,0.3967100977897644,1.7494943141937256,0.0,0.3465735069466602,0.0,1,0.6739928601031207,182,8729852fc4b8,0.21595557034015656,0.02619493007659912,0.0,0.0,0.0,0,0.23269697651267052,219,573d5b3bbb3d,0.3035717308521271,0.8615204691886902,0.0,0.2027325123874243,0.0,1,0.4843519592252583,188,be19a52818cf,0.36800721287727356,1.4758433103561401,0.10000000149011612,0.09116076173031373,0.7958520441727408,1,1.1829785588599402,6,75e527217c38,0.32479405403137207,1.0638524293899536,0.0,0.0,0.0,1,0.5511139574646949
214,fc824bfe7bf0,prepare biological samples for testing or analysis,207,7663c229a426,0.7700012922286987,4.275440692901611,0.3333333432674408,0.2554127452163465,1.0,1,1.7377920747062707,30,c6a87cc5d35e,0.22738821804523468,-0.19234557449817657,0.1428571492433548,0.2554127452163465,0.33072405989012355,0,0.3585273400161693,188,be19a52818cf,0.48580148816108704,1.9353866577148438,0.25,0.0,0.6779145870747728,1,1.1090083882113093,211,c7ea79acedc2,0.3684670627117157,0.9692743420600891,0.0,0.0,0.0,1,0.46905274122953416,108,3f3251058257,0.29332271218299866,0.3505481779575348,0.0,0.0,0.0,1,0.3453610184788704,7,bfcc3cdee21d,0.24061942100524902,-0.08340203016996384,0.125,0.11157175065711056,0.43987624068953146,1,0.5511121231343824,213,f1b4c19341de,0.5890582799911499,2.78558611869812,0.10000000149011612,0.09116076173031373,0.3715849521806544,1,1.068824506076083,1,06d678da6c8d,0.25355905294418335,0.023140769451856613,0.1428571492433548,0.2554127452163465,0.33072405989012355,1,0.48043375643233754,203,79676bc4eb6a,0.37215471267700195,0.9996378421783447,0.10000000149011612,0.09116076173031373,0.39553833549057843,1,0.7353574180326896,6,75e527217c38,0.34211474657058716,0.7522937655448914,0.10000000149011612,0.09116076173031373,0.3715849521806544,1,0.6700844789762351
215,79b70e0eb0dc,monitor environmental impacts of production or development activities,174,003763627ff4,0.775057852268219,3.813913583755493,0.3333333432674408,0.0,0.9642572900396641,1,1.73831345225567,58,224946bca8ba,0.34789806604385376,0.1300259232521057,0.25,0.2027325123874243,0.70512525963915,1,0.7810976671612752,14,ccf9fc39d00f,0.32516902685165405,-0.06599259376525879,0.20000000298023224,0.0,0.7374963174803779,1,0.784808204236687,152,fbe465293a7d,0.7064285278320312,3.2220442295074463,0.375,0.09116076173031373,1.0,1,1.6249179453237415,28,ce1178bafa1d,0.38283929228782654,0.4313640892505646,0.0833333358168602,0.07707532800886907,0.322752853833721,1,0.5988675581062896,72,91e3b64a6f04,0.36889389157295227,0.3110969364643097,0.0833333358168602,0.07707532800886907,0.30318570748625956,1,0.5591198054968888,128,54e485ae84d0,0.3845135569572449,0.4458031952381134,0.1111111119389534,0.2027325123874243,0.38676663225274194,1,0.6326058922155572,96,1cbedefabffc,0.4053790271282196,0.6257500052452087,0.09090909361839294,0.0,0.32672067108108327,1,0.6509554315671087,166,505ab84c8d87,0.4006509780883789,0.5849746465682983,0.09090909361839294,0.0,0.32672067108108327,1,0.642136130885756,55,4805101e52c6,0.4408530592918396,0.9316831827163696,0.10000000149011612,0.09116076173031373,0.3770775916077136,1,0.742539700459616
216,f20501abeeb8,inspect condition of natural environments,193,adb21e5e1a03,0.6014276146888733,3.7774007320404053,0.2857142984867096,0.11157175065711056,1.0,1,1.7616999980195016,128,54e485ae84d0,0.3358459174633026,0.7054898738861084,0.0,0.0,0.0,1,0.46512568920850755,207,7663c229a426,0.3435477614402771,0.794575035572052,0.0,0.14384099455923594,0.0,1,0.47002288022413774,152,fbe465293a7d,0.5267846584320068,2.9140260219573975,0.0,0.11157175065711056,0.0,1,0.9319768514616937,202,8747ed85441f,0.3309551775455475,0.6489200592041016,0.125,0.11157175065711056,0.4518311996885274,1,0.7491284310443544,165,72ea80489538,0.32486021518707275,0.5784212946891785,0.0,0.0,0.0,1,0.43762335360050203,218,2f93e8f923e8,0.45315492153167725,2.062371015548706,0.0,0.11157175065711056,0.0,1,0.7476474460347147,71,1cb040da80f9,0.38562989234924316,1.281327486038208,0.0,0.27980784039629336,0.0,1,0.5617773084233871,72,91e3b64a6f04,0.32054227590560913,0.5284768342971802,0.0,0.27980784039629336,0.0,1,0.398832760591375,191,a9be4c9c15a1,0.2681836485862732,-0.07714108377695084,0.09090909361839294,0.3465735277799843,0.43766837020915994,0,0.4837104144580513
217,e2bfb92834a7,classify organisms based on their characteristics or behavior,218,2f93e8f923e8,0.7398016452789307,6.169910430908203,0.375,0.09116076173031373,1.0,1,1.7458839476688266,184,389dd43f303d,0.1811339259147644,0.208351269364357,0.0,0.2027325123874243,0.0,0,0.12822664551111165,131,c3b47654a283,0.19065555930137634,0.3099569082260132,0.0,0.2027325123874243,0.0,0,0.14359133153828088,208,c1c0caaa937b,0.262877881526947,1.0806434154510498,0.1111111119389534,0.2027325123874243,0.3186673335261848,1,0.5572662306215966,36,e5bfe7745119,0.19444315135478973,0.35037440061569214,0.0,0.0,0.0,0,0.16997647657990456,19,9d76ae41867e,0.1753956526517868,0.1471179872751236,0.1111111119389534,0.2027325123874243,0.3186673335261848,0,0.3390872767206634,214,fc824bfe7bf0,0.17839659750461578,0.17914116382598877,0.0,0.09116076173031373,0.0,0,0.13496670661703344,181,49ccfbfcfc0a,0.2573931813240051,1.0221160650253296,0.0,0.2027325123874243,0.0,1,0.33128319322737165,96,1cbedefabffc,0.18904966115951538,0.2928203046321869,0.0,0.0,0.0,0,0.1612732019275427,205,45b6fa08d56b,0.17998376488685608,0.1960778683423996,0.0,0.3465735069466602,0.0,1,0.19198658035146227
218,2f93e8f923e8,examine characteristics or behavior of living organisms,217,e2bfb92834a7,0.7398016452789307,5.107149124145508,0.375,0.09116076173031373,1.0,1,1.7458839476688266,151,506120811a05,0.23525011539459229,0.10725012421607971,0.0,0.2554127452163465,0.0,0,0.14938643696518175,165,72ea80489538,0.2986730933189392,0.7357457876205444,0.125,0.11157175065711056,0.3454858714962103,1,0.5888247576475659,210,39fb30c0c188,0.2466866374015808,0.22058135271072388,0.0,0.09116076173031373,0.0,1,0.2656466268582701,205,45b6fa08d56b,0.28239333629608154,0.5744200944900513,0.0,0.2554127452163465,0.0,1,0.31114958527298203,207,7663c229a426,0.4380139112472534,2.116556167602539,0.0,0.2554127452163465,0.0,1,0.5810512259861969,208,c1c0caaa937b,0.26998090744018555,0.4514180123806,0.125,0.11157175065711056,0.3454858714962103,1,0.5402470913649121,216,f20501abeeb8,0.45315492153167725,2.266597270965576,0.0,0.11157175065711056,0.0,1,0.6216951724274606,179,6a5f3442d709,0.24383190274238586,0.19229210913181305,0.0,0.0,0.0,0,0.1898115761578083,213,f1b4c19341de,0.37280601263046265,1.4703725576400757,0.0,0.09116076173031373,0.0,1,0.4843826160414576
219,573d5b3bbb3d,operate laboratory or field equipment,211,c7ea79acedc2,0.8467570543289185,4.634845733642578,0.5,0.11157175065711056,1.0,1,1.718842850266263,200,9ff41f315fd5,0.27900755405426025,-0.31091323494911194,0.1666666716337204,0.14384099455923594,0.46525637417260324,0,0.4166152722163139,125,12a1310a48ad,0.31645333766937256,0.015283153392374516,0.125,0.11157175065711056,0.1947348994185124,1,0.37194077547911475,193,adb21e5e1a03,0.42578667402267456,0.9677038192749023,0.125,0.11157175065711056,0.1947348994185124,1,0.548880261073745,137,a4f4cc8a14a2,0.49689817428588867,1.5871678590774536,0.4000000059604645,0.14384099455923594,0.6994019079972432,1,0.9893845999753357,184,389dd43f303d,0.3929363489151001,0.6815392374992371,0.0,0.0,0.0,1,0.37764654859900476,129,06f6e71fddcf,0.40442848205566406,0.781649112701416,0.1428571492433548,0.0,0.2126294577434568,1,0.5369214128474827,201,42bb588edac5,0.4500201344490051,1.1788054704666138,0.1666666716337204,0.14384099455923594,0.2341455338246399,1,0.609345638689422,70,d5bb4574fc4d,0.39484500885009766,0.6981658935546875,0.125,0.11157175065711056,0.1947348994185124,1,0.49880586628142665,74,318da22b73fb,0.4166412055492401,0.8880361318588257,0.1428571492433548,0.0,0.2126294577434568,1,0.5566170226554509
220,7cd42be784e2,interpret design or operational test results,124,3b11edaeeba4,0.695845365524292,4.609914779663086,0.6666666865348816,0.0,1.0,1,1.6966666865348816,54,00ee16f445cd,0.3752763271331787,0.7325878143310547,0.1111111119389534,0.0,0.1697779033753869,1,0.5387670387249706,144,7a053b14e6ec,0.40996235609054565,1.1521201133728027,0.125,0.11157175065711056,0.20672659898572063,1,0.6267810214676215,158,16ac0e74dbe1,0.3757706880569458,0.7385671734809875,0.125,0.11157175065711056,0.2946355476714843,1,0.6151494436661424,66,196087c93944,0.36921069025993347,0.6592230796813965,0.0833333358168602,0.23500177712287373,0.21544496568863478,1,0.5359856817312324,30,c6a87cc5d35e,0.4067595303058624,1.1133815050125122,0.1428571492433548,0.2554127452163465,0.20413771715373902,1,0.6023149402463357,172,2c5271f1a3e4,0.44458067417144775,1.5708335638046265,0.10000000149011612,0.09116076173031373,0.15659879672067648,1,0.6701906658720145,62,c6d9ce80244c,0.3341352045536041,0.23498021066188812,0.20000000298023224,0.1682360897391828,0.30737100548384094,0,0.4456280174340453,145,7809c19536e4,0.47867387533187866,1.9831955432891846,0.0,0.1682360897391828,0.0,1,0.6371090908852239,150,3ffc9e8eaffb,0.2896089553833008,-0.303570955991745,0.125,0.11157175065711056,0.2946355476714843,1,0.43076910793284795
