q_idx,q_label,q_text,idx_1,label_1,sim_1,z_1,jacc_1,lenpen_1,bm25_1,mnn_1,score_1,idx_2,label_2,sim_2,z_2,jacc_2,lenpen_2,bm25_2,mnn_2,score_2,idx_3,label_3,sim_3,z_3,jacc_3,lenpen_3,bm25_3,mnn_3,score_3,idx_4,label_4,sim_4,z_4,jacc_4,lenpen_4,bm25_4,mnn_4,score_4,idx_5,label_5,sim_5,z_5,jacc_5,lenpen_5,bm25_5,mnn_5,score_5,idx_6,label_6,sim_6,z_6,jacc_6,lenpen_6,bm25_6,mnn_6,score_6,idx_7,label_7,sim_7,z_7,jacc_7,lenpen_7,bm25_7,mnn_7,score_7,idx_8,label_8,sim_8,z_8,jacc_8,lenpen_8,bm25_8,mnn_8,score_8,idx_9,label_9,sim_9,z_9,jacc_9,lenpen_9,bm25_9,mnn_9,score_9,idx_10,label_10,sim_10,z_10,jacc_10,lenpen_10,bm25_10,mnn_10,score_10
0,d52ebdd6c51c,train personnel on proper operational procedures,191,a9be4c9c15a1,0.5728573799133301,2.0434482097625732,0.1818181872367859,0.23500177712287373,0.5898036247287963,1,1.3010837553205572,62,c6d9ce80244c,0.5526326298713684,1.800783634185791,0.20000000298023224,0.1682360897391828,0.6090768487392924,1,1.237957621555448,167,00c6f12023ab,0.5344829559326172,1.5830166339874268,0.2857142984867096,0.11157175065711056,0.8065963084128944,1,1.232677301336833,30,c6a87cc5d35e,0.5817628502845764,2.150299549102783,0.1428571492433548,0.2554127452163465,0.35035564487217496,1,1.2557411281136739,3,33b4e36b0d81,0.5437130928039551,1.6937634944915771,0.20000000298023224,0.1682360897391828,0.6090768487392924,1,1.2042810866643194,37,78a6d412d86e,0.4847945272922516,0.9868353605270386,0.2222222238779068,0.09116076173031373,1.0,1,1.1272343520199597,57,c1933354ef21,0.5187259316444397,1.3939577341079712,0.1428571492433548,0.2554127452163465,0.35035564487217496,1,1.0152888683346974,164,0c9fad019eee,0.5121104121208191,1.314582109451294,0.1428571492433548,0.2554127452163465,0.35035564487217496,1,0.9900541839865911,100,6002eddcd7d0,0.5155004262924194,1.3552567958831787,0.125,0.11157175065711056,0.31816080182986706,1,1.0160597216618439,35,e19513a85bed,0.5238044261932373,1.4548914432525635,0.1428571492433548,0.2554127452163465,0.35035564487217496,1,1.0346606759099233
1,06d678da6c8d,prepare procedural documents,77,9b108680399f,0.6226688623428345,3.5808420181274414,0.5,0.0,1.0,1,1.4499999895691873,95,7c80e08ee743,0.5646490454673767,2.9869420528411865,0.5,0.0,1.0,1,1.3139735996723176,167,00c6f12023ab,0.5064438581466675,2.3911445140838623,0.0,0.14384099455923594,0.0,1,0.8799852183278639,61,dc17b84d2d6b,0.4246096909046173,1.5534768104553223,0.1428571492433548,0.2554127452163465,0.4835877978296777,1,0.8064380144689292,17,e1dbddbff402,0.41841939091682434,1.4901119470596313,0.1666666716337204,0.14384099455923594,0.38008251264002774,1,0.7688563960211455,186,4c7ceb754866,0.40243110060691833,1.3264533281326294,0.1428571492433548,0.2554127452163465,0.3480953704871541,1,0.703481175446207,124,3b11edaeeba4,0.460082471370697,1.9165818691253662,0.0,0.2554127452163465,0.0,1,0.7442042428644216,153,8594b6595861,0.3420739769935608,0.7086281776428223,0.1428571492433548,0.2554127452163465,0.3480953704871541,0,0.5023486812350102,68,7a9450b42a26,0.43022724986076355,1.6109790802001953,0.0,0.14384099455923594,0.0,1,0.6842788135822852,188,be19a52818cf,0.31631648540496826,0.44497036933898926,0.1428571492433548,0.2554127452163465,0.3480953704871541,0,0.43785270422070693
2,771b010da2fa,"recommend technical design or process changes to improve efficiency, quality, or performance",29,ef7349785e11,0.6716803312301636,3.744015693664551,0.1818181872367859,0.4054650386637325,0.5410330217665478,1,1.2921781613911425,51,6385c0e2eb2e,0.537076473236084,1.699987530708313,0.27272728085517883,0.29389328800662196,1.0,1,1.0043032898857833,145,7809c19536e4,0.5914332866668701,2.525423526763916,0.06666667014360428,0.12565719826743915,0.15907974871851754,1,0.9469398983313772,81,e9ce432833f3,0.49409449100494385,1.0472842454910278,0.1666666716337204,0.29389328800662196,0.6661069603241577,1,0.7544730974606301,9,3cdbc3929112,0.5429513454437256,1.7892004251480103,0.0833333358168602,0.4054650386637325,0.20293416593281158,1,0.7512017257425576,102,f2c8cd5b27ab,0.5361248254776001,1.68553626537323,0.07692307978868484,0.29389328800662196,0.2803772187470784,1,0.7723403993287116,194,094e12b11051,0.500445544719696,1.143728256225586,0.07692307978868484,0.29389328800662196,0.18585554800777296,1,0.6165178811388061,157,018f6a0e7f9a,0.44015952944755554,0.22825443744659424,0.125,0.0,0.36036418183651636,1,0.5114248395602154,3,33b4e36b0d81,0.486016184091568,0.9246110916137695,0.06666667014360428,0.12565719826743915,0.15907974871851754,1,0.5836400516822073,104,985eed507e3a,0.49907422065734863,1.1229040622711182,0.0,0.20273252627630822,0.0,1,0.5677584077397291
3,33b4e36b0d81,confer with technical personnel to prepare designs or operational plans,62,c6d9ce80244c,0.7870267629623413,4.712904930114746,0.27272728085517883,0.0,0.99530758268517,1,1.4938121977687737,145,7809c19536e4,0.5356360673904419,0.955379068851471,0.27272728085517883,0.0,1.0,1,0.7970751762390137,15,c5e6a1a8c44d,0.5462628602981567,1.1142172813415527,0.2222222238779068,0.27980784039629336,0.8812522236029512,1,0.746997799308904,103,6680fc36f234,0.6206529140472412,2.2261223793029785,0.20000000298023224,0.1682360897391828,0.6606693773587912,1,0.8976646551194449,84,c6940290ea74,0.5910151600837708,1.783128023147583,0.09090909361839294,0.1682360897391828,0.28498807470557874,1,0.6937201075484409,46,f64f2eefbcb7,0.5581908822059631,1.292504906654358,0.09090909361839294,0.1682360897391828,0.46928644105215295,1,0.6640096195404939,0,d52ebdd6c51c,0.5437130928039551,1.076106071472168,0.20000000298023224,0.1682360897391828,0.6361888998128188,1,0.6725146665367043,186,4c7ceb754866,0.492944598197937,0.31727153062820435,0.20000000298023224,0.1682360897391828,0.6227890661610791,1,0.5249139127084912,12,9251af4a3821,0.5426957011222839,1.0608991384506226,0.20000000298023224,0.1682360897391828,0.6606693773587912,1,0.6782189608814975,163,3ac212a9f7c3,0.5408400297164917,1.0331624746322632,0.09090909361839294,0.1682360897391828,0.41404231592543655,1,0.5948723418185117
4,9fc64a999e12,"communicate technical information to suppliers, contractors, or regulatory agencies",142,c71cb5036aef,0.6114763021469116,3.327739715576172,0.1666666716337204,0.0,1.0,1,1.4752935260534288,199,0d99df7b9f80,0.6216088533401489,3.493492603302002,0.1818181872367859,0.07707532800886907,0.8768824657917131,1,1.4589839233981798,84,c6940290ea74,0.5203271508216858,1.83668053150177,0.09090909361839294,0.1682360897391828,0.29240259438360094,1,0.8397601075318142,115,830e9df61ddd,0.5352112650871277,2.0801615715026855,0.10000000149011612,0.27980784039629336,0.5900009613842612,1,0.9875392727702661,103,6680fc36f234,0.5230295658111572,1.8808878660202026,0.09090909361839294,0.1682360897391828,0.29240259438360094,1,0.8509443230774685,3,33b4e36b0d81,0.5142696499824524,1.7375892400741577,0.07692307978868484,0.0,0.25027679688765847,1,0.8268813004142244,16,6e6ec1a475b8,0.48592203855514526,1.2738661766052246,0.09090909361839294,0.1682360897391828,0.29240259438360094,1,0.6973714656975551,154,17f9d29c543d,0.4463309347629547,0.6262168884277344,0.1666666716337204,0.0,0.6014932466855267,1,0.661496559844287,169,2d10ff099811,0.4428010880947113,0.5684740543365479,0.09090909361839294,0.1682360897391828,0.41033208986285585,1,0.560186764818057,27,88a991273442,0.40679931640625,-0.020459260791540146,0.10000000149011612,0.27980784039629336,0.5542711270971936,1,0.44444300226165373
5,abdac161e57b,design medical devices or appliances,162,957f012e4031,0.5424482226371765,2.920837163925171,0.1666666716337204,0.14384099455923594,1.0,1,1.4197307786162934,127,3d77dabe7560,0.5341053009033203,2.7976481914520264,0.1428571492433548,0.0,0.46335877870863124,1,1.2260972953177582,70,d5bb4574fc4d,0.5622875690460205,3.213778495788574,0.125,0.11157175065711056,0.4243632379262217,1,1.3067913557744497,75,f634ee56b726,0.5295902490615845,2.730980396270752,0.1666666716337204,0.14384099455923594,0.5102462741731951,1,1.1994759153689953,60,90e3d91fbf4d,0.46942222118377686,1.8425588607788086,0.1111111119389534,0.2027325123874243,0.3914217993657387,1,0.9281066315586393,157,018f6a0e7f9a,0.40266454219818115,0.8568364977836609,0.0833333358168602,0.4054650386637325,0.31748657059665475,1,0.6182561898281155,213,f1b4c19341de,0.30950456857681274,-0.518733561038971,0.1111111119389534,0.2027325123874243,0.7671232876712328,1,0.44611069178460055,155,f6d7dbe3f71e,0.39841049909591675,0.7940226793289185,0.1666666716337204,0.14384099455923594,0.5102462741731951,0,0.6511897202696414,131,c3b47654a283,0.40424904227256775,0.8802327513694763,0.0,0.0,0.0,1,0.5817710116505623,219,573d5b3bbb3d,0.4034854471683502,0.8689577579498291,0.0,0.0,0.0,0,0.5287839099764824
6,75e527217c38,research engineering aspects of biological or chemical processes,206,c32f9f13a109,0.6294158697128296,3.4934940338134766,0.375,0.09116076173031373,1.0,1,1.461325873819524,126,ebdb003908ef,0.6009416580200195,3.1597237586975098,0.2222222238779068,0.09116076173031373,0.6219592058133134,1,1.2771206116765943,59,da6e8742f6bf,0.5246409177780151,2.2653379440307617,0.25,0.2027325123874243,0.6211695670957962,1,1.0351499737707053,204,62b52b411f3a,0.5368325710296631,2.4082467555999756,0.25,0.2027325123874243,0.7370548607343586,1,1.1108331300768026,181,49ccfbfcfc0a,0.4481441378593445,1.3686543703079224,0.1111111119389534,0.2027325123874243,0.47072232479609577,1,0.7767014887399801,10,365ec2897755,0.42169609665870667,1.0586344003677368,0.10000000149011612,0.09116076173031373,0.3519334053455243,0,0.6247552497472164,209,2ac9980eb5e6,0.4469895362854004,1.355120301246643,0.09090909361839294,0.0,0.24906489358216158,1,0.7282308850393133,207,7663c229a426,0.42110398411750793,1.0516937971115112,0.125,0.3465735069466602,0.4869639139366842,1,0.6796795401587583,157,018f6a0e7f9a,0.38830697536468506,0.667252242565155,0.1538461595773697,0.20273252627630822,0.4653176280529234,1,0.594919999928686,148,253c9a1feb09,0.4233359396457672,1.077856421470642,0.10000000149011612,0.09116076173031373,0.27002580046778907,1,0.6509407472292333
7,bfcc3cdee21d,devise research or testing protocols,56,269bfa3db5c6,0.3956156373023987,2.956009864807129,0.0,0.11157175065711056,0.0,0,1.1332642284607366,195,6b483cafcca2,0.3829441964626312,2.626685380935669,0.0,0.0,0.0,0,1.061900109052658,134,469df54e4928,0.3771827220916748,2.47694730758667,0.0,0.4054650386637325,0.0,0,0.9610229474236686,48,23ca56c5d573,0.34850722551345825,1.7316851615905762,0.0,0.0,0.0,0,0.8224725276231766,188,be19a52818cf,0.29735636711120605,0.4022993743419647,0.125,0.11157175065711056,1.0,0,0.7899550033187346,209,2ac9980eb5e6,0.32087135314941406,1.0134423971176147,0.1111111119389534,0.2027325123874243,0.6149755153908953,0,0.8029817355970476,59,da6e8742f6bf,0.3071029782295227,0.6556090116500854,0.1428571492433548,0.0,0.7279980425438168,0,0.7761212895850647,150,3ffc9e8eaffb,0.34488773345947266,1.6376163959503174,0.0,0.0,0.0,0,0.7973075807094574,149,c9b79bbec6f3,0.3362606167793274,1.4134018421173096,0.0,0.0,0.0,0,0.737326368689537,124,3b11edaeeba4,0.31284573674201965,0.804860532283783,0.0,0.11157175065711056,0.0,0,0.5577955988621192
8,04d0abdf0b41,develop operational methods or processes that use green materials or emphasize sustainability,148,253c9a1feb09,0.7064986228942871,3.3423702716827393,0.0714285746216774,0.34657354027998,0.3971492778525809,1,1.2727304938314903,94,832ecabbf00a,0.5944681167602539,2.2865209579467773,0.0714285746216774,0.34657354027998,0.2791607921593588,1,0.9530077425421325,72,91e3b64a6f04,0.595453679561615,2.295809745788574,0.0625,0.1783374505407972,0.3399328564670396,1,1.003314545521959,176,62eda05f366c,0.5737030506134033,2.090817451477051,0.07692307978868484,0.45814529093709055,0.43364407635795327,1,0.9379546220211443,159,3319e1abdfb1,0.5995017290115356,2.333961009979248,0.0714285746216774,0.34657354027998,0.3971492778525809,1,1.0068136098860252,174,003763627ff4,0.4863418936729431,1.2674684524536133,0.06666667014360428,0.25541277854966626,0.20334964494839133,1,0.6719180236848996,9,3cdbc3929112,0.4037397801876068,0.4889717698097229,0.27272728085517883,0.45814529093709055,1.0,0,0.6509664602091811,175,825fff3275ff,0.5906120538711548,2.2501790523529053,0.0714285746216774,0.34657354027998,0.2791607921593588,1,0.9434243438423721,92,3f67b920ee49,0.4787957966327667,1.196349024772644,0.06666667014360428,0.25541277854966626,0.30226484596362396,1,0.6877684316185277,139,80c1c070d6f0,0.373269647359848,0.20180119574069977,0.0714285746216774,0.34657354027998,0.3384517146224187,0,0.3740202828259735
9,3cdbc3929112,develop technical methods or processes,48,23ca56c5d573,0.66581130027771,2.875622272491455,0.3333333432674408,0.0,1.0,1,1.4833333134651185,182,8729852fc4b8,0.6533716320991516,2.7167749404907227,0.25,0.2027325123874243,0.8447488584474884,1,1.372796738135365,84,c6940290ea74,0.6069260835647583,2.1236915588378906,0.2857142984867096,0.11157175065711056,0.7852673921958094,1,1.2012997210489607,21,c9b70de179fe,0.5739818811416626,1.7030129432678223,0.1428571492433548,0.0,0.4600056990490311,1,1.0129191899872902,59,da6e8742f6bf,0.5363346338272095,1.2222790718078613,0.1428571492433548,0.0,0.5091386755288673,1,0.8991258970889808,49,824d3015533f,0.56191086769104,1.5488730669021606,0.2857142984867096,0.11157175065711056,0.8875827192916397,1,1.0844745707963257,46,f64f2eefbcb7,0.5851643085479736,1.8458062410354614,0.125,0.11157175065711056,0.4212923481389641,1,1.0242197066137335,195,6b483cafcca2,0.536055862903595,1.2187193632125854,0.1428571492433548,0.0,0.5399943009509689,1,0.9089553823493834,3,33b4e36b0d81,0.5582068562507629,1.5015748739242554,0.10000000149011612,0.27980784039629336,0.3115379614384862,1,0.8698064579615166,2,771b010da2fa,0.5429513454437256,1.3067706823349,0.0833333358168602,0.4054650386637325,0.2723072551832694,1,0.785804102920617
10,365ec2897755,create models of engineering designs or methods,131,c3b47654a283,0.6301343441009521,3.088554859161377,0.2857142984867096,0.11157175065711056,1.0,1,1.4761213747238593,141,dbc0d59bd942,0.4889262318611145,1.224554419517517,0.25,0.0,0.7567483094442703,1,0.96048624043545,9,3cdbc3929112,0.5096035003662109,1.4975022077560425,0.125,0.11157175065711056,0.37911370641117814,1,0.8942985719630986,154,17f9d29c543d,0.5005075931549072,1.3774328231811523,0.09090909361839294,0.1682360897391828,0.32995785910006303,1,0.8428934328600356,104,985eed507e3a,0.4952177405357361,1.3076046705245972,0.10000000149011612,0.09116076173031373,0.34243426374487546,1,0.8402069729260183,84,c6940290ea74,0.520423948764801,1.6403361558914185,0.0,0.0,0.0,1,0.830930370092392,90,2e4769a8f723,0.40601295232772827,0.13006773591041565,0.10000000149011612,0.09116076173031373,0.4355630480104583,1,0.5779329001778567,102,f2c8cd5b27ab,0.4677124619483948,0.9445246458053589,0.1111111119389534,0.0,0.3712529889115234,0,0.7218816834667314,146,284cc33eb902,0.5013637542724609,1.3887344598770142,0.0,0.11157175065711056,0.0,1,0.7500754175161796,209,2ac9980eb5e6,0.4937097430229187,1.2876986265182495,0.0,0.09116076173031373,0.0,1,0.7273886937772572
11,810124c49b5c,maintain operational records or records systems,43,61355ce7e829,0.6845426559448242,3.834658145904541,0.4000000059604645,0.2554127452163465,1.0,1,1.4316880810649908,86,19ea31d71f7c,0.6606988906860352,3.5639424324035645,0.2857142984867096,0.0,0.39877072879295705,1,1.2227261202337087,167,00c6f12023ab,0.5456663966178894,2.257894992828369,0.1428571492433548,0.11157175065711056,0.15375417716650638,1,0.8516932136051529,197,3a46124701c0,0.45491158962249756,1.227489709854126,0.3333333432674408,0.11157175065711056,0.35312768509322234,0,0.6202452586826841,30,c6a87cc5d35e,0.5066549181938171,1.8149693012237549,0.1666666716337204,0.2554127452163465,0.16931263557025997,1,0.7325094989612637,201,42bb588edac5,0.3835238218307495,0.4169725477695465,0.1666666716337204,0.2554127452163465,0.25992612053413616,0,0.399207956465363,27,88a991273442,0.3807445168495178,0.38541707396507263,0.1428571492433548,0.11157175065711056,0.2360410175661345,1,0.4567612897609185,22,bab0b2935945,0.45530593395233154,1.2319669723510742,0.10000000149011612,0.1682360897391828,0.12052763888052405,0,0.5534716262538162,52,7f83579eb5ca,0.34805095195770264,0.014223274774849415,0.1111111119389534,0.09116076173031373,0.19939538013577568,1,0.36445206079708964,143,fd635c6ca5be,0.39199018478393555,0.5130972862243652,0.1111111119389534,0.09116076173031373,0.12988366564293916,1,0.4536548110029744
12,9251af4a3821,supervise engineering or other technical personnel,184,389dd43f303d,0.8525776267051697,4.37994909286499,0.5,0.11157175065711056,1.0,1,1.4332642269706206,103,6680fc36f234,0.6052579283714294,2.019132137298584,0.4285714328289032,0.0,0.8406785376363181,1,0.9365589883548631,78,98d9410b9c2c,0.6761831641197205,2.6961567401885986,0.2857142984867096,0.11157175065711056,0.7533471913043244,1,1.04413978242792,31,53acfaed8c01,0.6460426449775696,2.408447027206421,0.1666666716337204,0.45814521593713003,0.5246168551766863,1,0.8680286164115318,62,c6d9ce80244c,0.5205280184745789,1.2103334665298462,0.20000000298023224,0.1682360897391828,0.526213114380662,1,0.6580660683641748,41,babe1d93de49,0.5871793031692505,1.8465605974197388,0.1666666716337204,0.45814521593713003,0.39835818052728705,1,0.7059796555014891,160,56c85bc2a8f3,0.5049105286598206,1.0612549781799316,0.0,0.11157175065711056,0.0,1,0.46637249266857667,154,17f9d29c543d,0.37442150712013245,-0.1843421906232834,0.3333333432674408,0.1682360897391828,0.7563663691824059,0,0.39402240777526437,9,3cdbc3929112,0.45536383986473083,0.5883016586303711,0.125,0.11157175065711056,0.24665280869567568,1,0.44334099980783687,3,33b4e36b0d81,0.5426957011222839,1.4219374656677246,0.20000000298023224,0.1682360897391828,0.4482324358827134,1,0.6748927849990847
13,f7e80a0049c6,estimate operational costs,88,d1809a4492b8,0.7070564031600952,3.2388157844543457,0.4000000059604645,0.14384099455923594,1.0,1,1.4484238436635575,35,e19513a85bed,0.5912795066833496,2.2096879482269287,0.20000000298023224,0.0,0.2943049496355578,1,0.9947663544694607,177,ff18586218d4,0.6495210528373718,2.7273905277252197,0.1666666716337204,0.14384099455923594,0.4597021114256609,1,1.171883517584757,57,c1933354ef21,0.4622340202331543,1.0626170635223389,0.20000000298023224,0.0,0.2943049496355578,1,0.6957844271341984,81,e9ce432833f3,0.49296241998672485,1.3357584476470947,0.1428571492433548,0.2554127452163465,0.2447684729642263,1,0.7176500004513087,106,48548f20bc23,0.46689683198928833,1.1040643453598022,0.20000000298023224,0.0,0.5062195869865909,1,0.780757661104601,100,6002eddcd7d0,0.5156586170196533,1.5375022888183594,0.1666666716337204,0.14384099455923594,0.2672607110203985,1,0.7925240440177747,98,207462e43a8e,0.502951979637146,1.424554467201233,0.1111111119389534,0.4236488349555293,0.3603597059904545,1,0.7598986188742419,89,b03b706832f2,0.5203832983970642,1.5794994831085205,0.0,0.3465735069466602,0.0,1,0.6999306089944695,140,f07eaef01260,0.47629043459892273,1.1875630617141724,0.1666666716337204,0.14384099455923594,0.2672607110203985,0,0.6507652414846249
14,ccf9fc39d00f,estimate time requirements for development or production projects,98,207462e43a8e,0.7814324498176575,4.928647041320801,0.625,0.07707532800886907,1.0,1,1.413438691857973,106,48548f20bc23,0.5438128709793091,2.4380059242248535,0.2857142984867096,0.3465735069466602,0.5833067680250507,1,0.828017102873809,177,ff18586218d4,0.5469647645950317,2.4710428714752197,0.25,0.2027325123874243,0.5297056055578839,1,0.8411585079859151,215,79b70e0eb0dc,0.3356946110725403,0.25658679008483887,0.20000000298023224,0.0,0.42342182472340045,0,0.3684142481907916,104,985eed507e3a,0.4143120050430298,1.0806254148483276,0.09090909361839294,0.0,0.20673554044459702,0,0.45692368661883526,49,824d3015533f,0.43346133828163147,1.2813416719436646,0.0,0.09116076173031373,0.0,0,0.41667338052147024,159,3319e1abdfb1,0.3348889946937561,0.24814260005950928,0.10000000149011612,0.09116076173031373,0.24256321046586268,0,0.2937703542669196,13,f7e80a0049c6,0.42162927985191345,1.1573224067687988,0.125,0.3465735069466602,0.29165338401252533,1,0.4971463769292793,172,2c5271f1a3e4,0.3686768710613251,0.6022947430610657,0.0,0.0,0.0,0,0.2963642440736294,144,7a053b14e6ec,0.4269213378429413,1.2127918004989624,0.0,0.2027325123874243,0.0,0,0.3864120052706019
15,c5e6a1a8c44d,prepare detailed work plans,61,dc17b84d2d6b,0.5793598294258118,3.6491153240203857,0.125,0.11157175065711056,0.7623573517492219,1,1.4250892956124999,46,f64f2eefbcb7,0.5403535962104797,3.0261261463165283,0.125,0.11157175065711056,0.6793257159988328,1,1.2449950749303462,3,33b4e36b0d81,0.5462628602981567,3.1205060482025146,0.2222222238779068,0.27980784039629336,1.0,1,1.3376469411538052,83,4ffdd533affb,0.504296064376831,2.4502320289611816,0.0,0.0,0.0,1,0.9028922200202942,35,e19513a85bed,0.45422762632369995,1.6505624055862427,0.1666666716337204,0.14384099455923594,0.5879536033823557,1,0.8699479741076929,77,9b108680399f,0.41767895221710205,1.0668240785598755,0.1666666716337204,0.14384099455923594,0.5879536033823557,1,0.7294787731985551,119,b729f6985724,0.4036671817302704,0.8430346250534058,0.0,0.11157175065711056,0.0,1,0.4878599745606856,17,e1dbddbff402,0.36978375911712646,0.3018644452095032,0.1428571492433548,0.0,0.533925434422896,1,0.5493942980123977,71,1cb040da80f9,0.3689091205596924,0.287895143032074,0.10000000149011612,0.27980784039629336,0.5814567569142552,0,0.47304611878813285,44,2d4009710863,0.386898010969162,0.5752052664756775,0.125,0.11157175065711056,0.4889911156843355,0,0.5341936816531484
16,6e6ec1a475b8,prepare technical reports for internal use,30,c6a87cc5d35e,0.6794171929359436,4.0149335861206055,0.3333333432674408,0.2554127452163465,0.8886075636194724,1,1.4060340489494818,186,4c7ceb754866,0.639840841293335,3.4458117485046387,0.4285714328289032,0.0,1.0,1,1.3432289376854898,121,66497e9d2189,0.5554023385047913,2.2315568923950195,0.25,0.0,0.7390399539013435,1,1.0165958600480263,4,9fc64a999e12,0.48592203855514526,1.2324060201644897,0.09090909361839294,0.1682360897391828,0.22336410725393485,1,0.6053381904026153,61,dc17b84d2d6b,0.47406238317489624,1.0618600845336914,0.1111111119389534,0.0,0.26096004609865653,1,0.6034980488579567,9,3cdbc3929112,0.47074878215789795,1.0142093896865845,0.125,0.11157175065711056,0.2849401584428574,1,0.5833030835273053,44,2d4009710863,0.5071452856063843,1.537603735923767,0.25,0.0,0.7390399539013435,1,0.864033040626735,191,a9be4c9c15a1,0.5211491584777832,1.738984227180481,0.0833333358168602,0.23500177712287373,0.20835545182580484,1,0.7054868942942945,84,c6940290ea74,0.4947528839111328,1.3593966960906982,0.1111111119389534,0.0,0.26096004609865653,0,0.6205621031682784,17,e1dbddbff402,0.4366897940635681,0.5244293212890625,0.125,0.11157175065711056,0.3377441955314223,1,0.4916611825448897
17,e1dbddbff402,"prepare contracts, disclosures, or applications",121,66497e9d2189,0.5028226971626282,2.415070056915283,0.125,0.11157175065711056,0.6432466923511952,1,1.3834005648231904,77,9b108680399f,0.49029695987701416,2.2231805324554443,0.1666666716337204,0.14384099455923594,0.7734275705651276,1,1.3564654933689815,95,7c80e08ee743,0.4821782112121582,2.098804235458374,0.1666666716337204,0.14384099455923594,0.7734275705651276,1,1.3180133747338039,168,ab35d13698b5,0.4015476405620575,0.8635740280151367,0.1111111119389534,0.2027325123874243,1.0,1,1.012934242333056,16,6e6ec1a475b8,0.4366897940635681,1.4019386768341064,0.125,0.11157175065711056,0.6432466923511952,1,1.0678432041740817,27,88a991273442,0.47980040311813354,2.0623772144317627,0.0,0.0,0.0,1,1.0877064794301987,35,e19513a85bed,0.4030427038669586,0.8864778280258179,0.1666666716337204,0.14384099455923594,0.7734275705651276,0,0.8932101594685297,1,06d678da6c8d,0.41841939091682434,1.1220428943634033,0.1666666716337204,0.14384099455923594,0.7734275705651276,1,1.0160375731466988,4,9fc64a999e12,0.44784015417099,1.5727580785751343,0.0,0.27980784039629336,0.0,1,0.8898459710762906,30,c6a87cc5d35e,0.42268553376197815,1.1873986721038818,0.1666666716337204,0.14384099455923594,0.7734275705651276,0,0.9862429293273668
18,1c10b347eeee,update technical knowledge,52,7f83579eb5ca,0.6883181929588318,4.516489505767822,0.125,0.3465735069466602,1.0,1,1.4730139590568398,103,6680fc36f234,0.516321063041687,2.3591597080230713,0.1428571492433548,0.2554127452163465,0.5426793912712595,1,0.8929165145033664,9,3cdbc3929112,0.45768362283706665,1.6236807107925415,0.1666666716337204,0.14384099455923594,0.5925472272259159,1,0.7781502423985796,183,ff9c96c6d776,0.41094064712524414,1.0373917818069458,0.125,0.3465735069466602,0.5005535937753169,1,0.6023206951577913,4,9fc64a999e12,0.44003063440322876,1.4022624492645264,0.1111111119389534,0.4236488349555293,0.4644967671050612,1,0.6523604619937282,16,6e6ec1a475b8,0.398861289024353,0.885882556438446,0.1428571492433548,0.2554127452163465,0.5426793912712595,1,0.599167983012802,198,edb3d68bc36f,0.3953661322593689,0.8420434594154358,0.1428571492433548,0.2554127452163465,0.5426793912712595,1,0.5904271518462962,2,771b010da2fa,0.4379226267337799,1.3758220672607422,0.09090909361839294,0.5493060332229684,0.40600458161775715,0,0.5595222056838287,84,c6940290ea74,0.4247177839279175,1.2101960182189941,0.1428571492433548,0.2554127452163465,0.5426793912712595,0,0.6138310318464106,12,9251af4a3821,0.39850467443466187,0.8814096450805664,0.1428571492433548,0.2554127452163465,0.5426793912712595,1,0.5982761298888988
19,9d76ae41867e,evaluate characteristics of equipment or systems,63,50171927f859,0.642170250415802,2.381000280380249,0.2222222238779068,0.27980784039629336,0.7838983050847458,1,1.387948779984171,193,adb21e5e1a03,0.6221823692321777,2.1113977432250977,0.125,0.11157175065711056,0.4026515548795365,1,1.2193408628756743,66,196087c93944,0.5919785499572754,1.7039997577667236,0.20000000298023224,0.3465735277799843,0.7312252964426877,1,1.1661008369780799,76,298036041aa4,0.6191955804824829,2.0711112022399902,0.125,0.11157175065711056,0.4026515548795365,1,1.20740862393925,84,c6940290ea74,0.577196478843689,1.5046147108078003,0.2857142984867096,0.11157175065711056,0.9158415841584159,1,1.194512353758925,127,3d77dabe7560,0.5424176454544067,1.0355075597763062,0.3333333432674408,0.0,1.0,1,1.0995819434523584,70,d5bb4574fc4d,0.5877997875213623,1.6476353406906128,0.125,0.11157175065711056,0.4026515548795365,1,1.0819826146418792,165,72ea80489538,0.5307050347328186,0.8775243759155273,0.1428571492433548,0.0,0.7784575543737715,1,0.9999995522377598,56,269bfa3db5c6,0.5653486847877502,1.3448082208633423,0.125,0.11157175065711056,0.4026515548795365,1,0.992290588265155,75,f634ee56b726,0.5700374841690063,1.4080520868301392,0.1666666716337204,0.14384099455923594,0.4841405600337284,1,1.0285043178325963
20,1bd49058235f,advise customers on the use of products or services,198,edb3d68bc36f,0.6244298219680786,3.7758195400238037,0.25,0.0,1.0,1,1.4999999940395357,153,8594b6595861,0.4515684247016907,1.6109765768051147,0.25,0.0,0.7833712515002486,1,0.9279435705014168,53,a68e486bae8e,0.4017200767993927,0.9866968989372253,0.2222222238779068,0.09116076173031373,0.7225616109728319,1,0.7522121524017221,89,b03b706832f2,0.4079520106315613,1.0647430419921875,0.2222222238779068,0.09116076173031373,0.7225616109728319,0,0.7201926311056978,199,0d99df7b9f80,0.4586769640445709,1.7000008821487427,0.10000000149011612,0.09116076173031373,0.4840138561647643,1,0.8469238049157329,32,85a88cfd39f0,0.496148943901062,2.1692841053009033,0.0,0.09116076173031373,0.0,1,0.8013286281501592,80,4e4d6d43dbf9,0.42401278018951416,1.2658812999725342,0.125,0.11157175065711056,0.518924137837387,1,0.7514709453462477,187,02b0fa193387,0.3806086778640747,0.7223066687583923,0.1111111119389534,0.0,0.32738017882535575,1,0.5747437605854909,113,322cdff981bb,0.41105812788009644,1.1036427021026611,0.10000000149011612,0.09116076173031373,0.4840138561647643,1,0.706495403385944,99,78b76b55f875,0.47569817304611206,1.9131672382354736,0.0,0.11157175065711056,0.0,1,0.7368900356268363
21,c9b70de179fe,develop software or computer applications,9,3cdbc3929112,0.5739818811416626,3.5145204067230225,0.1428571492433548,0.0,0.5687974760422746,1,1.3705076808056607,200,9ff41f315fd5,0.4669544994831085,1.9656540155410767,0.1666666716337204,0.14384099455923594,1.0,1,1.1274759581502518,69,636981831618,0.42568638920783997,1.368435025215149,0.125,0.11157175065711056,0.7411009581066669,1,0.9044872801986935,146,284cc33eb902,0.5126563906669617,2.627037286758423,0.0,0.0,0.0,1,0.983073252439499,91,b1f99c3dcd62,0.4494806230068207,1.7127776145935059,0.125,0.11157175065711056,0.5209283815238653,1,0.9097644888182779,182,8729852fc4b8,0.49532878398895264,2.3762776851654053,0.1111111119389534,0.2027325123874243,0.4804910185745242,1,1.0426962845955912,70,d5bb4574fc4d,0.4119015336036682,1.1689449548721313,0.125,0.11157175065711056,0.8316831683168318,0,0.8384898737910195,93,4b8b2b6692c3,0.403363436460495,1.0453842878341675,0.1428571492433548,0.0,0.5687974760422746,1,0.781973295839764,126,ebdb003908ef,0.3790004253387451,0.6928105354309082,0.125,0.11157175065711056,0.7411009581066669,1,0.7429350074616673,84,c6940290ea74,0.3964453339576721,0.9452677369117737,0.125,0.11157175065711056,0.5209283815238653,0,0.6762410424967904
22,bab0b2935945,"analyze operational data to evaluate operations, processes or products",36,e5bfe7745119,0.7948698997497559,3.6288037300109863,0.30000001192092896,0.07707532800886907,1.0,1,1.4784386894737873,151,506120811a05,0.7135854959487915,2.7483770847320557,0.25,0.4236488349555293,0.8028644568511064,1,1.1718597332912803,172,2c5271f1a3e4,0.6375081539154053,1.9243502616882324,0.30000001192092896,0.07707532800886907,1.0,1,1.1032199180757198,118,eb485b5cf6a6,0.5420103073120117,0.8899716138839722,0.25,0.4236488349555293,0.847559794159538,1,0.7746400256160466,59,da6e8742f6bf,0.5113836526870728,0.5582410097122192,0.2222222238779068,0.27980784039629336,0.9265294613902093,1,0.7522686253436923,85,e9ceea91a9c3,0.5204094052314758,0.6560028791427612,0.25,0.4236488349555293,0.9245572989551634,1,0.749610683399557,57,c1933354ef21,0.6131056547164917,1.6600362062454224,0.1111111119389534,0.4236488349555293,0.33431879230783357,1,0.7828159320451672,158,16ac0e74dbe1,0.4894920587539673,0.3211236596107483,0.2222222238779068,0.27980784039629336,0.8801861777961298,1,0.6831044864512507,100,6002eddcd7d0,0.5959126949310303,1.4738117456436157,0.10000000149011612,0.27980784039629336,0.3035976059876543,1,0.7524783151110946,30,c6a87cc5d35e,0.571967363357544,1.2144495248794556,0.1111111119389534,0.4236488349555293,0.33431879230783357,1,0.6813246297933514
23,9a8d83e8b2e2,conduct environmental audits,96,1cbedefabffc,0.604215145111084,3.162658214569092,0.125,0.3465735069466602,0.7003880942153806,1,1.368149792032223,152,fbe465293a7d,0.5596726536750793,2.6768951416015625,0.1428571492433548,0.2554127452163465,0.7593316466988533,1,1.2702332257603812,105,8bb47fa10a52,0.4933328628540039,1.9534190893173218,0.1666666716337204,0.14384099455923594,0.8291080682873968,1,1.1163831434752867,72,91e3b64a6f04,0.48311281204223633,1.8419631719589233,0.1111111119389534,0.4236488349555293,0.6499364094625779,1,0.9899547969047278,128,54e485ae84d0,0.42170315980911255,1.1722533702850342,0.1666666716337204,0.14384099455923594,0.8291080682873968,1,0.9103776670601292,215,79b70e0eb0dc,0.5030118227005005,2.058974027633667,0.125,0.3465735069466602,0.7003880942153806,1,1.074919064717274,174,003763627ff4,0.49114155769348145,1.9295215606689453,0.125,0.3465735069466602,0.7003880942153806,1,1.0405256647634318,56,269bfa3db5c6,0.3043051064014435,-0.10804424434900284,0.1428571492433548,0.2554127452163465,1.0,0,0.5669034462066208,71,1cb040da80f9,0.4310729503631592,1.274436593055725,0.1111111119389534,0.4236488349555293,0.6499364094625779,0,0.7888001297656745,92,3f67b920ee49,0.38197043538093567,0.7389436364173889,0.125,0.3465735069466602,0.7003880942153806,1,0.7242087248730471
24,2ae9204d54c8,design industrial processing systems,75,f634ee56b726,0.7592480182647705,3.8760831356048584,0.4000000059604645,0.14384099455923594,1.0,1,1.4484238436635575,97,48c561c86be0,0.5687472224235535,1.8377283811569214,0.25,0.2027325123874243,0.8186181659911526,1,0.9657888668622449,128,54e485ae84d0,0.4705396890640259,0.7869097590446472,0.3333333432674408,0.0,0.8098390352921098,1,0.75957628918377,59,da6e8742f6bf,0.5394468307495117,1.524214744567871,0.1428571492433548,0.0,0.5336679914135734,1,0.8402737696457555,60,90e3d91fbf4d,0.6010439395904541,2.183302640914917,0.25,0.2027325123874243,0.6841106005892251,1,0.9933608211463291,127,3d77dabe7560,0.520957350730896,1.3263777494430542,0.3333333432674408,0.0,0.8098390352921098,1,0.8743444292017563,137,a4f4cc8a14a2,0.5713900327682495,1.8660063743591309,0.1666666716337204,0.14384099455923594,0.5876701095923277,1,0.9099869735583476,144,7a053b14e6ec,0.4936864972114563,1.034580111503601,0.1428571492433548,0.0,0.3744401166945349,1,0.6767145693836986,29,ef7349785e11,0.46167856454849243,0.6920958757400513,0.1428571492433548,0.0,0.3744401166945349,1,0.6012912393151103,58,224946bca8ba,0.4835011661052704,0.9255973100662231,0.1428571492433548,0.0,0.5336679914135734,1,0.7084436957526853
25,79d2ac46742b,direct operational or production activities,58,224946bca8ba,0.7619955539703369,3.7448060512542725,0.6000000238418579,0.0,1.0,1,1.4299999862909318,164,0c9fad019eee,0.619727611541748,2.06132173538208,0.4000000059604645,0.14384099455923594,0.5537159976962251,1,0.9347247167405788,33,2be03b534579,0.6534585952758789,2.4604671001434326,0.125,0.11157175065711056,0.33762501940797723,1,0.9896753313018839,65,8da0e9e0dffc,0.5887674689292908,1.6949642896652222,0.2857142984867096,0.11157175065711056,0.5782165647504385,1,0.8839001814435578,146,284cc33eb902,0.577401876449585,1.560473084449768,0.3333333432674408,0.0,0.631349978808587,1,0.8846672796084571,64,445ae625480e,0.4811219573020935,0.42117398977279663,0.4000000059604645,0.14384099455923594,0.6952365838070748,1,0.635960111937846,81,e9ce432833f3,0.5306265950202942,1.006972074508667,0.125,0.11157175065711056,0.21992472996925067,1,0.6239547172434124,46,f64f2eefbcb7,0.5584815740585327,1.3365854024887085,0.0,0.11157175065711056,0.0,1,0.6336260092830138,156,ae5e42c6c3d0,0.46159490942955017,0.19010664522647858,0.3333333432674408,0.0,0.631349978808587,1,0.5900340997054268,174,003763627ff4,0.47946101427078247,0.4015197455883026,0.25,0.2027325123874243,0.42476843658888497,1,0.5383830956304034
26,a86fc9314475,respond to emergencies to provide assistance,160,56c85bc2a8f3,0.3959304690361023,3.6702752113342285,0.0,0.0,0.0,1,1.1999999910593033,103,6680fc36f234,0.26943239569664,1.0130736827850342,0.125,0.11157175065711056,1.0,0,0.8687962425326781,50,a787a095d9b0,0.3009034991264343,1.6741514205932617,0.0,0.11157175065711056,0.0,0,0.6806080264424758,176,62eda05f366c,0.30196958780288696,1.6965456008911133,0.0,0.0,0.0,0,0.7024220004677773,112,6379204aa590,0.27459970116615295,1.121617317199707,0.0,0.0,0.0,0,0.5720468834042549,107,750257b28f11,0.2822688817977905,1.2827152013778687,0.0,0.0,0.0,0,0.608578659594059,197,3a46124701c0,0.2904854714870453,1.4553117752075195,0.0,0.0,0.0,0,0.6477179750800133,117,f2f5eb941075,0.27976810932159424,1.2301843166351318,0.0,0.3465735277799843,0.0,0,0.5446803217937338,5,abdac161e57b,0.24518072605133057,0.5036463141441345,0.0,0.0,0.0,0,0.43191108852624893,62,c6d9ce80244c,0.2861121892929077,1.3634471893310547,0.0,0.27980784039629336,0.0,0,0.5849148713634419
27,88a991273442,maintain regulatory or compliance documentation,196,0f2541e582f8,0.7326380610466003,3.377042770385742,0.1111111119389534,0.2027325123874243,0.42885477664255955,1,1.297467065128411,67,3574e4789085,0.5860570669174194,2.104762315750122,0.2857142984867096,0.11157175065711056,1.0,1,1.159889177737184,116,1cf7420e0aac,0.6060776710510254,2.2785353660583496,0.25,0.2027325123874243,0.9223744292237441,1,1.1675965928200032,121,66497e9d2189,0.6423481106758118,2.5933523178100586,0.125,0.11157175065711056,0.4649465152708938,1,1.1204758218682174,96,1cbedefabffc,0.5963298082351685,2.1939268112182617,0.1111111119389534,0.2027325123874243,0.42885477664255955,1,0.9940006258812796,149,c9b79bbec6f3,0.5261350870132446,1.584657073020935,0.1428571492433548,0.0,0.5076713301876787,1,0.8919590546040597,43,61355ce7e829,0.42688173055648804,0.7231668829917908,0.1666666716337204,0.14384099455923594,0.5200344943552495,1,0.6530961140054948,17,e1dbddbff402,0.47980040311813354,1.182485580444336,0.0,0.0,0.0,1,0.6260095939040184,139,80c1c070d6f0,0.3831957280635834,0.34398508071899414,0.125,0.11157175065711056,0.43250393589941544,0,0.48358454136021456,4,9fc64a999e12,0.40679931640625,0.5488573908805847,0.10000000149011612,0.27980784039629336,0.4579695081155909,0,0.5214657374710343
28,ce1178bafa1d,monitor external affairs or events affecting business operations,55,4805101e52c6,0.502872884273529,2.014838695526123,0.20000000298023224,0.1682360897391828,0.8561606375372847,1,1.3163105993776802,37,78a6d412d86e,0.5288282632827759,2.407986879348755,0.0833333358168602,0.07707532800886907,0.38057661185145697,1,1.3049738403327271,152,fbe465293a7d,0.4659929573535919,1.456215739250183,0.20000000298023224,0.1682360897391828,1.0,1,1.1988318736861678,197,3a46124701c0,0.517626166343689,2.2383079528808594,0.10000000149011612,0.27980784039629336,0.4505204215971302,1,1.243817255641092,122,4e4a52d4b158,0.4514298439025879,1.2356271743774414,0.10000000149011612,0.27980784039629336,0.593269576733001,1,0.9871248800011888,179,6a5f3442d709,0.4983653426170349,1.9465627670288086,0.09090909361839294,0.1682360897391828,0.4126053366112331,1,1.1596480409380991,36,e5bfe7745119,0.48601874709129333,1.7595479488372803,0.0,0.07707532800886907,0.0,1,0.9866135052477512,149,c9b79bbec6f3,0.45415225625038147,1.2768638134002686,0.10000000149011612,0.27980784039629336,0.4505204215971302,1,0.9497742511283053,151,506120811a05,0.4801243841648102,1.670265555381775,0.0,0.4236488349555293,0.0,1,0.9068386166197306,215,79b70e0eb0dc,0.4603763520717621,1.3711405992507935,0.0833333358168602,0.07707532800886907,0.38057661185145697,1,0.9869348104960723
29,ef7349785e11,implement design or process improvements,47,8f3ed6033a9e,0.6436244249343872,2.9849987030029297,0.2857142984867096,0.11157175065711056,1.0,1,1.3910602716183142,2,771b010da2fa,0.6716803312301636,3.3311946392059326,0.1818181872367859,0.4054650386637325,0.5707594958570497,1,1.3025824273228181,146,284cc33eb902,0.5614408254623413,1.97089421749115,0.1428571492433548,0.0,0.3184973606708109,1,0.9399355921382567,49,824d3015533f,0.5323712825775146,1.6121906042099,0.0,0.11157175065711056,0.0,1,0.7388165173506217,9,3cdbc3929112,0.5305284261703491,1.5894505977630615,0.0,0.0,0.0,1,0.7496728926897049,102,f2c8cd5b27ab,0.5285733938217163,1.565326452255249,0.0,0.11157175065711056,0.0,1,0.7266998020386176,24,2ae9204d54c8,0.46167856454849243,0.7398777008056641,0.1428571492433548,0.0,0.3184973606708109,1,0.6295644167298934,163,3ac212a9f7c3,0.5094599723815918,1.3294763565063477,0.0,0.11157175065711056,0.0,1,0.6657209200238662,10,365ec2897755,0.48055148124694824,0.9727600812911987,0.0,0.11157175065711056,0.0,1,0.5734920827125983,155,f6d7dbe3f71e,0.458230197429657,0.6973265409469604,0.1666666716337204,0.14384099455923594,0.35072626026250003,1,0.6065980218975183
30,c6a87cc5d35e,prepare operational reports,44,2d4009710863,0.8079960346221924,3.21449875831604,0.6000000238418579,0.2554127452163465,1.0,1,1.3916880745084799,16,6e6ec1a475b8,0.6794171929359436,2.1011509895324707,0.3333333432674408,0.2554127452163465,0.7559865024467195,1,1.0866501585408723,35,e19513a85bed,0.6569046974182129,1.90621817111969,0.5,0.0,0.6738461969244567,1,1.0249563034655482,121,66497e9d2189,0.6249003410339355,1.6290966272354126,0.3333333432674408,0.2554127452163465,0.7559865024467195,1,0.9709136814638649,191,a9be4c9c15a1,0.6478208303451538,1.8275622129440308,0.10000000149011612,0.4904145223392202,0.19482500595163113,1,0.8199345047381426,186,4c7ceb754866,0.5583679676055908,1.0530014038085938,0.3333333432674408,0.2554127452163465,0.7559865024467195,1,0.8296687633558785,0,d52ebdd6c51c,0.5817628502845764,1.2555745840072632,0.1428571492433548,0.2554127452163465,0.2440134975532805,1,0.7213505706209695,167,00c6f12023ab,0.5644686222076416,1.1058261394500732,0.1666666716337204,0.14384099455923594,0.26643635949060906,1,0.705439043545329,36,e5bfe7745119,0.5649442672729492,1.1099447011947632,0.125,0.3465735069466602,0.22507181052859662,1,0.6659566131457106,100,6002eddcd7d0,0.5593820214271545,1.061781883239746,0.1666666716337204,0.14384099455923594,0.26643635949060906,1,0.6943082114096517
31,53acfaed8c01,supervise employees,78,98d9410b9c2c,0.7583127021789551,3.4454269409179688,0.20000000298023224,0.3465734652800195,1.0,1,1.4580139796119507,184,389dd43f303d,0.6706334352493286,2.670410394668579,0.20000000298023224,0.3465734652800195,1.0,1,1.268804637609082,12,9251af4a3821,0.6460426449775696,2.453047037124634,0.1666666716337204,0.45814521593713003,0.9158415841584159,1,1.1747587824255938,40,f64df278da5d,0.6015908718109131,2.0601279735565186,0.0,0.3465734652800195,0.0,1,0.7976253400426682,113,322cdff981bb,0.3893592655658722,0.1841655671596527,0.1428571492433548,0.5493059776674438,0.9721105052142557,1,0.6248829814514136,41,babe1d93de49,0.6241962909698486,2.2599422931671143,0.0,0.0,0.0,1,0.9001511365175248,39,202cbfb3aef7,0.4995158910751343,1.1578644514083862,0.0,0.20273247072078354,0.0,1,0.5909888271853663,37,78a6d412d86e,0.5289809703826904,1.4183127880096436,0.0,0.5493059776674438,0.0,1,0.6048788827292513,109,d052bd1e246e,0.5094097852706909,1.2453187704086304,0.0,0.3465734652800195,0.0,1,0.5915327961426552,38,a3c08ed1a115,0.5038715600967407,1.1963651180267334,0.0,0.5493059776674438,0.0,1,0.5487409633032869
32,85a88cfd39f0,"direct sales, marketing, or customer service activities",79,5b935f6121b7,0.6898694634437561,4.056821823120117,0.2857142984867096,0.3465735069466602,1.0,1,1.4408711112804269,33,2be03b534579,0.6008152961730957,3.0186989307403564,0.10000000149011612,0.09116076173031373,0.3893240613925287,1,1.076316346922624,53,a68e486bae8e,0.42697152495384216,0.9921659231185913,0.09090909361839294,0.0,0.511226850446034,1,0.6916894214288285,156,ae5e42c6c3d0,0.42904132604599,1.016294002532959,0.25,0.2027325123874243,0.7280258386681586,1,0.7292692975425078,25,79d2ac46742b,0.48955047130584717,1.7216618061065674,0.25,0.2027325123874243,0.7280258386681586,1,0.8789321163021876,20,1bd49058235f,0.496148943901062,1.7985814809799194,0.0,0.09116076173031373,0.0,1,0.6854000453030408,146,284cc33eb902,0.44760385155677795,1.2326812744140625,0.25,0.2027325123874243,0.7280258386681586,1,0.7751817086064173,142,c71cb5036aef,0.47390976548194885,1.539334774017334,0.0833333358168602,0.07707532800886907,0.2374632192894854,1,0.7045450725427226,65,8da0e9e0dffc,0.42036062479019165,0.9151012897491455,0.2222222238779068,0.09116076173031373,0.6667563373941057,0,0.6552788742541865,153,8594b6595861,0.4129723906517029,0.8289751410484314,0.0,0.09116076173031373,0.0,1,0.47032061108701817
33,2be03b534579,"direct organizational operations, projects, or services",173,49c0d2367c5d,0.6358176469802856,2.871994733810425,0.25,0.0,1.0,1,1.4449435114860536,25,79d2ac46742b,0.6534585952758789,3.0875754356384277,0.125,0.11157175065711056,0.5174094532342917,1,1.3393575311322743,32,85a88cfd39f0,0.6008152961730957,2.444249391555786,0.10000000149011612,0.09116076173031373,0.43708104496960704,1,1.1505264977690686,146,284cc33eb902,0.5783392190933228,2.1695809364318848,0.125,0.11157175065711056,0.5174094532342917,1,1.0995857626815373,58,224946bca8ba,0.5606486797332764,1.9533942937850952,0.125,0.11157175065711056,0.5174094532342917,1,1.043119764389568,122,4e4a52d4b158,0.4942229390144348,1.141640067100525,0.0,0.11157175065711056,0.0,1,0.6637090024923759,142,c71cb5036aef,0.5431179404258728,1.7391602993011475,0.0,0.1682360897391828,0.0,1,0.8147443126152487,65,8da0e9e0dffc,0.5055285692214966,1.279800295829773,0.1111111119389534,0.0,0.47386509330863336,1,0.8702903022679498,59,da6e8742f6bf,0.4834122955799103,1.0095288753509521,0.125,0.11157175065711056,0.5562208855954772,1,0.8101747602480913,73,a40c650a049f,0.4461503028869629,0.5541695952415466,0.20000000298023224,0.1682360897391828,0.8559322033898304,0,0.7314610602073099
34,614f5f558eca,approve expenditures,88,d1809a4492b8,0.47147560119628906,3.4328815937042236,0.0,0.3465734652800195,0.0,1,1.1480139712673003,35,e19513a85bed,0.442161500453949,2.999553918838501,0.0,0.20273247072078354,0.0,1,1.0556705047056414,212,0cf60304ef43,0.33304786682128906,1.3866112232208252,0.0,0.20273247072078354,0.0,1,0.6316361103818156,13,f7e80a0049c6,0.4114811420440674,2.546029806137085,0.0,0.20273247072078354,0.0,1,0.9364413668081499,89,b03b706832f2,0.4185214638710022,2.65010142326355,0.0,0.5493059776674438,0.0,1,0.911815243624885,196,0f2541e582f8,0.2947804927825928,0.8209341764450073,0.0,0.5493059776674438,0.0,0,0.3809365179769586,177,ff18586218d4,0.3690471649169922,1.918761134147644,0.0,0.3465734652800195,0.0,0,0.6999594758134658,176,62eda05f366c,0.2943774461746216,0.8149762749671936,0.0,0.3465734652800195,0.0,0,0.409780096529084,156,ae5e42c6c3d0,0.2696460485458374,0.44939109683036804,0.0,0.3465734652800195,0.0,0,0.31366961103494717,101,ae138f31c069,0.306728720664978,0.9975556135177612,0.0,0.45814521593713003,0.0,0,0.44104350733330366
35,e19513a85bed,prepare operational budgets,30,c6a87cc5d35e,0.6569046974182129,3.0340607166290283,0.5,0.0,1.0,1,1.4499999895691873,13,f7e80a0049c6,0.5912795066833496,2.2859067916870117,0.20000000298023224,0.0,0.435406748485089,1,1.1128319277475598,100,6002eddcd7d0,0.5601336359977722,1.9308310747146606,0.1666666716337204,0.14384099455923594,0.3953963986242971,1,0.987439556989873,164,0c9fad019eee,0.5272548794746399,1.5559998750686646,0.20000000298023224,0.0,0.435406748485089,1,0.9181386455009701,3,33b4e36b0d81,0.5082571506500244,1.3394179344177246,0.25,0.4236488349555293,0.711864406779661,1,0.887653328091466,44,2d4009710863,0.5534716248512268,1.8548814058303833,0.3333333432674408,0.2554127452163465,0.8316831683168318,1,1.0791359133183005,0,d52ebdd6c51c,0.5238044261932373,1.5166631937026978,0.1428571492433548,0.2554127452163465,0.36212046408660864,1,0.850945239725906,118,eb485b5cf6a6,0.4737839102745056,0.9464089274406433,0.20000000298023224,0.0,0.435406748485089,1,0.7555380686233761,15,c5e6a1a8c44d,0.45422762632369995,0.7234593033790588,0.1666666716337204,0.14384099455923594,0.5127117094838111,1,0.7045147265912552,25,79d2ac46742b,0.48469337821006775,1.0707813501358032,0.1666666716337204,0.14384099455923594,0.3953963986242971,1,0.7566544702388888
36,e5bfe7745119,analyze data to inform operational decisions or activities,119,b729f6985724,0.7717288732528687,3.4016685485839844,0.5714285969734192,0.09116076173031373,1.0,1,1.368314248708421,22,bab0b2935945,0.7948698997497559,3.655790328979492,0.30000001192092896,0.07707532800886907,0.4590551812799671,1,1.2891080029217756,172,2c5271f1a3e4,0.7400166988372803,3.0534234046936035,0.3333333432674408,0.0,0.49468960174462207,1,1.1732682991324799,164,0c9fad019eee,0.5344738960266113,0.7962682247161865,0.2857142984867096,0.3465735069466602,0.34630956511692196,1,0.5741706092061514,145,7809c19536e4,0.5620300769805908,1.0988746881484985,0.0833333358168602,0.07707532800886907,0.18073880416629295,1,0.6435018566868611,30,c6a87cc5d35e,0.5649442672729492,1.1308766603469849,0.125,0.3465735069466602,0.1653840302225052,1,0.6010681701546599,170,57e3b12b8497,0.5376375913619995,0.8310101628303528,0.10000000149011612,0.09116076173031373,0.150472722090406,1,0.5674156119033963,143,fd635c6ca5be,0.49554258584976196,0.3687465488910675,0.20000000298023224,0.0,0.3216386979937261,1,0.5277896765512126,174,003763627ff4,0.5201516151428223,0.6389890313148499,0.20000000298023224,0.0,0.26566213214448803,1,0.569429853016318,197,3a46124701c0,0.5241892337799072,0.683327853679657,0.1111111119389534,0.2027325123874243,0.1501865787966534,1,0.5156407974891897
37,78a6d412d86e,monitor organizational procedures to ensure proper functioning,191,a9be4c9c15a1,0.6825568675994873,2.7211713790893555,0.27272728085517883,0.14384101539256,1.0,1,1.4738783915200804,170,57e3b12b8497,0.6646079421043396,2.5016157627105713,0.2222222238779068,0.09116076173031373,0.7060435833155114,1,1.3257131861092635,115,830e9df61ddd,0.6603583097457886,2.4496331214904785,0.25,0.2027325123874243,0.7709232639445044,1,1.3115397911629507,179,6a5f3442d709,0.6135540008544922,1.877111554145813,0.2222222238779068,0.09116076173031373,0.7060435833155114,1,1.145709341907699,167,00c6f12023ab,0.5918312072753906,1.6113930940628052,0.25,0.2027325123874243,0.7709232639445044,1,1.0711439993343184,48,23ca56c5d573,0.5919243097305298,1.6125319004058838,0.25,0.2027325123874243,0.7709232639445044,1,1.0714706476888487,149,c9b79bbec6f3,0.6087251901626587,1.8180443048477173,0.1111111119389534,0.2027325123874243,0.42246602466636984,1,1.0296860211723553,193,adb21e5e1a03,0.5251646041870117,0.7959108948707581,0.10000000149011612,0.09116076173031373,0.5508169584685338,1,0.7919151790440242,28,ce1178bafa1d,0.5288282632827759,0.8407257199287415,0.0833333358168602,0.07707532800886907,0.3311704006918577,1,0.7320535976817311,47,8f3ed6033a9e,0.574087381362915,1.3943462371826172,0.10000000149011612,0.09116076173031373,0.3191316300319548,1,0.8871290062532585
38,a3c08ed1a115,confer with organizational members to accomplish work activities,179,6a5f3442d709,0.5103769302368164,1.7386343479156494,0.2222222238779068,0.09116076173031373,1.0,1,1.4388530004894078,62,c6d9ce80244c,0.5234451293945312,1.8960349559783936,0.0833333358168602,0.07707532800886907,0.5012974804891439,1,1.3472261443559175,170,57e3b12b8497,0.4802507758140564,1.375778317451477,0.2222222238779068,0.09116076173031373,0.6837703353609556,1,1.2059260544311412,199,0d99df7b9f80,0.4844924509525299,1.4268673658370972,0.09090909361839294,0.0,0.33836350675083837,1,1.138427553996247,142,c71cb5036aef,0.48629337549209595,1.4485586881637573,0.0833333358168602,0.07707532800886907,0.2712711854427093,1,1.112173913807904,31,53acfaed8c01,0.5038715600967407,1.6602801084518433,0.0,0.5493059776674438,0.0,1,1.0349850234024118,117,f2f5eb941075,0.4932570159435272,1.5324326753616333,0.0,0.14384101539256,0.0,1,1.0510012973704908,171,02b5b4014078,0.46532270312309265,1.1959763765335083,0.1111111119389534,0.2027325123874243,0.4005492323158574,1,1.046968986012762,42,853f8faf3522,0.45463818311691284,1.0672860145568848,0.10000000149011612,0.09116076173031373,0.31693069190336326,1,0.9918718557203509,122,4e4a52d4b158,0.48456889390945435,1.4277881383895874,0.0,0.2027325123874243,0.0,1,1.0054954574953332
39,202cbfb3aef7,evaluate employee performance,179,6a5f3442d709,0.5696111917495728,3.1237969398498535,0.1428571492433548,0.2554127452163465,0.7207854769243702,1,1.385391569331942,40,f64df278da5d,0.4748391807079315,1.9041310548782349,0.1666666716337204,0.14384099455923594,1.0,1,1.183327872138842,170,57e3b12b8497,0.5388142466545105,2.727456569671631,0.1428571492433548,0.2554127452163465,0.5872942960353834,1,1.2369277758423454,119,b729f6985724,0.4763742685317993,1.923886775970459,0.0,0.2554127452163465,0.0,1,0.8458196121843373,55,4805101e52c6,0.4803898334503174,1.9755650758743286,0.0,0.2554127452163465,0.0,1,0.8594236123950993,31,53acfaed8c01,0.4995158910751343,2.221707344055176,0.0,0.20273247072078354,0.0,1,0.9321209986374117,157,018f6a0e7f9a,0.3753461241722107,0.6237077116966248,0.09090909361839294,0.5493060332229684,0.5392543197730474,1,0.6404345974442471,100,6002eddcd7d0,0.3531721234321594,0.33834001421928406,0.1666666716337204,0.14384099455923594,0.7870198180471503,0,0.6585480751975739,172,2c5271f1a3e4,0.44467854499816895,1.515979528427124,0.0,0.3465735069466602,0.0,1,0.7247666127748345,145,7809c19536e4,0.39560574293136597,0.8844383955001831,0.1111111119389534,0.4236488349555293,0.5026841008438451,0,0.662064825417903
40,f64df278da5d,conduct employee training programs,31,53acfaed8c01,0.6015908718109131,3.3653433322906494,0.0,0.3465734652800195,0.0,1,1.1480139712673003,39,202cbfb3aef7,0.4748391807079315,1.946354866027832,0.1666666716337204,0.14384099455923594,1.0,1,1.1412776669677338,112,6379204aa590,0.4154523015022278,1.2815172672271729,0.1428571492433548,0.0,0.8400013687504737,1,0.9436287189327373,0,d52ebdd6c51c,0.4627401530742645,1.810905933380127,0.0,0.11157175065711056,0.0,1,0.7841086117004828,107,750257b28f11,0.4509485065937042,1.6788982152938843,0.0,0.0,0.0,1,0.7669466838240624,41,babe1d93de49,0.49833807349205017,2.209425687789917,0.0,0.3465734652800195,0.0,1,0.8511920790057953,78,98d9410b9c2c,0.47995078563690186,2.0035793781280518,0.0,0.0,0.0,1,0.8503198355436326,87,bd28ef3a0af3,0.37147682905197144,0.7892107367515564,0.0,0.0,0.0,0,0.4884885922074318,12,9251af4a3821,0.4107828736305237,1.2292429208755493,0.0,0.11157175065711056,0.0,1,0.6347463232850509,114,98e7b9000779,0.43839141726493835,1.5383212566375732,0.0,0.3465734652800195,0.0,1,0.6788626606446083
41,babe1d93de49,hire personnel,114,98e7b9000779,0.7414885759353638,3.504779815673828,0.3333333432674408,0.0,1.0,1,1.4833333134651185,78,98d9410b9c2c,0.6625422835350037,2.7546000480651855,0.20000000298023224,0.3465734652800195,0.8162162162162164,1,1.2054765453175336,184,389dd43f303d,0.5993020534515381,2.153665542602539,0.20000000298023224,0.3465734652800195,0.8162162162162164,1,1.0547078182534009,43,61355ce7e829,0.4769582450389862,0.9911049604415894,0.25,0.20273247072078354,0.8988095238095238,1,0.8091976487999496,62,c6d9ce80244c,0.4900537133216858,1.1155433654785156,0.125,0.6263813056763128,0.6398305084745763,1,0.6974460113566936,31,53acfaed8c01,0.6241962909698486,2.390220880508423,0.0,0.0,0.0,1,0.9102907955646515,12,9251af4a3821,0.5871793031692505,2.0384702682495117,0.1666666716337204,0.45814521593713003,0.7475247524752476,1,0.9894857612905943,107,750257b28f11,0.5158299803733826,1.3604799509048462,0.0,0.3465734652800195,0.0,1,0.590642466662484,0,d52ebdd6c51c,0.4407424330711365,0.6469675898551941,0.1666666716337204,0.45814521593713003,0.7475247524752476,1,0.6382740085480653,119,b729f6985724,0.3966638445854187,0.22811487317085266,0.1666666716337204,0.45814521593713003,0.7475247524752476,0,0.48255665875057796
42,853f8faf3522,manage control system activities in organizations,109,d052bd1e246e,0.5310930609703064,2.2845022678375244,0.2857142984867096,0.11157175065711056,0.9673402261597717,1,1.4317261646913944,178,78b65ab85b19,0.5381121635437012,2.393097162246704,0.1111111119389534,0.0,0.5511986924725282,1,1.3706973125270137,156,ae5e42c6c3d0,0.48958027362823486,1.6422452926635742,0.2857142984867096,0.11157175065711056,1.0,1,1.2481979218697028,173,49c0d2367c5d,0.504294216632843,1.8698891401290894,0.1111111119389534,0.0,0.5511986924725282,1,1.2068009902766474,37,78a6d412d86e,0.5281381607055664,2.238786220550537,0.0,0.09116076173031373,0.0,1,1.1370350707446872,128,54e485ae84d0,0.4667283296585083,1.2886958122253418,0.125,0.11157175065711056,0.6345091569723943,1,1.035237770327058,47,8f3ed6033a9e,0.5090121626853943,1.9428819417953491,0.0,0.0,0.0,1,1.0561899274587632,200,9ff41f315fd5,0.4702262282371521,1.3428128957748413,0.0,0.2554127452163465,0.0,1,0.8262007731588399,38,a3c08ed1a115,0.45463818311691284,1.1016453504562378,0.10000000149011612,0.09116076173031373,0.3087479724205801,1,0.8690396460569286,164,0c9fad019eee,0.40929728746414185,0.4001624286174774,0.1428571492433548,0.2554127452163465,0.4024750354768277,1,0.6532052259048045
43,61355ce7e829,maintain personnel records,11,810124c49b5c,0.6845426559448242,4.143943786621094,0.4000000059604645,0.2554127452163465,1.0,1,1.4316880810649908,41,babe1d93de49,0.4769582450389862,1.7859668731689453,0.25,0.20273247072078354,0.4231601200010141,1,0.7746920892489307,27,88a991273442,0.42688173055648804,1.2171416282653809,0.1666666716337204,0.14384099455923594,0.3676811092732066,1,0.652573621033573,119,b729f6985724,0.44566404819488525,1.4304922819137573,0.1428571492433548,0.2554127452163465,0.31632266396115416,1,0.665451399164972,86,19ea31d71f7c,0.5242816209793091,2.323518991470337,0.1428571492433548,0.2554127452163465,0.3367376495818971,1,0.8629473033238404,201,42bb588edac5,0.37330496311187744,0.6085566282272339,0.20000000298023224,0.0,0.4048869358068048,0,0.5058145904340217,184,389dd43f303d,0.41848933696746826,1.1218113899230957,0.1666666716337204,0.14384099455923594,0.34539015200082784,1,0.6245382368105938,0,d52ebdd6c51c,0.38822221755981445,0.7780035138130188,0.1428571492433548,0.2554127452163465,0.31632266396115416,0,0.4763719885821911,114,98e7b9000779,0.45820698142051697,1.5729689598083496,0.25,0.20273247072078354,0.4231601200010141,1,0.7301587098729961,78,98d9410b9c2c,0.4177260398864746,1.1131410598754883,0.1666666716337204,0.14384099455923594,0.34539015200082784,1,0.6226979657548954
44,2d4009710863,prepare operational progress or status reports,30,c6a87cc5d35e,0.8079960346221924,4.1317009925842285,0.6000000238418579,0.2554127452163465,1.0,1,1.3916880745084799,121,66497e9d2189,0.5480386018753052,1.5259132385253906,0.25,0.0,0.6287412495596479,1,0.8432529502028371,35,e19513a85bed,0.5534716248512268,1.5803732872009277,0.3333333432674408,0.2554127452163465,0.5604265400163798,1,0.7831894201367179,100,6002eddcd7d0,0.5370888113975525,1.4161535501480103,0.125,0.11157175065711056,0.2215906356159521,1,0.6743474338064355,16,6e6ec1a475b8,0.5071452856063843,1.1160025596618652,0.25,0.0,0.6287412495596479,1,0.7603822060340787,0,d52ebdd6c51c,0.5216034650802612,1.2609299421310425,0.1111111119389534,0.0,0.20294191875718381,1,0.653773855701405,164,0c9fad019eee,0.5059003829956055,1.103523850440979,0.1428571492433548,0.2554127452163465,0.24401349755328056,1,0.594395366908983,151,506120811a05,0.5093955993652344,1.1385595798492432,0.1428571492433548,0.2554127452163465,0.24401349755328056,1,0.601616424920038,186,4c7ceb754866,0.4576036334037781,0.6194019317626953,0.25,0.0,0.6287412495596479,1,0.659985531907692,36,e5bfe7745119,0.502905011177063,1.0734984874725342,0.10000000149011612,0.09116076173031373,0.1871884364792289,1,0.59670972958141
45,aa03c0034762,evaluate quality of materials or products,190,c2a2570c95d4,0.8464221954345703,4.231423854827881,0.5,0.11157175065711056,1.0,1,1.4332642269706206,102,f2c8cd5b27ab,0.6478029489517212,2.396669864654541,0.2857142984867096,0.11157175065711056,0.6982976051879806,1,0.9905719509745623,180,893bb3cbc01a,0.5324758291244507,1.331330418586731,0.2857142984867096,0.11157175065711056,0.5917914846045893,1,0.7326769109618235,150,3ffc9e8eaffb,0.5892442464828491,1.8557312488555908,0.3333333432674408,0.0,0.7083437724971118,1,0.8935660982551347,139,80c1c070d6f0,0.48300623893737793,0.8743528723716736,0.2857142984867096,0.11157175065711056,0.6223815983420526,1,0.6487493611510144,19,9d76ae41867e,0.5181021690368652,1.1985530853271484,0.1428571492433548,0.0,0.3501470222327931,1,0.6494920151421267,99,78b76b55f875,0.6390361785888672,2.3156864643096924,0.0,0.0,0.0,1,0.7825320094823838,130,cbb58925807f,0.43749701976776123,0.4539594352245331,0.1666666716337204,0.14384099455923594,0.42235953623829947,1,0.4936099965208264,165,72ea80489538,0.5407612919807434,1.4078677892684937,0.1428571492433548,0.0,0.3835481193947801,1,0.7056619331787828,203,79676bc4eb6a,0.46429184079170227,0.7014777660369873,0.25,0.2027325123874243,0.5740688715301123,1,0.5847306564275
46,f64f2eefbcb7,"develop operating strategies, plans, or procedures",48,23ca56c5d573,0.6797212362289429,3.2247326374053955,0.2857142984867096,0.11157175065711056,0.8520529570242366,1,1.424339909682342,93,4b8b2b6692c3,0.6246435046195984,2.4319941997528076,0.2857142984867096,0.11157175065711056,1.0,1,1.2926707578277068,15,c5e6a1a8c44d,0.5403535962104797,1.2188023328781128,0.125,0.11157175065711056,0.5479037630529989,1,0.8721777107681437,25,79d2ac46742b,0.5584815740585327,1.479719877243042,0.0,0.11157175065711056,0.0,1,0.7583294389223533,3,33b4e36b0d81,0.5581908822059631,1.4755359888076782,0.09090909361839294,0.1682360897391828,0.42950083120679994,1,0.8876888941875196,9,3cdbc3929112,0.5851643085479736,1.8637667894363403,0.125,0.11157175065711056,0.38512785254954934,1,0.9688495713712637,171,02b5b4014078,0.5739173889160156,1.701888918876648,0.125,0.11157175065711056,0.38512785254954934,1,0.9302870351316397,94,832ecabbf00a,0.4966406524181366,0.5896382927894592,0.25,0.0,0.9158415841584159,1,0.8567618446184857,167,00c6f12023ab,0.524989902973175,0.9976714849472046,0.125,0.11157175065711056,0.4669251044746871,1,0.7911573104689816,170,57e3b12b8497,0.5093234777450562,0.7721832990646362,0.25,0.0,0.7803455299479394,1,0.8518577205359856
47,8f3ed6033a9e,implement organizational process or policy changes,51,6385c0e2eb2e,0.723222017288208,3.237952947616577,0.6666666865348816,0.0,1.0,1,1.4166666507720949,29,ef7349785e11,0.6436244249343872,2.463520050048828,0.2857142984867096,0.11157175065711056,0.5836303613707596,1,1.1270488556543277,115,830e9df61ddd,0.702946662902832,3.040686845779419,0.125,0.11157175065711056,0.19330664294560243,1,1.1726019145241835,175,825fff3275ff,0.549607515335083,1.5487968921661377,0.1111111119389534,0.0,0.1770382621036458,1,0.7820465941579413,48,23ca56c5d573,0.5710654854774475,1.7575689554214478,0.125,0.11157175065711056,0.19330664294560243,1,0.8257839591494659,87,bd28ef3a0af3,0.5961824655532837,2.0019407272338867,0.125,0.11157175065711056,0.19330664294560243,1,0.8918359787455657,37,78a6d412d86e,0.574087381362915,1.7869700193405151,0.10000000149011612,0.09116076173031373,0.16329556595861391,1,0.8295456156214697,42,853f8faf3522,0.5090121626853943,1.153830647468567,0.0,0.0,0.0,1,0.624157752096653,167,00c6f12023ab,0.4861185550689697,0.9310907125473022,0.125,0.11157175065711056,0.19330664294560243,1,0.6023925529113868,170,57e3b12b8497,0.5071055889129639,1.1352808475494385,0.1111111119389534,0.0,0.1770382621036458,1,0.6700000692756247
48,23ca56c5d573,develop organizational methods or procedures,170,57e3b12b8497,0.6771585941314697,2.541435956954956,0.5,0.11157175065711056,1.0,1,1.4253998783802466,9,3cdbc3929112,0.66581130027771,2.421342611312866,0.3333333432674408,0.0,0.7389042797493656,1,1.347907149591317,46,f64f2eefbcb7,0.6797212362289429,2.5685577392578125,0.2857142984867096,0.11157175065711056,0.6887052809344597,1,1.3671682230509201,171,02b5b4014078,0.6584694385528564,2.3436403274536133,0.3333333432674408,0.0,0.6798003594728554,1,1.303974429590333,115,830e9df61ddd,0.5715991258621216,1.4242528676986694,0.3333333432674408,0.0,0.7519917121554641,1,1.0541863596299121,167,00c6f12023ab,0.5707573890686035,1.4153443574905396,0.3333333432674408,0.0,0.7519917121554641,1,1.0515211826422641,37,78a6d412d86e,0.5919243097305298,1.639363408088684,0.25,0.2027325123874243,0.6352441404053006,1,1.0596598286704986,175,825fff3275ff,0.5397491455078125,1.0871702432632446,0.2857142984867096,0.11157175065711056,0.6225894381310805,1,0.8969417387219935,87,bd28ef3a0af3,0.6021385788917542,1.7474656105041504,0.1428571492433548,0.0,0.3399001797364277,1,1.0361075912032667,204,62b52b411f3a,0.4774435758590698,0.4277624487876892,0.3333333432674408,0.0,0.7389042797493656,1,0.751483635403981
49,824d3015533f,develop specifications for new products or processes,84,c6940290ea74,0.7462508678436279,3.706728935241699,0.25,0.0,0.6981575591826416,1,1.3943551397534601,182,8729852fc4b8,0.676733136177063,2.789616823196411,0.375,0.09116076173031373,1.0,1,1.259702374426061,185,7b03e0901b8c,0.6876677870750427,2.9338722229003906,0.25,0.0,0.644558850880456,1,1.2017346544907463,102,f2c8cd5b27ab,0.5775785446166992,1.4815207719802856,0.1111111119389534,0.0,0.38259041128106175,1,0.7984634109948232,9,3cdbc3929112,0.56191086769104,1.274825096130371,0.2857142984867096,0.11157175065711056,0.7259332564225188,1,0.8366723633744432,140,f07eaef01260,0.54010409116745,0.9871394038200378,0.125,0.11157175065711056,0.41774736799337553,1,0.6787758714049369,153,8594b6595861,0.512280285358429,0.6200740933418274,0.1111111119389534,0.0,0.2952861352267586,1,0.5692232650742882,178,78b65ab85b19,0.5033469796180725,0.5022215247154236,0.1111111119389534,0.0,0.2952861352267586,1,0.5420417924449795,133,70f88532846f,0.5089624524116516,0.5763036012649536,0.10000000149011612,0.09116076173031373,0.2723643804374668,1,0.5382308793613817,202,8747ed85441f,0.5111599564552307,0.6052941679954529,0.1111111119389534,0.0,0.2952861352267586,1,0.5658144307361
50,a787a095d9b0,direct facility maintenance or repair activities,65,8da0e9e0dffc,0.8251910209655762,5.289689540863037,0.6666666865348816,0.0,1.0,1,1.4166666507720949,83,4ffdd533affb,0.3903006613254547,-0.06509146839380264,0.125,0.11157175065711056,0.34907163699904203,1,0.33147166540631107,25,79d2ac46742b,0.5487089157104492,1.885380744934082,0.2857142984867096,0.11157175065711056,0.4199284645287708,1,0.6870262840295293,193,adb21e5e1a03,0.5543137192726135,1.9543923139572144,0.0,0.0,0.0,1,0.5957877069711686,156,ae5e42c6c3d0,0.47925665974617004,1.0302188396453857,0.2857142984867096,0.11157175065711056,0.4199284645287708,1,0.539805601676748,189,a49d5a99c1d7,0.5101361870765686,1.410436749458313,0.0,0.11157175065711056,0.0,1,0.48051061755175156,173,49c0d2367c5d,0.4736790955066681,0.9615426063537598,0.0,0.0,0.0,1,0.415926094353199,64,445ae625480e,0.3993895649909973,0.04681970924139023,0.3333333432674408,0.2554127452163465,0.46242122582037254,1,0.3621463559808413,78,98d9410b9c2c,0.4423515200614929,0.5758079290390015,0.0,0.11157175065711056,0.0,1,0.32931180199737115,33,2be03b534579,0.4874289631843567,1.130843997001648,0.1111111119389534,0.0,0.224563808894136,1,0.5175298405980989
51,6385c0e2eb2e,recommend organizational process or policy changes,47,8f3ed6033a9e,0.723222017288208,4.762673377990723,0.6666666865348816,0.0,1.0,1,1.4166666507720949,2,771b010da2fa,0.537076473236084,2.5984396934509277,0.27272728085517883,0.29389328800662196,0.6156973002039391,1,0.9002171491129887,87,bd28ef3a0af3,0.5096156597137451,2.2791647911071777,0.125,0.11157175065711056,0.19330664294560243,1,0.7349136905065635,115,830e9df61ddd,0.5352914333343506,2.577685832977295,0.125,0.11157175065711056,0.19330664294560243,1,0.7939335764638046,170,57e3b12b8497,0.4013175964355469,1.02003014087677,0.1111111119389534,0.0,0.1770382621036458,0,0.44796613721562134,175,825fff3275ff,0.3935699462890625,0.929951548576355,0.1111111119389534,0.0,0.1770382621036458,0,0.4301129665823053,119,b729f6985724,0.37871795892715454,0.7572739124298096,0.0,0.0,0.0,0,0.3405054472386837,33,2be03b534579,0.30069801211357117,-0.1498301923274994,0.1111111119389534,0.0,0.1770382621036458,0,0.21610507673037754,29,ef7349785e11,0.3973429203033447,0.973818302154541,0.125,0.11157175065711056,0.2750085105294002,0,0.45543276205692496,37,78a6d412d86e,0.40783336758613586,1.095786213874817,0.10000000149011612,0.09116076173031373,0.16329556595861391,0,0.44528676123227884
52,7f83579eb5ca,maintain knowledge of current developments in area of expertise,18,1c10b347eeee,0.6883181929588318,5.359766483306885,0.125,0.3465735069466602,1.0,1,1.4730139590568398,139,80c1c070d6f0,0.4369961619377136,1.4280184507369995,0.10000000149011612,0.09116076173031373,0.584201619465761,0,0.6336312992288653,183,ff9c96c6d776,0.44028112292289734,1.4794092178344727,0.0,0.0,0.0,1,0.509813341498375,111,059770361813,0.37782639265060425,0.502350926399231,0.0,0.09116076173031373,0.0,1,0.32235302293055645,195,6b483cafcca2,0.4498560428619385,1.6292017698287964,0.0,0.2027325123874243,0.0,1,0.5060465694915072,86,19ea31d71f7c,0.37104472517967224,0.3962567448616028,0.10000000149011612,0.09116076173031373,0.584201619465761,1,0.5033067671372476,3,33b4e36b0d81,0.4153470993041992,1.0893347263336182,0.0,0.07707532800886907,0.0,0,0.3788707680141123,182,8729852fc4b8,0.45958155393600464,1.7813502550125122,0.0,0.0,0.0,0,0.5135186165571213,27,88a991273442,0.3067472279071808,-0.609630286693573,0.1111111119389534,0.2027325123874243,0.637885011524777,0,0.279387327727545,43,61355ce7e829,0.3354327976703644,-0.1608656644821167,0.125,0.3465735069466602,0.7024328995957363,1,0.4082748971623271
53,a68e486bae8e,negotiate sales or lease agreements for products or services,168,ab35d13698b5,0.6891406178474426,4.855946063995361,0.20000000298023224,0.0,1.0,1,1.5099999994039537,20,1bd49058235f,0.4017200767993927,1.6348932981491089,0.2222222238779068,0.09116076173031373,0.8371057208185746,1,0.8176534297473445,32,85a88cfd39f0,0.42697152495384216,1.9178801774978638,0.09090909361839294,0.0,0.5951939359784141,1,0.8137727873939281,123,05f356a221b7,0.4144209027290344,1.7772283554077148,0.125,0.3465735069466602,0.7176881431410969,1,0.7738880387814489,17,e1dbddbff402,0.4440491199493408,2.109264612197876,0.0,0.2027325123874243,0.0,1,0.6221152605067507,153,8594b6595861,0.333210289478302,0.8671205639839172,0.2222222238779068,0.09116076173031373,0.8371057208185746,0,0.620533572376491,88,d1809a4492b8,0.32022374868392944,0.7215835452079773,0.1111111119389534,0.2027325123874243,0.5320453619043015,1,0.525437166564545,142,c71cb5036aef,0.4284175634384155,1.9340856075286865,0.0,0.07707532800886907,0.0,0,0.5560466921960505,150,3ffc9e8eaffb,0.28082531690597534,0.28005480766296387,0.1111111119389534,0.2027325123874243,0.3819835873138179,0,0.33660963287380935,101,ae138f31c069,0.3381374478340149,0.92233806848526,0.0,0.09116076173031373,0.0,0,0.3522700552021801
54,00ee16f445cd,determine causes of operational problems or failures,100,6002eddcd7d0,0.6187249422073364,2.6005239486694336,0.2857142984867096,0.11157175065711056,1.0,1,1.3425747094129996,76,298036041aa4,0.6266584396362305,2.6848487854003906,0.1111111119389534,0.0,0.6624256532210835,1,1.2941476669198826,143,fd635c6ca5be,0.6676774024963379,3.120838165283203,0.10000000149011612,0.09116076173031373,0.27956878999944335,1,1.2641749425707254,140,f07eaef01260,0.5460144281387329,1.8276861906051636,0.2857142984867096,0.11157175065711056,0.8771274505619493,1,1.1012085759712236,57,c1933354ef21,0.534497857093811,1.7052768468856812,0.3333333432674408,0.2554127452163465,0.9658843949640512,1,1.0729215576960014,36,e5bfe7745119,0.48226505517959595,1.15009605884552,0.10000000149011612,0.09116076173031373,0.27956878999944335,1,0.7411622970281038,62,c6d9ce80244c,0.4278145730495453,0.5713436007499695,0.20000000298023224,0.1682360897391828,0.7838983050847457,0,0.694497305618035,151,506120811a05,0.46474409103393555,0.9638662934303284,0.1428571492433548,0.2554127452163465,0.36443788696356005,1,0.6925760914392942,30,c6a87cc5d35e,0.46862030029296875,1.0050663948059082,0.1428571492433548,0.2554127452163465,0.36443788696356005,0,0.6534272138782018,191,a9be4c9c15a1,0.48350581526756287,1.1632840633392334,0.0833333358168602,0.23500177712287373,0.24199828067145496,0,0.6617372714270724
55,4805101e52c6,monitor the productivity or efficiency of industrial operations,59,da6e8742f6bf,0.6023763418197632,2.610701084136963,0.2857142984867096,0.11157175065711056,1.0,1,1.4761213747238593,81,e9ce432833f3,0.5866323709487915,2.3882710933685303,0.1111111119389534,0.0,0.5714953133043693,1,1.3123158311845826,137,a4f4cc8a14a2,0.5919708013534546,2.4636921882629395,0.1428571492433548,0.2554127452163465,0.5402327967496108,1,1.279161089249025,28,ce1178bafa1d,0.502872884273529,1.2049212455749512,0.20000000298023224,0.1682360897391828,0.7707878491871296,1,0.997190895683367,197,3a46124701c0,0.5236268639564514,1.4981324672698975,0.125,0.11157175065711056,0.4738650933086334,1,0.9973741251119264,58,224946bca8ba,0.5395228862762451,1.7227106094360352,0.125,0.11157175065711056,0.49058978299424116,1,1.0691826379775855,22,bab0b2935945,0.5234361886978149,1.495438575744629,0.09090909361839294,0.1682360897391828,0.3993258057036669,1,0.9668276561111278,215,79b70e0eb0dc,0.5054422616958618,1.241221308708191,0.10000000149011612,0.09116076173031373,0.40029699663058066,1,0.9024488594100942,179,6a5f3442d709,0.49318671226501465,1.0680755376815796,0.1111111119389534,0.0,0.43398535773315433,1,0.875510561802044,97,48c561c86be0,0.4849569797515869,0.9518062472343445,0.10000000149011612,0.09116076173031373,0.4144251591503863,1,0.8220195770427015
56,269bfa3db5c6,conduct validation tests of equipment or processes,193,adb21e5e1a03,0.6105000972747803,2.559483528137207,0.1111111119389534,0.0,0.4263402601281844,1,1.3269968612064933,158,16ac0e74dbe1,0.5372505187988281,1.5041598081588745,0.125,0.11157175065711056,1.0,1,1.198480033633657,201,42bb588edac5,0.5995595455169678,2.401860475540161,0.1428571492433548,0.2554127452163465,0.5126234080112693,1,1.2664123538526462,66,196087c93944,0.5873385667800903,2.225789785385132,0.0833333358168602,0.23500177712287373,0.3403981523553093,1,1.168543048414405,76,298036041aa4,0.5740365982055664,2.0341453552246094,0.1111111119389534,0.0,0.4263402601281844,1,1.172406090604267,19,9d76ae41867e,0.5653486847877502,1.9089765548706055,0.125,0.11157175065711056,0.46551747322104464,1,1.130242798683668,185,7b03e0901b8c,0.5003955364227295,0.9731814861297607,0.1111111119389534,0.0,0.5872942960353834,1,0.916531179312095,190,c2a2570c95d4,0.5537934303283691,1.7424973249435425,0.0,0.0,0.0,1,0.9548490226268769,149,c9b79bbec6f3,0.5064110159873962,1.0598479509353638,0.125,0.11157175065711056,0.6412618799953916,1,0.9424964470622655,108,3f3251058257,0.43069547414779663,-0.031003445386886597,0.1111111119389534,0.0,0.9158415841584158,1,0.7360220977796776
57,c1933354ef21,determine operational methods,140,f07eaef01260,0.6899647116661072,3.23757004737854,0.4000000059604645,0.14384099455923594,1.0,1,1.4484238436635575,151,506120811a05,0.562818706035614,1.8826072216033936,0.20000000298023224,0.0,0.41549023090096615,1,0.9654867319703332,54,00ee16f445cd,0.534497857093811,1.5807991027832031,0.3333333432674408,0.2554127452163465,0.9158415841584157,1,1.009898748002984,100,6002eddcd7d0,0.5978763699531555,2.2562079429626465,0.1666666716337204,0.14384099455923594,0.37731004752087743,1,1.0294648762269936,22,bab0b2935945,0.6131056547164917,2.4185025691986084,0.1111111119389534,0.4236488349555293,0.29577270674306066,1,1.0089710357157562,48,23ca56c5d573,0.4662114679813385,0.85308837890625,0.1666666716337204,0.14384099455923594,0.5608446644859896,1,0.739571284483604,0,d52ebdd6c51c,0.5187259316444397,1.4127217531204224,0.1428571492433548,0.2554127452163465,0.34555623164040744,1,0.7915272411158598,30,c6a87cc5d35e,0.4868040680885315,1.0725384950637817,0.20000000298023224,0.0,0.41549023090096615,1,0.7622556133508912,13,f7e80a0049c6,0.4622340202331543,0.8107017278671265,0.20000000298023224,0.0,0.41549023090096615,1,0.6965656323671571,118,eb485b5cf6a6,0.4559304714202881,0.7435263991355896,0.20000000298023224,0.0,0.41549023090096615,1,0.6797126053214303
58,224946bca8ba,direct industrial production activities,25,79d2ac46742b,0.7619955539703369,3.5899112224578857,0.6000000238418579,0.0,1.0,1,1.4299999862909318,137,a4f4cc8a14a2,0.6155951619148254,2.24277925491333,0.1666666716337204,0.14384099455923594,0.42028171051697905,1,0.965199354175402,59,da6e8742f6bf,0.6220787167549133,2.302438974380493,0.1428571492433548,0.0,0.3816612290100134,1,0.9911687557264722,146,284cc33eb902,0.556412935256958,1.6982022523880005,0.3333333432674408,0.0,0.631349978808587,1,0.9088374920561004,97,48c561c86be0,0.5231495499610901,1.392122745513916,0.25,0.2027325123874243,0.6338245720879628,1,0.8159210810439341,65,8da0e9e0dffc,0.5271016359329224,1.4284886121749878,0.2857142984867096,0.11157175065711056,0.5782165647504385,1,0.8150408128808594,55,4805101e52c6,0.5395228862762451,1.5427851676940918,0.125,0.11157175065711056,0.34954122458837866,1,0.7799959594009779,33,2be03b534579,0.5606486797332764,1.7371783256530762,0.125,0.11157175065711056,0.33762501940797723,1,0.823362495191292,182,8729852fc4b8,0.5136384963989258,1.3046048879623413,0.1111111119389534,0.2027325123874243,0.3114166845680886,1,0.6961311308425049,24,2ae9204d54c8,0.4835011661052704,1.0272903442382812,0.1428571492433548,0.0,0.3816612290100134,1,0.6803316955133832
59,da6e8742f6bf,research industrial processes or operations,55,4805101e52c6,0.6023763418197632,2.2990922927856445,0.2857142984867096,0.11157175065711056,1.0,1,1.3876800177072959,173,49c0d2367c5d,0.6023209095001221,2.298245429992676,0.2857142984867096,0.11157175065711056,0.9002622916430081,1,1.3525229852915726,58,224946bca8ba,0.6220787167549133,2.600057601928711,0.1428571492433548,0.0,0.5356710062964147,1,1.3589134163946097,137,a4f4cc8a14a2,0.614534854888916,2.484820604324341,0.1666666716337204,0.14384099455923594,0.5898758105049804,1,1.3169458624601202,6,75e527217c38,0.5246409177780151,1.111637830734253,0.25,0.2027325123874243,0.75953001887106,1,0.9451815749524458,120,a04637eaf44a,0.549346387386322,1.4890284538269043,0.1428571492433548,0.0,0.5356710062964147,1,1.023892084488291,9,3cdbc3929112,0.5363346338272095,1.2902662754058838,0.1428571492433548,0.0,0.4723511084110153,1,0.9417951241599236,24,2ae9204d54c8,0.5394468307495117,1.3378069400787354,0.1428571492433548,0.0,0.5356710062964147,1,0.9782925195783561,22,bab0b2935945,0.5113836526870728,0.9091253280639648,0.2222222238779068,0.27980784039629336,0.8062958427593266,1,0.8931188594301355,85,e9ceea91a9c3,0.511445164680481,0.9100649356842041,0.1666666716337204,0.14384099455923594,0.5201485420002251,1,0.8197036244941788
60,90e3d91fbf4d,design control systems for mechanical or other equipment,127,3d77dabe7560,0.6994632482528687,2.942697525024414,0.4285714328289032,0.2027325123874243,0.7954586956010763,1,1.3604062453943584,128,54e485ae84d0,0.6093989014625549,2.059612274169922,0.4285714328289032,0.2027325123874243,1.0,1,1.208596174563052,75,f634ee56b726,0.7002212405204773,2.950129747390747,0.2857142984867096,0.3465735069466602,0.5447286437050567,1,1.2815261365771966,63,50171927f859,0.5715647339820862,1.6886463165283203,0.4444444477558136,0.07707532800886907,0.9511216293509036,1,1.1142691935492082,24,2ae9204d54c8,0.6010439395904541,1.977691411972046,0.25,0.2027325123874243,0.5594602871879902,1,1.0611424136739527,70,d5bb4574fc4d,0.5742950439453125,1.7154171466827393,0.2222222238779068,0.09116076173031373,0.45304164426955207,1,0.9759811380193116,125,12a1310a48ad,0.5143573880195618,1.1277254819869995,0.2222222238779068,0.09116076173031373,0.5988344128566092,1,0.8725716760107206,84,c6940290ea74,0.5259968042373657,1.24185049533844,0.2222222238779068,0.09116076173031373,0.49160966386223026,1,0.8650334336081332,132,22f88df4c22c,0.5082076787948608,1.0674272775650024,0.125,0.3465735069466602,0.2598791997406007,1,0.7105227456030891,161,f1f35b083d3a,0.4545753598213196,0.5415596961975098,0.10000000149011612,0.09116076173031373,0.3826972566367036,1,0.653337460427248
61,dc17b84d2d6b,review technical documents to plan work,15,c5e6a1a8c44d,0.5793598294258118,2.8070030212402344,0.125,0.11157175065711056,0.6259810430171412,1,1.3147967610162783,68,7a9450b42a26,0.5966821908950806,3.034010887145996,0.125,0.11157175065711056,0.33874221637465596,1,1.2768239982314018,196,0f2541e582f8,0.48655781149864197,1.5908416509628296,0.2222222238779068,0.09116076173031373,1.0,1,1.101034348097974,194,094e12b11051,0.5332696437835693,2.202995538711548,0.25,0.0,0.8835336781558537,1,1.2353075624461969,16,6e6ec1a475b8,0.47406238317489624,1.4270902872085571,0.1111111119389534,0.0,0.31023420806589774,1,0.8424169055675672,77,9b108680399f,0.4616875648498535,1.2649195194244385,0.1428571492433548,0.2554127452163465,0.6142470657251722,1,0.8621090546438666,3,33b4e36b0d81,0.496573805809021,1.7221002578735352,0.09090909361839294,0.1682360897391828,0.26553944927674306,1,0.8857824883747393,167,00c6f12023ab,0.4953348636627197,1.7058640718460083,0.0,0.11157175065711056,0.0,1,0.8091079620098548,95,7c80e08ee743,0.45381155610084534,1.1617052555084229,0.1428571492433548,0.2554127452163465,0.6142470657251722,1,0.8337546706387968,209,2ac9980eb5e6,0.4467495381832123,1.0691581964492798,0.0,0.09116076173031373,0.0,1,0.6328012783204854
62,c6d9ce80244c,confer with other personnel to resolve design or operational problems,3,33b4e36b0d81,0.7870267629623413,4.841109275817871,0.27272728085517883,0.0,0.6719828192614674,1,1.3806485305704779,100,6002eddcd7d0,0.491414874792099,0.8180937170982361,0.375,0.27980784039629336,1.0,1,0.7027710699127125,117,f2f5eb941075,0.5030268430709839,0.9761223196983337,0.0714285746216774,0.06676568738369093,0.21558207756408412,1,0.5099570482709282,0,d52ebdd6c51c,0.5526326298713684,1.6512130498886108,0.20000000298023224,0.1682360897391828,0.42952351405354067,1,0.687215731313342,103,6680fc36f234,0.5557378530502319,1.6934723854064941,0.20000000298023224,0.1682360897391828,0.5236527889686543,1,0.7280816599638992,38,a3c08ed1a115,0.5234451293945312,1.2539970874786377,0.0833333358168602,0.07707532800886907,0.3279643630451648,1,0.6000942004768584,12,9251af4a3821,0.5205280184745789,1.2142977714538574,0.20000000298023224,0.1682360897391828,0.5236527889686543,1,0.6382699809880786,163,3ac212a9f7c3,0.5469294190406799,1.5735974311828613,0.0,0.1682360897391828,0.0,1,0.5402654896687002,142,c71cb5036aef,0.47854894399642944,0.6429998278617859,0.07692307978868484,0.0,0.23111129501573424,1,0.4612036751676526,37,78a6d412d86e,0.500855028629303,0.9465658068656921,0.0,0.07707532800886907,0.0,1,0.4321799582873972
63,50171927f859,analyze design or requirements information for mechanical equipment or systems,84,c6940290ea74,0.6768229007720947,2.7382149696350098,0.20000000298023224,0.1682360897391828,0.4796411828433709,1,1.302638999938256,144,7a053b14e6ec,0.666374146938324,2.609524965286255,0.10000000149011612,0.27980784039629336,0.2523765406846165,1,1.189646695328724,19,9d76ae41867e,0.642170250415802,2.3114230632781982,0.2222222238779068,0.27980784039629336,0.5237163185641129,1,1.1777595843805615,60,90e3d91fbf4d,0.5715647339820862,1.4418257474899292,0.4444444477558136,0.07707532800886907,1.0,1,1.1022501132523213,125,12a1310a48ad,0.5959487557411194,1.7421462535858154,0.20000000298023224,0.1682360897391828,0.5842554921588202,1,1.0601150631555762,154,17f9d29c543d,0.5784257650375366,1.5263280868530273,0.07692307978868484,0.0,0.2723539703301007,1,0.9327878675484653,75,f634ee56b726,0.5951803922653198,1.7326828241348267,0.25,0.4236488349555293,0.5314669547842301,1,0.9932137377391728,127,3d77dabe7560,0.5526965856552124,1.2094403505325317,0.375,0.27980784039629336,0.7760928592487295,1,0.9397453860022077,70,d5bb4574fc4d,0.5573127865791321,1.2662947177886963,0.20000000298023224,0.1682360897391828,0.4420121208106468,1,0.8769769255177953,159,3319e1abdfb1,0.4726516604423523,0.22358456254005432,0.3333333432674408,0.1682360897391828,0.8703648116197104,1,0.7249536341540617
64,445ae625480e,direct installation activities,74,318da22b73fb,0.630069375038147,4.703280448913574,0.0,0.14384099455923594,0.0,1,1.178423841875418,146,284cc33eb902,0.4636229872703552,2.3346173763275146,0.4000000059604645,0.14384099455923594,1.0,1,0.9947075581368048,25,79d2ac46742b,0.4811219573020935,2.583641529083252,0.4000000059604645,0.14384099455923594,1.0,1,1.042407970708235,156,ae5e42c6c3d0,0.3779754042625427,1.115785002708435,0.4000000059604645,0.14384099455923594,1.0,1,0.7612407839115698,65,8da0e9e0dffc,0.4124293923377991,1.6060923337936401,0.3333333432674408,0.2554127452163465,0.9158415841584158,0,0.7649082956239956,33,2be03b534579,0.42245519161224365,1.748767375946045,0.1428571492433548,0.2554127452163465,0.5347668183106704,1,0.7271482365014352,50,a787a095d9b0,0.3993895649909973,1.420525312423706,0.3333333432674408,0.2554127452163465,0.9158415841584158,0,0.7289201100692528,164,0c9fad019eee,0.36959049105644226,0.9964610934257507,0.20000000298023224,0.0,0.45819703988836047,0,0.5337859055738851,142,c71cb5036aef,0.38019120693206787,1.14731764793396,0.1111111119389534,0.4236488349555293,0.32617416398832444,0,0.4604680889349251,58,224946bca8ba,0.33951622247695923,0.5684806108474731,0.4000000059604645,0.14384099455923594,1.0,0,0.6064048545625049
65,8da0e9e0dffc,direct equipment maintenance or repair activities,50,a787a095d9b0,0.8251910209655762,4.462711811065674,0.6666666865348816,0.0,1.0,1,1.4166666507720949,138,ef5aeb4ce41e,0.6343639492988586,2.3573060035705566,0.3333333432674408,0.2554127452163465,0.5345076565875373,1,0.8607806473094753,25,79d2ac46742b,0.5887674689292908,1.85423743724823,0.2857142984867096,0.11157175065711056,0.4199284645287708,1,0.7465186113024213,137,a4f4cc8a14a2,0.5717668533325195,1.6666686534881592,0.1428571492433548,0.2554127452163465,0.17894229219852162,1,0.6165471629122053,156,ae5e42c6c3d0,0.5056774616241455,0.9375007152557373,0.2857142984867096,0.11157175065711056,0.4199284645287708,1,0.5614551784003236,189,a49d5a99c1d7,0.5554890036582947,1.4870742559432983,0.125,0.11157175065711056,0.16249894642892776,1,0.5967735734202159,76,298036041aa4,0.5255497694015503,1.1567530632019043,0.1111111119389534,0.0,0.14882329252154275,1,0.5411604782082312,73,a40c650a049f,0.5037757754325867,0.9165193438529968,0.09090909361839294,0.1682360897391828,0.12738264868369337,1,0.4597685108532909,139,80c1c070d6f0,0.5225328803062439,1.1234675645828247,0.1111111119389534,0.0,0.14882329252154275,1,0.5342263718582861,33,2be03b534579,0.5055285692214966,0.9358580112457275,0.1111111119389534,0.0,0.224563808894136,1,0.5216522766446993
66,196087c93944,"test performance of electrical, electronic, mechanical, or integrated systems or equipment",19,9d76ae41867e,0.5919785499572754,2.6654775142669678,0.20000000298023224,0.3465735277799843,0.6656238608970437,1,1.3409823215509213,165,72ea80489538,0.5847941637039185,2.5772738456726074,0.09090909361839294,0.3465735277799843,0.45716244008833223,1,1.2647887922072492,70,d5bb4574fc4d,0.544628918170929,2.0841596126556396,0.1818181872367859,0.23500177712287373,0.800569788404887,1,1.2461410466327627,56,269bfa3db5c6,0.5873385667800903,2.6085116863250732,0.0833333358168602,0.23500177712287373,0.268014482555115,1,1.2256879726921464,201,42bb588edac5,0.511009693145752,1.6714119911193848,0.2222222238779068,0.4904145223392202,0.8256784338837779,1,1.0952130791848995,150,3ffc9e8eaffb,0.50251704454422,1.5671466588974,0.09090909361839294,0.3465735277799843,0.45716244008833223,1,0.9779085970664104,190,c2a2570c95d4,0.506065845489502,1.6107157468795776,0.0833333358168602,0.23500177712287373,0.41868837334822506,1,0.994666401174485,63,50171927f859,0.4424082338809967,0.8291828036308289,0.25,0.06676568738369093,0.9279661016949154,0,0.9079191596085457,220,7cd42be784e2,0.4298318028450012,0.6747802495956421,0.0833333358168602,0.23500177712287373,0.41868837334822506,1,0.7285010552672737,158,16ac0e74dbe1,0.43276017904281616,0.7107323408126831,0.09090909361839294,0.3465735277799843,0.45716244008833223,1,0.734683432354935
67,3574e4789085,coordinate safety or regulatory compliance activities,27,88a991273442,0.5860570669174194,2.6299803256988525,0.2857142984867096,0.11157175065711056,1.0,1,1.3987169650768714,96,1cbedefabffc,0.61199951171875,2.907423973083496,0.10000000149011612,0.09116076173031373,0.39276303801422535,1,1.303792929375899,116,1cf7420e0aac,0.5624625086784363,2.3776464462280273,0.2222222238779068,0.09116076173031373,0.8447488584474885,1,1.2880228104492024,149,c9b79bbec6f3,0.521038830280304,1.9346376657485962,0.125,0.11157175065711056,0.4649465152708938,1,1.0416141531622771,196,0f2541e582f8,0.5600537061691284,2.3518853187561035,0.10000000149011612,0.09116076173031373,0.39276303801422535,1,1.143534755433333,121,66497e9d2189,0.5184204578399658,1.9066352844238281,0.1111111119389534,0.0,0.4258173530946305,1,1.0386806099591201,142,c71cb5036aef,0.38334816694259644,0.46209394931793213,0.20000000298023224,0.1682360897391828,0.6610267404337576,0,0.6231962120311935,87,bd28ef3a0af3,0.5077168941497803,1.7921651601791382,0.0,0.11157175065711056,0.0,1,0.855847450849958,120,a04637eaf44a,0.3922678828239441,0.5574865937232971,0.0,0.11157175065711056,0.0,1,0.4933714521502928,185,7b03e0901b8c,0.44807547330856323,1.154325246810913,0.0,0.0,0.0,1,0.6853267058730126
68,7a9450b42a26,document technical design details,194,094e12b11051,0.5849655866622925,2.5306954383850098,0.2857142984867096,0.11157175065711056,1.0,1,1.4371754465078788,124,3b11edaeeba4,0.5408648252487183,2.018496036529541,0.2857142984867096,0.11157175065711056,0.9564788537923328,1,1.2753522536925292,61,dc17b84d2d6b,0.5966821908950806,2.6667754650115967,0.125,0.11157175065711056,0.33357928423999134,1,1.2750169719842692,167,00c6f12023ab,0.5245633721351624,1.8291661739349365,0.1428571492433548,0.0,0.6730860196858314,1,1.1610188268779102,144,7a053b14e6ec,0.5150608420372009,1.7188010215759277,0.1428571492433548,0.0,0.3712854855360671,1,1.0229764238581787,154,17f9d29c543d,0.5616621971130371,2.260042905807495,0.10000000149011612,0.27980784039629336,0.2855212517647384,1,1.1175986625661414,209,2ac9980eb5e6,0.4726526737213135,1.2262599468231201,0.1111111119389534,0.2027325123874243,0.3136429900647142,1,0.8316957366072281,84,c6940290ea74,0.5111687779426575,1.6735974550247192,0.125,0.11157175065711056,0.33357928423999134,0,0.9324105586198588,63,50171927f859,0.513221263885498,1.6974356174468994,0.10000000149011612,0.27980784039629336,0.2910500628142899,1,0.9530437429668783,95,7c80e08ee743,0.4508823752403259,0.9734132885932922,0.0,0.14384099455923594,0.0,1,0.6684453463371832
69,636981831618,identify new applications for existing technologies,195,6b483cafcca2,0.674584150314331,4.107568740844727,0.2857142984867096,0.11157175065711056,1.0,1,1.4761213747238593,126,ebdb003908ef,0.6284180879592896,3.5823283195495605,0.25,0.0,0.8911046326343101,1,1.347064644998745,21,c9b70de179fe,0.42568638920783997,1.2758102416992188,0.125,0.11157175065711056,0.49773761874567335,1,0.6993570751140572,73,a40c650a049f,0.4556090533733368,1.616246223449707,0.09090909361839294,0.1682360897391828,0.3725494759499197,1,0.7265975625850001,49,824d3015533f,0.40694570541381836,1.0625938177108765,0.1111111119389534,0.0,0.480585760771381,0,0.6135162794736042,182,8729852fc4b8,0.4695355296134949,1.7746903896331787,0.10000000149011612,0.09116076173031373,0.44328001678456136,0,0.7475784071079655,176,62eda05f366c,0.304678738117218,-0.10091748088598251,0.125,0.11157175065711056,0.5585743686075434,0,0.362845641772536,148,253c9a1feb09,0.38748443126678467,0.8411790728569031,0.1111111119389534,0.0,0.4352558233870349,1,0.5980254009352772,52,7f83579eb5ca,0.4058758020401001,1.0504212379455566,0.0,0.09116076173031373,0.0,1,0.4876297850286304,180,893bb3cbc01a,0.3966655731201172,0.9456347227096558,0.1111111119389534,0.0,0.4352558233870349,1,0.621436924486026
70,d5bb4574fc4d,design electronic or computer equipment or instrumentation,127,3d77dabe7560,0.7094281911849976,3.1528561115264893,0.2857142984867096,0.11157175065711056,0.6372433480219838,1,1.3491565465315536,75,f634ee56b726,0.6790734529495239,2.7753756046295166,0.3333333432674408,0.2554127452163465,0.7017263058575415,1,1.2489161886478526,138,ef5aeb4ce41e,0.5240727663040161,0.8478429317474365,0.3333333432674408,0.2554127452163465,1.0,1,0.8850150216014897,66,196087c93944,0.544628918170929,1.1034717559814453,0.1818181872367859,0.23500177712287373,0.6640316205533597,1,0.8489689090146224,84,c6940290ea74,0.5876893401145935,1.6389557123184204,0.1111111119389534,0.0,0.27843060934183206,1,0.8923347423004411,19,9d76ae41867e,0.5877997875213623,1.640329122543335,0.125,0.11157175065711056,0.30401612479486534,1,0.8830657087902648,5,abdac161e57b,0.5622875690460205,1.323068380355835,0.125,0.11157175065711056,0.33322722322711834,1,0.8132460538366844,60,90e3d91fbf4d,0.5742950439453125,1.4723889827728271,0.2222222238779068,0.09116076173031373,0.5383105907948263,1,0.9136433631990698,129,06f6e71fddcf,0.5501862168312073,1.172580361366272,0.125,0.11157175065711056,0.30401612479486534,1,0.7650546514134032,200,9ff41f315fd5,0.5124318599700928,0.7030807733535767,0.1428571492433548,0.2554127452163465,0.665220338767559,1,0.7498379313669585
71,1cb040da80f9,evaluate plans or specifications to determine technological or environmental implications,145,7809c19536e4,0.660423994064331,3.0418331623077393,0.27272728085517883,0.0,1.0,1,1.4954545438289644,174,003763627ff4,0.6228930354118347,2.510215997695923,0.1818181872367859,0.07707532800886907,0.6313982420978147,1,1.2368898259074699,180,893bb3cbc01a,0.5800595283508301,1.9034897089004517,0.09090909361839294,0.1682360897391828,0.3373787926050835,1,0.978316156541806,140,f07eaef01260,0.5295610427856445,1.1881908178329468,0.2222222238779068,0.27980784039629336,0.8373118879746615,1,0.9352753403692379,195,6b483cafcca2,0.5652058124542236,1.6930904388427734,0.10000000149011612,0.27980784039629336,0.36838116814176686,1,0.9164031051613711,215,79b70e0eb0dc,0.6021829843521118,2.2168631553649902,0.0833333358168602,0.07707532800886907,0.32020867083650484,1,1.0687900721164099,105,8bb47fa10a52,0.5801489353179932,1.9047561883926392,0.10000000149011612,0.27980784039629336,0.37905783196321396,1,0.9751551363852722,134,469df54e4928,0.516573429107666,1.004224419593811,0.1428571492433548,0.12565719826743915,0.5737137010196754,1,0.8277909023085316,159,3319e1abdfb1,0.5214905142784119,1.07387375831604,0.0,0.1682360897391828,0.0,1,0.6542082320164175,102,f2c8cd5b27ab,0.48555266857147217,0.5648227334022522,0.20000000298023224,0.1682360897391828,0.7069407000638591,1,0.7497753549202951
72,91e3b64a6f04,advise others regarding green practices or environmental concerns,116,1cf7420e0aac,0.5558068752288818,2.3165388107299805,0.1818181872367859,0.07707532800886907,0.8447488584474885,1,1.3355519359369923,8,04d0abdf0b41,0.595453679561615,2.692206621170044,0.0625,0.1783374505407972,0.33754841289605453,1,1.2788913150115706,176,62eda05f366c,0.5709483623504639,2.460009813308716,0.10000000149011612,0.27980784039629336,0.5236561864927981,1,1.250948941478775,23,9a8d83e8b2e2,0.48311281204223633,1.627736210823059,0.1111111119389534,0.4236488349555293,0.46162599847165947,1,0.9538813548577759,175,825fff3275ff,0.5017059445381165,1.803912878036499,0.09090909361839294,0.1682360897391828,0.5382042652085894,1,1.0753531927377926,159,3319e1abdfb1,0.5063785314559937,1.8481873273849487,0.09090909361839294,0.1682360897391828,0.47958611139191903,1,1.06827433353754,80,4e4d6d43dbf9,0.3600677251815796,0.46183955669403076,0.2222222238779068,0.27980784039629336,1.0,1,0.8023654468939709,148,253c9a1feb09,0.5222910642623901,1.9989643096923828,0.09090909361839294,0.1682360897391828,0.47958611139191903,1,1.1140358144650073,96,1cbedefabffc,0.46923643350601196,1.4962525367736816,0.0833333358168602,0.07707532800886907,0.3541240536220949,1,0.9322522145213704,111,059770361813,0.30794036388397217,-0.03208602964878082,0.20000000298023224,0.1682360897391828,0.9158415841584158,1,0.6444132466757491
73,a40c650a049f,"select tools, equipment, or technologies for use in operations or projects",173,49c0d2367c5d,0.5475710034370422,1.9917370080947876,0.20000000298023224,0.1682360897391828,1.0,1,1.4260769139240714,130,cbb58925807f,0.5284623503684998,1.662791132926941,0.1111111119389534,0.4236488349555293,0.8111327964855218,1,1.2319291766961207,137,a4f4cc8a14a2,0.5582625865936279,2.1757872104644775,0.1111111119389534,0.4236488349555293,0.37759648986665995,1,1.2463892163716304,133,70f88532846f,0.5138753652572632,1.411683440208435,0.0833333358168602,0.07707532800886907,0.6222388575779345,1,1.1407858364028358,70,d5bb4574fc4d,0.5263099670410156,1.6257388591766357,0.09090909361839294,0.1682360897391828,0.3140406450376182,1,1.0876567825447891,59,da6e8742f6bf,0.5249249935150146,1.6018972396850586,0.10000000149011612,0.27980784039629336,0.5562208855954772,1,1.1464139129488464,75,f634ee56b726,0.5379060506820679,1.8253597021102905,0.1111111119389534,0.4236488349555293,0.37759648986665995,1,1.1328595193110453,19,9d76ae41867e,0.5140492916107178,1.4146775007247925,0.10000000149011612,0.27980784039629336,0.34289843404107506,1,1.0109770862082113,65,8da0e9e0dffc,0.5037757754325867,1.2378240823745728,0.09090909361839294,0.1682360897391828,0.3140406450376182,1,0.9615319534909105,135,4055e1544ee0,0.5122770667076111,1.384169578552246,0.1111111119389534,0.4236488349555293,0.37759648986665995,1,0.9899251224480616
74,318da22b73fb,install production equipment or systems,135,4055e1544ee0,0.6492459177970886,2.988790512084961,0.1666666716337204,0.14384099455923594,0.46832844975447907,1,1.309005467942974,64,445ae625480e,0.630069375038147,2.7473042011260986,0.0,0.14384099455923594,0.0,1,1.114991327207907,200,9ff41f315fd5,0.5313316583633423,1.5039193630218506,0.1666666716337204,0.14384099455923594,0.5968969644573645,1,0.9752710441082517,211,c7ea79acedc2,0.5593342185020447,1.8565500974655151,0.125,0.11157175065711056,0.3895008889047153,1,1.0036434821385367,137,a4f4cc8a14a2,0.5611760020256042,1.8797433376312256,0.1666666716337204,0.14384099455923594,0.46832844975447907,1,1.0261302057421413,189,a49d5a99c1d7,0.5461013317108154,1.6899110078811646,0.1428571492433548,0.0,0.42529286247974324,1,0.9875741154538591,19,9d76ae41867e,0.4700804352760315,0.7325946688652039,0.3333333432674408,0.0,0.9673398356085932,0,0.8636117892619044,84,c6940290ea74,0.4563700556755066,0.5599424839019775,0.2857142984867096,0.11157175065711056,0.8859300474633156,0,0.7799003818317015,25,79d2ac46742b,0.457958459854126,0.5799449682235718,0.1428571492433548,0.0,0.6417368106549339,0,0.7290126893298701,139,80c1c070d6f0,0.4917363226413727,1.0053030252456665,0.125,0.11157175065711056,0.3895008889047153,1,0.7849028400677664
75,f634ee56b726,design industrial equipment,137,a4f4cc8a14a2,0.7594470381736755,2.8138086795806885,0.5,0.0,1.0,1,1.4499999895691873,24,2ae9204d54c8,0.7592480182647705,2.811887502670288,0.4000000059604645,0.14384099455923594,0.9421629000606188,1,1.4276673572194534,127,3d77dabe7560,0.6833375096321106,2.0790915489196777,0.4000000059604645,0.14384099455923594,0.7429090587038287,1,1.1620510426684927,60,90e3d91fbf4d,0.7002212405204773,2.242077350616455,0.2857142984867096,0.3465735069466602,0.6275715792703574,1,1.1544318954002692,70,d5bb4574fc4d,0.6790734529495239,2.037928819656372,0.3333333432674408,0.2554127452163465,0.6803870092089519,1,1.1231786693117178,135,4055e1544ee0,0.6239465475082397,1.5057659149169922,0.20000000298023224,0.0,0.3902917837767673,1,0.9338895988945272,125,12a1310a48ad,0.6044505834579468,1.3175631761550903,0.1428571492433548,0.2554127452163465,0.32459910729948965,1,0.8275545670659905,63,50171927f859,0.5951803922653198,1.2280741930007935,0.25,0.4236488349555293,0.5823651519500352,1,0.8545270892363135,19,9d76ae41867e,0.5700374841690063,0.9853591918945312,0.1666666716337204,0.14384099455923594,0.354427133375659,1,0.7590766346579919,155,f6d7dbe3f71e,0.5044708847999573,0.3524174094200134,0.20000000298023224,0.0,0.4277925963435201,1,0.6271981598269711
76,298036041aa4,"investigate system, equipment, or product failures",54,00ee16f445cd,0.6266584396362305,2.358548641204834,0.1111111119389534,0.0,0.9158415841584158,1,1.336744339926408,193,adb21e5e1a03,0.6732256412506104,2.9678049087524414,0.1111111119389534,0.0,0.4263402601281844,1,1.3269968612064933,120,a04637eaf44a,0.6011608839035034,2.024954319000244,0.125,0.11157175065711056,0.9250015072549858,1,1.232581739222943,99,78b76b55f875,0.5493838787078857,1.3475360870361328,0.125,0.11157175065711056,1.0,1,1.0796187830542998,19,9d76ae41867e,0.6191955804824829,2.260909080505371,0.125,0.11157175065711056,0.46551747322104464,1,1.1341846028542766,202,8747ed85441f,0.6282246112823486,2.3790395259857178,0.0,0.0,0.0,1,1.0407794892787934,56,269bfa3db5c6,0.5740365982055664,1.6700770854949951,0.1111111119389534,0.0,0.4263402601281844,1,0.9828325567712402,138,ef5aeb4ce41e,0.535401463508606,1.164598822593689,0.1428571492433548,0.2554127452163465,0.5126234080112693,1,0.8370073798688815,65,8da0e9e0dffc,0.5255497694015503,1.0357054471969604,0.1111111119389534,0.0,0.4263402601281844,1,0.8145939094891166,143,fd635c6ca5be,0.568666398525238,1.5998166799545288,0.0,0.09116076173031373,0.0,1,0.8163794566070378
77,9b108680399f,prepare proposal documents,1,06d678da6c8d,0.6226688623428345,3.143759250640869,0.5,0.0,1.0,1,1.4499999895691873,95,7c80e08ee743,0.5975207686424255,2.897829294204712,0.5,0.0,1.0,1,1.3881808906793596,212,0cf60304ef43,0.5351470708847046,2.28786039352417,0.0,0.0,0.0,1,0.9643636822700501,17,e1dbddbff402,0.49029695987701416,1.8492590188980103,0.1666666716337204,0.14384099455923594,0.38008251264002774,1,0.9320624443309485,61,dc17b84d2d6b,0.4616875648498535,1.569480061531067,0.1428571492433548,0.2554127452163465,0.4835877978296777,1,0.8797278335306853,167,00c6f12023ab,0.47961729764938354,1.7448197603225708,0.0,0.14384099455923594,0.0,1,0.7932838102992613,186,4c7ceb754866,0.420715868473053,1.1688069105148315,0.1428571492433548,0.2554127452163465,0.3480953704871541,1,0.724737361514265,121,66497e9d2189,0.42051345109939575,1.1668273210525513,0.1428571492433548,0.2554127452163465,0.3480953704871541,1,0.7242059265014477,3,33b4e36b0d81,0.4426223635673523,1.3830363750457764,0.1111111119389534,0.4236488349555293,0.2979460374508692,0,0.6931365092098994,15,c5e6a1a8c44d,0.41767895221710205,1.1391080617904663,0.1666666716337204,0.14384099455923594,0.38008251264002774,1,0.7422188045995414
78,98d9410b9c2c,supervise production or support personnel,31,53acfaed8c01,0.7583127021789551,3.751805543899536,0.20000000298023224,0.3465734652800195,0.6963812452375104,1,1.3517474154450793,184,389dd43f303d,0.6897972226142883,3.0260696411132812,0.3333333432674408,0.0,1.0,1,1.3176747575402261,41,babe1d93de49,0.6625422835350037,2.737377405166626,0.20000000298023224,0.3465734652800195,0.5287843176763968,1,1.055832425787665,12,9251af4a3821,0.6761831641197205,2.8818655014038086,0.2857142984867096,0.11157175065711056,0.9158415841584158,1,1.2463452532101809,25,79d2ac46742b,0.4481676518917084,0.46665874123573303,0.1428571492433548,0.0,0.4594572959499758,0,0.5059923718228957,107,750257b28f11,0.5010585188865662,1.026894211769104,0.0,0.0,0.0,1,0.5397273182868958,62,c6d9ce80244c,0.4711228609085083,0.7098070383071899,0.10000000149011612,0.27980784039629336,0.3383323388522709,1,0.5321583878114873,37,78a6d412d86e,0.5110046863555908,1.132246971130371,0.0,0.2027325123874243,0.0,1,0.5348454178820864,43,61355ce7e829,0.4177260398864746,0.1442122906446457,0.1666666716337204,0.14384099455923594,0.47527638076866613,1,0.46261993629590786,142,c71cb5036aef,0.4775260090827942,0.7776310443878174,0.0,0.27980784039629336,0.0,1,0.43735722830752605
79,5b935f6121b7,perform marketing activities,32,85a88cfd39f0,0.6898694634437561,4.670405864715576,0.2857142984867096,0.3465735069466602,0.8447488584474884,1,1.3865332117370477,93,4b8b2b6692c3,0.6065768003463745,3.681448459625244,0.0,0.14384099455923594,0.0,1,0.9753918102201063,107,750257b28f11,0.32872870564460754,0.38247907161712646,0.4000000059604645,0.14384099455923594,1.0,0,0.5793551789786655,20,1bd49058235f,0.45484718680381775,1.8799196481704712,0.0,0.2554127452163465,0.0,1,0.5888037953169858,170,57e3b12b8497,0.39780598878860474,1.2026532888412476,0.1428571492433548,0.2554127452163465,0.3055057801207841,0,0.4958048339170261,164,0c9fad019eee,0.32039874792099,0.2835751175880432,0.20000000298023224,0.0,0.3673343308595143,0,0.36928031412160023,146,284cc33eb902,0.31151294708251953,0.17807148396968842,0.1666666716337204,0.14384099455923594,0.33357928423999134,0,0.3163036558854959,142,c71cb5036aef,0.3485122621059418,0.617374837398529,0.1111111119389534,0.4236488349555293,0.26149223552711187,0,0.33974807854812383,94,832ecabbf00a,0.41454827785491943,1.4014391899108887,0.0,0.2554127452163465,0.0,1,0.4905722189338719,153,8594b6595861,0.34937435388565063,0.6276107430458069,0.0,0.2554127452163465,0.0,0,0.2817059401066815
80,4e4d6d43dbf9,advise others on logistics topics,85,e9ceea91a9c3,0.6246812343597412,3.7487664222717285,0.1666666716337204,0.14384099455923594,0.6296342242353882,1,1.365462489011292,111,059770361813,0.3877304494380951,0.6056751608848572,0.2857142984867096,0.11157175065711056,1.0,1,0.7369117637550311,198,edb3d68bc36f,0.4942805767059326,2.0190353393554688,0.125,0.11157175065711056,0.5,1,0.9144915623044448,173,49c0d2367c5d,0.5447913408279419,2.6890475749969482,0.125,0.11157175065711056,0.5236561864927981,1,1.084983040609551,92,3f67b920ee49,0.577892541885376,3.128126621246338,0.1111111119389534,0.2027325123874243,0.48300707612577715,1,1.165790745223149,168,ab35d13698b5,0.4736151099205017,1.744913101196289,0.1111111119389534,0.2027325123874243,0.48300707612577715,1,0.8300840791112029,72,91e3b64a6f04,0.3600677251815796,0.23873621225357056,0.2222222238779068,0.27980784039629336,0.8559322033898306,1,0.5780603363303048,103,6680fc36f234,0.4511152505874634,1.446458339691162,0.0,0.11157175065711056,0.0,1,0.6134825152730422,142,c71cb5036aef,0.454229474067688,1.4877676963806152,0.0,0.27980784039629336,0.0,1,0.598470430879395,20,1bd49058235f,0.42401278018951416,1.0869510173797607,0.125,0.11157175065711056,0.5,1,0.6888313574170547
81,e9ce432833f3,identify opportunities to improve operational efficiency,100,6002eddcd7d0,0.6661146879196167,3.598252534866333,0.125,0.11157175065711056,0.23769126151739992,1,1.2414561640313622,55,4805101e52c6,0.5866323709487915,2.5815207958221436,0.1111111119389534,0.0,0.44008009477423976,1,1.0901087005475023,2,771b010da2fa,0.49409449100494385,1.3977831602096558,0.1666666716337204,0.29389328800662196,0.6385514803287973,1,0.8281345822413563,25,79d2ac46742b,0.5306265950202942,1.8650990724563599,0.125,0.11157175065711056,0.23769126151739992,1,0.8304663579753396,176,62eda05f366c,0.3495665192604065,-0.4510076940059662,0.2857142984867096,0.11157175065711056,1.0,1,0.5433384416079001,172,2c5271f1a3e4,0.49037063121795654,1.3501478433609009,0.10000000149011612,0.09116076173031373,0.200789421829767,1,0.7011305157335097,13,f7e80a0049c6,0.49296241998672485,1.3833017349243164,0.1428571492433548,0.2554127452163465,0.2617433534566606,1,0.7011539118158947,46,f64f2eefbcb7,0.4914931058883667,1.364506483078003,0.0,0.0,0.0,1,0.6585315495729447,22,bab0b2935945,0.4986339807510376,1.4558519124984741,0.09090909361839294,0.1682360897391828,0.18632577703694483,1,0.7106814786921969,35,e19513a85bed,0.48176825046539307,1.2401068210601807,0.1428571492433548,0.2554127452163465,0.2617433534566606,1,0.6673052685129772
82,68d8248a643f,"analyze jobs using observation, survey, or interview techniques",113,322cdff981bb,0.5353509783744812,3.1906232833862305,0.0833333358168602,0.07707532800886907,1.0,1,1.5217720261847172,36,e5bfe7745119,0.459887832403183,2.1115922927856445,0.0833333358168602,0.07707532800886907,0.624107531264401,0,1.0624735198495399,158,16ac0e74dbe1,0.39841127395629883,1.232552409172058,0.10000000149011612,0.27980784039629336,0.738808374848129,1,0.8940983715104632,119,b729f6985724,0.4810720682144165,2.4145009517669678,0.09090909361839294,0.1682360897391828,0.6766314324104151,1,1.1939015782115567,59,da6e8742f6bf,0.45671379566192627,2.0662074089050293,0.0,0.27980784039629336,0.0,0,0.8143548079417157,120,a04637eaf44a,0.4284977614879608,1.6627525091171265,0.0,0.27980784039629336,0.0,1,0.758980710117619,172,2c5271f1a3e4,0.41575199365615845,1.4805035591125488,0.0833333358168602,0.07707532800886907,0.624107531264401,0,0.9000351570127021,85,e9ceea91a9c3,0.35290732979774475,0.5819014310836792,0.1111111119389534,0.4236488349555293,0.8135687461125228,0,0.6808017002167133,22,bab0b2935945,0.4247891306877136,1.6097235679626465,0.07692307978868484,0.0,0.5791506328258637,0,0.9299437235122723,207,7663c229a426,0.3231297731399536,0.15611866116523743,0.1111111119389534,0.4236488349555293,0.8135687461125228,1,0.6217449852945236
83,4ffdd533affb,plan facility layouts or designs,155,f6d7dbe3f71e,0.7043818235397339,4.793906211853027,0.0,0.14384099455923594,0.0,1,1.178423841875418,3,33b4e36b0d81,0.5284563302993774,2.5397655963897705,0.10000000149011612,0.27980784039629336,0.6224550460781448,1,0.9215520786581471,50,a787a095d9b0,0.3903006613254547,0.7695713639259338,0.125,0.11157175065711056,1.0,0,0.6862719190692381,15,c5e6a1a8c44d,0.504296064376831,2.230199098587036,0.0,0.0,0.0,1,0.6972725793719292,104,985eed507e3a,0.40538591146469116,0.9628593325614929,0.1111111119389534,0.2027325123874243,0.6707734743125213,0,0.5954103099037464,153,8594b6595861,0.42137283086776733,1.1677004098892212,0.0,0.11157175065711056,0.0,1,0.4721872312402205,163,3ac212a9f7c3,0.34923115372657776,0.24334612488746643,0.125,0.11157175065711056,0.7272247072992187,0,0.48985423336462064,10,365ec2897755,0.33208152651786804,0.023607248440384865,0.125,0.11157175065711056,0.7272247072992187,0,0.4477014858527569,145,7809c19536e4,0.37138789892196655,0.5272414088249207,0.10000000149011612,0.27980784039629336,0.6224550460781448,0,0.48377166562656904,61,dc17b84d2d6b,0.30591481924057007,-0.3116678297519684,0.125,0.11157175065711056,1.0,0,0.47885666987056297
84,c6940290ea74,develop technical specifications for systems or equipment,49,824d3015533f,0.7462508678436279,3.4420583248138428,0.25,0.0,1.0,1,1.4999999940395357,63,50171927f859,0.6768229007720947,2.5491726398468018,0.20000000298023224,0.1682360897391828,0.7070369718387362,1,1.1709473589838202,9,3cdbc3929112,0.6069260835647583,1.6502571105957031,0.2857142984867096,0.11157175065711056,0.9199240519824484,1,1.0306558388028022,194,094e12b11051,0.5390257239341736,0.7770172357559204,0.25,0.0,0.9385048983035112,1,0.8535395242907772,19,9d76ae41867e,0.577196478843689,1.2679163217544556,0.2857142984867096,0.11157175065711056,0.9019498667780634,1,0.9352902325151268,140,f07eaef01260,0.5639608502388,1.0976980924606323,0.125,0.11157175065711056,0.598356864433936,1,0.8054557366282302,103,6680fc36f234,0.5691196918487549,1.16404390335083,0.1111111119389534,0.0,0.3905047996882728,1,0.7667834672744519,70,d5bb4574fc4d,0.5876893401145935,1.4028608798980713,0.1111111119389534,0.0,0.36317151628157807,1,0.8146321842548992,154,17f9d29c543d,0.5669732093811035,1.1364388465881348,0.20000000298023224,0.1682360897391828,0.8032965654970732,1,0.8703485393231178,3,33b4e36b0d81,0.5910151600837708,1.4456329345703125,0.09090909361839294,0.1682360897391828,0.3342456336314878,1,0.7918766355448883
85,e9ceea91a9c3,analyze logistics processes,80,4e4d6d43dbf9,0.6246812343597412,3.4465341567993164,0.1666666716337204,0.14384099455923594,0.8309690446608325,1,1.4035294704288057,22,bab0b2935945,0.5204094052314758,2.0417168140411377,0.25,0.4236488349555293,1.0,1,1.0697075321179874,92,3f67b920ee49,0.6346206665039062,3.580444574356079,0.125,0.3465735069466602,0.7019601518824383,1,1.3687000122156932,59,da6e8742f6bf,0.511445164680481,1.9209446907043457,0.1666666716337204,0.14384099455923594,0.6464848721400167,1,0.9698370354719541,173,49c0d2367c5d,0.5110887289047241,1.9161425828933716,0.1428571492433548,0.2554127452163465,0.7610360062487822,1,0.9950769762317817,151,506120811a05,0.5119248032569885,1.927406668663025,0.20000000298023224,0.0,0.7119029842018041,1,1.0115941895812386,63,50171927f859,0.42120227217674255,0.7051342129707336,0.1111111119389534,0.4236488349555293,0.49322160446651225,0,0.5342418513340261,168,ab35d13698b5,0.3832123875617981,0.1933099329471588,0.125,0.3465735069466602,0.7019601518824383,1,0.5430521961537196,9,3cdbc3929112,0.40024566650390625,0.42279326915740967,0.1666666716337204,0.14384099455923594,0.6464848721400167,0,0.5573527889795682,56,269bfa3db5c6,0.3646482527256012,-0.056798070669174194,0.1428571492433548,0.2554127452163465,0.5920777294351638,0,0.4065443420461424
86,19ea31d71f7c,maintain data in information systems or databases,11,810124c49b5c,0.6606988906860352,4.374847888946533,0.2857142984867096,0.0,1.0,1,1.492857137322426,119,b729f6985724,0.47988495230674744,2.1869490146636963,0.1111111119389534,0.0,0.5421064382244876,1,0.9114106853711015,91,b1f99c3dcd62,0.40956515073776245,1.3360599279403687,0.25,0.0,1.0,1,0.8821166768670082,139,80c1c070d6f0,0.45035797357559204,1.8296644687652588,0.1111111119389534,0.0,0.5421064382244876,0,0.7869286989080315,43,61355ce7e829,0.5242816209793091,2.724161148071289,0.1428571492433548,0.2554127452163465,0.6518184554842051,1,1.0190770395284041,52,7f83579eb5ca,0.37104472517967224,0.8699520826339722,0.10000000149011612,0.09116076173031373,0.5000251165358286,1,0.6092405179977577,199,0d99df7b9f80,0.3884390890598297,1.0804287195205688,0.10000000149011612,0.09116076173031373,0.5000251165358286,0,0.6032043526411216,118,eb485b5cf6a6,0.3050794303417206,0.07175365090370178,0.1428571492433548,0.2554127452163465,0.6518184554842051,1,0.46925105454376764,200,9ff41f315fd5,0.3309617042541504,0.3849363625049591,0.1428571492433548,0.2554127452163465,0.5505624968967472,0,0.4487321030694531,27,88a991273442,0.33162280917167664,0.39293593168258667,0.125,0.11157175065711056,0.5919216244397107,0,0.4873849073268589
87,bd28ef3a0af3,establish organizational guidelines or policies,115,830e9df61ddd,0.7019129991531372,3.0009584426879883,0.3333333432674408,0.0,1.0,1,1.4833333134651185,185,7b03e0901b8c,0.5620583295822144,1.540645718574524,0.125,0.11157175065711056,0.6323287086454021,1,0.9974896333062572,175,825fff3275ff,0.5597326159477234,1.5163614749908447,0.2857142984867096,0.11157175065711056,0.9158415841584158,1,1.0693206652213274,196,0f2541e582f8,0.5980353355407715,1.9163048267364502,0.1111111119389534,0.2027325123874243,0.5068297877639197,1,1.0402588227993446,48,23ca56c5d573,0.6021385788917542,1.9591494798660278,0.1428571492433548,0.0,0.4000231161064948,1,1.0397134887200064,96,1cbedefabffc,0.5843571424484253,1.773482084274292,0.1111111119389534,0.2027325123874243,0.33791907068356863,1,0.9436782992601485,47,8f3ed6033a9e,0.5961824655532837,1.8969578742980957,0.125,0.11157175065711056,0.3663578043549581,1,0.997628536933138,37,78a6d412d86e,0.5592374801635742,1.511191487312317,0.1111111119389534,0.2027325123874243,0.33791907068356863,1,0.8748807034611792,103,6680fc36f234,0.5282846689224243,1.1879932880401611,0.0,0.11157175065711056,0.0,1,0.6983619285201507,167,00c6f12023ab,0.4899445176124573,0.7876589894294739,0.1428571492433548,0.0,0.4000231161064948,1,0.7341669963818258
88,d1809a4492b8,estimate costs of goods or services,13,f7e80a0049c6,0.7070564031600952,3.428412914276123,0.4000000059604645,0.14384099455923594,1.0,1,1.4484238436635575,89,b03b706832f2,0.6811612248420715,3.2084872722625732,0.1111111119389534,0.2027325123874243,0.33835591587403635,1,1.2076043830717693,177,ff18586218d4,0.6897258758544922,3.28122615814209,0.1428571492433548,0.0,0.41745921470005976,1,1.2788157609507231,106,48548f20bc23,0.5000414848327637,1.6702507734298706,0.1666666716337204,0.14384099455923594,0.459702111425661,1,0.8453937188601056,168,ab35d13698b5,0.3674551546573639,0.5442048907279968,0.1111111119389534,0.2027325123874243,0.33835591587403635,1,0.5026870378757604,34,614f5f558eca,0.47147560119628906,1.427642822265625,0.0,0.3465734652800195,0.0,1,0.6082182521801766,20,1bd49058235f,0.3952614963054657,0.780362069606781,0.125,0.11157175065711056,0.3668314137446236,1,0.5877580567211955,98,207462e43a8e,0.5191744565963745,1.8327456712722778,0.10000000149011612,0.27980784039629336,0.3272455708453858,1,0.8295503442268013,90,2e4769a8f723,0.3517857789993286,0.411126047372818,0.0,0.2027325123874243,0.0,1,0.3555442640136496,101,ae138f31c069,0.4119236469268799,0.9218724966049194,0.0,0.11157175065711056,0.0,1,0.5070146796678977
89,b03b706832f2,"assess the cost effectiveness of products, projects, or services",88,d1809a4492b8,0.6811612248420715,2.921861171722412,0.1111111119389534,0.2027325123874243,0.4643645841699838,1,1.3098954977630095,172,2c5271f1a3e4,0.5778973698616028,1.8797980546951294,0.20000000298023224,0.0,1.0,1,1.2191474080085756,104,985eed507e3a,0.6760196685791016,2.869976282119751,0.09090909361839294,0.0,0.37777877293001544,1,1.2992743954528354,99,78b76b55f875,0.6587692499160767,2.6958975791931152,0.1111111119389534,0.2027325123874243,0.5688316503322958,1,1.2823796564495276,180,893bb3cbc01a,0.5837238430976868,1.9385945796966553,0.10000000149011612,0.09116076173031373,0.3053342271069834,1,0.9938061910621715,105,8bb47fa10a52,0.5307141542434692,1.403659701347351,0.1111111119389534,0.2027325123874243,0.4472083852522887,1,0.873355437168725,45,aa03c0034762,0.5500227212905884,1.5985076427459717,0.1111111119389534,0.2027325123874243,0.33339196689519274,1,0.8887751187003226,177,ff18586218d4,0.5137726068496704,1.2326980829238892,0.1111111119389534,0.2027325123874243,0.6149521334514882,1,0.8835839270245899,20,1bd49058235f,0.4079520106315613,0.16483432054519653,0.2222222238779068,0.09116076173031373,0.7306186235002854,1,0.6311590555303894,150,3ffc9e8eaffb,0.46770885586738586,0.7678565382957458,0.1111111119389534,0.2027325123874243,0.33339196689519274,1,0.6532169292486281
90,2e4769a8f723,apply mathematical models of financial or business conditions,91,b1f99c3dcd62,0.41838908195495605,3.0159075260162354,0.2222222238779068,0.09116076173031373,1.0,1,1.4717811245595753,10,365ec2897755,0.40601295232772827,2.7929539680480957,0.10000000149011612,0.09116076173031373,0.5287967714984981,0,1.220150849872555,93,4b8b2b6692c3,0.4225773215293884,3.091357707977295,0.1111111119389534,0.2027325123874243,0.5145029846340724,1,1.3274439379254406,88,d1809a4492b8,0.3517857789993286,1.8160624504089355,0.0,0.2027325123874243,0.0,1,0.8161873505960718,54,00ee16f445cd,0.33233046531677246,1.4655789136886597,0.0,0.09116076173031373,0.0,0,0.6857990656172573,95,7c80e08ee743,0.3251245617866516,1.335766077041626,0.125,0.3465735069466602,0.6358151657303369,1,0.8696255053370321,140,f07eaef01260,0.344199538230896,1.6793978214263916,0.0,0.2027325123874243,0.0,0,0.7283156321893945,94,832ecabbf00a,0.29830265045166016,0.8525747060775757,0.10000000149011612,0.09116076173031373,0.47120322850150187,0,0.6716373996151905,106,48548f20bc23,0.286294162273407,0.6362442374229431,0.0,0.3465735069466602,0.0,1,0.4676664925880287,198,edb3d68bc36f,0.26546788215637207,0.26106300950050354,0.0,0.09116076173031373,0.0,0,0.35201026835792654
91,b1f99c3dcd62,develop business or financial information systems,93,4b8b2b6692c3,0.5196496844291687,3.079866647720337,0.2857142984867096,0.11157175065711056,0.9498886985280427,1,1.458582419208674,95,7c80e08ee743,0.5015618801116943,2.8129236698150635,0.1428571492433548,0.2554127452163465,0.6893243628462565,1,1.3036063692563633,90,2e4769a8f723,0.41838908195495605,1.585444450378418,0.2222222238779068,0.09116076173031373,1.0,1,1.1012778926765263,86,19ea31d71f7c,0.40956515073776245,1.4552193880081177,0.25,0.0,0.8030810517367215,1,1.0085711356802556,21,c9b70de179fe,0.4494806230068207,2.0442991256713867,0.125,0.11157175065711056,0.3920859577613998,1,1.0200629876455418,9,3cdbc3929112,0.44703078269958496,2.008143901824951,0.125,0.11157175065711056,0.3920859577613998,0,0.9604467169841877,28,ce1178bafa1d,0.3488538861274719,0.5592316389083862,0.09090909361839294,0.1682360897391828,0.43726062305859714,0,0.5851441824429979,94,832ecabbf00a,0.3840792775154114,1.0790942907333374,0.25,0.0,0.8699475704340984,1,0.934159007921626,199,0d99df7b9f80,0.36712512373924255,0.8288818597793579,0.10000000149011612,0.09116076173031373,0.40156069648237,0,0.6555138079021696,209,2ac9980eb5e6,0.3607686758041382,0.7350722551345825,0.10000000149011612,0.09116076173031373,0.40156069648237,0,0.6304522303436522
92,3f67b920ee49,evaluate logistics methods to reduce environmental impact,166,505ab84c8d87,0.6283196210861206,3.02876615524292,0.3333333432674408,0.0,1.0,1,1.4652772337198259,85,e9ceea91a9c3,0.6346206665039062,3.098226308822632,0.125,0.3465735069466602,0.424890285098539,1,1.2717255588413283,174,003763627ff4,0.582455039024353,2.5231738090515137,0.3333333432674408,0.0,0.8581407716466004,1,1.2841987612552996,80,4e4d6d43dbf9,0.577892541885376,2.4728786945343018,0.1111111119389534,0.2027325123874243,0.38584631295434896,1,1.1131871732921348,173,49c0d2367c5d,0.47886595129966736,1.381250262260437,0.10000000149011612,0.09116076173031373,0.35337409849779483,1,0.8244558339843079,8,04d0abdf0b41,0.4787957966327667,1.380476951599121,0.06666667014360428,0.25541277854966626,0.2052252508686376,1,0.7516750349780247,71,1cb040da80f9,0.48430079221725464,1.4411617517471313,0.1818181872367859,0.07707532800886907,0.47744784257093803,1,0.8763820210278017,105,8bb47fa10a52,0.4886866807937622,1.4895100593566895,0.25,0.2027325123874243,0.7156688979091578,1,0.9454578797259562,168,ab35d13698b5,0.39922353625297546,0.5033050775527954,0.09090909361839294,0.0,0.32594323240435863,1,0.5911639588967051,215,79b70e0eb0dc,0.4771871566772461,1.3627439737319946,0.09090909361839294,0.0,0.26092971675493165,1,0.8018174857846324
93,4b8b2b6692c3,develop business or market strategies,94,832ecabbf00a,0.6441473960876465,3.136660099029541,0.5,0.11157175065711056,1.0,1,1.4332642269706206,46,f64f2eefbcb7,0.6246435046195984,2.929651975631714,0.2857142984867096,0.11157175065711056,0.6460349951134274,1,1.2985683873749403,79,5b935f6121b7,0.6065768003463745,2.7378973960876465,0.0,0.14384099455923594,0.0,1,1.0696424594338974,91,b1f99c3dcd62,0.5196496844291687,1.8152797222137451,0.2857142984867096,0.11157175065711056,0.6027710752264656,1,0.9945337015764987,182,8729852fc4b8,0.5197824239730835,1.8166885375976562,0.1111111119389534,0.2027325123874243,0.22949235711716148,1,0.8745636775144542,171,02b5b4014078,0.5015289783477783,1.6229521036148071,0.1428571492433548,0.0,0.2716693308576128,1,0.863836568029569,48,23ca56c5d573,0.5067670941352844,1.6785478591918945,0.1428571492433548,0.0,0.2716693308576128,1,0.8786261046249135,90,2e4769a8f723,0.4225773215293884,0.7849834561347961,0.1111111119389534,0.2027325123874243,0.32648826934743225,1,0.6325044082478192,9,3cdbc3929112,0.49087002873420715,1.5098212957382202,0.1428571492433548,0.0,0.2716693308576128,1,0.8337415421325429,180,893bb3cbc01a,0.42273715138435364,0.7866798043251038,0.0,0.11157175065711056,0.0,1,0.5421958667611556
94,832ecabbf00a,develop sustainable business strategies or practices,175,825fff3275ff,0.7970170974731445,4.595602035522461,0.4285714328289032,0.0,0.9849610376078607,1,1.459022058715577,93,4b8b2b6692c3,0.6441473960876465,3.045366048812866,0.5,0.11157175065711056,1.0,1,1.1375155684923606,8,04d0abdf0b41,0.5944681167602539,2.5415735244750977,0.0714285746216774,0.34657354027998,0.16038021955707382,1,0.7660121877907795,46,f64f2eefbcb7,0.4966406524181366,1.5495152473449707,0.25,0.0,0.5916657133464557,1,0.7482885205991656,91,b1f99c3dcd62,0.3840792775154114,0.4080418348312378,0.25,0.0,0.5520428164202777,1,0.5062842726895792,92,3f67b920ee49,0.424874484539032,0.8217418789863586,0.0,0.09116076173031373,0.0,1,0.3977937538301288,171,02b5b4014078,0.41820085048675537,0.754065215587616,0.125,0.11157175065711056,0.24880607033989285,1,0.46012288543166985,72,91e3b64a6f04,0.41834062337875366,0.7554826736450195,0.09090909361839294,0.1682360897391828,0.3113870808606097,1,0.47587730603458417,178,78b65ab85b19,0.3799384534358978,0.3660501539707184,0.0,0.0,0.0,0,0.2662529982626438,182,8729852fc4b8,0.41523101925849915,0.7239484786987305,0.10000000149011612,0.09116076173031373,0.21017864389443003,0,0.39499174037458157
95,7c80e08ee743,prepare financial documents,77,9b108680399f,0.5975207686424255,2.8817243576049805,0.5,0.0,1.0,1,1.4499999895691873,91,b1f99c3dcd62,0.5015618801116943,2.0254642963409424,0.1428571492433548,0.2554127452163465,0.5426950639570732,1,1.0772128486157913,1,06d678da6c8d,0.5646490454673767,2.5884034633636475,0.5,0.0,1.0,1,1.3711466655135156,17,e1dbddbff402,0.4821782112121582,1.8524998426437378,0.1666666716337204,0.14384099455923594,0.38008251264002774,1,0.9838660555498778,61,dc17b84d2d6b,0.45381155610084534,1.5993785858154297,0.1428571492433548,0.2554127452163465,0.4835877978296777,1,0.9341887315724104,186,4c7ceb754866,0.4312381446361542,1.397951602935791,0.1428571492433548,0.2554127452163465,0.3480953704871541,1,0.8289332617756672,167,00c6f12023ab,0.4836980998516083,1.8660621643066406,0.0,0.14384099455923594,0.0,1,0.8793799927648146,35,e19513a85bed,0.391370952129364,1.0422087907791138,0.20000000298023224,0.0,0.4185432430857448,0,0.7337158777181219,121,66497e9d2189,0.41521137952804565,1.2549415826797485,0.1428571492433548,0.2554127452163465,0.3480953704871541,1,0.787872575664217,68,7a9450b42a26,0.4508823752403259,1.5732409954071045,0.0,0.14384099455923594,0.0,1,0.793163945358618
96,1cbedefabffc,analyze environmental regulations to ensure organizational compliance,196,0f2541e582f8,0.6209403276443481,2.2900052070617676,0.20000000298023224,0.0,1.0,1,1.5099999994039537,23,9a8d83e8b2e2,0.604215145111084,2.1297216415405273,0.125,0.3465735069466602,0.49008422018328346,1,1.2417288481702824,67,3574e4789085,0.61199951171875,2.204322099685669,0.10000000149011612,0.09116076173031373,0.46644767353935224,1,1.3012238539184582,175,825fff3275ff,0.5412360429763794,1.526170253753662,0.10000000149011612,0.09116076173031373,0.35788846557530496,1,1.038778824404586,116,1cf7420e0aac,0.5817768573760986,1.9146875143051147,0.09090909361839294,0.0,0.4302394066436034,1,1.2079824274742632,149,c9b79bbec6f3,0.571193516254425,1.8132635354995728,0.1111111119389534,0.2027325123874243,0.5093104327294549,1,1.168148733779935,87,bd28ef3a0af3,0.5843571424484253,1.9394153356552124,0.1111111119389534,0.2027325123874243,0.390775513763306,1,1.1683320580774135,27,88a991273442,0.5963298082351685,2.0541536808013916,0.1111111119389534,0.2027325123874243,0.5093104327294549,1,1.2477197722645084,121,66497e9d2189,0.5145248174667358,1.2701870203018188,0.10000000149011612,0.09116076173031373,0.46644767353935224,1,0.992051253410722,174,003763627ff4,0.47140005230903625,0.8569068312644958,0.09090909361839294,0.0,0.37595501822279276,1,0.8383237818749372
97,48c561c86be0,create graphical representations of industrial production systems,125,12a1310a48ad,0.7345569133758545,4.329037666320801,0.375,0.09116076173031373,1.0,1,1.461325873819524,58,224946bca8ba,0.5231495499610901,1.8392460346221924,0.25,0.2027325123874243,0.5441059743364444,1,0.8002851195832831,24,2ae9204d54c8,0.5687472224235535,2.3762600421905518,0.25,0.2027325123874243,0.5025770926797635,1,0.8956943471197587,153,8594b6595861,0.5384900569915771,2.0199146270751953,0.0,0.09116076173031373,0.0,1,0.6920837301885426,55,4805101e52c6,0.4849569797515869,1.3894435167312622,0.10000000149011612,0.09116076173031373,0.2534780979551573,1,0.6367981723958785,137,a4f4cc8a14a2,0.5009669661521912,1.5779967308044434,0.125,0.3465735069466602,0.30477723682703434,1,0.6536569371257643,59,da6e8742f6bf,0.47926849126815796,1.322448968887329,0.1111111119389534,0.2027325123874243,0.27677067992941495,1,0.6131460663850877,131,c3b47654a283,0.40258321166038513,0.41930925846099854,0.1111111119389534,0.2027325123874243,0.3307222639861205,1,0.4424574980458309,154,17f9d29c543d,0.4263479709625244,0.6991921663284302,0.0,0.07707532800886907,0.0,1,0.41151064700237827,75,f634ee56b726,0.5154128074645996,1.7481286525726318,0.125,0.3465735069466602,0.30477723682703434,1,0.6892801671658377
98,207462e43a8e,estimate technical or resource requirements for development or production projects,14,ccf9fc39d00f,0.7814324498176575,3.984517812728882,0.625,0.07707532800886907,1.0,1,1.413438691857973,177,ff18586218d4,0.6993796825408936,3.157233715057373,0.2222222238779068,0.27980784039629336,0.4915488458354941,1,1.104296920888016,106,48548f20bc23,0.5848439931869507,2.0024454593658447,0.25,0.4236488349555293,0.5412889076164666,1,0.8436434370690785,84,c6940290ea74,0.5304046869277954,1.4535696506500244,0.09090909361839294,0.1682360897391828,0.14316008885213066,1,0.6387609704825603,192,8562bf3caec4,0.4642940163612366,0.7870190739631653,0.09090909361839294,0.1682360897391828,0.14316008885213066,1,0.4891915261242114,104,985eed507e3a,0.505954384803772,1.207053303718567,0.0833333358168602,0.07707532800886907,0.19184357354816423,1,0.6148385486679648,159,3319e1abdfb1,0.4329424202442169,0.47092148661613464,0.09090909361839294,0.1682360897391828,0.2250904368306099,1,0.4469369687081621,71,1cb040da80f9,0.4901069104671478,1.0472735166549683,0.0,0.0,0.0,1,0.5303141653537751,88,d1809a4492b8,0.5191744565963745,1.3403425216674805,0.10000000149011612,0.27980784039629336,0.24577442291774704,1,0.6316678310438941,63,50171927f859,0.49364960193634033,1.0829921960830688,0.07692307978868484,0.0,0.19266215355840338,1,0.5993551327494429
99,78b76b55f875,assess product or process usefulness,89,b03b706832f2,0.6587692499160767,2.5367355346679688,0.1111111119389534,0.2027325123874243,0.8531977372854205,1,1.4284921546351965,76,298036041aa4,0.5493838787078857,1.27418851852417,0.125,0.11157175065711056,1.0,1,1.1307927904104667,180,893bb3cbc01a,0.6640716791152954,2.5979371070861816,0.0,0.11157175065711056,0.0,1,1.1832642284607366,45,aa03c0034762,0.6390361785888672,2.3089725971221924,0.0,0.0,0.0,1,1.1157696723937989,150,3ffc9e8eaffb,0.6192814111709595,2.0809593200683594,0.0,0.0,0.0,1,1.049306008219719,29,ef7349785e11,0.40766748785972595,-0.3615294098854065,0.1428571492433548,0.0,0.8999979990896322,1,0.6452049927772938,22,bab0b2935945,0.5434514880180359,1.2057156562805176,0.0,0.27980784039629336,0.0,1,0.7522099502966809,202,8747ed85441f,0.5634071826934814,1.436048150062561,0.0,0.11157175065711056,0.0,1,0.8445850787138419,49,824d3015533f,0.5303645133972168,1.0546633005142212,0.0,0.11157175065711056,0.0,1,0.7334151444410758,139,80c1c070d6f0,0.5183390378952026,0.9158629179000854,0.0,0.11157175065711056,0.0,1,0.6929561597680526
100,6002eddcd7d0,resolve operational performance problems,81,e9ce432833f3,0.6661146879196167,2.5365865230560303,0.125,0.11157175065711056,0.22436831398027934,1,1.2367931323933699,54,00ee16f445cd,0.6187249422073364,2.0730535984039307,0.2857142984867096,0.11157175065711056,0.6779543492927307,1,1.2277879172943462,140,f07eaef01260,0.6011906266212463,1.901545524597168,0.1428571492433548,0.0,0.2449859428325213,1,1.0665199177236977,62,c6d9ce80244c,0.491414874792099,0.8277972340583801,0.375,0.27980784039629336,1.0,1,0.9412510865018773,22,bab0b2935945,0.5959126949310303,1.8499205112457275,0.10000000149011612,0.27980784039629336,0.19204406535600183,1,0.9975158263191698,35,e19513a85bed,0.5601336359977722,1.499955177307129,0.1666666716337204,0.14384099455923594,0.26977618704771683,1,0.9296135313098618,57,c1933354ef21,0.5978763699531555,1.8691277503967285,0.1666666716337204,0.14384099455923594,0.26977618704771683,1,1.0399768657272048,30,c6a87cc5d35e,0.5593820214271545,1.4926034212112427,0.1666666716337204,0.14384099455923594,0.26977618704771683,1,0.9274156919901558,191,a9be4c9c15a1,0.5694910883903503,1.5914831161499023,0.09090909361839294,0.3465735277799843,0.17913991867200174,1,0.906160929686242,13,f7e80a0049c6,0.5156586170196533,1.0649322271347046,0.1666666716337204,0.14384099455923594,0.26977618704771683,1,0.7995642802899071
101,ae138f31c069,"purchase materials, equipment, or other resources",139,80c1c070d6f0,0.604881227016449,3.8020546436309814,0.25,0.0,1.0,1,1.4999999940395357,180,893bb3cbc01a,0.5100470781326294,2.2562663555145264,0.1111111119389534,0.0,0.6738469684709899,1,1.0528925105538396,177,ff18586218d4,0.5178253054618835,2.3830506801605225,0.0,0.11157175065711056,0.0,1,0.8455944386696296,73,a40c650a049f,0.4802776575088501,1.7710273265838623,0.09090909361839294,0.1682360897391828,0.34115438964208555,1,0.8003196568517836,135,4055e1544ee0,0.47672152519226074,1.7130626440048218,0.1428571492433548,0.2554127452163465,0.47924069021150106,1,0.8160993937931337,203,79676bc4eb6a,0.4408028721809387,1.1275917291641235,0.10000000149011612,0.09116076173031373,0.5547377353628667,1,0.7351303273317623,178,78b65ab85b19,0.4649915099143982,1.521864414215088,0.1111111119389534,0.0,0.6738469684709899,1,0.8815093606319455,130,cbb58925807f,0.42756637930870056,0.9118380546569824,0.1428571492433548,0.2554127452163465,0.7231402621694513,1,0.7155397437514417,142,c71cb5036aef,0.42323118448257446,0.8411747217178345,0.09090909361839294,0.1682360897391828,0.514777813747745,0,0.5933161016199793,65,8da0e9e0dffc,0.4200279414653778,0.788962185382843,0.1111111119389534,0.0,0.39857641562144647,0,0.5641315380385741
102,f2c8cd5b27ab,evaluate designs or specifications to ensure quality,144,7a053b14e6ec,0.7600339651107788,3.6226978302001953,0.125,0.11157175065711056,0.5030366918886046,1,1.3343270646612837,45,aa03c0034762,0.6478029489517212,2.347149133682251,0.2857142984867096,0.11157175065711056,1.0,1,1.1861791474198775,145,7809c19536e4,0.5775611400604248,1.5488238334655762,0.20000000298023224,0.1682360897391828,0.7682367707963355,1,0.9248450802263597,194,094e12b11051,0.5744743347167969,1.513741135597229,0.1111111119389534,0.0,0.4607019207890685,1,0.844323181977426,49,824d3015533f,0.5775785446166992,1.549021601676941,0.1111111119389534,0.0,0.4607019207890685,1,0.8525989814306845,150,3ffc9e8eaffb,0.5719620585441589,1.4851881265640259,0.125,0.11157175065711056,0.5407700081633433,1,0.8473707737092071,140,f07eaef01260,0.5743415355682373,1.5122318267822266,0.125,0.11157175065711056,0.5030366918886046,1,0.8404920848291114,104,985eed507e3a,0.521457850933075,0.9111883640289307,0.10000000149011612,0.09116076173031373,0.4399375772518432,1,0.6830090029527963,134,469df54e4928,0.5399264097213745,1.1210906505584717,0.07692307978868484,0.29389328800662196,0.34467328888663645,1,0.6708045601786928,2,771b010da2fa,0.5361248254776001,1.0778841972351074,0.07692307978868484,0.29389328800662196,0.3705275981859945,1,0.6696571657645153
103,6680fc36f234,provide technical guidance to other personnel,12,9251af4a3821,0.6052579283714294,2.48276948928833,0.4285714328289032,0.0,1.0,1,1.4101274624466897,3,33b4e36b0d81,0.6206529140472412,2.679431200027466,0.20000000298023224,0.1682360897391828,0.5331793495561096,1,1.3213773582877144,84,c6940290ea74,0.5691196918487549,2.021124839782715,0.1111111119389534,0.0,0.2687054432103197,1,1.0797200972670522,87,bd28ef3a0af3,0.5282846689224243,1.4994816780090332,0.0,0.11157175065711056,0.0,1,0.8321508792614417,184,389dd43f303d,0.5656948089599609,1.9773739576339722,0.2857142984867096,0.11157175065711056,0.6801639270013072,1,1.1656506381933291,18,1c10b347eeee,0.516321063041687,1.3466535806655884,0.1428571492433548,0.2554127452163465,0.32308630671717015,1,0.8594601687613448,62,c6d9ce80244c,0.5557378530502319,1.8501797914505005,0.20000000298023224,0.1682360897391828,0.6259385613199805,1,1.1156685545215397,4,9fc64a999e12,0.5230295658111572,1.432350754737854,0.09090909361839294,0.1682360897391828,0.22999364206984993,1,0.8718582985752195,119,b729f6985724,0.47964349389076233,0.8781194090843201,0.1111111119389534,0.0,0.3542169651819666,1,0.7761014632882367,0,d52ebdd6c51c,0.49996089935302734,1.1376622915267944,0.1111111119389534,0.0,0.3542169651819666,1,0.8518403254451047
104,985eed507e3a,analyze costs and benefits of proposed designs or projects,89,b03b706832f2,0.6760196685791016,3.3114819526672363,0.09090909361839294,0.0,0.6031028100642263,1,1.392904143937175,145,7809c19536e4,0.5603156685829163,1.8830963373184204,0.0833333358168602,0.07707532800886907,0.559658963576549,1,1.0106854973703394,105,8bb47fa10a52,0.5391677618026733,1.6220219135284424,0.1111111119389534,0.2027325123874243,0.7139433265084626,1,0.977105570890002,163,3ac212a9f7c3,0.4873392581939697,0.9821902513504028,0.10000000149011612,0.09116076173031373,0.6538589871488395,1,0.8147764842383239,10,365ec2897755,0.4952177405357361,1.0794514417648315,0.10000000149011612,0.09116076173031373,0.6538589871488395,1,0.8390114571325157,102,f2c8cd5b27ab,0.521457850933075,1.4033900499343872,0.10000000149011612,0.09116076173031373,0.6538589871488395,1,0.9197287301890228,98,207462e43a8e,0.505954384803772,1.211997151374817,0.0833333358168602,0.07707532800886907,0.559658963576549,1,0.842971415665723,146,284cc33eb902,0.5683987736701965,1.9828836917877197,0.0,0.2027325123874243,0.0,1,0.8326779888521448,209,2ac9980eb5e6,0.5324423313140869,1.538995385169983,0.0,0.0,0.0,1,0.7505245909094811,63,50171927f859,0.4737491011619568,0.8144174814224243,0.0833333358168602,0.07707532800886907,0.4803018525112321,0,0.6658374881584663
105,8bb47fa10a52,investigate the environmental impact of projects,174,003763627ff4,0.7479492425918579,3.4307751655578613,0.25,0.2027325123874243,1.0,1,1.469590117181422,215,79b70e0eb0dc,0.7337079644203186,3.3003666400909424,0.1111111119389534,0.2027325123874243,0.43160233496830225,1,1.2656863145453736,104,985eed507e3a,0.5391677618026733,1.5189459323883057,0.1111111119389534,0.2027325123874243,0.47567347394464177,1,0.8338406782544788,166,505ab84c8d87,0.45851099491119385,0.7803652882575989,0.25,0.2027325123874243,1.0,1,0.8205283479343668,71,1cb040da80f9,0.5801489353179932,1.8942139148712158,0.10000000149011612,0.27980784039629336,0.4005123362629585,1,0.8916554975586284,92,3f67b920ee49,0.4886866807937622,1.056686520576477,0.25,0.2027325123874243,1.0,1,0.8881969572554842,23,9a8d83e8b2e2,0.4933328628540039,1.0992319583892822,0.1666666716337204,0.14384099455923594,0.5626244723693941,1,0.7623838120480363,128,54e485ae84d0,0.43069034814834595,0.5256093144416809,0.1428571492433548,0.0,0.510923845178693,1,0.6249432942890956,89,b03b706832f2,0.5307141542434692,1.4415355920791626,0.1111111119389534,0.2027325123874243,0.47567347394464177,1,0.8144048701919254,172,2c5271f1a3e4,0.55988609790802,1.7086654901504517,0.0,0.2027325123874243,0.0,1,0.7286912561904207
106,48548f20bc23,estimate labor requirements,177,ff18586218d4,0.5798114538192749,3.1814091205596924,0.4000000059604645,0.14384099455923594,1.0,1,1.4360225832279763,123,05f356a221b7,0.46457886695861816,2.0832817554473877,0.20000000298023224,0.0,0.6995951378472809,1,1.0974211832329488,14,ccf9fc39d00f,0.5438128709793091,2.8383548259735107,0.2857142984867096,0.3465735069466602,0.8447488584474885,1,1.283264141350161,98,207462e43a8e,0.5848439931869507,3.22936749458313,0.25,0.4236488349555293,0.7838983050847458,1,1.360817075575867,88,d1809a4492b8,0.5000414848327637,2.4212284088134766,0.1666666716337204,0.14384099455923594,0.5,1,1.102005489748343,13,f7e80a0049c6,0.46689683198928833,2.1053709983825684,0.20000000298023224,0.0,0.550595238095238,1,1.0511966799696286,15,c5e6a1a8c44d,0.3402100205421448,0.8980886936187744,0.0,0.14384099455923594,0.0,0,0.4805234914835531,41,babe1d93de49,0.30925172567367554,0.603066623210907,0.0,0.20273247072078354,0.0,0,0.38969832106086977,90,2e4769a8f723,0.286294162273407,0.38428884744644165,0.0,0.3465735069466602,0.0,1,0.35732024980257493,55,4805101e52c6,0.29409244656562805,0.4586038589477539,0.0,0.2554127452163465,0.0,0,0.3416477236540829
107,750257b28f11,perform human resources activities,109,d052bd1e246e,0.8872659206390381,5.761354923248291,0.6000000238418579,0.0,1.0,1,1.4299999862909318,79,5b935f6121b7,0.32872870564460754,-0.16034150123596191,0.4000000059604645,0.14384099455923594,0.7468200566820797,1,0.40921969420459,157,018f6a0e7f9a,0.3968190550804138,0.561562716960907,0.1818181872367859,0.4054650386637325,0.44146267205198336,1,0.3885816697250117,25,79d2ac46742b,0.44646501541137695,1.0879167318344116,0.1428571492433548,0.0,0.2262312518592708,0,0.4143390142880491,41,babe1d93de49,0.5158299803733826,1.8233345746994019,0.0,0.3465734652800195,0.0,1,0.4685918982010658,38,a3c08ed1a115,0.4525814652442932,1.1527642011642456,0.1111111119389534,0.2027325123874243,0.19110859175326522,1,0.4345056538625448,101,ae138f31c069,0.34172093868255615,-0.022595873102545738,0.125,0.11157175065711056,0.3257677155740816,0,0.24607806013307887,40,f64df278da5d,0.4509485065937042,1.1354514360427856,0.0,0.0,0.0,1,0.40189825296401976,170,57e3b12b8497,0.4399131238460541,1.018452525138855,0.125,0.11157175065711056,0.2071919880889361,0,0.38028284708453747,78,98d9410b9c2c,0.5010585188865662,1.6667252779006958,0.0,0.0,0.0,1,0.49355831295251845
108,3f3251058257,administer standardized physical or psychological tests,56,269bfa3db5c6,0.43069547414779663,2.626211643218994,0.1111111119389534,0.0,0.9158415841584158,0,1.4483223246170742,210,39fb30c0c188,0.3963433802127838,2.0556507110595703,0.10000000149011612,0.09116076173031373,0.7813939673158553,1,1.2702560640110472,37,78a6d412d86e,0.39290520548820496,1.9985454082489014,0.0,0.09116076173031373,0.0,0,0.9464964080726445,201,42bb588edac5,0.4070444405078888,2.233386754989624,0.0,0.2554127452163465,0.0,1,1.042883281746677,149,c9b79bbec6f3,0.39464300870895386,2.027409076690674,0.0,0.11157175065711056,0.0,0,0.9521641281818823,66,196087c93944,0.38022342324256897,1.7879111766815186,0.0,0.23500177712287373,0.0,0,0.8612166740729721,214,fc824bfe7bf0,0.3257567882537842,0.8832640051841736,0.0,0.0,0.0,1,0.6728680610656739,0,d52ebdd6c51c,0.3522197902202606,1.3227932453155518,0.0,0.0,0.0,0,0.7557980418205261,134,469df54e4928,0.3720208406448364,1.6516728401184082,0.0,0.29389328800662196,0.0,0,0.8111794038965943,112,6379204aa590,0.2306801825761795,-0.6958823204040527,0.125,0.11157175065711056,1.0,0,0.47538186809176963
109,d052bd1e246e,manage human resources activities,107,750257b28f11,0.8872659206390381,5.380169868469238,0.6000000238418579,0.0,1.0,1,1.4299999862909318,178,78b65ab85b19,0.4930078387260437,1.4370341300964355,0.2857142984867096,0.11157175065711056,0.6669482748140697,1,0.677694656821679,42,853f8faf3522,0.5310930609703064,1.8179399967193604,0.2857142984867096,0.11157175065711056,0.5483725473289243,1,0.7020605277843346,192,8562bf3caec4,0.46121782064437866,1.1190892457962036,0.2857142984867096,0.11157175065711056,0.6669482748140697,1,0.6227147029067982,173,49c0d2367c5d,0.4891241788864136,1.3981921672821045,0.125,0.11157175065711056,0.34118055923998813,1,0.5688499003075752,78,98d9410b9c2c,0.4984357953071594,1.4913214445114136,0.0,0.0,0.0,1,0.4923670321702957,38,a3c08ed1a115,0.435235857963562,0.8592330813407898,0.1111111119389534,0.2027325123874243,0.19110859175326522,1,0.40750182170111826,164,0c9fad019eee,0.3936085104942322,0.44290098547935486,0.1666666716337204,0.14384099455923594,0.24912369996407793,0,0.3099161813229034,152,fbe465293a7d,0.3530248999595642,0.03700777143239975,0.125,0.11157175065711056,0.2071919880889361,0,0.2296510076750669,170,57e3b12b8497,0.4301519989967346,0.8083873391151428,0.125,0.11157175065711056,0.2071919880889361,0,0.36696341807438465
110,d9dbdf9d5d1a,coordinate special events or programs,132,22f88df4c22c,0.4556536078453064,3.7595605850219727,0.0,0.14384099455923594,0.0,1,1.178423841875418,169,2d10ff099811,0.3795184791088104,2.3547933101654053,0.125,0.11157175065711056,0.8603791863372136,1,1.1298224198125848,142,c71cb5036aef,0.3951948285102844,2.6440372467041016,0.10000000149011612,0.27980784039629336,0.7364262527123608,0,1.0829002453038532,197,3a46124701c0,0.3918628394603729,2.5825586318969727,0.0,0.0,0.0,0,0.8677255064249039,28,ce1178bafa1d,0.3531839847564697,1.868896245956421,0.10000000149011612,0.27980784039629336,0.8474562462184794,0,0.9390955514402087,67,3574e4789085,0.31146305799484253,1.099104404449463,0.125,0.11157175065711056,0.8603791863372136,0,0.7852234008215914,200,9ff41f315fd5,0.3593219816684723,1.9821481704711914,0.0,0.14384099455923594,0.0,0,0.7021558007415373,112,6379204aa590,0.21093818545341492,-0.7556774020195007,0.1428571492433548,0.0,1.0,0,0.4154648896306753,97,48c561c86be0,0.3035225570201874,0.9525944590568542,0.0,0.2027325123874243,0.0,0,0.446409303094031,103,6680fc36f234,0.272544801235199,0.38102471828460693,0.0,0.11157175065711056,0.0,0,0.32300665950531526
111,059770361813,advise others on career or personal development,80,4e4d6d43dbf9,0.3877304494380951,2.161163806915283,0.2857142984867096,0.11157175065711056,1.0,1,1.345347994325109,21,c9b70de179fe,0.36569511890411377,1.7855966091156006,0.0,0.11157175065711056,0.0,1,0.9396695224022346,103,6680fc36f234,0.4163416028022766,2.648808240890503,0.0,0.0,0.0,0,1.1499999910593033,52,7f83579eb5ca,0.37782639265060425,1.9923603534698486,0.0,0.09116076173031373,0.0,1,1.0010790664827167,116,1cf7420e0aac,0.31343695521354675,0.8949156999588013,0.2222222238779068,0.09116076173031373,0.8447488584474885,1,0.9617306011219816,160,56c85bc2a8f3,0.35707470774650574,1.6386715173721313,0.0,0.11157175065711056,0.0,1,0.8982078907465415,12,9251af4a3821,0.3905509412288666,2.209235906600952,0.0,0.0,0.0,1,1.0759544998407364,163,3ac212a9f7c3,0.3312596082687378,1.1986825466156006,0.1111111119389534,0.0,0.4579207920792079,0,0.8867382922089926,72,91e3b64a6f04,0.30794036388397217,0.8012325167655945,0.20000000298023224,0.1682360897391828,0.7838983050847458,0,0.8558857847912186,93,4b8b2b6692c3,0.3339627981185913,1.2447552680969238,0.0,0.11157175065711056,0.0,0,0.7370463905310111
112,6379204aa590,administer compensation or benefits programs,40,f64df278da5d,0.4154523015022278,2.8948047161102295,0.1428571492433548,0.0,1.0,1,1.5214285641908647,47,8f3ed6033a9e,0.35987457633018494,1.8534226417541504,0.0,0.11157175065711056,0.0,0,0.8395063129639105,117,f2f5eb941075,0.36083972454071045,1.8715070486068726,0.0,0.3465735277799843,0.0,1,0.8593573993255484,41,babe1d93de49,0.38212376832962036,2.2703146934509277,0.0,0.3465734652800195,0.0,1,0.9718549023252304,212,0cf60304ef43,0.30941614508628845,0.9079630374908447,0.0,0.14384099455923594,0.0,1,0.6179662844356139,31,53acfaed8c01,0.3896849751472473,2.411992073059082,0.0,0.3465734652800195,0.0,1,1.0118199358564193,33,2be03b534579,0.33426225185394287,1.3735144138336182,0.0,0.11157175065711056,0.0,0,0.7041315731977896,108,3f3251058257,0.2306801825761795,-0.5673440098762512,0.125,0.11157175065711056,0.9900973965720847,0,0.4994101080372191,26,a86fc9314475,0.27459970116615295,0.255593478679657,0.0,0.0,0.0,1,0.4555189713835716,109,d052bd1e246e,0.3197895884513855,1.1023343801498413,0.0,0.0,0.0,0,0.6443715915083885
113,322cdff981bb,"interview employees, customers, or others to collect information",199,0d99df7b9f80,0.5600295066833496,3.310837984085083,0.20000000298023224,0.0,1.0,1,1.5099999994039537,82,68d8248a643f,0.5353509783744812,2.986034393310547,0.0833333358168602,0.07707532800886907,0.5905281209337679,1,1.2941614466727756,119,b729f6985724,0.5056912899017334,2.595672130584717,0.0,0.09116076173031373,0.0,1,0.9979912627612889,31,53acfaed8c01,0.3893592655658722,1.064582109451294,0.1428571492433548,0.5493059776674438,0.9229446128501273,1,0.8352219425693366,20,1bd49058235f,0.41105812788009644,1.350169062614441,0.10000000149011612,0.09116076173031373,0.5995331398705076,1,0.8688117892638982,4,9fc64a999e12,0.43814027309417725,1.706607460975647,0.0833333358168602,0.07707532800886907,0.4148063802803283,1,0.9006125149195241,41,babe1d93de49,0.4615955352783203,2.0153110027313232,0.0,0.5493059776674438,0.0,1,0.7764349457256388,43,61355ce7e829,0.3992902636528015,1.1952877044677734,0.0,0.3465735069466602,0.0,1,0.5908965475625847,38,a3c08ed1a115,0.40118393301963806,1.2202110290527344,0.0,0.0,0.0,0,0.5994460061192513,80,4e4d6d43dbf9,0.3099268078804016,0.019141297787427902,0.1111111119389534,0.2027325123874243,0.592879626444371,0,0.45477799827562626
114,98e7b9000779,recruit personnel,41,babe1d93de49,0.7414885759353638,4.371746063232422,0.3333333432674408,0.0,1.0,1,1.4833333134651185,43,61355ce7e829,0.45820698142051697,1.545989990234375,0.25,0.20273247072078354,0.8988095238095238,1,0.8468759873872337,184,389dd43f303d,0.49968570470809937,1.9597434997558594,0.20000000298023224,0.3465734652800195,0.8162162162162164,1,0.8878282760814459,0,d52ebdd6c51c,0.4303039312362671,1.2676548957824707,0.1666666716337204,0.45814521593713003,0.7475247524752476,0,0.6546577242670498,78,98d9410b9c2c,0.4818081557750702,1.7814135551452637,0.20000000298023224,0.3465734652800195,0.8162162162162164,1,0.8504276876882345,119,b729f6985724,0.37400224804878235,0.706041157245636,0.1666666716337204,0.45814521593713003,0.7475247524752476,0,0.5361648862717591,3,33b4e36b0d81,0.43583860993385315,1.3228636980056763,0.125,0.6263813056763128,0.6398305084745763,0,0.6069104272645534,40,f64df278da5d,0.43839141726493835,1.3483281135559082,0.0,0.3465734652800195,0.0,1,0.49107231151874614,103,6680fc36f234,0.4068964719772339,1.0341635942459106,0.1666666716337204,0.45814521593713003,0.7475247524752476,0,0.6053942283151589,12,9251af4a3821,0.49310940504074097,1.8941444158554077,0.1666666716337204,0.45814521593713003,0.7475247524752476,1,0.8368384299335919
115,830e9df61ddd,communicate organizational policies and procedures,87,bd28ef3a0af3,0.7019129991531372,2.8822104930877686,0.3333333432674408,0.0,1.0,1,1.4805606693029405,199,0d99df7b9f80,0.6247702240943909,2.110300302505493,0.25,0.2027325123874243,0.8774204941204377,1,1.213765283278101,37,78a6d412d86e,0.6603583097457886,2.4664037227630615,0.25,0.2027325123874243,0.7476087265689856,1,1.2652591799863881,47,8f3ed6033a9e,0.702946662902832,2.8925535678863525,0.125,0.11157175065711056,0.3663578043549581,1,1.2864894540245075,167,00c6f12023ab,0.5811439156532288,1.6737643480300903,0.3333333432674408,0.0,0.8850070871276101,1,1.1163692517158246,48,23ca56c5d573,0.5715991258621216,1.5782567262649536,0.3333333432674408,0.0,0.8850070871276101,1,1.090766843962357,175,825fff3275ff,0.50749272108078,0.9367917776107788,0.2857142984867096,0.11157175065711056,0.9158415841584158,1,0.917782784919852,170,57e3b12b8497,0.5116097331047058,0.9779876470565796,0.2857142984867096,0.11157175065711056,0.8105262926663757,1,0.8920627421718346,4,9fc64a999e12,0.5352112650871277,1.2141505479812622,0.10000000149011612,0.27980784039629336,0.5006390327655693,1,0.8439475837490166,51,6385c0e2eb2e,0.5352914333343506,1.2149527072906494,0.125,0.11157175065711056,0.3663578043549581,1,0.8194843949014684
116,1cf7420e0aac,advise others on legal or regulatory compliance matters,27,88a991273442,0.6060776710510254,2.6383278369903564,0.25,0.2027325123874243,1.0,1,1.469590117181422,72,91e3b64a6f04,0.5558068752288818,2.2017858028411865,0.1818181872367859,0.07707532800886907,0.7597323324459471,1,1.2840109223919491,67,3574e4789085,0.5624625086784363,2.259582042694092,0.2222222238779068,0.09116076173031373,0.9158415841584158,1,1.3470360463369888,121,66497e9d2189,0.5417479276657104,2.079700469970703,0.2222222238779068,0.09116076173031373,0.9897218769813059,1,1.3180908071978794,96,1cbedefabffc,0.5817768573760986,2.4273040294647217,0.09090909361839294,0.0,0.39276303801422535,1,1.253466839429933,196,0f2541e582f8,0.601838231086731,2.601513385772705,0.09090909361839294,0.0,0.39276303801422535,1,1.3078027614327254,198,edb3d68bc36f,0.45512551069259644,1.327487826347351,0.10000000149011612,0.09116076173031373,0.4438040357852562,1,0.9134622747286105,111,059770361813,0.31343695521354675,0.09709132462739944,0.2222222238779068,0.09116076173031373,0.8876080715705124,1,0.6783227019302595,149,c9b79bbec6f3,0.4591358006000519,1.3623124361038208,0.1111111119389534,0.2027325123874243,0.4649465152708938,1,0.9135298843812648,87,bd28ef3a0af3,0.5039967894554138,1.7518768310546875,0.0,0.2027325123874243,0.0,1,0.8886639611374155
117,f2f5eb941075,liaise between departments or other groups to improve function or communication,142,c71cb5036aef,0.4781237244606018,2.095945358276367,0.1538461595773697,0.06676568738369093,1.0,1,1.3987550464991512,62,c6d9ce80244c,0.5030268430709839,2.469287633895874,0.0714285746216774,0.06676568738369093,0.41260533661123305,1,1.320111292331462,199,0d99df7b9f80,0.48039478063583374,2.1299924850463867,0.07692307978868484,0.14384101539256,0.4446340613710091,1,1.2168939336101705,38,a3c08ed1a115,0.4932570159435272,2.3228204250335693,0.0,0.14384101539256,0.0,1,1.1338972170510861,122,4e4a52d4b158,0.4729903042316437,2.018986225128174,0.0,0.3465735277799843,0.0,1,1.0111204808761465,48,23ca56c5d573,0.4453428387641907,1.6045011281967163,0.0,0.3465735277799843,0.0,0,0.8351153677512991,115,830e9df61ddd,0.4430878460407257,1.5706948041915894,0.0,0.3465735277799843,0.0,1,0.8748381113817084,103,6680fc36f234,0.3993603587150574,0.9151414632797241,0.0833333358168602,0.23500177712287373,0.48205375960520297,0,0.8011824894369751,33,2be03b534579,0.408385694026947,1.0504474639892578,0.0,0.23500177712287373,0.0,1,0.733416607303849,78,98d9410b9c2c,0.409051775932312,1.0604331493377686,0.0,0.3465735277799843,0.0,0,0.6697164720107901
118,eb485b5cf6a6,compile operational data,22,bab0b2935945,0.5420103073120117,2.7134106159210205,0.25,0.4236488349555293,0.9279661016949153,1,1.4112408043894265,35,e19513a85bed,0.4737839102745056,1.9768391847610474,0.20000000298023224,0.0,0.5141919528157374,1,1.129344186797619,100,6002eddcd7d0,0.4950410723686218,2.206331253051758,0.1666666716337204,0.14384099455923594,0.4669418814759129,1,1.1626497367878235,30,c6a87cc5d35e,0.4955524206161499,2.2118518352508545,0.20000000298023224,0.0,0.5141919528157374,1,1.1965462184100153,57,c1933354ef21,0.4559304714202881,1.7840936183929443,0.20000000298023224,0.0,0.5141919528157374,1,1.0742285242824556,36,e5bfe7745119,0.4519665837287903,1.7412995100021362,0.2857142984867096,0.3465735069466602,1.0,0,1.1171885542340134,140,f07eaef01260,0.4672614634037018,1.9064228534698486,0.1666666716337204,0.14384099455923594,0.4669418814759129,0,1.0263756791610992,151,506120811a05,0.4228060245513916,1.4264823198318481,0.20000000298023224,0.0,0.5141919528157374,0,0.9219694247989656,172,2c5271f1a3e4,0.3747599720954895,0.9077775478363037,0.2857142984867096,0.3465735069466602,1.0,0,0.882523525483117,143,fd635c6ca5be,0.3203139901161194,0.3199792206287384,0.2857142984867096,0.3465735069466602,1.0,0,0.7170382141835545
119,b729f6985724,analyze data to inform personnel decisions,36,e5bfe7745119,0.7717288732528687,4.77587890625,0.5714285969734192,0.09116076173031373,1.0,1,1.4220401544248402,103,6680fc36f234,0.47964349389076233,1.0597003698349,0.1111111119389534,0.0,0.21505196573184715,1,0.5405778183405238,113,322cdff981bb,0.5056912899017334,1.3911043405532837,0.0,0.09116076173031373,0.0,1,0.5246079031502544,86,19ea31d71f7c,0.47988495230674744,1.0627723932266235,0.1111111119389534,0.0,0.22893109387635252,1,0.5460245039390293,172,2c5271f1a3e4,0.5776883363723755,2.307116746902466,0.2222222238779068,0.09116076173031373,0.39877478071629396,1,0.8174663157736877,145,7809c19536e4,0.5316988229751587,1.7219960689544678,0.09090909361839294,0.1682360897391828,0.19594949560603053,1,0.6375751061453373,158,16ac0e74dbe1,0.44976890087127686,0.6796083450317383,0.2857142984867096,0.11157175065711056,0.4720631187938833,1,0.5303211891253383,37,78a6d412d86e,0.4759593605995178,1.0128273963928223,0.0,0.09116076173031373,0.0,1,0.4506553847467243,39,202cbfb3aef7,0.4763742685317993,1.01810622215271,0.0,0.2554127452163465,0.0,1,0.4270495894940411,82,68d8248a643f,0.4810720682144165,1.0778759717941284,0.09090909361839294,0.1682360897391828,0.17409998310951352,1,0.5059942454276194
120,a04637eaf44a,investigate industrial or transportation accidents,76,298036041aa4,0.6011608839035034,3.5708091259002686,0.125,0.11157175065711056,0.9158415841584159,1,1.4788087769557177,59,da6e8742f6bf,0.549346387386322,2.8497047424316406,0.1428571492433548,0.0,0.7861875916908664,1,1.273982656884856,55,4805101e52c6,0.4497896432876587,1.4641698598861694,0.125,0.11157175065711056,0.7200232894198529,1,0.9043977996128031,166,505ab84c8d87,0.3229326605796814,-0.3013036847114563,0.1111111119389534,0.2027325123874243,0.8447488584474884,1,0.5109103020156892,58,224946bca8ba,0.43263909220695496,1.2254849672317505,0.1428571492433548,0.0,0.7861875916908664,1,0.8851913192755649,105,8bb47fa10a52,0.36204829812049866,0.24307014048099518,0.1428571492433548,0.0,1.0,0,0.67486392557621,193,adb21e5e1a03,0.507095992565155,2.261704444885254,0.0,0.11157175065711056,0.0,1,0.8619186160540061,137,a4f4cc8a14a2,0.41808149218559265,1.0228862762451172,0.1666666716337204,0.14384099455923594,0.8657422884691087,0,0.7907909477106883,82,68d8248a643f,0.4284977614879608,1.1678498983383179,0.0,0.27980784039629336,0.0,1,0.5681750067160535,67,3574e4789085,0.3922678828239441,0.6636372804641724,0.0,0.11157175065711056,0.0,1,0.4696414572572188
121,66497e9d2189,prepare reports related to compliance matters,30,c6a87cc5d35e,0.6249003410339355,2.4214959144592285,0.3333333432674408,0.2554127452163465,1.0,1,1.3975612777860678,116,1cf7420e0aac,0.5417479276657104,1.6630969047546387,0.2222222238779068,0.09116076173031373,0.9497914966676162,1,1.1950498723717604,149,c9b79bbec6f3,0.6116392612457275,2.3005471229553223,0.125,0.11157175065711056,0.4837387181705402,1,1.2408280183534457,27,88a991273442,0.6423481106758118,2.580629825592041,0.125,0.11157175065711056,0.4837387181705402,1,1.3275727738599612,16,6e6ec1a475b8,0.5554023385047913,1.7876331806182861,0.25,0.0,0.8316831683168319,1,1.2009470182922808,196,0f2541e582f8,0.6097551584243774,2.283362865447998,0.10000000149011612,0.09116076173031373,0.4086377299614152,1,1.2168730016301998,186,4c7ceb754866,0.501994252204895,1.3005199432373047,0.25,0.0,0.8316831683168319,1,1.0534351188209978,44,2d4009710863,0.5480386018753052,1.7204715013504028,0.25,0.0,0.8316831683168319,1,1.1806085127857653,17,e1dbddbff402,0.5028226971626282,1.3080759048461914,0.125,0.11157175065711056,0.38008251264002774,1,0.8971689665492592,67,3574e4789085,0.5184204578399658,1.4503365755081177,0.1111111119389534,0.0,0.44302803396806895,1,0.9819088060842854
122,4e4a52d4b158,represent the organization in external relations,169,2d10ff099811,0.5543056726455688,2.9587342739105225,0.125,0.11157175065711056,1.0,1,1.5082642225002723,33,2be03b534579,0.4942229390144348,2.2370355129241943,0.0,0.11157175065711056,0.0,1,0.9776636985516028,28,ce1178bafa1d,0.4514298439025879,1.7230157852172852,0.10000000149011612,0.27980784039629336,0.8559322033898304,1,1.0916908457068308,38,a3c08ed1a115,0.48456889390945435,2.1210737228393555,0.0,0.2027325123874243,0.0,1,0.930953903640391,199,0d99df7b9f80,0.48721569776535034,2.1528663635253906,0.0,0.2027325123874243,0.0,1,0.9400111274372355,117,f2f5eb941075,0.4729903042316437,1.98199462890625,0.0,0.3465735277799843,0.0,1,0.869756323676287,87,bd28ef3a0af3,0.43191760778427124,1.4886398315429688,0.0,0.0,0.0,0,0.7311933636665344,142,c71cb5036aef,0.4417382776737213,1.6066031455993652,0.0,0.27980784039629336,0.0,1,0.7728280909941602,179,6a5f3442d709,0.4110835790634155,1.2383867502212524,0.0,0.11157175065711056,0.0,1,0.6931644481992202,178,78b65ab85b19,0.39221686124801636,1.0117645263671875,0.0,0.11157175065711056,0.0,0,0.5786033344840483
123,05f356a221b7,negotiate labor disputes,168,ab35d13698b5,0.5182583332061768,4.024041175842285,0.125,0.3465735069466602,0.7095901973462904,1,1.3713705281280413,106,48548f20bc23,0.46457886695861816,3.3377206325531006,0.20000000298023224,0.0,1.0,1,1.3561700075864793,53,a68e486bae8e,0.4144209027290344,2.696424722671509,0.125,0.3465735069466602,0.7095901973462904,1,1.069781039144887,62,c6d9ce80244c,0.34990233182907104,1.8715205192565918,0.0,0.4236488349555293,0.0,0,0.5866066097122675,31,53acfaed8c01,0.3049362003803253,1.2966046333312988,0.0,0.20273247072078354,0.0,0,0.48624043359014757,142,c71cb5036aef,0.3285527527332306,1.5985547304153442,0.0,0.4236488349555293,0.0,0,0.5232201321822649,15,c5e6a1a8c44d,0.2544028162956238,0.6505084037780762,0.0,0.14384099455923594,0.0,0,0.34504138885103053,7,bfcc3cdee21d,0.22736093401908875,0.3047635853290558,0.0,0.14384099455923594,0.0,0,0.264754502307995,112,6379204aa590,0.2285596877336502,0.32009026408195496,0.0,0.14384099455923594,0.0,0,0.26831357387862986,38,a3c08ed1a115,0.27797627449035645,0.9519075751304626,0.0,0.3465735069466602,0.0,0,0.3846207089490746
124,3b11edaeeba4,document design or operational test results,220,7cd42be784e2,0.6847776174545288,4.101784706115723,0.6666666865348816,0.0,1.0,1,1.4166666507720949,167,00c6f12023ab,0.6155129671096802,3.2014286518096924,0.2857142984867096,0.11157175065711056,0.5601440587162405,1,1.128366696740913,68,7a9450b42a26,0.5408648252487183,2.2310938835144043,0.2857142984867096,0.11157175065711056,0.581491541583971,1,0.9269699760868353,165,72ea80489538,0.4730169177055359,1.349153995513916,0.125,0.11157175065711056,0.2946355476714843,1,0.6514453083012166,140,f07eaef01260,0.47799915075302124,1.4139169454574585,0.125,0.11157175065711056,0.18537911611799004,0,0.5775560534900032,1,06d678da6c8d,0.460082471370697,1.1810219287872314,0.0,0.2554127452163465,0.0,1,0.500109044054321,30,c6a87cc5d35e,0.4621945321559906,1.208476185798645,0.1428571492433548,0.2554127452163465,0.20413771715373902,0,0.5154867057028516,61,dc17b84d2d6b,0.4616946578025818,1.2019784450531006,0.0,0.0,0.0,1,0.5431677877902985,66,196087c93944,0.44128870964050293,0.9367259740829468,0.0833333358168602,0.23500177712287373,0.21544496568863478,1,0.5169646109723234,158,16ac0e74dbe1,0.3785405457019806,0.12107644975185394,0.125,0.11157175065711056,0.2946355476714843,1,0.3793218858275475
125,12a1310a48ad,create graphical representations of mechanical equipment,97,48c561c86be0,0.7345569133758545,3.373724937438965,0.375,0.09116076173031373,1.0,1,1.461325873819524,63,50171927f859,0.5959487557411194,2.069803237915039,0.20000000298023224,0.1682360897391828,0.41717399612577477,1,0.9628952191723825,132,22f88df4c22c,0.5321176648139954,1.4693281650543213,0.1428571492433548,0.2554127452163465,0.2115157122580398,1,0.7380982567569198,75,f634ee56b726,0.6044505834579468,2.149782180786133,0.1428571492433548,0.2554127452163465,0.2115157122580398,1,0.9056926374336661,131,c3b47654a283,0.49143365025520325,1.0866034030914307,0.125,0.11157175065711056,0.3585553258067346,1,0.7186513825126061,161,f1f35b083d3a,0.5166040658950806,1.323387861251831,0.1111111119389534,0.0,0.31147734369471364,1,0.7789420253631686,60,90e3d91fbf4d,0.5143573880195618,1.3022527694702148,0.2222222238779068,0.09116076173031373,0.44955736568804944,1,0.7962487841515355,153,8594b6595861,0.4980313777923584,1.1486698389053345,0.0,0.0,0.0,1,0.6380111306905747,127,3d77dabe7560,0.5199390053749084,1.3547604084014893,0.125,0.11157175065711056,0.19207913329378754,1,0.7266415586403644,73,a40c650a049f,0.46348899602890015,0.8237210512161255,0.09090909361839294,0.1682360897391828,0.15057050703114702,1,0.575403098130788
126,ebdb003908ef,research engineering applications of emerging technologies,141,dbc0d59bd942,0.6473268270492554,3.2838218212127686,0.4285714328289032,0.0,1.0,1,1.464285695552826,69,636981831618,0.6284180879592896,3.096614360809326,0.25,0.0,0.7463901992985732,1,1.3628417794627146,6,75e527217c38,0.6009416580200195,2.8245816230773926,0.2222222238779068,0.09116076173031373,0.570193929003931,1,1.2221321660002806,148,253c9a1feb09,0.5557537078857422,2.377194881439209,0.25,0.0,0.6329560283090435,1,1.137163627261223,209,2ac9980eb5e6,0.5367619395256042,2.1891653537750244,0.10000000149011612,0.09116076173031373,0.24755172149887708,1,0.9622731374159084,183,ff9c96c6d776,0.4223708212375641,1.0566270351409912,0.10000000149011612,0.09116076173031373,0.24755172149887708,1,0.6615175844683872,21,c9b70de179fe,0.3790004253387451,0.627234935760498,0.125,0.11157175065711056,0.41690556512507615,1,0.6018224401567007,59,da6e8742f6bf,0.4274314045906067,1.1067297458648682,0.125,0.11157175065711056,0.2930477135581302,0,0.6352428821917734,157,018f6a0e7f9a,0.38189560174942017,0.6558988690376282,0.1666666716337204,0.29389328800662196,0.4624906313031885,1,0.5948204666791492,195,6b483cafcca2,0.44062381982803345,1.2373422384262085,0.125,0.11157175065711056,0.3980718416766092,1,0.7565332481815412
127,3d77dabe7560,design electromechanical equipment or systems,136,ded8762bb927,0.7649617195129395,3.3011374473571777,0.4000000059604645,0.14384099455923594,1.0,1,1.4484238436635575,60,90e3d91fbf4d,0.6994632482528687,2.7209787368774414,0.4285714328289032,0.2027325123874243,0.821331941015358,1,1.2283320448492705,70,d5bb4574fc4d,0.7094281911849976,2.809244155883789,0.2857142984867096,0.11157175065711056,0.5537472597838777,1,1.1954253990256731,75,f634ee56b726,0.6833375096321106,2.57814359664917,0.4000000059604645,0.14384099455923594,0.6658151575972816,1,1.152283257840455,63,50171927f859,0.5526965856552124,1.4209799766540527,0.375,0.27980784039629336,0.76216819950154,1,0.881660364118554,19,9d76ae41867e,0.5424176454544067,1.3299332857131958,0.3333333432674408,0.0,0.6561052574239555,1,0.8683690975837741,5,abdac161e57b,0.5341053009033203,1.2563059329986572,0.1428571492433548,0.0,0.3161741754536847,1,0.7509721533848601,24,2ae9204d54c8,0.520957350730896,1.1398468017578125,0.3333333432674408,0.0,0.6838214652159558,1,0.8303745582448007,125,12a1310a48ad,0.5199390053749084,1.130826711654663,0.125,0.11157175065711056,0.2641818020663943,1,0.6852237567750888,74,318da22b73fb,0.4075867533683777,0.13565659523010254,0.3333333432674408,0.0,0.6561052574239555,0,0.518709346228126
128,54e485ae84d0,design environmental control systems,60,90e3d91fbf4d,0.6093989014625549,3.301625967025757,0.4285714328289032,0.2027325123874243,1.0,1,1.4338758186947125,148,253c9a1feb09,0.5226028561592102,2.1976757049560547,0.125,0.11157175065711056,0.28044369125877083,1,0.9840554493897633,152,fbe465293a7d,0.454841673374176,1.3358278274536133,0.125,0.11157175065711056,0.36266806078666614,1,0.8002008681416981,42,853f8faf3522,0.4667283296585083,1.4870131015777588,0.125,0.11157175065711056,0.477614837157575,1,0.877732319932475,24,2ae9204d54c8,0.4705396890640259,1.5354894399642944,0.3333333432674408,0.0,0.6622800156441615,1,0.9455326054233859,159,3319e1abdfb1,0.5290943384170532,2.280240058898926,0.125,0.11157175065711056,0.28044369125877083,1,1.004425560259171,96,1cbedefabffc,0.4510065019130707,1.2870486974716187,0.1111111119389534,0.2027325123874243,0.33451574556578334,1,0.7661893367161389,105,8bb47fa10a52,0.43069034814834595,1.0286495685577393,0.1428571492433548,0.0,0.3959943150211166,1,0.7510233852421321,155,f6d7dbe3f71e,0.4108226001262665,0.7759536504745483,0.1666666716337204,0.14384099455923594,0.3372001525849506,0,0.5945983134506027,23,9a8d83e8b2e2,0.42170315980911255,0.9143424034118652,0.1666666716337204,0.14384099455923594,0.43606516832682474,1,0.7130910927878115
129,06f6e71fddcf,calibrate scientific or technical equipment,70,d5bb4574fc4d,0.5501862168312073,3.0559499263763428,0.125,0.11157175065711056,0.32181257822744264,1,1.270898624879877,189,a49d5a99c1d7,0.5153544545173645,2.516136407852173,0.3333333432674408,0.0,0.7292152533930565,1,1.2530633694430897,19,9d76ae41867e,0.5004943609237671,2.2858388423919678,0.1428571492433548,0.0,0.35138454487536985,1,1.0943148042531325,84,c6940290ea74,0.4634167551994324,1.7112200260162354,0.2857142984867096,0.11157175065711056,0.6678456528599774,0,0.9693675796032922,219,573d5b3bbb3d,0.47026610374450684,1.8173693418502808,0.1428571492433548,0.0,0.35138454487536985,1,0.9725922178001715,186,4c7ceb754866,0.3511921167373657,-0.02800723724067211,0.2857142984867096,0.11157175065711056,0.9158415841584158,0,0.615775389890784,66,196087c93944,0.4242101311683655,1.1036063432693481,0.09090909361839294,0.3465735277799843,0.2569412679918712,1,0.7077835522906607,192,8562bf3caec4,0.3535291850566864,0.008212019689381123,0.2857142984867096,0.11157175065711056,0.9158415841584158,0,0.6249464995373427,75,f634ee56b726,0.42627111077308655,1.1355468034744263,0.1666666716337204,0.14384099455923594,0.38694131429728224,0,0.733659563240112,184,389dd43f303d,0.33969050645828247,-0.20625610649585724,0.3333333432674408,0.0,1.0,0,0.6145067647099495
130,cbb58925807f,select project materials,73,a40c650a049f,0.5284623503684998,3.167046070098877,0.1111111119389534,0.4236488349555293,0.9253306039790964,1,1.438096156310983,45,aa03c0034762,0.43749701976776123,1.8399721384048462,0.1666666716337204,0.14384099455923594,0.8291670680005391,1,1.0915668955248499,192,8562bf3caec4,0.42087510228157043,1.5974785089492798,0.1428571492433548,0.2554127452163465,1.0,1,1.0748413834364927,203,79676bc4eb6a,0.4455922842025757,1.9580721855163574,0.125,0.3465735069466602,0.7004379341557064,1,1.0526879425457227,101,ae138f31c069,0.42756637930870056,1.6950961351394653,0.1428571492433548,0.2554127452163465,0.7593856810896026,1,1.016018650846746,177,ff18586218d4,0.45489072799682617,2.0937252044677734,0.0,0.14384099455923594,0.0,1,0.8921189060624678,105,8bb47fa10a52,0.41041070222854614,1.4448156356811523,0.0,0.14384099455923594,0.0,1,0.7190242385681708,165,72ea80489538,0.37247031927108765,0.8913114666938782,0.1666666716337204,0.14384099455923594,0.8291670680005391,1,0.845849407295575,139,80c1c070d6f0,0.38249215483665466,1.0375179052352905,0.1428571492433548,0.2554127452163465,0.7593856810896026,0,0.7949695775082374,190,c2a2570c95d4,0.42417484521865845,1.6456178426742554,0.1428571492433548,0.2554127452163465,0.7593856810896026,1,1.0031483391096854
131,c3b47654a283,create physical models or prototypes,10,365ec2897755,0.6301343441009521,3.7024734020233154,0.2857142984867096,0.11157175065711056,1.0,1,1.4761213747238593,125,12a1310a48ad,0.49143365025520325,1.9259016513824463,0.125,0.11157175065711056,0.48438752694978165,1,0.9179893064218125,84,c6940290ea74,0.5160597562789917,2.2413294315338135,0.0,0.11157175065711056,0.0,1,0.8387249735569434,162,957f012e4031,0.45570454001426697,1.4682590961456299,0.0,0.14384099455923594,0.0,1,0.6515938690122206,70,d5bb4574fc4d,0.4816415011882782,1.800477147102356,0.0,0.11157175065711056,0.0,0,0.6847715598916487,49,824d3015533f,0.49592363834381104,1.9834123849868774,0.0,0.11157175065711056,0.0,1,0.7779079256033378,155,f6d7dbe3f71e,0.404899001121521,0.8175075650215149,0.0,0.14384099455923594,0.0,0,0.44814599512182063,5,abdac161e57b,0.40424904227256775,0.8091824650764465,0.0,0.0,0.0,1,0.5177590727806092,153,8594b6595861,0.40590572357177734,0.8304023742675781,0.0,0.11157175065711056,0.0,0,0.45602697854990526,6,75e527217c38,0.36284446716308594,0.27884480357170105,0.0,0.2027325123874243,0.0,1,0.36229504137742674
132,22f88df4c22c,program robotic equipment,135,4055e1544ee0,0.5230712890625,2.023282289505005,0.20000000298023224,0.0,1.0,1,1.4697278380393983,125,12a1310a48ad,0.5321176648139954,2.1283092498779297,0.1428571492433548,0.2554127452163465,0.8316831683168318,1,1.4189370981513503,137,a4f4cc8a14a2,0.5033515095710754,1.7943391799926758,0.20000000298023224,0.0,1.0,1,1.3933082163333894,60,90e3d91fbf4d,0.5082076787948608,1.850718379020691,0.125,0.3465735069466602,0.7671232876712328,1,1.2923116889997364,200,9ff41f315fd5,0.5334633588790894,2.143932342529297,0.0,0.0,0.0,1,1.1999999910593033,75,f634ee56b726,0.4851708710193634,1.5832650661468506,0.20000000298023224,0.0,1.0,0,1.2728532016277314,73,a40c650a049f,0.4794347882270813,1.5166702270507812,0.1111111119389534,0.4236488349555293,0.7118644067796611,1,1.1506539355820056,70,d5bb4574fc4d,0.4785199761390686,1.506049394607544,0.1428571492433548,0.2554127452163465,0.8316831683168318,0,1.1590926430284025,138,ef5aeb4ce41e,0.4176647663116455,0.7995310425758362,0.20000000298023224,0.0,1.0,1,1.0612482368946077,74,318da22b73fb,0.43878045678138733,1.0446804761886597,0.1666666716337204,0.14384099455923594,0.9081081081081083,1,1.0938020657343932
133,70f88532846f,fabricate products or components using machine tools,162,957f012e4031,0.7712336778640747,3.7506401538848877,0.2857142984867096,0.3465735069466602,1.0,1,1.4408711112804269,161,f1f35b083d3a,0.6683766841888428,2.6319167613983154,0.2222222238779068,0.09116076173031373,0.8316831683168316,1,1.1777174077573087,139,80c1c070d6f0,0.614844560623169,2.0496747493743896,0.10000000149011612,0.09116076173031373,0.24716447206228292,1,0.8561521597992844,75,f634ee56b726,0.612998366355896,2.029594659805298,0.0,0.3465735069466602,0.0,1,0.7395460612840508,135,4055e1544ee0,0.6578998565673828,2.51796555519104,0.125,0.3465735069466602,0.45183119968852736,1,0.9949554880596103,73,a40c650a049f,0.5138753652572632,0.951483964920044,0.0833333358168602,0.07707532800886907,0.3902218578488449,1,0.6536342278138776,49,824d3015533f,0.5089624524116516,0.8980486989021301,0.10000000149011612,0.09116076173031373,0.24716447206228292,1,0.5875820346962876,203,79676bc4eb6a,0.4953371584415436,0.749853253364563,0.09090909361839294,0.0,0.22797818884283627,1,0.560672540135787,202,8747ed85441f,0.48810863494873047,0.6712322235107422,0.10000000149011612,0.09116076173031373,0.24716447206228292,1,0.5346862652193969,153,8594b6595861,0.47867900133132935,0.5686708688735962,0.10000000149011612,0.09116076173031373,0.24716447206228292,1,0.5107679941546386
134,469df54e4928,inspect facilities or sites to determine if they meet specifications or standards,193,adb21e5e1a03,0.6754956245422363,3.199749708175659,0.1666666716337204,0.29389328800662196,1.0,1,1.4725826665117983,185,7b03e0901b8c,0.5879366993904114,2.063669204711914,0.07692307978868484,0.29389328800662196,0.5132080512168689,1,1.0231929235932808,140,f07eaef01260,0.5760948657989502,1.9100209474563599,0.1818181872367859,0.4054650386637325,0.9399102491502336,1,1.100894989943271,191,a9be4c9c15a1,0.5961018800735474,2.1696128845214844,0.0625,0.05889151088374822,0.409755044845089,1,1.0521273507630862,71,1cb040da80f9,0.516573429107666,1.1377280950546265,0.1428571492433548,0.12565719826743915,0.7367940512406492,1,0.8777281574737821,155,f6d7dbe3f71e,0.5077815055847168,1.0236525535583496,0.09090909361839294,0.5493060332229684,0.6170715853917114,1,0.747987206341623,102,f2c8cd5b27ab,0.5399264097213745,1.4407339096069336,0.07692307978868484,0.29389328800662196,0.4148454470844978,1,0.8259362479596151,149,c9b79bbec6f3,0.5653210878372192,1.770230770111084,0.0833333358168602,0.4054650386637325,0.5603677099773379,1,0.9454009850790402,144,7a053b14e6ec,0.5393041372299194,1.4326598644256592,0.1818181872367859,0.4054650386637325,0.9399102491502336,1,0.9784241938350249,84,c6940290ea74,0.5279629826545715,1.2855079174041748,0.07692307978868484,0.29389328800662196,0.4148454470844978,1,0.7853615930228246
135,4055e1544ee0,assemble equipment or components,161,f1f35b083d3a,0.8531822562217712,3.9822607040405273,0.3333333432674408,0.2554127452163465,1.0,1,1.4450214016826666,162,957f012e4031,0.6300290822982788,1.9429569244384766,0.20000000298023224,0.0,0.5432732281969198,1,0.913133642301974,74,318da22b73fb,0.6492459177970886,2.1185715198516846,0.1666666716337204,0.14384099455923594,0.27863132580303157,1,0.8408341176969453,75,f634ee56b726,0.6239465475082397,1.8873711824417114,0.20000000298023224,0.0,0.306826162342624,1,0.8184654417649295,133,70f88532846f,0.6578998565673828,2.1976563930511475,0.125,0.3465735069466602,0.41675754491818506,1,0.8812798476138406,132,22f88df4c22c,0.5230712890625,0.9655142426490784,0.20000000298023224,0.0,0.306826162342624,1,0.6209164115801837,101,ae138f31c069,0.47672152519226074,0.5419430732727051,0.1428571492433548,0.2554127452163465,0.2551821548196081,1,0.47759795420865775,139,80c1c070d6f0,0.5420233011245728,1.1387088298797607,0.1428571492433548,0.2554127452163465,0.2551821548196081,1,0.6067983792076564,138,ef5aeb4ce41e,0.45377016067504883,0.33220013976097107,0.20000000298023224,0.0,0.306826162342624,1,0.48520058795962595,137,a4f4cc8a14a2,0.565395712852478,1.352299451828003,0.20000000298023224,0.0,0.306826162342624,1,0.703802444340327
136,ded8762bb927,maintain electromechanical equipment,127,3d77dabe7560,0.7649617195129395,3.75758957862854,0.4000000059604645,0.14384099455923594,1.0,1,1.4484238436635575,201,42bb588edac5,0.5793397426605225,2.094648599624634,0.5,0.0,0.8775984256142448,1,1.046415267689618,189,a49d5a99c1d7,0.6094207763671875,2.3641369342803955,0.4000000059604645,0.14384099455923594,0.7969542459632063,1,1.0693164061914906,138,ef5aeb4ce41e,0.5242056250572205,1.6007157564163208,0.20000000298023224,0.0,0.3497900348363503,1,0.7877959587683643,139,80c1c070d6f0,0.5300785899162292,1.6533300876617432,0.3333333432674408,0.2554127452163465,0.7298838391247185,1,0.8795093249690227,137,a4f4cc8a14a2,0.5053637623786926,1.4319161176681519,0.20000000298023224,0.0,0.3497900348363503,1,0.7490856179108585,65,8da0e9e0dffc,0.49434930086135864,1.3332403898239136,0.1428571492433548,0.2554127452163465,0.29091448441835077,1,0.6732424649934897,19,9d76ae41867e,0.453632652759552,0.96847003698349,0.1666666716337204,0.14384099455923594,0.31764716677030735,0,0.5628036233625677,125,12a1310a48ad,0.42817917466163635,0.7404386401176453,0.1428571492433548,0.2554127452163465,0.29091448441835077,1,0.5358970466594825,70,d5bb4574fc4d,0.4992799758911133,1.377413034439087,0.1428571492433548,0.2554127452163465,0.29091448441835077,1,0.6834767613153586
137,a4f4cc8a14a2,operate industrial equipment,75,f634ee56b726,0.7594470381736755,3.3869094848632812,0.5,0.0,0.9445655529922603,1,1.4305979331164782,219,573d5b3bbb3d,0.5999211072921753,1.6270736455917358,0.4000000059604645,0.14384099455923594,1.0,1,1.0498668587025244,58,224946bca8ba,0.6155951619148254,1.7999844551086426,0.1666666716337204,0.14384099455923594,0.5229879760794496,1,0.9530643891527919,200,9ff41f315fd5,0.5291444063186646,0.8462890982627869,0.20000000298023224,0.0,0.7325343016190381,1,0.8194928897610374,59,da6e8742f6bf,0.614534854888916,1.7882875204086304,0.1666666716337204,0.14384099455923594,0.5229879760794496,1,0.9502998288705615,55,4805101e52c6,0.5919708013534546,1.5393685102462769,0.1428571492433548,0.2554127452163465,0.47897413650840676,1,0.8622266633491587,65,8da0e9e0dffc,0.5717668533325195,1.3164854049682617,0.1428571492433548,0.2554127452163465,0.3066051352871365,1,0.7489941885560982,74,318da22b73fb,0.5611760020256042,1.199650764465332,0.1666666716337204,0.14384099455923594,0.33477966123244096,1,0.7453018248563976,135,4055e1544ee0,0.565395712852478,1.2462011575698853,0.20000000298023224,0.0,0.3686561745714379,1,0.7860910025049181,73,a40c650a049f,0.5582625865936279,1.167510986328125,0.1111111119389534,0.4236488349555293,0.2624332090169558,1,0.6763047945385054
138,ef5aeb4ce41e,repair electronic equipment,65,8da0e9e0dffc,0.6343639492988586,2.941692590713501,0.3333333432674408,0.2554127452163465,1.0,1,1.4450214016826666,70,d5bb4574fc4d,0.5240727663040161,1.8296124935150146,0.3333333432674408,0.2554127452163465,1.0,1,1.1561677265556372,136,ded8762bb927,0.5242056250572205,1.8309521675109863,0.20000000298023224,0.0,0.4025326879104349,1,1.0052790819553663,137,a4f4cc8a14a2,0.5311841368675232,1.9013173580169678,0.20000000298023224,0.0,0.4025326879104349,1,1.0240056916026403,76,298036041aa4,0.535401463508606,1.9438412189483643,0.1428571492433548,0.2554127452163465,0.33477966123244096,1,0.9819917125564265,189,a49d5a99c1d7,0.489748477935791,1.4835163354873657,0.1666666716337204,0.14384099455923594,0.36554319767001664,1,0.882627493102427,135,4055e1544ee0,0.45377016067504883,1.1207423210144043,0.20000000298023224,0.0,0.4025326879104349,1,0.8162670387772849,132,22f88df4c22c,0.4176647663116455,0.7566870450973511,0.20000000298023224,0.0,0.4025326879104349,1,0.7193790032414725,50,a787a095d9b0,0.4746159017086029,1.3309326171875,0.1428571492433548,0.2554127452163465,0.665220338767559,1,0.9328497910223388,75,f634ee56b726,0.4840356707572937,1.4259133338928223,0.20000000298023224,0.0,0.4025326879104349,0,0.8474838881639769
139,80c1c070d6f0,"maintain inventories of materials, equipment, or products",178,78b65ab85b19,0.6988567113876343,3.277961015701294,0.25,0.0,1.0,1,1.4999999940395357,189,a49d5a99c1d7,0.6629517078399658,2.8143837451934814,0.2857142984867096,0.11157175065711056,0.8269502758907022,1,1.3016776136110062,101,ae138f31c069,0.604881227016449,2.0646228790283203,0.25,0.0,0.7573554506919797,1,1.1150735777475145,133,70f88532846f,0.614844560623169,2.1932618618011475,0.10000000149011612,0.09116076173031373,0.32426228524047257,1,1.0043086511794004,45,aa03c0034762,0.48300623893737793,0.4910683035850525,0.2857142984867096,0.11157175065711056,0.8812038339893632,1,0.7499510582067263,136,ded8762bb927,0.5300785899162292,1.098829746246338,0.3333333432674408,0.2554127452163465,0.9106297680939279,1,0.8831098238243142,201,42bb588edac5,0.5428692102432251,1.263972282409668,0.3333333432674408,0.2554127452163465,0.9106297680939279,1,0.9233230361951867,203,79676bc4eb6a,0.4776759445667267,0.42224767804145813,0.2222222238779068,0.09116076173031373,0.7443959328220646,1,0.6927717823103633,65,8da0e9e0dffc,0.5225328803062439,1.0014054775238037,0.1111111119389534,0.0,0.30186402088817443,1,0.7063319419845518,185,7b03e0901b8c,0.483235627412796,0.4940299689769745,0.1111111119389534,0.0,0.3515516854834827,1,0.5951048759747839
140,f07eaef01260,determine operational criteria or specifications,144,7a053b14e6ec,0.7557210922241211,3.256582736968994,0.6000000238418579,0.0,1.0,1,1.4299999862909318,57,c1933354ef21,0.6899647116661072,2.51401948928833,0.4000000059604645,0.14384099455923594,0.5433816103870581,1,1.1167888305458882,191,a9be4c9c15a1,0.6214150190353394,1.7399122714996338,0.09090909361839294,0.3465735277799843,0.13614198153294382,1,0.8062709218549224,100,6002eddcd7d0,0.6011906266212463,1.5115253925323486,0.1428571492433548,0.0,0.1861833585288367,1,0.8134038968429153,134,469df54e4928,0.5760948657989502,1.2281279563903809,0.1818181872367859,0.4054650386637325,0.40637763208858296,1,0.7565520765647336,22,bab0b2935945,0.5951106548309326,1.4428664445877075,0.10000000149011612,0.27980784039629336,0.1459488191857406,1,0.7459099376812649,84,c6940290ea74,0.5639608502388,1.0911028385162354,0.125,0.11157175065711056,0.2617711457758733,1,0.723067435043835,71,1cb040da80f9,0.5295610427856445,0.7026380896568298,0.2222222238779068,0.27980784039629336,0.4649235621352432,1,0.6657243071423781,54,00ee16f445cd,0.5460144281387329,0.8884403109550476,0.2857142984867096,0.11157175065711056,0.45192133933181067,1,0.7246340644181851,220,7cd42be784e2,0.521770715713501,0.6146647334098816,0.125,0.11157175065711056,0.17051446201898404,1,0.5752199862661856
141,dbc0d59bd942,research advanced engineering designs or applications,126,ebdb003908ef,0.6473268270492554,3.3992679119110107,0.4285714328289032,0.0,1.0,1,1.464285695552826,10,365ec2897755,0.4889262318611145,1.5056325197219849,0.25,0.0,0.6866671552611526,1,0.9524393850191035,209,2ac9980eb5e6,0.577962338924408,2.5700347423553467,0.10000000149011612,0.09116076173031373,0.24755172149887708,1,1.0559829936876521,157,018f6a0e7f9a,0.4888158440589905,1.5043128728866577,0.1666666716337204,0.29389328800662196,0.4624906313031885,1,0.8396157741962009,148,253c9a1feb09,0.5112072825431824,1.7719963788986206,0.1111111119389534,0.0,0.26838528221907965,1,0.8859114004882372,104,985eed507e3a,0.44399696588516235,0.9685154557228088,0.10000000149011612,0.09116076173031373,0.31072201789564396,1,0.6976487487569917,59,da6e8742f6bf,0.44128063321113586,0.9360424876213074,0.125,0.11157175065711056,0.2930477135581302,0,0.628276231705781,154,17f9d29c543d,0.43456000089645386,0.8556991815567017,0.09090909361839294,0.1682360897391828,0.29940103154070674,1,0.6561713644499176,70,d5bb4574fc4d,0.4527638256549835,1.0733208656311035,0.0,0.0,0.0,0,0.5876875221729279,2,771b010da2fa,0.4622269868850708,1.1864503622055054,0.0,0.29389328800662196,0.0,1,0.6209533064916375
142,c71cb5036aef,"coordinate activities with suppliers, contractors, clients, or other departments",4,9fc64a999e12,0.6114763021469116,3.5227394104003906,0.1666666716337204,0.0,1.0,1,1.5166666597127916,117,f2f5eb941075,0.4781237244606018,1.074724793434143,0.1538461595773697,0.06676568738369093,0.7940200875584857,1,0.8766039000310881,33,2be03b534579,0.5431179404258728,2.2678534984588623,0.0,0.1682360897391828,0.0,1,0.8795356790731879,168,ab35d13698b5,0.5259273052215576,1.9522771835327148,0.0,0.07707532800886907,0.0,1,0.8189662328993472,169,2d10ff099811,0.492221862077713,1.3335307836532593,0.09090909361839294,0.1682360897391828,0.5076245470939644,1,0.8273533897543977,38,a3c08ed1a115,0.48629337549209595,1.2246989011764526,0.0833333358168602,0.07707532800886907,0.26970467609811594,1,0.7333590029803813,62,c6d9ce80244c,0.47854894399642944,1.0825307369232178,0.07692307978868484,0.0,0.35121644979786815,1,0.7411292364808438,178,78b65ab85b19,0.4787496030330658,1.0862144231796265,0.0,0.1682360897391828,0.0,1,0.6015391464541884,135,4055e1544ee0,0.4692283272743225,0.911427915096283,0.0,0.4236488349555293,0.0,1,0.5221063478690631,78,98d9410b9c2c,0.4775260090827942,1.063752293586731,0.0,0.27980784039629336,0.0,1,0.5795188658521581
143,fd635c6ca5be,conduct quantitative failure analyses of operational data,54,00ee16f445cd,0.6676774024963379,3.6140637397766113,0.10000000149011612,0.09116076173031373,0.32805627913267715,1,1.2811455637673572,36,e5bfe7745119,0.49554258584976196,1.6319363117218018,0.20000000298023224,0.0,0.767123287671233,1,0.9653107305503872,191,a9be4c9c15a1,0.522639811038971,1.9439600706100464,0.07692307978868484,0.14384101539256,0.2619263572521771,1,0.8557899181464007,76,298036041aa4,0.568666398525238,2.473954916000366,0.0,0.09116076173031373,0.0,1,0.9103051860009969,30,c6a87cc5d35e,0.5212478637695312,1.927931785583496,0.125,0.3465735069466602,0.3944486213381,1,0.8617321276363008,172,2c5271f1a3e4,0.4672873914241791,1.306578516960144,0.20000000298023224,0.0,0.767123287671233,1,0.889281318101981,22,bab0b2935945,0.48297446966171265,1.4872148036956787,0.1818181872367859,0.07707532800886907,0.7118644067796611,1,0.9025985542772792,100,6002eddcd7d0,0.4827296733856201,1.484395980834961,0.1111111119389534,0.2027325123874243,0.35820199126919355,1,0.7671085143161838,56,269bfa3db5c6,0.4293919801712036,0.8702139854431152,0.10000000149011612,0.09116076173031373,0.6230401614748069,0,0.6816558739225328,140,f07eaef01260,0.4582880735397339,1.2029516696929932,0.1111111119389534,0.2027325123874243,0.35820199126919355,0,0.6502874383402888
144,7a053b14e6ec,determine design criteria or specifications,140,f07eaef01260,0.7557210922241211,3.2314133644104004,0.6000000238418579,0.0,1.0,1,1.4203438699245454,102,f2c8cd5b27ab,0.7600339651107788,3.2744314670562744,0.125,0.11157175065711056,0.2617711457758733,1,1.2498841235218279,63,50171927f859,0.666374146938324,2.3402323722839355,0.10000000149011612,0.27980784039629336,0.16275567414533632,1,0.9649386285903068,159,3319e1abdfb1,0.5459973812103271,1.1395483016967773,0.125,0.11157175065711056,0.19015019355593749,1,0.7014094650962679,49,824d3015533f,0.562389075756073,1.3030452728271484,0.125,0.11157175065711056,0.2617711457758733,1,0.766561212557339,155,f6d7dbe3f71e,0.5042440891265869,0.7230848670005798,0.1666666716337204,0.14384099455923594,0.22863297082321052,1,0.6042341659886644,194,094e12b11051,0.5414111614227295,1.0938035249710083,0.125,0.11157175065711056,0.2617711457758733,1,0.7152616033134692,134,469df54e4928,0.5393041372299194,1.0727872848510742,0.1818181872367859,0.4054650386637325,0.40637763208858296,1,0.7107259916529103,84,c6940290ea74,0.5860161781311035,1.5387111902236938,0.125,0.11157175065711056,0.2617711457758733,1,0.82433917613604,71,1cb040da80f9,0.4946642518043518,0.627531886100769,0.2222222238779068,0.27980784039629336,0.4649235621352432,1,0.6385859100447905
145,7809c19536e4,evaluate technical data to determine effect on designs or plans,71,1cb040da80f9,0.660423994064331,3.116614818572998,0.27272728085517883,0.0,1.0,1,1.4954545438289644,102,f2c8cd5b27ab,0.5775611400604248,1.9505283832550049,0.20000000298023224,0.1682360897391828,0.7199840921793524,1,1.0951310225360078,3,33b4e36b0d81,0.5356360673904419,1.360538363456726,0.27272728085517883,0.0,0.9240729385814057,1,1.0354557261834885,172,2c5271f1a3e4,0.573608934879303,1.8949110507965088,0.0833333358168602,0.07707532800886907,0.34087445345512635,1,0.9791180135687092,2,771b010da2fa,0.5914332866668701,2.1457440853118896,0.06666667014360428,0.12565719826743915,0.1970246409854665,1,0.9881372208657456,104,985eed507e3a,0.5603156685829163,1.7078417539596558,0.0833333358168602,0.07707532800886907,0.3529053448127959,1,0.935560933063997,119,b729f6985724,0.5316988229751587,1.3051315546035767,0.09090909361839294,0.1682360897391828,0.3695619074587756,1,0.8239884629190155,209,2ac9980eb5e6,0.5485259294509888,1.5419307947158813,0.0,0.07707532800886907,0.0,1,0.7804325006043109,36,e5bfe7745119,0.5620300769805908,1.7319676876068115,0.0833333358168602,0.07707532800886907,0.34087445345512635,1,0.9375107081611851,84,c6940290ea74,0.5272576808929443,1.242633581161499,0.09090909361839294,0.1682360897391828,0.2633497676538413,1,0.7708767291864729
146,284cc33eb902,direct design or development activities,25,79d2ac46742b,0.577401876449585,2.175063133239746,0.3333333432674408,0.0,0.9081081081081083,1,1.4467895244585502,163,3ac212a9f7c3,0.5672943592071533,2.025540351867676,0.0,0.11157175065711056,0.0,1,1.1284573850607351,155,f6d7dbe3f71e,0.5538976192474365,1.8273595571517944,0.1666666716337204,0.14384099455923594,0.42414962843295445,1,1.1757741606880743,33,2be03b534579,0.5783392190933228,2.188929319381714,0.125,0.11157175065711056,0.4856260836550954,1,1.3282333517795555,29,ef7349785e11,0.5614408254623413,1.9389477968215942,0.1428571492433548,0.0,0.3851737166310073,1,1.2244694366755737,58,224946bca8ba,0.556412935256958,1.8645691871643066,0.3333333432674408,0.0,0.9081081081081083,1,1.3486758907662857,104,985eed507e3a,0.5683987736701965,2.0418782234191895,0.0,0.2027325123874243,0.0,1,1.1202635900627391,21,c9b70de179fe,0.5126563906669617,1.2172693014144897,0.0,0.0,0.0,1,0.8740684717893601,64,445ae625480e,0.4636229872703552,0.49190783500671387,0.4000000059604645,0.14384099455923594,1.0,1,0.9187782926674921,182,8729852fc4b8,0.5231888294219971,1.3730779886245728,0.0,0.2027325123874243,0.0,1,0.8959226892839686
147,a2140782858a,design energy-efficient vehicles or vehicle components,161,f1f35b083d3a,0.4063847064971924,1.7536826133728027,0.1111111119389534,0.0,0.8316831683168318,1,1.3587399813798395,60,90e3d91fbf4d,0.4297902584075928,2.0919368267059326,0.10000000149011612,0.09116076173031373,0.47487915469756564,1,1.332533570215068,162,957f012e4031,0.40045785903930664,1.6680285930633545,0.1428571492433548,0.2554127452163465,1.0,1,1.3458799529464758,75,f634ee56b726,0.426917165517807,2.050415277481079,0.1428571492433548,0.2554127452163465,0.6190388980878981,0,1.2863379888308517,135,4055e1544ee0,0.4005836248397827,1.6698461771011353,0.1428571492433548,0.2554127452163465,1.0,0,1.2964683699996984,166,505ab84c8d87,0.3732011318206787,1.2741175889968872,0.0,0.09116076173031373,0.0,1,0.914818419901067,127,3d77dabe7560,0.3975708484649658,1.6263058185577393,0.125,0.11157175065711056,0.5621542425879291,0,1.1537940710535082,155,f6d7dbe3f71e,0.370198130607605,1.2307186126708984,0.1428571492433548,0.2554127452163465,0.6190388980878981,0,1.0209682308209411,159,3319e1abdfb1,0.34988534450531006,0.9371606111526489,0.1111111119389534,0.0,0.5148442320731034,0,0.9320077753511431,141,dbc0d59bd942,0.38626402616500854,1.462900996208191,0.0,0.0,0.0,0,0.9411665797233582
148,253c9a1feb09,research design or application of green technologies,159,3319e1abdfb1,0.7660749554634094,3.9104177951812744,0.25,0.0,0.976656385504178,1,1.4918297289659979,126,ebdb003908ef,0.5557537078857422,1.8770630359649658,0.25,0.0,1.0,1,1.0467796564102172,8,04d0abdf0b41,0.7064986228942871,3.334442615509033,0.0714285746216774,0.34657354027998,0.42457457506334995,1,1.1497803748909725,176,62eda05f366c,0.5683242082595825,1.9985928535461426,0.125,0.11157175065711056,0.6586643407739537,1,0.9529797087187116,209,2ac9980eb5e6,0.5058640241622925,1.3947370052337646,0.2222222238779068,0.09116076173031373,0.7355410636134755,1,0.8357614390163693,128,54e485ae84d0,0.5226028561592102,1.556565523147583,0.125,0.11157175065711056,0.40773884772250013,1,0.76439182447792,72,91e3b64a6f04,0.5222910642623901,1.553551197052002,0.09090909361839294,0.1682360897391828,0.5163258603524636,1,0.7967725016146447,141,dbc0d59bd942,0.5112072825431824,1.4463948011398315,0.1111111119389534,0.0,0.42401884209251794,1,0.7631021243721022,195,6b483cafcca2,0.39912471175193787,0.3627970814704895,0.125,0.11157175065711056,0.6289091562016831,0,0.5196715652197486,59,da6e8742f6bf,0.41209062933921814,0.48814964294433594,0.125,0.11157175065711056,0.4629827356902088,0,0.4901725447052757
149,c9b79bbec6f3,monitor processes for compliance with standards,191,a9be4c9c15a1,0.7096919417381287,3.0335652828216553,0.20000000298023224,0.3465735277799843,0.8307581367722972,1,1.39877931810726,185,7b03e0901b8c,0.6703214049339294,2.6373472213745117,0.2857142984867096,0.11157175065711056,1.0,1,1.3740439501976447,121,66497e9d2189,0.6116392612457275,2.046780586242676,0.125,0.11157175065711056,0.49999999999999994,1,1.0715622959112598,96,1cbedefabffc,0.571193516254425,1.6397418975830078,0.1111111119389534,0.2027325123874243,0.46118721461187207,1,0.9382193152911444,37,78a6d412d86e,0.6087251901626587,2.017453908920288,0.1111111119389534,0.2027325123874243,0.4290069480140264,1,1.0273753707846556,196,0f2541e582f8,0.576623797416687,1.6943913698196411,0.1111111119389534,0.2027325123874243,0.46118721461187207,1,0.9527484838969489,134,469df54e4928,0.5653210878372192,1.5806429386138916,0.0833333358168602,0.4054650386637325,0.43047884069747905,1,0.8850020329783828,151,506120811a05,0.5470534563064575,1.3968007564544678,0.1666666716337204,0.14384099455923594,0.510539958402861,1,0.89291388781418,67,3574e4789085,0.521038830280304,1.1349941492080688,0.125,0.11157175065711056,0.49999999999999994,1,0.8297503573274092,56,269bfa3db5c6,0.5064110159873962,0.9877824783325195,0.125,0.11157175065711056,0.42460749015683497,1,0.7643214075631982
150,3ffc9e8eaffb,test products for functionality or quality,190,c2a2570c95d4,0.6870809197425842,3.072080135345459,0.5,0.11157175065711056,1.0,1,1.4332642269706206,99,78b76b55f875,0.6192814111709595,2.420257329940796,0.0,0.0,0.0,1,1.020780909061432,102,f2c8cd5b27ab,0.5719620585441589,1.9653301239013672,0.125,0.11157175065711056,0.37299410659993976,1,0.991125925693697,202,8747ed85441f,0.5756191611289978,2.0004894733428955,0.125,0.11157175065711056,0.2677922543596666,1,0.9637621801519872,45,aa03c0034762,0.5892442464828491,2.1314806938171387,0.3333333432674408,0.0,0.6996694319667054,1,1.134591727915165,188,be19a52818cf,0.504834771156311,1.319969892501831,0.125,0.11157175065711056,0.2677922543596666,1,0.7807206224823476,66,196087c93944,0.50251704454422,1.297687292098999,0.09090909361839294,0.3465735277799843,0.28680298453027486,1,0.7500563741923069,56,269bfa3db5c6,0.5311314463615417,1.572785496711731,0.0,0.11157175065711056,0.0,1,0.7710323957180457,187,02b0fa193387,0.45475679636001587,0.838521420955658,0.125,0.11157175065711056,0.2677922543596666,1,0.6512238096619131,49,824d3015533f,0.48110008239746094,1.091785192489624,0.125,0.11157175065711056,0.2677922543596666,0,0.6693449672484876
151,506120811a05,inspect operational processes,22,bab0b2935945,0.7135854959487915,3.2844178676605225,0.25,0.4236488349555293,1.0,1,1.4364526687962063,193,adb21e5e1a03,0.606124222278595,2.048827886581421,0.1428571492433548,0.2554127452163465,0.8763887706583177,1,1.1313327701396363,149,c9b79bbec6f3,0.5470534563064575,1.3696321249008179,0.1666666716337204,0.14384099455923594,0.7444747392921339,1,0.9295754842382948,191,a9be4c9c15a1,0.6345851421356201,2.3760714530944824,0.10000000149011612,0.4904145223392202,0.3884275621776888,1,1.013844897343498,85,e9ceea91a9c3,0.5119248032569885,0.9657227396965027,0.20000000298023224,0.0,0.8198084926728855,1,0.8738679740472195,57,c1933354ef21,0.562818706035614,1.550900936126709,0.20000000298023224,0.0,0.5849534120890193,1,0.93629535052741,59,da6e8742f6bf,0.5047403573989868,0.8831159472465515,0.1666666716337204,0.14384099455923594,0.7444747392921339,1,0.8086109720093291,30,c6a87cc5d35e,0.5448070764541626,1.3438031673431396,0.20000000298023224,0.0,0.5849534120890193,1,0.8851112029310507,202,8747ed85441f,0.4781202971935272,0.5770384669303894,0.1428571492433548,0.2554127452163465,0.8763887706583177,1,0.7638351397222893,100,6002eddcd7d0,0.5339722037315369,1.2192238569259644,0.1666666716337204,0.14384099455923594,0.5312009363835419,1,0.8175330136347926
152,fbe465293a7d,monitor activities affecting environmental quality,215,79b70e0eb0dc,0.7537615299224854,4.074155330657959,0.375,0.09116076173031373,1.0,1,1.461325873819524,156,ae5e42c6c3d0,0.4608617126941681,0.9026679992675781,0.2857142984867096,0.11157175065711056,0.7979507974751773,1,0.7480365332230201,23,9a8d83e8b2e2,0.5596726536750793,1.9725821018218994,0.1428571492433548,0.2554127452163465,0.46174711532649226,1,0.8477379284844502,28,ce1178bafa1d,0.4659929573535919,0.958228588104248,0.20000000298023224,0.1682360897391828,0.8480627652434272,1,0.7756042158862202,216,f20501abeeb8,0.5668752193450928,2.0505707263946533,0.0,0.11157175065711056,0.0,1,0.7418959317182975,174,003763627ff4,0.5986940264701843,2.395101308822632,0.2222222238779068,0.09116076173031373,0.6229224083922863,1,1.007835816463951,128,54e485ae84d0,0.454841673374176,0.8374837040901184,0.125,0.11157175065711056,0.4193162993235174,1,0.6144145855357698,149,c9b79bbec6f3,0.4281494915485382,0.5484636425971985,0.125,0.11157175065711056,0.4463783381734557,1,0.562217936664767,105,8bb47fa10a52,0.5334172248840332,1.6882911920547485,0.125,0.11157175065711056,0.4193162993235174,1,0.7959518262794069,197,3a46124701c0,0.454778254032135,0.8367969989776611,0.125,0.11157175065711056,0.4463783381734557,0,0.5737397983669708
153,8594b6595861,prepare drawings or diagrams of products or services,194,094e12b11051,0.6003426313400269,3.4241976737976074,0.1111111119389534,0.0,0.7130391465576601,1,1.4273414714568098,20,1bd49058235f,0.4515684247016907,0.9862966537475586,0.25,0.0,1.0,1,0.9100181177258492,97,48c561c86be0,0.5384900569915771,2.4106452465057373,0.0,0.09116076173031373,0.0,1,0.9298928368961156,49,824d3015533f,0.512280285358429,1.9811567068099976,0.1111111119389534,0.0,0.41791191366594577,1,0.9660064879412308,178,78b65ab85b19,0.4822648763656616,1.4893066883087158,0.1111111119389534,0.0,0.41791191366594577,1,0.8439709622020378,133,70f88532846f,0.47867900133132935,1.4305464029312134,0.10000000149011612,0.09116076173031373,0.38547126283342936,1,0.8056108120012955,185,7b03e0901b8c,0.47868359088897705,1.43062162399292,0.1111111119389534,0.0,0.41791191366594577,1,0.8294102999920502,154,17f9d29c543d,0.46933713555336,1.2774651050567627,0.09090909361839294,0.1682360897391828,0.6103131678163022,1,0.8356470681996331,3,33b4e36b0d81,0.4545671343803406,1.0354353189468384,0.09090909361839294,0.1682360897391828,0.3914669625242967,0,0.6487844537505187,182,8729852fc4b8,0.47162479162216187,1.31495201587677,0.10000000149011612,0.09116076173031373,0.38547126283342936,1,0.7768736469674782
154,17f9d29c543d,"explain engineering drawings, specifications, or other technical information",194,094e12b11051,0.7000371813774109,3.7309012413024902,0.3333333432674408,0.1682360897391828,1.0,1,1.458097900004241,63,50171927f859,0.5784257650375366,2.3793036937713623,0.07692307978868484,0.0,0.2825368090927238,1,0.9651759818753474,84,c6940290ea74,0.5669732093811035,2.252019166946411,0.20000000298023224,0.1682360897391828,0.565316389480177,1,0.991876490631385,68,7a9450b42a26,0.5616621971130371,2.1929922103881836,0.10000000149011612,0.27980784039629336,0.2568390471843944,1,0.8671886115445525,10,365ec2897755,0.5005075931549072,1.5133157968521118,0.09090909361839294,0.1682360897391828,0.35485309920189656,1,0.759784761087324,4,9fc64a999e12,0.4463309347629547,0.911192774772644,0.1666666716337204,0.0,0.4838725028601516,1,0.6824317588764957,12,9251af4a3821,0.37442150712013245,0.11198651790618896,0.3333333432674408,0.1682360897391828,0.9201694886820736,0,0.5663561000762938,153,8594b6595861,0.46933713555336,1.166885256767273,0.09090909361839294,0.1682360897391828,0.43468361051982285,1,0.7063355136746395,141,dbc0d59bd942,0.43456000089645386,0.7803698182106018,0.09090909361839294,0.1682360897391828,0.35485309920189656,1,0.587587411717798,103,6680fc36f234,0.4434329569339752,0.8789844512939453,0.20000000298023224,0.1682360897391828,0.565316389480177,1,0.6755159201410248
155,f6d7dbe3f71e,design structures or facilities,83,4ffdd533affb,0.7043818235397339,4.201866626739502,0.0,0.14384099455923594,0.0,1,1.178423841875418,146,284cc33eb902,0.5538976192474365,2.223663806915283,0.1666666716337204,0.14384099455923594,0.5516166948607367,1,0.9273395799579243,197,3a46124701c0,0.4558267593383789,0.9344649910926819,0.1666666716337204,0.14384099455923594,0.9394410575141467,1,0.7953480719988271,75,f634ee56b726,0.5044708847999573,1.573920488357544,0.20000000298023224,0.0,0.6074350508883113,1,0.8301104214282911,144,7a053b14e6ec,0.5042440891265869,1.5709391832351685,0.1666666716337204,0.14384099455923594,0.5516166948607367,1,0.7917871959986309,134,469df54e4928,0.5077815055847168,1.6174405813217163,0.09090909361839294,0.5493060332229684,0.6436910949633968,1,0.7807196150835967,29,ef7349785e11,0.458230197429657,0.9660595655441284,0.1666666716337204,0.14384099455923594,0.5516166948607367,1,0.6661708467187504,128,54e485ae84d0,0.4108226001262665,0.3428589701652527,0.1666666716337204,0.14384099455923594,0.5516166948607367,1,0.5367497317971806,165,72ea80489538,0.3547910451889038,-0.39370861649513245,0.1666666716337204,0.14384099455923594,1.0,1,0.540719656106456,70,d5bb4574fc4d,0.4676801562309265,1.090284824371338,0.1428571492433548,0.2554127452163465,0.5051935076694867,0,0.6109913209463287
156,ae5e42c6c3d0,direct quality control activities,65,8da0e9e0dffc,0.5056774616241455,2.768853187561035,0.2857142984867096,0.11157175065711056,0.8316831683168318,1,1.4172104836347503,42,853f8faf3522,0.48958027362823486,2.47436261177063,0.2857142984867096,0.11157175065711056,0.9468283303491641,1,1.3753879064664052,152,fbe465293a7d,0.4608617126941681,1.948969841003418,0.2857142984867096,0.11157175065711056,0.8681104963851355,1,1.201322457454285,25,79d2ac46742b,0.46159490942955017,1.9623833894729614,0.3333333432674408,0.0,0.9081081081081083,0,1.178234036766194,149,c9b79bbec6f3,0.4598020911216736,1.9295846223831177,0.0,0.0,0.0,1,0.953718963265419,50,a787a095d9b0,0.47925665974617004,2.285496950149536,0.2857142984867096,0.11157175065711056,0.8316831683168318,1,1.2824188412073059,32,85a88cfd39f0,0.42904132604599,1.3668307065963745,0.25,0.2027325123874243,0.7671232876712328,1,0.9945514610993665,146,284cc33eb902,0.40901777148246765,1.0005091428756714,0.3333333432674408,0.0,0.9081081081081083,0,0.9123375674115646,64,445ae625480e,0.3779754042625427,0.4326034188270569,0.4000000059604645,0.14384099455923594,1.0,1,0.8105493819531042,150,3ffc9e8eaffb,0.3756510615348816,0.39008066058158875,0.1428571492433548,0.0,0.5700258873952792,0,0.6402361454634545
157,018f6a0e7f9a,research human performance or health factors related to engineering or design activities,141,dbc0d59bd942,0.4888158440589905,2.732609987258911,0.1666666716337204,0.29389328800662196,0.8573448359993946,1,1.4226533591115862,107,750257b28f11,0.3968190550804138,0.8579006791114807,0.1818181872367859,0.4054650386637325,1.0,1,0.9270182532002647,160,56c85bc2a8f3,0.4738916754722595,2.42848539352417,0.0833333358168602,0.4054650386637325,0.406423245157982,1,1.177955482595341,209,2ac9980eb5e6,0.4779663681983948,2.511519432067871,0.1538461595773697,0.20273252627630822,0.6456849531874768,1,1.3024899969766839,2,771b010da2fa,0.44015952944755554,1.7410922050476074,0.125,0.0,0.6235237817114474,0,1.0623054569016952,146,284cc33eb902,0.44622236490249634,1.8646405935287476,0.1818181872367859,0.4054650386637325,0.7090570313402609,0,1.057547844038817,59,da6e8742f6bf,0.45646679401397705,2.07340145111084,0.0833333358168602,0.4054650386637325,0.406423245157982,0,1.026603834026234,5,abdac161e57b,0.40266454219818115,0.9770199656486511,0.0833333358168602,0.4054650386637325,0.3579281318585446,1,0.7466904758284737,10,365ec2897755,0.41590529680252075,1.2468398809432983,0.07692307978868484,0.29389328800662196,0.48512552731510405,0,0.8357623123843785,66,196087c93944,0.3869065046310425,0.6559028625488281,0.0625,0.05889151088374822,0.4036945322856129,1,0.7250257410622655
158,16ac0e74dbe1,analyze test or validation data,56,269bfa3db5c6,0.5372505187988281,2.6199779510498047,0.125,0.11157175065711056,0.7538405741252783,1,1.4221084234441195,172,2c5271f1a3e4,0.49624815583229065,2.1214983463287354,0.25,0.2027325123874243,0.922374429223744,1,1.3048122220400118,207,7663c229a426,0.48267269134521484,1.9564568996429443,0.1666666716337204,0.14384099455923594,0.5656932803346533,1,1.1571379756073232,22,bab0b2935945,0.4894920587539673,2.0393621921539307,0.2222222238779068,0.27980784039629336,0.8559322033898303,1,1.252067841508756,119,b729f6985724,0.44976890087127686,1.5564343929290771,0.2857142984867096,0.11157175065711056,1.0,1,1.1844287452673392,165,72ea80489538,0.4463741183280945,1.5151629447937012,0.1428571492433548,0.0,0.5985876819213144,1,1.0700004468611846,220,7cd42be784e2,0.40774333477020264,1.0455154180526733,0.125,0.11157175065711056,0.5482114908685305,1,0.905617867681581,150,3ffc9e8eaffb,0.41007423400878906,1.0738530158996582,0.1428571492433548,0.0,0.5985876819213144,1,0.9458002443365225,66,196087c93944,0.43276017904281616,1.3496536016464233,0.09090909361839294,0.3465735277799843,0.43770245515985445,1,0.9222018484213649,36,e5bfe7745119,0.4435448944568634,1.4807671308517456,0.25,0.2027325123874243,0.922374429223744,0,1.077933553672149
159,3319e1abdfb1,analyze green technology design requirements,148,253c9a1feb09,0.7660749554634094,4.426875591278076,0.25,0.0,0.8114616410560253,1,1.4340115684091443,63,50171927f859,0.4726516604423523,1.1437286138534546,0.3333333432674408,0.1682360897391828,1.0,0,0.7720552231381864,176,62eda05f366c,0.5224436521530151,1.7008569240570068,0.125,0.11157175065711056,0.5472557747048398,1,0.8013813251122105,128,54e485ae84d0,0.5290943384170532,1.775272250175476,0.125,0.11157175065711056,0.33877261174552303,1,0.7433831763093293,8,04d0abdf0b41,0.5995017290115356,2.5630686283111572,0.0714285746216774,0.34657354027998,0.3527606910118305,1,0.878661393315844,71,1cb040da80f9,0.5214905142784119,1.6901921033859253,0.0,0.1682360897391828,0.0,1,0.6119618232558699,72,91e3b64a6f04,0.5063785314559937,1.5211024284362793,0.09090909361839294,0.1682360897391828,0.4289928742389634,1,0.7186017681518987,144,7a053b14e6ec,0.5459973812103271,1.9644023180007935,0.125,0.11157175065711056,0.33877261174552303,1,0.781432538909179,177,ff18586218d4,0.4147687554359436,0.49607014656066895,0.125,0.11157175065711056,0.5225334759912803,1,0.5503486912749357,147,a2140782858a,0.34988534450531006,-0.22991777956485748,0.1111111119389534,0.0,0.3102620454105038,1,0.34719921862237696
160,56c85bc2a8f3,assist engineers or scientists with research,183,ff9c96c6d776,0.5747504830360413,3.5541725158691406,0.25,0.2027325123874243,1.0,1,1.469590117181422,157,018f6a0e7f9a,0.4738916754722595,2.1953155994415283,0.0833333358168602,0.4054650386637325,0.29754771080449144,1,0.9076665875285209,12,9251af4a3821,0.5049105286598206,2.6132283210754395,0.0,0.11157175065711056,0.0,1,0.9591313627933936,26,a86fc9314475,0.3959304690361023,1.144955039024353,0.0,0.0,0.0,1,0.6261244669556618,141,dbc0d59bd942,0.4132764935493469,1.3786555528640747,0.125,0.11157175065711056,0.3977122867188747,1,0.790520937741214,59,da6e8742f6bf,0.37937408685684204,0.9218931198120117,0.1428571492433548,0.0,0.4342588211741226,0,0.6619882011389893,184,389dd43f303d,0.5080465078353882,2.6554789543151855,0.0,0.0,0.0,1,0.9859312355518342,205,45b6fa08d56b,0.3207566738128662,0.13214872777462006,0.1666666716337204,0.14384099455923594,0.47820167807864694,1,0.5209620605608526,111,059770361813,0.35707470774650574,0.6214566230773926,0.0,0.11157175065711056,0.0,1,0.484691481051393,209,2ac9980eb5e6,0.3763667345046997,0.8813754916191101,0.1111111119389534,0.2027325123874243,0.3668396434575921,0,0.6014042767820286
161,f1f35b083d3a,assemble mechanical components or machine parts,135,4055e1544ee0,0.8531822562217712,4.558624267578125,0.3333333432674408,0.2554127452163465,1.0,1,1.4450214016826666,133,70f88532846f,0.6683766841888428,2.880370855331421,0.2222222238779068,0.09116076173031373,0.7671232876712327,1,1.0740234890592422,125,12a1310a48ad,0.5166040658950806,1.502095341682434,0.1111111119389534,0.0,0.3757804037013495,1,0.6844063297219669,147,a2140782858a,0.4063847064971924,0.5011727809906006,0.1111111119389534,0.0,0.3757804037013495,1,0.4797718979723846,60,90e3d91fbf4d,0.4545753598213196,0.938801109790802,0.10000000149011612,0.09116076173031373,0.3466102353775004,1,0.5461234692822461,162,957f012e4031,0.5314100980758667,1.6365516185760498,0.1428571492433548,0.2554127452163465,0.45183119968852736,1,0.697215338176644,63,50171927f859,0.46953779458999634,1.0746777057647705,0.09090909361839294,0.1682360897391828,0.3216425489308161,0,0.5043275012903545,132,22f88df4c22c,0.460861474275589,0.9958864450454712,0.0,0.2554127452163465,0.0,1,0.41894875947552074,75,f634ee56b726,0.5397489070892334,1.712277889251709,0.0,0.2554127452163465,0.0,1,0.5682979795725858,74,318da22b73fb,0.4947734773159027,1.3038476705551147,0.0,0.11157175065711056,0.0,1,0.5047268969392257
162,957f012e4031,fabricate devices or components,133,70f88532846f,0.7712336778640747,4.346147537231445,0.2857142984867096,0.3465735069466602,1.0,1,1.4408711112804269,5,abdac161e57b,0.5424482226371765,1.7832902669906616,0.1666666716337204,0.14384099455923594,0.6489133365849326,1,0.8438836296976728,135,4055e1544ee0,0.6300290822982788,2.7643721103668213,0.20000000298023224,0.0,0.5889942424511162,1,1.0420156982496716,139,80c1c070d6f0,0.5727038383483887,2.1222140789031982,0.0,0.2554127452163465,0.0,1,0.6895444515736615,147,a2140782858a,0.40045785903930664,0.19271257519721985,0.1428571492433548,0.2554127452163465,0.4898565976821165,1,0.444695062939593,75,f634ee56b726,0.5385055541992188,1.7391244173049927,0.0,0.0,0.0,1,0.6465260490775109,131,c3b47654a283,0.45570454001426697,0.8115864992141724,0.0,0.14384099455923594,0.0,1,0.42803251503072565,138,ef5aeb4ce41e,0.43093788623809814,0.5341501832008362,0.0,0.0,0.0,1,0.3907086245715618,70,d5bb4574fc4d,0.5260902047157288,1.6000475883483887,0.0,0.2554127452163465,0.0,1,0.5786879036219632,161,f1f35b083d3a,0.5314100980758667,1.6596410274505615,0.1428571492433548,0.2554127452163465,0.4898565976821165,1,0.7483882419807403
163,3ac212a9f7c3,collaborate with others to develop or refine designs,3,33b4e36b0d81,0.5408400297164917,2.5412650108337402,0.09090909361839294,0.1682360897391828,0.674839876688682,1,1.2942991464933358,183,ff9c96c6d776,0.4807935953140259,1.7592134475708008,0.10000000149011612,0.09116076173031373,1.0,1,1.1948397506152928,104,985eed507e3a,0.4873392581939697,1.844464898109436,0.10000000149011612,0.09116076173031373,0.7272247072992187,1,1.1236957508130323,146,284cc33eb902,0.5672943592071533,2.8858091831207275,0.0,0.11157175065711056,0.0,1,1.1832642284607366,29,ef7349785e11,0.5094599723815918,2.1325676441192627,0.0,0.11157175065711056,0.0,1,0.9645143178677039,10,365ec2897755,0.4376092255115509,1.1967753171920776,0.1111111119389534,0.0,0.7884267866263809,0,0.9226911157247928,62,c6d9ce80244c,0.5469294190406799,2.6205737590789795,0.0,0.1682360897391828,0.0,1,1.097737226934287,102,f2c8cd5b27ab,0.4275580644607544,1.0658679008483887,0.1111111119389534,0.0,0.7884267866263809,0,0.8854086935398486,111,059770361813,0.3312596082687378,-0.18833407759666443,0.1111111119389534,0.0,0.8532541591699304,1,0.6009021813245002,48,23ca56c5d573,0.38911202549934387,0.5651423335075378,0.125,0.11157175065711056,0.6858591456128805,0,0.6890180010790878
164,0c9fad019eee,schedule operational activities,25,79d2ac46742b,0.619727611541748,3.095808982849121,0.4000000059604645,0.14384099455923594,1.0,1,1.4484238436635575,36,e5bfe7745119,0.5344738960266113,2.0117297172546387,0.2857142984867096,0.3465735069466602,0.8447488584474884,1,1.1159449776700845,35,e19513a85bed,0.5272548794746399,1.9199333190917969,0.20000000298023224,0.0,0.5258859048075469,1,1.0459552956050084,0,d52ebdd6c51c,0.5121104121208191,1.7273575067520142,0.1428571492433548,0.2554127452163465,0.43737045548350434,1,0.9356982986292635,44,2d4009710863,0.5059003829956055,1.6483912467956543,0.1428571492433548,0.2554127452163465,0.43737045548350434,1,0.9154728631338869,100,6002eddcd7d0,0.48679620027542114,1.4054640531539917,0.1666666716337204,0.14384099455923594,0.47756125409550215,1,0.8811315294689313,197,3a46124701c0,0.4592527747154236,1.0552241802215576,0.1666666716337204,0.14384099455923594,0.47756125409550215,1,0.7918064218348637,46,f64f2eefbcb7,0.5037143230438232,1.620593547821045,0.0,0.2554127452163465,0.0,1,0.774218280950359,81,e9ce432833f3,0.4852011203765869,1.385181188583374,0.1428571492433548,0.2554127452163465,0.43737045548350434,1,0.8480575064978395,50,a787a095d9b0,0.45177632570266724,0.9601542353630066,0.1428571492433548,0.2554127452163465,0.4784711286749113,1,0.753581698065569
165,72ea80489538,test characteristics of materials or structures,190,c2a2570c95d4,0.6641545295715332,3.4596903324127197,0.2857142984867096,0.11157175065711056,1.0,1,1.4761213747238593,19,9d76ae41867e,0.5307050347328186,2.0717949867248535,0.1428571492433548,0.0,0.6295199597086185,1,1.0564794536900506,66,196087c93944,0.5847941637039185,2.6343302726745605,0.09090909361839294,0.3465735277799843,0.4061322100173006,1,1.0707446601324766,124,3b11edaeeba4,0.4730169177055359,1.4718296527862549,0.125,0.11157175065711056,0.5086705402691932,1,0.8545517313710249,158,16ac0e74dbe1,0.4463741183280945,1.1947405338287354,0.1428571492433548,0.0,0.5554132385642002,1,0.8186674300091202,45,aa03c0034762,0.5407612919807434,2.1763815879821777,0.1428571492433548,0.0,0.5364786533276917,1,1.0491805560108263,155,f6d7dbe3f71e,0.3547910451889038,0.24226243793964386,0.1666666716337204,0.14384099455923594,0.7779514394797229,0,0.5934230828509041,150,3ffc9e8eaffb,0.4616587162017822,1.3537026643753052,0.1428571492433548,0.0,0.5554132385642002,1,0.8570687431352074,130,cbb58925807f,0.37247031927108765,0.42612960934638977,0.1666666716337204,0.14384099455923594,0.5907651837239462,1,0.6221370431548027,201,42bb588edac5,0.3897382616996765,0.6057188510894775,0.1666666716337204,0.14384099455923594,0.6116157686570062,1,0.6726348421341986
166,505ab84c8d87,implement transportation changes to reduce environmental impact,92,3f67b920ee49,0.6283196210861206,3.891143560409546,0.3333333432674408,0.0,1.0,1,1.4833333134651185,105,8bb47fa10a52,0.45851099491119385,2.0376224517822266,0.25,0.2027325123874243,0.7156688979091578,1,0.9591202626862757,47,8f3ed6033a9e,0.3320481777191162,0.6572360992431641,0.2222222238779068,0.09116076173031373,0.7691159827689665,0,0.6404440281777042,147,a2140782858a,0.3732011318206787,1.1064350605010986,0.0,0.09116076173031373,0.0,1,0.540849215177232,174,003763627ff4,0.4914513826370239,2.3971784114837646,0.20000000298023224,0.0,0.6045604845351332,1,1.037350002940816,128,54e485ae84d0,0.38100123405456543,1.1915760040283203,0.1111111119389534,0.2027325123874243,0.30888436740178404,1,0.6418274650121395,176,62eda05f366c,0.39831191301345825,1.380528211593628,0.0,0.2027325123874243,0.0,1,0.5876463712703005,120,a04637eaf44a,0.3229326605796814,0.5577369928359985,0.1111111119389534,0.2027325123874243,0.4330069750025249,0,0.4911897834903844,8,04d0abdf0b41,0.3982084393501282,1.3793987035751343,0.0,0.25541277854966626,0.0,1,0.5794825179437884,71,1cb040da80f9,0.39410850405693054,1.334646463394165,0.0833333358168602,0.07707532800886907,0.2421339320734324,0,0.622528194416911
167,00c6f12023ab,document organizational or operational procedures,124,3b11edaeeba4,0.6155129671096802,2.4229559898376465,0.2857142984867096,0.11157175065711056,0.9878235316999082,1,1.471859610818827,115,830e9df61ddd,0.5811439156532288,1.9524613618850708,0.3333333432674408,0.0,1.0,1,1.350500898063183,48,23ca56c5d573,0.5707573890686035,1.8102750778198242,0.3333333432674408,0.0,1.0,1,1.3103581830859186,37,78a6d412d86e,0.5918312072753906,2.0987648963928223,0.25,0.2027325123874243,0.8447488584474884,1,1.3223168492193493,0,d52ebdd6c51c,0.5344829559326172,1.3136966228485107,0.2857142984867096,0.11157175065711056,0.8288004884800458,1,1.1002767298583067,11,810124c49b5c,0.5456663966178894,1.4667922258377075,0.1428571492433548,0.11157175065711056,0.32691921004529784,1,0.9896728406236704,68,7a9450b42a26,0.5245633721351624,1.1779025793075562,0.1428571492433548,0.0,0.7216360701309799,1,1.0601307691748445,30,c6a87cc5d35e,0.5644686222076416,1.7241851091384888,0.1666666716337204,0.14384099455923594,0.39308143112589383,1,1.0793183631390106,170,57e3b12b8497,0.5299167633056641,1.251187801361084,0.2857142984867096,0.11157175065711056,0.9158415841584158,1,1.1129381894279657,191,a9be4c9c15a1,0.5516687631607056,1.5489615201950073,0.20000000298023224,0.3465735277799843,0.661730034280511,1,1.0867951310436141
168,ab35d13698b5,"negotiate contracts for transportation, distribution, or logistics services",53,a68e486bae8e,0.6891406178474426,4.149395942687988,0.20000000298023224,0.0,1.0,1,1.5099999994039537,80,4e4d6d43dbf9,0.4736151099205017,1.9799463748931885,0.1111111119389534,0.2027325123874243,0.5807547721175116,1,0.8647242779501808,123,05f356a221b7,0.5182583332061768,2.429318904876709,0.125,0.3465735069466602,0.7176881431410969,1,0.9898952267439809,142,c71cb5036aef,0.5259273052215576,2.5065135955810547,0.0,0.07707532800886907,0.0,1,0.8132195404802951,17,e1dbddbff402,0.4015476405620575,1.2545253038406372,0.1111111119389534,0.2027325123874243,0.7045809296176904,1,0.7455854406002106,88,d1809a4492b8,0.3674551546573639,0.9113551378250122,0.1111111119389534,0.2027325123874243,0.5320453619043015,1,0.6083356119919627,173,49c0d2367c5d,0.4248195290565491,1.4887769222259521,0.10000000149011612,0.09116076173031373,0.5318793705036615,1,0.755390719244974,92,3f67b920ee49,0.39922353625297546,1.2311311960220337,0.09090909361839294,0.0,0.4905919307841991,1,0.6975581229757217,85,e9ceea91a9c3,0.3832123875617981,1.0699652433395386,0.125,0.3465735069466602,0.639521624057974,1,0.6588222599228475,4,9fc64a999e12,0.4226023554801941,1.4664591550827026,0.0,0.07707532800886907,0.0,1,0.5756805694734248
169,2d10ff099811,coordinate with external parties to exchange information,122,4e4a52d4b158,0.5543056726455688,3.3980259895324707,0.125,0.11157175065711056,1.0,1,1.5082642225002723,110,d9dbdf9d5d1a,0.3795184791088104,1.6138501167297363,0.125,0.11157175065711056,0.9394410575141467,1,1.0235224655493063,142,c71cb5036aef,0.492221862077713,2.7642924785614014,0.09090909361839294,0.1682360897391828,0.7364262527123608,1,1.2486841306660537,199,0d99df7b9f80,0.48770973086357117,2.718234062194824,0.10000000149011612,0.09116076173031373,0.6414901872218104,1,1.2134461273535586,28,ce1178bafa1d,0.3816584646701813,1.6356945037841797,0.09090909361839294,0.1682360897391828,0.7838983050847458,0,0.9203014557225578,4,9fc64a999e12,0.4428010880947113,2.2598202228546143,0.09090909361839294,0.1682360897391828,0.5952811483117647,1,1.06742213425646,117,f2f5eb941075,0.36099371314048767,1.4247548580169678,0.0,0.23500177712287373,0.0,1,0.640681987328759,86,19ea31d71f7c,0.23619520664215088,0.150848850607872,0.1111111119389534,0.0,0.6954769851563192,0,0.5254635608821348,113,322cdff981bb,0.305833101272583,0.8616917133331299,0.10000000149011612,0.09116076173031373,0.6414901872218104,0,0.6789545183166362,67,3574e4789085,0.19466319680213928,-0.27309754490852356,0.1111111119389534,0.0,0.8603791863372136,0,0.4727619783061318
170,57e3b12b8497,develop procedures to evaluate organizational activities,48,23ca56c5d573,0.6771585941314697,3.3954741954803467,0.5,0.11157175065711056,1.0,1,1.4332642269706206,37,78a6d412d86e,0.6646079421043396,3.2123091220855713,0.2222222238779068,0.09116076173031373,0.5817829998761417,1,1.3018730074391602,172,2c5271f1a3e4,0.5638113021850586,1.7412768602371216,0.0,0.09116076173031373,0.0,1,0.7764313060914815,39,202cbfb3aef7,0.5388142466545105,1.376468300819397,0.1428571492433548,0.2554127452163465,0.3794085173057554,1,0.7780484844523846,195,6b483cafcca2,0.5275066494941711,1.211444616317749,0.125,0.11157175065711056,0.344543950850632,1,0.7494373661684501,167,00c6f12023ab,0.5299167633056641,1.2466179132461548,0.2857142984867096,0.11157175065711056,0.6887052809344597,1,0.8611598215378206,171,02b5b4014078,0.5478233695030212,1.5079480409622192,0.2857142984867096,0.11157175065711056,0.6225894381310805,1,0.8995567136975794,115,830e9df61ddd,0.5116097331047058,0.9794440269470215,0.2857142984867096,0.11157175065711056,0.6887052809344597,1,0.7982461802042405,38,a3c08ed1a115,0.4802507758140564,0.5217894911766052,0.2222222238779068,0.09116076173031373,0.4901549124000219,1,0.6288832455895893,46,f64f2eefbcb7,0.5093234777450562,0.9460782408714294,0.25,0.0,0.6307449355092823,1,0.7902119730937991
171,02b5b4014078,develop organizational goals or objectives,48,23ca56c5d573,0.6584694385528564,3.7448935508728027,0.3333333432674408,0.0,1.0,1,1.4833333134651185,175,825fff3275ff,0.5085735321044922,1.8149199485778809,0.2857142984867096,0.11157175065711056,0.9158415841584159,1,1.0062604113627611,170,57e3b12b8497,0.5478233695030212,2.3202784061431885,0.2857142984867096,0.11157175065711056,0.9158415841584159,1,1.1215794324089228,46,f64f2eefbcb7,0.5739173889160156,2.65625,0.125,0.11157175065711056,0.45792079207920794,1,1.0628096854579754,93,4b8b2b6692c3,0.5015289783477783,1.7242183685302734,0.1428571492433548,0.0,0.5,1,0.8732706218957902,87,bd28ef3a0af3,0.4940826892852783,1.628344178199768,0.1428571492433548,0.0,0.5,1,0.8508208751678468,38,a3c08ed1a115,0.46532270312309265,1.2580472230911255,0.1111111119389534,0.2027325123874243,0.42237442922374424,1,0.7095862068894648,47,8f3ed6033a9e,0.48751333355903625,1.5437610149383545,0.125,0.11157175065711056,0.45792079207920794,1,0.8014815023434468,115,830e9df61ddd,0.4684184789657593,1.2979066371917725,0.1428571492433548,0.0,0.5,1,0.7734461709856988,33,2be03b534579,0.39400365948677063,0.3397842049598694,0.125,0.11157175065711056,0.45792079207920794,0,0.4686624584985085
172,2c5271f1a3e4,analyze data to assess operational or project effectiveness,36,e5bfe7745119,0.7400166988372803,3.827315092086792,0.3333333432674408,0.0,0.9268026340854962,1,1.457714235395042,89,b03b706832f2,0.5778973698616028,1.8016648292541504,0.20000000298023224,0.0,1.0,1,1.0621348634362222,22,bab0b2935945,0.6375081539154053,2.54649019241333,0.30000001192092896,0.07707532800886907,0.8600414273928969,1,1.1513691866260938,174,003763627ff4,0.5843666791915894,1.8824976682662964,0.09090909361839294,0.0,0.23769126151739992,1,0.8265648989395182,145,7809c19536e4,0.573608934879303,1.7480816841125488,0.0833333358168602,0.07707532800886907,0.33861475800588525,1,0.8209114172224413,158,16ac0e74dbe1,0.49624815583229065,0.7814733982086182,0.25,0.2027325123874243,0.8157588680670981,1,0.7377462459585099,119,b729f6985724,0.5776883363723755,1.7990530729293823,0.2222222238779068,0.09116076173031373,0.7471058940218471,1,0.9567214499155327,170,57e3b12b8497,0.5638113021850586,1.625662088394165,0.0,0.09116076173031373,0.0,1,0.6820055384313405,143,fd635c6ca5be,0.4672873914241791,0.41961413621902466,0.20000000298023224,0.0,0.6025911833867558,1,0.6174745614934758,81,e9ce432833f3,0.49037063121795654,0.708034873008728,0.10000000149011612,0.09116076173031373,0.257694981546092,1,0.5544293454342532
173,49c0d2367c5d,"manage operations, research, or logistics projects",33,2be03b534579,0.6358176469802856,3.186051607131958,0.25,0.0,1.0,1,1.4999999940395357,59,da6e8742f6bf,0.6023209095001221,2.700751543045044,0.2857142984867096,0.11157175065711056,0.9829890968210143,1,1.3471581153281331,192,8562bf3caec4,0.5756530165672302,2.314387559890747,0.1111111119389534,0.0,0.5560473517382611,1,1.1443930914532705,80,4e4d6d43dbf9,0.5447913408279419,1.8672642707824707,0.125,0.11157175065711056,0.6071435948709663,1,1.0266587378333492,73,a40c650a049f,0.5475710034370422,1.9075359106063843,0.20000000298023224,0.1682360897391828,0.8559322033898304,1,1.1051910446695712,42,853f8faf3522,0.504294216632843,1.2805427312850952,0.1111111119389534,0.0,0.5560473517382611,1,0.8739701187145278,178,78b65ab85b19,0.4985150992870331,1.196815013885498,0.1111111119389534,0.0,0.5560473517382611,1,0.8520694499742553,109,d052bd1e246e,0.4891241788864136,1.0607595443725586,0.125,0.11157175065711056,0.6071435948709663,1,0.8162208067129535,85,e9ceea91a9c3,0.5110887289047241,1.3789814710617065,0.1428571492433548,0.2554127452163465,0.6685807443519568,1,0.897105392942107,92,3f67b920ee49,0.47886595129966736,0.9121385812759399,0.10000000149011612,0.09116076173031373,0.5128838586809531,1,0.7498754936134958
174,003763627ff4,evaluate environmental impact of operational or development activities,215,79b70e0eb0dc,0.7955408692359924,3.7800750732421875,0.3333333432674408,0.0,0.8973902048422785,1,1.4474198851599158,105,8bb47fa10a52,0.7479492425918579,3.314262866973877,0.25,0.2027325123874243,0.833976104568406,1,1.306156516863822,92,3f67b920ee49,0.582455039024353,1.6944561004638672,0.3333333432674408,0.0,1.0,1,1.0188972294330596,71,1cb040da80f9,0.6228930354118347,2.0902509689331055,0.1818181872367859,0.07707532800886907,0.5563747328480981,1,0.9599818027338891,36,e5bfe7745119,0.5201516151428223,1.0846492052078247,0.20000000298023224,0.0,0.44150612644055115,1,0.6995213003167959,152,fbe465293a7d,0.5986940264701843,1.8533984422683716,0.2222222238779068,0.09116076173031373,0.5797254254048781,1,0.9069424432758829,25,79d2ac46742b,0.47946101427078247,0.6863820552825928,0.25,0.2027325123874243,0.5226477929215174,1,0.6029990283987924,170,57e3b12b8497,0.4844558835029602,0.7352703213691711,0.2222222238779068,0.09116076173031373,0.5704402984620006,1,0.6495948108911161,166,505ab84c8d87,0.4914513826370239,0.8037401437759399,0.20000000298023224,0.0,0.7045003623066441,1,0.7274752199753457,96,1cbedefabffc,0.47140005230903625,0.6074838042259216,0.09090909361839294,0.0,0.30406400135756256,1,0.5501329988247181
175,825fff3275ff,develop sustainable organizational policies or practices,94,832ecabbf00a,0.7970170974731445,4.162095546722412,0.4285714328289032,0.0,1.0,1,1.464285695552826,87,bd28ef3a0af3,0.5597326159477234,1.8021456003189087,0.2857142984867096,0.11157175065711056,0.6314759749430577,1,0.8558814458018376,171,02b5b4014078,0.5085735321044922,1.2933349609375,0.2857142984867096,0.11157175065711056,0.5052099744862176,1,0.7057723521898713,72,91e3b64a6f04,0.5017059445381165,1.2250322103500366,0.09090909361839294,0.1682360897391828,0.3161415213101873,1,0.6340451493188094,8,04d0abdf0b41,0.5906120538711548,2.109261989593506,0.0714285746216774,0.34657354027998,0.16282899874555795,1,0.7466345639396904,47,8f3ed6033a9e,0.549607515335083,1.7014448642730713,0.1111111119389534,0.0,0.2313461516830452,1,0.730163019904156,48,23ca56c5d573,0.5397491455078125,1.6033968925476074,0.2857142984867096,0.11157175065711056,0.5052099744862176,1,0.7703160687993493,96,1cbedefabffc,0.5412360429763794,1.618185043334961,0.10000000149011612,0.09116076173031373,0.21338777461175856,1,0.6934633601728784,115,830e9df61ddd,0.50749272108078,1.282585620880127,0.2857142984867096,0.11157175065711056,0.6314759749430577,1,0.7477278194790913,176,62eda05f366c,0.49857741594314575,1.1939170360565186,0.0,0.11157175065711056,0.0,1,0.5330896553968864
176,62eda05f366c,identify opportunities for green initiatives,148,253c9a1feb09,0.5683242082595825,2.756159782409668,0.125,0.11157175065711056,0.4281843884896617,1,1.2922833404952743,72,91e3b64a6f04,0.5709483623504639,2.782609462738037,0.10000000149011612,0.27980784039629336,0.36649680709708327,1,1.2581516770761618,8,04d0abdf0b41,0.5737030506134033,2.8103749752044678,0.07692307978868484,0.45814529093709055,0.3013701967766957,1,1.2213731518229625,159,3319e1abdfb1,0.5224436521530151,2.293713331222534,0.125,0.11157175065711056,0.4281843884896617,1,1.1571249804908492,81,e9ce432833f3,0.3495665192604065,0.5512241125106812,0.2857142984867096,0.11157175065711056,1.0,0,0.7847081293737368,175,825fff3275ff,0.49857741594314575,2.053157329559326,0.0,0.11157175065711056,0.0,1,0.9570353803610282,105,8bb47fa10a52,0.4419763684272766,1.48265540599823,0.0,0.0,0.0,1,0.8033261626958847,166,505ab84c8d87,0.39831191301345825,1.042546033859253,0.0,0.2027325123874243,0.0,1,0.641427835966231,26,a86fc9314475,0.30196958780288696,0.07147794216871262,0.0,0.0,0.0,1,0.3817182548344135,212,0cf60304ef43,0.31581878662109375,0.21106888353824615,0.0,0.14384099455923594,0.0,1,0.4018467864211637
177,ff18586218d4,estimate cost or material requirements,98,207462e43a8e,0.6993796825408936,3.07242751121521,0.2222222238779068,0.27980784039629336,0.7118644067796611,1,1.3627369155773914,88,d1809a4492b8,0.6897258758544922,2.986030101776123,0.1428571492433548,0.0,0.4540540540540541,1,1.3066213327162974,106,48548f20bc23,0.5798114538192749,2.0023434162139893,0.4000000059604645,0.14384099455923594,1.0,1,1.168037328701838,13,f7e80a0049c6,0.6495210528373718,2.6262142658233643,0.1666666716337204,0.14384099455923594,0.5,1,1.1980731865581116,101,ae138f31c069,0.5178253054618835,1.4475942850112915,0.0,0.11157175065711056,0.0,1,0.725689369199224,14,ccf9fc39d00f,0.5469647645950317,1.708379864692688,0.25,0.2027325123874243,0.7671232876712328,1,1.020650599061231,45,aa03c0034762,0.4805624186992645,1.1141074895858765,0.0,0.0,0.0,1,0.6485107645392418,104,985eed507e3a,0.5281696319580078,1.540171504020691,0.0,0.2027325123874243,0.0,1,0.7380862222563044,89,b03b706832f2,0.5137726068496704,1.411324381828308,0.1111111119389534,0.2027325123874243,0.48735957474026054,1,0.8591941596089571,159,3319e1abdfb1,0.4147687554359436,0.5252825617790222,0.125,0.11157175065711056,0.4158415841584159,1,0.6020922943164051
178,78b65ab85b19,manage inventories of products or organizational resources,139,80c1c070d6f0,0.6988567113876343,4.412571430206299,0.25,0.0,0.8765470118561296,1,1.4567914481891808,109,d052bd1e246e,0.4930078387260437,1.3868870735168457,0.2857142984867096,0.11157175065711056,1.0,1,0.8729313997005896,192,8562bf3caec4,0.5294659733772278,1.922769546508789,0.25,0.0,0.9158415841584158,1,0.9709420742227299,42,853f8faf3522,0.5381121635437012,2.049856185913086,0.1111111119389534,0.0,0.4685031143464819,1,0.8556802917195719,180,893bb3cbc01a,0.45262888073921204,0.7933740615844727,0.25,0.0,0.7554900492354665,1,0.6881950920615149,49,824d3015533f,0.5033469796180725,1.5388575792312622,0.1111111119389534,0.0,0.30815157942353266,1,0.6944312237534176,173,49c0d2367c5d,0.4985150992870331,1.4678359031677246,0.1111111119389534,0.0,0.4685031143464819,1,0.7359431881381434,153,8594b6595861,0.4822648763656616,1.2289807796478271,0.1111111119389534,0.0,0.30815157942353266,1,0.6306812845501553,101,ae138f31c069,0.4649915099143982,0.97508704662323,0.1111111119389534,0.0,0.4473384698119338,1,0.6271639836788477,48,23ca56c5d573,0.4420369863510132,0.6376883387565613,0.125,0.11157175065711056,0.35957771480828266,0,0.4594350668789662
179,6a5f3442d709,monitor performance of organizational members or partners,37,78a6d412d86e,0.6135540008544922,3.3055996894836426,0.2222222238779068,0.09116076173031373,0.811592308612746,1,1.4259387430188681,39,202cbfb3aef7,0.5696111917495728,2.7746880054473877,0.1428571492433548,0.2554127452163465,0.6495823508544509,1,1.2255634083854183,38,a3c08ed1a115,0.5103769302368164,2.0590269565582275,0.2222222238779068,0.09116076173031373,1.0,1,1.179605153587991,55,4805101e52c6,0.49318671226501465,1.8513367176055908,0.1111111119389534,0.0,0.48218234489593415,1,0.974914543217239,28,ce1178bafa1d,0.4983653426170349,1.9139043092727661,0.09090909361839294,0.1682360897391828,0.4127153969024521,1,0.9441206943179913,170,57e3b12b8497,0.4914320707321167,1.8301373720169067,0.1111111119389534,0.0,0.3977122867188747,1,0.939932668450342,197,3a46124701c0,0.43208053708076477,1.1130592823028564,0.125,0.11157175065711056,0.5264909928052903,0,0.7336272796321636,199,0d99df7b9f80,0.42081087827682495,0.9769006371498108,0.10000000149011612,0.09116076173031373,0.3668396434575921,1,0.6984639098606559,149,c9b79bbec6f3,0.4255548119544983,1.034216284751892,0.125,0.11157175065711056,0.5264909928052903,0,0.7135290926028018,152,fbe465293a7d,0.36923956871032715,0.3538223206996918,0.1111111119389534,0.0,0.48218234489593415,0,0.5422348796187015
180,893bb3cbc01a,"evaluate potential of products, technologies, or resources",195,6b483cafcca2,0.60440993309021,2.6916463375091553,0.2857142984867096,0.11157175065711056,1.0,1,1.2884789270734267,99,78b76b55f875,0.6640716791152954,3.471550703048706,0.0,0.11157175065711056,0.0,1,1.1832642284607366,71,1cb040da80f9,0.5800595283508301,2.373335361480713,0.09090909361839294,0.1682360897391828,0.3519502501031645,1,1.0061184284716687,101,ae138f31c069,0.5100470781326294,1.4581257104873657,0.1111111119389534,0.0,0.504652183047788,1,0.8545033909650146,89,b03b706832f2,0.5837238430976868,2.4212357997894287,0.10000000149011612,0.09116076173031373,0.320647280639551,1,1.017261446830316,45,aa03c0034762,0.5324758291244507,1.7513165473937988,0.2857142984867096,0.11157175065711056,0.828551424240046,1,1.0022315514095508,19,9d76ae41867e,0.5184769034385681,1.5683212280273438,0.125,0.11157175065711056,0.44897437310457744,1,0.8440264274819588,178,78b65ab85b19,0.45262888073921204,0.7075493335723877,0.25,0.0,0.8522846308698755,1,0.7789432687136209,170,57e3b12b8497,0.4801862835884094,1.0677824020385742,0.1111111119389534,0.0,0.41118940111062785,1,0.7248751962047979,73,a40c650a049f,0.4604687988758087,0.8100335001945496,0.09090909361839294,0.1682360897391828,0.43194805498158123,1,0.6445831122541192
181,49ccfbfcfc0a,analyze chemical compounds or substances,188,be19a52818cf,0.520788848400116,2.9724533557891846,0.125,0.11157175065711056,1.0,1,1.4500223187183814,207,7663c229a426,0.5368361473083496,3.1965277194976807,0.1666666716337204,0.14384099455923594,0.7504150078298155,1,1.4077357632693417,206,c32f9f13a109,0.48032093048095703,2.4073846340179443,0.125,0.11157175065711056,0.9250015072549859,1,1.2768988952993745,6,75e527217c38,0.4481441378593445,1.9580881595611572,0.1111111119389534,0.2027325123874243,0.8531977372854205,1,1.1232943196666296,22,bab0b2935945,0.3981996476650238,1.2606947422027588,0.10000000149011612,0.27980784039629336,0.5341937343873262,0,0.7695942176674997,158,16ac0e74dbe1,0.36783307790756226,0.8366749882698059,0.1428571492433548,0.0,0.681457953056265,1,0.7985078227919332,203,79676bc4eb6a,0.3988801836967468,1.2701972723007202,0.0,0.2027325123874243,0.0,1,0.6577673168431536,165,72ea80489538,0.3847443461418152,1.0728132724761963,0.0,0.0,0.0,1,0.6357326835393906,216,f20501abeeb8,0.35713624954223633,0.6873112320899963,0.0,0.0,0.0,1,0.5333054170012475,218,2f93e8f923e8,0.37366077303886414,0.9180492758750916,0.0,0.11157175065711056,0.0,1,0.5778763470625358
182,8729852fc4b8,develop new or advanced products or production methods,49,824d3015533f,0.676733136177063,3.1010098457336426,0.375,0.09116076173031373,1.0,1,1.461325873819524,9,3cdbc3929112,0.6533716320991516,2.8010473251342773,0.25,0.2027325123874243,0.6909004381714385,1,1.284683050955053,195,6b483cafcca2,0.6078654527664185,2.2167465686798096,0.25,0.2027325123874243,0.8497635933548328,1,1.190837140473461,187,02b0fa193387,0.5408251881599426,1.355947732925415,0.2222222238779068,0.09116076173031373,0.6140486643006562,1,0.908205186300168,58,224946bca8ba,0.5136384963989258,1.0068697929382324,0.1111111119389534,0.2027325123874243,0.3853194901126112,1,0.7330802686535255,48,23ca56c5d573,0.5397618412971497,1.3422942161560059,0.25,0.2027325123874243,0.6909004381714385,1,0.9115740157611328,93,4b8b2b6692c3,0.5197824239730835,1.0857579708099365,0.1111111119389534,0.2027325123874243,0.3178181390343344,1,0.7301417425854204,46,f64f2eefbcb7,0.5400790572166443,1.346367359161377,0.10000000149011612,0.09116076173031373,0.29107106792748455,1,0.8071715828030365,188,be19a52818cf,0.48149430751800537,0.59413743019104,0.10000000149011612,0.09116076173031373,0.2723643804374668,1,0.6029771698067096,185,7b03e0901b8c,0.5386712551116943,1.3282910585403442,0.10000000149011612,0.09116076173031373,0.2723643804374668,1,0.795874780173054
183,ff9c96c6d776,collaborate on research activities with scientists or technical specialists,160,56c85bc2a8f3,0.5747504830360413,2.809446334838867,0.25,0.2027325123874243,1.0,1,1.46564427479613,192,8562bf3caec4,0.5758430361747742,2.8232836723327637,0.10000000149011612,0.09116076173031373,0.29025830694119903,1,1.2679162735003398,184,389dd43f303d,0.5618592500686646,2.646176338195801,0.1111111119389534,0.2027325123874243,0.3169306919033633,1,1.2065152295649224,163,3ac212a9f7c3,0.4807935953140259,1.6194640398025513,0.10000000149011612,0.09116076173031373,0.5798745839621062,1,1.0166441952153287,186,4c7ceb754866,0.5055683851242065,1.9332414865493774,0.10000000149011612,0.09116076173031373,0.29025830694119903,1,1.0071941280621455,59,da6e8742f6bf,0.4467271864414215,1.1880062818527222,0.1111111119389534,0.2027325123874243,0.3668396434575921,0,0.7476781430778431,52,7f83579eb5ca,0.44028112292289734,1.10636568069458,0.0,0.0,0.0,1,0.6881575614213944,126,ebdb003908ef,0.4223708212375641,0.8795282244682312,0.10000000149011612,0.09116076173031373,0.33596700019630965,1,0.714525449715068,3,33b4e36b0d81,0.46387726068496704,1.4052153825759888,0.0833333358168602,0.07707532800886907,0.24844143221238224,0,0.7921030468410508,173,49c0d2367c5d,0.447354257106781,1.1959482431411743,0.10000000149011612,0.09116076173031373,0.33596700019630965,1,0.8072151128868362
184,389dd43f303d,supervise scientific or technical personnel,12,9251af4a3821,0.8525776267051697,4.122779369354248,0.5,0.11157175065711056,1.0,1,1.4332642269706206,78,98d9410b9c2c,0.6897972226142883,2.6643693447113037,0.3333333432674408,0.0,0.8225736899647217,1,1.1088282802915161,186,4c7ceb754866,0.48086023330688477,0.7924254536628723,0.2857142984867096,0.11157175065711056,0.6528130274623498,1,0.6349396433074206,31,53acfaed8c01,0.6706334352493286,2.492673873901367,0.20000000298023224,0.3465734652800195,0.5728248905172467,1,0.9507226594331123,192,8562bf3caec4,0.5079006552696228,1.0346906185150146,0.2857142984867096,0.11157175065711056,0.6528130274623498,1,0.6872914607960909,103,6680fc36f234,0.5656948089599609,1.5524898767471313,0.2857142984867096,0.11157175065711056,0.5717992155044344,1,0.7708294571912935,41,babe1d93de49,0.5993020534515381,1.8535895347595215,0.20000000298023224,0.3465734652800195,0.4349640673865513,1,0.762203447863057,189,a49d5a99c1d7,0.480899840593338,0.792780339717865,0.1428571492433548,0.0,0.2693182019271702,1,0.5272875346995779,183,ff9c96c6d776,0.5618592500686646,1.5181256532669067,0.1111111119389534,0.2027325123874243,0.2275062436371072,1,0.6461625897416446,3,33b4e36b0d81,0.5057406425476074,1.0153383016586304,0.2222222238779068,0.27980784039629336,0.4894213624232871,1,0.6055830431171119
185,7b03e0901b8c,"establish standards for products, processes, or procedures",149,c9b79bbec6f3,0.6703214049339294,3.045145034790039,0.2857142984867096,0.11157175065711056,1.0,1,1.4225071457600074,49,824d3015533f,0.6876677870750427,3.266653537750244,0.25,0.0,0.7176388231771983,1,1.401173582151555,87,bd28ef3a0af3,0.5620583295822144,1.6626548767089844,0.125,0.11157175065711056,0.6621436629912983,1,0.9903616956425788,191,a9be4c9c15a1,0.5960555076599121,2.096789598464966,0.1818181872367859,0.23500177712287373,0.7608428480340346,1,1.1061416578266987,134,469df54e4928,0.5879366993904114,1.9931145906448364,0.07692307978868484,0.29389328800662196,0.39425042341105754,1,0.9584915907981976,56,269bfa3db5c6,0.5003955364227295,0.8752377033233643,0.1111111119389534,0.0,0.38887319643076473,1,0.7165661701318788,196,0f2541e582f8,0.5523955225944519,1.539263367652893,0.0,0.09116076173031373,0.0,1,0.7463643614327252,188,be19a52818cf,0.47082287073135376,0.49760276079177856,0.1111111119389534,0.0,0.3287656267464335,1,0.6012045876178207,182,8729852fc4b8,0.5386712551116943,1.3640081882476807,0.10000000149011612,0.09116076173031373,0.30324500731862813,1,0.7962909521166129,139,80c1c070d6f0,0.483235627412796,0.6561102867126465,0.1111111119389534,0.0,0.3287656267464335,1,0.640795862773365
186,4c7ceb754866,prepare scientific or technical reports or presentations,16,6e6ec1a475b8,0.639840841293335,3.7696714401245117,0.4285714328289032,0.0,1.0,1,1.464285695552826,184,389dd43f303d,0.48086023330688477,1.5443459749221802,0.2857142984867096,0.11157175065711056,0.7541476963604695,1,0.894861012707283,30,c6a87cc5d35e,0.5583679676055908,2.6292576789855957,0.3333333432674408,0.2554127452163465,0.8886075636194724,1,1.1544640775072592,192,8562bf3caec4,0.4801972210407257,1.5350654125213623,0.25,0.0,0.6906798209241923,1,0.891210497311966,121,66497e9d2189,0.501994252204895,1.8401685953140259,0.25,0.0,0.7390399539013435,1,0.9764763685304826,3,33b4e36b0d81,0.492944598197937,1.713496446609497,0.20000000298023224,0.1682360897391828,0.4881212096832278,1,0.8408592153597136,183,ff9c96c6d776,0.5055683851242065,1.8901973962783813,0.10000000149011612,0.09116076173031373,0.24070287357045028,1,0.81810885918487,95,7c80e08ee743,0.4312381446361542,0.849762499332428,0.1428571492433548,0.2554127452163465,0.3719206915078162,1,0.5965202541563784,188,be19a52818cf,0.3816407322883606,0.15552446246147156,0.1111111119389534,0.0,0.3093201790758076,1,0.45606755078612127,209,2ac9980eb5e6,0.4189104735851288,0.6772063374519348,0.10000000149011612,0.09116076173031373,0.39636253203085947,0,0.5434830183640079
187,02b0fa193387,research methods to improve food products,182,8729852fc4b8,0.5408251881599426,3.4213099479675293,0.2222222238779068,0.09116076173031373,0.819774825659293,1,1.4288026239851597,204,62b52b411f3a,0.4282093644142151,1.7148290872573853,0.2857142984867096,0.11157175065711056,1.0,1,1.0855199036573844,150,3ffc9e8eaffb,0.45475679636001587,2.117105484008789,0.125,0.11157175065711056,0.43044184401868096,1,1.0016154988615529,203,79676bc4eb6a,0.41436588764190674,1.5050573348999023,0.10000000149011612,0.09116076173031373,0.3636152563628126,1,0.8400671899540364,188,be19a52818cf,0.41563689708709717,1.5243170261383057,0.1111111119389534,0.0,0.3942165403141385,1,0.8676707173388036,20,1bd49058235f,0.3806086778640747,0.9935302734375,0.1111111119389534,0.0,0.3942165403141385,1,0.7422951931755575,185,7b03e0901b8c,0.3933599591255188,1.1867519617080688,0.1111111119389534,0.0,0.3942165403141385,0,0.7379354606072934,2,771b010da2fa,0.3776029050350189,0.94798344373703,0.07692307978868484,0.29389328800662196,0.4727381006116003,0,0.6682308571226059,99,78b76b55f875,0.4401445984840393,1.895685076713562,0.0,0.11157175065711056,0.0,0,0.7658003119205908,49,824d3015533f,0.408491849899292,1.4160473346710205,0.1111111119389534,0.0,0.3942165403141385,0,0.7920966068904431
188,be19a52818cf,prepare compounds or solutions for products or testing,214,fc824bfe7bf0,0.5082025527954102,2.394357442855835,0.25,0.0,1.0,1,1.449498498439789,181,49ccfbfcfc0a,0.520788848400116,2.5654783248901367,0.125,0.11157175065711056,0.746695525142036,1,1.4196076562999849,150,3ffc9e8eaffb,0.504834771156311,2.348569631576538,0.125,0.11157175065711056,0.4048157185856491,1,1.2344803994164737,182,8729852fc4b8,0.48149430751800537,2.0312373638153076,0.10000000149011612,0.09116076173031373,0.34196761615682675,1,1.1240484164895272,185,7b03e0901b8c,0.47082287073135376,1.8861504793167114,0.1111111119389534,0.0,0.3707470690017083,1,1.1019921350659727,190,c2a2570c95d4,0.4833337068557739,2.0562453269958496,0.1111111119389534,0.0,0.3707470690017083,1,1.1534584957541822,203,79676bc4eb6a,0.4281712770462036,1.306267499923706,0.10000000149011612,0.09116076173031373,0.34196761615682675,1,0.9042590157927728,187,02b0fa193387,0.41563689708709717,1.1358524560928345,0.1111111119389534,0.0,0.3707470690017083,1,0.8749713126005529,186,4c7ceb754866,0.3816407322883606,0.6736471652984619,0.1111111119389534,0.0,0.4057408399410724,0,0.6973676889598059,213,f1b4c19341de,0.3943886160850525,0.846964955329895,0.10000000149011612,0.09116076173031373,0.5481294535703348,1,0.8371687033735464
189,a49d5a99c1d7,maintain laboratory or technical equipment,219,573d5b3bbb3d,0.7853466868400574,3.348262071609497,0.3333333432674408,0.0,1.0,1,1.4833333134651185,201,42bb588edac5,0.7549175024032593,3.0559537410736084,0.4000000059604645,0.14384099455923594,0.9249322341279075,1,1.3503461907361747,139,80c1c070d6f0,0.6629517078399658,2.172513246536255,0.2857142984867096,0.11157175065711056,0.7692505709578638,1,1.1003732810281706,211,c7ea79acedc2,0.730671763420105,2.823044538497925,0.2857142984867096,0.11157175065711056,0.9158415841584158,1,1.3148931875039278,136,ded8762bb927,0.6094207763671875,1.6582852602005005,0.4000000059604645,0.14384099455923594,0.9249322341279075,1,1.0070166344498395,129,06f6e71fddcf,0.5153544545173645,0.7546669244766235,0.3333333432674408,0.0,0.6947557570667873,1,0.7314565079655383,65,8da0e9e0dffc,0.5554890036582947,1.1402068138122559,0.125,0.11157175065711056,0.3066051352871365,1,0.6952992081318293,193,adb21e5e1a03,0.5444198846817017,1.033874750137329,0.125,0.11157175065711056,0.3066051352871365,1,0.6678367480311785,74,318da22b73fb,0.5461013317108154,1.0500271320343018,0.1428571492433548,0.0,0.33477966123244096,1,0.696918154723419,184,389dd43f303d,0.480899840593338,0.4236895442008972,0.1428571492433548,0.0,0.35997609583434625,1,0.5444856040255627
190,c2a2570c95d4,test quality of materials or finished products,45,aa03c0034762,0.8464221954345703,3.91774582862854,0.5,0.11157175065711056,0.987754052668767,1,1.428978145404689,150,3ffc9e8eaffb,0.6870809197425842,2.5486955642700195,0.5,0.11157175065711056,1.0,1,1.1481193540071921,165,72ea80489538,0.6641545295715332,2.3517134189605713,0.2857142984867096,0.11157175065711056,0.7061813307495544,1,1.0337995304681407,203,79676bc4eb6a,0.5691543817520142,1.535478115081787,0.375,0.09116076173031373,0.9052883817920178,1,0.9201859479978205,202,8747ed85441f,0.6249648332595825,2.014997959136963,0.25,0.0,0.6637085774567187,1,0.9671234224894902,139,80c1c070d6f0,0.47785210609436035,0.7510146498680115,0.25,0.0,0.563022722884817,1,0.6560854698515745,102,f2c8cd5b27ab,0.5654233694076538,1.5034215450286865,0.1111111119389534,0.0,0.3416035134702418,1,0.7572367266504291,56,269bfa3db5c6,0.5537934303283691,1.4034978151321411,0.0,0.0,0.0,1,0.6264611661434174,188,be19a52818cf,0.4833337068557739,0.7981122136116028,0.1111111119389534,0.0,0.24525528245811046,1,0.565731926091269,130,cbb58925807f,0.42417484521865845,0.2898229658603668,0.1428571492433548,0.2554127452163465,0.38207751765592096,1,0.4598196548529195
191,a9be4c9c15a1,monitor operational procedures in technical environments to ensure conformance to standards,149,c9b79bbec6f3,0.7096919417381287,2.741727113723755,0.20000000298023224,0.3465735277799843,0.8180918493887839,1,1.3943461175230303,37,78a6d412d86e,0.6825568675994873,2.419247627258301,0.27272728085517883,0.14384101539256,1.0,1,1.3834119964995955,30,c6a87cc5d35e,0.6478208303451538,2.006436586380005,0.10000000149011612,0.4904145223392202,0.2623114654293347,1,0.9854679932922887,197,3a46124701c0,0.6178494691848755,1.6502498388290405,0.20000000298023224,0.3465735277799843,0.6038991030010987,1,1.0091166840387862,151,506120811a05,0.6345851421356201,1.8491405248641968,0.10000000149011612,0.4904145223392202,0.2623114654293347,1,0.9399495950073766,185,7b03e0901b8c,0.5960555076599121,1.3912453651428223,0.1818181872367859,0.23500177712287373,0.749242535331312,1,1.0054771117447747,140,f07eaef01260,0.6214150190353394,1.6926237344741821,0.09090909361839294,0.3465735277799843,0.23820716860609858,1,0.9091260762120191,134,469df54e4928,0.5961018800735474,1.3917964696884155,0.0625,0.05889151088374822,0.3099777195327778,1,0.8939220273331787,0,d52ebdd6c51c,0.5728573799133301,1.1155534982681274,0.1818181872367859,0.23500177712287373,0.5530759111643725,1,0.8581942393079027,167,00c6f12023ab,0.5516687631607056,0.8637430667877197,0.20000000298023224,0.3465735277799843,0.6038991030010987,1,0.7855452047182602
192,8562bf3caec4,manage scientific or technical project resources,173,49c0d2367c5d,0.5756530165672302,3.0535953044891357,0.1111111119389534,0.0,0.4685031143464819,1,1.3410593617631357,178,78b65ab85b19,0.5294659733772278,2.4358246326446533,0.25,0.0,0.9158415841584158,1,1.3052147345377667,183,ff9c96c6d776,0.5758430361747742,3.0561368465423584,0.10000000149011612,0.09116076173031373,0.2624269407794592,1,1.2581752953437308,184,389dd43f303d,0.5079006552696228,2.1473796367645264,0.2857142984867096,0.11157175065711056,0.8222115088037348,1,1.1732600450080206,109,d052bd1e246e,0.46121782064437866,1.5229777097702026,0.2857142984867096,0.11157175065711056,1.0,1,1.0701467481827216,186,4c7ceb754866,0.4801972210407257,1.7768349647521973,0.25,0.0,0.7530154907360936,1,1.0725871571182553,130,cbb58925807f,0.42087510228157043,0.9833773374557495,0.1428571492433548,0.2554127452163465,0.6321717833740138,1,0.7911688522233201,98,207462e43a8e,0.4642940163612366,1.5641230344772339,0.09090909361839294,0.1682360897391828,0.24352330521483723,1,0.8326516017279441,189,a49d5a99c1d7,0.42916297912597656,1.0942310094833374,0.125,0.11157175065711056,0.3106567569227113,0,0.6822095096362987,9,3cdbc3929112,0.4137287735939026,0.8877922296524048,0.125,0.11157175065711056,0.3106567569227113,0,0.6259375021113315
193,adb21e5e1a03,inspect condition or functioning of facilities or equipment,197,3a46124701c0,0.7064065933227539,2.878187417984009,0.125,0.11157175065711056,0.4763501328458383,1,1.3249867689963155,216,f20501abeeb8,0.658011257648468,2.3088955879211426,0.2857142984867096,0.11157175065711056,1.0,1,1.3206122604584174,134,469df54e4928,0.6754956245422363,2.514570474624634,0.1666666716337204,0.29389328800662196,0.6359760982179913,1,1.2436838927059508,76,298036041aa4,0.6732256412506104,2.487867832183838,0.1111111119389534,0.0,0.233706428918948,1,1.1495475282369043,151,506120811a05,0.606124222278595,1.698529601097107,0.1428571492433548,0.2554127452163465,0.4975522139427236,1,0.9765973563946013,56,269bfa3db5c6,0.6105000972747803,1.7500046491622925,0.1111111119389534,0.0,0.233706428918948,1,0.941550682991543,19,9d76ae41867e,0.6221823692321777,1.8874274492263794,0.125,0.11157175065711056,0.2551821548196081,1,0.9689797575308698,189,a49d5a99c1d7,0.5444198846817017,0.9726793169975281,0.125,0.11157175065711056,0.2551821548196081,1,0.7117557714416403,37,78a6d412d86e,0.5251646041870117,0.7461724877357483,0.10000000149011612,0.09116076173031373,0.46306496829964566,1,0.7262189510332112,50,a787a095d9b0,0.5543137192726135,1.0890640020370483,0.0,0.0,0.0,1,0.6857248574495316
194,094e12b11051,review details of technical drawings or specifications,154,17f9d29c543d,0.7000371813774109,3.469843864440918,0.3333333432674408,0.1682360897391828,1.0,1,1.458097900004241,61,dc17b84d2d6b,0.5332696437835693,1.5395253896713257,0.25,0.0,0.7826641966662988,1,0.9752698689119781,153,8594b6595861,0.6003426313400269,2.3158888816833496,0.1111111119389534,0.0,0.5078481786271198,1,1.0805385891086947,102,f2c8cd5b27ab,0.5744743347167969,2.016465663909912,0.1111111119389534,0.0,0.3856526350168695,1,0.966418039532096,68,7a9450b42a26,0.5849655866622925,2.1379010677337646,0.2857142984867096,0.11157175065711056,0.8995444142841694,1,1.133389621971415,84,c6940290ea74,0.5390257239341736,1.6061514616012573,0.25,0.0,0.6604686530560485,1,0.9479872816051623,144,7a053b14e6ec,0.5414111614227295,1.6337627172470093,0.125,0.11157175065711056,0.421090985261663,1,0.8691879118290445,2,771b010da2fa,0.500445544719696,1.1595895290374756,0.07692307978868484,0.29389328800662196,0.20560309497745985,1,0.6586239568037557,134,469df54e4928,0.4860677123069763,0.9931674599647522,0.07692307978868484,0.29389328800662196,0.2885253047163246,1,0.6477481409589328,3,33b4e36b0d81,0.4829459488391876,0.9570333361625671,0.09090909361839294,0.1682360897391828,0.23522387984709392,1,0.6379662654823668
195,6b483cafcca2,evaluate new technologies or methods,69,636981831618,0.674584150314331,3.576969861984253,0.2857142984867096,0.11157175065711056,1.0,1,1.4761213747238593,180,893bb3cbc01a,0.60440993309021,2.6238198280334473,0.2857142984867096,0.11157175065711056,0.8624867542598509,1,1.2075340134879278,182,8729852fc4b8,0.6078654527664185,2.670754909515381,0.25,0.2027325123874243,0.8628351031123853,1,1.2106105039401407,170,57e3b12b8497,0.5275066494941711,1.5792713165283203,0.125,0.11157175065711056,0.3872344498048183,1,0.8181511922725997,71,1cb040da80f9,0.5652058124542236,2.091324806213379,0.10000000149011612,0.27980784039629336,0.3314464358498868,1,0.8987360384950621,9,3cdbc3929112,0.536055862903595,1.69539213180542,0.1428571492433548,0.0,0.44844244908934605,1,0.8818084726440512,145,7809c19536e4,0.49979135394096375,1.2028248310089111,0.10000000149011612,0.27980784039629336,0.3314464358498868,1,0.6862469997892363,99,78b76b55f875,0.51929771900177,1.4677724838256836,0.0,0.0,0.0,1,0.6866475448012352,19,9d76ae41867e,0.4494047462940216,0.5184424519538879,0.1428571492433548,0.0,0.4228181560030989,0,0.5435019119796152,204,62b52b411f3a,0.3931273818016052,-0.24595189094543457,0.1428571492433548,0.0,0.44844244908934605,1,0.4210485386061273
196,0f2541e582f8,review documents or materials for compliance with policies or regulations,27,88a991273442,0.7326380610466003,3.2816531658172607,0.1111111119389534,0.2027325123874243,0.4713502838080669,1,1.3123404926363387,96,1cbedefabffc,0.6209403276443481,2.284848690032959,0.20000000298023224,0.0,0.9254675606820872,1,1.2248355378684266,61,dc17b84d2d6b,0.48655781149864197,1.0856025218963623,0.2222222238779068,0.09116076173031373,1.0,1,0.9233942005907834,87,bd28ef3a0af3,0.5980353355407715,2.08044171333313,0.1111111119389534,0.2027325123874243,0.5424228456312236,1,1.0200103707903276,116,1cf7420e0aac,0.601838231086731,2.1143791675567627,0.09090909361839294,0.0,0.3981726141757643,1,1.011830618003548,121,66497e9d2189,0.6097551584243774,2.185030937194824,0.10000000149011612,0.09116076173031373,0.43168219061629887,1,1.0272574785841635,149,c9b79bbec6f3,0.576623797416687,1.8893625736236572,0.1111111119389534,0.2027325123874243,0.4713502838080669,1,0.9446763566438114,67,3574e4789085,0.5600537061691284,1.7414889335632324,0.10000000149011612,0.09116076173031373,0.43168219061629887,1,0.909899971236103,185,7b03e0901b8c,0.5523955225944519,1.673146367073059,0.0,0.09116076173031373,0.0,1,0.753195590165788,115,830e9df61ddd,0.46963465213775635,0.9345781207084656,0.1111111119389534,0.2027325123874243,0.5424228456312236,1,0.717420574306811
197,3a46124701c0,monitor facilities or operational systems,193,adb21e5e1a03,0.7064065933227539,3.891850471496582,0.125,0.11157175065711056,0.8269187579660903,1,1.4476857877884037,191,a9be4c9c15a1,0.6178494691848755,2.5921101570129395,0.20000000298023224,0.3465735277799843,0.8813239288112855,1,1.142296590301718,200,9ff41f315fd5,0.5108364820480347,1.0214959383010864,0.1666666716337204,0.14384099455923594,0.6788561714643573,1,0.7735509292632595,55,4805101e52c6,0.5236268639564514,1.2092185020446777,0.125,0.11157175065711056,0.668429657402313,1,0.8186648625746213,151,506120811a05,0.5596120357513428,1.7373677492141724,0.1666666716337204,0.14384099455923594,0.523524780916595,1,0.8711054027360897,155,f6d7dbe3f71e,0.4558267593383789,0.2141260802745819,0.1666666716337204,0.14384099455923594,0.9942713637449418,1,0.7126082955867613,11,810124c49b5c,0.45491158962249756,0.2006942629814148,0.3333333432674408,0.11157175065711056,1.0,1,0.706652828810163,28,ce1178bafa1d,0.517626166343689,1.1211471557617188,0.10000000149011612,0.27980784039629336,0.5721304694714713,1,0.7432621912213074,30,c6a87cc5d35e,0.5371439456939697,1.407606840133667,0.1666666716337204,0.14384099455923594,0.523524780916595,1,0.8011243716162663,134,469df54e4928,0.537517786026001,1.4130935668945312,0.0833333358168602,0.4054650386637325,0.6186577374412972,1,0.8051571140752379
198,edb3d68bc36f,advise customers on technical or procedural issues,20,1bd49058235f,0.6244298219680786,4.010229587554932,0.25,0.0,1.0,1,1.4999999940395357,103,6680fc36f234,0.4888150095939636,1.965912938117981,0.1111111119389534,0.0,0.3022658940600092,1,0.840763046915964,80,4e4d6d43dbf9,0.4942805767059326,2.0483033657073975,0.125,0.11157175065711056,0.518924137837387,1,0.9159727315782423,116,1cf7420e0aac,0.45512551069259644,1.458062767982483,0.10000000149011612,0.09116076173031373,0.43836057305897985,1,0.7658524953420103,199,0d99df7b9f80,0.46912598609924316,1.669111967086792,0.10000000149011612,0.09116076173031373,0.4840138561647643,1,0.8276353991397091,62,c6d9ce80244c,0.4995824098587036,2.128225326538086,0.0,0.1682360897391828,0.0,1,0.7590818147371741,145,7809c19536e4,0.4075757563114166,0.7412771582603455,0.09090909361839294,0.1682360897391828,0.2587191127123808,0,0.48652852449261763,4,9fc64a999e12,0.4356135427951813,1.163930892944336,0.09090909361839294,0.1682360897391828,0.2587191127123808,1,0.6284051505073271,202,8747ed85441f,0.38927629590034485,0.4654231071472168,0.0,0.0,0.0,0,0.3670502007007599,18,1c10b347eeee,0.3953661322593689,0.5572239756584167,0.1428571492433548,0.2554127452163465,0.36343875357215394,1,0.5165950914121055
199,0d99df7b9f80,communicate organizational information to customers or other stakeholders,115,830e9df61ddd,0.6247702240943909,2.9277310371398926,0.25,0.2027325123874243,1.0,1,1.469590117181422,4,9fc64a999e12,0.6216088533401489,2.89278244972229,0.1818181872367859,0.07707532800886907,0.8480190322294512,1,1.4395626695512067,113,322cdff981bb,0.5600295066833496,2.2120323181152344,0.20000000298023224,0.0,0.8823919192175049,1,1.2786182754563284,169,2d10ff099811,0.48770973086357117,1.412548303604126,0.10000000149011612,0.09116076173031373,0.42762942736543125,1,0.9060338840640815,198,edb3d68bc36f,0.46912598609924316,1.2071077823638916,0.10000000149011612,0.09116076173031373,0.529023197924834,1,0.885935782949173,38,a3c08ed1a115,0.4844924509525299,1.3769817352294922,0.09090909361839294,0.0,0.32533631379756445,1,0.8754251949923594,117,f2f5eb941075,0.48039478063583374,1.3316826820373535,0.07692307978868484,0.14384101539256,0.341427447936036,1,0.8489329217128769,20,1bd49058235f,0.4586769640445709,1.0915955305099487,0.10000000149011612,0.09116076173031373,0.529023197924834,1,0.8546816702286835,86,19ea31d71f7c,0.3884390890598297,0.31512659788131714,0.10000000149011612,0.09116076173031373,0.42762942736543125,1,0.6091049344099791,122,4e4a52d4b158,0.48721569776535034,1.4070868492126465,0.0,0.2027325123874243,0.0,1,0.7508679763923899
200,9ff41f315fd5,operate computer systems,137,a4f4cc8a14a2,0.5291444063186646,2.455470323562622,0.20000000298023224,0.0,1.0,1,1.4892975479364396,21,c9b70de179fe,0.4669544994831085,1.4671834707260132,0.1666666716337204,0.14384099455923594,0.9081081081081082,1,1.1422106485409802,70,d5bb4574fc4d,0.5124318599700928,2.1898839473724365,0.1428571492433548,0.2554127452163465,0.8316831683168318,1,1.3223556093036177,197,3a46124701c0,0.5108364820480347,2.1645312309265137,0.1666666716337204,0.14384099455923594,0.5824785396597681,1,1.2398471373931472,74,318da22b73fb,0.5313316583633423,2.4902288913726807,0.1666666716337204,0.14384099455923594,0.5824785396597681,1,1.3386785525695388,132,22f88df4c22c,0.5334633588790894,2.524104595184326,0.0,0.0,0.0,1,1.1999999910593033,84,c6940290ea74,0.49094682931900024,1.8484560251235962,0.1428571492433548,0.2554127452163465,0.5334580685002828,0,1.0639303604014558,24,2ae9204d54c8,0.45483261346817017,1.2745492458343506,0.1666666716337204,0.14384099455923594,0.5824785396597681,1,0.9697864267841879,42,853f8faf3522,0.4702262282371521,1.5191758871078491,0.0,0.2554127452163465,0.0,1,0.847644572296909,19,9d76ae41867e,0.464863121509552,1.4339483976364136,0.1666666716337204,0.14384099455923594,0.5824785396597681,0,0.9681553501502577
201,42bb588edac5,maintain test equipment,189,a49d5a99c1d7,0.7549175024032593,3.8511831760406494,0.4000000059604645,0.14384099455923594,0.9081081081081084,1,1.4162616815013953,136,ded8762bb927,0.5793397426605225,2.1092801094055176,0.5,0.0,1.0,1,1.0771998628973962,56,269bfa3db5c6,0.5995595455169678,2.309880256652832,0.1428571492433548,0.2554127452163465,0.33148929616041095,1,0.8968300127287372,139,80c1c070d6f0,0.5428692102432251,1.747456669807434,0.3333333432674408,0.2554127452163465,0.8316831683168319,1,0.9215800873099806,66,196087c93944,0.511009693145752,1.4313790798187256,0.2222222238779068,0.4904145223392202,0.6781268634925676,1,0.7740527866394981,43,61355ce7e829,0.37330496311187744,0.06521346420049667,0.20000000298023224,0.0,0.6014235843785536,1,0.5139281814643518,193,adb21e5e1a03,0.5066377520561218,1.3880051374435425,0.1428571492433548,0.2554127452163465,0.33148929616041095,1,0.6861096449990733,138,ef5aeb4ce41e,0.45033639669418335,0.8294406533241272,0.20000000298023224,0.0,0.39857641562144647,1,0.6158369573107585,150,3ffc9e8eaffb,0.43038609623908997,0.6315141320228577,0.1666666716337204,0.14384099455923594,0.5654338304822516,1,0.6101719334656938,211,c7ea79acedc2,0.5200936794281006,1.521501064300537,0.1428571492433548,0.2554127452163465,0.33148929616041095,1,0.7166238778133853
202,8747ed85441f,inspect finished products to locate flaws,190,c2a2570c95d4,0.6249648332595825,2.8846733570098877,0.25,0.0,1.0,1,1.4890486091375352,76,298036041aa4,0.6282246112823486,2.924685478210449,0.0,0.0,0.0,1,1.1999999910593033,203,79676bc4eb6a,0.5028513669967651,1.3857910633087158,0.2222222238779068,0.09116076173031373,0.9223744292237441,1,1.041387088158495,150,3ffc9e8eaffb,0.5756191611289978,2.278979539871216,0.125,0.11157175065711056,0.4034786703914937,1,1.1187343375415766,49,824d3015533f,0.5111599564552307,1.4877748489379883,0.1111111119389534,0.0,0.36952254466547685,1,0.9038942242892279,151,506120811a05,0.4781202971935272,1.0822293758392334,0.1428571492433548,0.2554127452163465,0.6755089567487967,1,0.855437597197955,99,78b76b55f875,0.5634071826934814,2.1290836334228516,0.0,0.11157175065711056,0.0,1,0.9556084898685889,133,70f88532846f,0.48810863494873047,1.2048313617706299,0.10000000149011612,0.09116076173031373,0.34083814622112474,1,0.8020540953591996,102,f2c8cd5b27ab,0.5248090028762817,1.6553101539611816,0.0,0.0,0.0,1,0.8367774218320847,193,adb21e5e1a03,0.4943680763244629,1.2816628217697144,0.1111111119389534,0.0,0.5618094293752369,1,0.9133568049438467
203,79676bc4eb6a,collect samples of raw materials or finished products,190,c2a2570c95d4,0.5691543817520142,2.9838473796844482,0.375,0.09116076173031373,1.0,1,1.461325873819524,207,7663c229a426,0.4270192086696625,1.1120870113372803,0.125,0.3465735069466602,0.5126363377195984,1,0.8014757684285334,133,70f88532846f,0.4953371584415436,2.0117576122283936,0.09090909361839294,0.0,0.2304867332971112,1,1.0007400690544253,202,8747ed85441f,0.5028513669967651,2.1107113361358643,0.2222222238779068,0.09116076173031373,0.6762351451928708,1,1.1489152500421496,139,80c1c070d6f0,0.4776759445667267,1.7791792154312134,0.2222222238779068,0.09116076173031373,0.5736489864510271,1,1.0258119487949242,130,cbb58925807f,0.4455922842025757,1.3566734790802002,0.125,0.3465735069466602,0.38928869447047676,1,0.8237656022210702,187,02b0fa193387,0.41436588764190674,0.9454569220542908,0.10000000149011612,0.09116076173031373,0.2498841316438978,1,0.7058025896254563,188,be19a52818cf,0.4281712770462036,1.1272584199905396,0.10000000149011612,0.09116076173031373,0.2498841316438978,1,0.7546764760914826,49,824d3015533f,0.4402530789375305,1.2863621711730957,0.10000000149011612,0.09116076173031373,0.2498841316438978,0,0.7474485531154655,101,ae138f31c069,0.4408028721809387,1.2936023473739624,0.10000000149011612,0.09116076173031373,0.32376485480712924,1,0.8252531735459951
204,62b52b411f3a,develop biological research methods,206,c32f9f13a109,0.6064581274986267,2.8762269020080566,0.125,0.11157175065711056,0.4212923481389641,1,1.3057165443489096,48,23ca56c5d573,0.4774435758590698,1.6359243392944336,0.3333333432674408,0.0,1.0,1,1.1452961280941965,214,fc824bfe7bf0,0.5367892980575562,2.206454277038574,0.125,0.11157175065711056,0.6318776592333272,1,1.189857905330974,6,75e527217c38,0.5368325710296631,2.2068700790405273,0.25,0.2027325123874243,0.9714170844255835,1,1.2743502313162336,187,02b0fa193387,0.4282093644142151,1.1626031398773193,0.2857142984867096,0.11157175065711056,0.9158415841584159,1,0.975522042732352,207,7663c229a426,0.5360440015792847,2.199289083480835,0.1666666716337204,0.14384099455923594,0.7597576616972148,1,1.2208334966883612,205,45b6fa08d56b,0.4838482737541199,1.697497010231018,0.1666666716337204,0.14384099455923594,0.5065538947861354,1,0.9912436096464172,209,2ac9980eb5e6,0.4711016118526459,1.574954867362976,0.1111111119389534,0.2027325123874243,0.38858928915100793,1,0.914170226824197,208,c1c0caaa937b,0.409920334815979,0.9867786169052124,0.1428571492433548,0.0,0.4600056990490311,1,0.7993641445613984,9,3cdbc3929112,0.43140196800231934,1.1932958364486694,0.3333333432674408,0.0,1.0,0,0.974660424888134
205,45b6fa08d56b,research diseases or parasites,204,62b52b411f3a,0.4838482737541199,3.163072109222412,0.1666666716337204,0.14384099455923594,1.0,1,1.4950905105289063,206,c32f9f13a109,0.46088239550590515,2.896852493286133,0.1428571492433548,0.2554127452163465,0.9158415841584159,1,1.3823525940403718,208,c1c0caaa937b,0.34319770336151123,1.5326571464538574,0.1666666716337204,0.14384099455923594,1.0,1,1.0602275466736397,160,56c85bc2a8f3,0.3207566738128662,1.272521734237671,0.1666666716337204,0.14384099455923594,1.0,0,0.9408444171961385,213,f1b4c19341de,0.41397958993911743,2.3531572818756104,0.0,0.3465735069466602,0.0,1,0.925545871979699,209,2ac9980eb5e6,0.3180096447467804,1.240678310394287,0.125,0.3465735069466602,0.8447488584474885,0,0.8521102821520676,157,018f6a0e7f9a,0.34144148230552673,1.5122990608215332,0.09090909361839294,0.5493060332229684,0.6851851851851851,0,0.8429700763657934,7,bfcc3cdee21d,0.22841814160346985,0.2021378129720688,0.1666666716337204,0.14384099455923594,1.0,0,0.6553525073643762,183,ff9c96c6d776,0.3236527442932129,1.3060928583145142,0.125,0.3465735069466602,0.8447488584474885,0,0.8696878483585229,59,da6e8742f6bf,0.2508874535560608,0.46260103583335876,0.1666666716337204,0.14384099455923594,1.0,0,0.7248230284269888
206,c32f9f13a109,research microbiological or chemical processes or structures,6,75e527217c38,0.6294158697128296,3.20708966255188,0.375,0.09116076173031373,1.0,1,1.461325873819524,204,62b52b411f3a,0.6064581274986267,2.9974570274353027,0.125,0.11157175065711056,0.3196521637970044,1,1.212139650277527,181,49ccfbfcfc0a,0.48032093048095703,1.8456668853759766,0.125,0.11157175065711056,0.5103375699522029,1,0.9601935712313804,59,da6e8742f6bf,0.47721606492996216,1.8173155784606934,0.2857142984867096,0.11157175065711056,0.6734462138315811,1,0.9882809343219546,213,f1b4c19341de,0.49705225229263306,1.9984447956085205,0.0,0.09116076173031373,0.0,1,0.8444773394738972,205,45b6fa08d56b,0.46088239550590515,1.6681687831878662,0.1428571492433548,0.2554127452163465,0.35199791846693934,1,0.8318673368714714,218,2f93e8f923e8,0.4505384862422943,1.5737160444259644,0.0,0.0,0.0,1,0.7380227848887444,207,7663c229a426,0.5022498369216919,2.045905113220215,0.0,0.2554127452163465,0.0,1,0.833263029495052,209,2ac9980eb5e6,0.42369621992111206,1.3286126852035522,0.10000000149011612,0.09116076173031373,0.27002580046778907,1,0.7387736302296072,208,c1c0caaa937b,0.3450511693954468,0.6104851961135864,0.125,0.11157175065711056,0.3196521637970044,1,0.5516942357939798
207,7663c229a426,analyze biological samples,214,fc824bfe7bf0,0.7848200798034668,4.170416355133057,0.3333333432674408,0.2554127452163465,1.0,1,1.4450214016826666,181,49ccfbfcfc0a,0.5368361473083496,2.2576401233673096,0.1666666716337204,0.14384099455923594,0.37985691666362037,1,0.8468097969102607,204,62b52b411f3a,0.5360440015792847,2.251530170440674,0.1666666716337204,0.14384099455923594,0.5288988132100318,1,0.8975969228549395,158,16ac0e74dbe1,0.48267269134521484,1.8398606777191162,0.1666666716337204,0.14384099455923594,0.37985691666362037,1,0.7526224254774795,203,79676bc4eb6a,0.4270192086696625,1.4105881452560425,0.125,0.3465735069466602,0.4755877605303383,1,0.6626300598378523,218,2f93e8f923e8,0.48101937770843506,1.8271081447601318,0.0,0.2554127452163465,0.0,1,0.6176251519115483,6,75e527217c38,0.42110398411750793,1.3649622201919556,0.125,0.3465735069466602,0.44678666869340583,1,0.6421866800438258,206,c32f9f13a109,0.5022498369216919,1.9908652305603027,0.0,0.2554127452163465,0.0,1,0.6556458148749387,82,68d8248a643f,0.3231297731399536,0.6092568635940552,0.1111111119389534,0.4236488349555293,0.29776919314732947,0,0.35760657851236305,216,f20501abeeb8,0.37916797399520874,1.0414968729019165,0.0,0.14384099455923594,0.0,1,0.4519598161991674
208,c1c0caaa937b,research genetic characteristics or expression,204,62b52b411f3a,0.409920334815979,3.2388222217559814,0.1428571492433548,0.0,0.7029114938060679,1,1.4174475870229883,157,018f6a0e7f9a,0.3725949227809906,2.6205689907073975,0.0833333358168602,0.4054650386637325,0.48162454205230576,1,1.1268472677709431,205,45b6fa08d56b,0.34319770336151123,2.1336371898651123,0.1666666716337204,0.14384099455923594,0.7740394425840629,1,1.1267366338942695,209,2ac9980eb5e6,0.35832664370536804,2.384230852127075,0.1111111119389534,0.2027325123874243,0.5937836819822947,0,1.0792884921360206,218,2f93e8f923e8,0.30040258169174194,1.4247841835021973,0.125,0.11157175065711056,0.9158415841584158,1,1.0004649697948633,206,c32f9f13a109,0.3450511693954468,2.164337635040283,0.125,0.11157175065711056,0.6437555760105077,1,1.1002477567455513,165,72ea80489538,0.22145994007587433,0.11718835681676865,0.1428571492433548,0.0,1.0,0,0.6508978478610515,217,e2bfb92834a7,0.28763216733932495,1.2132567167282104,0.1111111119389534,0.2027325123874243,0.8447488584474884,1,0.9075896903748782,7,bfcc3cdee21d,0.23021064698696136,0.26213395595550537,0.1428571492433548,0.0,0.7029114938060679,0,0.5850162751176042,59,da6e8742f6bf,0.24735380709171295,0.5460910797119141,0.1428571492433548,0.0,0.7029114938060679,0,0.6596552229621095
209,2ac9980eb5e6,design research studies to obtain scientific information,141,dbc0d59bd942,0.577962338924408,2.7827084064483643,0.10000000149011612,0.09116076173031373,0.5317230496062735,1,1.3524289334331159,148,253c9a1feb09,0.5058640241622925,1.6430789232254028,0.2222222238779068,0.09116076173031373,1.0,1,1.1871622104322255,145,7809c19536e4,0.5485259294509888,2.3174188137054443,0.0,0.07707532800886907,0.0,1,1.0590260258948,126,ebdb003908ef,0.5367619395256042,2.131469964981079,0.10000000149011612,0.09116076173031373,0.5317230496062735,1,1.1744477654014234,157,018f6a0e7f9a,0.4779663681983948,1.2021117210388184,0.1538461595773697,0.20273252627630822,0.7481481481481481,1,0.9728180629601493,104,985eed507e3a,0.5324423313140869,2.0631916522979736,0.0,0.0,0.0,1,0.9998782604932785,204,62b52b411f3a,0.4711016118526459,1.093603253364563,0.1111111119389534,0.2027325123874243,0.5805840865971202,1,0.8898537365716059,68,7a9450b42a26,0.4726526737213135,1.1181203126907349,0.1111111119389534,0.2027325123874243,0.5113078052947717,1,0.8722942992799724,63,50171927f859,0.4564439058303833,0.8619146943092346,0.1818181872367859,0.07707532800886907,0.9525948403681893,0,0.918138928719078,146,284cc33eb902,0.4814007878303528,1.2563982009887695,0.1111111119389534,0.2027325123874243,0.5113078052947717,1,0.9100108295433963
210,39fb30c0c188,instruct college students in physical or life sciences,108,3f3251058257,0.3963433802127838,2.950676202774048,0.10000000149011612,0.09116076173031373,0.9158415841584159,1,1.4868704205263656,160,56c85bc2a8f3,0.33727481961250305,1.9309563636779785,0.0,0.2027325123874243,0.0,1,0.8925843225370661,131,c3b47654a283,0.25945544242858887,0.5875350832939148,0.1111111119389534,0.2027325123874243,1.0,0,0.817827963973166,213,f1b4c19341de,0.31727126240730286,1.5856283903121948,0.0,0.0,0.0,1,0.8291862934827805,184,389dd43f303d,0.35957977175712585,2.316014051437378,0.0,0.2027325123874243,0.0,0,0.9471848712812677,111,059770361813,0.30047059059143066,1.2955929040908813,0.0,0.09116076173031373,0.0,1,0.7367243532215894,114,98e7b9000779,0.3256476819515228,1.7302333116531372,0.0,0.5493059776674438,0.0,1,0.786072137617309,186,4c7ceb754866,0.3173656165599823,1.5872572660446167,0.0,0.09116076173031373,0.0,0,0.7659546245014012,103,6680fc36f234,0.32227379083633423,1.6719887256622314,0.0,0.09116076173031373,0.0,0,0.7889717925464451,209,2ac9980eb5e6,0.2832993268966675,0.9991598129272461,0.0,0.0,0.0,0,0.6198727041482925
211,c7ea79acedc2,set up laboratory or field equipment,219,573d5b3bbb3d,0.8603283166885376,4.81123161315918,0.5,0.11157175065711056,1.0,1,1.4332642269706206,189,a49d5a99c1d7,0.730671763420105,3.5751473903656006,0.2857142984867096,0.11157175065711056,0.5816807947699845,1,1.0946349316165935,74,318da22b73fb,0.5593342185020447,1.941696047782898,0.125,0.11157175065711056,0.1947348994185124,1,0.664651393029574,214,fc824bfe7bf0,0.3882526159286499,0.3106846511363983,0.0,0.0,0.0,1,0.29934692308306693,129,06f6e71fddcf,0.4398437738418579,0.8025304675102234,0.125,0.11157175065711056,0.1947348994185124,1,0.44163658756363733,101,ae138f31c069,0.3775629997253418,0.2087748944759369,0.1111111119389534,0.0,0.17834631877438017,0,0.2869496695404602,127,3d77dabe7560,0.3920396566390991,0.34678852558135986,0.125,0.11157175065711056,0.1947348994185124,0,0.302415866289023,135,4055e1544ee0,0.4880374073982239,1.2619857788085938,0.1428571492433548,0.2554127452163465,0.21444021662157614,1,0.5155394463136375,197,3a46124701c0,0.4403308033943176,0.8071735501289368,0.0,0.11157175065711056,0.0,0,0.33196892937774225,201,42bb588edac5,0.5200936794281006,1.5675952434539795,0.1428571492433548,0.2554127452163465,0.21444021662157614,1,0.575178788442868
212,0cf60304ef43,write grant proposals,77,9b108680399f,0.5351470708847046,4.908015251159668,0.0,0.0,0.0,1,1.1999999910593033,112,6379204aa590,0.30941614508628845,1.463789939880371,0.0,0.14384099455923594,0.0,1,0.5009511610683043,104,985eed507e3a,0.3604334592819214,2.2422173023223877,0.0,0.3465735069466602,0.0,0,0.5736565269298408,176,62eda05f366c,0.31581878662109375,1.5614820718765259,0.0,0.14384099455923594,0.0,1,0.5201670205410559,34,614f5f558eca,0.33304786682128906,1.8243651390075684,0.0,0.20273247072078354,0.0,1,0.5630419154331423,17,e1dbddbff402,0.3548104465007782,2.1564207077026367,0.0,0.14384099455923594,0.0,0,0.5871903991516668,192,8562bf3caec4,0.2651693820953369,0.7886682748794556,0.0,0.2554127452163465,0.0,0,0.3014202657731091,33,2be03b534579,0.2445969581604004,0.4747721552848816,0.0,0.2554127452163465,0.0,0,0.23967747200446476,160,56c85bc2a8f3,0.23289436101913452,0.29621273279190063,0.0,0.14384099455923594,0.0,0,0.22129092944823092,146,284cc33eb902,0.29113543033599854,1.1848609447479248,0.0,0.14384099455923594,0.0,0,0.39608634470067805
213,f1b4c19341de,"cultivate micro-organisms for study, testing, or medical preparations",214,fc824bfe7bf0,0.592097282409668,3.467417001724243,0.10000000149011612,0.09116076173031373,0.7958520441727408,1,1.4448740815313794,206,c32f9f13a109,0.49705225229263306,2.4829227924346924,0.0,0.09116076173031373,0.0,1,0.929466931906873,5,abdac161e57b,0.30950456857681274,0.5402687788009644,0.1111111119389534,0.2027325123874243,1.0,0,0.698419382567288,188,be19a52818cf,0.3943886160850525,1.4195135831832886,0.10000000149011612,0.09116076173031373,0.7958520441727408,1,0.9198592042120436,211,c7ea79acedc2,0.40593230724334717,1.5390852689743042,0.0,0.09116076173031373,0.0,1,0.6832154754673779,218,2f93e8f923e8,0.42471641302108765,1.7336546182632446,0.0,0.09116076173031373,0.0,1,0.7339794997250378,204,62b52b411f3a,0.4868454337120056,2.3771984577178955,0.0,0.2027325123874243,0.0,1,0.8851472274910227,205,45b6fa08d56b,0.41397958993911743,1.6224405765533447,0.0,0.3465735069466602,0.0,1,0.6666513465113495,210,39fb30c0c188,0.31727126240730286,0.6207176446914673,0.0,0.0,0.0,1,0.45728335827589034,7,bfcc3cdee21d,0.21649672091007233,-0.42312389612197876,0.1111111119389534,0.2027325123874243,0.8689843941778035,0,0.4060675430167066
214,fc824bfe7bf0,prepare biological samples for testing or analysis,207,7663c229a426,0.7848200798034668,4.344947814941406,0.3333333432674408,0.2554127452163465,1.0,1,1.4450214016826666,188,be19a52818cf,0.5082025527954102,1.9546624422073364,0.25,0.0,0.6779145870747728,1,0.8887109300444421,213,f1b4c19341de,0.592097282409668,2.6796069145202637,0.10000000149011612,0.09116076173031373,0.3715849521806544,1,0.939555143310933,204,62b52b411f3a,0.5367892980575562,2.20168399810791,0.125,0.11157175065711056,0.43987624068953146,1,0.8550249020528685,203,79676bc4eb6a,0.4327350854873657,1.3025389909744263,0.10000000149011612,0.09116076173031373,0.39553833549057843,1,0.6528803460741618,158,16ac0e74dbe1,0.47282421588897705,1.648953914642334,0.0,0.11157175065711056,0.0,1,0.5953810987448173,186,4c7ceb754866,0.36460423469543457,0.7138121128082275,0.1111111119389534,0.0,0.2750576339680236,0,0.44755005274031545,211,c7ea79acedc2,0.3882526159286499,0.918160617351532,0.0,0.0,0.0,1,0.4527614593505859,6,75e527217c38,0.3912912905216217,0.9444181323051453,0.10000000149011612,0.09116076173031373,0.3715849521806544,1,0.5677636240862893,108,3f3251058257,0.3257567882537842,0.3781266510486603,0.0,0.0,0.0,1,0.3350027084350586
215,79b70e0eb0dc,monitor environmental impacts of production or development activities,174,003763627ff4,0.7955408692359924,3.829897403717041,0.3333333432674408,0.0,0.9642572900396641,1,1.4708233649790008,152,fbe465293a7d,0.7537615299224854,3.4356348514556885,0.375,0.09116076173031373,1.0,1,1.3733144227539837,105,8bb47fa10a52,0.7337079644203186,3.246393918991089,0.1111111119389534,0.2027325123874243,0.38676663225274194,1,1.1460852648754067,71,1cb040da80f9,0.6021829843521118,2.005221366882324,0.0833333358168602,0.07707532800886907,0.30318570748625956,1,0.8484603313787032,55,4805101e52c6,0.5054422616958618,1.092300534248352,0.10000000149011612,0.09116076173031373,0.3770775916077136,1,0.6559207440951907,23,9a8d83e8b2e2,0.5030118227005005,1.0693649053573608,0.125,0.3465735069466602,0.4259037319449836,1,0.6271823200123452,28,ce1178bafa1d,0.4603763520717621,0.6670233607292175,0.0833333358168602,0.07707532800886907,0.322752853833721,1,0.540371874346931,14,ccf9fc39d00f,0.3356946110725403,-0.5095708966255188,0.20000000298023224,0.0,0.7374963174803779,1,0.41788164860907234,92,3f67b920ee49,0.4771871566772461,0.8256632685661316,0.09090909361839294,0.0,0.32672067108108327,1,0.5900868963979067,128,54e485ae84d0,0.4227306544780731,0.31176918745040894,0.1111111119389534,0.2027325123874243,0.38676663225274194,1,0.45882424597334337
216,f20501abeeb8,inspect condition of natural environments,193,adb21e5e1a03,0.658011257648468,3.934429168701172,0.2857142984867096,0.11157175065711056,1.0,1,1.4761213747238593,152,fbe465293a7d,0.5668752193450928,2.820164203643799,0.0,0.11157175065711056,0.0,1,0.9270260063385444,218,2f93e8f923e8,0.4964388906955719,1.958981990814209,0.0,0.11157175065711056,0.0,1,0.7289870483254867,202,8747ed85441f,0.404083788394928,0.8298121094703674,0.125,0.11157175065711056,0.4518311996885274,1,0.6179826284890695,151,506120811a05,0.4356020390987396,1.215166687965393,0.1666666716337204,0.14384099455923594,0.5432732281969198,0,0.6780353017723969,71,1cb040da80f9,0.45433270931243896,1.4441752433776855,0.0,0.27980784039629336,0.0,0,0.5353658132837223,165,72ea80489538,0.38654783368110657,0.6154106259346008,0.0,0.0,0.0,1,0.4367528736591339,134,469df54e4928,0.44947344064712524,1.3847638368606567,0.0833333358168602,0.4054650386637325,0.3380366753225279,1,0.6629984978506746,181,49ccfbfcfc0a,0.35713624954223633,0.2558130621910095,0.0,0.0,0.0,1,0.3540591664612293,23,9a8d83e8b2e2,0.41417360305786133,0.9531741738319397,0.0,0.14384099455923594,0.0,1,0.49284938482604806
217,e2bfb92834a7,classify organisms based on their characteristics or behavior,218,2f93e8f923e8,0.7096282243728638,6.057584762573242,0.375,0.09116076173031373,1.0,1,1.461325873819524,208,c1c0caaa937b,0.28763216733932495,1.1847827434539795,0.1111111119389534,0.2027325123874243,0.3186673335261848,1,0.4562701749961091,36,e5bfe7745119,0.23398834466934204,0.5653557777404785,0.0,0.0,0.0,0,0.22751299291849136,131,c3b47654a283,0.22113990783691406,0.41699448227882385,0.0,0.2027325123874243,0.0,0,0.17218401595461524,207,7663c229a426,0.34446778893470764,1.841065526008606,0.0,0.3465735069466602,0.0,1,0.4397979758448456,213,f1b4c19341de,0.2665853500366211,0.9417544603347778,0.0,0.0,0.0,1,0.3407337322831154,19,9d76ae41867e,0.2086220532655716,0.27245038747787476,0.1111111119389534,0.2027325123874243,0.3186673335261848,0,0.25599393317207825,206,c32f9f13a109,0.2915296256542206,1.2297868728637695,0.0,0.09116076173031373,0.0,1,0.3754381973420917,184,389dd43f303d,0.20466041564941406,0.22670523822307587,0.0,0.2027325123874243,0.0,0,0.14022260471689857,96,1cbedefabffc,0.2083851844072342,0.269715279340744,0.0,0.0,0.0,0,0.1778565477579832
218,2f93e8f923e8,examine characteristics or behavior of living organisms,217,e2bfb92834a7,0.7096282243728638,4.644734859466553,0.375,0.09116076173031373,1.0,1,1.461325873819524,216,f20501abeeb8,0.4964388906955719,2.419280529022217,0.0,0.11157175065711056,0.0,1,0.7245857892012076,206,c32f9f13a109,0.4505384862422943,1.9401323795318604,0.0,0.0,0.0,1,0.6425665125250817,207,7663c229a426,0.48101937770843506,2.2583181858062744,0.0,0.2554127452163465,0.0,1,0.6698344844968831,208,c1c0caaa937b,0.30040258169174194,0.37288418412208557,0.125,0.11157175065711056,0.3454858714962103,1,0.41787258105416203,213,f1b4c19341de,0.42471641302108765,1.6705793142318726,0.0,0.09116076173031373,0.0,1,0.5733360339080632,179,6a5f3442d709,0.27511411905288696,0.10890138894319534,0.0,0.0,0.0,0,0.2151397131383419,19,9d76ae41867e,0.33086010813713074,0.6908261775970459,0.125,0.11157175065711056,0.3454858714962103,0,0.43197762237925436,210,39fb30c0c188,0.2761113941669464,0.11931180208921432,0.0,0.09116076173031373,0.0,1,0.25361124688141934,181,49ccfbfcfc0a,0.37366077303886414,1.1376163959503174,0.0,0.11157175065711056,0.0,1,0.4604278010701613
219,573d5b3bbb3d,operate laboratory or field equipment,211,c7ea79acedc2,0.8603283166885376,4.42674446105957,0.5,0.11157175065711056,1.0,1,1.4332642269706206,189,a49d5a99c1d7,0.7853466868400574,3.6947836875915527,0.3333333432674408,0.0,0.6351325434785776,1,1.2087878125726772,137,a4f4cc8a14a2,0.5999211072921753,1.8846834897994995,0.4000000059604645,0.14384099455923594,0.6994019079972432,1,0.8395168926204675,70,d5bb4574fc4d,0.5152496099472046,1.058131456375122,0.125,0.11157175065711056,0.1947348994185124,1,0.5246368712519441,193,adb21e5e1a03,0.5118724703788757,1.025164246559143,0.125,0.11157175065711056,0.1947348994185124,1,0.517768829200152,74,318da22b73fb,0.5074903964996338,0.9823870062828064,0.1428571492433548,0.0,0.2126294577434568,1,0.5305624258031665,73,a40c650a049f,0.5011300444602966,0.9202980995178223,0.10000000149011612,0.27980784039629336,0.16667987153618435,1,0.4626206553662935,129,06f6e71fddcf,0.47026610374450684,0.6190083622932434,0.1428571492433548,0.0,0.2126294577434568,1,0.45509991313121895,184,389dd43f303d,0.4619341492652893,0.5376729369163513,0.0,0.0,0.0,1,0.3717833638191223,200,9ff41f315fd5,0.38501617312431335,-0.2131902575492859,0.1666666716337204,0.14384099455923594,0.46525637417260324,1,0.348450967261102
220,7cd42be784e2,interpret design or operational test results,124,3b11edaeeba4,0.684777557849884,4.3715500831604,0.6666666865348816,0.0,1.0,1,1.4166666507720949,140,f07eaef01260,0.521770715713501,2.2756917476654053,0.125,0.11157175065711056,0.18537911611799004,1,0.8033610261386238,145,7809c19536e4,0.4850024878978729,1.8029448986053467,0.0,0.1682360897391828,0.0,1,0.6488580147932501,66,196087c93944,0.4298318028450012,1.0935887098312378,0.0833333358168602,0.23500177712287373,0.21544496568863478,1,0.562072445013442,158,16ac0e74dbe1,0.40774333477020264,0.8095865249633789,0.125,0.11157175065711056,0.2946355476714843,1,0.5479499861333432,172,2c5271f1a3e4,0.47009098529815674,1.6112204790115356,0.10000000149011612,0.09116076173031373,0.15659879672067648,1,0.665803343041653,102,f2c8cd5b27ab,0.46876972913742065,1.594232439994812,0.0,0.0,0.0,1,0.6313607871532441,54,00ee16f445cd,0.4125693142414093,0.8716365098953247,0.1111111119389534,0.0,0.1697779033753869,1,0.5344606560429691,30,c6a87cc5d35e,0.42549562454223633,1.0378363132476807,0.1428571492433548,0.2554127452163465,0.20413771715373902,0,0.4889647919955953,165,72ea80489538,0.38224026560783386,0.481681227684021,0.125,0.11157175065711056,0.2946355476714843,1,0.48227281642294545
