q_idx,q_label,q_text,idx_1,label_1,sim_1,z_1,jacc_1,lenpen_1,bm25_1,mnn_1,score_1,idx_2,label_2,sim_2,z_2,jacc_2,lenpen_2,bm25_2,mnn_2,score_2,idx_3,label_3,sim_3,z_3,jacc_3,lenpen_3,bm25_3,mnn_3,score_3,idx_4,label_4,sim_4,z_4,jacc_4,lenpen_4,bm25_4,mnn_4,score_4,idx_5,label_5,sim_5,z_5,jacc_5,lenpen_5,bm25_5,mnn_5,score_5,idx_6,label_6,sim_6,z_6,jacc_6,lenpen_6,bm25_6,mnn_6,score_6,idx_7,label_7,sim_7,z_7,jacc_7,lenpen_7,bm25_7,mnn_7,score_7,idx_8,label_8,sim_8,z_8,jacc_8,lenpen_8,bm25_8,mnn_8,score_8,idx_9,label_9,sim_9,z_9,jacc_9,lenpen_9,bm25_9,mnn_9,score_9,idx_10,label_10,sim_10,z_10,jacc_10,lenpen_10,bm25_10,mnn_10,score_10
0,d52ebdd6c51c,train personnel on proper operational procedures,37,78a6d412d86e,0.9392067193984985,3.920811891555786,0.2222222238779068,0.09116076173031373,1.0,1,1.4918814350044072,61,dc17b84d2d6b,0.9011738300323486,2.26823353767395,0.0,0.0,0.0,1,0.8413400381803513,100,6002eddcd7d0,0.8833179473876953,1.4923723936080933,0.125,0.11157175065711056,0.31816080182986706,0,0.704032465471067,55,4805101e52c6,0.8877776861190796,1.686153769493103,0.0,0.0,0.0,0,0.6650109514594078,191,a9be4c9c15a1,0.8656420707702637,0.7243326306343079,0.1818181872367859,0.23500177712287373,0.5898036247287963,0,0.6130199743571363,44,2d4009710863,0.8774192929267883,1.2360681295394897,0.1111111119389534,0.0,0.2913848927649772,0,0.6583504930001021,3,33b4e36b0d81,0.8680416345596313,0.8285967707633972,0.20000000298023224,0.1682360897391828,0.6090768487392924,0,0.6501791844178441,54,00ee16f445cd,0.8762550354003906,1.1854796409606934,0.1111111119389534,0.0,0.2913848927649772,0,0.647583390758586,103,6680fc36f234,0.8678971529006958,0.8223188519477844,0.1111111119389534,0.0,0.42020984140568113,0,0.615378145641452,115,830e9df61ddd,0.8631854057312012,0.6175873279571533,0.125,0.11157175065711056,0.48843550658302737,0,0.5779008742906828
1,06d678da6c8d,prepare procedural documents,95,7c80e08ee743,0.9825118780136108,1.7793960571289062,0.5,0.0,1.0,1,1.4499999895691873,77,9b108680399f,0.9679151177406311,1.2692512273788452,0.5,0.0,1.0,1,1.303151497244835,30,c6a87cc5d35e,0.9773536324501038,1.5991195440292358,0.20000000298023224,0.0,0.4185432430857448,1,1.251631032711656,35,e19513a85bed,0.9666408896446228,1.2247179746627808,0.20000000298023224,0.0,0.4185432430857448,1,1.1376986615721296,118,eb485b5cf6a6,0.9752962589263916,1.5272160768508911,0.0,0.0,0.0,1,1.1204948902130127,57,c1933354ef21,0.9737752079963684,1.474056601524353,0.0,0.0,0.0,1,1.1037352710962296,79,5b935f6121b7,0.9702692031860352,1.3515245914459229,0.0,0.0,0.0,1,1.0651044130325318,200,9ff41f315fd5,0.96819007396698,1.2788606882095337,0.0,0.0,0.0,1,1.0421956211328507,31,53acfaed8c01,0.9695610404014587,1.3267748355865479,0.0,0.20273247072078354,0.0,1,1.026891698376868,85,e9ceea91a9c3,0.9637342691421509,1.1231340169906616,0.0,0.0,0.0,1,0.9930994242429734
2,771b010da2fa,"recommend technical design or process changes to improve efficiency, quality, or performance",73,a40c650a049f,0.8611295819282532,2.280621290206909,0.0,0.12565719826743915,0.0,1,1.1811514113191874,28,ce1178bafa1d,0.8503251075744629,2.034803867340088,0.0,0.12565719826743915,0.0,1,1.1023888502363475,113,322cdff981bb,0.8487023115158081,1.9978828430175781,0.0,0.20273252627630822,0.0,1,1.0789976979771558,4,9fc64a999e12,0.8468748331069946,1.9563050270080566,0.06666667014360428,0.12565719826743915,0.2530296612542252,0,1.103668880751788,62,c6d9ce80244c,0.8418183922767639,1.8412635326385498,0.06666667014360428,0.12565719826743915,0.25792930770211675,0,1.0689506265058493,66,196087c93944,0.8210670351982117,1.3691397905349731,0.0625,0.05889151088374822,0.3711060210039858,1,1.0196794876962956,154,17f9d29c543d,0.8246914744377136,1.4516011476516724,0.06666667014360428,0.12565719826743915,0.2530296612542252,1,0.9938313665897245,32,85a88cfd39f0,0.8340734243392944,1.665054202079773,0.0,0.20273252627630822,0.0,1,0.9723558689633314,142,c71cb5036aef,0.8327152729034424,1.6341543197631836,0.0,0.12565719826743915,0.0,1,0.9740164790396006,183,ff9c96c6d776,0.8158715963363647,1.2509360313415527,0.0714285746216774,0.20273252627630822,0.272671233132407,0,0.874915665614758
3,33b4e36b0d81,confer with technical personnel to prepare designs or operational plans,38,a3c08ed1a115,0.9392349123954773,2.4717397689819336,0.0833333358168602,0.07707532800886907,0.485764528545711,1,1.341789611175716,163,3ac212a9f7c3,0.9250744581222534,1.8909114599227905,0.09090909361839294,0.1682360897391828,0.41404231592543655,1,1.132588365442455,63,50171927f859,0.9330109357833862,2.216447114944458,0.0,0.0,0.0,1,1.124566349387169,44,2d4009710863,0.9178847074508667,1.596004843711853,0.20000000298023224,0.1682360897391828,0.5983085886151066,1,1.0944116438368157,61,dc17b84d2d6b,0.9246058464050293,1.8716901540756226,0.09090909361839294,0.1682360897391828,0.28498807470557874,1,1.0818296574284687,145,7809c19536e4,0.9031169414520264,0.9902660250663757,0.27272728085517883,0.0,1.0,1,1.0784726455807687,191,a9be4c9c15a1,0.9062695503234863,1.1195785999298096,0.1538461595773697,0.06676568738369093,0.4355340937421637,1,0.922807457705324,98,207462e43a8e,0.904608428478241,1.051443338394165,0.07692307978868484,0.0,0.2439304707225717,1,0.8559374075354929,214,fc824bfe7bf0,0.9018871784210205,0.9398240447044373,0.09090909361839294,0.1682360897391828,0.33780099145550035,1,0.8293205581336994,102,f2c8cd5b27ab,0.8967130184173584,0.7275922298431396,0.09090909361839294,0.1682360897391828,0.41404231592543655,1,0.7942865056464078
4,9fc64a999e12,"communicate technical information to suppliers, contractors, or regulatory agencies",142,c71cb5036aef,0.9281389713287354,2.548413038253784,0.1666666716337204,0.0,1.0,1,1.5166666597127916,116,1cf7420e0aac,0.8921663761138916,1.478380799293518,0.0833333358168602,0.07707532800886907,0.4682199018857571,1,1.0320795110679453,196,0f2541e582f8,0.9135481119155884,2.114396810531616,0.0,0.07707532800886907,0.0,1,1.0634969852005633,183,ff9c96c6d776,0.9021545052528381,1.7754852771759033,0.0833333358168602,0.07707532800886907,0.26970467609811594,1,1.046888136777073,28,ce1178bafa1d,0.901413083076477,1.7534312009811401,0.0,0.0,0.0,1,0.9711459308862687,62,c6d9ce80244c,0.9012966752052307,1.7499685287475586,0.0,0.0,0.0,1,0.9701491326093674,113,322cdff981bb,0.881372332572937,1.157303810119629,0.0833333358168602,0.07707532800886907,0.3784798271794378,1,0.9095806029641562,73,a40c650a049f,0.8963234424591064,1.6020358800888062,0.0,0.0,0.0,1,0.9275632828474045,53,a68e486bae8e,0.8940012454986572,1.5329604148864746,0.0,0.07707532800886907,0.0,1,0.8961169800793323,199,0d99df7b9f80,0.8629135489463806,0.6082332730293274,0.1818181872367859,0.07707532800886907,0.8768824657917131,0,0.868118867181463
5,abdac161e57b,design medical devices or appliances,127,3d77dabe7560,0.9491155743598938,3.578537702560425,0.1428571492433548,0.0,0.46335877870863124,1,1.3336041367388856,162,957f012e4031,0.9011721611022949,1.9385337829589844,0.1666666716337204,0.14384099455923594,1.0,1,1.1118181755956253,155,f6d7dbe3f71e,0.9061822295188904,2.1099135875701904,0.1666666716337204,0.14384099455923594,0.5102462741731951,1,0.9804562043513866,21,c9b70de179fe,0.9039748311042786,2.034404993057251,0.0,0.0,0.0,1,0.8283607840538025,181,49ccfbfcfc0a,0.8986497521400452,1.8522495031356812,0.0,0.0,0.0,1,0.784520047903061,59,da6e8742f6bf,0.89656001329422,1.7807656526565552,0.0,0.0,0.0,1,0.7673153907060624,206,c32f9f13a109,0.8941020965576172,1.6966875791549683,0.0,0.11157175065711056,0.0,1,0.7303438139533477,110,d9dbdf9d5d1a,0.8926516175270081,1.6470708847045898,0.0,0.0,0.0,0,0.685137964785099,180,893bb3cbc01a,0.8759806752204895,1.076806664466858,0.0,0.11157175065711056,0.0,1,0.5811520246242957,208,c1c0caaa937b,0.872700572013855,0.9646039009094238,0.0,0.0,0.0,0,0.5208830162882805
6,75e527217c38,research engineering aspects of biological or chemical processes,206,c32f9f13a109,0.8909302353858948,2.9234888553619385,0.375,0.09116076173031373,1.0,1,1.461325873819524,157,018f6a0e7f9a,0.8878378868103027,2.812814235687256,0.1538461595773697,0.20273252627630822,0.4653176280529234,1,1.2722366432263583,66,196087c93944,0.8739868402481079,2.317087173461914,0.0,0.14384101539256,0.0,1,1.0126531441369626,28,ce1178bafa1d,0.8519936800003052,1.5299549102783203,0.0,0.07707532800886907,0.0,1,0.8074914596115741,192,8562bf3caec4,0.8575725555419922,1.7296221256256104,0.0,0.09116076173031373,0.0,0,0.8099612254773915,60,90e3d91fbf4d,0.8567813038825989,1.701303243637085,0.0,0.0,0.0,0,0.8158939033746719,70,d5bb4574fc4d,0.8496978282928467,1.4477866888046265,0.0,0.09116076173031373,0.0,1,0.7829165447627843,161,f1f35b083d3a,0.8477932214736938,1.3796210289001465,0.0,0.09116076173031373,0.0,0,0.7142821807538807,126,ebdb003908ef,0.8218483924865723,0.45105913281440735,0.2222222238779068,0.09116076173031373,0.6219592058133134,0,0.6598056814164129,116,1cf7420e0aac,0.8384153246879578,1.0439873933792114,0.0,0.0,0.0,0,0.6362049579620361
7,bfcc3cdee21d,devise research or testing protocols,188,be19a52818cf,0.931056797504425,1.3446388244628906,0.125,0.11157175065711056,1.0,1,1.2012388942217307,49,824d3015533f,0.9508320093154907,2.41292667388916,0.0,0.11157175065711056,0.0,1,1.1832642284607366,197,3a46124701c0,0.9454963207244873,2.1246843338012695,0.0,0.0,0.0,1,1.1153184205293656,48,23ca56c5d573,0.9379435777664185,1.7166733741760254,0.0,0.0,0.0,1,0.9954504400491715,9,3cdbc3929112,0.9371958374977112,1.6762793064117432,0.0,0.0,0.0,1,0.9835832297801972,87,bd28ef3a0af3,0.9362006187438965,1.6225160360336304,0.0,0.0,0.0,1,0.9677882969379425,144,7a053b14e6ec,0.9366430044174194,1.6464143991470337,0.0,0.0,0.0,1,0.9748092770576477,67,3574e4789085,0.9353547692298889,1.5768219232559204,0.0,0.11157175065711056,0.0,1,0.9376282421326118,78,98d9410b9c2c,0.9240902662277222,0.9682959318161011,0.0,0.0,0.0,1,0.7755874425172806,135,4055e1544ee0,0.9256011247634888,1.049914836883545,0.0,0.14384099455923594,0.0,1,0.7779898246940214
8,04d0abdf0b41,develop operational methods or processes that use green materials or emphasize sustainability,182,8729852fc4b8,0.859336256980896,2.3216731548309326,0.1428571492433548,0.25541277854966626,0.9517409927963266,0,1.416225994887129,196,0f2541e582f8,0.8514794111251831,2.0114448070526123,0.06666667014360428,0.25541277854966626,0.5307918967805789,0,1.1865879924854594,163,3ac212a9f7c3,0.8529791235923767,2.0706610679626465,0.0714285746216774,0.34657354027998,0.47465136373451294,0,1.1709975801199486,56,269bfa3db5c6,0.8533832430839539,2.086617946624756,0.0714285746216774,0.34657354027998,0.525348636265487,0,1.1937546145499789,133,70f88532846f,0.8477686047554016,1.864923357963562,0.0,0.25541277854966626,0.0,1,1.0163892058591135,191,a9be4c9c15a1,0.8411663770675659,1.6042338609695435,0.05882352963089943,0.11157176315710626,0.29928663482705686,0,1.0003566590514295,22,bab0b2935945,0.8226231336593628,0.8720521926879883,0.13333334028720856,0.1783374505407972,0.7705082336308209,0,0.9158080478667687,134,469df54e4928,0.8334624171257019,1.3000422716140747,0.0,0.05268025227335804,0.0,1,0.8671021225632016,72,91e3b64a6f04,0.8210703730583191,0.8107413053512573,0.0625,0.1783374505407972,0.5779808570257332,0,0.8376174494310142,36,e5bfe7745119,0.8309128880500793,1.1993738412857056,0.06666667014360428,0.25541277854966626,0.34575122653536694,0,0.8664871156343154
9,3cdbc3929112,develop technical methods or processes,48,23ca56c5d573,0.9412170648574829,2.1837079524993896,0.3333333432674408,0.0,1.0,1,1.4833333134651185,59,da6e8742f6bf,0.9369021058082581,2.0194754600524902,0.1428571492433548,0.0,0.5091386755288673,1,1.2988447032365562,49,824d3015533f,0.9270074367523193,1.6428723335266113,0.2857142984867096,0.11157175065711056,0.8875827192916397,1,1.2738039863560944,7,bfcc3cdee21d,0.9371958374977112,2.0306551456451416,0.0,0.0,0.0,1,1.1514687269926072,135,4055e1544ee0,0.9300020337104797,1.7568503618240356,0.0,0.14384099455923594,0.0,1,1.0430721989091474,10,365ec2897755,0.9170449376106262,1.2636876106262207,0.125,0.11157175065711056,0.4945492360194517,1,1.0459705484107606,197,3a46124701c0,0.9257937669754028,1.596678614616394,0.0,0.0,0.0,1,1.0138597816228867,74,318da22b73fb,0.9230011701583862,1.4903889894485474,0.0,0.0,0.0,1,0.9801566034555436,141,dbc0d59bd942,0.9200794696807861,1.3791855573654175,0.0,0.11157175065711056,0.0,1,0.9281594631647544,195,6b483cafcca2,0.9023965001106262,0.7061503529548645,0.1428571492433548,0.0,0.5399943009509689,1,0.9035502916001197
10,365ec2897755,create models of engineering designs or methods,141,dbc0d59bd942,0.9474780559539795,2.3512918949127197,0.25,0.0,1.0,1,1.4911488980054857,48,23ca56c5d573,0.9480832815170288,2.380855083465576,0.125,0.11157175065711056,0.5009772756408086,1,1.3336062689745551,74,318da22b73fb,0.9372032880783081,1.8494036197662354,0.0,0.11157175065711056,0.0,1,1.0169172314381079,11,810124c49b5c,0.934813916683197,1.7326908111572266,0.0,0.0,0.0,1,0.9971213668584824,170,57e3b12b8497,0.9318046569824219,1.5856984853744507,0.0,0.0,0.0,1,0.9511120051145554,124,3b11edaeeba4,0.9319354295730591,1.5920863151550293,0.0,0.0,0.0,1,0.9531113684177399,94,832ecabbf00a,0.9309985041618347,1.5463205575942993,0.0,0.0,0.0,1,0.9387865394353867,148,253c9a1feb09,0.9271098375320435,1.3563722372055054,0.0,0.0,0.0,1,0.8793317407369614,144,7a053b14e6ec,0.9288307428359985,1.4404326677322388,0.0,0.11157175065711056,0.0,1,0.8889073011850791,9,3cdbc3929112,0.9170449376106262,0.8647353649139404,0.125,0.11157175065711056,0.5009772756408086,1,0.8693695401275284
11,810124c49b5c,maintain operational records or records systems,10,365ec2897755,0.934813916683197,2.817613124847412,0.0,0.0,0.0,1,1.1999999910593033,94,832ecabbf00a,0.9279179573059082,2.440910577774048,0.0,0.0,0.0,1,1.1000035136938096,175,825fff3275ff,0.9235141277313232,2.2003443241119385,0.0,0.0,0.0,1,1.0361446619033814,141,dbc0d59bd942,0.9175060987472534,1.8721463680267334,0.0,0.0,0.0,1,0.9490238159894944,14,ccf9fc39d00f,0.9166364669799805,1.8246413469314575,0.0,0.09116076173031373,0.0,1,0.9227394450580418,124,3b11edaeeba4,0.9020212292671204,1.0262610912322998,0.125,0.0,0.3987636062858488,1,0.8493864479338422,205,45b6fa08d56b,0.907778799533844,1.3407773971557617,0.0,0.2554127452163465,0.0,1,0.7696588832529103,156,ae5e42c6c3d0,0.9069340229034424,1.2946300506591797,0.0,0.11157175065711056,0.0,0,0.7289851752495246,77,9b108680399f,0.9027206897735596,1.0644701719284058,0.0,0.2554127452163465,0.0,0,0.6463126036913907,92,3f67b920ee49,0.897354006767273,0.7713066935539246,0.0,0.09116076173031373,0.0,1,0.6431295190131009
12,9251af4a3821,supervise engineering or other technical personnel,184,389dd43f303d,0.9482594728469849,3.48288893699646,0.5,0.11157175065711056,1.0,1,1.4332642269706206,192,8562bf3caec4,0.9073197841644287,1.7089923620224,0.1111111119389534,0.0,0.22589489905297028,1,0.8565942901461397,53,a68e486bae8e,0.9090622663497925,1.7844932079315186,0.0,0.09116076173031373,0.0,1,0.7955635327970326,189,a49d5a99c1d7,0.8992422819137573,1.3589980602264404,0.125,0.11157175065711056,0.24665280869567568,1,0.7665567116696858,65,8da0e9e0dffc,0.9029074311256409,1.5178072452545166,0.0,0.0,0.0,1,0.7478793144226075,153,8594b6595861,0.9047034382820129,1.5956273078918457,0.0,0.0,0.0,1,0.7657839462161065,67,3574e4789085,0.9089365005493164,1.7790437936782837,0.0,0.0,0.0,0,0.7579839080572128,160,56c85bc2a8f3,0.9017606973648071,1.4681198596954346,0.0,0.11157175065711056,0.0,1,0.7197115597700553,206,c32f9f13a109,0.8941161632537842,1.1368858814239502,0.0,0.0,0.0,1,0.6602378964424134,215,79b70e0eb0dc,0.8936775922775269,1.1178828477859497,0.0,0.09116076173031373,0.0,1,0.6421916622793019
13,f7e80a0049c6,estimate operational costs,106,48548f20bc23,0.9740201234817505,1.7353150844573975,0.20000000298023224,0.0,1.0,1,1.5099999994039537,57,c1933354ef21,0.967105507850647,1.536971926689148,0.20000000298023224,0.0,0.5813780367280683,1,1.299153820571003,35,e19513a85bed,0.9609453082084656,1.3602688312530518,0.20000000298023224,0.0,0.5813780367280683,1,1.24184389501482,164,0c9fad019eee,0.9601189494132996,1.3365650177001953,0.20000000298023224,0.0,0.5813780367280683,1,1.2341560432282066,118,eb485b5cf6a6,0.9602189064025879,1.3394322395324707,0.20000000298023224,0.0,0.5813780367280683,1,1.2350859948959922,30,c6a87cc5d35e,0.9545998573303223,1.17825186252594,0.20000000298023224,0.0,0.5813780367280683,1,1.1828104713526344,77,9b108680399f,0.9597272872924805,1.325330376625061,0.0,0.0,0.0,1,1.0622382938861847,43,61355ce7e829,0.9565397500991821,1.2338969707489014,0.0,0.0,0.0,1,1.031515184044838,212,0cf60304ef43,0.9560240507125854,1.2191044092178345,0.0,0.0,0.0,1,1.0265445590019227,95,7c80e08ee743,0.9554377794265747,1.2022873163223267,0.0,0.0,0.0,1,1.020893830060959
14,ccf9fc39d00f,estimate time requirements for development or production projects,177,ff18586218d4,0.9435174465179443,2.8469319343566895,0.25,0.2027325123874243,0.5297056055578839,1,1.3049870791266813,44,2d4009710863,0.934490442276001,2.3926005363464355,0.0,0.09116076173031373,0.0,1,1.0606596756851017,92,3f67b920ee49,0.9258633852005005,1.9583988189697266,0.0,0.0,0.0,1,0.9542352885007859,63,50171927f859,0.9193570613861084,1.6309341192245483,0.0833333358168602,0.07707532800886907,0.20761766319535704,1,0.9129725467773657,96,1cbedefabffc,0.9193657636642456,1.631372094154358,0.0,0.0,0.0,1,0.8637809783220292,11,810124c49b5c,0.9166364669799805,1.4940059185028076,0.0,0.09116076173031373,0.0,1,0.8121118981515706,98,207462e43a8e,0.8966318368911743,0.4871682822704315,0.625,0.07707532800886907,1.0,0,0.7816832176481875,81,e9ce432833f3,0.9115374684333801,1.2373721599578857,0.0,0.09116076173031373,0.0,1,0.7411280635868848,61,dc17b84d2d6b,0.9099451303482056,1.1572294235229492,0.0,0.09116076173031373,0.0,1,0.7189609322821439,94,832ecabbf00a,0.9114495515823364,1.2329472303390503,0.0,0.09116076173031373,0.0,0,0.6899041343604863
15,c5e6a1a8c44d,prepare detailed work plans,30,c6a87cc5d35e,0.9680605530738831,2.2180917263031006,0.1666666716337204,0.14384099455923594,0.7712309745991189,1,1.4150213516385979,77,9b108680399f,0.9573311805725098,1.7661505937576294,0.1666666716337204,0.14384099455923594,0.7712309745991189,1,1.2810356832178063,35,e19513a85bed,0.9580098390579224,1.7947369813919067,0.1666666716337204,0.14384099455923594,0.7712309745991189,1,1.2895105398328728,95,7c80e08ee743,0.9502929449081421,1.4696869850158691,0.1666666716337204,0.14384099455923594,0.7712309745991189,1,1.1931438959272331,1,06d678da6c8d,0.9499849081039429,1.4567118883132935,0.1666666716337204,0.14384099455923594,0.7712309745991189,1,1.1892972356708473,79,5b935f6121b7,0.9526774883270264,1.5701284408569336,0.0,0.14384099455923594,0.0,1,0.9805896481689055,118,eb485b5cf6a6,0.9517650008201599,1.5316927433013916,0.0,0.14384099455923594,0.0,1,0.9688546111997206,212,0cf60304ef43,0.9481487274169922,1.379368543624878,0.0,0.14384099455923594,0.0,1,0.9223474761661131,13,f7e80a0049c6,0.9457991719245911,1.2804008722305298,0.0,0.14384099455923594,0.0,1,0.8921310207065184,40,f64df278da5d,0.9401275515556335,1.0415016412734985,0.0,0.0,0.0,1,0.8407671332359314
16,6e6ec1a475b8,prepare technical reports for internal use,121,66497e9d2189,0.9346103668212891,4.212309837341309,0.25,0.0,1.0,1,1.4999999940395357,103,6680fc36f234,0.8963388800621033,2.1285810470581055,0.1111111119389534,0.0,0.3531068174610392,1,0.8730539275208562,44,2d4009710863,0.8807899355888367,1.2820035219192505,0.25,0.0,1.0,0,0.8625101059675216,119,b729f6985724,0.879463791847229,1.2098002433776855,0.0,0.0,0.0,1,0.5706721872091294,93,4b8b2b6692c3,0.8859930038452148,1.5652896165847778,0.0,0.11157175065711056,0.0,0,0.5784471926664786,125,12a1310a48ad,0.875940203666687,1.0179550647735596,0.0,0.0,0.0,1,0.5304612919688225,169,2d10ff099811,0.8822864294052124,1.3634815216064453,0.0,0.0,0.0,0,0.5528838783502579,36,e5bfe7745119,0.8798208236694336,1.2292392253875732,0.0,0.09116076173031373,0.0,0,0.5110724751030743,96,1cbedefabffc,0.8782845735549927,1.1455966234207153,0.0,0.09116076173031373,0.0,0,0.4935409609352886,67,3574e4789085,0.8749280571937561,0.9628477692604065,0.0,0.0,0.0,0,0.4689107835292816
17,e1dbddbff402,"prepare contracts, disclosures, or applications",168,ab35d13698b5,0.8918095827102661,1.803135871887207,0.1111111119389534,0.2027325123874243,1.0,1,1.2776716546665448,153,8594b6595861,0.8986456990242004,2.1215291023254395,0.125,0.11157175065711056,0.6432466923511952,1,1.2494195008612077,46,f64f2eefbcb7,0.9093990921974182,2.6223702430725098,0.0,0.11157175065711056,0.0,1,1.1832642284607366,53,a68e486bae8e,0.8974440693855286,2.0655629634857178,0.0,0.2027325123874243,0.0,1,1.0173273967157617,160,56c85bc2a8f3,0.8910986185073853,1.7700226306915283,0.0,0.0,0.0,1,0.9669197082519532,173,49c0d2367c5d,0.8905991315841675,1.7467589378356934,0.0,0.11157175065711056,0.0,0,0.8938223568176703,101,ae138f31c069,0.8825966715812683,1.3740429878234863,0.0,0.11157175065711056,0.0,1,0.8419006345247703,185,7b03e0901b8c,0.87909996509552,1.2111831903457642,0.0,0.11157175065711056,0.0,1,0.7973654893612342,188,be19a52818cf,0.8667944073677063,0.6380497217178345,0.125,0.11157175065711056,0.6432466923511952,0,0.8025707999205989,139,80c1c070d6f0,0.8785824179649353,1.1870783567428589,0.0,0.11157175065711056,0.0,1,0.7907738862013297
18,1c10b347eeee,update technical knowledge,95,7c80e08ee743,0.954177975654602,1.950999140739441,0.0,0.0,0.0,1,1.1999999910593033,13,f7e80a0049c6,0.9523413181304932,1.8749535083770752,0.0,0.0,0.0,1,1.1756885379552842,77,9b108680399f,0.9511157274246216,1.8242086172103882,0.0,0.0,0.0,1,1.1594656586647034,85,e9ceea91a9c3,0.9460163116455078,1.6130703687667847,0.0,0.0,0.0,1,1.0919656783342362,79,5b935f6121b7,0.942319929599762,1.4600238800048828,0.0,0.0,0.0,0,0.9930373728275299,106,48548f20bc23,0.934411346912384,1.1325737237930298,0.0,0.0,0.0,1,0.9383531093597413,212,0cf60304ef43,0.9336827397346497,1.1024061441421509,0.0,0.0,0.0,1,0.9287087053060532,41,babe1d93de49,0.9345666170120239,1.1390025615692139,0.0,0.20273247072078354,0.0,1,0.9099985112116076,1,06d678da6c8d,0.9357882738113403,1.189584493637085,0.0,0.0,0.0,0,0.9065792411565781,200,9ff41f315fd5,0.9325001239776611,1.0534406900405884,0.0,0.0,0.0,0,0.8630546778440475
19,9d76ae41867e,evaluate characteristics of equipment or systems,165,72ea80489538,0.9614475965499878,3.3404858112335205,0.1428571492433548,0.0,0.7784575543737715,1,1.4012069247839558,45,aa03c0034762,0.9648145437240601,3.5213944911956787,0.1428571492433548,0.0,0.6056315042531678,1,1.3833995906794734,84,c6940290ea74,0.9418418407440186,2.287053108215332,0.2857142984867096,0.11157175065711056,0.9158415841584159,1,1.162867510240191,195,6b483cafcca2,0.9355672001838684,1.9499118328094482,0.1428571492433548,0.0,0.6056315042531678,1,1.0126399098122782,102,f2c8cd5b27ab,0.9108154773712158,0.6199824810028076,0.125,0.11157175065711056,0.5546625162714656,1,0.6656862596193308,20,1bd49058235f,0.9255270957946777,1.4104492664337158,0.0,0.11157175065711056,0.0,1,0.6725403842901664,112,6379204aa590,0.9232076406478882,1.285823106765747,0.0,0.0,0.0,1,0.6591239973902703,54,00ee16f445cd,0.9234778881072998,1.3003437519073486,0.0,0.11157175065711056,0.0,1,0.6459012953018622,208,c1c0caaa937b,0.8992915153503418,0.0007910432177595794,0.1428571492433548,0.0,0.7784575543737715,1,0.6132731355903256,105,8bb47fa10a52,0.9155372381210327,0.8736863732337952,0.0,0.0,0.0,1,0.5594112977385521
20,1bd49058235f,advise customers on the use of products or services,45,aa03c0034762,0.920788586139679,2.5405311584472656,0.125,0.11157175065711056,0.6888555315912872,1,1.3336726195910438,19,9d76ae41867e,0.9255270957946777,2.778754234313965,0.0,0.11157175065711056,0.0,1,1.1832642284607366,172,2c5271f1a3e4,0.9147266149520874,2.2357728481292725,0.0,0.09116076173031373,0.0,1,1.0332690466319858,165,72ea80489538,0.9144068956375122,2.2196993827819824,0.0,0.11157175065711056,0.0,1,1.025676551220365,84,c6940290ea74,0.9115811586380005,2.077638864517212,0.0,0.0,0.0,1,1.0023679614067078,38,a3c08ed1a115,0.902787446975708,1.6355453729629517,0.0,0.09116076173031373,0.0,1,0.8640755403911412,22,bab0b2935945,0.8894778490066528,0.9664211869239807,0.09090909361839294,0.1682360897391828,0.5399926836626616,0,0.7927924322961213,49,824d3015533f,0.8819406628608704,0.587498128414154,0.1111111119389534,0.0,0.630882541308852,0,0.7428460751866481,55,4805101e52c6,0.8935693502426147,1.1721165180206299,0.0,0.0,0.0,1,0.7471172317862511,60,90e3d91fbf4d,0.8917844295501709,1.0823818445205688,0.0,0.09116076173031373,0.0,1,0.7081484485542119
21,c9b70de179fe,develop software or computer applications,70,d5bb4574fc4d,0.875046968460083,1.7826074361801147,0.125,0.11157175065711056,1.0,1,1.2090302196716742,181,49ccfbfcfc0a,0.9086995124816895,2.829318046569824,0.0,0.0,0.0,1,1.1999999910593033,5,abdac161e57b,0.9039748311042786,2.682363986968994,0.0,0.0,0.0,1,1.1570551723241806,127,3d77dabe7560,0.8960487246513367,2.4358346462249756,0.0,0.0,0.0,1,1.0850110679864884,161,f1f35b083d3a,0.8924248814582825,2.323120594024658,0.0,0.11157175065711056,0.0,1,1.0353365269875006,93,4b8b2b6692c3,0.8523337841033936,1.0761487483978271,0.1428571492433548,0.0,0.683911250955592,0,0.8611919432127035,91,b1f99c3dcd62,0.8400107622146606,0.6928601861000061,0.125,0.11157175065711056,0.6263543634989333,0,0.7167169289646488,162,957f012e4031,0.8649236559867859,1.4677374362945557,0.0,0.14384099455923594,0.0,0,0.7305247059281904,206,c32f9f13a109,0.8530641794204712,1.098866581916809,0.0,0.11157175065711056,0.0,0,0.6275688705419974,129,06f6e71fddcf,0.8453646302223206,0.8593840003013611,0.0,0.0,0.0,1,0.6243197724223137
22,bab0b2935945,"analyze operational data to evaluate operations, processes or products",172,2c5271f1a3e4,0.9585162401199341,2.609147787094116,0.30000001192092896,0.07707532800886907,1.0,1,1.4784386894737873,36,e5bfe7745119,0.9546080827713013,2.4359846115112305,0.30000001192092896,0.07707532800886907,1.0,1,1.4318873277937565,63,50171927f859,0.9492594003677368,2.1989946365356445,0.07692307978868484,0.0,0.32461845161524416,1,1.1834573392937824,55,4805101e52c6,0.9326507449150085,1.4630966186523438,0.09090909361839294,0.1682360897391828,0.45887266690058853,1,0.9972754487215328,145,7809c19536e4,0.9223175644874573,1.0052530765533447,0.1666666716337204,0.0,0.6988989828574416,1,0.9695581060143028,168,ab35d13698b5,0.9347329139709473,1.5553536415100098,0.0,0.07707532800886907,0.0,1,0.8895534358059558,45,aa03c0034762,0.9144545197486877,0.6568564772605896,0.2222222238779068,0.27980784039629336,0.7852128396436325,1,0.8560849031396379,199,0d99df7b9f80,0.9320647716522217,1.4371333122253418,0.0,0.07707532800886907,0.0,1,0.856022932294527,174,003763627ff4,0.9134147763252258,0.6107873916625977,0.1818181872367859,0.07707532800886907,0.6158960216939993,1,0.8187704960932716,90,2e4769a8f723,0.9280127286911011,1.2575949430465698,0.0,0.07707532800886907,0.0,1,0.8051008812224063
23,9a8d83e8b2e2,conduct environmental audits,40,f64df278da5d,0.9445576667785645,1.1077455282211304,0.1666666716337204,0.14384099455923594,1.0,1,1.3366138896163544,43,61355ce7e829,0.9616755247116089,1.5845327377319336,0.0,0.0,0.0,1,1.1999999910593033,128,54e485ae84d0,0.9386200308799744,0.9423633217811584,0.1666666716337204,0.14384099455923594,0.7593316466988534,1,1.1974095078110432,79,5b935f6121b7,0.9598900675773621,1.5348020792007446,0.0,0.0,0.0,1,1.1829768002033234,201,42bb588edac5,0.9600263237953186,1.5385972261428833,0.0,0.0,0.0,1,1.1842759728431702,1,06d678da6c8d,0.9589876532554626,1.509666919708252,0.0,0.0,0.0,1,1.1743729740381241,30,c6a87cc5d35e,0.957307755947113,1.4628764390945435,0.0,0.0,0.0,1,1.158356237411499,123,05f356a221b7,0.9530117511749268,1.3432189226150513,0.0,0.0,0.0,1,1.117396730184555,200,9ff41f315fd5,0.9507654905319214,1.2806533575057983,0.0,0.0,0.0,1,1.0959802001714707,34,614f5f558eca,0.9530092477798462,1.343149185180664,0.0,0.20273247072078354,0.0,1,1.0869630326196886
24,2ae9204d54c8,design industrial processing systems,75,f634ee56b726,0.9727036952972412,2.8335793018341064,0.4000000059604645,0.14384099455923594,1.0,1,1.4484238436635575,128,54e485ae84d0,0.9376288056373596,1.7266204357147217,0.3333333432674408,0.0,0.8098390352921098,1,1.1400663836070641,204,62b52b411f3a,0.9549441933631897,2.2730917930603027,0.0,0.0,0.0,1,1.0512708753347397,159,3319e1abdfb1,0.9422856569290161,1.8735899925231934,0.125,0.11157175065711056,0.34292782964598495,1,1.029087188279199,137,a4f4cc8a14a2,0.9176478385925293,1.0960237979888916,0.1666666716337204,0.14384099455923594,0.5876701095923277,1,0.9030674107417277,138,ef5aeb4ce41e,0.9380593299865723,1.7402077913284302,0.0,0.14384099455923594,0.0,1,0.8882903954204161,109,d052bd1e246e,0.9298000931739807,1.479547381401062,0.0,0.0,0.0,1,0.8406985133886338,187,02b0fa193387,0.9334773421287537,1.5956008434295654,0.0,0.11157175065711056,0.0,1,0.8547583696817832,200,9ff41f315fd5,0.914050817489624,0.9825023412704468,0.1666666716337204,0.14384099455923594,0.4794571425032818,0,0.7859423622236162,155,f6d7dbe3f71e,0.9063639640808105,0.7399063110351562,0.1666666716337204,0.14384099455923594,0.4123298904076723,1,0.7499392483718859
25,79d2ac46742b,direct operational or production activities,50,a787a095d9b0,0.9340341091156006,2.7444040775299072,0.2857142984867096,0.11157175065711056,0.9158415841584158,1,1.4466659291793047,146,284cc33eb902,0.919009804725647,2.1832027435302734,0.3333333432674408,0.0,1.0,1,1.3337605237960817,219,573d5b3bbb3d,0.9291555881500244,2.5621771812438965,0.0,0.0,0.0,1,1.1484436422586441,65,8da0e9e0dffc,0.9068360328674316,1.728477120399475,0.2857142984867096,0.11157175065711056,0.9158415841584158,1,1.1735180705000101,78,98d9410b9c2c,0.8972775936126709,1.3714417219161987,0.1428571492433548,0.0,0.5839075529662456,1,0.9970029904872865,67,3574e4789085,0.9109017848968506,1.8803447484970093,0.125,0.11157175065711056,0.38107476584774536,0,1.0024916843492444,167,00c6f12023ab,0.8912393450737,1.1458956003189087,0.1428571492433548,0.0,0.3803501030174939,1,0.8635309542346812,184,389dd43f303d,0.9026896953582764,1.5735993385314941,0.0,0.0,0.0,1,0.8687513053417206,189,a49d5a99c1d7,0.9014168977737427,1.5260567665100098,0.0,0.0,0.0,1,0.8553003400564194,173,49c0d2367c5d,0.8963403701782227,1.3364336490631104,0.0,0.11157175065711056,0.0,1,0.7849156436895804
26,a86fc9314475,respond to emergencies to provide assistance,119,b729f6985724,0.903731644153595,2.2714991569519043,0.0,0.11157175065711056,0.0,1,1.1832642284607366,172,2c5271f1a3e4,0.903529167175293,2.260005235671997,0.0,0.2027325123874243,0.0,0,1.1159809486519114,103,6680fc36f234,0.8830154538154602,1.0955140590667725,0.125,0.11157175065711056,1.0,0,1.0970209894155936,121,66497e9d2189,0.8987507820129395,1.988753080368042,0.0,0.11157175065711056,0.0,0,1.044479250667043,36,e5bfe7745119,0.8986955881118774,1.9856199026107788,0.0,0.2027325123874243,0.0,0,1.02982125743735,44,2d4009710863,0.8966898918151855,1.8717635869979858,0.0,0.11157175065711056,0.0,0,1.0077433583712057,110,d9dbdf9d5d1a,0.8911709785461426,1.5584744215011597,0.0,0.0,0.0,0,0.9261032044887543,163,3ac212a9f7c3,0.8858780860900879,1.2580156326293945,0.0,0.11157175065711056,0.0,1,0.8650203970646339,37,78a6d412d86e,0.8854575157165527,1.2341413497924805,0.0,0.2027325123874243,0.0,0,0.7938495831142679,84,c6940290ea74,0.8836385011672974,1.1308822631835938,0.0,0.11157175065711056,0.0,0,0.7750993070578055
27,88a991273442,maintain regulatory or compliance documentation,67,3574e4789085,0.9577648639678955,3.6701881885528564,0.2857142984867096,0.11157175065711056,1.0,1,1.4761213747238593,110,d9dbdf9d5d1a,0.9304961562156677,2.174860715866089,0.0,0.0,0.0,1,0.8496554374694825,93,4b8b2b6692c3,0.9292982816696167,2.109173059463501,0.0,0.0,0.0,1,0.8342653542757035,121,66497e9d2189,0.9163016676902771,1.3964807987213135,0.125,0.11157175065711056,0.4649465152708938,1,0.7998628995573883,87,bd28ef3a0af3,0.9215693473815918,1.6853433847427368,0.0,0.0,0.0,1,0.7349650889635087,65,8da0e9e0dffc,0.9235348701477051,1.7931262254714966,0.0,0.11157175065711056,0.0,1,0.7434820709204154,50,a787a095d9b0,0.9227816462516785,1.7518218755722046,0.0,0.11157175065711056,0.0,1,0.7338047725533919,189,a49d5a99c1d7,0.902452826499939,0.6370552778244019,0.1428571492433548,0.0,0.47224754081990233,1,0.6437295794028945,112,6379204aa590,0.9156806468963623,1.3624260425567627,0.0,0.0,0.0,1,0.6593079075217247,120,a04637eaf44a,0.9080078601837158,0.9416753053665161,0.0,0.0,0.0,1,0.5607289627194405
28,ce1178bafa1d,monitor external affairs or events affecting business operations,4,9fc64a999e12,0.901413083076477,2.576209545135498,0.0,0.0,0.0,1,1.1999999910593033,62,c6d9ce80244c,0.8989327549934387,2.476524829864502,0.0,0.0,0.0,1,1.1705041259527207,73,a40c650a049f,0.8712711334228516,1.3648008108139038,0.07692307978868484,0.0,0.6987385485189312,1,1.075523388064504,196,0f2541e582f8,0.8888592720031738,2.0716702938079834,0.0,0.07707532800886907,0.0,1,1.0391497544085178,192,8562bf3caec4,0.8863985538482666,1.972773790359497,0.0,0.1682360897391828,0.0,0,0.9462129186104269,12,9251af4a3821,0.8812299966812134,1.7650487422943115,0.0,0.1682360897391828,0.0,1,0.9347488771389456,215,79b70e0eb0dc,0.8639311790466309,1.0698071718215942,0.0833333358168602,0.07707532800886907,0.7004379341557064,0,0.9276533688087509,183,ff9c96c6d776,0.8771519660949707,1.6011523008346558,0.0,0.07707532800886907,0.0,1,0.8999273858105334,142,c71cb5036aef,0.870750904083252,1.3438928127288818,0.0,0.0,0.0,1,0.8353677719831467,86,19ea31d71f7c,0.868039071559906,1.2349039316177368,0.0,0.1682360897391828,0.0,1,0.7778834442804785
29,ef7349785e11,implement design or process improvements,47,8f3ed6033a9e,0.9347364902496338,2.9965980052948,0.2857142984867096,0.11157175065711056,1.0,1,1.4761213747238593,51,6385c0e2eb2e,0.9278033375740051,2.7486209869384766,0.125,0.11157175065711056,0.47120322850150187,1,1.257984382898962,197,3a46124701c0,0.9043426513671875,1.9095059633255005,0.0,0.0,0.0,0,0.857817530632019,7,bfcc3cdee21d,0.8966733813285828,1.6352002620697021,0.0,0.0,0.0,0,0.7840911746025085,50,a787a095d9b0,0.8925821781158447,1.4888708591461182,0.0,0.11157175065711056,0.0,0,0.7280258235907034,49,824d3015533f,0.8952175378799438,1.5831292867660522,0.0,0.11157175065711056,0.0,0,0.7533600476955847,67,3574e4789085,0.8938254117965698,1.5333373546600342,0.0,0.11157175065711056,0.0,0,0.7399772552227454,146,284cc33eb902,0.878435492515564,0.9828883409500122,0.1428571492433548,0.0,0.3184973606708109,0,0.7051159161562582,99,78b76b55f875,0.8665233850479126,0.5568296909332275,0.1428571492433548,0.0,0.5145029846340724,0,0.6620492680101204,220,7cd42be784e2,0.8778499364852905,0.9619448184967041,0.125,0.11157175065711056,0.2916931273470298,0,0.6753825400522319
30,c6a87cc5d35e,prepare operational reports,35,e19513a85bed,0.9840744733810425,1.8011406660079956,0.5,0.0,0.891346862336273,1,1.4119713913868828,1,06d678da6c8d,0.9773536324501038,1.6018500328063965,0.20000000298023224,0.0,0.5032484232340502,1,1.2711840971940742,95,7c80e08ee743,0.9712992906570435,1.4223227500915527,0.20000000298023224,0.0,0.5032484232340502,1,1.2126725569003807,118,eb485b5cf6a6,0.9718464612960815,1.4385477304458618,0.20000000298023224,0.0,0.38809843910222286,1,1.1776580971317465,15,c5e6a1a8c44d,0.9680605530738831,1.326285481452942,0.1666666716337204,0.14384099455923594,0.45700397353146177,1,1.1493475655658363,57,c1933354ef21,0.9697365760803223,1.3759840726852417,0.20000000298023224,0.0,0.38809843910222286,1,1.1572673034506018,77,9b108680399f,0.9624217748641968,1.1590808629989624,0.20000000298023224,0.0,0.5032484232340502,1,1.1268766626352058,79,5b935f6121b7,0.9729345440864563,1.4708123207092285,0.0,0.0,0.0,1,1.0884596288204194,43,61355ce7e829,0.9667240381240845,1.2866543531417847,0.0,0.0,0.0,1,1.0262759357690812,13,f7e80a0049c6,0.9545998573303223,0.9271402359008789,0.20000000298023224,0.0,0.38809843910222286,1,1.0109800931649382
31,53acfaed8c01,supervise employees,34,614f5f558eca,0.9661930799484253,1.390312671661377,0.0,0.0,0.0,1,1.1713655024766922,1,06d678da6c8d,0.9695610404014587,1.4735426902770996,0.0,0.20273247072078354,0.0,1,1.1695901204511858,114,98e7b9000779,0.9589996933937073,1.212547779083252,0.0,0.0,0.0,1,1.1102071136236191,57,c1933354ef21,0.9629079699516296,1.3091301918029785,0.0,0.20273247072078354,0.0,1,1.1130255658790804,43,61355ce7e829,0.9599360823631287,1.2356880903244019,0.0,0.20273247072078354,0.0,1,1.0877584566042162,30,c6a87cc5d35e,0.9589559435844421,1.2114665508270264,0.0,0.20273247072078354,0.0,1,1.079425295130942,95,7c80e08ee743,0.9582870602607727,1.194936990737915,0.0,0.20273247072078354,0.0,1,1.073738415972922,85,e9ceea91a9c3,0.9571290612220764,1.1663200855255127,0.0,0.20273247072078354,0.0,1,1.0638930548593737,200,9ff41f315fd5,0.9553412199020386,1.122138500213623,0.0,0.20273247072078354,0.0,1,1.0486927975580431,13,f7e80a0049c6,0.9544023871421814,1.098937749862671,0.0,0.20273247072078354,0.0,1,1.0407108117506243
32,85a88cfd39f0,"direct sales, marketing, or customer service activities",73,a40c650a049f,0.8552126884460449,2.2857747077941895,0.0,0.07707532800886907,0.0,1,1.188438691857973,213,f1b4c19341de,0.832870364189148,1.7898545265197754,0.0,0.0,0.0,1,1.0526186406612397,2,771b010da2fa,0.8340734243392944,1.8165582418441772,0.0,0.20273252627630822,0.0,1,1.0301447774449293,66,196087c93944,0.8266830444335938,1.6525180339813232,0.0,0.14384101539256,0.0,1,0.9902278353133771,183,ff9c96c6d776,0.8083240985870361,1.2450145483016968,0.09090909361839294,0.0,0.35149361964038606,0,0.9504300971487171,154,17f9d29c543d,0.8178210854530334,1.455814003944397,0.0,0.07707532800886907,0.0,1,0.941784628394762,28,ce1178bafa1d,0.8254736661911011,1.6256741285324097,0.0,0.07707532800886907,0.0,0,0.9422649494444522,113,322cdff981bb,0.811461329460144,1.3146499395370483,0.0,0.0,0.0,1,0.9113937348127366,53,a68e486bae8e,0.7769750356674194,0.5491767525672913,0.09090909361839294,0.0,0.7022097613750441,0,0.8696558517434686,33,2be03b534579,0.7851312160491943,0.7302150130271912,0.10000000149011612,0.09116076173031373,0.5347668183106704,0,0.8492411228185716
33,2be03b534579,"direct organizational operations, projects, or services",167,00c6f12023ab,0.8956790566444397,2.242323398590088,0.125,0.11157175065711056,0.426768211225537,1,1.3076330964292102,173,49c0d2367c5d,0.8646206855773926,1.1623364686965942,0.25,0.0,1.0,0,1.1288948640227319,25,79d2ac46742b,0.8769259452819824,1.5902249813079834,0.125,0.11157175065711056,0.5174094532342917,1,1.141067123474651,185,7b03e0901b8c,0.8882439136505127,1.9837826490402222,0.0,0.0,0.0,1,1.1196357041597367,206,c32f9f13a109,0.8878759145736694,1.970986247062683,0.0,0.0,0.0,1,1.1156581223011017,101,ae138f31c069,0.8855552077293396,1.8902887105941772,0.0,0.0,0.0,1,1.0905742824077607,139,80c1c070d6f0,0.8832839727401733,1.8113114833831787,0.0,0.0,0.0,1,1.0660251706838608,73,a40c650a049f,0.8554969429969788,0.8450782299041748,0.20000000298023224,0.1682360897391828,0.8559322033898304,1,1.0151308776549723,129,06f6e71fddcf,0.8811924457550049,1.7385832071304321,0.0,0.11157175065711056,0.0,1,1.0266827223276571,89,b03b706832f2,0.8425738215446472,0.39570489525794983,0.2222222238779068,0.09116076173031373,0.9223744292237441,1,0.9128971766022512
34,614f5f558eca,approve expenditures,31,53acfaed8c01,0.9661930799484253,1.5870946645736694,0.0,0.0,0.0,1,1.1999999910593033,57,c1933354ef21,0.9651739597320557,1.5630989074707031,0.0,0.20273247072078354,0.0,1,1.1609474916622378,30,c6a87cc5d35e,0.9647442102432251,1.5529803037643433,0.0,0.20273247072078354,0.0,1,1.1573031146690584,43,61355ce7e829,0.960280179977417,1.447872281074524,0.0,0.20273247072078354,0.0,1,1.1194461037084795,118,eb485b5cf6a6,0.9585175514221191,1.4063702821731567,0.0,0.20273247072078354,0.0,1,1.1044982422754503,35,e19513a85bed,0.9572882056236267,1.377424716949463,0.0,0.20273247072078354,0.0,1,1.0940728534624315,1,06d678da6c8d,0.9567754864692688,1.3653523921966553,0.0,0.20273247072078354,0.0,1,1.0897246946260668,23,9a8d83e8b2e2,0.9530092477798462,1.2766743898391724,0.0,0.20273247072078354,0.0,1,1.0577853818104006,201,42bb588edac5,0.9488061666488647,1.1777105331420898,0.0,0.20273247072078354,0.0,1,1.0221413721010424,13,f7e80a0049c6,0.9435101747512817,1.053013563156128,0.0,0.20273247072078354,0.0,1,0.9772290189430453
35,e19513a85bed,prepare operational budgets,30,c6a87cc5d35e,0.9840744733810425,1.929848551750183,0.5,0.0,1.0,1,1.4499999895691873,57,c1933354ef21,0.977128267288208,1.7283576726913452,0.20000000298023224,0.0,0.435406748485089,1,1.2491434141109707,118,eb485b5cf6a6,0.9721422791481018,1.583727478981018,0.20000000298023224,0.0,0.435406748485089,1,1.203743345947099,1,06d678da6c8d,0.9666408896446228,1.4241468906402588,0.20000000298023224,0.0,0.564593251514911,1,1.1988655672361135,77,9b108680399f,0.9636181592941284,1.3364654779434204,0.20000000298023224,0.0,0.564593251514911,1,1.1713420347263097,95,7c80e08ee743,0.9570038914680481,1.1446032524108887,0.20000000298023224,0.0,0.564593251514911,1,1.1111155272413968,13,f7e80a0049c6,0.9609453082084656,1.258933186531067,0.20000000298023224,0.0,0.435406748485089,1,1.1017889454077008,15,c5e6a1a8c44d,0.9580098390579224,1.1737831830978394,0.1666666716337204,0.14384099455923594,0.5127117094838111,1,1.0857817899109385,164,0c9fad019eee,0.9586453437805176,1.192217469215393,0.20000000298023224,0.0,0.435406748485089,1,1.0808465554426434,43,61355ce7e829,0.960926353931427,1.2583833932876587,0.0,0.0,0.0,1,0.9816285252571106
36,e5bfe7745119,analyze data to inform operational decisions or activities,172,2c5271f1a3e4,0.9555478096008301,3.357278823852539,0.3333333432674408,0.0,0.49468960174462207,1,1.3064746740757363,22,bab0b2935945,0.9546080827713013,3.305527448654175,0.30000001192092896,0.07707532800886907,0.4590551812799671,1,1.2775562353341139,119,b729f6985724,0.9265718460083008,1.7615560293197632,0.5714285969734192,0.09116076173031373,1.0,1,1.08358760291093,84,c6940290ea74,0.9276991486549377,1.8236372470855713,0.0,0.09116076173031373,0.0,1,0.8251471955453694,38,a3c08ed1a115,0.9172205924987793,1.2465771436691284,0.09090909361839294,0.0,0.13879219115188132,1,0.7411756947352851,56,269bfa3db5c6,0.919692873954773,1.3827271461486816,0.0,0.09116076173031373,0.0,1,0.7213110391175092,191,a9be4c9c15a1,0.9163963794708252,1.201187252998352,0.07692307978868484,0.14384101539256,0.10982022560229596,1,0.7005010296940454,199,0d99df7b9f80,0.9161862134933472,1.1896133422851562,0.0,0.0,0.0,1,0.6895061016082764,63,50171927f859,0.9137120246887207,1.0533583164215088,0.0833333358168602,0.07707532800886907,0.160585372548501,1,0.6932579386025065,174,003763627ff4,0.9078109264373779,0.7283815145492554,0.20000000298023224,0.0,0.26566213214448803,1,0.6554003888906846
37,78a6d412d86e,monitor organizational procedures to ensure proper functioning,0,d52ebdd6c51c,0.9392067193984985,2.0360851287841797,0.2222222238779068,0.09116076173031373,0.9377289117520904,1,1.4423171077446528,96,1cbedefabffc,0.9411616325378418,2.1233222484588623,0.20000000298023224,0.0,0.7358546125109496,1,1.417549113782786,149,c9b79bbec6f3,0.9306891560554504,1.655993103981018,0.1111111119389534,0.2027325123874243,0.42246602466636984,1,1.1434795730942,81,e9ce432833f3,0.938422441482544,2.001087188720703,0.0,0.09116076173031373,0.0,1,1.1458515066778003,100,6002eddcd7d0,0.9394211769104004,2.0456552505493164,0.0,0.2027325123874243,0.0,1,1.1438730643640773,61,dc17b84d2d6b,0.9334337115287781,1.7784675359725952,0.0,0.09116076173031373,0.0,1,1.072137920943433,44,2d4009710863,0.9323457479476929,1.7299177646636963,0.0,0.09116076173031373,0.0,1,1.0560621012126743,55,4805101e52c6,0.9205700159072876,1.204431414604187,0.10000000149011612,0.09116076173031373,0.38691195328355654,1,1.0027742759040563,54,00ee16f445cd,0.9250971078872681,1.406450629234314,0.0,0.09116076173031373,0.0,1,0.9489560265218556,115,830e9df61ddd,0.9088727235794067,0.6824454069137573,0.25,0.2027325123874243,0.7709232639445044,1,0.933054975803835
38,a3c08ed1a115,confer with organizational members to accomplish work activities,3,33b4e36b0d81,0.9392349123954773,2.4115383625030518,0.0833333358168602,0.07707532800886907,0.5012974804891439,1,1.3472261443559175,61,dc17b84d2d6b,0.9252418279647827,1.7157458066940308,0.10000000149011612,0.09116076173031373,0.5856742841358316,1,1.1719182503918513,63,50171927f859,0.9342612028121948,2.1642253398895264,0.0,0.07707532800886907,0.0,1,1.116311737064043,199,0d99df7b9f80,0.9195332527160645,1.4318923950195312,0.09090909361839294,0.0,0.33836350675083837,1,1.0190560653058705,172,2c5271f1a3e4,0.925281286239624,1.717707872390747,0.0,0.0,0.0,1,0.9976494640111924,36,e5bfe7745119,0.9172205924987793,1.3168976306915283,0.09090909361839294,0.0,0.292328766047851,1,0.9699367611318465,22,bab0b2935945,0.9218555092811584,1.547364354133606,0.0,0.07707532800886907,0.0,1,0.9364087960755023,90,2e4769a8f723,0.9175825119018555,1.334893822669983,0.0,0.0,0.0,1,0.8860045999288559,117,f2f5eb941075,0.9144207835197449,1.1776798963546753,0.0,0.14384101539256,0.0,1,0.8185781855741117,96,1cbedefabffc,0.9052008390426636,0.719227135181427,0.09090909361839294,0.0,0.33836350675083837,1,0.814498579427403
39,202cbfb3aef7,evaluate employee performance,43,61355ce7e829,0.9476245641708374,2.402442455291748,0.0,0.0,0.0,1,1.1999999910593033,151,506120811a05,0.9389616847038269,1.948439598083496,0.0,0.0,0.0,1,1.0689022719860077,40,f64df278da5d,0.9172239899635315,0.8092138767242432,0.1666666716337204,0.14384099455923594,1.0,1,1.0483654847558577,207,7663c229a426,0.936498761177063,1.819362998008728,0.0,0.0,0.0,1,1.0316301912069321,13,f7e80a0049c6,0.9345314502716064,1.716260552406311,0.0,0.0,0.0,1,1.0018583565950394,130,cbb58925807f,0.9335983991622925,1.6673613786697388,0.0,0.0,0.0,1,0.9877382248640061,100,6002eddcd7d0,0.9163021445274353,0.7609019875526428,0.1666666716337204,0.14384099455923594,0.7870198180471503,1,0.9602762224658692,123,05f356a221b7,0.9291884303092957,1.4362443685531616,0.0,0.0,0.0,1,0.9210009753704071,212,0cf60304ef43,0.9311257600784302,1.5377756357192993,0.0,0.0,0.0,0,0.9003191143274307,118,eb485b5cf6a6,0.9218958020210266,1.0540534257888794,0.0,0.0,0.0,0,0.7606397122144699
40,f64df278da5d,conduct employee training programs,23,9a8d83e8b2e2,0.9445576667785645,1.8357250690460205,0.1666666716337204,0.14384099455923594,0.8689843941778036,1,1.3794517930332593,128,54e485ae84d0,0.9478514194488525,1.9995002746582031,0.0,0.0,0.0,1,1.1797154128551484,79,5b935f6121b7,0.9491466879844666,2.0639047622680664,0.0,0.14384099455923594,0.0,1,1.178423841875418,123,05f356a221b7,0.9461506605148315,1.914933443069458,0.0,0.14384099455923594,0.0,1,1.13150455562435,15,c5e6a1a8c44d,0.9401275515556335,1.6154465675354004,0.0,0.0,0.0,1,1.0587558180093766,212,0cf60304ef43,0.9406601786613464,1.6419304609298706,0.0,0.14384099455923594,0.0,1,1.0455208471234876,39,202cbfb3aef7,0.9172239899635315,0.4766135513782501,0.1666666716337204,0.14384099455923594,1.0,1,1.0096557473953802,43,61355ce7e829,0.9395999908447266,1.5892146825790405,0.0,0.14384099455923594,0.0,0,0.9789177945073683,30,c6a87cc5d35e,0.9381894469261169,1.519078254699707,0.0,0.14384099455923594,0.0,0,0.9568280002292234,95,7c80e08ee743,0.934603214263916,1.3407601118087769,0.0,0.14384099455923594,0.0,0,0.9006657770093519
41,babe1d93de49,hire personnel,114,98e7b9000779,0.9863408803939819,2.6936304569244385,0.3333333432674408,0.0,1.0,1,1.4833333134651185,31,53acfaed8c01,0.946725606918335,1.6501374244689941,0.0,0.0,0.0,1,0.9235795021057129,164,0c9fad019eee,0.9478894472122192,1.6807937622070312,0.0,0.20273247072078354,0.0,1,0.9012905110285021,85,e9ceea91a9c3,0.9433792233467102,1.5619913339614868,0.0,0.20273247072078354,0.0,1,0.8698199142381884,13,f7e80a0049c6,0.9405502080917358,1.4874732494354248,0.0,0.20273247072078354,0.0,1,0.8500800777837969,43,61355ce7e829,0.9038076400756836,0.5196490287780762,0.25,0.20273247072078354,0.8988095238095238,0,0.8333260828619536,18,1c10b347eeee,0.9345666170120239,1.3298614025115967,0.0,0.20273247072078354,0.0,1,0.8083288271591402,106,48548f20bc23,0.9358953237533569,1.3648604154586792,0.0,0.20273247072078354,0.0,1,0.8176000465318896,77,9b108680399f,0.9351815581321716,1.3460593223571777,0.0,0.20273247072078354,0.0,0,0.7626196165249086,95,7c80e08ee743,0.9299358129501343,1.2078828811645508,0.0,0.20273247072078354,0.0,0,0.7260168363020159
42,853f8faf3522,manage control system activities in organizations,170,57e3b12b8497,0.9289096593856812,3.7201807498931885,0.1111111119389534,0.0,0.3347317126737973,1,1.2949338695974577,10,365ec2897755,0.9038148522377014,2.2356832027435303,0.0,0.0,0.0,0,0.803693562746048,14,ccf9fc39d00f,0.897034764289856,1.8346030712127686,0.0,0.09116076173031373,0.0,1,0.7464547518765271,11,810124c49b5c,0.8932477235794067,1.6105785369873047,0.0,0.0,0.0,1,0.7078679606318474,204,62b52b411f3a,0.8952178955078125,1.7271251678466797,0.0,0.11157175065711056,0.0,0,0.6683204469656424,92,3f67b920ee49,0.8912786245346069,1.4940953254699707,0.0,0.09116076173031373,0.0,1,0.6670204538976491,128,54e485ae84d0,0.8787163496017456,0.7509667873382568,0.125,0.11157175065711056,0.6345091569723943,0,0.6527364631971982,85,e9ceea91a9c3,0.8919084072113037,1.5313504934310913,0.0,0.2554127452163465,0.0,0,0.601073624530605,156,ae5e42c6c3d0,0.8655815720558167,-0.02602853998541832,0.2857142984867096,0.11157175065711056,1.0,0,0.5956233051990942,107,750257b28f11,0.8811874389648438,0.8971455097198486,0.125,0.11157175065711056,0.36549084302760576,0,0.5919395660032517
43,61355ce7e829,maintain personnel records,201,42bb588edac5,0.9665217995643616,1.4159284830093384,0.20000000298023224,0.0,0.956817329113704,1,1.4926893652128752,136,ded8762bb927,0.9618774056434631,1.2746816873550415,0.20000000298023224,0.0,0.956817329113704,1,1.4422432274269636,30,c6a87cc5d35e,0.9667240381240845,1.422079086303711,0.0,0.0,0.0,1,1.1999999910593033,118,eb485b5cf6a6,0.9656393527984619,1.3890912532806396,0.0,0.0,0.0,1,1.1877938687801362,1,06d678da6c8d,0.9624289274215698,1.291454792022705,0.0,0.0,0.0,1,1.151666495203972,23,9a8d83e8b2e2,0.9616755247116089,1.2685420513153076,0.0,0.0,0.0,1,1.1431883156299592,212,0cf60304ef43,0.9604425430297852,1.2310441732406616,0.0,0.0,0.0,1,1.1293134421110154,35,e19513a85bed,0.960926353931427,1.245758056640625,0.0,0.0,0.0,1,1.1347578048706055,34,614f5f558eca,0.960280179977417,1.2261064052581787,0.0,0.20273247072078354,0.0,1,1.0970765103265978,123,05f356a221b7,0.9571633338928223,1.13131582736969,0.0,0.0,0.0,1,1.0924119532108307
44,2d4009710863,prepare operational progress or status reports,121,66497e9d2189,0.9185640811920166,1.1197841167449951,0.25,0.0,1.0,1,1.2093187958002092,14,ccf9fc39d00f,0.934490442276001,2.1083338260650635,0.0,0.09116076173031373,0.0,1,1.1863258767997562,37,78a6d412d86e,0.9323457479476929,1.9752124547958374,0.0,0.09116076173031373,0.0,1,1.1454025048887073,172,2c5271f1a3e4,0.9233367443084717,1.4160233736038208,0.10000000149011612,0.09116076173031373,0.2977193505441709,1,1.0614031034391906,3,33b4e36b0d81,0.9178847074508667,1.0776153802871704,0.20000000298023224,0.1682360897391828,0.6345181053919232,1,1.051009774270202,63,50171927f859,0.9255528450012207,1.5535768270492554,0.0,0.1682360897391828,0.0,1,1.0042244981239767,61,dc17b84d2d6b,0.924198567867279,1.4695167541503906,0.0,0.0,0.0,1,1.0036187499761582,214,fc824bfe7bf0,0.916060745716095,0.9644019603729248,0.1111111119389534,0.0,0.41854324308574475,1,0.9794026501838277,177,ff18586218d4,0.9219011068344116,1.3269133567810059,0.0,0.11157175065711056,0.0,1,0.9430446950172858,55,4805101e52c6,0.9194507002830505,1.1748164892196655,0.0,0.0,0.0,1,0.9130237430334092
45,aa03c0034762,evaluate quality of materials or products,19,9d76ae41867e,0.9648145437240601,3.4623892307281494,0.1428571492433548,0.0,0.3501470222327931,1,1.2939800219723423,190,c2a2570c95d4,0.9314368367195129,2.053081512451172,0.5,0.11157175065711056,1.0,1,1.1175695074176268,165,72ea80489538,0.9240805506706238,1.7424769401550293,0.1428571492433548,0.0,0.3835481193947801,1,0.8941890925716165,102,f2c8cd5b27ab,0.9066139459609985,1.0049840211868286,0.2857142984867096,0.11157175065711056,0.6982976051879806,1,0.7975813052083041,20,1bd49058235f,0.920788586139679,1.6034802198410034,0.125,0.11157175065711056,0.271112281074556,1,0.8070015192570279,22,bab0b2935945,0.9144545197486877,1.3360368013381958,0.2222222238779068,0.27980784039629336,0.5065333893649451,1,0.7893513049532416,84,c6940290ea74,0.9273760914802551,1.8816245794296265,0.0,0.11157175065711056,0.0,1,0.7954379347538428,54,00ee16f445cd,0.9228858351707458,1.6920323371887207,0.0,0.11157175065711056,0.0,1,0.7489232746338325,195,6b483cafcca2,0.9074074625968933,1.038488745689392,0.1428571492433548,0.0,0.3501470222327931,1,0.7140727015325267,55,4805101e52c6,0.9170938730239868,1.4474782943725586,0.0,0.11157175065711056,0.0,1,0.6889240918135123
46,f64f2eefbcb7,"develop operating strategies, plans, or procedures",87,bd28ef3a0af3,0.9282705187797546,2.687324285507202,0.0,0.11157175065711056,0.0,1,1.1832642284607366,93,4b8b2b6692c3,0.9050042629241943,1.7145719528198242,0.2857142984867096,0.11157175065711056,1.0,0,1.1546803099488692,48,23ca56c5d573,0.907123327255249,1.8031691312789917,0.2857142984867096,0.11157175065711056,0.8520529570242366,0,1.1276213614440644,94,832ecabbf00a,0.8933953046798706,1.2292062044143677,0.25,0.0,0.9158415841584159,0,1.0110056163503391,17,e1dbddbff402,0.9093990921974182,1.898317813873291,0.0,0.11157175065711056,0.0,1,0.9515844312881904,171,02b5b4014078,0.9017500877380371,1.5785162448883057,0.125,0.11157175065711056,0.38512785254954934,1,0.9745521638037626,110,d9dbdf9d5d1a,0.9096200466156006,1.9075558185577393,0.0,0.11157175065711056,0.0,1,0.9542970237707572,7,bfcc3cdee21d,0.9026197791099548,1.6148775815963745,0.0,0.11157175065711056,0.0,0,0.8183565286373572,131,c3b47654a283,0.8938336372375488,1.2475327253341675,0.0,0.11157175065711056,0.0,1,0.7604912099813895,49,824d3015533f,0.8887667059898376,1.0356864929199219,0.1111111119389534,0.0,0.3527161025825081,0,0.7756214728293844
47,8f3ed6033a9e,implement organizational process or policy changes,51,6385c0e2eb2e,0.9786659479141235,3.7362449169158936,0.6666666865348816,0.0,1.0,1,1.4166666507720949,29,ef7349785e11,0.9347364902496338,1.9764875173568726,0.2857142984867096,0.11157175065711056,0.5836303613707596,1,0.966568848125069,178,78b65ab85b19,0.9291709065437317,1.7535374164581299,0.1111111119389534,0.0,0.1770382621036458,1,0.8167255897672248,49,824d3015533f,0.9256512522697449,1.6125446557998657,0.0,0.0,0.0,1,0.7379752427339554,141,dbc0d59bd942,0.9211592674255371,1.4326015710830688,0.0,0.0,0.0,1,0.6988274112343789,220,7cd42be784e2,0.9195989370346069,1.3700966835021973,0.0,0.0,0.0,1,0.6852291628718377,197,3a46124701c0,0.9205259680747986,1.407232403755188,0.0,0.11157175065711056,0.0,1,0.6765724522447066,188,be19a52818cf,0.9155223369598389,1.2067934274673462,0.0,0.0,0.0,1,0.649701464176178,9,3cdbc3929112,0.913330078125,1.1189743280410767,0.0,0.11157175065711056,0.0,1,0.6138600585436301,50,a787a095d9b0,0.909197211265564,0.9534170031547546,0.0,0.0,0.0,1,0.5945777997374535
48,23ca56c5d573,develop organizational methods or procedures,175,825fff3275ff,0.9492742419242859,2.315577268600464,0.2857142984867096,0.11157175065711056,0.6225894381310805,1,1.3294752785536317,9,3cdbc3929112,0.9412170648574829,1.872727632522583,0.3333333432674408,0.0,0.7389042797493656,1,1.2446811361097,10,365ec2897755,0.9480832815170288,2.2501180171966553,0.125,0.11157175065711056,0.365424547041552,1,1.2507911974820807,94,832ecabbf00a,0.9501491785049438,2.3636667728424072,0.125,0.11157175065711056,0.31129471906554024,1,1.2672173741732113,144,7a053b14e6ec,0.9466966986656189,2.1739068031311035,0.0,0.0,0.0,1,1.1395740985870362,170,57e3b12b8497,0.9273286461830139,1.1093732118606567,0.5,0.11157175065711056,1.0,1,1.0685866264080481,140,f07eaef01260,0.9413183331489563,1.878293752670288,0.0,0.0,0.0,1,1.0454410046339035,7,bfcc3cdee21d,0.9379435777664185,1.6928057670593262,0.0,0.0,0.0,1,0.9863754838705063,171,02b5b4014078,0.9253939390182495,1.0030351877212524,0.3333333432674408,0.0,0.6798003594728554,1,0.9631101512142306,87,bd28ef3a0af3,0.9272541999816895,1.1052813529968262,0.1428571492433548,0.0,0.3399001797364277,1,0.8996373851213995
49,824d3015533f,develop specifications for new products or processes,7,bfcc3cdee21d,0.9508320093154907,2.9768881797790527,0.0,0.11157175065711056,0.0,1,1.1832642284607366,9,3cdbc3929112,0.9270074367523193,1.7070822715759277,0.2857142984867096,0.11157175065711056,0.7259332564225188,1,1.0772993541695786,182,8729852fc4b8,0.9140496253967285,1.0164546966552734,0.375,0.09116076173031373,1.0,1,1.0013265732800305,84,c6940290ea74,0.9207755923271179,1.3749364614486694,0.25,0.0,0.6981575591826416,1,1.009729019424557,188,be19a52818cf,0.931536078453064,1.9484505653381348,0.1111111119389534,0.0,0.2952861352267586,1,1.0279661295042388,195,6b483cafcca2,0.9251915812492371,1.6103005409240723,0.125,0.11157175065711056,0.516798036800409,1,1.0035708232570213,178,78b65ab85b19,0.9282611608505249,1.773903489112854,0.1111111119389534,0.0,0.2952861352267586,1,0.9849993762598389,47,8f3ed6033a9e,0.9256512522697449,1.6348001956939697,0.0,0.0,0.0,1,0.8631197690963746,179,6a5f3442d709,0.9221272468566895,1.446977138519287,0.0,0.0,0.0,1,0.81597398519516,110,d9dbdf9d5d1a,0.9179381132125854,1.2237039804458618,0.0,0.11157175065711056,0.0,1,0.743193964419313
50,a787a095d9b0,direct facility maintenance or repair activities,65,8da0e9e0dffc,0.975609302520752,3.917592763900757,0.6666666865348816,0.0,1.0,1,1.4166666507720949,67,3574e4789085,0.9468569755554199,2.43548583984375,0.1111111119389534,0.0,0.16002414129310458,1,0.9146497639591173,146,284cc33eb902,0.9363436698913574,1.8935526609420776,0.2857142984867096,0.11157175065711056,0.4199284645287708,1,0.8507625380063512,25,79d2ac46742b,0.9340341091156006,1.774500846862793,0.2857142984867096,0.11157175065711056,0.4199284645287708,1,0.8259213337207295,141,dbc0d59bd942,0.9312950372695923,1.6333088874816895,0.0,0.0,0.0,1,0.6984419628977776,152,fbe465293a7d,0.9177922606468201,0.9372762441635132,0.1111111119389534,0.0,0.16002414129310458,1,0.5920460316116289,173,49c0d2367c5d,0.9204068183898926,1.072049856185913,0.0,0.0,0.0,1,0.5752068191766739,27,88a991273442,0.9227816462516785,1.1944659948349,0.0,0.11157175065711056,0.0,1,0.5853498456453757,178,78b65ab85b19,0.9180753827095032,0.9518704414367676,0.0,0.0,0.0,1,0.5488191053271294,110,d9dbdf9d5d1a,0.9185445308685303,0.976053774356842,0.0,0.11157175065711056,0.0,1,0.5373932895636039
51,6385c0e2eb2e,recommend organizational process or policy changes,47,8f3ed6033a9e,0.9786659479141235,4.1151251792907715,0.6666666865348816,0.0,1.0,1,1.4166666507720949,29,ef7349785e11,0.9278033375740051,2.392294406890869,0.125,0.11157175065711056,0.2750085105294002,1,0.9001994317773363,178,78b65ab85b19,0.8995557427406311,1.435484766960144,0.1111111119389534,0.0,0.1770382621036458,0,0.6372849766762327,220,7cd42be784e2,0.8990198373794556,1.4173325300216675,0.0,0.0,0.0,0,0.5828417986631393,197,3a46124701c0,0.8999361395835876,1.4483697414398193,0.0,0.11157175065711056,0.0,0,0.5726309788798766,211,c7ea79acedc2,0.8893563747406006,1.090009331703186,0.0,0.0,0.0,1,0.564028511941433,49,824d3015533f,0.8947299122810364,1.27202308177948,0.0,0.0,0.0,0,0.5522933378815651,141,dbc0d59bd942,0.8920540809631348,1.1813867092132568,0.0,0.0,0.0,0,0.5332388207316399,175,825fff3275ff,0.8811546564102173,0.8121986389160156,0.1111111119389534,0.0,0.1770382621036458,0,0.5087833006532263,188,be19a52818cf,0.884772002696991,0.9347262978553772,0.0,0.0,0.0,0,0.4813832566142082
52,7f83579eb5ca,maintain knowledge of current developments in area of expertise,215,79b70e0eb0dc,0.8662232160568237,2.523083209991455,0.0,0.0,0.0,0,1.1499999910593033,22,bab0b2935945,0.8583427667617798,2.1864192485809326,0.0,0.07707532800886907,0.0,0,1.03813817119948,174,003763627ff4,0.8563095331192017,2.0995566844940186,0.0,0.0,0.0,0,1.023820921778679,216,f20501abeeb8,0.8495999574661255,1.8129138946533203,0.0,0.2027325123874243,0.0,1,0.9580130861650721,193,adb21e5e1a03,0.8448188304901123,1.6086573600769043,0.0,0.09116076173031373,0.0,0,0.8638957996045887,104,985eed507e3a,0.8407852649688721,1.4363377094268799,0.0,0.0,0.0,0,0.8262315541505814,72,91e3b64a6f04,0.8384748101234436,1.3376317024230957,0.0,0.07707532800886907,0.0,0,0.7852633646761569,56,269bfa3db5c6,0.8339317440986633,1.1435455083847046,0.0,0.09116076173031373,0.0,0,0.7253274429714024,36,e5bfe7745119,0.8341324329376221,1.1521191596984863,0.0,0.0,0.0,0,0.7415558397769928,153,8594b6595861,0.8308032155036926,1.0098903179168701,0.0,0.09116076173031373,0.0,0,0.6855082173024952
53,a68e486bae8e,negotiate sales or lease agreements for products or services,153,8594b6595861,0.9488275647163391,2.8468894958496094,0.2222222238779068,0.09116076173031373,0.8371057208185746,1,1.4348684372909082,168,ab35d13698b5,0.9369135499000549,2.3647828102111816,0.20000000298023224,0.0,1.0,1,1.383013689517975,196,0f2541e582f8,0.9285882711410522,2.0278964042663574,0.0,0.0,0.0,1,0.9765044331550599,22,bab0b2935945,0.9196640253067017,1.6667723655700684,0.0833333358168602,0.07707532800886907,0.2994362866654928,1,0.9591989920692067,160,56c85bc2a8f3,0.9211733341217041,1.7278473377227783,0.0,0.2027325123874243,0.0,1,0.8642139123331324,186,4c7ceb754866,0.9117550253868103,1.3467308282852173,0.0,0.09116076173031373,0.0,1,0.7769464839374364,12,9251af4a3821,0.9090622663497925,1.237766981124878,0.0,0.09116076173031373,0.0,1,0.7472112838303387,198,edb3d68bc36f,0.9093114137649536,1.2478488683700562,0.0,0.09116076173031373,0.0,1,0.7499625448262036,206,c32f9f13a109,0.9043994545936584,1.0490840673446655,0.0,0.09116076173031373,0.0,1,0.6957214612638295,192,8562bf3caec4,0.9043294787406921,1.0462523698806763,0.0,0.09116076173031373,0.0,1,0.6949487093960584
54,00ee16f445cd,determine causes of operational problems or failures,100,6002eddcd7d0,0.9207677841186523,2.002981424331665,0.2857142984867096,0.11157175065711056,1.0,1,1.4157698241447882,55,4805101e52c6,0.9239258170127869,2.1478543281555176,0.0,0.0,0.0,1,1.1828182071447373,37,78a6d412d86e,0.9250971078872681,2.2015864849090576,0.0,0.09116076173031373,0.0,1,1.1863258767997562,19,9d76ae41867e,0.9234778881072998,2.127305746078491,0.0,0.11157175065711056,0.0,1,1.159511747715421,45,aa03c0034762,0.9228858351707458,2.1001458168029785,0.0,0.11157175065711056,0.0,1,1.150826918837972,96,1cbedefabffc,0.9190957546234131,1.9262781143188477,0.0,0.09116076173031373,0.0,1,1.0982915748035251,44,2d4009710863,0.9073929786682129,1.389420509338379,0.1111111119389534,0.0,0.303096856484545,0,0.9791768044565186,216,f20501abeeb8,0.9080789685249329,1.4208898544311523,0.0,0.11157175065711056,0.0,1,0.9336238232826667,112,6379204aa590,0.9081604480743408,1.424627661705017,0.0,0.11157175065711056,0.0,1,0.9348190454220252,81,e9ce432833f3,0.8993521332740784,1.0205516815185547,0.1111111119389534,0.0,0.303096856484545,0,0.8635043204162582
55,4805101e52c6,monitor the productivity or efficiency of industrial operations,22,bab0b2935945,0.9326507449150085,2.269606113433838,0.09090909361839294,0.1682360897391828,0.6987385485189312,1,1.4011412389354443,37,78a6d412d86e,0.9205700159072876,1.704301357269287,0.10000000149011612,0.09116076173031373,0.7004379341557064,1,1.2338390029688073,172,2c5271f1a3e4,0.9279853105545044,2.0512921810150146,0.0,0.09116076173031373,0.0,1,1.1165091384326755,90,2e4769a8f723,0.925538957118988,1.9368177652359009,0.0,0.09116076173031373,0.0,1,1.0799002785360157,54,00ee16f445cd,0.9239258170127869,1.8613325357437134,0.0,0.0,0.0,1,1.0694341838359833,44,2d4009710863,0.9194507002830505,1.6519242525100708,0.0,0.0,0.0,1,1.002465519309044,45,aa03c0034762,0.9170938730239868,1.541638970375061,0.0,0.11157175065711056,0.0,1,0.9504605857109504,81,e9ce432833f3,0.8904868364334106,0.2965911328792572,0.1111111119389534,0.0,1.0,0,0.8590009793639183,96,1cbedefabffc,0.9095368385314941,1.1880156993865967,0.0,0.09116076173031373,0.0,1,0.8404336709653676,93,4b8b2b6692c3,0.9103409051895142,1.225641131401062,0.0,0.11157175065711056,0.0,0,0.7994046208834128
56,269bfa3db5c6,conduct validation tests of equipment or processes,84,c6940290ea74,0.9331049919128418,2.5192606449127197,0.1111111119389534,0.0,0.4263402601281844,1,1.3269968612064933,185,7b03e0901b8c,0.9246866703033447,2.0925867557525635,0.1111111119389534,0.0,0.5872942960353834,1,1.2611426824959369,153,8594b6595861,0.920462965965271,1.8785125017166138,0.0,0.0,0.0,1,1.0128911167383194,36,e5bfe7745119,0.919692873954773,1.839481234550476,0.0,0.09116076173031373,0.0,1,0.9878192085897267,108,3f3251058257,0.8925188779830933,0.46219494938850403,0.1111111119389534,0.0,0.9158415841584158,1,0.909233385486768,174,003763627ff4,0.9140130877494812,1.5516070127487183,0.0,0.09116076173031373,0.0,1,0.903755291191274,193,adb21e5e1a03,0.9018574357032776,0.9355102181434631,0.1111111119389534,0.0,0.4263402601281844,1,0.8734527883996581,179,6a5f3442d709,0.9106311798095703,1.3801984786987305,0.0,0.0,0.0,1,0.8673752874135972,215,79b70e0eb0dc,0.9115040302276611,1.4244379997253418,0.0,0.09116076173031373,0.0,1,0.8666198689615071,184,389dd43f303d,0.9087129831314087,1.2829766273498535,0.0,0.11157175065711056,0.0,1,0.8222491917585807
57,c1933354ef21,determine operational methods,35,e19513a85bed,0.977128267288208,1.5834307670593262,0.20000000298023224,0.0,0.41549023090096615,1,1.3054215802192917,118,eb485b5cf6a6,0.9758182764053345,1.549991250038147,0.20000000298023224,0.0,0.41549023090096615,1,1.2941775216102829,30,c6a87cc5d35e,0.9697365760803223,1.3947460651397705,0.20000000298023224,0.0,0.41549023090096615,1,1.2419765783787002,13,f7e80a0049c6,0.967105507850647,1.3275837898254395,0.20000000298023224,0.0,0.41549023090096615,1,1.2193933470487823,164,0c9fad019eee,0.9650684595108032,1.2755849361419678,0.20000000298023224,0.0,0.41549023090096615,1,1.2019088162422409,140,f07eaef01260,0.9431829452514648,0.7169220447540283,0.4000000059604645,0.14384099455923594,1.0,1,1.167561005633696,1,06d678da6c8d,0.9737752079963684,1.4978386163711548,0.0,0.0,0.0,1,1.1701826184988022,151,506120811a05,0.9495474696159363,0.8793867826461792,0.20000000298023224,0.0,0.41549023090096615,1,1.0686876965999834,34,614f5f558eca,0.9651739597320557,1.2782779932022095,0.0,0.20273247072078354,0.0,1,1.0632853259012438,31,53acfaed8c01,0.9629079699516296,1.2204349040985107,0.0,0.20273247072078354,0.0,1,1.0431347836420275
58,224946bca8ba,direct industrial production activities,107,750257b28f11,0.9382635951042175,3.2290518283843994,0.1428571492433548,0.0,0.377856924873896,1,1.3036784878967282,109,d052bd1e246e,0.9204742312431335,2.2839155197143555,0.1428571492433548,0.0,0.377856924873896,1,1.0658000758884427,74,318da22b73fb,0.9141141176223755,1.946007251739502,0.1428571492433548,0.0,0.5302511832342123,0,0.9840910075534335,156,ae5e42c6c3d0,0.9009451270103455,1.2463481426239014,0.3333333432674408,0.0,0.9081081081081083,0,0.9191024412738311,137,a4f4cc8a14a2,0.907529354095459,1.5961635112762451,0.1666666716337204,0.14384099455923594,0.6045161033033403,0,0.8974395807923787,64,445ae625480e,0.899621844291687,1.176043152809143,0.4000000059604645,0.14384099455923594,1.0,0,0.9054049110230047,148,253c9a1feb09,0.915299654006958,2.0089938640594482,0.0,0.11157175065711056,0.0,1,0.8683680919384437,204,62b52b411f3a,0.9103255271911621,1.7447221279144287,0.0,0.0,0.0,1,0.8168954581022263,132,22f88df4c22c,0.9040892720222473,1.4133943319320679,0.0,0.14384099455923594,0.0,0,0.659803876858576,10,365ec2897755,0.9020841121673584,1.3068616390228271,0.0,0.11157175065711056,0.0,0,0.6371482682799773
59,da6e8742f6bf,research industrial processes or operations,9,3cdbc3929112,0.9369021058082581,2.2413065433502197,0.1428571492433548,0.0,0.5246816542198597,1,1.3550671431678154,148,253c9a1feb09,0.9312635660171509,1.9968881607055664,0.125,0.11157175065711056,0.4341535553198962,1,1.2342637382226331,141,dbc0d59bd942,0.9289982318878174,1.898690938949585,0.125,0.11157175065711056,0.4341535553198962,1,1.2037483952718122,127,3d77dabe7560,0.9358848333358765,2.1972100734710693,0.0,0.0,0.0,1,1.1859922736883164,74,318da22b73fb,0.9308024048805237,1.9768978357315063,0.0,0.0,0.0,1,1.1160077780485154,135,4055e1544ee0,0.9291508197784424,1.90530526638031,0.0,0.14384099455923594,0.0,1,1.0716894319470962,208,c1c0caaa937b,0.9145427942276001,1.272079348564148,0.1428571492433548,0.0,0.47404874688983256,1,1.037109549485744,155,f6d7dbe3f71e,0.9195112586021423,1.487451434135437,0.0,0.14384099455923594,0.0,1,0.9389536878284056,197,3a46124701c0,0.9174290895462036,1.3971939086914062,0.0,0.0,0.0,1,0.9318586319684983,10,365ec2897755,0.9151326417922974,1.2976479530334473,0.0,0.11157175065711056,0.0,1,0.8835010108923392
60,90e3d91fbf4d,design control systems for mechanical or other equipment,63,50171927f859,0.9126908183097839,1.7069050073623657,0.4444444477558136,0.07707532800886907,1.0,1,1.2654079265033398,178,78b65ab85b19,0.9231375455856323,2.3591561317443848,0.0,0.09116076173031373,0.0,1,1.1863258767997562,173,49c0d2367c5d,0.9198591709136963,2.154467821121216,0.0,0.09116076173031373,0.0,1,1.1236980099355518,188,be19a52818cf,0.9185749292373657,2.0742850303649902,0.0,0.09116076173031373,0.0,1,1.0991646338378727,157,018f6a0e7f9a,0.907791018486023,1.4009814262390137,0.0714285746216774,0.20273252627630822,0.18634804272434222,1,0.9309982013614617,172,2c5271f1a3e4,0.910971999168396,1.5995889902114868,0.0,0.0,0.0,0,0.9175974428653717,84,c6940290ea74,0.9004151225090027,0.9404605031013489,0.2222222238779068,0.09116076173031373,0.5168736034293859,1,0.9054888792491259,98,207462e43a8e,0.9089368581771851,1.4725230932235718,0.0,0.07707532800886907,0.0,1,0.9171581647431049,192,8562bf3caec4,0.9058855772018433,1.2820134162902832,0.0,0.09116076173031373,0.0,1,0.856755687681371,67,3574e4789085,0.9053004384040833,1.2454798221588135,0.0,0.09116076173031373,0.0,0,0.7955775965129673
61,dc17b84d2d6b,review technical documents to plan work,38,a3c08ed1a115,0.9252418279647827,2.1253607273101807,0.10000000149011612,0.09116076173031373,0.8447488584474884,1,1.330274099340041,37,78a6d412d86e,0.9334337115287781,2.5747902393341064,0.0,0.09116076173031373,0.0,1,1.1863258767997562,3,33b4e36b0d81,0.9246058464050293,2.0904688835144043,0.09090909361839294,0.1682360897391828,0.42419726961199977,1,1.1628838803845236,44,2d4009710863,0.924198567867279,2.068124532699585,0.0,0.0,0.0,1,1.048883917927742,102,f2c8cd5b27ab,0.9216684699058533,1.9293162822723389,0.0,0.0,0.0,1,1.007483470439911,115,830e9df61ddd,0.9194899201393127,1.8097949028015137,0.0,0.11157175065711056,0.0,1,0.9550997344231086,15,c5e6a1a8c44d,0.901329517364502,0.8134644627571106,0.125,0.11157175065711056,1.0,0,0.94435841417069,96,1cbedefabffc,0.913844108581543,1.5000499486923218,0.0,0.09116076173031373,0.0,1,0.865778132167989,149,c9b79bbec6f3,0.9112718105316162,1.3589264154434204,0.0,0.11157175065711056,0.0,1,0.8206256059383826,14,ccf9fc39d00f,0.9099451303482056,1.286141037940979,0.0,0.09116076173031373,0.0,1,0.8019785124933064
62,c6d9ce80244c,confer with other personnel to resolve design or operational problems,196,0f2541e582f8,0.912216305732727,2.1028120517730713,0.0,0.07707532800886907,0.0,1,1.188438691857973,199,0d99df7b9f80,0.8981767892837524,1.5331538915634155,0.0833333358168602,0.07707532800886907,0.3706217392252475,1,1.1238460377875465,142,c71cb5036aef,0.8957026600837708,1.4327651262283325,0.07692307978868484,0.0,0.34392441055224243,1,1.0958034839169788,117,f2f5eb941075,0.8955287933349609,1.4257104396820068,0.0714285746216774,0.06676568738369093,0.32081486517916685,1,1.0763919679760288,4,9fc64a999e12,0.9012966752052307,1.6597442626953125,0.0,0.0,0.0,1,1.0598008066415787,191,a9be4c9c15a1,0.8957369923591614,1.434158205986023,0.0714285746216774,0.06676568738369093,0.20897480500221127,1,1.0398879409393247,28,ce1178bafa1d,0.8989327549934387,1.563827395439148,0.0,0.0,0.0,1,1.0294499427080155,172,2c5271f1a3e4,0.8981077671051025,1.5303531885147095,0.0833333358168602,0.07707532800886907,0.241418382034518,0,1.0277514610097362,71,1cb040da80f9,0.8955806493759155,1.4278146028518677,0.0,0.0,0.0,1,0.9864116191864014,174,003763627ff4,0.8889351487159729,1.1581710577011108,0.0833333358168602,0.07707532800886907,0.241418382034518,1,0.9616892818019345
63,50171927f859,analyze design or requirements information for mechanical equipment or systems,22,bab0b2935945,0.9492594003677368,2.42969012260437,0.07692307978868484,0.0,0.24198491293702612,1,1.2693100961196415,98,207462e43a8e,0.9422285556793213,2.126209020614624,0.07692307978868484,0.0,0.305150815539785,1,1.201065060538679,60,90e3d91fbf4d,0.9126908183097839,0.8512353897094727,0.4444444477558136,0.07707532800886907,1.0,1,1.0100528813039453,3,33b4e36b0d81,0.9330109357833862,1.7283376455307007,0.0,0.0,0.0,1,0.988360333442688,38,a3c08ed1a115,0.9342612028121948,1.7823044061660767,0.0,0.07707532800886907,0.0,1,0.9930840364729556,214,fc824bfe7bf0,0.9345802068710327,1.7960740327835083,0.0,0.1682360897391828,0.0,1,0.9835650067041846,145,7809c19536e4,0.9281411170959473,1.518135666847229,0.0,0.0,0.0,1,0.9249299198389054,172,2c5271f1a3e4,0.923902153968811,1.3351640701293945,0.0833333358168602,0.07707532800886907,0.26076912992300527,1,0.9375445331726233,14,ccf9fc39d00f,0.9193570613861084,1.1389787197113037,0.0833333358168602,0.07707532800886907,0.3288383217689007,1,0.9030259135214493,199,0d99df7b9f80,0.9182710647583008,1.0921024084091187,0.0833333358168602,0.07707532800886907,0.2934956027301542,1,0.8767156647907227
64,445ae625480e,direct installation activities,156,ae5e42c6c3d0,0.9583563804626465,2.090174674987793,0.4000000059604645,0.14384099455923594,1.0,1,1.4484238436635575,57,c1933354ef21,0.9526911973953247,1.8800534009933472,0.0,0.0,0.0,1,1.1360185474157334,107,750257b28f11,0.9369062185287476,1.2945895195007324,0.1666666716337204,0.14384099455923594,0.4160924470337544,1,1.0554907521988501,132,22f88df4c22c,0.9411982893943787,1.4537822008132935,0.0,0.0,0.0,1,1.0062198519706727,79,5b935f6121b7,0.933419942855835,1.1652837991714478,0.20000000298023224,0.0,0.45819703988836047,0,0.9985373615067407,77,9b108680399f,0.9401015639305115,1.4131046533584595,0.0,0.0,0.0,1,0.9938336342573166,1,06d678da6c8d,0.9422517418861389,1.4928545951843262,0.0,0.0,0.0,0,0.9681173115968704,85,e9ceea91a9c3,0.941430389881134,1.4623907804489136,0.0,0.0,0.0,0,0.9588411003351212,164,0c9fad019eee,0.9296332001686096,1.0248336791992188,0.20000000298023224,0.0,0.45819703988836047,0,0.9572581498663827,35,e19513a85bed,0.9417966604232788,1.475975751876831,0.0,0.0,0.0,0,0.9629777073860168
65,8da0e9e0dffc,direct equipment maintenance or repair activities,50,a787a095d9b0,0.975609302520752,4.320113658905029,0.6666666865348816,0.0,1.0,1,1.4166666507720949,67,3574e4789085,0.9506567716598511,2.9924545288085938,0.1111111119389534,0.0,0.16002414129310458,1,0.9628167244369463,27,88a991273442,0.9235348701477051,1.549368977546692,0.0,0.11157175065711056,0.0,1,0.6066243750428634,98,207462e43a8e,0.9170851707458496,1.2061972618103027,0.0,0.1682360897391828,0.0,1,0.5267048071335287,25,79d2ac46742b,0.9068360328674316,0.6608673930168152,0.2857142984867096,0.11157175065711056,0.4199284645287708,1,0.5493850962722756,184,389dd43f303d,0.9171448945999146,1.209375023841858,0.0,0.11157175065711056,0.0,1,0.5358657789802032,172,2c5271f1a3e4,0.9144604206085205,1.0665411949157715,0.0,0.09116076173031373,0.0,1,0.5092012275134861,110,d9dbdf9d5d1a,0.9123740792274475,0.955532431602478,0.0,0.11157175065711056,0.0,1,0.483036766705461,206,c32f9f13a109,0.9089319705963135,0.7723867893218994,0.0,0.0,0.0,1,0.46165676712989806,146,284cc33eb902,0.899462103843689,0.26851990818977356,0.2857142984867096,0.11157175065711056,0.4199284645287708,1,0.471788174798534
66,196087c93944,"test performance of electrical, electronic, mechanical, or integrated systems or equipment",73,a40c650a049f,0.8739981651306152,2.3781888484954834,0.0714285746216774,0.06676568738369093,0.2294022265937849,1,1.255990203825355,6,75e527217c38,0.8739868402481079,2.377854824066162,0.0,0.14384101539256,0.0,1,1.178321735993919,142,c71cb5036aef,0.8629658818244934,2.0528016090393066,0.0,0.06676568738369093,0.0,1,1.090497699153799,157,018f6a0e7f9a,0.8467671871185303,1.575035572052002,0.0625,0.05889151088374822,0.3389967614977993,0,1.0044194651861622,4,9fc64a999e12,0.852232813835144,1.7362393140792847,0.0,0.06676568738369093,0.0,1,0.9937084434155405,60,90e3d91fbf4d,0.8179106116294861,0.7239367365837097,0.27272728085517883,0.14384101539256,1.0,0,0.9420792360463711,70,d5bb4574fc4d,0.8136515617370605,0.5983198285102844,0.1818181872367859,0.23500177712287373,0.800569788404887,0,0.8315966922535856,154,17f9d29c543d,0.8328568339347839,1.1647621393203735,0.0,0.06676568738369093,0.0,1,0.8189787981633128,2,771b010da2fa,0.8210670351982117,0.8170325756072998,0.0625,0.05889151088374822,0.3389967614977993,1,0.825178429307504,206,c32f9f13a109,0.8413320779800415,1.4147318601608276,0.0,0.23500177712287373,0.0,0,0.8201718576981933
67,3574e4789085,coordinate safety or regulatory compliance activities,27,88a991273442,0.9577648639678955,2.8143081665039062,0.2857142984867096,0.11157175065711056,1.0,1,1.4761213747238593,65,8da0e9e0dffc,0.9506567716598511,2.4257652759552,0.1111111119389534,0.0,0.2822644359776344,1,1.172815027477159,50,a787a095d9b0,0.9468569755554199,2.2180607318878174,0.1111111119389534,0.0,0.2822644359776344,1,1.117350148798837,110,d9dbdf9d5d1a,0.935865581035614,1.6172486543655396,0.125,0.11157175065711056,0.5350534847291062,1,1.0266610715185194,192,8562bf3caec4,0.9392316341400146,1.8012440204620361,0.0,0.0,0.0,1,0.924143809080124,7,bfcc3cdee21d,0.9353547692298889,1.5893266201019287,0.0,0.11157175065711056,0.0,1,0.849703195450254,179,6a5f3442d709,0.9299083352088928,1.2916133403778076,0.0,0.0,0.0,1,0.7853719621896744,121,66497e9d2189,0.9151602983474731,0.4854554235935211,0.1111111119389534,0.0,0.4258173530946305,1,0.7049239619550651,219,573d5b3bbb3d,0.9246500730514526,1.0041859149932861,0.0,0.11157175065711056,0.0,1,0.6903701153969245,188,be19a52818cf,0.9236078262329102,0.9472146034240723,0.0,0.0,0.0,1,0.6915926218032837
68,7a9450b42a26,document technical design details,144,7a053b14e6ec,0.9250129461288452,2.0182912349700928,0.1428571492433548,0.0,0.38817950241551213,1,1.2358151093470544,140,f07eaef01260,0.929384708404541,2.256131410598755,0.0,0.0,0.0,1,1.1999999910593033,64,445ae625480e,0.9251480102539062,2.025639295578003,0.0,0.14384099455923594,0.0,1,1.1073910346444686,151,506120811a05,0.9213001132011414,1.8162994384765625,0.0,0.14384099455923594,0.0,0,0.9928768744882185,118,eb485b5cf6a6,0.9194613099098206,1.7162617444992065,0.0,0.14384099455923594,0.0,0,0.9620473405536253,164,0c9fad019eee,0.9181886315345764,1.6470232009887695,0.0,0.14384099455923594,0.0,0,0.940709533375128,156,ae5e42c6c3d0,0.9149994254112244,1.4735186100006104,0.0,0.0,0.0,0,0.9088152647018433,77,9b108680399f,0.9126499891281128,1.3457005023956299,0.0,0.14384099455923594,0.0,0,0.8478482088264067,15,c5e6a1a8c44d,0.9101662635803223,1.2105766534805298,0.0,0.0,0.0,0,0.8277820497751236,57,c1933354ef21,0.9102425575256348,1.2147272825241089,0.0,0.14384099455923594,0.0,0,0.8074850311692793
69,636981831618,identify new applications for existing technologies,176,62eda05f366c,0.9239507913589478,3.46321964263916,0.125,0.11157175065711056,0.5585743686075434,1,1.3537652515129124,126,ebdb003908ef,0.899428129196167,2.129579782485962,0.25,0.0,0.8911046326343101,1,1.1585913235013046,141,dbc0d59bd942,0.8911935091018677,1.6817485094070435,0.1111111119389534,0.0,0.4558488092472751,0,0.8719532640355537,74,318da22b73fb,0.9046647548675537,2.4143683910369873,0.0,0.11157175065711056,0.0,0,0.8838930276607947,148,253c9a1feb09,0.8844608068466187,1.315597414970398,0.1111111119389534,0.0,0.4352558233870349,0,0.779373129455909,195,6b483cafcca2,0.8655771017074585,0.288626492023468,0.2857142984867096,0.11157175065711056,1.0,0,0.7088460048114733,81,e9ce432833f3,0.8749485611915588,0.7982836961746216,0.1111111119389534,0.0,0.5115656346158194,0,0.6854636447158061,143,fd635c6ca5be,0.880660355091095,1.108913779258728,0.0,0.09116076173031373,0.0,1,0.6265744779383481,49,824d3015533f,0.8742452263832092,0.7600335478782654,0.1111111119389534,0.0,0.480585760771381,0,0.6657022172358646,220,7cd42be784e2,0.8838639259338379,1.2831366062164307,0.0,0.0,0.0,0,0.6316712275147438
70,d5bb4574fc4d,design electronic or computer equipment or instrumentation,129,06f6e71fddcf,0.9141086339950562,2.3732097148895264,0.125,0.11157175065711056,0.45783380698274356,1,1.3185060549442325,21,c9b70de179fe,0.875046968460083,1.3484299182891846,0.125,0.11157175065711056,0.9097337605848239,1,1.1733920560656477,116,1cf7420e0aac,0.9053357243537903,2.1430530548095703,0.0,0.09116076173031373,0.0,1,1.1166983831798374,206,c32f9f13a109,0.9006776809692383,2.0208497047424316,0.0,0.0,0.0,1,1.0934032529592514,76,298036041aa4,0.8757878541946411,1.3678669929504395,0.1111111119389534,0.0,0.4193032390683542,1,1.0262726190073665,186,4c7ceb754866,0.8896691203117371,1.7320410013198853,0.0,0.0,0.0,1,1.006032320857048,153,8594b6595861,0.8862894773483276,1.6433762311935425,0.0,0.0,0.0,0,0.9292093068361282,161,f1f35b083d3a,0.8729372024536133,1.2930803298950195,0.0,0.0,0.0,1,0.8732369869947434,91,b1f99c3dcd62,0.8726911544799805,1.2866252660751343,0.0,0.0,0.0,1,0.8712842345237732,213,f1b4c19341de,0.8695082068443298,1.2031209468841553,0.0,0.09116076173031373,0.0,1,0.8323482114946187
71,1cb040da80f9,evaluate plans or specifications to determine technological or environmental implications,145,7809c19536e4,0.9065014123916626,2.3359334468841553,0.27272728085517883,0.0,1.0,1,1.4954545438289644,174,003763627ff4,0.901890754699707,2.1016504764556885,0.1818181872367859,0.07707532800886907,0.6313982420978147,1,1.301337035146476,196,0f2541e582f8,0.8976190090179443,1.8845887184143066,0.0,0.07707532800886907,0.0,1,1.0457441738878879,62,c6d9ce80244c,0.8955806493759155,1.781012773513794,0.0,0.0,0.0,1,1.024559485912323,117,f2f5eb941075,0.8945258855819702,1.727416753768921,0.0,0.06676568738369093,0.0,1,0.9976000157717646,98,207462e43a8e,0.8952196836471558,1.762670874595642,0.0,0.0,0.0,0,0.9687606245279312,67,3574e4789085,0.891706109046936,1.5841343402862549,0.0,0.1682360897391828,0.0,0,0.8870801340054006,172,2c5271f1a3e4,0.8878247141838074,1.386907696723938,0.0,0.07707532800886907,0.0,0,0.8384001455341967,192,8562bf3caec4,0.8882517218589783,1.4086054563522339,0.0,0.1682360897391828,0.0,0,0.8315859000395269,22,bab0b2935945,0.8803324699401855,1.0062016248703003,0.07692307978868484,0.0,0.28877337333146974,0,0.8209097916365116
72,91e3b64a6f04,advise others regarding green practices or environmental concerns,111,059770361813,0.8921401500701904,2.5355019569396973,0.20000000298023224,0.1682360897391828,0.9158415841584158,1,1.4553091403985217,116,1cf7420e0aac,0.8735632300376892,1.774668574333191,0.1818181872367859,0.07707532800886907,0.8447488584474885,1,1.23076477995116,153,8594b6595861,0.8876692056655884,2.352390766143799,0.0,0.1682360897391828,0.0,1,1.1208403150747748,198,edb3d68bc36f,0.8721876740455627,1.7183314561843872,0.09090909361839294,0.1682360897391828,0.4579207920792079,1,1.0800119150506817,215,79b70e0eb0dc,0.8679737448692322,1.5457464456558228,0.0833333358168602,0.07707532800886907,0.3541240536220949,0,0.9584674146475415,120,a04637eaf44a,0.8781081438064575,1.960809350013733,0.0,0.27980784039629336,0.0,0,0.9387880571768689,91,b1f99c3dcd62,0.870703935623169,1.6575636863708496,0.0,0.1682360897391828,0.0,1,0.9162212948511572,193,adb21e5e1a03,0.8623645305633545,1.3160163164138794,0.0,0.1682360897391828,0.0,0,0.7656392912577124,22,bab0b2935945,0.8569643497467041,1.0948474407196045,0.0,0.0,0.0,0,0.7257428616285324,180,893bb3cbc01a,0.8531996607780457,0.9406613707542419,0.0,0.1682360897391828,0.0,0,0.6551013524840803
73,a40c650a049f,"select tools, equipment, or technologies for use in operations or projects",4,9fc64a999e12,0.8963234424591064,2.058396100997925,0.0,0.0,0.0,1,1.1999999910593033,196,0f2541e582f8,0.8952766060829163,2.0225770473480225,0.0,0.07707532800886907,0.0,1,1.1773593804871234,133,70f88532846f,0.8692371845245361,1.1316039562225342,0.0833333358168602,0.07707532800886907,0.6222388575779345,1,1.107039951507511,116,1cf7420e0aac,0.8886643648147583,1.7963305711746216,0.0,0.07707532800886907,0.0,1,1.1073779842888507,33,2be03b534579,0.8554969429969788,0.6614634990692139,0.20000000298023224,0.1682360897391828,1.0,1,1.0677022661279174,89,b03b706832f2,0.8708040118217468,1.1852149963378906,0.0833333358168602,0.07707532800886907,0.4525074710723137,1,1.0639763230315769,142,c71cb5036aef,0.8857977986335754,1.6982471942901611,0.0,0.0,0.0,1,1.088600742816925,28,ce1178bafa1d,0.8712711334228516,1.2011982202529907,0.07692307978868484,0.0,0.4360206094710309,1,1.075625880416721,66,196087c93944,0.8739981651306152,1.2945071458816528,0.0714285746216774,0.06676568738369093,0.2507360090814185,1,1.030110267423047,129,06f6e71fddcf,0.8628349900245667,0.9125444293022156,0.10000000149011612,0.27980784039629336,0.34289843404107506,1,0.9097786141255965
74,318da22b73fb,install production equipment or systems,135,4055e1544ee0,0.9537601470947266,2.5968637466430664,0.1666666716337204,0.14384099455923594,0.4841405600337284,1,1.3145397065407112,197,3a46124701c0,0.9450438618659973,2.0746169090270996,0.1428571492433548,0.0,0.5603480319693709,1,1.2224515997549155,132,22f88df4c22c,0.9438139200210571,2.0009233951568604,0.1666666716337204,0.14384099455923594,0.4841405600337284,1,1.1496693400865867,78,98d9410b9c2c,0.937034010887146,1.5946967601776123,0.1428571492433548,0.0,0.6634036840333273,1,1.125182134853483,140,f07eaef01260,0.9409106969833374,1.8269731998443604,0.0,0.0,0.0,1,0.9806472390890122,10,365ec2897755,0.9372032880783081,1.6048393249511719,0.0,0.11157175065711056,0.0,1,0.9006223407959418,137,a4f4cc8a14a2,0.9265163540840149,0.9645184874534607,0.1666666716337204,0.14384099455923594,0.4841405600337284,1,0.8629418892985655,124,3b11edaeeba4,0.9347651600837708,1.4587558507919312,0.0,0.11157175065711056,0.0,1,0.8590011028027015,59,da6e8742f6bf,0.9308024048805237,1.2213225364685059,0.0,0.0,0.0,1,0.808088693022728,48,23ca56c5d573,0.9298828840255737,1.1662282943725586,0.0,0.0,0.0,1,0.7923915714025498
75,f634ee56b726,design industrial equipment,24,2ae9204d54c8,0.9727036952972412,2.760801076889038,0.4000000059604645,0.14384099455923594,0.9421629000606188,1,1.428180858684774,138,ef5aeb4ce41e,0.9618334770202637,2.48136568069458,0.20000000298023224,0.0,0.3902917837767673,1,1.2248964545611645,137,a4f4cc8a14a2,0.9250708222389221,1.5363261699676514,0.5,0.0,1.0,1,1.1527730092406274,114,98e7b9000779,0.9333740472793579,1.7497731447219849,0.0,0.20273247072078354,0.0,1,0.9008020509645678,159,3319e1abdfb1,0.91800856590271,1.3547801971435547,0.1428571492433548,0.2554127452163465,0.3557879019094623,1,0.8931299596330827,204,62b52b411f3a,0.9158613085746765,1.2995816469192505,0.0,0.14384099455923594,0.0,1,0.7899495413716872,109,d052bd1e246e,0.91260826587677,1.2159572839736938,0.0,0.14384099455923594,0.0,1,0.7677174708064635,85,e9ceea91a9c3,0.9177277088165283,1.3475602865219116,0.0,0.0,0.0,0,0.7742811888456345,155,f6d7dbe3f71e,0.8910150527954102,0.660871148109436,0.20000000298023224,0.0,0.4277925963435201,0,0.7208664090764294,128,54e485ae84d0,0.8963217735290527,0.7972884178161621,0.1666666716337204,0.14384099455923594,0.38848192532816966,0,0.7241779324625749
76,298036041aa4,"investigate system, equipment, or product failures",70,d5bb4574fc4d,0.8757878541946411,1.534371256828308,0.1111111119389534,0.0,0.4609076382949715,1,1.2022203207793005,193,adb21e5e1a03,0.8736412525177002,1.4713064432144165,0.1111111119389534,0.0,0.4609076382949715,1,1.1812337786736258,53,a68e486bae8e,0.8897880911827087,1.945683479309082,0.0,0.09116076173031373,0.0,1,1.1863258767997562,186,4c7ceb754866,0.8840478658676147,1.7770416736602783,0.0,0.0,0.0,1,1.1427741527557373,12,9251af4a3821,0.8826848864555359,1.7369987964630127,0.0,0.0,0.0,1,1.1291862308979035,116,1cf7420e0aac,0.882367730140686,1.7276811599731445,0.0,0.09116076173031373,0.0,1,1.1123502988492786,153,8594b6595861,0.8862795829772949,1.8426072597503662,0.0,0.0,0.0,0,1.115022748708725,101,ae138f31c069,0.8630521297454834,1.1602091789245605,0.1111111119389534,0.0,0.4609076382949715,1,1.077707946378208,120,a04637eaf44a,0.8462834358215332,0.6675626039505005,0.125,0.11157175065711056,1.0,0,1.0339830202435927,180,893bb3cbc01a,0.8715227246284485,1.4090663194656372,0.0,0.0,0.0,1,1.0179075628519059
77,9b108680399f,prepare proposal documents,95,7c80e08ee743,0.9690663814544678,1.7727339267730713,0.5,0.0,1.0,1,1.4499999895691873,1,06d678da6c8d,0.9679151177406311,1.7250210046768188,0.5,0.0,1.0,1,1.4350163131952287,35,e19513a85bed,0.9636181592941284,1.546938180923462,0.20000000298023224,0.0,0.4185432430857448,1,1.2315295450750898,30,c6a87cc5d35e,0.9624217748641968,1.4973552227020264,0.20000000298023224,0.0,0.4185432430857448,1,1.2150688432518553,212,0cf60304ef43,0.9643172025680542,1.5759092569351196,0.0,0.0,0.0,1,1.13230260014534,15,c5e6a1a8c44d,0.9573311805725098,1.2863810062408447,0.1666666716337204,0.14384099455923594,0.38008251264002774,1,1.1156882243769348,85,e9ceea91a9c3,0.9615910649299622,1.4629273414611816,0.0,0.0,0.0,1,1.0934428602457047,106,48548f20bc23,0.9606441855430603,1.4236849546432495,0.0,0.0,0.0,1,1.0799454927444458,13,f7e80a0049c6,0.9597272872924805,1.3856850862503052,0.0,0.0,0.0,1,1.0668755501508713,79,5b935f6121b7,0.9574214220046997,1.2901209592819214,0.0,0.0,0.0,1,1.034006479382515
78,98d9410b9c2c,supervise production or support personnel,74,318da22b73fb,0.937034010887146,2.428581953048706,0.1428571492433548,0.0,0.9667160299590186,1,1.509779174676521,197,3a46124701c0,0.9356436729431152,2.365988254547119,0.0,0.0,0.0,1,1.1801307827234269,135,4055e1544ee0,0.9347077012062073,2.323850393295288,0.0,0.14384099455923594,0.0,1,1.1451787105020126,146,284cc33eb902,0.931491494178772,2.1790554523468018,0.0,0.0,0.0,1,1.1207923769950867,140,f07eaef01260,0.9293760061264038,2.083815097808838,0.0,0.0,0.0,1,1.0905600666999817,7,bfcc3cdee21d,0.9240902662277222,1.8458489179611206,0.0,0.0,0.0,1,1.0150219529867173,25,79d2ac46742b,0.8972775936126709,0.6387307643890381,0.1428571492433548,0.0,0.9667160299590186,1,0.9557391003280714,220,7cd42be784e2,0.9114894866943359,1.2785563468933105,0.0,0.11157175065711056,0.0,1,0.8182094869589286,144,7a053b14e6ec,0.9150943756103516,1.440850019454956,0.0,0.0,0.0,0,0.8364624232053757,178,78b65ab85b19,0.9068647027015686,1.0703465938568115,0.0,0.11157175065711056,0.0,1,0.752117129919477
79,5b935f6121b7,perform marketing activities,30,c6a87cc5d35e,0.9729345440864563,1.8024126291275024,0.0,0.0,0.0,1,1.1999999910593033,1,06d678da6c8d,0.9702692031860352,1.70388662815094,0.0,0.0,0.0,1,1.166232618689537,95,7c80e08ee743,0.9692859053611755,1.6675382852554321,0.0,0.0,0.0,1,1.1537751883268357,200,9ff41f315fd5,0.9663358926773071,1.5584890842437744,0.0,0.0,0.0,1,1.1164012879133225,107,750257b28f11,0.9426265954971313,0.6820591688156128,0.4000000059604645,0.14384099455923594,1.0,1,1.0911618432220063,23,9a8d83e8b2e2,0.9598900675773621,1.320214867591858,0.0,0.0,0.0,1,1.034738752245903,118,eb485b5cf6a6,0.9576506614685059,1.2374337911605835,0.0,0.0,0.0,1,1.006367552280426,77,9b108680399f,0.9574214220046997,1.2289597988128662,0.0,0.0,0.0,1,1.0034633904695511,57,c1933354ef21,0.9573773145675659,1.2273293733596802,0.0,0.0,0.0,1,1.0029045075178147,85,e9ceea91a9c3,0.9530013799667358,1.0655699968338013,0.0,0.0,0.0,1,0.9474656015634537
80,4e4d6d43dbf9,advise others on logistics topics,103,6680fc36f234,0.9265252351760864,2.7536063194274902,0.0,0.11157175065711056,0.0,1,1.1832642284607366,100,6002eddcd7d0,0.9202561378479004,2.3790676593780518,0.0,0.0,0.0,1,1.0914676815271378,92,3f67b920ee49,0.905826210975647,1.516971230506897,0.1111111119389534,0.2027325123874243,0.7671232876712328,1,1.064438518046121,96,1cbedefabffc,0.9191070795059204,2.3104186058044434,0.0,0.2027325123874243,0.0,1,1.0411650077949777,85,e9ceea91a9c3,0.8981496095657349,1.0583430528640747,0.1666666716337204,0.14384099455923594,1.0,0,0.9680830395039159,207,7663c229a426,0.9097020030021667,1.7485251426696777,0.0,0.14384099455923594,0.0,0,0.8371754905398924,93,4b8b2b6692c3,0.9051605463027954,1.4772019386291504,0.0,0.0,0.0,0,0.7801287472248077,18,1c10b347eeee,0.9062284827232361,1.5410044193267822,0.0,0.14384099455923594,0.0,0,0.7770409455712873,77,9b108680399f,0.9028100967407227,1.3367775678634644,0.0,0.14384099455923594,0.0,0,0.7178609838899214,95,7c80e08ee743,0.9019229412078857,1.2837756872177124,0.0,0.14384099455923594,0.0,0,0.7025022825416166
81,e9ce432833f3,identify opportunities to improve operational efficiency,100,6002eddcd7d0,0.9571923017501831,3.142085313796997,0.125,0.11157175065711056,0.23769126151739992,1,1.2414561640313622,92,3f67b920ee49,0.9449141621589661,2.4712135791778564,0.0,0.09116076173031373,0.0,1,1.0034584391986667,96,1cbedefabffc,0.9411522746086121,2.2656657695770264,0.0,0.09116076173031373,0.0,1,0.9474298495923817,176,62eda05f366c,0.9167336225509644,0.9314424395561218,0.2857142984867096,0.11157175065711056,1.0,1,0.9034822372173743,37,78a6d412d86e,0.938422441482544,2.116509199142456,0.0,0.09116076173031373,0.0,1,0.9067724932109654,94,832ecabbf00a,0.9366872906684875,2.0217013359069824,0.0,0.0,0.0,1,0.894603717327118,121,66497e9d2189,0.9259945154190063,1.4374531507492065,0.0,0.0,0.0,1,0.7353482872247696,149,c9b79bbec6f3,0.9232662916183472,1.2883843183517456,0.0,0.11157175065711056,0.0,1,0.6779790026521163,166,505ab84c8d87,0.9190679788589478,1.0589905977249146,0.0,0.09116076173031373,0.0,1,0.6185121003662885,175,825fff3275ff,0.9187911748886108,1.0438661575317383,0.0,0.0,0.0,1,0.6280635699629784
82,68d8248a643f,"analyze jobs using observation, survey, or interview techniques",113,322cdff981bb,0.8287529945373535,2.433011531829834,0.0833333358168602,0.07707532800886907,1.0,1,1.5217720261847172,133,70f88532846f,0.773472785949707,1.4386969804763794,0.0833333358168602,0.07707532800886907,1.0,0,1.1939087471996936,4,9fc64a999e12,0.8143240213394165,2.173480272293091,0.0,0.0,0.0,0,1.0764068961143494,183,ff9c96c6d776,0.8118871450424194,2.1296486854553223,0.0,0.07707532800886907,0.0,0,1.0524165979658755,186,4c7ceb754866,0.7890328764915466,1.7185733318328857,0.0,0.1682360897391828,0.0,0,0.922177300901267,142,c71cb5036aef,0.7866830825805664,1.676308035850525,0.0,0.0,0.0,0,0.9354278892278671,134,469df54e4928,0.7724149227142334,1.4196693897247314,0.0,0.12565719826743915,0.0,0,0.8438064489607127,62,c6d9ce80244c,0.7626421451568604,1.243888258934021,0.0,0.0,0.0,0,0.8128102272748947,2,771b010da2fa,0.7539677023887634,1.0878627300262451,0.0,0.12565719826743915,0.0,0,0.7497188035492213,154,17f9d29c543d,0.7437881231307983,0.9047645330429077,0.0,0.0,0.0,0,0.7166477590799332
83,4ffdd533affb,plan facility layouts or designs,155,f6d7dbe3f71e,0.9110419154167175,2.674711227416992,0.0,0.14384099455923594,0.0,1,1.178423841875418,112,6379204aa590,0.9071941375732422,2.4307701587677,0.0,0.0,0.0,1,1.1295667618513108,208,c1c0caaa937b,0.9013362526893616,2.0593929290771484,0.0,0.0,0.0,1,1.022338691353798,205,45b6fa08d56b,0.9030343890190125,2.167051076889038,0.0,0.14384099455923594,0.0,1,1.031846766751631,93,4b8b2b6692c3,0.900549054145813,2.009486198425293,0.0,0.0,0.0,0,0.9579290896654129,94,832ecabbf00a,0.8965722322463989,1.757364273071289,0.0,0.11157175065711056,0.0,0,0.868397965786405,110,d9dbdf9d5d1a,0.8946404457092285,1.6348931789398193,0.0,0.0,0.0,0,0.8497725576162338,141,dbc0d59bd942,0.8824412822723389,0.8614923357963562,0.125,0.11157175065711056,0.7272247072992187,0,0.8506419342263131,77,9b108680399f,0.8869249820709229,1.1457493305206299,0.0,0.14384099455923594,0.0,0,0.6869655048664648,10,365ec2897755,0.8712708950042725,0.1533137410879135,0.125,0.11157175065711056,0.7272247072992187,0,0.6506140437229065
84,c6940290ea74,develop technical specifications for systems or equipment,19,9d76ae41867e,0.9418418407440186,2.916998863220215,0.2857142984867096,0.11157175065711056,0.9019498667780634,1,1.4418038280961814,49,824d3015533f,0.9207755923271179,1.6823784112930298,0.25,0.0,1.0,1,1.1904891297221185,56,269bfa3db5c6,0.9331049919128418,2.4049623012542725,0.1111111119389534,0.0,0.36317151628157807,1,1.1732822204110767,36,e5bfe7745119,0.9276991486549377,2.088144302368164,0.0,0.09116076173031373,0.0,1,0.9690927852069676,45,aa03c0034762,0.9273760914802551,2.069211006164551,0.0,0.11157175065711056,0.0,1,0.9610689458822684,165,72ea80489538,0.9258671402931213,1.9807765483856201,0.0,0.11157175065711056,0.0,1,0.9378913072323279,63,50171927f859,0.9051633477210999,0.7673983573913574,0.20000000298023224,0.1682360897391828,0.7070369718387362,1,0.8384384597123319,172,2c5271f1a3e4,0.9204202890396118,1.661555290222168,0.0,0.09116076173031373,0.0,1,0.8572888363277257,60,90e3d91fbf4d,0.9004151225090027,0.4891211688518524,0.2222222238779068,0.09116076173031373,0.7619211203376334,1,0.7968275877989629,192,8562bf3caec4,0.9030939340591431,0.6461171507835388,0.1111111119389534,0.0,0.3905047996882728,1,0.7307838637049443
85,e9ceea91a9c3,analyze logistics processes,151,506120811a05,0.9546985030174255,1.1860088109970093,0.20000000298023224,0.0,0.8567142046697703,1,1.3089757884564717,95,7c80e08ee743,0.9667543172836304,1.6636736392974854,0.0,0.0,0.0,1,1.1999999910593033,1,06d678da6c8d,0.9637342691421509,1.5440160036087036,0.0,0.0,0.0,1,1.1608432114124299,200,9ff41f315fd5,0.9623645544052124,1.489746332168579,0.0,0.0,0.0,1,1.1430839776992798,77,9b108680399f,0.9615910649299622,1.4590997695922852,0.0,0.0,0.0,1,1.1330552279949189,57,c1933354ef21,0.9580581188201904,1.3191205263137817,0.0,0.0,0.0,1,1.0872483879327774,164,0c9fad019eee,0.9568387269973755,1.2708067893981934,0.0,0.0,0.0,1,1.0714382857084275,207,7663c229a426,0.9348365068435669,0.3990541994571686,0.20000000298023224,0.0,0.8337963068683228,1,1.0523888056943564,31,53acfaed8c01,0.9571290612220764,1.2823102474212646,0.0,0.20273247072078354,0.0,1,1.0447927166387774,79,5b935f6121b7,0.9530013799667358,1.1187669038772583,0.0,0.0,0.0,1,1.0216846197843552
86,19ea31d71f7c,maintain data in information systems or databases,209,2ac9980eb5e6,0.8628929257392883,1.9329181909561157,0.10000000149011612,0.09116076173031373,0.5000251165358286,1,1.2262530634641806,133,70f88532846f,0.873262882232666,2.343392848968506,0.0,0.09116076173031373,0.0,1,1.1863258767997562,28,ce1178bafa1d,0.868039071559906,2.1366183757781982,0.0,0.1682360897391828,0.0,1,1.115766797513816,63,50171927f859,0.8435502648353577,1.1672762632369995,0.20000000298023224,0.1682360897391828,0.8559322033898306,0,1.0604383246712115,183,ff9c96c6d776,0.858739972114563,1.7685315608978271,0.0,0.09116076173031373,0.0,1,1.0223039377605259,199,0d99df7b9f80,0.8447086215019226,1.213127613067627,0.10000000149011612,0.09116076173031373,0.5000251165358286,0,0.9744510332584541,192,8562bf3caec4,0.8530575037002563,1.5436019897460938,0.0,0.0,0.0,0,0.9218002110719681,22,bab0b2935945,0.841529369354248,1.0872830152511597,0.09090909361839294,0.1682360897391828,0.46400635814129865,0,0.916252671544911,36,e5bfe7745119,0.8362234234809875,0.8772573471069336,0.10000000149011612,0.09116076173031373,0.5000251165358286,0,0.8802857229948203,4,9fc64a999e12,0.8350347876548767,0.8302075266838074,0.09090909361839294,0.1682360897391828,0.46400635814129865,0,0.8440624762228742
87,bd28ef3a0af3,establish organizational guidelines or policies,175,825fff3275ff,0.9291245341300964,1.7606693506240845,0.2857142984867096,0.11157175065711056,0.9158415841584158,1,1.3537216498662172,7,bfcc3cdee21d,0.9362006187438965,2.05157732963562,0.0,0.0,0.0,1,1.1999999910593033,48,23ca56c5d573,0.9272541999816895,1.6837773323059082,0.1428571492433548,0.0,0.4000231161064948,1,1.1908534037094778,115,830e9df61ddd,0.9086193442344666,0.9176719188690186,0.3333333432674408,0.0,1.0,1,1.1242108136415483,46,f64f2eefbcb7,0.9282705187797546,1.7255595922470093,0.0,0.11157175065711056,0.0,1,1.07365611469502,171,02b5b4014078,0.9168410301208496,1.2556771039962769,0.1428571492433548,0.0,0.4000231161064948,1,1.0505007224302954,27,88a991273442,0.9215693473815918,1.4500648975372314,0.0,0.0,0.0,1,0.9977697312831879,94,832ecabbf00a,0.9237402081489563,1.5393121242523193,0.0,0.11157175065711056,0.0,1,1.0110391405796484,144,7a053b14e6ec,0.9192830920219421,1.3560737371444702,0.0,0.0,0.0,1,0.9661696135997773,167,00c6f12023ab,0.9066770076751709,0.8378196954727173,0.1428571492433548,0.0,0.4000231161064948,1,0.9135061146836942
88,d1809a4492b8,estimate costs of goods or services,153,8594b6595861,0.8809857368469238,1.8993959426879883,0.125,0.11157175065711056,0.8850505622402816,0,1.3707109871344836,104,985eed507e3a,0.8689462542533875,1.530364990234375,0.1111111119389534,0.2027325123874243,1.0,1,1.3344200299631375,198,edb3d68bc36f,0.8859301209449768,2.050949811935425,0.0,0.11157175065711056,0.0,1,1.1832642284607366,89,b03b706832f2,0.8528655171394348,1.0374627113342285,0.1111111119389534,0.2027325123874243,0.8163480071805337,1,1.1158588453585567,53,a68e486bae8e,0.8526378273963928,1.030483603477478,0.1111111119389534,0.2027325123874243,0.8163480071805337,0,1.0636743798310222,45,aa03c0034762,0.8726304769515991,1.643292784690857,0.0,0.0,0.0,0,1.0198852866888046,193,adb21e5e1a03,0.8675552606582642,1.4877285957336426,0.0,0.11157175065711056,0.0,1,1.0034970072483496,108,3f3251058257,0.8685742616653442,1.5189627408981323,0.0,0.11157175065711056,0.0,0,0.9634662417149024,120,a04637eaf44a,0.8668642044067383,1.4665465354919434,0.0,0.0,0.0,0,0.9634720236063004,56,269bfa3db5c6,0.8639783263206482,1.378089427947998,0.0,0.11157175065711056,0.0,0,0.9185027924751715
89,b03b706832f2,"assess the cost effectiveness of products, projects, or services",185,7b03e0901b8c,0.9024028182029724,2.926492929458618,0.10000000149011612,0.09116076173031373,0.3053342271069834,1,1.2731928455583643,73,a40c650a049f,0.8708040118217468,2.0121638774871826,0.0833333358168602,0.07707532800886907,0.3505658952189551,1,1.063951256708579,180,893bb3cbc01a,0.8651961088180542,1.8498960733413696,0.10000000149011612,0.09116076173031373,0.3053342271069834,1,1.0025617706529688,88,d1809a4492b8,0.8528655171394348,1.4931035041809082,0.1111111119389534,0.2027325123874243,0.4643645841699838,1,0.9502837704657033,33,2be03b534579,0.8425738215446472,1.1953074932098389,0.2222222238779068,0.09116076173031373,0.834856432391685,0,0.9583158284299101,76,298036041aa4,0.8658493161201477,1.868796944618225,0.0,0.09116076173031373,0.0,1,0.9157401908313573,116,1cf7420e0aac,0.8643948435783386,1.8267109394073486,0.0,0.0,0.0,1,0.9186476200819016,153,8594b6595861,0.8374656438827515,1.0474995374679565,0.2222222238779068,0.09116076173031373,0.7306186235002854,0,0.8854809592657886,53,a68e486bae8e,0.8295863270759583,0.8195071220397949,0.20000000298023224,0.0,0.6739039358313134,0,0.8255940474952596,56,269bfa3db5c6,0.8510135412216187,1.4395155906677246,0.0,0.09116076173031373,0.0,0,0.7559190649663746
90,2e4769a8f723,apply mathematical models of financial or business conditions,22,bab0b2935945,0.9280127286911011,2.5351200103759766,0.0,0.07707532800886907,0.0,1,1.188438691857973,55,4805101e52c6,0.925538957118988,2.421496868133545,0.0,0.09116076173031373,0.0,1,1.1515703637277424,172,2c5271f1a3e4,0.9244349002838135,2.370786428451538,0.0,0.0,0.0,1,1.1497328758239747,63,50171927f859,0.9214210510253906,2.2323570251464844,0.0,0.07707532800886907,0.0,1,1.0958281687533054,38,a3c08ed1a115,0.9175825119018555,2.056048631668091,0.0,0.0,0.0,1,1.0534594982862473,93,4b8b2b6692c3,0.8942757844924927,0.9855446219444275,0.1111111119389534,0.2027325123874243,1.0,0,0.9825361685405986,199,0d99df7b9f80,0.9022122621536255,1.3500758409500122,0.0,0.0,0.0,1,0.8375134646892548,214,fc824bfe7bf0,0.8995473980903625,1.2276756763458252,0.0,0.09116076173031373,0.0,1,0.7863990206395924,36,e5bfe7745119,0.8991159200668335,1.2078574895858765,0.0,0.0,0.0,1,0.7940109848976136,44,2d4009710863,0.9013787508010864,1.3117917776107788,0.0,0.09116076173031373,0.0,0,0.762128840771848
91,b1f99c3dcd62,develop business or financial information systems,153,8594b6595861,0.9029736518859863,2.539965867996216,0.0,0.0,0.0,1,1.1999999910593033,184,389dd43f303d,0.8800489902496338,1.642465591430664,0.0,0.11157175065711056,0.0,0,0.8740792868112998,70,d5bb4574fc4d,0.8726911544799805,1.3544063568115234,0.0,0.0,0.0,1,0.8576277673244477,186,4c7ceb754866,0.8738892078399658,1.4013100862503052,0.0,0.0,0.0,1,0.871172833442688,72,91e3b64a6f04,0.870703935623169,1.2766066789627075,0.0,0.1682360897391828,0.0,1,0.8099249343584509,125,12a1310a48ad,0.8670119643211365,1.132066011428833,0.0,0.0,0.0,1,0.7934191107749939,116,1cf7420e0aac,0.8683531284332275,1.1845725774765015,0.0,0.09116076173031373,0.0,1,0.7949081052219212,120,a04637eaf44a,0.8693496584892273,1.2235867977142334,0.0,0.11157175065711056,0.0,0,0.7531132099604086,12,9251af4a3821,0.8687741756439209,1.2010565996170044,0.0,0.0,0.0,0,0.7633425742387772,192,8562bf3caec4,0.8657554984092712,1.082875370979309,0.0,0.0,0.0,0,0.7292135655879974
92,3f67b920ee49,evaluate logistics methods to reduce environmental impact,166,505ab84c8d87,0.9497259259223938,2.8843584060668945,0.3333333432674408,0.0,1.0,1,1.4833333134651185,96,1cbedefabffc,0.9455452561378479,2.6970303058624268,0.09090909361839294,0.0,0.26092971675493165,1,1.2220067248693531,81,e9ce432833f3,0.9449141621589661,2.6687521934509277,0.0,0.09116076173031373,0.0,1,1.1265241790687381,100,6002eddcd7d0,0.9341416358947754,2.1860551834106445,0.0,0.2027325123874243,0.0,1,0.9759049998174921,14,ccf9fc39d00f,0.9258633852005005,1.8151220083236694,0.0,0.0,0.0,1,0.9034308522939682,37,78a6d412d86e,0.9227274656295776,1.674607276916504,0.0,0.0,0.0,1,0.8644568353891373,80,4e4d6d43dbf9,0.905826210975647,0.9172933101654053,0.1111111119389534,0.2027325123874243,0.38584631295434896,1,0.7473611998409971,94,832ecabbf00a,0.9114975929260254,1.171417474746704,0.0,0.09116076173031373,0.0,0,0.6612153086935818,204,62b52b411f3a,0.8997973203659058,0.6471498608589172,0.1111111119389534,0.2027325123874243,0.318376470266481,0,0.6002661935246253,170,57e3b12b8497,0.8978995680809021,0.5621151328086853,0.10000000149011612,0.09116076173031373,0.27492120236342243,0,0.579640240652543
93,4b8b2b6692c3,develop business or market strategies,94,832ecabbf00a,0.951950192451477,3.2446327209472656,0.5,0.11157175065711056,1.0,1,1.4332642269706206,112,6379204aa590,0.9429768323898315,2.6118521690368652,0.0,0.0,0.0,1,1.0409016340970993,110,d9dbdf9d5d1a,0.9326909780502319,1.8865177631378174,0.0,0.0,0.0,1,0.8585326403379441,27,88a991273442,0.9292982816696167,1.6472727060317993,0.0,0.0,0.0,1,0.7983799159526825,141,dbc0d59bd942,0.9300006628036499,1.696803092956543,0.0,0.11157175065711056,0.0,1,0.7940973964905219,175,825fff3275ff,0.9246389865875244,1.3187100887298584,0.125,0.11157175065711056,0.2488060703398929,1,0.7716433128971087,171,02b5b4014078,0.9190167784690857,0.9222450852394104,0.1428571492433548,0.0,0.2716693308576128,1,0.6971080193239911,100,6002eddcd7d0,0.9241541028022766,1.2845172882080078,0.0,0.0,0.0,1,0.7071731939911843,7,bfcc3cdee21d,0.9201695919036865,1.0035388469696045,0.0,0.0,0.0,1,0.6365275487303734,44,2d4009710863,0.9194740056991577,0.954487681388855,0.0,0.11157175065711056,0.0,1,0.607458966729589
94,832ecabbf00a,develop sustainable business strategies or practices,175,825fff3275ff,0.9834346771240234,4.15616512298584,0.4285714328289032,0.0,0.9849610376078607,1,1.459022058715577,93,4b8b2b6692c3,0.951950192451477,2.298966407775879,0.5,0.11157175065711056,1.0,1,1.0853473184084372,48,23ca56c5d573,0.9501491785049438,2.1927285194396973,0.125,0.11157175065711056,0.24880607033989285,1,0.8512547484296786,141,dbc0d59bd942,0.9413059949874878,1.6710891723632812,0.0,0.0,0.0,1,0.6901230841875077,81,e9ce432833f3,0.9366872906684875,1.3986423015594482,0.0,0.0,0.0,1,0.634223672747612,144,7a053b14e6ec,0.9348127245903015,1.2880659103393555,0.0,0.11157175065711056,0.0,1,0.5948002738332229,170,57e3b12b8497,0.9249393343925476,0.705656886100769,0.1111111119389534,0.0,0.22786694560831772,1,0.5632515602115303,10,365ec2897755,0.9309985041618347,1.0630736351013184,0.0,0.0,0.0,1,0.5653731256723404,15,c5e6a1a8c44d,0.9304059147834778,1.0281181335449219,0.0,0.11157175065711056,0.0,1,0.5414653522347884,11,810124c49b5c,0.9279179573059082,0.8813591003417969,0.0,0.0,0.0,1,0.5280897647142411
95,7c80e08ee743,prepare financial documents,1,06d678da6c8d,0.9825118780136108,1.9755715131759644,0.5,0.0,1.0,1,1.4499999895691873,77,9b108680399f,0.9690663814544678,1.4906530380249023,0.5,0.0,1.0,1,1.3114709347486497,30,c6a87cc5d35e,0.9712992906570435,1.5711839199066162,0.20000000298023224,0.0,0.4185432430857448,1,1.1843653433386396,200,9ff41f315fd5,0.9714210629463196,1.5755757093429565,0.0,0.0,0.0,1,1.074848461151123,118,eb485b5cf6a6,0.9711701273918152,1.5665256977081299,0.0,0.0,0.0,1,1.0720168828964234,79,5b935f6121b7,0.9692859053611755,1.498570203781128,0.0,0.0,0.0,1,1.0507548481225968,85,e9ceea91a9c3,0.9667543172836304,1.4072672128677368,0.0,0.0,0.0,1,1.0221877425909043,35,e19513a85bed,0.9570038914680481,1.0556132793426514,0.20000000298023224,0.0,0.4185432430857448,1,1.02866341549793,15,c5e6a1a8c44d,0.9502929449081421,0.8135796189308167,0.1666666716337204,0.14384099455923594,0.38008251264002774,1,0.92509109997918,57,c1933354ef21,0.9581326246261597,1.0963215827941895,0.0,0.0,0.0,1,0.9248983889818192
96,1cbedefabffc,analyze environmental regulations to ensure organizational compliance,37,78a6d412d86e,0.9411616325378418,2.3179497718811035,0.20000000298023224,0.0,1.0,1,1.4465001910924913,92,3f67b920ee49,0.9455452561378479,2.5356967449188232,0.09090909361839294,0.0,0.45558143522810207,1,1.3412716627445316,81,e9ce432833f3,0.9411522746086121,2.3174850940704346,0.0,0.09116076173031373,0.0,1,1.1203973133241474,100,6002eddcd7d0,0.9387879371643066,2.2000417709350586,0.0,0.2027325123874243,0.0,1,1.068178294743182,121,66497e9d2189,0.9136276245117188,0.9502582550048828,0.10000000149011612,0.09116076173031373,0.5652402289359411,1,0.8934802160215739,63,50171927f859,0.9139505624771118,0.9662994742393494,0.0833333358168602,0.07707532800886907,0.3998656297120058,1,0.8444331646137042,149,c9b79bbec6f3,0.9121042490005493,0.874587893486023,0.1111111119389534,0.2027325123874243,0.6171812229462709,1,0.8712065841792724,166,505ab84c8d87,0.9132830500602722,0.9331422448158264,0.09090909361839294,0.0,0.45558143522810207,1,0.864745141598234,14,ccf9fc39d00f,0.9193657636642456,1.2352877855300903,0.0,0.0,0.0,1,0.8071058869361878,54,00ee16f445cd,0.9190957546234131,1.2218756675720215,0.0,0.09116076173031373,0.0,1,0.7893795956050694
97,48c561c86be0,create graphical representations of industrial production systems,125,12a1310a48ad,0.9742279052734375,5.434014320373535,0.375,0.09116076173031373,1.0,1,1.461325873819524,10,365ec2897755,0.8906064629554749,1.4317606687545776,0.10000000149011612,0.09116076173031373,0.3028892021655064,0,0.5251539025031524,90,2e4769a8f723,0.8872698545455933,1.272065281867981,0.0,0.0,0.0,1,0.4621663197875023,204,62b52b411f3a,0.8933955430984497,1.5652503967285156,0.0,0.2027325123874243,0.0,0,0.4337325648914591,218,2f93e8f923e8,0.8827527761459351,1.055870771408081,0.0,0.09116076173031373,0.0,1,0.4101650778328716,60,90e3d91fbf4d,0.8769176602363586,0.776593029499054,0.09090909361839294,0.0,0.19074970940097932,0,0.3859633014676041,127,3d77dabe7560,0.8762864470481873,0.7463821768760681,0.1111111119389534,0.2027325123874243,0.22580641275034852,0,0.3614314325888299,93,4b8b2b6692c3,0.883797287940979,1.1058628559112549,0.0,0.2027325123874243,0.0,0,0.35229196711886085,121,66497e9d2189,0.8800183534622192,0.9249970316886902,0.0,0.09116076173031373,0.0,0,0.33696366810553663,128,54e485ae84d0,0.8744447827339172,0.6582372188568115,0.1111111119389534,0.2027325123874243,0.22580641275034852,0,0.346107003911271
98,207462e43a8e,estimate technical or resource requirements for development or production projects,63,50171927f859,0.9422285556793213,2.6957812309265137,0.07692307978868484,0.0,0.19266215355840338,1,1.2520471303371237,172,2c5271f1a3e4,0.9320167899131775,2.1902754306793213,0.0,0.07707532800886907,0.0,1,1.0446899465357455,22,bab0b2935945,0.9237100481987,1.779072880744934,0.0,0.0,0.0,1,0.9393191069364548,214,fc824bfe7bf0,0.9226446151733398,1.7263315916061401,0.0,0.1682360897391828,0.0,1,0.8990858237455817,174,003763627ff4,0.913522481918335,1.2747652530670166,0.0833333358168602,0.07707532800886907,0.20761766319535704,1,0.8462055694671851,14,ccf9fc39d00f,0.8966318368911743,0.43863990902900696,0.625,0.07707532800886907,1.0,1,0.8413507222270163,65,8da0e9e0dffc,0.9170851707458496,1.4511264562606812,0.0,0.1682360897391828,0.0,1,0.8208268027018042,192,8562bf3caec4,0.9122312068939209,1.2108441591262817,0.09090909361839294,0.1682360897391828,0.14316008885213066,1,0.7910989984366619,158,16ac0e74dbe1,0.9139586687088013,1.29635751247406,0.0,0.27980784039629336,0.0,1,0.760079953877728,173,49c0d2367c5d,0.9061034917831421,0.907508373260498,0.09090909361839294,0.1682360897391828,0.2079888247873662,1,0.7288942871202756
99,78b76b55f875,assess product or process usefulness,208,c1c0caaa937b,0.9267206192016602,2.541457176208496,0.0,0.0,0.0,1,1.1999999910593033,165,72ea80489538,0.9255356788635254,2.4655799865722656,0.0,0.0,0.0,1,1.1789902776479722,19,9d76ae41867e,0.9157773852348328,1.8407118320465088,0.0,0.0,0.0,1,1.0059699147939682,7,bfcc3cdee21d,0.9139605760574341,1.7243732213974,0.0,0.0,0.0,0,0.9237567782402039,197,3a46124701c0,0.9132200479507446,1.6769537925720215,0.0,0.0,0.0,0,0.9106267541646957,144,7a053b14e6ec,0.9082385301589966,1.3579643964767456,0.0,0.0,0.0,0,0.822301521897316,158,16ac0e74dbe1,0.9019328355789185,0.9541819095611572,0.0,0.0,0.0,1,0.7604977294802666,220,7cd42be784e2,0.902519166469574,0.991727352142334,0.0,0.11157175065711056,0.0,1,0.7541579780554252,195,6b483cafcca2,0.9010031819343567,0.8946519494056702,0.0,0.0,0.0,1,0.7440144449472428,172,2c5271f1a3e4,0.8864792585372925,-0.03538134694099426,0.1111111119389534,0.2027325123874243,0.9479995934973732,0,0.7294518535866853
100,6002eddcd7d0,resolve operational performance problems,81,e9ce432833f3,0.9571923017501831,3.0474507808685303,0.125,0.11157175065711056,0.33094900005339506,1,1.2740963725189605,54,00ee16f445cd,0.9207677841186523,0.8157764077186584,0.2857142984867096,0.11157175065711056,1.0,1,0.9372767744039969,37,78a6d412d86e,0.9394211769104004,1.9586412906646729,0.0,0.2027325123874243,0.0,1,0.8929474638353602,96,1cbedefabffc,0.9387879371643066,1.9198436737060547,0.0,0.2027325123874243,0.0,1,0.8830899284731165,151,506120811a05,0.9318109154701233,1.4923721551895142,0.1666666716337204,0.14384099455923594,0.39792677387372505,0,0.8507060848358664,207,7663c229a426,0.9335760474205017,1.600519061088562,0.0,0.14384099455923594,0.0,1,0.8107902905162413,92,3f67b920ee49,0.9341416358947754,1.635171890258789,0.0,0.2027325123874243,0.0,1,0.8107610927473322,39,202cbfb3aef7,0.9163021445274353,0.5421735048294067,0.1666666716337204,0.14384099455923594,0.6844544319445109,1,0.76656394637259,94,832ecabbf00a,0.9274475574493408,1.2250359058380127,0.0,0.11157175065711056,0.0,1,0.720228682217546,40,f64df278da5d,0.9238845109939575,1.0067335367202759,0.0,0.0,0.0,1,0.6814985677599907
101,ae138f31c069,"purchase materials, equipment, or other resources",180,893bb3cbc01a,0.925616979598999,3.2852156162261963,0.1111111119389534,0.0,0.6738469684709899,1,1.4136242091264752,139,80c1c070d6f0,0.9148638248443604,2.8031232357025146,0.25,0.0,1.0,1,1.3840909689664842,206,c32f9f13a109,0.8948097229003906,1.9040446281433105,0.0,0.0,0.0,1,0.8528320521116257,33,2be03b534579,0.8855552077293396,1.4891400337219238,0.0,0.0,0.0,1,0.7485426172614098,65,8da0e9e0dffc,0.8771626949310303,1.1128814220428467,0.1111111119389534,0.0,0.39857641562144647,0,0.7317979956320151,17,e1dbddbff402,0.8825966715812683,1.3565011024475098,0.0,0.11157175065711056,0.0,1,0.6984670487617927,185,7b03e0901b8c,0.8823952078819275,1.3474688529968262,0.0,0.0,0.0,1,0.7129325151443482,173,49c0d2367c5d,0.8859066963195801,1.504898190498352,0.0,0.0,0.0,0,0.7025035992264748,12,9251af4a3821,0.867357611656189,0.6732935309410095,0.1111111119389534,0.0,0.6014235843785536,0,0.6944358980008737,76,298036041aa4,0.8630521297454834,0.48026734590530396,0.1111111119389534,0.0,0.39857641562144647,1,0.6258583421161994
102,f2c8cd5b27ab,evaluate designs or specifications to ensure quality,45,aa03c0034762,0.9066139459609985,1.8134204149246216,0.2857142984867096,0.11157175065711056,1.0,1,1.2636655730580764,61,dc17b84d2d6b,0.9216684699058533,2.5847904682159424,0.0,0.0,0.0,1,1.1999999910593033,19,9d76ae41867e,0.9108154773712158,2.028700113296509,0.125,0.11157175065711056,0.45922999183665675,1,1.161327917236791,37,78a6d412d86e,0.9047402143478394,1.717413306236267,0.10000000149011612,0.09116076173031373,0.5256956827883814,1,1.103301181709871,144,7a053b14e6ec,0.9068329334259033,1.8246409893035889,0.125,0.11157175065711056,0.5030366918886046,0,1.068803881315489,14,ccf9fc39d00f,0.9068517684936523,1.8256059885025024,0.0,0.09116076173031373,0.0,1,0.9662930209314168,3,33b4e36b0d81,0.8967130184173584,1.30611252784729,0.09090909361839294,0.1682360897391828,0.4082471585514986,1,0.9347318907773025,177,ff18586218d4,0.9038432240486145,1.6714529991149902,0.0,0.11157175065711056,0.0,1,0.9185535190081077,44,2d4009710863,0.9035466313362122,1.656256079673767,0.0,0.0,0.0,0,0.8808847665786743,163,3ac212a9f7c3,0.8893368244171143,0.9281679391860962,0.1111111119389534,0.0,0.47696202682254296,1,0.8738569412666475
103,6680fc36f234,provide technical guidance to other personnel,80,4e4d6d43dbf9,0.9265252351760864,3.5208520889282227,0.0,0.11157175065711056,0.0,1,1.1832642284607366,19,9d76ae41867e,0.9071547985076904,1.8090978860855103,0.0,0.11157175065711056,0.0,1,0.7864600000357108,16,6e6ec1a475b8,0.8963388800621033,0.853301465511322,0.1111111119389534,0.0,0.45842779627937436,1,0.7318078089060827,61,dc17b84d2d6b,0.8933496475219727,0.5891447067260742,0.1111111119389534,0.0,0.45842779627937436,1,0.6717565316262288,121,66497e9d2189,0.9012545943260193,1.2877002954483032,0.0,0.0,0.0,1,0.6823298364877701,207,7663c229a426,0.9047563672065735,1.5971498489379883,0.0,0.2554127452163465,0.0,0,0.6657518539221798,100,6002eddcd7d0,0.9033302664756775,1.4711261987686157,0.0,0.11157175065711056,0.0,0,0.6581142020797209,26,a86fc9314475,0.8830154538154602,-0.32408198714256287,0.125,0.11157175065711056,1.0,1,0.6363404889976458,93,4b8b2b6692c3,0.902915358543396,1.434460997581482,0.0,0.11157175065711056,0.0,0,0.6496148628568129,38,a3c08ed1a115,0.9002994298934937,1.203292965888977,0.0,0.09116076173031373,0.0,1,0.6490890670692265
104,985eed507e3a,analyze costs and benefits of proposed designs or projects,22,bab0b2935945,0.9014199376106262,2.0572962760925293,0.0833333358168602,0.07707532800886907,0.48923683594878886,0,1.273133192134675,190,c2a2570c95d4,0.9031251668930054,2.122738838195801,0.0,0.09116076173031373,0.0,1,1.1863258767997562,88,d1809a4492b8,0.8689462542533875,0.8110355138778687,0.1111111119389534,0.2027325123874243,0.9250015072549858,1,1.074769333485239,215,79b70e0eb0dc,0.894412100315094,1.7883524894714355,0.0,0.0,0.0,1,1.096969696879387,174,003763627ff4,0.8926290273666382,1.7199225425720215,0.0,0.0,0.0,1,1.0758852243423462,145,7809c19536e4,0.8740381002426147,1.0064481496810913,0.0833333358168602,0.07707532800886907,0.5700702154676078,1,1.0323325267482975,45,aa03c0034762,0.8900080919265747,1.6193374395370483,0.0,0.2027325123874243,0.0,1,1.0144833312879815,172,2c5271f1a3e4,0.8752352595329285,1.0523921251296997,0.09090909361839294,0.0,0.5272141245840829,0,0.9917645207786157,63,50171927f859,0.8766071796417236,1.1050431728363037,0.0833333358168602,0.07707532800886907,0.48923683594878886,0,0.9839794374235238,108,3f3251058257,0.8819114565849304,1.3086082935333252,0.0,0.09116076173031373,0.0,1,0.9354779113208592
105,8bb47fa10a52,investigate the environmental impact of projects,19,9d76ae41867e,0.9155372381210327,3.3323512077331543,0.0,0.0,0.0,1,1.1999999910593033,152,fbe465293a7d,0.8919559717178345,2.0079922676086426,0.125,0.11157175065711056,0.4679253037527634,0,0.9461940070082623,39,202cbfb3aef7,0.9016480445861816,2.5523135662078857,0.0,0.14384099455923594,0.0,0,0.9322392067130644,103,6680fc36f234,0.8859959244728088,1.6732672452926636,0.0,0.11157175065711056,0.0,0,0.7159935978626685,151,506120811a05,0.8877522945404053,1.7719075679779053,0.0,0.14384099455923594,0.0,0,0.7359619310315687,207,7663c229a426,0.8855161666870117,1.646323323249817,0.0,0.14384099455923594,0.0,0,0.7043766698058683,20,1bd49058235f,0.8803595304489136,1.3567190170288086,0.0,0.11157175065711056,0.0,1,0.6863796216821151,165,72ea80489538,0.8841220140457153,1.5680257081985474,0.0,0.0,0.0,0,0.7062603980302811,100,6002eddcd7d0,0.8767268657684326,1.1527031660079956,0.0,0.0,0.0,0,0.6018040403723717,119,b729f6985724,0.8753714561462402,1.076581358909607,0.0,0.11157175065711056,0.0,0,0.5659231317614989
106,48548f20bc23,estimate labor requirements,13,f7e80a0049c6,0.9740201234817505,2.22064208984375,0.20000000298023224,0.0,0.550595238095238,1,1.3527083327372869,77,9b108680399f,0.9606441855430603,1.7400189638137817,0.0,0.0,0.0,1,1.0605277597904206,57,c1933354ef21,0.9565832614898682,1.594102144241333,0.0,0.0,0.0,1,1.0181841880083085,123,05f356a221b7,0.931933581829071,0.7083917856216431,0.20000000298023224,0.0,0.6995951378472809,1,0.9812818905159689,35,e19513a85bed,0.9531641602516174,1.4712473154067993,0.0,0.0,0.0,1,0.9825328320264817,85,e9ceea91a9c3,0.949998140335083,1.3574861288070679,0.0,0.0,0.0,1,0.9495204418897629,177,ff18586218d4,0.9181026816368103,0.21142098307609558,0.4000000059604645,0.14384099455923594,1.0,1,0.905927769672497,164,0c9fad019eee,0.9476490020751953,1.2730770111083984,0.0,0.0,0.0,1,0.9250257343053818,212,0cf60304ef43,0.9458129405975342,1.2071038484573364,0.0,0.0,0.0,1,0.9058809608221055,43,61355ce7e829,0.9450933933258057,1.1812491416931152,0.0,0.0,0.0,1,0.8983781963586808
107,750257b28f11,perform human resources activities,109,d052bd1e246e,0.9521218538284302,2.313464641571045,0.6000000238418579,0.0,1.0,1,1.4299999862909318,79,5b935f6121b7,0.9426265954971313,1.8570305109024048,0.4000000059604645,0.14384099455923594,0.7468200566820797,1,1.238284257121346,58,224946bca8ba,0.9382635951042175,1.6473023891448975,0.1428571492433548,0.0,0.2262312518592708,1,1.0647173227332642,137,a4f4cc8a14a2,0.9434773921966553,1.89792799949646,0.0,0.14384099455923594,0.0,1,1.0595143338855346,85,e9ceea91a9c3,0.9436813592910767,1.9077327251434326,0.0,0.14384099455923594,0.0,1,1.0623200139220794,64,445ae625480e,0.9369062185287476,1.5820536613464355,0.1666666716337204,0.14384099455923594,0.24912369996407793,1,1.029050712493033,1,06d678da6c8d,0.9379207491874695,1.6308218240737915,0.0,0.14384099455923594,0.0,0,0.9330795725997526,156,ae5e42c6c3d0,0.9248633980751038,1.0031588077545166,0.1428571492433548,0.0,0.2262312518592708,1,0.8849695251844935,74,318da22b73fb,0.9268862009048462,1.100394368171692,0.0,0.0,0.0,1,0.852869200706482,204,62b52b411f3a,0.9260616302490234,1.0607575178146362,0.0,0.0,0.0,1,0.8415266901254654
108,3f3251058257,administer standardized physical or psychological tests,184,389dd43f303d,0.91478431224823,2.6288375854492188,0.0,0.11157175065711056,0.0,1,1.1832642284607366,56,269bfa3db5c6,0.8925188779830933,1.5329705476760864,0.1111111119389534,0.0,0.9158415841584158,1,1.1824824528528912,112,6379204aa590,0.8890167474746704,1.3606016635894775,0.125,0.11157175065711056,1.0,0,1.093646211681314,120,a04637eaf44a,0.9059585332870483,2.1944477558135986,0.0,0.11157175065711056,0.0,1,1.0556018379902319,153,8594b6595861,0.8987947702407837,1.8418593406677246,0.0,0.0,0.0,1,0.9687157452106476,198,edb3d68bc36f,0.8941227197647095,1.6119089126586914,0.0,0.0,0.0,1,0.9011358052492142,172,2c5271f1a3e4,0.8930397033691406,1.5586047172546387,0.0,0.09116076173031373,0.0,0,0.8217961896335423,190,c2a2570c95d4,0.8828924894332886,1.059175968170166,0.0,0.0,0.0,1,0.7386935979127884,104,985eed507e3a,0.8819114565849304,1.0108911991119385,0.0,0.09116076173031373,0.0,1,0.7108291525518239,12,9251af4a3821,0.8799718618392944,0.9154276251792908,0.0,0.0,0.0,1,0.6964475169777871
109,d052bd1e246e,manage human resources activities,107,750257b28f11,0.9521218538284302,3.074298143386841,0.6000000238418579,0.0,1.0,1,1.4299999862909318,24,2ae9204d54c8,0.9298000931739807,2.0346896648406982,0.0,0.0,0.0,1,0.9321247965097428,164,0c9fad019eee,0.9302478432655334,2.0555431842803955,0.1666666716337204,0.14384099455923594,0.24912369996407793,0,0.9273906516104647,58,224946bca8ba,0.9204742312431335,1.6003491878509521,0.1428571492433548,0.0,0.2262312518592708,1,0.8802538962625078,85,e9ceea91a9c3,0.9275339245796204,1.9291456937789917,0.0,0.14384099455923594,0.0,0,0.8333531638797361,137,a4f4cc8a14a2,0.9145941734313965,1.3264927864074707,0.0,0.14384099455923594,0.0,1,0.7280680215176184,204,62b52b411f3a,0.9124113321304321,1.2248296737670898,0.0,0.0,0.0,1,0.7234486743807793,159,3319e1abdfb1,0.9110333919525146,1.1606537103652954,0.0,0.11157175065711056,0.0,1,0.6901767430281119,75,f634ee56b726,0.91260826587677,1.234001636505127,0.0,0.14384099455923594,0.0,1,0.7042358940657217,114,98e7b9000779,0.9127224683761597,1.2393203973770142,0.0,0.3465734652800195,0.0,1,0.6751964981537636
110,d9dbdf9d5d1a,coordinate special events or programs,67,3574e4789085,0.935865581035614,2.176070213317871,0.125,0.11157175065711056,0.8603791863372136,1,1.459396937718297,112,6379204aa590,0.9311683177947998,1.8736013174057007,0.1428571492433548,0.0,1.0,1,1.4202939063310625,141,dbc0d59bd942,0.9342821836471558,2.074111223220825,0.0,0.11157175065711056,0.0,1,1.1483042267536596,93,4b8b2b6692c3,0.9326909780502319,1.9716492891311646,0.0,0.0,0.0,1,1.12990762591362,127,3d77dabe7560,0.9305864572525024,1.8361338376998901,0.0,0.0,0.0,1,1.0834417372941971,195,6b483cafcca2,0.9302814602851868,1.8164942264556885,0.0,0.0,0.0,1,1.0767076343297959,27,88a991273442,0.9304961562156677,1.8303190469741821,0.0,0.0,0.0,1,1.081447932124138,162,957f012e4031,0.9296815395355225,1.77786386013031,0.0,0.14384099455923594,0.0,1,1.0418857833560544,49,824d3015533f,0.9179381132125854,1.021674394607544,0.0,0.11157175065711056,0.0,1,0.7874418673490958,50,a787a095d9b0,0.9185445308685303,1.0607231855392456,0.0,0.11157175065711056,0.0,1,0.8008310822224097
111,059770361813,advise others on career or personal development,160,56c85bc2a8f3,0.9112186431884766,2.967862606048584,0.0,0.11157175065711056,0.0,1,1.1832642284607366,72,91e3b64a6f04,0.8921401500701904,1.9835925102233887,0.20000000298023224,0.1682360897391828,0.7838983050847458,1,1.1548968021733634,198,edb3d68bc36f,0.8834073543548584,1.5330626964569092,0.1111111119389534,0.0,0.4579207920792079,1,0.9615127020395628,179,6a5f3442d709,0.8905938863754272,1.9038199186325073,0.0,0.0,0.0,1,0.9152589619159699,189,a49d5a99c1d7,0.8926360607147217,2.0091769695281982,0.0,0.11157175065711056,0.0,1,0.9267169860577064,120,a04637eaf44a,0.8916175365447998,1.9566305875778198,0.0,0.11157175065711056,0.0,0,0.8626554456924872,116,1cf7420e0aac,0.866294801235199,0.6502165794372559,0.2222222238779068,0.09116076173031373,0.8447488584474885,1,0.8413038568993406,110,d9dbdf9d5d1a,0.8838344812393188,1.5550984144210815,0.0,0.11157175065711056,0.0,0,0.7552042750095801,67,3574e4789085,0.8805028200149536,1.383216142654419,0.0,0.0,0.0,0,0.7259438037872314,36,e5bfe7745119,0.8768587112426758,1.1952146291732788,0.0,0.09116076173031373,0.0,0,0.661959927169019
112,6379204aa590,administer compensation or benefits programs,110,d9dbdf9d5d1a,0.9311683177947998,1.9823174476623535,0.1428571492433548,0.0,1.0,1,1.3261563867330552,93,4b8b2b6692c3,0.9429768323898315,2.724367618560791,0.0,0.0,0.0,1,1.1999999910593033,162,957f012e4031,0.9369491338729858,2.345585346221924,0.0,0.14384099455923594,0.0,1,1.0762069275792678,155,f6d7dbe3f71e,0.9312435984611511,1.9870480298995972,0.0,0.14384099455923594,0.0,1,0.9794531664069731,19,9d76ae41867e,0.9232076406478882,1.4820663928985596,0.0,0.0,0.0,1,0.8647566318511963,120,a04637eaf44a,0.9192144274711609,1.2311317920684814,0.0,0.0,0.0,1,0.797040256857872,44,2d4009710863,0.9184234142303467,1.1814243793487549,0.0,0.11157175065711056,0.0,1,0.7668905285572486,40,f64df278da5d,0.898027777671814,-0.1002427265048027,0.1428571492433548,0.0,1.0,0,0.7281260550022125,27,88a991273442,0.9156806468963623,1.0090681314468384,0.0,0.0,0.0,1,0.7371148869395256,165,72ea80489538,0.916043221950531,1.0318524837493896,0.0,0.0,0.0,1,0.7432633295655251
113,322cdff981bb,"interview employees, customers, or others to collect information",4,9fc64a999e12,0.881372332572937,2.35577654838562,0.0833333358168602,0.07707532800886907,0.4148063802803283,1,1.316954259282832,82,68d8248a643f,0.8287529945373535,1.4185984134674072,0.0833333358168602,0.07707532800886907,0.5905281209337679,1,1.1051160919488452,142,c71cb5036aef,0.8695182800292969,2.1446495056152344,0.0,0.07707532800886907,0.0,1,1.125955068234125,2,771b010da2fa,0.8487023115158081,1.7739062309265137,0.0,0.20273252627630822,0.0,1,0.9973839338103239,116,1cf7420e0aac,0.8133444786071777,1.1441646814346313,0.09090909361839294,0.0,0.5008343876356558,0,0.9541994390223559,183,ff9c96c6d776,0.8327187299728394,1.4892302751541138,0.0,0.0,0.0,1,0.943543154001236,73,a40c650a049f,0.84175044298172,1.6500898599624634,0.0,0.07707532800886907,0.0,0,0.9295886955296191,213,f1b4c19341de,0.8208783864974976,1.2783476114273071,0.0,0.0,0.0,1,0.8811318159103394,28,ce1178bafa1d,0.8297122716903687,1.4356837272644043,0.0,0.07707532800886907,0.0,0,0.8661346039806994,32,85a88cfd39f0,0.811461329460144,1.1106247901916504,0.0,0.0,0.0,1,0.8314938127994538
114,98e7b9000779,recruit personnel,41,babe1d93de49,0.9863408803939819,2.405590295791626,0.3333333432674408,0.0,1.0,1,1.4833333134651185,31,53acfaed8c01,0.9589996933937073,1.741104006767273,0.0,0.0,0.0,1,1.016158926486969,85,e9ceea91a9c3,0.953506350517273,1.6075966358184814,0.0,0.20273247072078354,0.0,1,0.9488119979068972,164,0c9fad019eee,0.9459602236747742,1.4241993427276611,0.0,0.20273247072078354,0.0,1,0.8980722178384997,43,61355ce7e829,0.9085705280303955,0.5154991745948792,0.25,0.20273247072078354,0.8988095238095238,0,0.8839845547442969,75,f634ee56b726,0.9333740472793579,1.1183112859725952,0.0,0.20273247072078354,0.0,1,0.8134432484075762,18,1c10b347eeee,0.9305970668792725,1.0508209466934204,0.0,0.20273247072078354,0.0,1,0.7947709907457567,95,7c80e08ee743,0.9400578737258911,1.2807517051696777,0.0,0.20273247072078354,0.0,0,0.8083850313589311,106,48548f20bc23,0.9293496608734131,1.0205047130584717,0.0,0.20273247072078354,0.0,1,0.7863834251329638,1,06d678da6c8d,0.9401993155479431,1.284189224243164,0.0,0.20273247072078354,0.0,0,0.8093360830709673
115,830e9df61ddd,communicate organizational policies and procedures,175,825fff3275ff,0.9303066730499268,2.518247127532959,0.2857142984867096,0.11157175065711056,0.9158415841584158,1,1.4466659291793047,170,57e3b12b8497,0.9184011220932007,1.7816160917282104,0.2857142984867096,0.11157175065711056,0.8105262926663757,1,1.2051575071197258,144,7a053b14e6ec,0.9272546172142029,2.3294076919555664,0.0,0.0,0.0,1,1.1447941392660141,87,bd28ef3a0af3,0.9086193442344666,1.1763889789581299,0.3333333432674408,0.0,1.0,1,1.1137921378016473,94,832ecabbf00a,0.9280644655227661,2.3795154094696045,0.0,0.11157175065711056,0.0,1,1.1427069631790594,37,78a6d412d86e,0.9088727235794067,1.1920663118362427,0.25,0.2027325123874243,0.7476087265689856,1,1.0104106252559726,61,dc17b84d2d6b,0.9194899201393127,1.8489831686019897,0.0,0.11157175065711056,0.0,1,0.9876099256252723,48,23ca56c5d573,0.9057552814483643,0.9991810321807861,0.3333333432674408,0.0,0.8850070871276101,0,0.974742421316788,44,2d4009710863,0.9137909412384033,1.496370792388916,0.0,0.11157175065711056,0.0,1,0.8845263150906043,93,4b8b2b6692c3,0.9108143448829651,1.3122000694274902,0.0,0.0,0.0,0,0.7974211424589157
116,1cf7420e0aac,advise others on legal or regulatory compliance matters,198,edb3d68bc36f,0.9228286743164062,2.3141672611236572,0.10000000149011612,0.09116076173031373,0.48458602826282027,1,1.3359309759629072,4,9fc64a999e12,0.8921663761138916,1.4176117181777954,0.0833333358168602,0.07707532800886907,0.4579695081155909,1,1.0685176737149245,70,d5bb4574fc4d,0.9053357243537903,1.802679181098938,0.0,0.09116076173031373,0.0,1,1.0337622750675022,196,0f2541e582f8,0.8916687965393066,1.4030627012252808,0.09090909361839294,0.0,0.42885477664255955,1,1.0644550190643902,186,4c7ceb754866,0.9070556163787842,1.8529682159423828,0.0,0.09116076173031373,0.0,1,1.048762156454259,72,91e3b64a6f04,0.8735632300376892,0.8736618757247925,0.1818181872367859,0.07707532800886907,0.8295455738058449,1,1.0263368253000535,111,059770361813,0.866294801235199,0.6611353754997253,0.2222222238779068,0.09116076173031373,0.9691720565256405,1,1.007090381275541,53,a68e486bae8e,0.8992204666137695,1.623871088027954,0.0,0.0,0.0,1,0.994102481007576,153,8594b6595861,0.8941993117332458,1.4770541191101074,0.0,0.09116076173031373,0.0,1,0.9366367001210988,73,a40c650a049f,0.8886643648147583,1.3152141571044922,0.0,0.07707532800886907,0.0,1,0.8904768458639774
117,f2f5eb941075,liaise between departments or other groups to improve function or communication,199,0d99df7b9f80,0.9076640605926514,1.7152787446975708,0.07692307978868484,0.14384101539256,0.4446340613710091,1,1.234950147465914,38,a3c08ed1a115,0.9144207835197449,1.9559400081634521,0.0,0.14384101539256,0.0,1,1.1784238387504193,169,2d10ff099811,0.909735918045044,1.7890743017196655,0.0,0.23500177712287373,0.0,1,1.1059206404521378,62,c6d9ce80244c,0.8955287933349609,1.2830442190170288,0.0714285746216774,0.06676568738369093,0.41260533661123305,1,1.08582638475204,98,207462e43a8e,0.9029514789581299,1.5474257469177246,0.0,0.06676568738369093,0.0,1,1.0459619281414927,60,90e3d91fbf4d,0.8913860321044922,1.1354871988296509,0.07692307978868484,0.14384101539256,0.4446340613710091,1,1.033277071909159,3,33b4e36b0d81,0.9015164971351624,1.496314525604248,0.0,0.06676568738369093,0.0,1,1.027942505252737,163,3ac212a9f7c3,0.9010148048400879,1.478445291519165,0.0,0.23500177712287373,0.0,1,0.9964071937634857,145,7809c19536e4,0.8966501951217651,1.322986364364624,0.0,0.06676568738369093,0.0,1,0.9668350485686243,71,1cb040da80f9,0.8945258855819702,1.2473225593566895,0.0,0.06676568738369093,0.0,1,0.9401594517353953
118,eb485b5cf6a6,compile operational data,57,c1933354ef21,0.9758182764053345,1.6321171522140503,0.20000000298023224,0.0,1.0,1,1.5099999994039537,30,c6a87cc5d35e,0.9718464612960815,1.5152702331542969,0.20000000298023224,0.0,1.0,1,1.4704819411039354,35,e19513a85bed,0.9721422791481018,1.523972988128662,0.20000000298023224,0.0,1.0,1,1.473425203561783,13,f7e80a0049c6,0.9602189064025879,1.1731992959976196,0.20000000298023224,0.0,1.0,1,1.3547920525074006,164,0c9fad019eee,0.9566521048545837,1.0682674646377563,0.20000000298023224,0.0,1.0,1,1.3193037003278734,1,06d678da6c8d,0.9752962589263916,1.6167598962783813,0.0,0.0,0.0,1,1.1946189731359482,151,506120811a05,0.9424790143966675,0.6513093709945679,0.20000000298023224,0.0,1.0,1,1.1782867550849916,95,7c80e08ee743,0.9711701273918152,1.495373249053955,0.0,0.0,0.0,1,1.152086067199707,43,61355ce7e829,0.9656393527984619,1.3326632976531982,0.0,0.0,0.0,1,1.0950738817453385,140,f07eaef01260,0.9323968887329102,0.35470330715179443,0.1666666716337204,0.14384099455923594,0.9081081081081083,1,1.0283069472355908
119,b729f6985724,analyze data to inform personnel decisions,36,e5bfe7745119,0.9265718460083008,3.184722900390625,0.5714285969734192,0.09116076173031373,1.0,1,1.4220401544248402,26,a86fc9314475,0.903731644153595,1.9764609336853027,0.0,0.11157175065711056,0.0,1,0.8683992651676612,172,2c5271f1a3e4,0.9025008082389832,1.9113489389419556,0.2222222238779068,0.09116076173031373,0.39877478071629396,0,0.9124443770920851,96,1cbedefabffc,0.8992562294006348,1.7397085428237915,0.10000000149011612,0.09116076173031373,0.18761459367052596,0,0.8119788246408597,121,66497e9d2189,0.8988732695579529,1.7194496393203735,0.0,0.0,0.0,0,0.7681596577167511,207,7663c229a426,0.892288863658905,1.3711302280426025,0.1428571492433548,0.2554127452163465,0.24456902389193566,0,0.7078476384230444,100,6002eddcd7d0,0.8967900276184082,1.6092448234558105,0.0,0.11157175065711056,0.0,0,0.7227052596783118,103,6680fc36f234,0.8855562210083008,1.014968991279602,0.1111111119389534,0.0,0.21505196573184715,0,0.6485487683479625,112,6379204aa590,0.8877318501472473,1.130061149597168,0.0,0.11157175065711056,0.0,0,0.597833186147161,39,202cbfb3aef7,0.889543354511261,1.2258909940719604,0.0,0.2554127452163465,0.0,0,0.6012296918423687
120,a04637eaf44a,investigate industrial or transportation accidents,172,2c5271f1a3e4,0.926925778388977,2.3069353103637695,0.0,0.2027325123874243,0.0,1,1.1695901142011897,112,6379204aa590,0.9192144274711609,1.8539679050445557,0.0,0.0,0.0,1,1.0587855458259583,184,389dd43f303d,0.9189705848693848,1.8396445512771606,0.0,0.0,0.0,1,1.0543201446533204,67,3574e4789085,0.9189385771751404,1.8377643823623657,0.0,0.11157175065711056,0.0,1,1.036998274681516,168,ab35d13698b5,0.8960344195365906,0.49236634373664856,0.1111111119389534,0.2027325123874243,1.0,1,0.9426000536929384,110,d9dbdf9d5d1a,0.9121270179748535,1.4376510381698608,0.0,0.0,0.0,1,0.9289971172809601,45,aa03c0034762,0.9109601378440857,1.3691080808639526,0.0,0.0,0.0,1,0.9076285690069199,206,c32f9f13a109,0.9111952185630798,1.382916808128357,0.0,0.11157175065711056,0.0,1,0.8951977369760947,65,8da0e9e0dffc,0.9102703332901001,1.3285887241363525,0.0,0.11157175065711056,0.0,1,0.8782607642387824,198,edb3d68bc36f,0.9085448384284973,1.227232575416565,0.0,0.11157175065711056,0.0,1,0.8466625241016822
121,66497e9d2189,prepare reports related to compliance matters,16,6e6ec1a475b8,0.9346103668212891,2.5134754180908203,0.25,0.0,1.0,1,1.4673965364694597,149,c9b79bbec6f3,0.9364602565765381,2.6288371086120605,0.125,0.11157175065711056,0.5816382206574351,1,1.3618375997303744,44,2d4009710863,0.9185640811920166,1.5128058195114136,0.25,0.0,1.0,1,1.184588120877743,27,88a991273442,0.9163016676902771,1.3717185258865356,0.125,0.11157175065711056,0.5816382206574351,1,0.9984770532010815,81,e9ce432833f3,0.9259945154190063,1.976178526878357,0.0,0.0,0.0,1,1.0071618884801865,67,3574e4789085,0.9151602983474731,1.3005410432815552,0.1111111119389534,0.0,0.5326884694139875,1,0.9793369474544378,96,1cbedefabffc,0.9136276245117188,1.2049612998962402,0.10000000149011612,0.09116076173031373,0.49133822292979673,1,0.9249046879864439,93,4b8b2b6692c3,0.9192728400230408,1.5570050477981567,0.0,0.11157175065711056,0.0,1,0.8665747967934089,100,6002eddcd7d0,0.9198384284973145,1.5922759771347046,0.0,0.11157175065711056,0.0,1,0.8769962069963889,152,fbe465293a7d,0.9135971665382385,1.2030619382858276,0.0,0.0,0.0,1,0.7787325859069825
122,4e4a52d4b158,represent the organization in external relations,79,5b935f6121b7,0.8926872611045837,2.372145175933838,0.0,0.14384099455923594,0.0,0,1.128423841875418,92,3f67b920ee49,0.8900313377380371,2.1585633754730225,0.0,0.2027325123874243,0.0,0,1.0579167710195796,107,750257b28f11,0.8879408836364746,1.990454912185669,0.0,0.0,0.0,0,1.0397840589284897,156,ae5e42c6c3d0,0.887687623500824,1.9700883626937866,0.0,0.0,0.0,0,1.0339030921459198,170,57e3b12b8497,0.8874151706695557,1.9481785297393799,0.0,0.11157175065711056,0.0,0,1.0108406690334752,74,318da22b73fb,0.8863943815231323,1.8660894632339478,0.0,0.0,0.0,0,1.0038726478815079,103,6680fc36f234,0.8849004507064819,1.745951771736145,0.0,0.11157175065711056,0.0,0,0.9524462369656043,30,c6a87cc5d35e,0.8810736536979675,1.438211441040039,0.0,0.14384099455923594,0.0,0,0.8587435951646406,121,66497e9d2189,0.8770896792411804,1.1178313493728638,0.0,0.11157175065711056,0.0,0,0.7710718063091712,81,e9ce432833f3,0.8748767375946045,0.939872682094574,0.0,0.11157175065711056,0.0,0,0.7196850178217368
123,05f356a221b7,negotiate labor disputes,212,0cf60304ef43,0.9577358961105347,1.9479559659957886,0.0,0.0,0.0,1,1.1999999910593033,43,61355ce7e829,0.9571633338928223,1.9225651025772095,0.0,0.0,0.0,1,1.1920167684555054,106,48548f20bc23,0.931933581829071,0.8037263751029968,0.20000000298023224,0.0,1.0,1,1.1627531662583352,23,9a8d83e8b2e2,0.9530117511749268,1.7384589910507202,0.0,0.0,0.0,1,1.1341314643621445,40,f64df278da5d,0.9461506605148315,1.4341970682144165,0.0,0.14384099455923594,0.0,1,1.016891544144972,128,54e485ae84d0,0.9454183578491211,1.4017223119735718,0.0,0.14384099455923594,0.0,1,1.0066811045821744,207,7663c229a426,0.939109206199646,1.1219366788864136,0.0,0.0,0.0,1,0.9402891129255295,136,ded8762bb927,0.9382173418998718,1.0823860168457031,0.0,0.0,0.0,1,0.9278538554906846,95,7c80e08ee743,0.9407504796981812,1.1947206258773804,0.0,0.0,0.0,0,0.9131733030080795,79,5b935f6121b7,0.9398590326309204,1.1551884412765503,0.0,0.0,0.0,0,0.9007438868284225
124,3b11edaeeba4,document design or operational test results,220,7cd42be784e2,0.9514135122299194,2.6673107147216797,0.6666666865348816,0.0,1.0,1,1.4166666507720949,74,318da22b73fb,0.9347651600837708,2.009859323501587,0.0,0.11157175065711056,0.0,1,0.992899748442121,197,3a46124701c0,0.9304780960083008,1.8405612707138062,0.125,0.11157175065711056,0.18537911611799004,1,0.9889663434928261,10,365ec2897755,0.9319354295730591,1.8981120586395264,0.0,0.0,0.0,1,0.9772791594266892,156,ae5e42c6c3d0,0.9223353862762451,1.519001841545105,0.0,0.11157175065711056,0.0,1,0.8507723537659125,175,825fff3275ff,0.9165549874305725,1.2907311916351318,0.0,0.0,0.0,1,0.8014125108718873,148,253c9a1feb09,0.9120185971260071,1.1115869283676147,0.1111111119389534,0.0,0.18932881590276396,1,0.8022888126253318,146,284cc33eb902,0.9119563102722168,1.109127163887024,0.125,0.11157175065711056,0.20672659898572063,1,0.7892558903935083,211,c7ea79acedc2,0.9134629964828491,1.1686270236968994,0.0,0.0,0.0,1,0.7660573974251748,140,f07eaef01260,0.9136973023414612,1.177879810333252,0.125,0.11157175065711056,0.18537911611799004,0,0.7512587926691375
125,12a1310a48ad,create graphical representations of mechanical equipment,97,48c561c86be0,0.9742279052734375,5.567540645599365,0.375,0.09116076173031373,1.0,1,1.461325873819524,127,3d77dabe7560,0.8994888663291931,1.9276388883590698,0.125,0.11157175065711056,0.19207913329378754,1,0.6149215256503856,218,2f93e8f923e8,0.8895174860954285,1.442017912864685,0.0,0.0,0.0,1,0.4925913169980049,16,6e6ec1a475b8,0.875940203666687,0.7807841300964355,0.0,0.0,0.0,1,0.37920870184898375,60,90e3d91fbf4d,0.8647894859313965,0.23772762715816498,0.2222222238779068,0.09116076173031373,0.44955736568804944,0,0.3706368158130459,161,f1f35b083d3a,0.8624640703201294,0.12447644770145416,0.1111111119389534,0.0,0.31147734369471364,1,0.3715009755489443,112,6379204aa590,0.8848620653152466,1.215291976928711,0.0,0.11157175065711056,0.0,0,0.38697855150455995,91,b1f99c3dcd62,0.8670119643211365,0.3459656238555908,0.0,0.0,0.0,1,0.3046498216688633,56,269bfa3db5c6,0.8673607110977173,0.3629501163959503,0.1111111119389534,0.0,0.17591405771955787,0,0.3141550444262696,165,72ea80489538,0.8811217546463013,1.0331332683563232,0.0,0.11157175065711056,0.0,0,0.35574355697388216
126,ebdb003908ef,research engineering applications of emerging technologies,148,253c9a1feb09,0.9112511873245239,2.837085723876953,0.25,0.0,0.6329560283090435,1,1.3715346039477008,69,636981831618,0.899428129196167,2.3685555458068848,0.25,0.0,0.7463901992985732,1,1.2876780723256067,141,dbc0d59bd942,0.8938966989517212,2.149353265762329,0.4285714328289032,0.0,1.0,0,1.2388086751103402,59,da6e8742f6bf,0.9001172780990601,2.3958654403686523,0.125,0.11157175065711056,0.2930477135581302,1,1.141830070137616,178,78b65ab85b19,0.8835660219192505,1.7399637699127197,0.0,0.0,0.0,0,0.8475211560726166,208,c1c0caaa937b,0.8669655919075012,1.08211350440979,0.125,0.11157175065711056,0.2930477135581302,0,0.7374997390505037,143,fd635c6ca5be,0.8650838136672974,1.0075414180755615,0.0,0.09116076173031373,0.0,1,0.6819165710484326,47,8f3ed6033a9e,0.8707821369171143,1.2333574295043945,0.0,0.0,0.0,0,0.7078486233949661,187,02b0fa193387,0.8580196499824524,0.7275991439819336,0.1111111119389534,0.0,0.26838528221907965,0,0.651361055544237,10,365ec2897755,0.854550302028656,0.5901139974594116,0.1111111119389534,0.0,0.34979526457231086,0,0.6426820530490507
127,3d77dabe7560,design electromechanical equipment or systems,5,abdac161e57b,0.9491155743598938,2.896005153656006,0.1428571492433548,0.0,0.3849529765795053,1,1.3061621059936914,155,f6d7dbe3f71e,0.9334890842437744,2.205490827560425,0.1666666716337204,0.14384099455923594,0.4239065515905266,1,1.1115811143899574,59,da6e8742f6bf,0.9358848333358765,2.3113558292388916,0.0,0.0,0.0,1,1.0414106726646424,162,957f012e4031,0.9349539279937744,2.2702202796936035,0.0,0.14384099455923594,0.0,1,1.0086762806590635,110,d9dbdf9d5d1a,0.9305864572525024,2.0772273540496826,0.0,0.0,0.0,1,0.9779020428657532,165,72ea80489538,0.9123843908309937,1.2729014158248901,0.0,0.0,0.0,1,0.7597243070602417,9,3cdbc3929112,0.9113497734069824,1.2271829843521118,0.0,0.0,0.0,1,0.7473229423165322,74,318da22b73fb,0.8939323425292969,0.4575291574001312,0.3333333432674408,0.0,0.7988308072042788,0,0.7398191735131854,208,c1c0caaa937b,0.9096494317054749,1.1520471572875977,0.0,0.0,0.0,1,0.726941953599453,125,12a1310a48ad,0.8994888663291931,0.7030647993087769,0.125,0.11157175065711056,0.3216504666064781,1,0.6889264029338547
128,54e485ae84d0,design environmental control systems,24,2ae9204d54c8,0.9376288056373596,1.3607286214828491,0.3333333432674408,0.0,1.0,1,1.32227178812027,23,9a8d83e8b2e2,0.9386200308799744,1.4115822315216064,0.1666666716337204,0.14384099455923594,0.6584302078067226,1,1.225621513768919,40,f64df278da5d,0.9478514194488525,1.8851879835128784,0.0,0.0,0.0,1,1.1999999910593033,200,9ff41f315fd5,0.937481164932251,1.3531540632247925,0.1666666716337204,0.14384099455923594,0.5920400494529645,1,1.1838895476643327,123,05f356a221b7,0.9454183578491211,1.7603626251220703,0.0,0.14384099455923594,0.0,1,1.1377309313233932,204,62b52b411f3a,0.9435429573059082,1.6641473770141602,0.0,0.0,0.0,1,1.1279410898685456,43,61355ce7e829,0.9447002410888672,1.7235203981399536,0.0,0.14384099455923594,0.0,1,1.1257204165872177,1,06d678da6c8d,0.9387390613555908,1.4176889657974243,0.0,0.14384099455923594,0.0,0,0.9760198464807112,212,0cf60304ef43,0.933830976486206,1.165885329246521,0.0,0.14384099455923594,0.0,1,0.943932314794882,95,7c80e08ee743,0.9372402429580688,1.3407938480377197,0.0,0.14384099455923594,0.0,0,0.9509521594461042
129,06f6e71fddcf,calibrate scientific or technical equipment,184,389dd43f303d,0.903089702129364,2.312481164932251,0.3333333432674408,0.0,1.0,1,1.385788106918335,189,a49d5a99c1d7,0.9075695276260376,2.461965322494507,0.3333333432674408,0.0,0.7292152533930565,1,1.330671083082826,70,d5bb4574fc4d,0.9141086339950562,2.680164098739624,0.125,0.11157175065711056,0.32181257822744264,1,1.270898624879877,206,c32f9f13a109,0.8935564160346985,1.9943715333938599,0.0,0.11157175065711056,0.0,1,0.9901292202448325,116,1cf7420e0aac,0.8867883682250977,1.7685332298278809,0.0,0.2027325123874243,0.0,1,0.9128538207660929,192,8562bf3caec4,0.8586729168891907,0.8303682804107666,0.2857142984867096,0.11157175065711056,0.9158415841584158,0,0.9016062303591906,33,2be03b534579,0.8811924457550049,1.5818067789077759,0.0,0.11157175065711056,0.0,1,0.8739414689516501,12,9251af4a3821,0.8697794079780579,1.2009730339050293,0.125,0.11157175065711056,0.34603307463253474,0,0.8218574788360644,73,a40c650a049f,0.8628349900245667,0.9692496061325073,0.10000000149011612,0.27980784039629336,0.2754497491607772,1,0.76098294806852,161,f1f35b083d3a,0.8704320192337036,1.2227495908737183,0.0,0.11157175065711056,0.0,1,0.7728226659273582
130,cbb58925807f,select project materials,13,f7e80a0049c6,0.9530614018440247,1.7007468938827515,0.0,0.0,0.0,1,1.1999999910593033,43,61355ce7e829,0.9483112096786499,1.5270694494247437,0.0,0.0,0.0,1,1.141622456908226,118,eb485b5cf6a6,0.9478586912155151,1.5105243921279907,0.0,0.0,0.0,1,1.136061254143715,57,c1933354ef21,0.9449594020843506,1.4045199155807495,0.0,0.0,0.0,1,1.1004303872585297,35,e19513a85bed,0.9445815682411194,1.3907054662704468,0.0,0.0,0.0,1,1.0957870364189148,164,0c9fad019eee,0.9427762031555176,1.3246973752975464,0.0,0.0,0.0,1,1.073599997162819,212,0cf60304ef43,0.9415749311447144,1.2807762622833252,0.0,0.0,0.0,1,1.0588369846343995,106,48548f20bc23,0.9388648271560669,1.181688904762268,0.0,0.0,0.0,1,1.0255311012268067,30,c6a87cc5d35e,0.9431318640708923,1.3377012014389038,0.0,0.0,0.0,0,1.0279708951711655,34,614f5f558eca,0.9398066997528076,1.2161258459091187,0.0,0.20273247072078354,0.0,1,1.006696378128264
131,c3b47654a283,create physical models or prototypes,87,bd28ef3a0af3,0.9019067883491516,2.346789836883545,0.0,0.0,0.0,1,1.1528680056333542,110,d9dbdf9d5d1a,0.9047638177871704,2.5096898078918457,0.0,0.0,0.0,0,1.1499999910593033,158,16ac0e74dbe1,0.8975868821144104,2.100480556488037,0.0,0.0,0.0,0,1.0316032022237778,46,f64f2eefbcb7,0.8938336372375488,1.886480689048767,0.0,0.11157175065711056,0.0,1,1.0029507902836279,67,3574e4789085,0.8936554789543152,1.876322627067566,0.0,0.11157175065711056,0.0,0,0.950011729953237,65,8da0e9e0dffc,0.8901224136352539,1.6748768091201782,0.0,0.11157175065711056,0.0,0,0.8917273280596213,188,be19a52818cf,0.8840498924255371,1.3286381959915161,0.0,0.11157175065711056,0.0,0,0.7915498909925894,192,8562bf3caec4,0.8832264542579651,1.2816879749298096,0.0,0.11157175065711056,0.0,0,0.7779657391285376,93,4b8b2b6692c3,0.8817564845085144,1.1978743076324463,0.0,0.0,0.0,0,0.7704516649246216,161,f1f35b083d3a,0.8739680647850037,0.7537997364997864,0.0,0.11157175065711056,0.0,1,0.6752316159581618
132,22f88df4c22c,program robotic equipment,201,42bb588edac5,0.9465323686599731,1.7250996828079224,0.20000000298023224,0.0,1.0,1,1.4286964178085328,136,ded8762bb927,0.9431952238082886,1.5554674863815308,0.20000000298023224,0.0,1.0,1,1.3792581647634508,74,318da22b73fb,0.9438139200210571,1.5869166851043701,0.1666666716337204,0.14384099455923594,0.9081081081081083,1,1.3406220163745948,1,06d678da6c8d,0.9520204663276672,2.004068374633789,0.0,0.0,0.0,1,1.1999999910593033,135,4055e1544ee0,0.921201229095459,0.4374784231185913,0.20000000298023224,0.0,1.0,1,1.0534274965524675,137,a4f4cc8a14a2,0.9199227094650269,0.3724893033504486,0.20000000298023224,0.0,1.0,1,1.0344868093729018,64,445ae625480e,0.9411982893943787,1.4539601802825928,0.0,0.0,0.0,1,1.033897015452385,85,e9ceea91a9c3,0.941811203956604,1.4851155281066895,0.0,0.0,0.0,1,1.0433042526245118,200,9ff41f315fd5,0.9400671124458313,1.3964606523513794,0.0,0.0,0.0,1,1.016535285115242,156,ae5e42c6c3d0,0.9344096183776855,1.1088814735412598,0.0,0.14384099455923594,0.0,1,0.9081256887134154
133,70f88532846f,fabricate products or components using machine tools,153,8594b6595861,0.8827497959136963,1.8203656673431396,0.10000000149011612,0.09116076173031373,0.29718585331298303,0,1.2203409147304642,73,a40c650a049f,0.8692371845245361,1.3339587450027466,0.0833333358168602,0.07707532800886907,0.46919532908015876,1,1.1681014370809657,116,1cf7420e0aac,0.8800584673881531,1.7234872579574585,0.0,0.0,0.0,1,1.1660695403814316,4,9fc64a999e12,0.8800419569015503,1.7228928804397583,0.0,0.07707532800886907,0.0,1,1.1543000868593845,56,269bfa3db5c6,0.8823593854904175,1.8063123226165771,0.0,0.09116076173031373,0.0,0,1.1314038146411716,86,19ea31d71f7c,0.873262882232666,1.478869915008545,0.0,0.09116076173031373,0.0,1,1.0667212594425022,161,f1f35b083d3a,0.8460098505020142,0.49785563349723816,0.2222222238779068,0.09116076173031373,1.0,0,0.9965901170050443,53,a68e486bae8e,0.865380048751831,1.195115327835083,0.09090909361839294,0.0,0.2741166318229341,0,1.0122351574569968,186,4c7ceb754866,0.8656404614448547,1.2044892311096191,0.0,0.09116076173031373,0.0,1,0.9706229258453191,28,ce1178bafa1d,0.8644192814826965,1.1605310440063477,0.0,0.07707532800886907,0.0,1,0.9573399505650195
134,469df54e4928,inspect facilities or sites to determine if they meet specifications or standards,193,adb21e5e1a03,0.9069209098815918,2.815568685531616,0.1666666716337204,0.29389328800662196,1.0,1,1.4725826665117983,196,0f2541e582f8,0.8843824863433838,2.1832473278045654,0.0,0.20273252627630822,0.0,0,0.9525533403435651,202,8747ed85441f,0.8473958373069763,1.1455771923065186,0.07692307978868484,0.29389328800662196,0.4867919487831312,1,0.8756580820115113,191,a9be4c9c15a1,0.8472264409065247,1.1408246755599976,0.0625,0.05889151088374822,0.409755044845089,0,0.8344817249929941,198,edb3d68bc36f,0.8662538528442383,1.6746437549591064,0.0,0.29389328800662196,0.0,0,0.8045243068888428,153,8594b6595861,0.8651059865951538,1.6424400806427002,0.0,0.29389328800662196,0.0,0,0.7960172339632752,4,9fc64a999e12,0.8529014587402344,1.3000388145446777,0.0,0.12565719826743915,0.0,1,0.7808024648670466,71,1cb040da80f9,0.8237978219985962,0.48352858424186707,0.1428571492433548,0.12565719826743915,0.7367940512406492,0,0.7597214855086598,215,79b70e0eb0dc,0.8562812805175781,1.3948606252670288,0.0,0.20273252627630822,0.0,0,0.7442897196093503,8,04d0abdf0b41,0.8334624171257019,0.7546713352203369,0.0,0.05268025227335804,0.0,1,0.6476824196756665
135,4055e1544ee0,assemble equipment or components,74,318da22b73fb,0.9537601470947266,2.921578884124756,0.1666666716337204,0.14384099455923594,0.5128751268082665,1,1.3245968049117995,140,f07eaef01260,0.9465140104293823,2.4939281940460205,0.0,0.14384099455923594,0.0,1,1.0610516419824203,197,3a46124701c0,0.9465314149856567,2.49495530128479,0.0,0.14384099455923594,0.0,1,1.0613336017545303,162,957f012e4031,0.9114236235618591,0.4229721426963806,0.20000000298023224,0.0,1.0,1,0.8480900466442108,78,98d9410b9c2c,0.9347077012062073,1.797146201133728,0.0,0.14384099455923594,0.0,1,0.8698143264468748,9,3cdbc3929112,0.9300020337104797,1.5194282531738281,0.0,0.14384099455923594,0.0,1,0.7935923984464247,132,22f88df4c22c,0.921201229095459,1.0000245571136475,0.20000000298023224,0.0,0.5647732051162457,0,0.7986285593293099,59,da6e8742f6bf,0.9291508197784424,1.469191551208496,0.0,0.14384099455923594,0.0,1,0.7798046073134978,144,7a053b14e6ec,0.9286863803863525,1.4417814016342163,0.0,0.14384099455923594,0.0,1,0.7722815772708495,155,f6d7dbe3f71e,0.9252808094024658,1.240792155265808,0.0,0.0,0.0,1,0.7386947378516198
136,ded8762bb927,maintain electromechanical equipment,201,42bb588edac5,0.970634400844574,1.9888665676116943,0.5,0.0,1.0,1,1.4499999895691873,43,61355ce7e829,0.9618774056434631,1.6856491565704346,0.20000000298023224,0.0,0.6014235843785536,1,1.284235029453911,1,06d678da6c8d,0.9552658200263977,1.45671808719635,0.0,0.0,0.0,1,1.0431519478559494,132,22f88df4c22c,0.9431952238082886,1.0387648344039917,0.20000000298023224,0.0,0.39857641562144647,1,1.0292045081308707,200,9ff41f315fd5,0.9526460766792297,1.3660075664520264,0.0,0.0,0.0,1,1.01641543507576,30,c6a87cc5d35e,0.9507903456687927,1.3017514944076538,0.0,0.0,0.0,1,0.9974762827157975,85,e9ceea91a9c3,0.9500629305839539,1.2765642404556274,0.0,0.0,0.0,1,0.9900524646043778,95,7c80e08ee743,0.949861466884613,1.2695884704589844,0.0,0.0,0.0,1,0.9879963874816895,31,53acfaed8c01,0.9507675170898438,1.3009611368179321,0.0,0.20273247072078354,0.0,1,0.9668334324524142,118,eb485b5cf6a6,0.9446959495544434,1.0907286405563354,0.0,0.0,0.0,1,0.9352783888578415
137,a4f4cc8a14a2,operate industrial equipment,200,9ff41f315fd5,0.9401931166648865,1.8404221534729004,0.20000000298023224,0.0,0.7755251070700865,1,1.3856343079899722,75,f634ee56b726,0.9250708222389221,1.1255043745040894,0.5,0.0,1.0,1,1.2071937188506128,107,750257b28f11,0.9434773921966553,1.9956886768341064,0.0,0.14384099455923594,0.0,1,1.178423841875418,85,e9ceea91a9c3,0.9368206262588501,1.6809850931167603,0.0,0.0,0.0,0,1.0538257509469986,74,318da22b73fb,0.9265163540840149,1.1938430070877075,0.1666666716337204,0.14384099455923594,0.354427133375659,1,1.0311965814358124,136,ded8762bb927,0.9284451007843018,1.285025954246521,0.20000000298023224,0.0,0.3902917837767673,0,1.0369757172946241,79,5b935f6121b7,0.9336969256401062,1.533309817314148,0.0,0.0,0.0,0,1.0086957812309265,24,2ae9204d54c8,0.9176478385925293,0.7745773196220398,0.1666666716337204,0.14384099455923594,0.5536809747324491,1,0.9765205349061267,95,7c80e08ee743,0.9307862520217896,1.3957055807113647,0.0,0.0,0.0,0,0.9666435122489929,1,06d678da6c8d,0.9303051233291626,1.372959852218628,0.0,0.0,0.0,0,0.9596923589706421
138,ef5aeb4ce41e,repair electronic equipment,75,f634ee56b726,0.9618334770202637,3.318643569946289,0.20000000298023224,0.0,1.0,1,1.5099999994039537,137,a4f4cc8a14a2,0.8988054394721985,1.6535719633102417,0.20000000298023224,0.0,1.0,0,1.0682088047266007,24,2ae9204d54c8,0.9380593299865723,2.690579414367676,0.0,0.14384099455923594,0.0,1,1.0253148427423078,127,3d77dabe7560,0.8720373511314392,0.9464139938354492,0.1666666716337204,0.14384099455923594,0.9081081081081083,0,0.8513904343886441,136,ded8762bb927,0.8492597341537476,0.34467604756355286,0.20000000298023224,0.0,1.0,0,0.7602256298065185,159,3319e1abdfb1,0.9004557132720947,1.6971688270568848,0.0,0.2554127452163465,0.0,1,0.7664062130840337,187,02b0fa193387,0.886245608329773,1.321766972541809,0.0,0.2554127452163465,0.0,1,0.6748910445364034,155,f6d7dbe3f71e,0.8874567747116089,1.3537635803222656,0.0,0.0,0.0,0,0.6710031181573868,114,98e7b9000779,0.888326108455658,1.3767296075820923,0.0,0.20273247072078354,0.0,0,0.6461918894812799,135,4055e1544ee0,0.8260455131530762,-0.2685960829257965,0.20000000298023224,0.0,1.0,0,0.615922736376524
139,80c1c070d6f0,"maintain inventories of materials, equipment, or products",101,ae138f31c069,0.9148638248443604,2.3826568126678467,0.25,0.0,0.7573554506919797,1,1.4150744017817285,49,824d3015533f,0.9077998399734497,2.01780104637146,0.1111111119389534,0.0,0.3515516854834827,1,1.1897795228291845,178,78b65ab85b19,0.8937437534332275,1.2918026447296143,0.25,0.0,1.0,0,1.1261831656098367,185,7b03e0901b8c,0.8994608521461487,1.5870914459228516,0.1111111119389534,0.0,0.3515516854834827,1,1.058695944957862,179,6a5f3442d709,0.9051716923713684,1.8820570707321167,0.0,0.0,0.0,1,1.0446438521146775,189,a49d5a99c1d7,0.8854056596755981,0.861139178276062,0.2857142984867096,0.11157175065711056,0.8269502758907022,1,0.9668287849972482,67,3574e4789085,0.9038922786712646,1.8159751892089844,0.0,0.0,0.0,0,0.9741359502077103,173,49c0d2367c5d,0.8974300622940063,1.4822009801864624,0.0,0.0,0.0,1,0.9205524057149888,84,c6940290ea74,0.893500566482544,1.2792420387268066,0.1111111119389534,0.0,0.30186402088817443,0,0.8976133545264181,110,d9dbdf9d5d1a,0.8986188173294067,1.54360032081604,0.0,0.11157175065711056,0.0,0,0.8728712943767981
140,f07eaef01260,determine operational criteria or specifications,144,7a053b14e6ec,0.9750330448150635,3.0618696212768555,0.6000000238418579,0.0,1.0,1,1.4299999862909318,57,c1933354ef21,0.9431829452514648,1.5205785036087036,0.4000000059604645,0.14384099455923594,0.5433816103870581,1,0.9422804004821635,135,4055e1544ee0,0.9465140104293823,1.681775450706482,0.0,0.14384099455923594,0.0,1,0.8451322218593199,197,3a46124701c0,0.9391172528266907,1.32383131980896,0.1428571492433548,0.0,0.1861833585288367,1,0.8272860570296828,48,23ca56c5d573,0.9413183331489563,1.430346131324768,0.0,0.0,0.0,1,0.8059883743524552,74,318da22b73fb,0.9409106969833374,1.4106197357177734,0.0,0.0,0.0,1,0.8012244731187821,151,506120811a05,0.9323433637619019,0.9960290193557739,0.1666666716337204,0.14384099455923594,0.2050233412371118,1,0.7324106853029483,156,ae5e42c6c3d0,0.9340287446975708,1.0775880813598633,0.0,0.0,0.0,1,0.7207975640892983,170,57e3b12b8497,0.9341881275177002,1.0853009223937988,0.0,0.11157175065711056,0.0,1,0.7059244913434463,68,7a9450b42a26,0.929384708404541,0.8528536558151245,0.0,0.0,0.0,1,0.6665244355797768
141,dbc0d59bd942,research advanced engineering designs or applications,10,365ec2897755,0.9474780559539795,2.3669662475585938,0.25,0.0,0.6866671552611526,1,1.390333498380939,208,c1c0caaa937b,0.9374650716781616,1.7542601823806763,0.125,0.11157175065711056,0.2930477135581302,1,1.0806415362354478,94,832ecabbf00a,0.9413059949874878,1.989290714263916,0.0,0.0,0.0,1,1.086462053656578,175,825fff3275ff,0.9390859603881836,1.853444218635559,0.0,0.0,0.0,1,1.0456233948469162,148,253c9a1feb09,0.9312218427658081,1.3722296953201294,0.1111111119389534,0.0,0.26838528221907965,1,0.9784504352720774,178,78b65ab85b19,0.9341830015182495,1.5534265041351318,0.0,0.0,0.0,1,0.9554311513900757,110,d9dbdf9d5d1a,0.9342821836471558,1.5594955682754517,0.0,0.11157175065711056,0.0,1,0.9405198571657615,59,da6e8742f6bf,0.9289982318878174,1.2361644506454468,0.125,0.11157175065711056,0.2930477135581302,1,0.9282759038802347,188,be19a52818cf,0.9325529336929321,1.4536807537078857,0.0,0.0,0.0,1,0.925445306301117,50,a787a095d9b0,0.9312950372695923,1.3767086267471313,0.0,0.0,0.0,1,0.9023056954145432
142,c71cb5036aef,"coordinate activities with suppliers, contractors, clients, or other departments",4,9fc64a999e12,0.9281389713287354,3.338003396987915,0.1666666716337204,0.0,1.0,1,1.5166666597127916,62,c6d9ce80244c,0.8957026600837708,2.3186395168304443,0.07692307978868484,0.0,0.35121644979786815,1,1.0529113730403303,73,a40c650a049f,0.8857977986335754,2.0073633193969727,0.0,0.0,0.0,1,0.8631086677312851,183,ff9c96c6d776,0.8727888464927673,1.5985357761383057,0.0833333358168602,0.07707532800886907,0.26970467609811594,1,0.8321530534950793,117,f2f5eb941075,0.8533134460449219,0.9864895939826965,0.1538461595773697,0.06676568738369093,0.7940200875584857,0,0.807696218923567,196,0f2541e582f8,0.8840698003768921,1.9530580043792725,0.0,0.07707532800886907,0.0,0,0.7877984545265826,28,ce1178bafa1d,0.870750904083252,1.5344901084899902,0.0,0.0,0.0,1,0.7433867111802102,113,322cdff981bb,0.8695182800292969,1.4957529306411743,0.0,0.07707532800886907,0.0,1,0.7220179445182475,66,196087c93944,0.8629658818244934,1.2898330688476562,0.0,0.06676568738369093,0.0,1,0.6714296010855616,192,8562bf3caec4,0.8655923008918762,1.3723726272583008,0.0,0.1682360897391828,0.0,0,0.6271064217399092
143,fd635c6ca5be,conduct quantitative failure analyses of operational data,220,7cd42be784e2,0.9093670845031738,2.9350714683532715,0.10000000149011612,0.09116076173031373,0.5965677941872675,1,1.3751245940364638,124,3b11edaeeba4,0.8801640272140503,1.8861459493637085,0.10000000149011612,0.09116076173031373,0.5965677941872675,0,1.0373426104224959,69,636981831618,0.880660355091095,1.9039732217788696,0.0,0.09116076173031373,0.0,1,0.8984280217563451,178,78b65ab85b19,0.8819684982299805,1.95095956325531,0.0,0.09116076173031373,0.0,0,0.8615473616992771,51,6385c0e2eb2e,0.8684785962104797,1.466424584388733,0.0,0.09116076173031373,0.0,1,0.7762580502902806,126,ebdb003908ef,0.8650838136672974,1.3444896936416626,0.0,0.09116076173031373,0.0,1,0.7422119517003835,170,57e3b12b8497,0.8666421175003052,1.4004613161087036,0.0,0.09116076173031373,0.0,0,0.7078401405488789,211,c7ea79acedc2,0.8675493001937866,1.4330458641052246,0.0,0.09116076173031373,0.0,0,0.7169382084285557,47,8f3ed6033a9e,0.8709820508956909,1.5563446283340454,0.0,0.09116076173031373,0.0,0,0.7513650614892781,169,2d10ff099811,0.8600959777832031,1.1653348207473755,0.0,0.09116076173031373,0.0,0,0.6421893645202458
144,7a053b14e6ec,determine design criteria or specifications,140,f07eaef01260,0.9750330448150635,3.7268829345703125,0.6000000238418579,0.0,1.0,1,1.4299999862909318,48,23ca56c5d573,0.9466966986656189,2.108698844909668,0.0,0.0,0.0,1,0.8161143392324448,146,284cc33eb902,0.9391341805458069,1.6768314838409424,0.1428571492433548,0.0,0.207623454585402,1,0.769841136961336,7,bfcc3cdee21d,0.9366430044174194,1.5345696210861206,0.0,0.0,0.0,1,0.6799122795462609,197,3a46124701c0,0.9362654685974121,1.5130099058151245,0.0,0.0,0.0,1,0.6747976422309876,175,825fff3275ff,0.9357467293739319,1.4833866357803345,0.0,0.11157175065711056,0.0,1,0.6510342535948234,94,832ecabbf00a,0.9348127245903015,1.4300490617752075,0.0,0.11157175065711056,0.0,1,0.6383808580612617,68,7a9450b42a26,0.9250129461288452,0.870419979095459,0.1428571492433548,0.0,0.207623454585402,1,0.5832871297291469,115,830e9df61ddd,0.9272546172142029,0.998433530330658,0.0,0.0,0.0,1,0.5527234107255936,15,c5e6a1a8c44d,0.926513671875,0.9561208486557007,0.0,0.0,0.0,1,0.5426855191588402
145,7809c19536e4,evaluate technical data to determine effect on designs or plans,22,bab0b2935945,0.9223175644874573,2.1275699138641357,0.1666666716337204,0.0,0.6050933110716082,1,1.3246363975406437,71,1cb040da80f9,0.9065014123916626,1.6376450061798096,0.27272728085517883,0.0,1.0,1,1.2992900624871255,3,33b4e36b0d81,0.9031169414520264,1.5328067541122437,0.27272728085517883,0.0,0.9240729385814057,1,1.2420353070865418,63,50171927f859,0.9281411170959473,2.3079617023468018,0.0,0.0,0.0,1,1.1999999910593033,199,0d99df7b9f80,0.9106906652450562,1.7674123048782349,0.0,0.07707532800886907,0.0,1,1.022373252276102,98,207462e43a8e,0.9030030965805054,1.5292803049087524,0.07692307978868484,0.0,0.22540954689015236,1,1.0274856495751963,191,a9be4c9c15a1,0.9020944833755493,1.5011348724365234,0.0714285746216774,0.06676568738369093,0.21026345085405518,1,1.004500631234983,36,e5bfe7745119,0.898479700088501,1.3891624212265015,0.0833333358168602,0.07707532800886907,0.34087445345512635,0,0.9628991695125797,38,a3c08ed1a115,0.9008357524871826,1.462144136428833,0.0,0.07707532800886907,0.0,1,0.9285900077854785,174,003763627ff4,0.8884149789810181,1.0773952007293701,0.0833333358168602,0.07707532800886907,0.31118957126130986,1,0.9081176453803832
146,284cc33eb902,direct design or development activities,50,a787a095d9b0,0.9363436698913574,2.1736021041870117,0.2857142984867096,0.11157175065711056,0.8316831683168318,1,1.3750066847446365,144,7a053b14e6ec,0.9391341805458069,2.315638303756714,0.1428571492433548,0.0,0.3851737166310073,1,1.3062393650117172,220,7cd42be784e2,0.9358353614807129,2.1477291584014893,0.125,0.11157175065711056,0.3527581068155265,1,1.2303706961743492,25,79d2ac46742b,0.919009804725647,1.2913122177124023,0.3333333432674408,0.0,0.9081081081081083,1,1.1494617303239334,78,98d9410b9c2c,0.931491494178772,1.9266273975372314,0.0,0.0,0.0,1,1.0783678621053696,197,3a46124701c0,0.9298439025878906,1.8427653312683105,0.0,0.0,0.0,1,1.052146750688553,7,bfcc3cdee21d,0.9227931499481201,1.4838836193084717,0.0,0.0,0.0,1,0.9399351358413697,156,ae5e42c6c3d0,0.9071959257125854,0.6899884343147278,0.3333333432674408,0.0,0.9081081081081083,0,0.9223451574670303,140,f07eaef01260,0.922961950302124,1.4924755096435547,0.0,0.0,0.0,1,0.9426215469837189,211,c7ea79acedc2,0.9218984842300415,1.4383453130722046,0.0,0.11157175065711056,0.0,1,0.9089609262918906
147,a2140782858a,design energy-efficient vehicles or vehicle components,127,3d77dabe7560,0.7758212089538574,2.5130059719085693,0.125,0.11157175065711056,0.7328082090878363,0,1.2418382650383146,182,8729852fc4b8,0.7841808795928955,3.0051591396331787,0.0,0.09116076173031373,0.0,0,1.1363258767997562,179,6a5f3442d709,0.77192622423172,2.2836990356445312,0.0,0.0,0.0,0,0.9658208340406418,60,90e3d91fbf4d,0.7549417614936829,1.2837841510772705,0.10000000149011612,0.09116076173031373,0.6190388980878981,0,0.9011879526631134,206,c32f9f13a109,0.7607970237731934,1.6284971237182617,0.0,0.0,0.0,0,0.7985565513372421,139,80c1c070d6f0,0.7611708641052246,1.6505060195922852,0.0,0.0,0.0,0,0.8041751086711884,29,ef7349785e11,0.7414348125457764,0.48859861493110657,0.125,0.11157175065711056,0.7328082090878363,0,0.7362689932950172,5,abdac161e57b,0.7441422343254089,0.6479908227920532,0.125,0.11157175065711056,0.7328082090878363,0,0.7760751282938155,157,018f6a0e7f9a,0.7470262050628662,0.8177769184112549,0.07692307978868484,0.29389328800662196,0.502109328449073,0,0.7153305130944352,133,70f88532846f,0.7248445153236389,-0.48811084032058716,0.10000000149011612,0.09116076173031373,1.0,0,0.5900500398253739
148,253c9a1feb09,research design or application of green technologies,141,dbc0d59bd942,0.9312218427658081,2.220954656600952,0.1111111119389534,0.0,0.42401884209251794,1,1.3255490836888326,59,da6e8742f6bf,0.9312635660171509,2.222913980484009,0.125,0.11157175065711056,0.4629827356902088,1,1.3203081799918452,187,02b0fa193387,0.9253780245780945,1.9465172290802002,0.1111111119389534,0.0,0.42401884209251794,1,1.2365707037240041,126,ebdb003908ef,0.9112511873245239,1.283092737197876,0.25,0.0,1.0,1,1.2027954250574113,176,62eda05f366c,0.915153443813324,1.4663505554199219,0.125,0.11157175065711056,0.6586643407739537,1,1.1441072175974194,74,318da22b73fb,0.9289580583572388,2.114642858505249,0.0,0.11157175065711056,0.0,1,1.1474687633490042,10,365ec2897755,0.9271098375320435,2.027846574783325,0.0,0.0,0.0,1,1.1355088531970978,204,62b52b411f3a,0.9153459072113037,1.475389003753662,0.125,0.11157175065711056,0.4629827356902088,1,1.0785418464118282,124,3b11edaeeba4,0.9120185971260071,1.319131851196289,0.1111111119389534,0.0,0.37342419222110157,1,1.0154511014450567,58,224946bca8ba,0.915299654006958,1.4732167720794678,0.0,0.11157175065711056,0.0,1,0.9354072240566688
149,c9b79bbec6f3,monitor processes for compliance with standards,121,66497e9d2189,0.9364602565765381,2.994081974029541,0.125,0.11157175065711056,0.601859889019715,1,1.3689151836571725,37,78a6d412d86e,0.9306891560554504,2.691701650619507,0.1111111119389534,0.2027325123874243,0.5164041482408172,1,1.2481231752535284,96,1cbedefabffc,0.9121042490005493,1.7179338932037354,0.1111111119389534,0.2027325123874243,0.5551401716072256,1,1.0040980593373803,81,e9ce432833f3,0.9232662916183472,2.3027760982513428,0.0,0.11157175065711056,0.0,1,0.9967954931234794,27,88a991273442,0.8951879143714905,0.8315920829772949,0.1428571492433548,0.0,0.6571659328755808,1,0.8326314378555592,61,dc17b84d2d6b,0.9112718105316162,1.6743178367614746,0.0,0.11157175065711056,0.0,1,0.8272789148067908,191,a9be4c9c15a1,0.8857848644256592,0.3389135003089905,0.20000000298023224,0.3465735277799843,1.0,1,0.7667356355299342,115,830e9df61ddd,0.9009219408035278,1.1320300102233887,0.0,0.0,0.0,1,0.6977412134408951,100,6002eddcd7d0,0.9040229320526123,1.2945083379745483,0.0,0.0,0.0,0,0.6915671601891518,44,2d4009710863,0.9031801223754883,1.2503488063812256,0.0,0.11157175065711056,0.0,0,0.6629200873350577
150,3ffc9e8eaffb,test products for functionality or quality,190,c2a2570c95d4,0.8709631562232971,3.0182182788848877,0.5,0.11157175065711056,1.0,1,1.4332642269706206,202,8747ed85441f,0.8509414196014404,2.5468029975891113,0.125,0.11157175065711056,0.2677922543596666,1,1.127796844782877,198,edb3d68bc36f,0.8337345123291016,2.1416635513305664,0.0,0.11157175065711056,0.0,0,0.8972035196995215,203,79676bc4eb6a,0.8196884989738464,1.8109477758407593,0.1111111119389534,0.2027325123874243,0.24700472776553717,0,0.8649780161487037,104,985eed507e3a,0.822799801826477,1.8842039108276367,0.0,0.2027325123874243,0.0,0,0.8141942129980341,134,469df54e4928,0.8176479935646057,1.7629036903381348,0.0,0.4054650386637325,0.0,0,0.7511175614525992,193,adb21e5e1a03,0.8107040524482727,1.599407434463501,0.0,0.11157175065711056,0.0,0,0.7511712012266593,217,e2bfb92834a7,0.8007400631904602,1.364803671836853,0.0,0.2027325123874243,0.0,0,0.6743170501242891,45,aa03c0034762,0.7670202851295471,0.57086580991745,0.3333333432674408,0.0,0.6996694319667054,0,0.7073408218351573,62,c6d9ce80244c,0.7993926405906677,1.333078384399414,0.0,0.27980784039629336,0.0,0,0.6542119689867901
151,506120811a05,inspect operational processes,85,e9ceea91a9c3,0.9546985030174255,1.8121676445007324,0.20000000298023224,0.0,1.0,1,1.5099999994039537,30,c6a87cc5d35e,0.9502437114715576,1.5914273262023926,0.20000000298023224,0.0,0.7135244600624351,1,1.337780800206232,57,c1933354ef21,0.9495474696159363,1.5569278001785278,0.20000000298023224,0.0,0.7135244600624351,1,1.3265352812834261,164,0c9fad019eee,0.9478573203086853,1.4731788635253906,0.20000000298023224,0.0,0.7135244600624351,1,1.299236339075136,35,e19513a85bed,0.9463014006614685,1.3960812091827393,0.20000000298023224,0.0,0.7135244600624351,1,1.2741055605240343,197,3a46124701c0,0.9392465353012085,1.0465041399002075,0.1666666716337204,0.14384099455923594,0.6479573475161573,1,1.1208000908503952,118,eb485b5cf6a6,0.9424790143966675,1.2066773176193237,0.20000000298023224,0.0,0.7135244600624351,0,1.1623673078842638,100,6002eddcd7d0,0.9318109154701233,0.6780602931976318,0.1666666716337204,0.14384099455923594,0.6479573475161573,1,0.9999804030070724,140,f07eaef01260,0.9323433637619019,0.7044437527656555,0.1666666716337204,0.14384099455923594,0.6479573475161573,1,1.0086319724927366,13,f7e80a0049c6,0.931856632232666,0.6803255677223206,0.20000000298023224,0.0,0.7135244600624351,0,0.990797073883581
152,fbe465293a7d,monitor activities affecting environmental quality,197,3a46124701c0,0.9187113046646118,2.226090669631958,0.125,0.11157175065711056,1.0,1,1.4098892000889258,50,a787a095d9b0,0.9177922606468201,2.149707078933716,0.1111111119389534,0.0,0.6526285949066571,1,1.2854865709891272,100,6002eddcd7d0,0.9228136539459229,2.567044973373413,0.0,0.11157175065711056,0.0,1,1.1832642284607366,81,e9ce432833f3,0.915216326713562,1.9356162548065186,0.0,0.0,0.0,1,1.0137661278247834,121,66497e9d2189,0.9135971665382385,1.8010447025299072,0.0,0.0,0.0,1,0.9740755587816239,67,3574e4789085,0.9055949449539185,1.1359643936157227,0.1111111119389534,0.0,0.6526285949066571,0,0.9422704617133093,176,62eda05f366c,0.9119622707366943,1.6651653051376343,0.0,0.11157175065711056,0.0,1,0.9172634956812339,65,8da0e9e0dffc,0.9015279412269592,0.7979477643966675,0.1111111119389534,0.0,0.6526285949066571,1,0.8945021922340346,112,6379204aa590,0.9072444438934326,1.273057460784912,0.0,0.11157175065711056,0.0,1,0.8016150919174628,105,8bb47fa10a52,0.8919559717178345,0.002402621554210782,0.125,0.11157175065711056,0.9393742112113369,1,0.7470724299354496
153,8594b6595861,prepare drawings or diagrams of products or services,53,a68e486bae8e,0.9488275647163391,2.9049010276794434,0.2222222238779068,0.09116076173031373,1.0,1,1.4918814350044072,186,4c7ceb754866,0.9215609431266785,1.7691571712493896,0.1111111119389534,0.0,0.4958479191036603,1,1.0521020725180759,168,ab35d13698b5,0.9148683547973633,1.490389108657837,0.10000000149011612,0.09116076173031373,0.5820880863340542,1,0.9966558218519376,56,269bfa3db5c6,0.920462965965271,1.723422884941101,0.0,0.0,0.0,1,0.8825949460268021,22,bab0b2935945,0.9118705987930298,1.3655227422714233,0.09090909361839294,0.1682360897391828,0.3878080893764498,1,0.8852988315357657,193,adb21e5e1a03,0.9165902733802795,1.56211256980896,0.0,0.0,0.0,1,0.8392588376998902,184,389dd43f303d,0.9154644012451172,1.51521635055542,0.0,0.11157175065711056,0.0,1,0.8099243668293433,17,e1dbddbff402,0.8986456990242004,0.814662516117096,0.125,0.11157175065711056,0.5414123224807533,1,0.7984218113852481,160,56c85bc2a8f3,0.9141536355018616,1.4606186151504517,0.0,0.11157175065711056,0.0,1,0.7952566770290809,198,edb3d68bc36f,0.9054473638534546,1.0979740619659424,0.0,0.0,0.0,1,0.7145676493644715
154,17f9d29c543d,"explain engineering drawings, specifications, or other technical information",194,094e12b11051,0.8770445585250854,2.793501615524292,0.3333333432674408,0.1682360897391828,1.0,1,1.458097900004241,12,9251af4a3821,0.8447681665420532,1.6472892761230469,0.3333333432674408,0.1682360897391828,0.9201694886820736,0,1.0871214083670138,4,9fc64a999e12,0.8382570743560791,1.416064739227295,0.1666666716337204,0.0,0.4838725028601516,0,0.9230369388419917,53,a68e486bae8e,0.853447675704956,1.9555195569992065,0.0,0.07707532800886907,0.0,0,0.9110200456415805,73,a40c650a049f,0.8492518663406372,1.8065162897109985,0.0,0.0,0.0,0,0.8821435570716858,196,0f2541e582f8,0.8505460023880005,1.8524742126464844,0.0,0.07707532800886907,0.0,0,0.8830546937023791,183,ff9c96c6d776,0.829308032989502,1.0982626676559448,0.0833333358168602,0.07707532800886907,0.21696449191375777,1,0.7943090013782521,98,207462e43a8e,0.8334174752235413,1.2441989183425903,0.07692307978868484,0.0,0.20133569376742783,0,0.7902448980805932,66,196087c93944,0.8328568339347839,1.2242891788482666,0.0,0.06676568738369093,0.0,1,0.7641190556410731,2,771b010da2fa,0.8246914744377136,0.9343175888061523,0.06666667014360428,0.12565719826743915,0.17598231010782578,1,0.7307008347813573
155,f6d7dbe3f71e,design structures or facilities,162,957f012e4031,0.949837863445282,3.4742069244384766,0.0,0.0,0.0,1,1.1999999910593033,127,3d77dabe7560,0.9334890842437744,2.389124870300293,0.1666666716337204,0.14384099455923594,0.5516166948607367,1,1.0901679955901724,205,45b6fa08d56b,0.9313579797744751,2.2476818561553955,0.0,0.0,0.0,1,0.9113181859254837,112,6379204aa590,0.9312435984611511,2.2400901317596436,0.0,0.14384099455923594,0.0,1,0.8879552385028441,165,72ea80489538,0.9068624377250671,0.6218925714492798,0.1666666716337204,0.14384099455923594,1.0,1,0.843212861400469,135,4055e1544ee0,0.9252808094024658,1.8443349599838257,0.0,0.0,0.0,1,0.8163841843605042,24,2ae9204d54c8,0.9063639640808105,0.5888084769248962,0.1666666716337204,0.14384099455923594,0.5516166948607367,1,0.6787175797404865,59,da6e8742f6bf,0.9195112586021423,1.4614051580429077,0.0,0.14384099455923594,0.0,1,0.704679568689688,5,abdac161e57b,0.9061822295188904,0.5767465829849243,0.1666666716337204,0.14384099455923594,0.5516166948607367,1,0.6759609021725277,197,3a46124701c0,0.8988730907440186,0.09163304418325424,0.1666666716337204,0.14384099455923594,0.9394410575141467,0,0.6508299245898648
156,ae5e42c6c3d0,direct quality control activities,64,445ae625480e,0.9583563804626465,2.260239601135254,0.4000000059604645,0.14384099455923594,1.0,1,1.4484238436635575,79,5b935f6121b7,0.9431486129760742,1.5371524095535278,0.1666666716337204,0.14384099455923594,0.4160924470337545,1,1.0907737067724814,35,e19513a85bed,0.9447758793830872,1.614524483680725,0.0,0.14384099455923594,0.0,1,0.9945397129472334,170,57e3b12b8497,0.931495726108551,0.9830900430679321,0.125,0.11157175065711056,0.34605708466173635,1,0.9235893253179914,201,42bb588edac5,0.9409199357032776,1.431185007095337,0.0,0.14384099455923594,0.0,1,0.9423290839608748,30,c6a87cc5d35e,0.9459299445152283,1.669396996498108,0.0,0.14384099455923594,0.0,0,0.9601660987552244,140,f07eaef01260,0.9340287446975708,1.1035280227661133,0.0,0.0,0.0,1,0.8705963969230652,107,750257b28f11,0.9248633980751038,0.6677412390708923,0.1428571492433548,0.0,0.377856924873896,1,0.8614404774306295,1,06d678da6c8d,0.9400621652603149,1.3904004096984863,0.0,0.14384099455923594,0.0,0,0.8807145377811033,132,22f88df4c22c,0.9344096183776855,1.1216374635696411,0.0,0.14384099455923594,0.0,1,0.8541773906167586
157,018f6a0e7f9a,research human performance or health factors related to engineering or design activities,63,50171927f859,0.9077516794204712,2.2943484783172607,0.06666667014360428,0.12565719826743915,0.32726534776289323,1,1.2818160865583101,60,90e3d91fbf4d,0.907791018486023,2.296081304550171,0.0714285746216774,0.20273252627630822,0.3526695071782776,1,1.278738726196035,6,75e527217c38,0.8878378868103027,1.4171218872070312,0.1538461595773697,0.20273252627630822,0.9223744292237442,1,1.1895248117239905,22,bab0b2935945,0.9046859741210938,2.1593003273010254,0.0,0.12565719826743915,0.0,0,1.0876396332029612,192,8562bf3caec4,0.8967431783676147,1.8094106912612915,0.0,0.29389328800662196,0.0,1,1.0010998471930268,98,207462e43a8e,0.8987997770309448,1.9000062942504883,0.0,0.12565719826743915,0.0,0,1.005154836559704,206,c32f9f13a109,0.8837041854858398,1.2350273132324219,0.07692307978868484,0.29389328800662196,0.4341535553198962,0,0.9094657817538887,209,2ac9980eb5e6,0.8697150349617004,0.6187884211540222,0.1538461595773697,0.20273252627630822,0.753121644961926,1,0.8831210521814852,141,dbc0d59bd942,0.8675433397293091,0.5231226086616516,0.1666666716337204,0.29389328800662196,1.0,0,0.8749295949294807,65,8da0e9e0dffc,0.8828301429748535,1.196524739265442,0.07692307978868484,0.29389328800662196,0.37508646934378126,0,0.8767078920677127
158,16ac0e74dbe1,analyze test or validation data,172,2c5271f1a3e4,0.9319353103637695,2.5840694904327393,0.25,0.2027325123874243,1.0,1,1.469590117181422,188,be19a52818cf,0.9288572072982788,2.3784983158111572,0.0,0.11157175065711056,0.0,1,1.1245383349632696,220,7cd42be784e2,0.9129948019981384,1.3191274404525757,0.125,0.11157175065711056,0.5943481014861793,1,1.0127834789870602,44,2d4009710863,0.9203621745109558,1.811157464981079,0.0,0.11157175065711056,0.0,1,0.962465110180326,67,3574e4789085,0.9195813536643982,1.7590103149414062,0.0,0.11157175065711056,0.0,1,0.9475681213116126,93,4b8b2b6692c3,0.9129406213760376,1.3155089616775513,0.0,0.0,0.0,1,0.8376081317663193,98,207462e43a8e,0.9139586687088013,1.383499264717102,0.0,0.27980784039629336,0.0,1,0.8150598146603513,50,a787a095d9b0,0.9121687412261963,1.2639589309692383,0.0,0.11157175065711056,0.0,1,0.8061459389900641,141,dbc0d59bd942,0.9139990210533142,1.3861942291259766,0.0,0.11157175065711056,0.0,0,0.79106511151547,7,bfcc3cdee21d,0.9131063222885132,1.3265752792358398,0.0,0.0,0.0,0,0.7907694429159164
159,3319e1abdfb1,analyze green technology design requirements,24,2ae9204d54c8,0.9422856569290161,2.871279001235962,0.125,0.11157175065711056,0.41748444363266374,1,1.3043837777717044,75,f634ee56b726,0.91800856590271,2.0827653408050537,0.1428571492433548,0.2554127452163465,0.45972989328596897,1,1.082296641654571,204,62b52b411f3a,0.9275482892990112,2.392613172531128,0.0,0.11157175065711056,0.0,1,1.0514619973873571,187,02b0fa193387,0.9187726378440857,2.1075823307037354,0.0,0.0,0.0,1,0.9897135674953461,148,253c9a1feb09,0.8841109275817871,0.9817789196968079,0.25,0.0,1.0,0,0.9523408696055412,109,d052bd1e246e,0.9110333919525146,1.8562135696411133,0.0,0.11157175065711056,0.0,1,0.9037626562094169,176,62eda05f366c,0.8865605592727661,1.0613423585891724,0.125,0.11157175065711056,0.6744074482592283,0,0.8567691026310915,137,a4f4cc8a14a2,0.9088090062141418,1.7839661836624146,0.0,0.2554127452163465,0.0,0,0.8122929203899418,85,e9ceea91a9c3,0.8865064978599548,1.0595864057540894,0.1428571492433548,0.2554127452163465,0.5623184396830341,0,0.7934665637507254,138,ef5aeb4ce41e,0.9004557132720947,1.5126533508300781,0.0,0.2554127452163465,0.0,1,0.7875860679538762
160,56c85bc2a8f3,assist engineers or scientists with research,53,a68e486bae8e,0.9211733341217041,2.2902684211730957,0.0,0.2027325123874243,0.0,1,1.1695901142011897,198,edb3d68bc36f,0.9156829714775085,2.055016040802002,0.0,0.11157175065711056,0.0,1,1.1110786972021536,153,8594b6595861,0.9141536355018616,1.9894866943359375,0.0,0.11157175065711056,0.0,1,1.0909714726185278,111,059770361813,0.9112186431884766,1.8637274503707886,0.0,0.11157175065711056,0.0,1,1.0523831126665548,184,389dd43f303d,0.9022364616394043,1.4788568019866943,0.0,0.0,0.0,1,0.9510240435600281,12,9251af4a3821,0.9017606973648071,1.4584710597991943,0.0,0.11157175065711056,0.0,1,0.9280331162189918,192,8562bf3caec4,0.8985456228256226,1.3207108974456787,0.0,0.11157175065711056,0.0,1,0.885762366411634,196,0f2541e582f8,0.8961620330810547,1.2185782194137573,0.0,0.2027325123874243,0.0,1,0.8407495306383387,36,e5bfe7745119,0.8988503217697144,1.3337666988372803,0.0,0.2027325123874243,0.0,0,0.8260943250309244,189,a49d5a99c1d7,0.8930764198303223,1.0863651037216187,0.0,0.0,0.0,1,0.830590757727623
161,f1f35b083d3a,assemble mechanical components or machine parts,181,49ccfbfcfc0a,0.9087085723876953,2.751741647720337,0.0,0.11157175065711056,0.0,1,1.1832642284607366,184,389dd43f303d,0.9073636531829834,2.681354522705078,0.0,0.11157175065711056,0.0,1,1.164480271694608,206,c32f9f13a109,0.892595648765564,1.908462643623352,0.0,0.0,0.0,1,0.9749570518732071,21,c9b70de179fe,0.8924248814582825,1.89952552318573,0.0,0.11157175065711056,0.0,1,0.9558362690185981,153,8594b6595861,0.8829435706138611,1.4033156633377075,0.0,0.0,0.0,0,0.7901502251625061,127,3d77dabe7560,0.8827561736106873,1.3935081958770752,0.0,0.11157175065711056,0.0,0,0.7707971779083685,209,2ac9980eb5e6,0.875649094581604,1.0215551853179932,0.0,0.09116076173031373,0.0,1,0.724597013381654,131,c3b47654a283,0.8739680647850037,0.9335774779319763,0.0,0.11157175065711056,0.0,1,0.6980570731138663,158,16ac0e74dbe1,0.8782365322113037,1.1569701433181763,0.0,0.11157175065711056,0.0,0,0.7076730576729254,65,8da0e9e0dffc,0.8772028684616089,1.1028728485107422,0.0,0.0,0.0,0,0.709972083568573
162,957f012e4031,fabricate devices or components,155,f6d7dbe3f71e,0.949837863445282,3.089454412460327,0.0,0.0,0.0,1,1.1999999910593033,135,4055e1544ee0,0.9114236235618591,1.3370367288589478,0.20000000298023224,0.0,0.9076624092068203,1,1.0151326106798724,112,6379204aa590,0.9369491338729858,2.501483917236328,0.0,0.14384099455923594,0.0,1,1.017636959832533,127,3d77dabe7560,0.9349539279937744,2.4104647636413574,0.0,0.14384099455923594,0.0,1,0.9927467009242613,110,d9dbdf9d5d1a,0.9296815395355225,2.1699438095092773,0.0,0.14384099455923594,0.0,1,0.9269736906703551,5,abdac161e57b,0.9011721611022949,0.8693757057189941,0.1666666716337204,0.14384099455923594,1.0,1,0.9055830946382124,7,bfcc3cdee21d,0.9196878671646118,1.7140429019927979,0.0,0.14384099455923594,0.0,1,0.8023026338037093,93,4b8b2b6692c3,0.9150012135505676,1.5002427101135254,0.0,0.14384099455923594,0.0,1,0.7438366389092047,165,72ea80489538,0.9061254858970642,1.0953412055969238,0.0,0.14384099455923594,0.0,1,0.6331119215305884,195,6b483cafcca2,0.9048495292663574,1.0371334552764893,0.0,0.14384099455923594,0.0,1,0.617194322329386
163,3ac212a9f7c3,collaborate with others to develop or refine designs,3,33b4e36b0d81,0.9250744581222534,2.9572763442993164,0.09090909361839294,0.1682360897391828,0.8559322033898304,1,1.4343164341263201,169,2d10ff099811,0.926710844039917,3.041083335876465,0.0,0.0,0.0,1,1.1999999910593033,102,f2c8cd5b27ab,0.8893368244171143,1.1269818544387817,0.1111111119389534,0.0,1.0,1,1.0306874975562095,84,c6940290ea74,0.89200758934021,1.263764500617981,0.1111111119389534,0.0,0.796698358151167,0,0.9450541603292001,49,824d3015533f,0.8870903849601746,1.01193106174469,0.1111111119389534,0.0,0.796698358151167,0,0.8796532693232072,117,f2f5eb941075,0.9010148048400879,1.725066900253296,0.0,0.23500177712287373,0.0,1,0.8162471034362229,36,e5bfe7745119,0.9002904891967773,1.6879712343215942,0.0,0.09116076173031373,0.0,1,0.8279997695361913,38,a3c08ed1a115,0.900178849697113,1.6822535991668701,0.0,0.09116076173031373,0.0,0,0.776485632744962,103,6680fc36f234,0.8918505907058716,1.2557238340377808,0.0,0.0,0.0,1,0.7272077679634095,141,dbc0d59bd942,0.8675923347473145,0.013343079015612602,0.1111111119389534,0.0,1.0,0,0.6914765000343323
164,0c9fad019eee,schedule operational activities,57,c1933354ef21,0.9650684595108032,1.7013906240463257,0.20000000298023224,0.0,0.9140999932321264,1,1.4799349970351978,13,f7e80a0049c6,0.9601189494132996,1.5333043336868286,0.20000000298023224,0.0,0.9140999932321264,1,1.4265186256896778,35,e19513a85bed,0.9586453437805176,1.4832603931427002,0.20000000298023224,0.0,0.9140999932321264,1,1.4106151527892872,118,eb485b5cf6a6,0.9566521048545837,1.415569543838501,0.20000000298023224,0.0,0.9140999932321264,1,1.3891035980712696,30,c6a87cc5d35e,0.9508439302444458,1.2183228731155396,0.20000000298023224,0.0,0.9140999932321264,1,1.3264204329978748,151,506120811a05,0.9478573203086853,1.1168969869613647,0.20000000298023224,0.0,0.9140999932321264,1,1.2941881633531376,79,5b935f6121b7,0.9395838975906372,0.8359298706054688,0.20000000298023224,0.0,1.0,0,1.1849643722176553,1,06d678da6c8d,0.9599510431289673,1.527602195739746,0.0,0.0,0.0,1,1.1427813649177552,64,445ae625480e,0.9296332001686096,0.4980022609233856,0.20000000298023224,0.0,1.0,1,1.1275739535689355,85,e9ceea91a9c3,0.9568387269973755,1.4219073057174683,0.0,0.0,0.0,1,1.1079820573329926
165,72ea80489538,test characteristics of materials or structures,19,9d76ae41867e,0.9614475965499878,3.439293384552002,0.1428571492433548,0.0,0.8092021272299822,1,1.4546493087213583,218,2f93e8f923e8,0.9245221614837646,1.6453229188919067,0.125,0.11157175065711056,0.7411009581066669,1,1.0063184779373409,45,aa03c0034762,0.9240805506706238,1.6238678693771362,0.1428571492433548,0.0,0.6896042941786663,1,0.9978610348276532,155,f6d7dbe3f71e,0.9068624377250671,0.7873499393463135,0.1666666716337204,0.14384099455923594,1.0,1,0.8915428554829199,208,c1c0caaa937b,0.9022662043571472,0.5640484094619751,0.1428571492433548,0.0,0.8092021272299822,1,0.7974906657140799,99,78b76b55f875,0.9255356788635254,1.6945631504058838,0.0,0.0,0.0,1,0.7910690933465958,84,c6940290ea74,0.9258671402931213,1.7106667757034302,0.0,0.11157175065711056,0.0,1,0.7781077203726249,206,c32f9f13a109,0.8903990983963013,-0.012498307973146439,0.125,0.11157175065711056,0.8316831683168318,1,0.6579081320109769,112,6379204aa590,0.916043221950531,1.233385443687439,0.0,0.0,0.0,1,0.6829780593514443,195,6b483cafcca2,0.9142541885375977,1.1464678049087524,0.0,0.0,0.0,1,0.6626062422990799
166,505ab84c8d87,implement transportation changes to reduce environmental impact,92,3f67b920ee49,0.9497259259223938,3.441490650177002,0.3333333432674408,0.0,1.0,1,1.4833333134651185,96,1cbedefabffc,0.9132830500602722,2.1370978355407715,0.09090909361839294,0.0,0.26092971675493165,1,0.952314199601752,81,e9ce432833f3,0.9190679788589478,2.3441567420959473,0.0,0.09116076173031373,0.0,1,0.9120890338098347,37,78a6d412d86e,0.9118252992630005,2.084920883178711,0.0,0.0,0.0,1,0.860977041721344,100,6002eddcd7d0,0.9134501218795776,2.143077850341797,0.0,0.2027325123874243,0.0,0,0.7951012955557123,149,c9b79bbec6f3,0.8930595517158508,1.413241982460022,0.0,0.2027325123874243,0.0,1,0.6627066196452395,121,66497e9d2189,0.8926474452018738,1.3984915018081665,0.0,0.09116076173031373,0.0,0,0.6257560882841885,40,f64df278da5d,0.8921759128570557,1.381614089012146,0.0,0.2027325123874243,0.0,0,0.6048024775038973,94,832ecabbf00a,0.8880237340927124,1.2329959869384766,0.0,0.09116076173031373,0.0,0,0.5843967978035748,152,fbe465293a7d,0.8668716549873352,0.47590360045433044,0.10000000149011612,0.09116076173031373,0.28288914836302004,0,0.48709092304758733
167,00c6f12023ab,document organizational or operational procedures,7,bfcc3cdee21d,0.9206034541130066,2.702251672744751,0.0,0.0,0.0,1,1.1999999910593033,87,bd28ef3a0af3,0.9066770076751709,1.9993085861206055,0.1428571492433548,0.0,0.4519999013847615,1,1.1422946776228426,67,3574e4789085,0.9119799137115479,2.266974925994873,0.0,0.11157175065711056,0.0,1,1.0643078265165762,33,2be03b534579,0.8956790566444397,1.4441823959350586,0.125,0.11157175065711056,0.4139603057236677,1,0.9668080320091444,9,3cdbc3929112,0.9009374976158142,1.7096043825149536,0.0,0.0,0.0,1,0.9287203282117844,184,389dd43f303d,0.9000616073608398,1.6653934717178345,0.0,0.0,0.0,1,0.9166379451751709,25,79d2ac46742b,0.8912393450737,1.2200860977172852,0.1428571492433548,0.0,0.3569604347521631,1,0.9013686320812602,188,be19a52818cf,0.8936786651611328,1.3432118892669678,0.0,0.11157175065711056,0.0,0,0.7618534711574988,50,a787a095d9b0,0.893196165561676,1.3188574314117432,0.0,0.11157175065711056,0.0,0,0.7551977035974936,49,824d3015533f,0.8928713798522949,1.3024637699127197,0.0,0.11157175065711056,0.0,0,0.7507175055717902
168,ab35d13698b5,"negotiate contracts for transportation, distribution, or logistics services",53,a68e486bae8e,0.9369135499000549,2.7606289386749268,0.20000000298023224,0.0,1.0,1,1.5099999994039537,22,bab0b2935945,0.9347329139709473,2.660419464111328,0.0,0.07707532800886907,0.0,1,1.1606466553246173,153,8594b6595861,0.9148683547973633,1.7475597858428955,0.10000000149011612,0.09116076173031373,0.4872692670905731,1,1.0607919896786202,214,fc824bfe7bf0,0.9213746786117554,2.0465526580810547,0.0,0.09116076173031373,0.0,1,0.9882840354120076,63,50171927f859,0.9169988632202148,1.8454655408859253,0.0,0.07707532800886907,0.0,1,0.9346274218594226,120,a04637eaf44a,0.8960344195365906,0.8820614814758301,0.1111111119389534,0.2027325123874243,0.6517384218794826,1,0.8645423308132856,17,e1dbddbff402,0.8918095827102661,0.6879125237464905,0.1111111119389534,0.2027325123874243,0.7045809296176904,1,0.8302324478867592,173,49c0d2367c5d,0.8934335112571716,0.7625388503074646,0.10000000149011612,0.09116076173031373,0.5318793705036615,1,0.8079709640841655,98,207462e43a8e,0.9024492502212524,1.1768498420715332,0.0,0.07707532800886907,0.0,1,0.7491935721670779,36,e5bfe7745119,0.9000260829925537,1.0654951333999634,0.0,0.0,0.0,1,0.7298717379570008
169,2d10ff099811,coordinate with external parties to exchange information,163,3ac212a9f7c3,0.926710844039917,3.1548547744750977,0.0,0.0,0.0,1,1.1999999910593033,67,3574e4789085,0.8948917388916016,1.2138564586639404,0.1111111119389534,0.0,0.9158415841584159,0,0.9788581641151173,121,66497e9d2189,0.9103740453720093,2.1582930088043213,0.0,0.0,0.0,1,0.9542147845029831,117,f2f5eb941075,0.909735918045044,2.1193666458129883,0.0,0.23500177712287373,0.0,1,0.9093639978005799,110,d9dbdf9d5d1a,0.8897312879562378,0.8990636467933655,0.125,0.11157175065711056,1.0,0,0.9140057919001059,38,a3c08ed1a115,0.905964732170105,1.8893204927444458,0.0,0.09116076173031373,0.0,1,0.8742030847942174,3,33b4e36b0d81,0.906436562538147,1.9181026220321655,0.0,0.1682360897391828,0.0,1,0.8697404007624121,63,50171927f859,0.8869515061378479,0.7294940948486328,0.09090909361839294,0.1682360897391828,0.6336546008399262,0,0.7396446126823055,199,0d99df7b9f80,0.8760792016983032,0.06627236306667328,0.10000000149011612,0.09116076173031373,0.6828424009051258,1,0.656821368803934,141,dbc0d59bd942,0.8942427635192871,1.174268364906311,0.0,0.0,0.0,0,0.6615215688943863
170,57e3b12b8497,develop procedures to evaluate organizational activities,48,23ca56c5d573,0.9273286461830139,1.559761881828308,0.5,0.11157175065711056,1.0,1,1.3062217993115859,156,ae5e42c6c3d0,0.931495726108551,1.8322585821151733,0.125,0.11157175065711056,0.26894271777556683,1,1.1989671927494305,175,825fff3275ff,0.9269031882286072,1.5319401025772095,0.25,0.0,0.5701932972982668,1,1.2082205974271198,42,853f8faf3522,0.9289096593856812,1.6631486415863037,0.1111111119389534,0.0,0.24630892469544485,1,1.15898340113879,140,f07eaef01260,0.9341881275177002,2.00832200050354,0.0,0.11157175065711056,0.0,1,1.1832642284607366,10,365ec2897755,0.9318046569824219,1.8524603843688965,0.0,0.0,0.0,1,1.1516522943973542,94,832ecabbf00a,0.9249393343925476,1.4035183191299438,0.1111111119389534,0.0,0.2850966486491334,1,1.093579001387472,115,830e9df61ddd,0.9184011220932007,0.9759669303894043,0.2857142984867096,0.11157175065711056,0.6887052809344597,1,1.0628476864970604,151,506120811a05,0.9292287826538086,1.6840169429779053,0.0,0.2554127452163465,0.0,0,1.0110898483188664,144,7a053b14e6ec,0.9263840317726135,1.4979909658432007,0.0,0.11157175065711056,0.0,1,1.024961429593511
171,02b5b4014078,develop organizational goals or objectives,48,23ca56c5d573,0.9253939390182495,2.624833583831787,0.3333333432674408,0.0,1.0,1,1.4833333134651185,93,4b8b2b6692c3,0.9190167784690857,2.2165799140930176,0.1428571492433548,0.0,0.5,1,1.2321558058261872,87,bd28ef3a0af3,0.9168410301208496,2.0772926807403564,0.1428571492433548,0.0,0.5,1,1.1931684076786042,7,bfcc3cdee21d,0.9146506786346436,1.937070608139038,0.0,0.0,0.0,1,1.0025860249996186,94,832ecabbf00a,0.9107786417007446,1.6891902685165405,0.125,0.11157175065711056,0.45792079207920794,0,1.0058098947894878,144,7a053b14e6ec,0.9125512838363647,1.8026713132858276,0.0,0.0,0.0,0,0.9140084087848663,46,f64f2eefbcb7,0.9017500877380371,1.1111994981765747,0.125,0.11157175065711056,0.45792079207920794,1,0.8935114017021962,115,830e9df61ddd,0.8987855315208435,0.921414315700531,0.1428571492433548,0.0,0.5,1,0.8696306630969048,175,825fff3275ff,0.8958478569984436,0.7333499789237976,0.2857142984867096,0.11157175065711056,0.9158415841584159,0,0.8807165159989535,127,3d77dabe7560,0.898821234703064,0.9236999154090881,0.0,0.0,0.0,1,0.7117104634642601
172,2c5271f1a3e4,analyze data to assess operational or project effectiveness,22,bab0b2935945,0.9585162401199341,3.036583423614502,0.30000001192092896,0.07707532800886907,0.9279661016949153,1,1.4532268250670075,36,e5bfe7745119,0.9555478096008301,2.8709776401519775,0.3333333432674408,0.0,1.0,1,1.441088879108429,158,16ac0e74dbe1,0.9319353103637695,1.553659439086914,0.25,0.2027325123874243,0.8801861777961298,1,1.0435562355043322,98,207462e43a8e,0.9320167899131775,1.5582051277160645,0.0,0.07707532800886907,0.0,1,0.7881114563976916,63,50171927f859,0.923902153968811,1.1054975986480713,0.0833333358168602,0.07707532800886907,0.32461845161524416,1,0.7700519409284431,44,2d4009710863,0.9233367443084717,1.0739538669586182,0.10000000149011612,0.09116076173031373,0.2780473124144358,1,0.7414285193662444,55,4805101e52c6,0.9279853105545044,1.333292841911316,0.0,0.09116076173031373,0.0,1,0.725095166650945,120,a04637eaf44a,0.926925778388977,1.2741825580596924,0.0,0.2027325123874243,0.0,1,0.6923530535351053,38,a3c08ed1a115,0.925281286239624,1.1824380159378052,0.0,0.0,0.0,1,0.6979195728898049,90,2e4769a8f723,0.9244349002838135,1.1352189779281616,0.0,0.0,0.0,1,0.6851332664489747
173,49c0d2367c5d,"manage operations, research, or logistics projects",188,be19a52818cf,0.9304254651069641,2.428093910217285,0.0,0.0,0.0,1,1.1999999910593033,67,3574e4789085,0.9222078323364258,1.9860501289367676,0.0,0.0,0.0,1,1.0645461708307267,50,a787a095d9b0,0.9204068183898926,1.8891698122024536,0.0,0.0,0.0,1,1.0348595410585404,60,90e3d91fbf4d,0.9198591709136963,1.859710693359375,0.0,0.09116076173031373,0.0,1,1.0121583629524051,192,8562bf3caec4,0.9084951877593994,1.2484180927276611,0.1111111119389534,0.0,0.5560473517382611,1,1.0178959345352216,141,dbc0d59bd942,0.9102892875671387,1.3449264764785767,0.1111111119389534,0.0,0.39085207463724925,0,0.9390788905670069,178,78b65ab85b19,0.9034445285797119,0.9767324924468994,0.1111111119389534,0.0,0.5560473517382611,1,0.93625309075232,219,573d5b3bbb3d,0.9141753911972046,1.5539681911468506,0.0,0.11157175065711056,0.0,1,0.9154091653799491,98,207462e43a8e,0.9061034917831421,1.119763731956482,0.09090909361839294,0.1682360897391828,0.4199115939187996,1,0.9089835701433151,110,d9dbdf9d5d1a,0.913192629814148,1.501103401184082,0.0,0.11157175065711056,0.0,1,0.8992100981449561
174,003763627ff4,evaluate environmental impact of operational or development activities,215,79b70e0eb0dc,0.9648659229278564,3.927602529525757,0.3333333432674408,0.0,1.0,1,1.4833333134651185,22,bab0b2935945,0.9134147763252258,1.5317845344543457,0.1818181872367859,0.07707532800886907,0.5235980832109007,1,0.8217356568446156,98,207462e43a8e,0.913522481918335,1.5367999076843262,0.0833333358168602,0.07707532800886907,0.37502306972242444,1,0.7814414472615311,71,1cb040da80f9,0.901890754699707,0.9951695203781128,0.1818181872367859,0.07707532800886907,0.6199919832486741,1,0.740437689929583,36,e5bfe7745119,0.9078109264373779,1.2708418369293213,0.20000000298023224,0.0,0.49198901888855406,1,0.7645180397529885,172,2c5271f1a3e4,0.9143017530441284,1.5730865001678467,0.09090909361839294,0.0,0.23495489286163354,1,0.7510669124560815,56,269bfa3db5c6,0.9140130877494812,1.5596448183059692,0.0,0.09116076173031373,0.0,1,0.6621240738903821,179,6a5f3442d709,0.9132522344589233,1.524215817451477,0.0,0.09116076173031373,0.0,1,0.6542810488616765,65,8da0e9e0dffc,0.9025038480758667,1.0237181186676025,0.10000000149011612,0.09116076173031373,0.27866571089057224,1,0.6321972039133632,196,0f2541e582f8,0.9052587747573853,1.1520010232925415,0.0,0.0,0.0,1,0.5855568453669548
175,825fff3275ff,develop sustainable organizational policies or practices,94,832ecabbf00a,0.9834346771240234,4.078968048095703,0.4285714328289032,0.0,1.0,1,1.464285695552826,48,23ca56c5d573,0.9492742419242859,2.336226224899292,0.2857142984867096,0.11157175065711056,0.5052099744862176,1,0.9414733767221894,115,830e9df61ddd,0.9303066730499268,1.3685696125030518,0.2857142984867096,0.11157175065711056,0.6314759749430577,1,0.7849595926171375,87,bd28ef3a0af3,0.9291245341300964,1.3082611560821533,0.2857142984867096,0.11157175065711056,0.6314759749430577,1,0.7724506712919308,170,57e3b12b8497,0.9269031882286072,1.1949361562728882,0.25,0.0,0.4626923033660904,1,0.7098399162464529,141,dbc0d59bd942,0.9390859603881836,1.8164570331573486,0.0,0.0,0.0,1,0.7061829000711441,144,7a053b14e6ec,0.9357467293739319,1.6461015939712524,0.0,0.11157175065711056,0.0,1,0.6522651863669829,93,4b8b2b6692c3,0.9246389865875244,1.0794248580932617,0.125,0.11157175065711056,0.2526049872431088,1,0.6062259374700986,220,7cd42be784e2,0.9241783618927002,1.0559253692626953,0.0,0.0,0.0,1,0.5401887401938439,11,810124c49b5c,0.9235141277313232,1.0220385789871216,0.0,0.0,0.0,1,0.5327925488352776
176,62eda05f366c,identify opportunities for green initiatives,69,636981831618,0.9239507913589478,2.0553853511810303,0.125,0.11157175065711056,0.4805198872670078,1,1.2553703263580864,81,e9ce432833f3,0.9167336225509644,1.479135513305664,0.2857142984867096,0.11157175065711056,1.0,1,1.23971711969132,74,318da22b73fb,0.9242503046989441,2.0792999267578125,0.0,0.0,0.0,1,1.1346532583236695,123,05f356a221b7,0.9269282817840576,2.293121099472046,0.0,0.14384099455923594,0.0,0,1.128423841875418,148,253c9a1feb09,0.915153443813324,1.3529671430587769,0.125,0.11157175065711056,0.4281843884896617,1,1.0270508966857652,137,a4f4cc8a14a2,0.9183705449104309,1.6098344326019287,0.0,0.14384099455923594,0.0,1,0.9696020385440428,107,750257b28f11,0.9121345281600952,1.1119239330291748,0.0,0.0,0.0,1,0.8390098541975022,152,fbe465293a7d,0.9119622707366943,1.0981701612472534,0.0,0.11157175065711056,0.0,1,0.8180707422470527,40,f64df278da5d,0.9137491583824158,1.2408429384231567,0.0,0.0,0.0,0,0.828409269452095,212,0cf60304ef43,0.9140013456344604,1.2609786987304688,0.0,0.14384099455923594,0.0,0,0.8129869124110777
177,ff18586218d4,estimate cost or material requirements,14,ccf9fc39d00f,0.9435174465179443,3.4234941005706787,0.25,0.2027325123874243,0.7671232876712328,1,1.3880832678663535,106,48548f20bc23,0.9181026816368103,1.782130479812622,0.4000000059604645,0.14384099455923594,1.0,0,1.0330322912152847,44,2d4009710863,0.9219011068344116,2.027444362640381,0.0,0.11157175065711056,0.0,1,0.8492472497200446,144,7a053b14e6ec,0.9183805584907532,1.8000766038894653,0.0,0.0,0.0,1,0.8115832686424256,208,c1c0caaa937b,0.910987138748169,1.3225867748260498,0.0,0.0,0.0,1,0.6973397538065911,19,9d76ae41867e,0.9103745222091675,1.283022165298462,0.0,0.0,0.0,1,0.6878734931349755,112,6379204aa590,0.9099345207214355,1.2546055316925049,0.0,0.0,0.0,1,0.6810745999217034,13,f7e80a0049c6,0.9063998460769653,1.0263253450393677,0.1666666716337204,0.14384099455923594,0.5,0,0.7131715467389662,205,45b6fa08d56b,0.9091128706932068,1.2015408277511597,0.0,0.14384099455923594,0.0,1,0.6468022665198881,100,6002eddcd7d0,0.9072023034095764,1.0781505107879639,0.0,0.0,0.0,0,0.5888562202453613
178,78b65ab85b19,manage inventories of products or organizational resources,188,be19a52818cf,0.936987578868866,2.289496898651123,0.1111111119389534,0.0,0.33646821104623564,1,1.2955416440278111,47,8f3ed6033a9e,0.9291709065437317,1.8771306276321411,0.1111111119389534,0.0,0.3595777148082827,1,1.1793757287587963,49,824d3015533f,0.9282611608505249,1.8291372060775757,0.1111111119389534,0.0,0.33646821104623564,1,1.1568260937243522,141,dbc0d59bd942,0.9341830015182495,2.1415421962738037,0.0,0.0,0.0,1,1.1545398563146592,197,3a46124701c0,0.9244027137756348,1.6255860328674316,0.0,0.11157175065711056,0.0,1,0.9792727259373145,60,90e3d91fbf4d,0.9231375455856323,1.558842420578003,0.0,0.09116076173031373,0.0,1,0.9618269045030415,7,bfcc3cdee21d,0.9209985733032227,1.446001648902893,0.0,0.11157175065711056,0.0,1,0.9240940836643653,220,7cd42be784e2,0.9190932512283325,1.3454868793487549,0.0,0.0,0.0,1,0.9099459826946259,50,a787a095d9b0,0.9180753827095032,1.2917895317077637,0.0,0.0,0.0,1,0.8934470444917679,10,365ec2897755,0.9156180024147034,1.1621512174606323,0.0,0.0,0.0,1,0.853614765405655
179,6a5f3442d709,monitor performance of organizational members or partners,67,3574e4789085,0.9299083352088928,2.7743563652038574,0.0,0.0,0.0,1,1.1999999910593033,49,824d3015533f,0.9221272468566895,2.2824387550354004,0.0,0.0,0.0,1,1.0666704207658768,172,2c5271f1a3e4,0.9209244251251221,2.2063965797424316,0.0,0.09116076173031373,0.0,1,1.032385810104543,178,78b65ab85b19,0.9074802994728088,1.3564636707305908,0.1111111119389534,0.0,0.3977122867188747,1,0.9400969686536653,174,003763627ff4,0.9132522344589233,1.7213634252548218,0.0,0.09116076173031373,0.0,1,0.9009221185123265,56,269bfa3db5c6,0.9106311798095703,1.5556613206863403,0.0,0.0,0.0,1,0.869684311747551,19,9d76ae41867e,0.9089974164962769,1.4523752927780151,0.0,0.11157175065711056,0.0,1,0.8249538419222312,38,a3c08ed1a115,0.89013671875,0.2600085437297821,0.2222222238779068,0.09116076173031373,1.0,0,0.7867291588460743,7,bfcc3cdee21d,0.9104111790657043,1.5417529344558716,0.0,0.11157175065711056,0.0,0,0.7991787788843588,139,80c1c070d6f0,0.9051716923713684,1.2105144262313843,0.0,0.0,0.0,1,0.7761355072259903
180,893bb3cbc01a,"evaluate potential of products, technologies, or resources",101,ae138f31c069,0.925616979598999,3.140683889389038,0.1111111119389534,0.0,0.504652183047788,1,1.3544060342283546,185,7b03e0901b8c,0.8967534303665161,1.8538799285888672,0.1111111119389534,0.0,0.3476324478220875,1,0.9818976034523227,181,49ccfbfcfc0a,0.9020576477050781,2.0903542041778564,0.0,0.11157175065711056,0.0,1,0.9189614084934669,206,c32f9f13a109,0.8988049626350403,1.9453420639038086,0.0,0.0,0.0,1,0.8992065817117691,165,72ea80489538,0.899968147277832,1.997199535369873,0.0,0.11157175065711056,0.0,0,0.8455201235985236,139,80c1c070d6f0,0.882400393486023,1.2139883041381836,0.1111111119389534,0.0,0.3476324478220875,1,0.8239881058336475,195,6b483cafcca2,0.8664785623550415,0.5041561126708984,0.2857142984867096,0.11157175065711056,1.0,0,0.7956374158536867,153,8594b6595861,0.8815360069274902,1.1754519939422607,0.1111111119389534,0.0,0.3476324478220875,0,0.7644782667161204,120,a04637eaf44a,0.8872307538986206,1.4293370246887207,0.0,0.11157175065711056,0.0,0,0.7026244399523215,56,269bfa3db5c6,0.8856965899467468,1.3609403371810913,0.0,0.0,0.0,0,0.702148973941803
181,49ccfbfcfc0a,analyze chemical compounds or substances,206,c32f9f13a109,0.8970196843147278,1.9750703573226929,0.125,0.11157175065711056,1.0,1,1.3868454334711509,21,c9b70de179fe,0.9086995124816895,2.358142375946045,0.0,0.0,0.0,1,1.1999038189649582,161,f1f35b083d3a,0.9087085723876953,2.3584394454956055,0.0,0.11157175065711056,0.0,1,1.1832642284607366,127,3d77dabe7560,0.9011188745498657,2.1095147132873535,0.0,0.0,0.0,1,1.1194097131490708,180,893bb3cbc01a,0.9020576477050781,2.1403043270111084,0.0,0.11157175065711056,0.0,1,1.1126422462439016,5,abdac161e57b,0.8986497521400452,2.0285329818725586,0.0,0.0,0.0,1,1.0931917011737824,165,72ea80489538,0.8987266421318054,2.031054735183716,0.0,0.0,0.0,0,1.044008120894432,120,a04637eaf44a,0.8665913939476013,0.9770911335945129,0.0,0.0,0.0,0,0.7027839943766594,162,957f012e4031,0.8660752773284912,0.9601637125015259,0.0,0.14384099455923594,0.0,0,0.6757276004370291,153,8594b6595861,0.8625242710113525,0.8436987400054932,0.0,0.11157175065711056,0.0,0,0.642861991879888
182,8729852fc4b8,develop new or advanced products or production methods,49,824d3015533f,0.9140496253967285,3.164571523666382,0.375,0.09116076173031373,1.0,1,1.461325873819524,195,6b483cafcca2,0.8952693939208984,2.081604480743408,0.25,0.2027325123874243,0.8497635933548328,0,1.1016073302355764,56,269bfa3db5c6,0.9035005569458008,2.5562567710876465,0.0,0.09116076173031373,0.0,1,1.0304713834201633,36,e5bfe7745119,0.8888152837753296,1.7094265222549438,0.0,0.0,0.0,0,0.7771817296743393,185,7b03e0901b8c,0.8803307414054871,1.220163106918335,0.10000000149011612,0.09116076173031373,0.2723643804374668,1,0.7721463722536471,67,3574e4789085,0.883912205696106,1.4266891479492188,0.0,0.09116076173031373,0.0,0,0.6910684589421093,188,be19a52818cf,0.8758532404899597,0.9619668126106262,0.10000000149011612,0.09116076173031373,0.2723643804374668,0,0.6571451676437762,110,d9dbdf9d5d1a,0.8824595212936401,1.3429197072982788,0.0,0.2027325123874243,0.0,0,0.652870293105723,47,8f3ed6033a9e,0.8796699047088623,1.1820557117462158,0.0,0.09116076173031373,0.0,0,0.6283916119610607,9,3cdbc3929112,0.8655663132667542,0.3687683641910553,0.25,0.2027325123874243,0.6909004381714385,0,0.6262448310799557
183,ff9c96c6d776,collaborate on research activities with scientists or technical specialists,4,9fc64a999e12,0.9021545052528381,2.5025720596313477,0.0833333358168602,0.07707532800886907,0.24844143221238224,1,1.258726527459051,160,56c85bc2a8f3,0.8528185486793518,1.1329805850982666,0.25,0.2027325123874243,1.0,0,1.046055959309222,62,c6d9ce80244c,0.8804917931556702,1.901203989982605,0.0,0.07707532800886907,0.0,1,1.0169700614248904,142,c71cb5036aef,0.8727888464927673,1.687366247177124,0.0833333358168602,0.07707532800886907,0.24844143221238224,1,1.0296548060244577,28,ce1178bafa1d,0.8771519660949707,1.8084887266159058,0.0,0.07707532800886907,0.0,1,0.9905340156590137,186,4c7ceb754866,0.8640072345733643,1.4435843229293823,0.10000000149011612,0.09116076173031373,0.29025830694119903,1,0.9712174201268123,116,1cf7420e0aac,0.8712663650512695,1.6451014280319214,0.0,0.0,0.0,1,0.9555085629224778,133,70f88532846f,0.860015869140625,1.3327819108963013,0.0,0.0,0.0,1,0.8664565563201905,73,a40c650a049f,0.860790491104126,1.3542858362197876,0.0,0.07707532800886907,0.0,1,0.861026742223421,86,19ea31d71f7c,0.858739972114563,1.2973623275756836,0.0,0.09116076173031373,0.0,1,0.8426832545673192
184,389dd43f303d,supervise scientific or technical personnel,12,9251af4a3821,0.9482594728469849,3.1156764030456543,0.5,0.11157175065711056,1.0,1,1.4332642269706206,189,a49d5a99c1d7,0.9242176413536072,1.8892371654510498,0.1428571492433548,0.0,0.2693182019271702,1,0.9613884419955202,192,8562bf3caec4,0.9122904539108276,1.2807989120483398,0.2857142984867096,0.11157175065711056,0.6528130274623498,1,0.9109391334790915,120,a04637eaf44a,0.9189705848693848,1.6215705871582031,0.0,0.0,0.0,1,0.8198406726121903,129,06f6e71fddcf,0.903089702129364,0.811443567276001,0.3333333432674408,0.0,0.7128012516075388,1,0.8305139390916532,67,3574e4789085,0.9229012727737427,1.8220856189727783,0.0,0.11157175065711056,0.0,1,0.8541238484358268,153,8594b6595861,0.9154644012451172,1.4427106380462646,0.0,0.11157175065711056,0.0,1,0.7575958547567802,108,3f3251058257,0.91478431224823,1.4080173969268799,0.0,0.11157175065711056,0.0,1,0.7487685856794791,65,8da0e9e0dffc,0.9171448945999146,1.5284371376037598,0.0,0.11157175065711056,0.0,1,0.7794081298088508,206,c32f9f13a109,0.9131553173065186,1.3249180316925049,0.0,0.11157175065711056,0.0,1,0.7276248661255317
185,7b03e0901b8c,"establish standards for products, processes, or procedures",56,269bfa3db5c6,0.9246866703033447,3.128080368041992,0.1111111119389534,0.0,0.541878705375928,1,1.3674353170432034,89,b03b706832f2,0.9024028182029724,2.2889339923858643,0.10000000149011612,0.09116076173031373,0.4225593676441211,1,1.0925792101493472,139,80c1c070d6f0,0.8994608521461487,2.178147792816162,0.1111111119389534,0.0,0.4581212946240719,1,1.0877094578705844,180,893bb3cbc01a,0.8967534303665161,2.0761940479278564,0.1111111119389534,0.0,0.4581212946240719,1,1.0608335298262652,182,8729852fc4b8,0.8803307414054871,1.4577622413635254,0.10000000149011612,0.09116076173031373,0.4225593676441211,1,0.8730431217423076,33,2be03b534579,0.8882439136505127,1.7557498216629028,0.0,0.0,0.0,1,0.8311130583286286,153,8594b6595861,0.8778342604637146,1.3637518882751465,0.1111111119389534,0.0,0.4581212946240719,0,0.8230273333154734,167,00c6f12023ab,0.8671506643295288,0.9614380598068237,0.125,0.11157175065711056,0.6481136166584944,0,0.7653643262199398,49,824d3015533f,0.8550081253051758,0.5041846036911011,0.25,0.0,1.0,0,0.775353892147541,101,ae138f31c069,0.8823952078819275,1.5355042219161987,0.0,0.0,0.0,1,0.771910297870636
186,4c7ceb754866,prepare scientific or technical reports or presentations,153,8594b6595861,0.9215609431266785,2.4722516536712646,0.1111111119389534,0.0,0.4101586208757149,1,1.321333287468129,53,a68e486bae8e,0.9117550253868103,2.229553461074829,0.0,0.09116076173031373,0.0,1,1.114267631260091,116,1cf7420e0aac,0.9070556163787842,2.1132423877716064,0.0,0.09116076173031373,0.0,1,1.0797343988096058,12,9251af4a3821,0.8777226209640503,1.3872456550598145,0.1111111119389534,0.0,0.34603307463253474,1,0.9829710646086308,70,d5bb4574fc4d,0.8896691203117371,1.6829235553741455,0.0,0.0,0.0,1,0.9656448394060135,198,edb3d68bc36f,0.8749966621398926,1.3197777271270752,0.1111111119389534,0.0,0.34603307463253474,1,0.9633266179376218,4,9fc64a999e12,0.8776192665100098,1.3846876621246338,0.09090909361839294,0.1682360897391828,0.2961808520159832,1,0.942448488639904,76,298036041aa4,0.8840478658676147,1.5437965393066406,0.0,0.0,0.0,1,0.9243374049663544,184,389dd43f303d,0.8517791032791138,0.7451391816139221,0.2857142984867096,0.11157175065711056,1.0,0,0.9388138709043936,183,ff9c96c6d776,0.8640072345733643,1.0477875471115112,0.10000000149011612,0.09116076173031373,0.3191720597067215,1,0.8624614469326435
187,02b0fa193387,research methods to improve food products,204,62b52b411f3a,0.9507684707641602,3.2208263874053955,0.2857142984867096,0.11157175065711056,1.0,1,1.4761213747238593,148,253c9a1feb09,0.9253780245780945,2.1094932556152344,0.1111111119389534,0.0,0.4212923481389641,1,1.0533990265939301,24,2ae9204d54c8,0.9334773421287537,2.463998317718506,0.0,0.11157175065711056,0.0,1,0.9944970635151343,205,45b6fa08d56b,0.9109622240066528,1.4785174131393433,0.1428571492433548,0.2554127452163465,0.5065538947861354,1,0.8866426583300085,159,3319e1abdfb1,0.9187726378440857,1.8203771114349365,0.0,0.0,0.0,1,0.8507017225027085,107,750257b28f11,0.9121494889259338,1.530483603477478,0.0,0.11157175065711056,0.0,1,0.7616611001467185,208,c1c0caaa937b,0.8971667289733887,0.8746921420097351,0.125,0.11157175065711056,0.4600056990490311,0,0.6968174941492636,75,f634ee56b726,0.9036548137664795,1.1586740016937256,0.0,0.2554127452163465,0.0,1,0.6473485801013028,85,e9ceea91a9c3,0.9051972031593323,1.2261838912963867,0.0,0.2554127452163465,0.0,0,0.6141868624480282,176,62eda05f366c,0.9005035161972046,1.020742416381836,0.0,0.11157175065711056,0.0,0,0.5845221129631476
188,be19a52818cf,prepare compounds or solutions for products or testing,7,bfcc3cdee21d,0.931056797504425,2.078575849533081,0.125,0.11157175065711056,1.0,1,1.4095652935480552,178,78b65ab85b19,0.936987578868866,2.403813362121582,0.1111111119389534,0.0,0.5713762711927642,1,1.3777594650790963,49,824d3015533f,0.931536078453064,2.1048591136932373,0.1111111119389534,0.0,0.5713762711927642,1,1.2868127013252053,141,dbc0d59bd942,0.9325529336929321,2.1606221199035645,0.0,0.0,0.0,1,1.1245594948530198,173,49c0d2367c5d,0.9304254651069641,2.0439541339874268,0.0,0.0,0.0,1,1.0883677780628205,158,16ac0e74dbe1,0.9288572072982788,1.957952618598938,0.0,0.11157175065711056,0.0,1,1.044953438398786,67,3574e4789085,0.9236078262329102,1.6700823307037354,0.0,0.0,0.0,1,0.9723886877298356,60,90e3d91fbf4d,0.9185749292373657,1.394083857536316,0.0,0.09116076173031373,0.0,1,0.8730968225871861,50,a787a095d9b0,0.9168322086334229,1.29851496219635,0.0,0.0,0.0,1,0.8571244955062867,47,8f3ed6033a9e,0.9155223369598389,1.2266830205917358,0.0,0.0,0.0,1,0.8348414182662964
189,a49d5a99c1d7,maintain laboratory or technical equipment,219,573d5b3bbb3d,0.9183146357536316,2.172697067260742,0.3333333432674408,0.0,1.0,1,1.4138895064592363,184,389dd43f303d,0.9242176413536072,2.4198243618011475,0.1428571492433548,0.0,0.35997609583434625,1,1.2974201977328859,129,06f6e71fddcf,0.9075695276260376,1.7228567600250244,0.3333333432674408,0.0,0.6947557570667873,1,1.1806470388915273,67,3574e4789085,0.9226840138435364,2.355619430541992,0.0,0.11157175065711056,0.0,1,1.1641121534084753,27,88a991273442,0.902452826499939,1.5086477994918823,0.1428571492433548,0.0,0.5051588000296591,1,1.0831860575580263,192,8562bf3caec4,0.9028671979904175,1.5259952545166016,0.125,0.11157175065711056,0.32968107786808937,1,1.0128225997111882,12,9251af4a3821,0.8992422819137573,1.374239444732666,0.125,0.11157175065711056,0.32968107786808937,1,0.9685384050033178,139,80c1c070d6f0,0.8854056596755981,0.7949740290641785,0.2857142984867096,0.11157175065711056,0.7692505709578638,1,0.934755487229724,25,79d2ac46742b,0.9014168977737427,1.46527898311615,0.0,0.0,0.0,1,0.9152622848749161,160,56c85bc2a8f3,0.8930764198303223,1.1161078214645386,0.0,0.0,0.0,1,0.8111056864261628
190,c2a2570c95d4,test quality of materials or finished products,45,aa03c0034762,0.9314368367195129,2.850630760192871,0.5,0.11157175065711056,0.987754052668767,1,1.428978145404689,193,adb21e5e1a03,0.913520872592926,2.2009167671203613,0.0,0.0,0.0,1,1.0307371497154236,150,3ffc9e8eaffb,0.8709631562232971,0.6575818061828613,0.5,0.11157175065711056,1.0,1,0.9116142032122092,104,985eed507e3a,0.9031251668930054,1.82392156124115,0.0,0.09116076173031373,0.0,1,0.9188486028587163,22,bab0b2935945,0.9025835990905762,1.8042819499969482,0.09090909361839294,0.1682360897391828,0.20992189430736577,0,0.9117714169556438,203,79676bc4eb6a,0.8666073679924011,0.4996212124824524,0.375,0.09116076173031373,0.9052883817920178,1,0.855638617856753,215,79b70e0eb0dc,0.8986327052116394,1.661004662513733,0.0,0.09116076173031373,0.0,1,0.8764056850349248,108,3f3251058257,0.8828924894332886,1.090193271636963,0.0,0.0,0.0,1,0.7413725659251214,56,269bfa3db5c6,0.8886518478393555,1.29905366897583,0.0,0.0,0.0,0,0.7457846403121948,84,c6940290ea74,0.8863555192947388,1.2157784700393677,0.0,0.0,0.0,0,0.7240899056196213
191,a9be4c9c15a1,monitor operational procedures in technical environments to ensure conformance to standards,215,79b70e0eb0dc,0.9180784225463867,2.0939745903015137,0.07692307978868484,0.14384101539256,0.30891784412363016,1,1.2680636508021188,22,bab0b2935945,0.9183140397071838,2.1039083003997803,0.0714285746216774,0.06676568738369093,0.1867301957293569,1,1.2410549930228052,36,e5bfe7745119,0.9163963794708252,2.0230588912963867,0.07692307978868484,0.14384101539256,0.20122523375401016,1,1.2082633230825954,3,33b4e36b0d81,0.9062695503234863,1.5961068868637085,0.1538461595773697,0.06676568738369093,0.3910078427175226,1,1.1399086122777682,38,a3c08ed1a115,0.9129858613014221,1.8792698383331299,0.0,0.14384101539256,0.0,1,1.1074434091010663,199,0d99df7b9f80,0.9088265299797058,1.70391047000885,0.0,0.14384101539256,0.0,1,1.0520340223470304,145,7809c19536e4,0.9020944833755493,1.4200841188430786,0.0714285746216774,0.06676568738369093,0.20427764698816564,1,1.0338086348073823,63,50171927f859,0.9045509696006775,1.5236507654190063,0.0,0.06676568738369093,0.0,1,1.0066375998381556,149,c9b79bbec6f3,0.8857848644256592,0.7324627041816711,0.20000000298023224,0.3465735277799843,0.8180918493887839,1,0.9760748665002145,62,c6d9ce80244c,0.8957369923591614,1.15204918384552,0.0714285746216774,0.06676568738369093,0.1867301957293569,1,0.9440264365567026
192,8562bf3caec4,manage scientific or technical project resources,67,3574e4789085,0.9392316341400146,2.9486441612243652,0.0,0.0,0.0,1,1.1999999910593033,184,389dd43f303d,0.9122904539108276,1.4935060739517212,0.2857142984867096,0.11157175065711056,0.897766079882997,1,1.082531866421922,172,2c5271f1a3e4,0.9118783473968506,1.4712475538253784,0.10000000149011612,0.09116076173031373,0.5295170095169822,1,0.9760291005359926,173,49c0d2367c5d,0.9084951877593994,1.2885174751281738,0.1111111119389534,0.0,0.5115547518810235,1,0.9355652123002421,98,207462e43a8e,0.9122312068939209,1.4903061389923096,0.09090909361839294,0.1682360897391828,0.2659011224507953,1,0.8782695094118927,12,9251af4a3821,0.9073197841644287,1.2250319719314575,0.1111111119389534,0.0,0.3106567569227112,1,0.8491415518202268,188,be19a52818cf,0.9128981232643127,1.52632737159729,0.0,0.0,0.0,1,0.8319758653640748,84,c6940290ea74,0.9030939340591431,0.9967867732048035,0.1111111119389534,0.0,0.3106567569227112,1,0.7912243368901692,189,a49d5a99c1d7,0.9028671979904175,0.9845404028892517,0.125,0.11157175065711056,0.3392035940453388,1,0.7798222293737748,60,90e3d91fbf4d,0.9058855772018433,1.1475681066513062,0.0,0.09116076173031373,0.0,1,0.7202978644644559
193,adb21e5e1a03,inspect condition or functioning of facilities or equipment,215,79b70e0eb0dc,0.9244942665100098,2.4058456420898438,0.0,0.09116076173031373,0.0,1,1.1863258767997562,134,469df54e4928,0.9069209098815918,1.8064128160476685,0.1666666716337204,0.29389328800662196,0.6359760982179913,1,1.1689948769598342,153,8594b6595861,0.9165902733802795,2.136237859725952,0.0,0.0,0.0,1,1.1183941692113877,190,c2a2570c95d4,0.913520872592926,2.0315396785736084,0.0,0.0,0.0,1,1.0867037057876587,198,edb3d68bc36f,0.9122151136398315,1.986999750137329,0.0,0.0,0.0,1,1.0732222080230713,56,269bfa3db5c6,0.9018574357032776,1.6336960792541504,0.1111111119389534,0.0,0.233706428918948,1,1.0303743292985346,196,0f2541e582f8,0.9010838270187378,1.607308030128479,0.0,0.09116076173031373,0.0,1,0.9446216512595952,53,a68e486bae8e,0.8916341066360474,1.2849750518798828,0.0,0.09116076173031373,0.0,1,0.8470567453777135,22,bab0b2935945,0.8912256956100464,1.2710440158843994,0.0,0.1682360897391828,0.0,0,0.7812787453840704,76,298036041aa4,0.8736412525177002,0.6712329387664795,0.1111111119389534,0.0,0.233706428918948,1,0.7446819876728441
194,094e12b11051,review details of technical drawings or specifications,154,17f9d29c543d,0.8770445585250854,2.0142555236816406,0.3333333432674408,0.1682360897391828,1.0,1,1.2671975146244499,98,207462e43a8e,0.8973736763000488,2.7984890937805176,0.09090909361839294,0.1682360897391828,0.23522387984709392,0,1.1889111049003012,145,7809c19536e4,0.8774528503417969,2.030006170272827,0.09090909361839294,0.1682360897391828,0.23522387984709392,1,1.043472600681246,71,1cb040da80f9,0.8693395853042603,1.7170218229293823,0.09090909361839294,0.1682360897391828,0.33009250963308323,1,0.997079222467617,63,50171927f859,0.8837546110153198,2.2731082439422607,0.0,0.1682360897391828,0.0,0,0.9890046875189276,196,0f2541e582f8,0.8510342836380005,1.0108606815338135,0.10000000149011612,0.09116076173031373,0.46842617389350766,0,0.8263804266614693,61,dc17b84d2d6b,0.837218165397644,0.47787830233573914,0.25,0.0,0.7826641966662988,0,0.8003519743101561,22,bab0b2935945,0.8643738031387329,1.525457501411438,0.0,0.1682360897391828,0.0,0,0.7958096425245733,214,fc824bfe7bf0,0.8609548211097717,1.3935638666152954,0.0,0.0,0.0,0,0.7869633734226227,3,33b4e36b0d81,0.8549286127090454,1.161091685295105,0.09090909361839294,0.1682360897391828,0.23522387984709392,0,0.7724925301498777
195,6b483cafcca2,evaluate new technologies or methods,19,9d76ae41867e,0.9355672001838684,2.92922306060791,0.1428571492433548,0.0,0.49003355853039093,1,1.3429403096765014,49,824d3015533f,0.9251915812492371,2.2032129764556885,0.125,0.11157175065711056,0.6081668370377118,1,1.1827281434604882,110,d9dbdf9d5d1a,0.9302814602851868,2.5593655109405518,0.0,0.0,0.0,1,1.1018917739391327,141,dbc0d59bd942,0.9165095686912537,1.5957090854644775,0.0,0.11157175065711056,0.0,1,0.8295370069717841,45,aa03c0034762,0.9074074625968933,0.9588100910186768,0.1428571492433548,0.0,0.49003355853039093,1,0.8332552776068184,165,72ea80489538,0.9142541885375977,1.4378939867019653,0.0,0.0,0.0,1,0.8044109076261521,182,8729852fc4b8,0.8952693939208984,0.10947665572166443,0.25,0.2027325123874243,1.0,1,0.7541459472428576,93,4b8b2b6692c3,0.9118329286575317,1.2684719562530518,0.0,0.0,0.0,1,0.7594700485467911,9,3cdbc3929112,0.9023965001106262,0.60817950963974,0.1428571492433548,0.0,0.519731345504769,1,0.7529521996335059,197,3a46124701c0,0.9099581837654114,1.1372909545898438,0.0,0.0,0.0,0,0.6746731027960777
196,0f2541e582f8,review documents or materials for compliance with policies or regulations,53,a68e486bae8e,0.9285882711410522,2.3548758029937744,0.0,0.0,0.0,1,1.1999999910593033,215,79b70e0eb0dc,0.915240466594696,1.765729308128357,0.0,0.0,0.0,1,1.0183322459459305,22,bab0b2935945,0.9156712293624878,1.7847423553466797,0.0,0.07707532800886907,0.0,1,1.0126337490116748,4,9fc64a999e12,0.9135481119155884,1.6910320520401,0.0,0.07707532800886907,0.0,1,0.9837374768292102,62,c6d9ce80244c,0.912216305732727,1.6322486400604248,0.0,0.07707532800886907,0.0,1,0.9656111381088885,116,1cf7420e0aac,0.8916687965393066,0.7253210544586182,0.09090909361839294,0.0,0.7529785271710857,1,0.9508196108221358,153,8594b6595861,0.9074159860610962,1.4203717708587646,0.0,0.09116076173031373,0.0,1,0.8981645096217931,174,003763627ff4,0.9052587747573853,1.325156569480896,0.0,0.0,0.0,1,0.8824782699346543,56,269bfa3db5c6,0.9039876461029053,1.269051432609558,0.0,0.09116076173031373,0.0,1,0.851503743616277,36,e5bfe7745119,0.9023851156234741,1.1983188390731812,0.0,0.0,0.0,1,0.8433669537305832
197,3a46124701c0,monitor facilities or operational systems,74,318da22b73fb,0.9450438618659973,2.1342241764068604,0.1428571492433548,0.0,0.6200267009843741,1,1.359430862120616,151,506120811a05,0.9392465353012085,1.7933831214904785,0.1666666716337204,0.14384099455923594,0.526541143601611,1,1.1879291033372683,7,bfcc3cdee21d,0.9454963207244873,2.160825490951538,0.0,0.0,0.0,1,1.1793015331029892,140,f07eaef01260,0.9391172528266907,1.7857822179794312,0.1428571492433548,0.0,0.4781562817571387,1,1.1942081735896308,135,4055e1544ee0,0.9465314149856567,2.221681594848633,0.0,0.14384099455923594,0.0,1,1.178423841875418,124,3b11edaeeba4,0.9304780960083008,1.2778620719909668,0.125,0.11157175065711056,0.43791540655975564,1,0.9975003912396682,78,98d9410b9c2c,0.9356436729431152,1.581560730934143,0.0,0.0,0.0,1,0.9822815090417862,144,7a053b14e6ec,0.9362654685974121,1.6181179285049438,0.0,0.0,0.0,1,0.9947153508663178,220,7cd42be784e2,0.92714524269104,1.0819143056869507,0.125,0.11157175065711056,0.43791540655975564,1,0.9323032289095176,152,fbe465293a7d,0.9187113046646118,0.5860595703125,0.125,0.11157175065711056,0.672280910198057,1,0.8493468917032134
198,edb3d68bc36f,advise customers on technical or procedural issues,116,1cf7420e0aac,0.9228286743164062,2.256240129470825,0.10000000149011612,0.09116076173031373,0.43836057305897985,1,1.319752066641563,160,56c85bc2a8f3,0.9156829714775085,2.000337600708008,0.0,0.11157175065711056,0.0,1,1.1030132797932104,193,adb21e5e1a03,0.9122151136398315,1.8761461973190308,0.0,0.0,0.0,1,1.0808027416467667,120,a04637eaf44a,0.9085448384284973,1.7447059154510498,0.0,0.11157175065711056,0.0,1,1.0228473571514562,53,a68e486bae8e,0.9093114137649536,1.7721586227416992,0.0,0.09116076173031373,0.0,1,1.0345181513702213,153,8594b6595861,0.9054473638534546,1.6337789297103882,0.0,0.0,0.0,1,1.0047964185476304,111,059770361813,0.8834073543548584,0.8444797992706299,0.1111111119389534,0.0,0.47525230445503264,1,0.909943826390442,108,3f3251058257,0.8941227197647095,1.2282196283340454,0.0,0.0,0.0,1,0.8776132196187973,62,c6d9ce80244c,0.8946614861488342,1.2475138902664185,0.0,0.1682360897391828,0.0,1,0.8584285418699713,215,79b70e0eb0dc,0.8927232027053833,1.1780998706817627,0.0,0.09116076173031373,0.0,1,0.8482216585552037
199,0d99df7b9f80,communicate organizational information to customers or other stakeholders,22,bab0b2935945,0.9320647716522217,2.4341742992401123,0.0,0.07707532800886907,0.0,1,1.188438691857973,38,a3c08ed1a115,0.9195332527160645,1.9741517305374146,0.09090909361839294,0.0,0.38364270309152354,1,1.177966017949976,63,50171927f859,0.9182710647583008,1.927817702293396,0.0833333358168602,0.07707532800886907,0.4316197916418807,1,1.1705959649113682,117,f2f5eb941075,0.9076640605926514,1.538442611694336,0.07692307978868484,0.14384101539256,0.4026176712548769,1,1.0343367937139258,36,e5bfe7745119,0.9161862134933472,1.851284384727478,0.0,0.0,0.0,1,1.0221689820289612,62,c6d9ce80244c,0.8981767892837524,1.1901720762252808,0.0833333358168602,0.07707532800886907,0.4316197916418807,1,0.9488127962974575,145,7809c19536e4,0.9106906652450562,1.6495469808578491,0.0,0.07707532800886907,0.0,1,0.9490605375801715,191,a9be4c9c15a1,0.9088265299797058,1.581115961074829,0.0,0.14384101539256,0.0,1,0.9181684274831388,172,2c5271f1a3e4,0.9102672338485718,1.6340031623840332,0.0,0.0,0.0,0,0.9058796614408493,3,33b4e36b0d81,0.9044727683067322,1.4212926626205444,0.0,0.07707532800886907,0.0,1,0.8794235966240558
200,9ff41f315fd5,operate computer systems,95,7c80e08ee743,0.9714210629463196,1.8778588771820068,0.0,0.0,0.0,1,1.1999999910593033,137,a4f4cc8a14a2,0.9401931166648865,0.7853955626487732,0.20000000298023224,0.0,1.0,1,1.1834050580859186,1,06d678da6c8d,0.96819007396698,1.7648274898529053,0.0,0.0,0.0,1,1.1649912923574448,79,5b935f6121b7,0.9663358926773071,1.69996178150177,0.0,0.0,0.0,1,1.1449006527662278,85,e9ceea91a9c3,0.9623645544052124,1.561030387878418,0.0,0.0,0.0,1,1.1018699735403061,30,c6a87cc5d35e,0.9578434228897095,1.4028652906417847,0.0,0.0,0.0,1,1.0528822124004364,118,eb485b5cf6a6,0.9549010992050171,1.2999324798583984,0.0,0.0,0.0,1,1.0210012525320054,128,54e485ae84d0,0.937481164932251,0.6905219554901123,0.1666666716337204,0.14384099455923594,0.5824785396597681,1,0.9918684501067702,136,ded8762bb927,0.9526460766792297,1.2210438251495361,0.0,0.0,0.0,1,0.9965674459934235,31,53acfaed8c01,0.9553412199020386,1.3153294324874878,0.0,0.20273247072078354,0.0,1,0.9953602005407549
201,42bb588edac5,maintain test equipment,136,ded8762bb927,0.970634400844574,1.8209102153778076,0.5,0.0,1.0,1,1.4499999895691873,43,61355ce7e829,0.9665217995643616,1.7052606344223022,0.20000000298023224,0.0,0.6014235843785536,1,1.3328467746922152,30,c6a87cc5d35e,0.9608829617500305,1.5466920137405396,0.0,0.0,0.0,1,1.1075070083141327,23,9a8d83e8b2e2,0.9600263237953186,1.5226026773452759,0.0,0.0,0.0,1,1.0993817180395127,132,22f88df4c22c,0.9465323686599731,1.1431421041488647,0.20000000298023224,0.0,0.39857641562144647,1,1.0788441876223906,1,06d678da6c8d,0.9560341835021973,1.4103405475616455,0.0,0.0,0.0,1,1.061516034603119,35,e19513a85bed,0.9544330835342407,1.365316390991211,0.0,0.0,0.0,1,1.0463294863700867,118,eb485b5cf6a6,0.951092541217804,1.271377682685852,0.0,0.0,0.0,1,1.0146442979574204,57,c1933354ef21,0.9474204778671265,1.1681164503097534,0.0,0.0,0.0,1,0.9798145323991776,34,614f5f558eca,0.9488061666488647,1.2070831060409546,0.0,0.20273247072078354,0.0,1,0.9625480522081591
202,8747ed85441f,inspect finished products to locate flaws,190,c2a2570c95d4,0.838200032711029,2.063112258911133,0.25,0.0,1.0,0,1.3167449146509171,150,3ffc9e8eaffb,0.8509414196014404,2.3883864879608154,0.125,0.11157175065711056,0.4034786703914937,1,1.2571747975082361,134,469df54e4928,0.8473958373069763,2.2978715896606445,0.07692307978868484,0.29389328800662196,0.42031668419925133,1,1.2185990186720803,193,adb21e5e1a03,0.8465484380722046,2.276238441467285,0.1111111119389534,0.0,0.5618094293752369,0,1.2495184005268087,198,edb3d68bc36f,0.8566774129867554,2.534820556640625,0.0,0.0,0.0,0,1.1499999910593033,104,985eed507e3a,0.8151357769966125,1.4743059873580933,0.0,0.09116076173031373,0.0,0,0.8231183994685948,203,79676bc4eb6a,0.7716392874717712,0.3638860285282135,0.2222222238779068,0.09116076173031373,0.9223744292237441,0,0.7983376871136495,215,79b70e0eb0dc,0.8156092166900635,1.4863923788070679,0.0,0.09116076173031373,0.0,0,0.8266880173360646,153,8594b6595861,0.7865313291549683,0.7440642714500427,0.1111111119389534,0.0,0.36952254466547685,0,0.7384568060668005,108,3f3251058257,0.7980786561965942,1.0388554334640503,0.0,0.0,0.0,0,0.7081886753439903
203,79676bc4eb6a,collect samples of raw materials or finished products,190,c2a2570c95d4,0.8666073679924011,2.1764206886291504,0.375,0.09116076173031373,1.0,1,1.4008098069702923,53,a68e486bae8e,0.868950366973877,2.277209520339966,0.09090909361839294,0.0,0.2304867332971112,0,1.1778153031099445,198,edb3d68bc36f,0.8717477321624756,2.3975439071655273,0.0,0.09116076173031373,0.0,0,1.1363258767997562,62,c6d9ce80244c,0.8550373315811157,1.6787118911743164,0.0,0.07707532800886907,0.0,0,0.9279867461954745,108,3f3251058257,0.8531179428100586,1.596145510673523,0.0,0.09116076173031373,0.0,0,0.9017010141288578,153,8594b6595861,0.8461248874664307,1.2953250408172607,0.10000000149011612,0.09116076173031373,0.2498841316438978,0,0.8867015957537674,88,d1809a4492b8,0.8436066508293152,1.186997890472412,0.0,0.2027325123874243,0.0,1,0.8151793764482752,104,985eed507e3a,0.8453532457351685,1.2621313333511353,0.0,0.0,0.0,0,0.8175860345363617,56,269bfa3db5c6,0.8459873795509338,1.289409875869751,0.0,0.09116076173031373,0.0,0,0.8118982423221409,98,207462e43a8e,0.844068169593811,1.2068511247634888,0.0,0.07707532800886907,0.0,0,0.7898403904472979
204,62b52b411f3a,develop biological research methods,187,02b0fa193387,0.9507684707641602,2.5319175720214844,0.2857142984867096,0.11157175065711056,0.9158415841584159,1,1.3895383044291674,24,2ae9204d54c8,0.9549441933631897,2.7474827766418457,0.0,0.0,0.0,1,1.1999999910593033,128,54e485ae84d0,0.9435429573059082,2.158911943435669,0.0,0.0,0.0,1,1.0358651459217072,207,7663c229a426,0.9185506105422974,0.8687218427658081,0.1666666716337204,0.14384099455923594,0.7597576616972148,1,0.9022617130861232,85,e9ceea91a9c3,0.9331501126289368,1.6223978996276855,0.0,0.14384099455923594,0.0,0,0.814671250265463,159,3319e1abdfb1,0.9275482892990112,1.3332127332687378,0.0,0.11157175065711056,0.0,1,0.7888664630627112,107,750257b28f11,0.9260616302490234,1.256466269493103,0.0,0.0,0.0,1,0.7841999858617783,148,253c9a1feb09,0.9153459072113037,0.7032841444015503,0.125,0.11157175065711056,0.4212923481389641,1,0.7480432614275955,95,7c80e08ee743,0.9301283359527588,1.4664034843444824,0.0,0.14384099455923594,0.0,0,0.7711690684970457,48,23ca56c5d573,0.9024509787559509,0.0376039557158947,0.3333333432674408,0.0,1.0,0,0.721437918394804
205,45b6fa08d56b,research diseases or parasites,208,c1c0caaa937b,0.9353128671646118,2.993159294128418,0.1666666716337204,0.14384099455923594,1.0,1,1.4950905105289063,155,f6d7dbe3f71e,0.9313579797744751,2.677680492401123,0.0,0.0,0.0,1,1.1163214176893235,187,02b0fa193387,0.9109622240066528,1.0507243871688843,0.1428571492433548,0.2554127452163465,0.9158415841584159,1,0.9512442608699578,106,48548f20bc23,0.9214178323745728,1.8847614526748657,0.0,0.0,0.0,0,0.8560051918029785,123,05f356a221b7,0.921718180179596,1.9087200164794922,0.0,0.0,0.0,0,0.8623600006103516,18,1c10b347eeee,0.9184507131576538,1.6480762958526611,0.0,0.0,0.0,0,0.7932261079549789,77,9b108680399f,0.9182989597320557,1.635970950126648,0.0,0.0,0.0,0,0.7900152206420898,212,0cf60304ef43,0.9177478551864624,1.5920097827911377,0.0,0.0,0.0,0,0.7783548086881638,204,62b52b411f3a,0.9019107818603516,0.32869666814804077,0.1666666716337204,0.14384099455923594,1.0,0,0.7588452926095564,85,e9ceea91a9c3,0.9155958890914917,1.4203487634658813,0.0,0.0,0.0,0,0.7328229397535324
206,c32f9f13a109,research microbiological or chemical processes or structures,184,389dd43f303d,0.9131553173065186,2.0276269912719727,0.0,0.11157175065711056,0.0,1,1.1832642284607366,120,a04637eaf44a,0.9111952185630798,1.9211812019348145,0.0,0.11157175065711056,0.0,1,1.1484114555096105,6,75e527217c38,0.8909302353858948,0.8206638097763062,0.375,0.09116076173031373,1.0,1,1.0919120211278737,65,8da0e9e0dffc,0.9089319705963135,1.7982724905014038,0.0,0.0,0.0,1,1.1249040991067887,173,49c0d2367c5d,0.9026609063148499,1.4577138423919678,0.1111111119389534,0.0,0.2927507440715139,1,1.097243944621502,181,49ccfbfcfc0a,0.8970196843147278,1.1513595581054688,0.125,0.11157175065711056,0.5103375699522029,1,1.056209881386772,53,a68e486bae8e,0.9043994545936584,1.5521280765533447,0.0,0.09116076173031373,0.0,1,1.0306368161117374,70,d5bb4574fc4d,0.9006776809692383,1.3500120639801025,0.0,0.0,0.0,1,0.9781335920095444,153,8594b6595861,0.9007126092910767,1.3519089221954346,0.0,0.0,0.0,1,0.978754672408104,180,893bb3cbc01a,0.8988049626350403,1.2483115196228027,0.0,0.0,0.0,1,0.9448345482349396
207,7663c229a426,analyze biological samples,85,e9ceea91a9c3,0.9348365068435669,1.5175620317459106,0.20000000298023224,0.0,0.790878724809973,0,1.2048045467483708,95,7c80e08ee743,0.9456219673156738,2.0965497493743896,0.0,0.0,0.0,1,1.1999999910593033,123,05f356a221b7,0.939109206199646,1.7469301223754883,0.0,0.0,0.0,1,1.0861377447843552,39,202cbfb3aef7,0.936498761177063,1.6067955493927002,0.0,0.0,0.0,1,1.0404994517564774,204,62b52b411f3a,0.9185506105422974,0.6432986259460449,0.1666666716337204,0.14384099455923594,1.0,1,1.0355218535479147,100,6002eddcd7d0,0.9335760474205017,1.4498977661132812,0.0,0.14384099455923594,0.0,1,0.9678256413158018,77,9b108680399f,0.9354493618011475,1.5504614114761353,0.0,0.0,0.0,0,0.9721528887748718,200,9ff41f315fd5,0.9324312806129456,1.3884440660476685,0.0,0.0,0.0,0,0.9193879216909409,43,61355ce7e829,0.9318380355834961,1.3565973043441772,0.0,0.0,0.0,0,0.9090162217617035,136,ded8762bb927,0.9316377639770508,1.3458462953567505,0.0,0.0,0.0,0,0.9055148512125015
208,c1c0caaa937b,research genetic characteristics or expression,141,dbc0d59bd942,0.9374650716781616,2.835453510284424,0.125,0.11157175065711056,0.6437555760105077,1,1.3835786741039497,205,45b6fa08d56b,0.9353128671646118,2.6989378929138184,0.1666666716337204,0.14384099455923594,0.7740394425840629,1,1.3804392222736526,99,78b76b55f875,0.9267206192016602,2.1539268493652344,0.0,0.0,0.0,1,1.0171485126018525,59,da6e8742f6bf,0.9145427942276001,1.3814805746078491,0.1428571492433548,0.0,0.7029114938060679,1,1.0370429731108828,165,72ea80489538,0.9022662043571472,0.602769672870636,0.1428571492433548,0.0,1.0,1,0.9372889265418053,19,9d76ae41867e,0.8992915153503418,0.4140835106372833,0.1428571492433548,0.0,1.0,0,0.8379227206110954,112,6379204aa590,0.9142025709152222,1.3599001169204712,0.0,0.0,0.0,1,0.8041135549545289,155,f6d7dbe3f71e,0.9149118661880493,1.404891014099121,0.0,0.14384099455923594,0.0,1,0.7946083149131377,110,d9dbdf9d5d1a,0.9135751128196716,1.3201000690460205,0.0,0.0,0.0,1,0.7934353530406952,177,ff18586218d4,0.910987138748169,1.1559433937072754,0.0,0.0,0.0,1,0.7493925794959069
209,2ac9980eb5e6,design research studies to obtain scientific information,63,50171927f859,0.8966057300567627,2.236910343170166,0.1818181872367859,0.07707532800886907,1.0,0,1.4520750603710804,36,e5bfe7745119,0.8922476768493652,2.040371894836426,0.0,0.0,0.0,0,1.0866956263780594,214,fc824bfe7bf0,0.8892256021499634,1.9040831327438354,0.0,0.09116076173031373,0.0,1,1.0791233468925296,157,018f6a0e7f9a,0.8697150349617004,1.0242005586624146,0.1538461595773697,0.20273252627630822,0.7853791732264475,1,1.033544811806562,22,bab0b2935945,0.8916307687759399,2.0125508308410645,0.0,0.07707532800886907,0.0,0,1.066173215869585,38,a3c08ed1a115,0.8874657154083252,1.8247162103652954,0.0,0.0,0.0,0,1.0172336548566818,86,19ea31d71f7c,0.8628929257392883,0.7165387868881226,0.10000000149011612,0.09116076173031373,0.6767364340686569,1,0.9219935847379426,96,1cbedefabffc,0.8824339509010315,1.597795009613037,0.0,0.0,0.0,0,0.9441430419683456,172,2c5271f1a3e4,0.8843255043029785,1.6830997467041016,0.0,0.0,0.0,0,0.9716194719076157,141,dbc0d59bd942,0.8694416284561157,1.0118705034255981,0.10000000149011612,0.09116076173031373,0.5581838438267797,0,0.9239711688110919
210,39fb30c0c188,instruct college students in physical or life sciences,70,d5bb4574fc4d,0.8122305274009705,2.0921387672424316,0.0,0.09116076173031373,0.0,0,1.1363258767997562,91,b1f99c3dcd62,0.8049131035804749,1.8318219184875488,0.0,0.09116076173031373,0.0,0,1.0544846166049777,52,7f83579eb5ca,0.7973577976226807,1.563042402267456,0.0,0.0,0.0,0,0.9836568236351013,108,3f3251058257,0.7701226472854614,0.5941534638404846,0.10000000149011612,0.09116076173031373,1.0,0,1.003563249496156,153,8594b6595861,0.7996245622634888,1.6436823606491089,0.0,0.09116076173031373,0.0,0,0.9953351725017369,186,4c7ceb754866,0.7990245819091797,1.622338056564331,0.0,0.09116076173031373,0.0,0,0.9886248070871174,116,1cf7420e0aac,0.7935634255409241,1.4280577898025513,0.0,0.0,0.0,0,0.9412188977003098,53,a68e486bae8e,0.7931097745895386,1.4119192361831665,0.0,0.0,0.0,0,0.9361450225114822,184,389dd43f303d,0.7897449731826782,1.2922165393829346,0.0,0.2027325123874243,0.0,0,0.8681018011223093,206,c32f9f13a109,0.7860798239707947,1.1618291139602661,0.0,0.09116076173031373,0.0,0,0.8438449163114369
211,c7ea79acedc2,set up laboratory or field equipment,219,573d5b3bbb3d,0.9109087586402893,1.8944886922836304,0.5,0.11157175065711056,1.0,1,1.2147141483997779,220,7cd42be784e2,0.9302839040756226,2.7371442317962646,0.0,0.0,0.0,1,1.1999999910593033,146,284cc33eb902,0.9218984842300415,2.3724491596221924,0.0,0.11157175065711056,0.0,1,1.0796691206669287,124,3b11edaeeba4,0.9134629964828491,2.0055766105651855,0.0,0.0,0.0,1,0.9921911537647248,178,78b65ab85b19,0.9053788185119629,1.6539829969406128,0.0,0.0,0.0,1,0.8923176258802414,47,8f3ed6033a9e,0.9015443921089172,1.4872177839279175,0.0,0.0,0.0,1,0.8449463725090027,74,318da22b73fb,0.9016923904418945,1.4936543703079224,0.125,0.11157175065711056,0.1947348994185124,0,0.8308749905561242,78,98d9410b9c2c,0.9014879465103149,1.4847627878189087,0.0,0.11157175065711056,0.0,1,0.8275133249735313,141,dbc0d59bd942,0.8942101001739502,1.1682379245758057,0.0,0.0,0.0,0,0.7043370828032494,173,49c0d2367c5d,0.8922593593597412,1.0833971500396729,0.0,0.0,0.0,0,0.6802372559905052
212,0cf60304ef43,write grant proposals,77,9b108680399f,0.9643172025680542,1.7611287832260132,0.0,0.0,0.0,1,1.1999999910593033,43,61355ce7e829,0.9604425430297852,1.61758553981781,0.0,0.0,0.0,1,1.1501083701848984,123,05f356a221b7,0.9577358961105347,1.5173132419586182,0.0,0.0,0.0,1,1.1152565211057663,30,c6a87cc5d35e,0.9577881097793579,1.5192475318908691,0.0,0.0,0.0,1,1.1159287720918656,13,f7e80a0049c6,0.9560240507125854,1.453895092010498,0.0,0.0,0.0,1,1.0932140678167344,95,7c80e08ee743,0.9536038637161255,1.3642351627349854,0.0,0.0,0.0,1,1.0620507627725602,1,06d678da6c8d,0.9537111520767212,1.3682098388671875,0.0,0.0,0.0,1,1.063432338833809,79,5b935f6121b7,0.9528217911720276,1.3352619409561157,0.0,0.0,0.0,1,1.0519805133342743,35,e19513a85bed,0.9478917121887207,1.1526188850402832,0.0,0.0,0.0,1,0.9884988695383072,15,c5e6a1a8c44d,0.9481487274169922,1.1621404886245728,0.0,0.14384099455923594,0.0,1,0.970232163947447
213,f1b4c19341de,"cultivate micro-organisms for study, testing, or medical preparations",70,d5bb4574fc4d,0.8695082068443298,2.1856212615966797,0.0,0.09116076173031373,0.0,1,1.1863258767997562,116,1cf7420e0aac,0.865562379360199,2.0963406562805176,0.0,0.0,0.0,1,1.1712263852357865,73,a40c650a049f,0.8593025207519531,1.9547011852264404,0.0,0.07707532800886907,0.0,1,1.11401707744948,129,06f6e71fddcf,0.8490355014801025,1.722393274307251,0.0,0.2027325123874243,0.0,1,1.0202997313390985,133,70f88532846f,0.8470436930656433,1.6773254871368408,0.0,0.0,0.0,0,0.9861849993467331,32,85a88cfd39f0,0.832870364189148,1.3566310405731201,0.0,0.0,0.0,1,0.9328307390213013,4,9fc64a999e12,0.842395007610321,1.572141408920288,0.0,0.07707532800886907,0.0,0,0.9407247058188113,6,75e527217c38,0.8246273994445801,1.1701207160949707,0.0,0.0,0.0,1,0.8727216005325318,113,322cdff981bb,0.8208783864974976,1.0852932929992676,0.0,0.0,0.0,1,0.8453832000494004,186,4c7ceb754866,0.8300660848617554,1.2931797504425049,0.0,0.09116076173031373,0.0,0,0.8487073142206013
214,fc824bfe7bf0,prepare biological samples for testing or analysis,44,2d4009710863,0.916060745716095,1.702150821685791,0.1111111119389534,0.0,1.0,1,1.2639951795339586,63,50171927f859,0.9345802068710327,2.6449007987976074,0.0,0.1682360897391828,0.0,1,1.174764577598426,22,bab0b2935945,0.9295505285263062,2.3888604640960693,0.0,0.1682360897391828,0.0,1,1.101712499112937,172,2c5271f1a3e4,0.9229871034622192,2.0547432899475098,0.0,0.09116076173031373,0.0,1,1.0179453332101642,98,207462e43a8e,0.9226446151733398,2.037308692932129,0.0,0.1682360897391828,0.0,1,1.0014097283791037,168,ab35d13698b5,0.9213746786117554,1.9726613759994507,0.0,0.09116076173031373,0.0,1,0.9945262063419164,3,33b4e36b0d81,0.9018871784210205,0.9806324243545532,0.09090909361839294,0.1682360897391828,0.8559322033898306,1,0.9888263867906955,96,1cbedefabffc,0.9115636348724365,1.4732213020324707,0.0,0.09116076173031373,0.0,1,0.8520286668216527,65,8da0e9e0dffc,0.9056260585784912,1.1709635257720947,0.0,0.0,0.0,1,0.7794642180204392,55,4805101e52c6,0.9002675414085388,0.8981833457946777,0.0,0.0,0.0,1,0.7016361013054848
215,79b70e0eb0dc,monitor environmental impacts of production or development activities,174,003763627ff4,0.9648659229278564,3.5631349086761475,0.3333333432674408,0.0,1.0,1,1.4833333134651185,191,a9be4c9c15a1,0.9180784225463867,1.6644481420516968,0.07692307978868484,0.14384101539256,0.31222569566311303,1,0.8459813556180337,193,adb21e5e1a03,0.9244942665100098,1.9248099327087402,0.0,0.09116076173031373,0.0,1,0.813463314262563,22,bab0b2935945,0.9212164282798767,1.7917917966842651,0.0,0.07707532800886907,0.0,1,0.7853028259312305,196,0f2541e582f8,0.915240466594696,1.5492808818817139,0.0,0.0,0.0,1,0.7416716322302819,36,e5bfe7745119,0.9056092500686646,1.1584358215332031,0.09090909361839294,0.0,0.25703412602692044,1,0.7331528301896872,56,269bfa3db5c6,0.9115040302276611,1.397652268409729,0.0,0.09116076173031373,0.0,1,0.6934886936222852,53,a68e486bae8e,0.9012960195541382,0.9834003448486328,0.0,0.0,0.0,1,0.6128842040896416,190,c2a2570c95d4,0.8986327052116394,0.8753201961517334,0.0,0.09116076173031373,0.0,1,0.5746123481666386,104,985eed507e3a,0.894412100315094,0.7040435075759888,0.0,0.0,0.0,1,0.5493060231208802
216,f20501abeeb8,inspect condition of natural environments,54,00ee16f445cd,0.9080789685249329,3.078113555908203,0.0,0.11157175065711056,0.0,1,1.1832642284607366,55,4805101e52c6,0.8911896347999573,2.423845052719116,0.0,0.11157175065711056,0.0,1,1.0156630752062277,45,aa03c0034762,0.8726885318756104,1.7071391344070435,0.0,0.0,0.0,0,0.7988032549619675,100,6002eddcd7d0,0.8708246350288391,1.634934425354004,0.0,0.0,0.0,0,0.7803069651126862,193,adb21e5e1a03,0.8345517516136169,0.2297753095626831,0.2857142984867096,0.11157175065711056,1.0,0,0.7327303831850962,19,9d76ae41867e,0.8683781623840332,1.5401616096496582,0.0,0.0,0.0,0,0.7560294270515442,80,4e4d6d43dbf9,0.8642128705978394,1.3788042068481445,0.0,0.0,0.0,0,0.7146951481699944,37,78a6d412d86e,0.867040753364563,1.4883522987365723,0.0,0.2027325123874243,0.0,0,0.7123477266680017,104,985eed507e3a,0.8584699630737305,1.15633225440979,0.0,0.2027325123874243,0.0,0,0.62729552700627,52,7f83579eb5ca,0.8495999574661255,0.8127210736274719,0.0,0.2027325123874243,0.0,1,0.589274144316794
217,e2bfb92834a7,classify organisms based on their characteristics or behavior,218,2f93e8f923e8,0.862604558467865,2.0556399822235107,0.375,0.09116076173031373,1.0,1,1.4271873284255803,190,c2a2570c95d4,0.8660825490951538,2.166425943374634,0.0,0.09116076173031373,0.0,1,1.1863258767997562,108,3f3251058257,0.8605323433876038,1.9896328449249268,0.0,0.09116076173031373,0.0,0,1.0780463922893344,88,d1809a4492b8,0.8447543382644653,1.4870489835739136,0.0,0.2027325123874243,0.0,1,0.9456349448810831,90,2e4769a8f723,0.8475518822669983,1.5761604309082031,0.0,0.0,0.0,0,0.9554201811552048,104,985eed507e3a,0.8453822731971741,1.50705087184906,0.0,0.0,0.0,0,0.9326383918523788,153,8594b6595861,0.8457005023956299,1.5171875953674316,0.0,0.09116076173031373,0.0,0,0.9223058182870686,203,79676bc4eb6a,0.8343793749809265,1.1565706729888916,0.0,0.0,0.0,1,0.8671033263206482,172,2c5271f1a3e4,0.8393053412437439,1.3134796619415283,0.0,0.0,0.0,0,0.8688280135393143,193,adb21e5e1a03,0.8399671316146851,1.3345600366592407,0.0,0.09116076173031373,0.0,0,0.8621030260001957
218,2f93e8f923e8,examine characteristics or behavior of living organisms,165,72ea80489538,0.9245221614837646,3.502988338470459,0.125,0.11157175065711056,0.3454858714962103,1,1.2791842775239457,19,9d76ae41867e,0.8984576463699341,2.2196502685546875,0.125,0.11157175065711056,0.3454858714962103,0,0.9326125012530794,217,e2bfb92834a7,0.862604558467865,0.4543525278568268,0.375,0.09116076173031373,1.0,1,0.7881162922953904,90,2e4769a8f723,0.8909147381782532,1.8482602834701538,0.0,0.09116076173031373,0.0,1,0.7954303313171208,125,12a1310a48ad,0.8895174860954285,1.779463768005371,0.0,0.0,0.0,1,0.7928526431322098,172,2c5271f1a3e4,0.8849562406539917,1.5548818111419678,0.0,0.09116076173031373,0.0,0,0.6761256639038861,97,48c561c86be0,0.8827527761459351,1.44638991355896,0.0,0.09116076173031373,0.0,1,0.7004966277753651,56,269bfa3db5c6,0.88151615858078,1.385502576828003,0.0,0.0,0.0,0,0.6497874036431313,84,c6940290ea74,0.882577657699585,1.4377676248550415,0.0,0.0,0.0,0,0.6621339321136475,45,aa03c0034762,0.8801004886627197,1.3157992362976074,0.0,0.11157175065711056,0.0,0,0.6165856791114287
219,573d5b3bbb3d,operate laboratory or field equipment,211,c7ea79acedc2,0.9109087586402893,1.7849810123443604,0.5,0.11157175065711056,1.0,1,1.2400805217599349,189,a49d5a99c1d7,0.9183146357536316,2.064267158508301,0.3333333432674408,0.0,0.6351325434785776,1,1.2372101756751133,25,79d2ac46742b,0.9291555881500244,2.4730947017669678,0.0,0.0,0.0,1,1.1999999910593033,67,3574e4789085,0.9246500730514526,2.30318546295166,0.0,0.11157175065711056,0.0,1,1.1310202655767874,173,49c0d2367c5d,0.9141753911972046,1.9081703424453735,0.0,0.11157175065711056,0.0,1,1.0095605281567053,50,a787a095d9b0,0.9118719696998596,1.8213050365447998,0.0,0.11157175065711056,0.0,1,0.9828510758852439,188,be19a52818cf,0.9024823904037476,1.4672107696533203,0.0,0.11157175065711056,0.0,1,0.8739736554598289,65,8da0e9e0dffc,0.8987123966217041,1.3250389099121094,0.125,0.11157175065711056,0.1947348994185124,0,0.831089783344153,192,8562bf3caec4,0.8956136703491211,1.208181619644165,0.0,0.11157175065711056,0.0,1,0.7943270680880027,12,9251af4a3821,0.8896093368530273,0.9817496538162231,0.0,0.11157175065711056,0.0,1,0.7247035307263808
220,7cd42be784e2,interpret design or operational test results,124,3b11edaeeba4,0.9514135122299194,2.8886606693267822,0.6666666865348816,0.0,1.0,1,1.4166666507720949,146,284cc33eb902,0.9358353614807129,2.1374623775482178,0.125,0.11157175065711056,0.20672659898572063,1,1.0307005749585756,211,c7ea79acedc2,0.9302839040756226,1.8697640895843506,0.0,0.0,0.0,1,0.9228130906820298,197,3a46124701c0,0.92714524269104,1.7184138298034668,0.125,0.11157175065711056,0.18537911611799004,1,0.911706668824514,175,825fff3275ff,0.9241783618927002,1.5753470659255981,0.0,0.0,0.0,1,0.8427180826663971,144,7a053b14e6ec,0.9180545210838318,1.2800476551055908,0.125,0.11157175065711056,0.20672659898572063,1,0.8025149734261163,158,16ac0e74dbe1,0.9129948019981384,1.0360615253448486,0.125,0.11157175065711056,0.2946355476714843,1,0.7683505654070439,47,8f3ed6033a9e,0.9195989370346069,1.3545212745666504,0.0,0.0,0.0,1,0.7826432913541794,141,dbc0d59bd942,0.9205977320671082,1.4026844501495361,0.0,0.0,0.0,1,0.7957458972930909,178,78b65ab85b19,0.9190932512283325,1.3301365375518799,0.0,0.0,0.0,1,0.7760094732046128
