model,preset,q_idx,q_label,q_text,cand_idx,cand_label,rank,score,sim,z,jacc,lenpen,bm25,mnn
embedding-data/deberta-sentence-transformer,C_lex_sem_strong,0,d52ebdd6c51c,train personnel on proper operational procedures,3978,6918d9132472,1,1.3510053157806396,0.6762527823448181,0.5123410820960999,0.1666666716337204,0.4285714328289032,1.0,0
embedding-data/deberta-sentence-transformer,C_lex_sem_strong,0,d52ebdd6c51c,train personnel on proper operational procedures,1855,20dc1dc3600c,2,1.0211118030548096,0.7641726732254028,1.2900220155715942,0.0,0.7777777910232544,0.3054102659225464,1
embedding-data/deberta-sentence-transformer,C_lex_sem_strong,0,d52ebdd6c51c,train personnel on proper operational procedures,2499,f86f9d6f10a8,3,0.8894308805465698,0.6692646741867065,0.45052894949913025,0.0,0.875,0.33293697237968445,0
embedding-data/deberta-sentence-transformer,C_lex_sem_strong,0,d52ebdd6c51c,train personnel on proper operational procedures,4058,74fe0528c27f,4,1.2372186183929443,0.8339077234268188,1.9068517684936523,0.1111111119389534,0.8571428656578064,0.6006578207015991,0
embedding-data/deberta-sentence-transformer,C_lex_sem_strong,0,d52ebdd6c51c,train personnel on proper operational procedures,3782,0d6b3a3f8dee,5,1.046384530067444,0.7939053177833557,1.5530171394348145,0.0,0.7777777910232544,0.3054102659225464,1
embedding-data/deberta-sentence-transformer,C_lex_sem_strong,0,d52ebdd6c51c,train personnel on proper operational procedures,5238,e960aa5a3937,6,0.9116619229316711,0.6954188942909241,0.681871771812439,0.0,0.875,0.33293697237968445,0
embedding-data/deberta-sentence-transformer,C_lex_sem_strong,0,d52ebdd6c51c,train personnel on proper operational procedures,3056,4b76c705aa42,7,0.8633600640296936,0.8186588883399963,1.7719707489013672,0.0,0.875,0.0,1
embedding-data/deberta-sentence-transformer,C_lex_sem_strong,0,d52ebdd6c51c,train personnel on proper operational procedures,4420,6bc76a3eb886,8,0.9193800091743469,0.6217949390411377,0.03064325638115406,0.0,0.7142857313156128,0.45632249116897583,0
embedding-data/deberta-sentence-transformer,C_lex_sem_strong,0,d52ebdd6c51c,train personnel on proper operational procedures,1692,31d24bb1ddd1,9,0.8744813966751098,0.8317428231239319,1.8877025842666626,0.0,0.875,0.0,1
embedding-data/deberta-sentence-transformer,C_lex_sem_strong,0,d52ebdd6c51c,train personnel on proper operational procedures,1184,d3d06761a9d7,10,0.8750432896614074,0.852992057800293,2.0756590366363525,0.0,0.699999988079071,0.0,1
embedding-data/deberta-sentence-transformer,C_lex_sem_strong,1,06d678da6c8d,prepare procedural documents,2820,21f64da1e579,1,1.652613835334778,0.8893495202064514,0.3656066954135895,0.3333333432674408,0.5,1.0,1
embedding-data/deberta-sentence-transformer,C_lex_sem_strong,1,06d678da6c8d,prepare procedural documents,4310,506583358173,2,1.2536311912536622,0.8642607927322388,0.1665257066488266,0.1428571492433548,0.5714285969734192,0.5047074556350708,1
embedding-data/deberta-sentence-transformer,C_lex_sem_strong,1,06d678da6c8d,prepare procedural documents,4558,7b0342e1d11a,3,1.2825114297866822,0.8413331508636475,-0.015406915917992592,0.1428571492433548,0.6666666865348816,0.560200035572052,1
embedding-data/deberta-sentence-transformer,C_lex_sem_strong,1,06d678da6c8d,prepare procedural documents,4590,5d45850c5baa,4,1.6140089797973634,0.9692428708076477,0.9995666146278381,0.25,0.75,0.8359322547912598,1
embedding-data/deberta-sentence-transformer,C_lex_sem_strong,1,06d678da6c8d,prepare procedural documents,1702,6b306e6c84b1,5,1.4768130350112916,0.8872162699699402,0.34867918491363525,0.20000000298023224,1.0,0.7181130647659302,1
embedding-data/deberta-sentence-transformer,C_lex_sem_strong,1,06d678da6c8d,prepare procedural documents,226,7e56613a2ebc,6,1.3312137889862061,0.8930279016494751,0.39479494094848633,0.1666666716337204,0.6666666865348816,0.560200035572052,1
embedding-data/deberta-sentence-transformer,C_lex_sem_strong,1,06d678da6c8d,prepare procedural documents,4311,dad8075f10c2,7,1.1243494749069214,0.8006800413131714,-0.33799248933792114,0.1666666716337204,0.5714285969734192,0.5047074556350708,0
embedding-data/deberta-sentence-transformer,C_lex_sem_strong,1,06d678da6c8d,prepare procedural documents,1310,dee03d615f1d,8,0.9860583710670471,0.9483039379119873,0.833414614200592,0.0,1.0,0.0,1
embedding-data/deberta-sentence-transformer,C_lex_sem_strong,1,06d678da6c8d,prepare procedural documents,4835,5a0ef39818c8,9,0.9838717746734619,0.9457314610481262,0.8130017518997192,0.0,1.0,0.0,1
embedding-data/deberta-sentence-transformer,C_lex_sem_strong,1,06d678da6c8d,prepare procedural documents,80,5402ba93471c,10,0.9849419164657592,0.946990430355072,0.8229917883872986,0.0,1.0,0.0,1
embedding-data/deberta-sentence-transformer,C_lex_sem_strong,2,771b010da2fa,"recommend technical design or process changes to improve efficiency, quality, or performance",3213,e73f40d83ac6,1,1.1527200508117676,0.6765705943107605,3.661771059036255,0.0625,0.9230769276618958,0.561181902885437,1
embedding-data/deberta-sentence-transformer,C_lex_sem_strong,2,771b010da2fa,"recommend technical design or process changes to improve efficiency, quality, or performance",2365,103eab151086,2,0.8652883172035217,0.11501991748809814,-0.6082170605659485,0.2222222238779068,0.23076923191547394,1.0,0
embedding-data/deberta-sentence-transformer,C_lex_sem_strong,2,771b010da2fa,"recommend technical design or process changes to improve efficiency, quality, or performance",2623,5b9cd334c378,3,0.9513496160507202,0.5879754424095154,2.988100290298462,0.0,0.8461538553237915,0.5242215394973755,0
embedding-data/deberta-sentence-transformer,C_lex_sem_strong,2,771b010da2fa,"recommend technical design or process changes to improve efficiency, quality, or performance",5214,4d29d09f4c1d,4,0.8434684872627258,0.616524875164032,3.205188035964966,0.0714285746216774,0.7692307829856873,0.3260192573070526,0
embedding-data/deberta-sentence-transformer,C_lex_sem_strong,2,771b010da2fa,"recommend technical design or process changes to improve efficiency, quality, or performance",1337,284a65d8619b,5,1.0975269842147828,0.6853809952735901,3.728764533996582,0.0,0.9230769276618958,0.4894934892654419,1
embedding-data/deberta-sentence-transformer,C_lex_sem_strong,2,771b010da2fa,"recommend technical design or process changes to improve efficiency, quality, or performance",1184,d3d06761a9d7,6,0.7559317350387573,0.40356093645095825,1.5858266353607178,0.07692307978868484,0.7692307829856873,0.45799610018730164,0
embedding-data/deberta-sentence-transformer,C_lex_sem_strong,2,771b010da2fa,"recommend technical design or process changes to improve efficiency, quality, or performance",2622,62c0405486a6,7,1.0519547033309937,0.6477624773979187,3.442716360092163,0.0,1.0,0.4590807855129242,1
embedding-data/deberta-sentence-transformer,C_lex_sem_strong,2,771b010da2fa,"recommend technical design or process changes to improve efficiency, quality, or performance",2814,05eb79523820,8,0.7752906084060669,0.6416054368019104,3.3958985805511475,0.0,0.5384615659713745,0.2515425980091095,0
embedding-data/deberta-sentence-transformer,C_lex_sem_strong,2,771b010da2fa,"recommend technical design or process changes to improve efficiency, quality, or performance",2620,89d5c7b39619,9,0.7724129557609558,0.6611448526382446,3.5444748401641846,0.0,1.0,0.15777114033699036,0
embedding-data/deberta-sentence-transformer,C_lex_sem_strong,2,771b010da2fa,"recommend technical design or process changes to improve efficiency, quality, or performance",2728,b12a99169d3e,10,0.8386911749839783,0.6209110617637634,3.2385401725769043,0.0,1.0,0.30130964517593384,0
embedding-data/deberta-sentence-transformer,C_lex_sem_strong,3,33b4e36b0d81,confer with technical personnel to prepare designs or operational plans,3215,d4793dfe8103,1,1.4956629276275635,0.8376784920692444,2.3240463733673096,0.10000000149011612,0.6363636255264282,1.0,0
embedding-data/deberta-sentence-transformer,C_lex_sem_strong,3,33b4e36b0d81,confer with technical personnel to prepare designs or operational plans,4300,c825cd049c18,2,0.9989903140068054,0.8248680830001831,2.2119810581207275,0.0,0.6470588445663452,0.2187807261943817,1
embedding-data/deberta-sentence-transformer,C_lex_sem_strong,3,33b4e36b0d81,confer with technical personnel to prepare designs or operational plans,2339,51db9c6e8f68,3,1.0233685541152955,0.7450848817825317,1.5140379667282104,0.0,0.9090909361839294,0.31305330991744995,1
embedding-data/deberta-sentence-transformer,C_lex_sem_strong,3,33b4e36b0d81,confer with technical personnel to prepare designs or operational plans,4453,d9ea7797e0d6,4,1.4902500677108765,0.89769446849823,2.8490657806396484,0.0833333358168602,0.9090909361839294,0.7709056735038757,1
embedding-data/deberta-sentence-transformer,C_lex_sem_strong,3,33b4e36b0d81,confer with technical personnel to prepare designs or operational plans,3978,6918d9132472,5,1.234836459159851,0.5916072130203247,0.17141614854335785,0.125,0.27272728085517883,0.9709965586662292,0
embedding-data/deberta-sentence-transformer,C_lex_sem_strong,3,33b4e36b0d81,confer with technical personnel to prepare designs or operational plans,1419,ea280e15fe28,6,1.0140782165527344,0.7615244388580322,1.6578510999679565,0.0,0.9166666865348816,0.27873682975769043,1
embedding-data/deberta-sentence-transformer,C_lex_sem_strong,3,33b4e36b0d81,confer with technical personnel to prepare designs or operational plans,3766,94c75e9264bf,7,1.062920331954956,0.7794719934463501,1.8148562908172607,0.0,0.6363636255264282,0.48104679584503174,0
embedding-data/deberta-sentence-transformer,C_lex_sem_strong,3,33b4e36b0d81,confer with technical personnel to prepare designs or operational plans,3212,d8505c1983d9,8,1.1269646453857423,0.7740316390991211,1.7672641277313232,0.0,1.0,0.4129110872745514,1
embedding-data/deberta-sentence-transformer,C_lex_sem_strong,3,33b4e36b0d81,confer with technical personnel to prepare designs or operational plans,5105,329a6174950f,9,1.2343430089950562,0.9003589749336243,2.872375011444092,0.0,1.0,0.4129110872745514,1
embedding-data/deberta-sentence-transformer,C_lex_sem_strong,3,33b4e36b0d81,confer with technical personnel to prepare designs or operational plans,4310,506583358173,10,1.1588690280914307,0.8492347002029419,2.425140142440796,0.09090909361839294,0.6363636255264282,0.5074306130409241,0
embedding-data/deberta-sentence-transformer,C_lex_sem_strong,4,9fc64a999e12,"communicate technical information to suppliers, contractors, or regulatory agencies",1337,284a65d8619b,1,1.1478077936172486,0.7319151759147644,3.552039861679077,0.0,0.8333333134651184,0.5176379084587097,1
embedding-data/deberta-sentence-transformer,C_lex_sem_strong,4,9fc64a999e12,"communicate technical information to suppliers, contractors, or regulatory agencies",2897,f073c86c6791,2,0.9064596891403198,0.2915264964103699,0.03497714549303055,0.125,0.30000001192092896,0.8623746037483215,0
embedding-data/deberta-sentence-transformer,C_lex_sem_strong,4,9fc64a999e12,"communicate technical information to suppliers, contractors, or regulatory agencies",1692,31d24bb1ddd1,3,0.834050178527832,0.6877987384796143,3.199714183807373,0.0,0.800000011920929,0.24203036725521088,0
embedding-data/deberta-sentence-transformer,C_lex_sem_strong,4,9fc64a999e12,"communicate technical information to suppliers, contractors, or regulatory agencies",2623,5b9cd334c378,4,1.0221152305603027,0.6390025615692139,2.8100147247314453,0.0,0.9090909361839294,0.5543627142906189,0
embedding-data/deberta-sentence-transformer,C_lex_sem_strong,4,9fc64a999e12,"communicate technical information to suppliers, contractors, or regulatory agencies",3213,e73f40d83ac6,5,1.1281386184692384,0.6295362710952759,2.7344143390655518,0.0714285746216774,0.8333333134651184,0.5934482216835022,1
embedding-data/deberta-sentence-transformer,C_lex_sem_strong,4,9fc64a999e12,"communicate technical information to suppliers, contractors, or regulatory agencies",1554,ba67eebc2f04,6,1.1088685989379883,0.47745126485824585,1.5198224782943726,0.10000000149011612,0.6000000238418579,0.8900499939918518,0
embedding-data/deberta-sentence-transformer,C_lex_sem_strong,4,9fc64a999e12,"communicate technical information to suppliers, contractors, or regulatory agencies",5214,4d29d09f4c1d,7,0.9725922346115112,0.7230475544929504,3.4812207221984863,0.0833333358168602,1.0,0.3447644114494324,0
embedding-data/deberta-sentence-transformer,C_lex_sem_strong,4,9fc64a999e12,"communicate technical information to suppliers, contractors, or regulatory agencies",2622,62c0405486a6,8,1.0038146543502808,0.596538782119751,2.4708874225616455,0.0,0.7692307829856873,0.4854765832424164,1
embedding-data/deberta-sentence-transformer,C_lex_sem_strong,4,9fc64a999e12,"communicate technical information to suppliers, contractors, or regulatory agencies",1078,4656b1965a99,9,0.9283444452285766,0.7115280032157898,3.3892223834991455,0.0,1.0,0.20506519079208374,1
embedding-data/deberta-sentence-transformer,C_lex_sem_strong,4,9fc64a999e12,"communicate technical information to suppliers, contractors, or regulatory agencies",2339,51db9c6e8f68,10,0.8471461534500122,0.6067339777946472,2.552309036254883,0.0,1.0,0.3306032419204712,0
embedding-data/deberta-sentence-transformer,C_lex_sem_strong,5,abdac161e57b,design medical devices or appliances,4412,a558f59f975e,1,1.4972480535507202,0.7457818984985352,0.8311596512794495,0.4000000059604645,0.8333333134651184,1.0,0
embedding-data/deberta-sentence-transformer,C_lex_sem_strong,5,abdac161e57b,design medical devices or appliances,2117,541d0acdc4f9,2,1.0780889987945557,0.7233601212501526,0.4880201518535614,0.1428571492433548,1.0,0.47808778285980225,0
embedding-data/deberta-sentence-transformer,C_lex_sem_strong,5,abdac161e57b,design medical devices or appliances,3766,94c75e9264bf,3,1.1231117248535156,0.7813084125518799,1.374851942062378,0.0,0.8571428656578064,0.5332646369934082,0
embedding-data/deberta-sentence-transformer,C_lex_sem_strong,5,abdac161e57b,design medical devices or appliances,3148,38a2024571e4,4,1.0494778919219971,0.6831622123718262,-0.12716251611709595,0.1666666716337204,0.6666666865348816,0.4125571548938751,1
embedding-data/deberta-sentence-transformer,C_lex_sem_strong,5,abdac161e57b,design medical devices or appliances,289,09156eaf9ed2,5,1.3699686527252197,0.8075823783874512,1.7769447565078735,0.20000000298023224,0.5,0.8478910326957703,0
embedding-data/deberta-sentence-transformer,C_lex_sem_strong,5,abdac161e57b,design medical devices or appliances,1243,14686b75fbe4,6,1.1785327196121216,0.7668983936309814,1.1543232202529907,0.1428571492433548,0.8333333134651184,0.5925203561782837,0
embedding-data/deberta-sentence-transformer,C_lex_sem_strong,5,abdac161e57b,design medical devices or appliances,297,73eb2c81b07e,7,1.0538528728485108,0.6883091926574707,-0.04839390516281128,0.1666666716337204,0.6666666865348816,0.4125571548938751,1
embedding-data/deberta-sentence-transformer,C_lex_sem_strong,5,abdac161e57b,design medical devices or appliances,2171,8ddf566de36e,8,1.2606253623962402,0.7291321754455566,0.5763548016548157,0.20000000298023224,0.5,0.7869473099708557,0
embedding-data/deberta-sentence-transformer,C_lex_sem_strong,5,abdac161e57b,design medical devices or appliances,2193,b6900012aa1a,9,1.0501497983932495,0.7780702114105225,1.325295090675354,0.1666666716337204,0.6666666865348816,0.4125571548938751,0
embedding-data/deberta-sentence-transformer,C_lex_sem_strong,5,abdac161e57b,design medical devices or appliances,3448,e4f3b5639229,10,1.331461787223816,0.7622801065444946,1.0836457014083862,0.20000000298023224,0.5,0.8478910326957703,0
embedding-data/deberta-sentence-transformer,C_lex_sem_strong,6,75e527217c38,research engineering aspects of biological or chemical processes,3797,74f3fd3bb3da,1,1.1298327445983887,0.3880385160446167,-0.5937772989273071,0.3333333432674408,0.3333333432674408,1.0,0
embedding-data/deberta-sentence-transformer,C_lex_sem_strong,6,75e527217c38,research engineering aspects of biological or chemical processes,2622,62c0405486a6,2,0.761551992893219,0.5568528771400452,1.3289715051651,0.0,0.692307710647583,0.1985660344362259,1
embedding-data/deberta-sentence-transformer,C_lex_sem_strong,6,75e527217c38,research engineering aspects of biological or chemical processes,3845,5bcb52a0b91e,3,0.7595785856246948,0.6727972030639648,2.649545192718506,0.0,0.8888888955116272,0.1411600559949875,0
embedding-data/deberta-sentence-transformer,C_lex_sem_strong,6,75e527217c38,research engineering aspects of biological or chemical processes,3260,6a7868423f4d,4,0.8139416742324829,0.6432167291641235,2.312631845474243,0.0,0.6666666865348816,0.17220115661621094,1
embedding-data/deberta-sentence-transformer,C_lex_sem_strong,6,75e527217c38,research engineering aspects of biological or chemical processes,4104,530aa5cc0969,5,0.8458770084381103,0.7132682800292969,3.110499620437622,0.0,0.8181818127632141,0.11111544072628021,1
embedding-data/deberta-sentence-transformer,C_lex_sem_strong,6,75e527217c38,research engineering aspects of biological or chemical processes,2623,5b9cd334c378,6,0.9377557206153869,0.7261395454406738,3.2570998668670654,0.0,0.8181818127632141,0.22674132883548737,1
embedding-data/deberta-sentence-transformer,C_lex_sem_strong,6,75e527217c38,research engineering aspects of biological or chemical processes,1337,284a65d8619b,7,0.9543017315864563,0.7659969925880432,3.7110650539398193,0.0,0.75,0.21172042191028595,1
embedding-data/deberta-sentence-transformer,C_lex_sem_strong,6,75e527217c38,research engineering aspects of biological or chemical processes,2728,b12a99169d3e,8,1.000172154903412,0.7574464678764343,3.6136770248413086,0.0,0.692307710647583,0.29587405920028687,1
embedding-data/deberta-sentence-transformer,C_lex_sem_strong,6,75e527217c38,research engineering aspects of biological or chemical processes,548,0586134e1b27,9,0.8816221523284912,0.7238166332244873,3.230642557144165,0.0,0.7777777910232544,0.15514317154884338,1
embedding-data/deberta-sentence-transformer,C_lex_sem_strong,6,75e527217c38,research engineering aspects of biological or chemical processes,751,2a63b9d3beeb,10,0.9403733611106873,0.7560014128684998,3.5972182750701904,0.10000000149011612,0.7777777910232544,0.2857062816619873,0
embedding-data/deberta-sentence-transformer,C_lex_sem_strong,7,bfcc3cdee21d,devise research or testing protocols,3977,528885dbd49e,1,1.4433772563934326,0.7686792612075806,0.5890893936157227,0.20000000298023224,0.5,1.0,0
embedding-data/deberta-sentence-transformer,C_lex_sem_strong,7,bfcc3cdee21d,devise research or testing protocols,3766,94c75e9264bf,2,1.2781123685836793,0.8373373746871948,1.444980263710022,0.0,0.8571428656578064,0.5723732113838196,1
embedding-data/deberta-sentence-transformer,C_lex_sem_strong,7,bfcc3cdee21d,devise research or testing protocols,4439,966cd618091d,3,1.1681394147872926,0.6782979965209961,-0.5376018285751343,0.1666666716337204,0.8333333134651184,0.5641706585884094,1
embedding-data/deberta-sentence-transformer,C_lex_sem_strong,7,bfcc3cdee21d,devise research or testing protocols,4682,e7b1f13719d5,4,1.2602866458892823,0.8470902442932129,1.5665593147277832,0.1428571492433548,0.8333333134651184,0.497650146484375,1
embedding-data/deberta-sentence-transformer,C_lex_sem_strong,7,bfcc3cdee21d,devise research or testing protocols,2618,01904a63687c,5,1.1465959548950195,0.8119667768478394,1.1287107467651367,0.10000000149011612,0.6000000238418579,0.5377488732337952,0
embedding-data/deberta-sentence-transformer,C_lex_sem_strong,7,bfcc3cdee21d,devise research or testing protocols,4912,96f7a1b44b32,6,1.3970240354537964,0.7141460180282593,-0.09072104841470718,0.20000000298023224,0.5,1.0,0
embedding-data/deberta-sentence-transformer,C_lex_sem_strong,7,bfcc3cdee21d,devise research or testing protocols,931,affe3f6ec267,7,1.2083052396774292,0.7737934589385986,0.6528428792953491,0.1666666716337204,0.6666666865348816,0.643686830997467,0
embedding-data/deberta-sentence-transformer,C_lex_sem_strong,7,bfcc3cdee21d,devise research or testing protocols,3844,9d3455eb929f,8,1.3009968996047974,0.8274357318878174,1.3215465545654297,0.1428571492433548,1.0,0.6701500415802002,0
embedding-data/deberta-sentence-transformer,C_lex_sem_strong,7,bfcc3cdee21d,devise research or testing protocols,1475,886332682111,9,1.1911001205444336,0.8082116842269897,1.081899881362915,0.20000000298023224,0.6666666865348816,0.567790687084198,0
embedding-data/deberta-sentence-transformer,C_lex_sem_strong,7,bfcc3cdee21d,devise research or testing protocols,1238,cb43f67955db,10,1.2257457971572876,0.786468505859375,0.8108497858047485,0.20000000298023224,0.6666666865348816,0.643686830997467,0
embedding-data/deberta-sentence-transformer,C_lex_sem_strong,8,04d0abdf0b41,develop operational methods or processes that use green materials or emphasize sustainability,989,4ec4f7a20f54,1,1.340757131576538,0.6658022999763489,2.321645498275757,0.1818181872367859,0.38461539149284363,1.0,0
embedding-data/deberta-sentence-transformer,C_lex_sem_strong,8,04d0abdf0b41,develop operational methods or processes that use green materials or emphasize sustainability,1337,284a65d8619b,2,0.9506148099899292,0.5735254287719727,1.444573998451233,0.0625,0.9230769276618958,0.5118721723556519,0
embedding-data/deberta-sentence-transformer,C_lex_sem_strong,8,04d0abdf0b41,develop operational methods or processes that use green materials or emphasize sustainability,1691,19ae2b3326d0,3,0.9990224409103393,0.6867960691452026,2.521186590194702,0.0714285746216774,0.7692307829856873,0.3486242890357971,1
embedding-data/deberta-sentence-transformer,C_lex_sem_strong,8,04d0abdf0b41,develop operational methods or processes that use green materials or emphasize sustainability,2382,2c9191489a0d,4,1.3194851446151734,0.7991210222244263,3.588810682296753,0.1764705926179886,0.8666666746139526,0.6261020302772522,1
embedding-data/deberta-sentence-transformer,C_lex_sem_strong,8,04d0abdf0b41,develop operational methods or processes that use green materials or emphasize sustainability,3586,f77f2bcecc27,5,1.1563575267791748,0.6513094902038574,2.183894395828247,0.13333334028720856,0.6153846383094788,0.7350562810897827,0
embedding-data/deberta-sentence-transformer,C_lex_sem_strong,8,04d0abdf0b41,develop operational methods or processes that use green materials or emphasize sustainability,4480,7fb0a83a1950,6,0.9075958132743835,0.515627920627594,0.8942709565162659,0.0833333358168602,0.3076923191547394,0.6026802659034729,0
embedding-data/deberta-sentence-transformer,C_lex_sem_strong,8,04d0abdf0b41,develop operational methods or processes that use green materials or emphasize sustainability,2727,d75e8eeafa2f,7,0.8539722561836243,0.6740065813064575,2.399625301361084,0.05263157933950424,1.0,0.24362903833389282,0
embedding-data/deberta-sentence-transformer,C_lex_sem_strong,8,04d0abdf0b41,develop operational methods or processes that use green materials or emphasize sustainability,3766,94c75e9264bf,8,0.9149860739707947,0.6497373580932617,2.1689517498016357,0.0,0.5384615659713745,0.4412330090999603,0
embedding-data/deberta-sentence-transformer,C_lex_sem_strong,8,04d0abdf0b41,develop operational methods or processes that use green materials or emphasize sustainability,1419,ea280e15fe28,9,0.8425063490867615,0.6902122497558594,2.553656578063965,0.05882352963089943,0.9230769276618958,0.2167907953262329,0
embedding-data/deberta-sentence-transformer,C_lex_sem_strong,8,04d0abdf0b41,develop operational methods or processes that use green materials or emphasize sustainability,1690,437398d5198d,10,0.9104104042053223,0.6919341087341309,2.5700225830078125,0.06666667014360428,0.6153846383094788,0.35342085361480713,0
embedding-data/deberta-sentence-transformer,C_lex_sem_strong,9,3cdbc3929112,develop technical methods or processes,3586,f77f2bcecc27,1,1.4791580438613892,0.7792494297027588,0.7197612524032593,0.2222222238779068,0.75,0.9962165355682373,0
embedding-data/deberta-sentence-transformer,C_lex_sem_strong,9,3cdbc3929112,develop technical methods or processes,1629,a9ac5a6cc3cb,2,1.3833324909210205,0.7058814167976379,-0.21279503405094147,0.25,0.3333333432674408,1.0,0
embedding-data/deberta-sentence-transformer,C_lex_sem_strong,9,3cdbc3929112,develop technical methods or processes,5214,4d29d09f4c1d,3,0.9571884274482727,0.6951565742492676,-0.34911492466926575,0.1111111119389534,0.6000000238418579,0.40583303570747375,0
embedding-data/deberta-sentence-transformer,C_lex_sem_strong,9,3cdbc3929112,develop technical methods or processes,303,308cd878658b,4,1.0878889560699463,0.6672676205635071,-0.7036020755767822,0.1428571492433548,1.0,0.560200035572052,0
embedding-data/deberta-sentence-transformer,C_lex_sem_strong,9,3cdbc3929112,develop technical methods or processes,2319,defa44749398,5,1.0517975091934204,0.6499120593070984,-0.9242027997970581,0.125,0.8571428656578064,0.5552256107330322,0
embedding-data/deberta-sentence-transformer,C_lex_sem_strong,9,3cdbc3929112,develop technical methods or processes,3766,94c75e9264bf,6,1.1950958967208862,0.812684178352356,1.1447391510009766,0.0,0.8571428656578064,0.5979999303817749,0
embedding-data/deberta-sentence-transformer,C_lex_sem_strong,9,3cdbc3929112,develop technical methods or processes,2728,b12a99169d3e,7,1.005353229045868,0.7254675626754761,0.03615792095661163,0.0,0.4615384638309479,0.375074177980423,1
embedding-data/deberta-sentence-transformer,C_lex_sem_strong,9,3cdbc3929112,develop technical methods or processes,83,09a461e089fd,8,1.2595456838607788,0.7727841138839722,0.6375827789306641,0.1666666716337204,0.6666666865348816,0.7181130647659302,0
embedding-data/deberta-sentence-transformer,C_lex_sem_strong,9,3cdbc3929112,develop technical methods or processes,989,4ec4f7a20f54,9,1.26387357711792,0.7954123020172119,0.9252021312713623,0.1666666716337204,0.8333333134651184,0.6730092167854309,0
embedding-data/deberta-sentence-transformer,C_lex_sem_strong,9,3cdbc3929112,develop technical methods or processes,4558,7b0342e1d11a,10,1.208385705947876,0.7933679819107056,0.899217426776886,0.125,1.0,0.5843183994293213,0
embedding-data/deberta-sentence-transformer,C_lex_sem_strong,10,365ec2897755,create models of engineering designs or methods,4828,0207b591a5d5,1,1.4701257944107056,0.8226969242095947,0.6736902594566345,0.1666666716337204,0.375,1.0,0
embedding-data/deberta-sentence-transformer,C_lex_sem_strong,10,365ec2897755,create models of engineering designs or methods,4983,98b7e7188c21,2,1.2519999313354493,0.8046283721923828,0.4783065617084503,0.1111111119389534,0.8888888955116272,0.5385066270828247,1
embedding-data/deberta-sentence-transformer,C_lex_sem_strong,10,365ec2897755,create models of engineering designs or methods,4346,dc00b108ce90,3,1.2064666318893433,0.8634134531021118,1.113977074623108,0.1111111119389534,0.875,0.40406137704849243,1
embedding-data/deberta-sentence-transformer,C_lex_sem_strong,10,365ec2897755,create models of engineering designs or methods,427,fcfc414e359f,4,1.2066516447067261,0.807562530040741,0.51003497838974,0.125,0.625,0.5038906931877136,1
embedding-data/deberta-sentence-transformer,C_lex_sem_strong,10,365ec2897755,create models of engineering designs or methods,1577,30283b9c2649,5,1.3262526559829713,0.8511331081390381,0.9811840057373047,0.1428571492433548,0.5,0.6345971822738647,1
embedding-data/deberta-sentence-transformer,C_lex_sem_strong,10,365ec2897755,create models of engineering designs or methods,2686,2e522a60ddc9,6,1.4538330602645875,0.8163789510726929,0.6053710579872131,0.1428571492433548,0.5,0.8590565323829651,1
embedding-data/deberta-sentence-transformer,C_lex_sem_strong,10,365ec2897755,create models of engineering designs or methods,3314,5ccae7640253,7,1.2427132892608643,0.8499880433082581,0.9688018560409546,0.125,0.625,0.5038906931877136,1
embedding-data/deberta-sentence-transformer,C_lex_sem_strong,10,365ec2897755,create models of engineering designs or methods,4984,62d423e150a4,8,1.3531807231903077,0.8673540949821472,1.156589150428772,0.125,1.0,0.5870423913002014,1
embedding-data/deberta-sentence-transformer,C_lex_sem_strong,10,365ec2897755,create models of engineering designs or methods,301,b3202b182771,9,1.3275848197937012,0.9067555069923401,1.5826549530029297,0.125,0.625,0.5562038421630859,1
embedding-data/deberta-sentence-transformer,C_lex_sem_strong,10,365ec2897755,create models of engineering designs or methods,3955,5ceeb0faa0fc,10,1.263277726173401,0.8699796795845032,1.1849807500839233,0.1428571492433548,0.625,0.5038906931877136,1
embedding-data/deberta-sentence-transformer,C_lex_sem_strong,11,810124c49b5c,maintain operational records or records systems,1321,9bc14bd09c21,1,1.4988425970077515,0.8333722949028015,0.8406968116760254,0.1666666716337204,0.5714285969734192,1.0,0
embedding-data/deberta-sentence-transformer,C_lex_sem_strong,11,810124c49b5c,maintain operational records or records systems,1334,51d17dc5df8a,2,1.0907836723327637,0.7727880477905273,0.24437831342220306,0.1111111119389534,0.875,0.3488450050354004,1
embedding-data/deberta-sentence-transformer,C_lex_sem_strong,11,810124c49b5c,maintain operational records or records systems,3766,94c75e9264bf,3,1.1608195304870605,0.7730957269668579,0.2474067360162735,0.0,1.0,0.5766972899436951,0
embedding-data/deberta-sentence-transformer,C_lex_sem_strong,11,810124c49b5c,maintain operational records or records systems,4058,74fe0528c27f,4,1.4532469081878663,0.9095154404640198,1.5901583433151245,0.125,0.8571428656578064,0.6992063522338867,1
embedding-data/deberta-sentence-transformer,C_lex_sem_strong,11,810124c49b5c,maintain operational records or records systems,4420,6bc76a3eb886,5,1.080201268196106,0.7538250684738159,0.05772954970598221,0.1666666716337204,0.7142857313156128,0.4781259596347809,0
embedding-data/deberta-sentence-transformer,C_lex_sem_strong,11,810124c49b5c,maintain operational records or records systems,4059,966ff254f415,6,1.497354702949524,0.9028798937797546,1.524846076965332,0.1428571492433548,0.7142857313156128,0.7855809926986694,1
embedding-data/deberta-sentence-transformer,C_lex_sem_strong,11,810124c49b5c,maintain operational records or records systems,3917,d23e50a9caf6,7,1.2296225595474244,0.8854944109916687,1.3537242412567139,0.1428571492433548,1.0,0.3834010660648346,1
embedding-data/deberta-sentence-transformer,C_lex_sem_strong,11,810124c49b5c,maintain operational records or records systems,1694,d6c8c0983834,8,1.3869812488555908,0.7947144508361816,0.46019548177719116,0.0,0.4285714328289032,0.9551669359207153,0
embedding-data/deberta-sentence-transformer,C_lex_sem_strong,11,810124c49b5c,maintain operational records or records systems,4057,f7d2308e7f34,9,1.3286095428466798,0.8678475618362427,1.1800298690795898,0.1111111119389534,0.875,0.5731669664382935,1
embedding-data/deberta-sentence-transformer,C_lex_sem_strong,11,810124c49b5c,maintain operational records or records systems,1466,106269d3e3cb,10,1.0736989974975586,0.7074853181838989,-0.398383229970932,0.1666666716337204,0.5714285969734192,0.545514702796936,0
embedding-data/deberta-sentence-transformer,C_lex_sem_strong,12,9251af4a3821,supervise engineering or other technical personnel,3978,6918d9132472,1,1.1568336486816406,0.4478154182434082,-0.168425053358078,0.1666666716337204,0.4285714328289032,1.0,0
embedding-data/deberta-sentence-transformer,C_lex_sem_strong,12,9251af4a3821,supervise engineering or other technical personnel,1337,284a65d8619b,2,0.842264711856842,0.6494230031967163,2.0937893390655518,0.0,0.5833333134651184,0.33131682872772217,0
embedding-data/deberta-sentence-transformer,C_lex_sem_strong,12,9251af4a3821,supervise engineering or other technical personnel,5214,4d29d09f4c1d,3,1.026090042591095,0.7302825450897217,3.0011043548583984,0.10000000149011612,0.699999988079071,0.3362140953540802,1
embedding-data/deberta-sentence-transformer,C_lex_sem_strong,12,9251af4a3821,supervise engineering or other technical personnel,2623,5b9cd334c378,4,0.876156210899353,0.6636987328529358,2.2539756298065186,0.0,0.6363636255264282,0.35482272505760193,0
embedding-data/deberta-sentence-transformer,C_lex_sem_strong,12,9251af4a3821,supervise engineering or other technical personnel,3766,94c75e9264bf,5,1.0802382230758667,0.745232105255127,3.168851613998413,0.0,1.0,0.4954155683517456,0
embedding-data/deberta-sentence-transformer,C_lex_sem_strong,12,9251af4a3821,supervise engineering or other technical personnel,3943,1eedfa96d1f9,6,1.0708188581466676,0.7672077417373657,3.415437698364258,0.07692307978868484,0.5833333134651184,0.3785346746444702,1
embedding-data/deberta-sentence-transformer,C_lex_sem_strong,12,9251af4a3821,supervise engineering or other technical personnel,3314,5ccae7640253,7,0.9537202715873718,0.6195523738861084,1.7586145401000977,0.125,0.7142857313156128,0.47238877415657043,0
embedding-data/deberta-sentence-transformer,C_lex_sem_strong,12,9251af4a3821,supervise engineering or other technical personnel,2728,b12a99169d3e,8,0.8051835298538208,0.6280295252799988,1.8537356853485107,0.0,0.5384615659713745,0.31073179841041565,0
embedding-data/deberta-sentence-transformer,C_lex_sem_strong,12,9251af4a3821,supervise engineering or other technical personnel,3963,91bd8992e298,9,1.0748568773269653,0.7620660662651062,3.357743501663208,0.125,0.7142857313156128,0.47238877415657043,0
embedding-data/deberta-sentence-transformer,C_lex_sem_strong,12,9251af4a3821,supervise engineering or other technical personnel,4453,d9ea7797e0d6,10,0.9124036431312561,0.690651535987854,2.5564095973968506,0.10000000149011612,0.699999988079071,0.3362140953540802,0
embedding-data/deberta-sentence-transformer,C_lex_sem_strong,13,f7e80a0049c6,estimate operational costs,1649,bd1d85f33bd2,1,1.7172326612472535,0.9555678367614746,1.0913255214691162,0.25,0.75,1.0,1
embedding-data/deberta-sentence-transformer,C_lex_sem_strong,13,f7e80a0049c6,estimate operational costs,2558,057972302b68,2,1.5772928762435914,0.8893567323684692,0.5782803297042847,0.20000000298023224,1.0,0.8590565323829651,1
embedding-data/deberta-sentence-transformer,C_lex_sem_strong,13,f7e80a0049c6,estimate operational costs,3880,3815b0b5a181,3,1.6961620616912843,0.9307788014411926,0.8992445468902588,0.25,0.75,1.0,1
embedding-data/deberta-sentence-transformer,C_lex_sem_strong,13,f7e80a0049c6,estimate operational costs,4059,966ff254f415,4,1.4720835256576539,0.9115841388702393,0.7505122423171997,0.1666666716337204,0.800000011920929,0.7198624014854431,1
embedding-data/deberta-sentence-transformer,C_lex_sem_strong,13,f7e80a0049c6,estimate operational costs,4058,74fe0528c27f,5,1.2540342807769775,0.8356430530548096,0.16207297146320343,0.1428571492433548,0.6666666865348816,0.6407135128974915,0
embedding-data/deberta-sentence-transformer,C_lex_sem_strong,13,f7e80a0049c6,estimate operational costs,4057,f7d2308e7f34,6,1.1265395879745483,0.8045728802680969,-0.07867825776338577,0.125,0.5,0.5252180695533752,0
embedding-data/deberta-sentence-transformer,C_lex_sem_strong,13,f7e80a0049c6,estimate operational costs,1918,50dc77a549a6,7,0.9757216143608093,0.9361430406570435,0.9408100247383118,0.0,1.0,0.0,1
embedding-data/deberta-sentence-transformer,C_lex_sem_strong,13,f7e80a0049c6,estimate operational costs,4283,4e51e2b3d889,8,0.9717961120605468,0.9315247535705566,0.9050246477127075,0.0,1.0,0.0,1
embedding-data/deberta-sentence-transformer,C_lex_sem_strong,13,f7e80a0049c6,estimate operational costs,2366,078c62a4ef11,9,0.9922609496116638,0.9556010961532593,1.091583251953125,0.0,1.0,0.0,1
embedding-data/deberta-sentence-transformer,C_lex_sem_strong,13,f7e80a0049c6,estimate operational costs,186,00cd500cb766,10,0.9808534550666809,0.9421805143356323,0.9875921607017517,0.0,1.0,0.0,1
embedding-data/deberta-sentence-transformer,C_lex_sem_strong,14,ccf9fc39d00f,estimate time requirements for development or production projects,1649,bd1d85f33bd2,1,1.4334510564804077,0.7900543212890625,0.8892887830734253,0.1428571492433548,0.3333333432674408,1.0,0
embedding-data/deberta-sentence-transformer,C_lex_sem_strong,14,ccf9fc39d00f,estimate time requirements for development or production projects,2300,754666b07e71,2,1.2026623058319093,0.7692304849624634,0.691906213760376,0.07692307978868484,0.6428571343421936,0.55592280626297,1
embedding-data/deberta-sentence-transformer,C_lex_sem_strong,14,ccf9fc39d00f,estimate time requirements for development or production projects,4980,33d7f6d99831,3,1.3110373783111573,0.7964298725128174,0.9497206211090088,0.10000000149011612,1.0,0.6201028227806091,1
embedding-data/deberta-sentence-transformer,C_lex_sem_strong,14,ccf9fc39d00f,estimate time requirements for development or production projects,3766,94c75e9264bf,4,1.1286848783493042,0.8011647462844849,0.9946009516716003,0.0,0.7777777910232544,0.5284530520439148,0
embedding-data/deberta-sentence-transformer,C_lex_sem_strong,14,ccf9fc39d00f,estimate time requirements for development or production projects,3393,ce552657c408,5,1.1310408115386963,0.7402069568634033,0.4168013632297516,0.125,0.4444444477558136,0.6177434921264648,0
embedding-data/deberta-sentence-transformer,C_lex_sem_strong,14,ccf9fc39d00f,estimate time requirements for development or production projects,2446,a18b251c5cc8,6,1.224400281906128,0.7055988311767578,0.08876187354326248,0.125,0.4444444477558136,0.7931382060050964,0
embedding-data/deberta-sentence-transformer,C_lex_sem_strong,14,ccf9fc39d00f,estimate time requirements for development or production projects,943,74651aa1038d,7,1.126243233680725,0.8351154923439026,1.3164093494415283,0.10000000149011612,1.0,0.42342162132263184,0
embedding-data/deberta-sentence-transformer,C_lex_sem_strong,14,ccf9fc39d00f,estimate time requirements for development or production projects,1712,0d23c5fd52ea,8,1.2025918531417847,0.8302502632141113,1.2702933549880981,0.0833333358168602,0.8181818127632141,0.4548490047454834,1
embedding-data/deberta-sentence-transformer,C_lex_sem_strong,14,ccf9fc39d00f,estimate time requirements for development or production projects,5055,017b3832af09,9,1.408239917755127,0.8778306245803833,1.7212926149368286,0.10000000149011612,0.8888888955116272,0.6759928464889526,1
embedding-data/deberta-sentence-transformer,C_lex_sem_strong,14,ccf9fc39d00f,estimate time requirements for development or production projects,1117,3479e025b0d4,10,1.2372432947158813,0.834930956363678,1.3146601915359497,0.125,0.4444444477558136,0.6544393301010132,0
embedding-data/deberta-sentence-transformer,C_lex_sem_strong,15,c5e6a1a8c44d,prepare detailed work plans,4310,506583358173,1,1.695014910697937,0.925227701663971,1.3685442209243774,0.2857142984867096,0.7142857313156128,1.0,1
embedding-data/deberta-sentence-transformer,C_lex_sem_strong,15,c5e6a1a8c44d,prepare detailed work plans,335,d656c80ba945,2,1.2790427207946777,0.7999771237373352,0.2778880298137665,0.20000000298023224,0.6000000238418579,0.7129458785057068,0
embedding-data/deberta-sentence-transformer,C_lex_sem_strong,15,c5e6a1a8c44d,prepare detailed work plans,4557,a807b9e8d04c,3,1.3908828067779542,0.9045021533966064,1.1880704164505005,0.1666666716337204,0.800000011920929,0.6124608516693115,1
embedding-data/deberta-sentence-transformer,C_lex_sem_strong,15,c5e6a1a8c44d,prepare detailed work plans,4941,70dc49aedf8d,4,1.4514396953582764,0.9086794257164001,1.2244452238082886,0.20000000298023224,0.6000000238418579,0.7129458785057068,1
embedding-data/deberta-sentence-transformer,C_lex_sem_strong,15,c5e6a1a8c44d,prepare detailed work plans,226,7e56613a2ebc,5,1.3251713085174561,0.909156084060669,1.2285959720611572,0.1428571492433548,0.8333333134651184,0.5149768590927124,1
embedding-data/deberta-sentence-transformer,C_lex_sem_strong,15,c5e6a1a8c44d,prepare detailed work plans,1652,ebcee30ccff3,6,1.2639349699020386,0.8492693901062012,0.7071149349212646,0.1666666716337204,0.800000011920929,0.6124608516693115,0
embedding-data/deberta-sentence-transformer,C_lex_sem_strong,15,c5e6a1a8c44d,prepare detailed work plans,4590,5d45850c5baa,7,1.4054508209228516,0.9029831886291504,1.174843668937683,0.20000000298023224,0.6000000238418579,0.768450140953064,0
embedding-data/deberta-sentence-transformer,C_lex_sem_strong,15,c5e6a1a8c44d,prepare detailed work plans,4311,dad8075f10c2,8,1.1440874338150024,0.846250057220459,0.6808232069015503,0.1428571492433548,0.7142857313156128,0.4639640152454376,0
embedding-data/deberta-sentence-transformer,C_lex_sem_strong,15,c5e6a1a8c44d,prepare detailed work plans,3331,bd1098fcfc05,9,1.3371496200561523,0.8116875886917114,0.3798603415489197,0.1666666716337204,0.800000011920929,0.7626882791519165,0
embedding-data/deberta-sentence-transformer,C_lex_sem_strong,15,c5e6a1a8c44d,prepare detailed work plans,2295,15e018941f99,10,1.3077890872955322,0.833796501159668,0.5723801851272583,0.20000000298023224,0.6000000238418579,0.7129458785057068,0
embedding-data/deberta-sentence-transformer,C_lex_sem_strong,16,6e6ec1a475b8,prepare technical reports for internal use,4311,dad8075f10c2,1,1.4091954231262207,0.8460718393325806,2.563039779663086,0.125,1.0,0.8071919083595276,0
embedding-data/deberta-sentence-transformer,C_lex_sem_strong,16,6e6ec1a475b8,prepare technical reports for internal use,4589,a8445719836f,2,1.2845455408096313,0.6070282459259033,-0.6018953323364258,0.20000000298023224,0.2857142984867096,1.0,0
embedding-data/deberta-sentence-transformer,C_lex_sem_strong,16,6e6ec1a475b8,prepare technical reports for internal use,3498,9e69de35c497,3,1.0689305830001832,0.7024967074394226,0.6621062755584717,0.125,0.8571428656578064,0.40156304836273193,1
embedding-data/deberta-sentence-transformer,C_lex_sem_strong,16,6e6ec1a475b8,prepare technical reports for internal use,5214,4d29d09f4c1d,4,1.0582912135124207,0.769830584526062,1.5536062717437744,0.10000000149011612,0.699999988079071,0.3341931700706482,1
embedding-data/deberta-sentence-transformer,C_lex_sem_strong,16,6e6ec1a475b8,prepare technical reports for internal use,4558,7b0342e1d11a,5,1.1155142784118652,0.7891267538070679,1.8090873956680298,0.1111111119389534,0.8571428656578064,0.48117130994796753,0
embedding-data/deberta-sentence-transformer,C_lex_sem_strong,16,6e6ec1a475b8,prepare technical reports for internal use,212,035c8ac6c2ec,6,0.9618344902992249,0.6465736031532288,-0.07831515371799469,0.125,0.7142857313156128,0.45116907358169556,0
embedding-data/deberta-sentence-transformer,C_lex_sem_strong,16,6e6ec1a475b8,prepare technical reports for internal use,226,7e56613a2ebc,7,1.2005811929702759,0.8073827624320984,2.0507967472076416,0.125,0.8571428656578064,0.5765593647956848,0
embedding-data/deberta-sentence-transformer,C_lex_sem_strong,16,6e6ec1a475b8,prepare technical reports for internal use,3344,73655dd507f9,8,1.134903268814087,0.8615159392356873,2.767519474029541,0.0,0.7142857313156128,0.35883745551109314,1
embedding-data/deberta-sentence-transformer,C_lex_sem_strong,16,6e6ec1a475b8,prepare technical reports for internal use,1419,ea280e15fe28,9,0.9802216458320617,0.7715966701507568,1.5769891738891602,0.0833333358168602,0.5833333134651184,0.2419491708278656,1
embedding-data/deberta-sentence-transformer,C_lex_sem_strong,16,6e6ec1a475b8,prepare technical reports for internal use,4310,506583358173,10,1.198777437210083,0.8387562036514282,2.4661808013916016,0.1111111119389534,1.0,0.5194462537765503,0
embedding-data/deberta-sentence-transformer,C_lex_sem_strong,17,e1dbddbff402,"prepare contracts, disclosures, or applications",2890,5371441504ea,1,1.2133550643920898,0.6331795454025269,1.3468682765960693,0.20000000298023224,0.5,0.8359322547912598,0
embedding-data/deberta-sentence-transformer,C_lex_sem_strong,17,e1dbddbff402,"prepare contracts, disclosures, or applications",1337,284a65d8619b,2,0.9573658108711243,0.5821462273597717,0.6742762327194214,0.10000000149011612,0.5,0.5607735514640808,0
embedding-data/deberta-sentence-transformer,C_lex_sem_strong,17,e1dbddbff402,"prepare contracts, disclosures, or applications",2623,5b9cd334c378,3,0.9556425380706787,0.6934714317321777,2.1414833068847656,0.0,0.5454545617103577,0.3309233486652374,1
embedding-data/deberta-sentence-transformer,C_lex_sem_strong,17,e1dbddbff402,"prepare contracts, disclosures, or applications",2142,7283b3452da1,4,0.9523537158966064,0.7239434123039246,2.5430877208709717,0.1111111119389534,0.75,0.34254229068756104,0
embedding-data/deberta-sentence-transformer,C_lex_sem_strong,17,e1dbddbff402,"prepare contracts, disclosures, or applications",2081,e5eed4bfc9b4,5,0.753622190952301,0.7140653133392334,2.4128997325897217,0.0,0.6666666865348816,0.0,1
embedding-data/deberta-sentence-transformer,C_lex_sem_strong,17,e1dbddbff402,"prepare contracts, disclosures, or applications",4369,da96e99c6eae,6,0.8203612732887268,0.7729740142822266,3.1892850399017334,0.0,0.8333333134651184,0.0,1
embedding-data/deberta-sentence-transformer,C_lex_sem_strong,17,e1dbddbff402,"prepare contracts, disclosures, or applications",3766,94c75e9264bf,7,1.0653363466262817,0.7719875574111938,3.176284074783325,0.0,0.8571428656578064,0.46204647421836853,0
embedding-data/deberta-sentence-transformer,C_lex_sem_strong,17,e1dbddbff402,"prepare contracts, disclosures, or applications",2003,af05ac064c3c,8,0.7644474673271179,0.687585175037384,2.0639054775238037,0.0,1.0,0.0,1
embedding-data/deberta-sentence-transformer,C_lex_sem_strong,17,e1dbddbff402,"prepare contracts, disclosures, or applications",3498,9e69de35c497,9,0.7752519416809082,0.7002963423728943,2.2314319610595703,0.0,1.0,0.0,1
embedding-data/deberta-sentence-transformer,C_lex_sem_strong,17,e1dbddbff402,"prepare contracts, disclosures, or applications",4310,506583358173,10,1.0986515283584595,0.7609005570411682,3.030163288116455,0.125,0.8571428656578064,0.48738816380500793,0
embedding-data/deberta-sentence-transformer,C_lex_sem_strong,18,1c10b347eeee,update technical knowledge,1607,6544768291be,1,1.7065356540679932,0.9429832100868225,1.0836036205291748,0.25,0.75,1.0,1
embedding-data/deberta-sentence-transformer,C_lex_sem_strong,18,1c10b347eeee,update technical knowledge,2003,af05ac064c3c,2,1.247022271156311,0.5854173898696899,-1.8705486059188843,0.1666666716337204,0.6666666865348816,0.9277393221855164,0
embedding-data/deberta-sentence-transformer,C_lex_sem_strong,18,1c10b347eeee,update technical knowledge,502,aa10612f6849,3,1.3238813447952271,0.8114383220672607,-0.003199409693479538,0.1666666716337204,0.6666666865348816,0.6487982869148254,1
embedding-data/deberta-sentence-transformer,C_lex_sem_strong,18,1c10b347eeee,update technical knowledge,489,a0c130bfaa58,4,1.4664630889892578,0.7809010148048401,-0.25549381971359253,0.25,0.75,0.9681389331817627,0
embedding-data/deberta-sentence-transformer,C_lex_sem_strong,18,1c10b347eeee,update technical knowledge,4682,e7b1f13719d5,5,1.2892987728118896,0.7831803560256958,-0.23666225373744965,0.1666666716337204,0.800000011920929,0.7289459109306335,0
embedding-data/deberta-sentence-transformer,C_lex_sem_strong,18,1c10b347eeee,update technical knowledge,2505,706a8c419d43,6,1.6139330434799195,0.9550033211708069,1.1829118728637695,0.20000000298023224,1.0,0.8316860795021057,1
embedding-data/deberta-sentence-transformer,C_lex_sem_strong,18,1c10b347eeee,update technical knowledge,2899,02494e9ed104,7,1.5918458271026612,0.9064779281616211,0.7820028066635132,0.20000000298023224,1.0,0.8590565323829651,1
embedding-data/deberta-sentence-transformer,C_lex_sem_strong,18,1c10b347eeee,update technical knowledge,4453,d9ea7797e0d6,8,0.9975140690803528,0.7137663960456848,-0.8101494312286377,0.125,0.4000000059604645,0.4654465913772583,0
embedding-data/deberta-sentence-transformer,C_lex_sem_strong,18,1c10b347eeee,update technical knowledge,2695,4c29274ab46c,9,1.6242909002304078,0.8462246060371399,0.2841993570327759,0.25,0.75,1.0,1
embedding-data/deberta-sentence-transformer,C_lex_sem_strong,18,1c10b347eeee,update technical knowledge,1797,b08da67facc1,10,1.4380081462860108,0.8561717867851257,0.3663814067840576,0.20000000298023224,0.800000011920929,0.7289459109306335,1
embedding-data/deberta-sentence-transformer,C_lex_sem_strong,19,9d76ae41867e,evaluate characteristics of equipment or systems,2657,805fc5c1d17a,1,1.375657558441162,0.6974123120307922,0.1152554303407669,0.20000000298023224,0.4285714328289032,1.0,0
embedding-data/deberta-sentence-transformer,C_lex_sem_strong,19,9d76ae41867e,evaluate characteristics of equipment or systems,2300,754666b07e71,2,0.9810305833816528,0.6926994919776917,0.06265990436077118,0.09090909361839294,0.5,0.46293455362319946,0
embedding-data/deberta-sentence-transformer,C_lex_sem_strong,19,9d76ae41867e,evaluate characteristics of equipment or systems,4507,4308d262ba90,3,1.1949940919876099,0.7809638381004333,1.0476984977722168,0.125,0.8571428656578064,0.6006578207015991,0
embedding-data/deberta-sentence-transformer,C_lex_sem_strong,19,9d76ae41867e,evaluate characteristics of equipment or systems,3766,94c75e9264bf,4,1.1380467414855957,0.8132421970367432,1.4079281091690063,0.0,1.0,0.4954155683517456,0
embedding-data/deberta-sentence-transformer,C_lex_sem_strong,19,9d76ae41867e,evaluate characteristics of equipment or systems,2641,414d1ab8da6a,5,1.336246132850647,0.7581534385681152,0.7931322455406189,0.1666666716337204,0.5714285969734192,0.8590565323829651,0
embedding-data/deberta-sentence-transformer,C_lex_sem_strong,19,9d76ae41867e,evaluate characteristics of equipment or systems,4998,8ce14d15a94f,6,1.0004780459403992,0.7980578541755676,1.2384693622589111,0.0,0.875,0.22089840471744537,1
embedding-data/deberta-sentence-transformer,C_lex_sem_strong,19,9d76ae41867e,evaluate characteristics of equipment or systems,4420,6bc76a3eb886,7,0.9860357046127319,0.6985384225845337,0.12782293558120728,0.1666666716337204,0.7142857313156128,0.4107372462749481,0
embedding-data/deberta-sentence-transformer,C_lex_sem_strong,19,9d76ae41867e,evaluate characteristics of equipment or systems,3588,a6818b8d1354,8,1.1664502620697021,0.8115149140357971,1.3886514902114868,0.10000000149011612,0.6363636255264282,0.5614659190177917,0
embedding-data/deberta-sentence-transformer,C_lex_sem_strong,19,9d76ae41867e,evaluate characteristics of equipment or systems,3663,9b1383e434a5,9,1.2592331171035767,0.7706133127212524,0.9321856498718262,0.1666666716337204,0.7142857313156128,0.7134999632835388,0
embedding-data/deberta-sentence-transformer,C_lex_sem_strong,19,9d76ae41867e,evaluate characteristics of equipment or systems,3917,d23e50a9caf6,10,1.0676188468933105,0.8335213661193848,1.6342456340789795,0.1428571492433548,1.0,0.3293631970882416,0
embedding-data/deberta-sentence-transformer,C_lex_sem_strong,20,1bd49058235f,advise customers on the use of products or services,3025,5653d4592b47,1,1.5260235834121705,0.7483212947845459,1.3802255392074585,0.09090909361839294,1.0,0.9882408380508423,1
embedding-data/deberta-sentence-transformer,C_lex_sem_strong,20,1bd49058235f,advise customers on the use of products or services,2179,ae365297905a,2,1.1380195617675781,0.5948736071586609,-0.4065040946006775,0.1666666716337204,0.30000001192092896,0.8129196166992188,0
embedding-data/deberta-sentence-transformer,C_lex_sem_strong,20,1bd49058235f,advise customers on the use of products or services,1337,284a65d8619b,3,1.1787084341049194,0.5499414205551147,-0.9296900033950806,0.09090909361839294,0.8333333134651184,0.8710614442825317,0
embedding-data/deberta-sentence-transformer,C_lex_sem_strong,20,1bd49058235f,advise customers on the use of products or services,5101,0ab6c77c51b9,4,1.1274720001220704,0.6938360333442688,0.7458045482635498,0.0,0.800000011920929,0.539587676525116,1
embedding-data/deberta-sentence-transformer,C_lex_sem_strong,20,1bd49058235f,advise customers on the use of products or services,3782,0d6b3a3f8dee,5,1.52575834274292,0.7714803814888,1.6498875617980957,0.0,0.8999999761581421,1.0,1
embedding-data/deberta-sentence-transformer,C_lex_sem_strong,20,1bd49058235f,advise customers on the use of products or services,5238,e960aa5a3937,6,1.1934112310409546,0.7593690156936646,1.5088640451431274,0.0,0.800000011920929,0.6684963703155518,0
embedding-data/deberta-sentence-transformer,C_lex_sem_strong,20,1bd49058235f,advise customers on the use of products or services,4707,e509e322d71a,7,1.1636557579040527,0.6639440059661865,0.397744745016098,0.0,0.9090909361839294,0.7262775301933289,0
embedding-data/deberta-sentence-transformer,C_lex_sem_strong,20,1bd49058235f,advise customers on the use of products or services,3766,94c75e9264bf,8,1.1596697568893433,0.8125423192977905,2.1280088424682617,0.0,0.699999988079071,0.5700125098228455,0
embedding-data/deberta-sentence-transformer,C_lex_sem_strong,20,1bd49058235f,advise customers on the use of products or services,1710,d548ad3bd5cf,9,1.171860694885254,0.7386337518692017,1.2674247026443481,0.0,0.8999999761581421,0.6486027836799622,0
embedding-data/deberta-sentence-transformer,C_lex_sem_strong,20,1bd49058235f,advise customers on the use of products or services,4975,0181584577c0,10,1.249595284461975,0.8148890137672424,2.1553335189819336,0.0,0.800000011920929,0.6813421845436096,0
embedding-data/deberta-sentence-transformer,C_lex_sem_strong,21,c9b70de179fe,develop software or computer applications,1618,a6ec7cc907d1,1,1.414807915687561,0.6644798517227173,1.1277812719345093,0.5,0.5,1.0,0
embedding-data/deberta-sentence-transformer,C_lex_sem_strong,21,c9b70de179fe,develop software or computer applications,61,7e243ce316f8,2,0.967278139591217,0.5875037312507629,-0.06264304369688034,0.1428571492433548,0.8333333134651184,0.3942789137363434,1
embedding-data/deberta-sentence-transformer,C_lex_sem_strong,21,c9b70de179fe,develop software or computer applications,3265,f5115287696e,3,1.109736638069153,0.7494996786117554,2.4426002502441406,0.1666666716337204,0.8333333134651184,0.3942789137363434,1
embedding-data/deberta-sentence-transformer,C_lex_sem_strong,21,c9b70de179fe,develop software or computer applications,126,102c15dfbc00,4,1.108973698616028,0.7224454879760742,2.0242111682891846,0.1666666716337204,0.6666666865348816,0.4498499631881714,1
embedding-data/deberta-sentence-transformer,C_lex_sem_strong,21,c9b70de179fe,develop software or computer applications,3766,94c75e9264bf,5,0.9778172373771667,0.7069161534309387,1.7840523719787598,0.0,0.8571428656578064,0.4160345196723938,0
embedding-data/deberta-sentence-transformer,C_lex_sem_strong,21,c9b70de179fe,develop software or computer applications,4322,111b01115aeb,6,1.0630364584922791,0.710651159286499,1.841813564300537,0.1666666716337204,1.0,0.3509279489517212,1
embedding-data/deberta-sentence-transformer,C_lex_sem_strong,21,c9b70de179fe,develop software or computer applications,4568,aa54a115f48b,7,1.1343369054794312,0.81337970495224,3.430495262145996,0.1428571492433548,0.8333333134651184,0.3586563169956207,1
embedding-data/deberta-sentence-transformer,C_lex_sem_strong,21,c9b70de179fe,develop software or computer applications,3592,fd4ea4fecf63,8,1.0121712684631348,0.6205265522003174,0.44804996252059937,0.1666666716337204,0.6666666865348816,0.5496052503585815,0
embedding-data/deberta-sentence-transformer,C_lex_sem_strong,21,c9b70de179fe,develop software or computer applications,523,910ef5c9cb44,9,1.1434194612503052,0.7629698514938354,2.650914430618286,0.1666666716337204,0.6666666865348816,0.4498499631881714,1
embedding-data/deberta-sentence-transformer,C_lex_sem_strong,21,c9b70de179fe,develop software or computer applications,4349,d007e0bd579b,10,1.040822148323059,0.7633792757987976,2.6572461128234863,0.1428571492433548,1.0,0.3762548863887787,0
embedding-data/deberta-sentence-transformer,C_lex_sem_strong,22,bab0b2935945,"analyze operational data to evaluate operations, processes or products",4507,4308d262ba90,1,1.2885050773620605,0.7404186725616455,1.9487236738204956,0.20000000298023224,0.6000000238418579,0.7987847328186035,0
embedding-data/deberta-sentence-transformer,C_lex_sem_strong,22,bab0b2935945,"analyze operational data to evaluate operations, processes or products",1337,284a65d8619b,2,1.0612303185462952,0.6795001029968262,1.3570924997329712,0.0,0.8333333134651184,0.45760270953178406,1
embedding-data/deberta-sentence-transformer,C_lex_sem_strong,22,bab0b2935945,"analyze operational data to evaluate operations, processes or products",2067,9c7403fc6e17,3,1.2227905988693237,0.5091654658317566,-0.29716956615448,0.25,0.4000000059604645,1.0,0
embedding-data/deberta-sentence-transformer,C_lex_sem_strong,22,bab0b2935945,"analyze operational data to evaluate operations, processes or products",2623,5b9cd334c378,4,1.0197222232818604,0.6891357898712158,1.4506727457046509,0.0,0.9090909361839294,0.4900681972503662,0
embedding-data/deberta-sentence-transformer,C_lex_sem_strong,22,bab0b2935945,"analyze operational data to evaluate operations, processes or products",3154,d74736c2fa1e,5,0.9769215750694275,0.768030047416687,2.2168807983398438,0.09090909361839294,0.800000011920929,0.20844899117946625,1
embedding-data/deberta-sentence-transformer,C_lex_sem_strong,22,bab0b2935945,"analyze operational data to evaluate operations, processes or products",1861,6ae66fe596ed,6,1.0143937635421754,0.6899533271789551,1.4586124420166016,0.05882352963089943,0.7142857313156128,0.3782002031803131,1
embedding-data/deberta-sentence-transformer,C_lex_sem_strong,22,bab0b2935945,"analyze operational data to evaluate operations, processes or products",2728,b12a99169d3e,7,1.0909025239944459,0.7303930521011353,1.8513565063476562,0.07692307978868484,0.7692307829856873,0.42537248134613037,1
embedding-data/deberta-sentence-transformer,C_lex_sem_strong,22,bab0b2935945,"analyze operational data to evaluate operations, processes or products",3766,94c75e9264bf,8,1.0575896501541138,0.7920268177986145,2.4499335289001465,0.0,0.699999988079071,0.4490954577922821,0
embedding-data/deberta-sentence-transformer,C_lex_sem_strong,22,bab0b2935945,"analyze operational data to evaluate operations, processes or products",5238,e960aa5a3937,9,1.0156932044029237,0.8136436939239502,2.6598730087280273,0.09090909361839294,0.800000011920929,0.20844899117946625,1
embedding-data/deberta-sentence-transformer,C_lex_sem_strong,22,bab0b2935945,"analyze operational data to evaluate operations, processes or products",5239,ad194b21665d,10,1.2102201747894288,0.8450316786766052,2.964708089828491,0.07692307978868484,0.9090909361839294,0.436642050743103,1
embedding-data/deberta-sentence-transformer,C_lex_sem_strong,23,9a8d83e8b2e2,conduct environmental audits,3723,2ad7fd67c4de,1,1.725625114440918,0.9654412269592285,0.9683781266212463,0.25,0.75,1.0,1
embedding-data/deberta-sentence-transformer,C_lex_sem_strong,23,9a8d83e8b2e2,conduct environmental audits,2486,efb61440c3a1,2,1.7008181381225587,0.9362565875053406,0.7470958232879639,0.25,0.75,1.0,1
embedding-data/deberta-sentence-transformer,C_lex_sem_strong,23,9a8d83e8b2e2,conduct environmental audits,2999,a4a640d71221,3,1.344861388206482,0.8657748699188232,0.21269290149211884,0.20000000298023224,1.0,0.66993248462677,0
embedding-data/deberta-sentence-transformer,C_lex_sem_strong,23,9a8d83e8b2e2,conduct environmental audits,4247,310c23fd2d02,4,1.3156139421463013,0.9056282043457031,0.514866828918457,0.1666666716337204,0.6666666865348816,0.5226143002510071,1
embedding-data/deberta-sentence-transformer,C_lex_sem_strong,23,9a8d83e8b2e2,conduct environmental audits,5020,d5543f5402aa,5,1.5483469533920289,0.938181459903717,0.7616904973983765,0.25,0.75,0.7798467874526978,1
embedding-data/deberta-sentence-transformer,C_lex_sem_strong,23,9a8d83e8b2e2,conduct environmental audits,3216,51498477e06c,6,1.514027910232544,0.8978060483932495,0.45555809140205383,0.25,0.75,0.7798467874526978,1
embedding-data/deberta-sentence-transformer,C_lex_sem_strong,23,9a8d83e8b2e2,conduct environmental audits,3250,688e91eeecce,7,1.4823776054382325,0.9334410429000854,0.7257479429244995,0.20000000298023224,1.0,0.66993248462677,1
embedding-data/deberta-sentence-transformer,C_lex_sem_strong,23,9a8d83e8b2e2,conduct environmental audits,4873,6483104c7cb1,8,1.5649016666412354,0.957657516002655,0.9093608856201172,0.25,0.75,0.7798467874526978,1
embedding-data/deberta-sentence-transformer,C_lex_sem_strong,23,9a8d83e8b2e2,conduct environmental audits,2388,1c068fbebcb0,9,1.544327096939087,0.9334521889686584,0.725832462310791,0.25,0.75,0.7798467874526978,1
embedding-data/deberta-sentence-transformer,C_lex_sem_strong,23,9a8d83e8b2e2,conduct environmental audits,3000,60f525001b2f,10,1.5395047235488892,0.9277788400650024,0.6828162670135498,0.25,0.75,0.7798467874526978,1
embedding-data/deberta-sentence-transformer,C_lex_sem_strong,24,2ae9204d54c8,design industrial processing systems,4723,66fe44b4fefa,1,1.72735746383667,0.9331600666046143,0.8907351493835449,0.5,0.6000000238418579,0.9916732311248779,1
embedding-data/deberta-sentence-transformer,C_lex_sem_strong,24,2ae9204d54c8,design industrial processing systems,233,81861c829fa0,2,1.2769239711761475,0.7800638675689697,-0.4771679937839508,0.1666666716337204,0.800000011920929,0.6007661819458008,1
embedding-data/deberta-sentence-transformer,C_lex_sem_strong,24,2ae9204d54c8,design industrial processing systems,107,20be59e19f80,3,1.6352997589111329,0.8885880708694458,0.49248769879341125,0.20000000298023224,0.6000000238418579,1.0,1
embedding-data/deberta-sentence-transformer,C_lex_sem_strong,24,2ae9204d54c8,design industrial processing systems,3663,9b1383e434a5,4,1.586476402282715,0.9456592798233032,1.0024147033691406,0.4000000059604645,1.0,0.7466657161712646,1
embedding-data/deberta-sentence-transformer,C_lex_sem_strong,24,2ae9204d54c8,design industrial processing systems,4582,bde8c91972ff,5,1.424597978591919,0.8493317365646362,0.1417352706193924,0.4000000059604645,1.0,0.7466657161712646,0
embedding-data/deberta-sentence-transformer,C_lex_sem_strong,24,2ae9204d54c8,design industrial processing systems,4295,8ea08d9b16a7,6,1.4159274864196778,0.8781114816665649,0.39888015389442444,0.20000000298023224,0.6000000238418579,0.6993325352668762,1
embedding-data/deberta-sentence-transformer,C_lex_sem_strong,24,2ae9204d54c8,design industrial processing systems,4903,7ae5405b0851,7,1.4062009620666505,0.9321544766426086,0.8817502856254578,0.1666666716337204,0.800000011920929,0.6007661819458008,1
embedding-data/deberta-sentence-transformer,C_lex_sem_strong,24,2ae9204d54c8,design industrial processing systems,723,46bf7e5b695b,8,1.3326309490203858,0.8456015586853027,0.10840640962123871,0.1666666716337204,0.800000011920929,0.6007661819458008,1
embedding-data/deberta-sentence-transformer,C_lex_sem_strong,24,2ae9204d54c8,design industrial processing systems,746,af043b3e36cc,9,1.4449911880493165,0.912304162979126,0.704389214515686,0.20000000298023224,0.6000000238418579,0.6993325352668762,1
embedding-data/deberta-sentence-transformer,C_lex_sem_strong,24,2ae9204d54c8,design industrial processing systems,724,1759f0b22dd2,10,1.4312442111968995,0.896131157875061,0.5598846077919006,0.20000000298023224,0.6000000238418579,0.6993325352668762,1
embedding-data/deberta-sentence-transformer,C_lex_sem_strong,25,79d2ac46742b,direct operational or production activities,3033,fd89784e59c7,1,1.3193790912628174,0.6306421160697937,0.06186342611908913,0.25,0.3333333432674408,1.0,0
embedding-data/deberta-sentence-transformer,C_lex_sem_strong,25,79d2ac46742b,direct operational or production activities,147,575ea3efc7e8,2,1.073516845703125,0.6063809990882874,-0.29522600769996643,0.125,0.23999999463558197,0.7272757887840271,0
embedding-data/deberta-sentence-transformer,C_lex_sem_strong,25,79d2ac46742b,direct operational or production activities,3766,94c75e9264bf,3,1.2855647373199464,0.8399319648742676,3.1423146724700928,0.0,0.8571428656578064,0.5798689723014832,1
embedding-data/deberta-sentence-transformer,C_lex_sem_strong,25,79d2ac46742b,direct operational or production activities,2623,5b9cd334c378,4,0.8301833868026733,0.5704957842826843,-0.8234057426452637,0.0,0.5454545617103577,0.41530928015708923,0
embedding-data/deberta-sentence-transformer,C_lex_sem_strong,25,79d2ac46742b,direct operational or production activities,5169,69142a156a26,5,1.1509119272232056,0.6979295015335083,1.0522388219833374,0.1428571492433548,0.8571428656578064,0.6334085464477539,0
embedding-data/deberta-sentence-transformer,C_lex_sem_strong,25,79d2ac46742b,direct operational or production activities,4504,1f9d54874a38,6,0.7689269351959228,0.692855179309845,0.9775519371032715,0.0,1.0,0.0,1
embedding-data/deberta-sentence-transformer,C_lex_sem_strong,25,79d2ac46742b,direct operational or production activities,3232,d7dbf48fa293,7,1.301247477531433,0.6710405349731445,0.6564711928367615,0.1666666716337204,0.6666666865348816,0.901232898235321,0
embedding-data/deberta-sentence-transformer,C_lex_sem_strong,25,79d2ac46742b,direct operational or production activities,1117,3479e025b0d4,8,1.2266708612442017,0.7341077923774719,1.5847322940826416,0.1666666716337204,0.6666666865348816,0.7181130647659302,0
embedding-data/deberta-sentence-transformer,C_lex_sem_strong,25,79d2ac46742b,direct operational or production activities,4058,74fe0528c27f,9,1.2682480812072754,0.7660138607025146,2.054344654083252,0.125,1.0,0.7030518054962158,0
embedding-data/deberta-sentence-transformer,C_lex_sem_strong,25,79d2ac46742b,direct operational or production activities,4874,97baaed1a0ba,10,1.1210209131240845,0.6098137497901917,-0.24470074474811554,0.1666666716337204,0.6666666865348816,0.7181130647659302,0
embedding-data/deberta-sentence-transformer,C_lex_sem_strong,26,a86fc9314475,respond to emergencies to provide assistance,1551,a91e30b789fc,1,1.531885461807251,0.9022700786590576,3.2136480808258057,0.0,0.7142857313156128,0.8764676451683044,1
embedding-data/deberta-sentence-transformer,C_lex_sem_strong,26,a86fc9314475,respond to emergencies to provide assistance,3614,1263dbe275b0,2,1.2053200006484985,0.5272672176361084,-1.2746293544769287,0.0,0.5714285969734192,1.0,0
embedding-data/deberta-sentence-transformer,C_lex_sem_strong,26,a86fc9314475,respond to emergencies to provide assistance,2264,603094eecd32,3,1.1990418434143066,0.6048070192337036,-0.34658268094062805,0.0,0.7142857313156128,0.8764676451683044,0
embedding-data/deberta-sentence-transformer,C_lex_sem_strong,26,a86fc9314475,respond to emergencies to provide assistance,4969,fb98139a2c39,4,1.2233219146728516,0.6333718299865723,-0.004700507037341595,0.0,0.7142857313156128,0.8764676451683044,0
embedding-data/deberta-sentence-transformer,C_lex_sem_strong,26,a86fc9314475,respond to emergencies to provide assistance,2339,51db9c6e8f68,5,1.2514196634292603,0.6705518960952759,0.44029462337493896,0.0,0.699999988079071,0.8735007643699646,0
embedding-data/deberta-sentence-transformer,C_lex_sem_strong,26,a86fc9314475,respond to emergencies to provide assistance,2814,05eb79523820,6,1.3072088527679444,0.7473313808441162,1.359241247177124,0.0,1.0,0.7028244733810425,1
embedding-data/deberta-sentence-transformer,C_lex_sem_strong,26,a86fc9314475,respond to emergencies to provide assistance,5176,a4cece74a4d9,7,1.3586676120758057,0.7076761722564697,0.8846220374107361,0.0,0.5714285969734192,1.0,0
embedding-data/deberta-sentence-transformer,C_lex_sem_strong,26,a86fc9314475,respond to emergencies to provide assistance,1419,ea280e15fe28,8,1.1947520971298218,0.6964643001556396,0.7504310607910156,0.0,0.5833333134651184,0.7777488231658936,0
embedding-data/deberta-sentence-transformer,C_lex_sem_strong,26,a86fc9314475,respond to emergencies to provide assistance,3666,789a184d765c,9,1.3512738943099976,0.7839034795761108,1.7969598770141602,0.0,0.7142857313156128,0.8764676451683044,0
embedding-data/deberta-sentence-transformer,C_lex_sem_strong,26,a86fc9314475,respond to emergencies to provide assistance,1692,31d24bb1ddd1,10,1.2445592451095582,0.7404990196228027,1.277467131614685,0.0,0.875,0.6394786834716797,1
embedding-data/deberta-sentence-transformer,C_lex_sem_strong,27,88a991273442,maintain regulatory or compliance documentation,3872,4e4ff7039f22,1,1.5254502296447754,0.7946473360061646,1.6365268230438232,0.5,0.5,1.0,0
embedding-data/deberta-sentence-transformer,C_lex_sem_strong,27,88a991273442,maintain regulatory or compliance documentation,2497,a83108244e71,2,0.831375675201416,0.8198002576828003,1.939590334892273,0.0,0.5454545617103577,0.0,1
embedding-data/deberta-sentence-transformer,C_lex_sem_strong,27,88a991273442,maintain regulatory or compliance documentation,3766,94c75e9264bf,3,0.9965246319770813,0.8152191638946533,1.8843934535980225,0.0,0.8571428656578064,0.31124863028526306,0
embedding-data/deberta-sentence-transformer,C_lex_sem_strong,27,88a991273442,maintain regulatory or compliance documentation,2248,0cef13e08429,4,0.8185404109954834,0.7904396653175354,1.585829257965088,0.0,0.6666666865348816,0.0,1
embedding-data/deberta-sentence-transformer,C_lex_sem_strong,27,88a991273442,maintain regulatory or compliance documentation,2699,485d26352e99,5,1.0871870517730713,0.7207352519035339,0.7459720373153687,0.1666666716337204,0.8333333134651184,0.5112791061401367,0
embedding-data/deberta-sentence-transformer,C_lex_sem_strong,27,88a991273442,maintain regulatory or compliance documentation,3344,73655dd507f9,6,0.8909307885169983,0.8559970259666443,2.3757193088531494,0.0,0.8333333134651184,0.0,1
embedding-data/deberta-sentence-transformer,C_lex_sem_strong,27,88a991273442,maintain regulatory or compliance documentation,4044,32a696162ad2,7,0.8747153449058532,0.8173121213912964,1.9096112251281738,0.0,1.0,0.0,1
embedding-data/deberta-sentence-transformer,C_lex_sem_strong,27,88a991273442,maintain regulatory or compliance documentation,2573,f5d5121e9328,8,1.1022940874099731,0.8053790330886841,1.7658313512802124,0.1666666716337204,0.6666666865348816,0.45388829708099365,0
embedding-data/deberta-sentence-transformer,C_lex_sem_strong,27,88a991273442,maintain regulatory or compliance documentation,4305,c17b06904856,9,0.8941339421272277,0.8695693016052246,2.5392494201660156,0.0,0.75,0.0,1
embedding-data/deberta-sentence-transformer,C_lex_sem_strong,27,88a991273442,maintain regulatory or compliance documentation,751,2a63b9d3beeb,10,0.9104023742675781,0.8761036396026611,2.617980718612671,0.0,0.8571428656578064,0.0,1
embedding-data/deberta-sentence-transformer,C_lex_sem_strong,28,ce1178bafa1d,monitor external affairs or events affecting business operations,1249,95d7d4c08187,1,1.1751643419265747,0.4525742530822754,0.9143637418746948,0.2857142984867096,0.3333333432674408,1.0,0
embedding-data/deberta-sentence-transformer,C_lex_sem_strong,28,ce1178bafa1d,monitor external affairs or events affecting business operations,2622,62c0405486a6,2,0.8384649324417114,0.5989269614219666,2.2085163593292236,0.0,0.692307710647583,0.25735169649124146,1
embedding-data/deberta-sentence-transformer,C_lex_sem_strong,28,ce1178bafa1d,monitor external affairs or events affecting business operations,2623,5b9cd334c378,3,0.8097800612449646,0.6144165396690369,2.3454859256744385,0.0,0.8181818127632141,0.2938683331012726,0
embedding-data/deberta-sentence-transformer,C_lex_sem_strong,28,ce1178bafa1d,monitor external affairs or events affecting business operations,2975,8479908ec09d,4,0.76970787525177,0.7556934356689453,3.594754695892334,0.0,0.4736842215061188,0.0,1
embedding-data/deberta-sentence-transformer,C_lex_sem_strong,28,ce1178bafa1d,monitor external affairs or events affecting business operations,4104,530aa5cc0969,5,0.7410839366912841,0.681489109992981,2.9385883808135986,0.0,0.8181818127632141,0.0,1
embedding-data/deberta-sentence-transformer,C_lex_sem_strong,28,ce1178bafa1d,monitor external affairs or events affecting business operations,1337,284a65d8619b,6,0.9620246458053588,0.7234638929367065,3.3097586631774902,0.0,0.75,0.2744004726409912,1
embedding-data/deberta-sentence-transformer,C_lex_sem_strong,28,ce1178bafa1d,monitor external affairs or events affecting business operations,4359,c6bf4f94d21e,7,0.7802706360816956,0.5418323278427124,1.7036458253860474,0.1111111119389534,0.4444444477558136,0.3614949584007263,0
embedding-data/deberta-sentence-transformer,C_lex_sem_strong,28,ce1178bafa1d,monitor external affairs or events affecting business operations,2728,b12a99169d3e,8,0.8271306753158569,0.6797101497650146,2.9228575229644775,0.0,0.692307710647583,0.25735169649124146,0
embedding-data/deberta-sentence-transformer,C_lex_sem_strong,28,ce1178bafa1d,monitor external affairs or events affecting business operations,3766,94c75e9264bf,9,0.9651897549629211,0.7061125636100769,3.1563260555267334,0.0,0.7777777910232544,0.41030898690223694,0
embedding-data/deberta-sentence-transformer,C_lex_sem_strong,28,ce1178bafa1d,monitor external affairs or events affecting business operations,4707,e509e322d71a,10,0.7855787444114685,0.7338359355926514,3.401475429534912,0.0,0.8181818127632141,0.0,1
embedding-data/deberta-sentence-transformer,C_lex_sem_strong,29,ef7349785e11,implement design or process improvements,2365,103eab151086,1,1.4174848794937134,0.6676293611526489,0.2637244164943695,0.5,0.5,1.0,0
embedding-data/deberta-sentence-transformer,C_lex_sem_strong,29,ef7349785e11,implement design or process improvements,1914,a633d2f5670e,2,0.98096116065979,0.5764957666397095,-1.0752968788146973,0.1428571492433548,0.8333333134651184,0.42719292640686035,1
embedding-data/deberta-sentence-transformer,C_lex_sem_strong,29,ef7349785e11,implement design or process improvements,1405,06c62fc8558d,3,1.2279508876800538,0.7534142136573792,1.524156928062439,0.125,1.0,0.5464982986450195,1
embedding-data/deberta-sentence-transformer,C_lex_sem_strong,29,ef7349785e11,implement design or process improvements,3766,94c75e9264bf,4,1.2159617710113526,0.8399671316146851,2.79587459564209,0.0,0.8571428656578064,0.48039335012435913,1
embedding-data/deberta-sentence-transformer,C_lex_sem_strong,29,ef7349785e11,implement design or process improvements,5132,d1ee55d1b2ed,5,1.343595027923584,0.7006925940513611,0.7495208382606506,0.4000000059604645,0.6666666865348816,0.8590565323829651,0
embedding-data/deberta-sentence-transformer,C_lex_sem_strong,29,ef7349785e11,implement design or process improvements,3891,6579f5e89913,6,1.3138861656188965,0.8593342304229736,3.0804343223571777,0.1428571492433548,1.0,0.6498294472694397,0
embedding-data/deberta-sentence-transformer,C_lex_sem_strong,29,ef7349785e11,implement design or process improvements,3523,26e860c1f814,7,1.1573927402496338,0.718729555606842,1.01453697681427,0.1666666716337204,0.8333333134651184,0.6140085458755493,0
embedding-data/deberta-sentence-transformer,C_lex_sem_strong,29,ef7349785e11,implement design or process improvements,1918,50dc77a549a6,8,1.0412061214447021,0.7059105634689331,0.8261882066726685,0.1666666716337204,0.6666666865348816,0.4874029755592346,0
embedding-data/deberta-sentence-transformer,C_lex_sem_strong,29,ef7349785e11,implement design or process improvements,4792,dd7287e532e0,9,0.9854128360748291,0.6893215179443359,0.5824461579322815,0.1666666716337204,1.0,0.3802230656147003,0
embedding-data/deberta-sentence-transformer,C_lex_sem_strong,29,ef7349785e11,implement design or process improvements,3522,2ad74838885a,10,1.192891001701355,0.7088313102722168,0.8691025376319885,0.1666666716337204,0.6666666865348816,0.7005490660667419,0
embedding-data/deberta-sentence-transformer,C_lex_sem_strong,30,c6a87cc5d35e,prepare operational reports,4589,a8445719836f,1,1.6313509511947633,0.8643343448638916,0.4022901952266693,0.3333333432674408,0.5,1.0,1
embedding-data/deberta-sentence-transformer,C_lex_sem_strong,30,c6a87cc5d35e,prepare operational reports,4310,506583358173,2,1.280271487236023,0.8834643363952637,0.5528746247291565,0.1428571492433548,0.5714285969734192,0.5194462537765503,1
embedding-data/deberta-sentence-transformer,C_lex_sem_strong,30,c6a87cc5d35e,prepare operational reports,3332,72c021894860,3,1.5255065727233887,0.9445028901100159,1.0333480834960938,0.20000000298023224,1.0,0.7181130647659302,1
embedding-data/deberta-sentence-transformer,C_lex_sem_strong,30,c6a87cc5d35e,prepare operational reports,4590,5d45850c5baa,4,1.615602331161499,0.9510137438774109,1.084599256515503,0.25,0.75,0.8603436946868896,1
embedding-data/deberta-sentence-transformer,C_lex_sem_strong,30,c6a87cc5d35e,prepare operational reports,4489,91f41a9ddfae,5,1.5310490894317628,0.9392588138580322,0.9920686483383179,0.25,1.0,0.7181130647659302,1
embedding-data/deberta-sentence-transformer,C_lex_sem_strong,30,c6a87cc5d35e,prepare operational reports,4059,966ff254f415,6,1.439660267829895,0.913841724395752,0.7919944524765015,0.1666666716337204,0.800000011920929,0.6708019971847534,1
embedding-data/deberta-sentence-transformer,C_lex_sem_strong,30,c6a87cc5d35e,prepare operational reports,1897,d330010440a6,7,1.5453048515319825,0.8884143829345703,0.591839611530304,0.25,0.75,0.8359322547912598,1
embedding-data/deberta-sentence-transformer,C_lex_sem_strong,30,c6a87cc5d35e,prepare operational reports,226,7e56613a2ebc,8,1.3568473625183106,0.9097126722335815,0.759492039680481,0.1666666716337204,0.6666666865348816,0.5765593647956848,1
embedding-data/deberta-sentence-transformer,C_lex_sem_strong,30,c6a87cc5d35e,prepare operational reports,4311,dad8075f10c2,9,1.1524819135665894,0.8216392993927002,0.06621016561985016,0.1666666716337204,0.5714285969734192,0.5194462537765503,0
embedding-data/deberta-sentence-transformer,C_lex_sem_strong,30,c6a87cc5d35e,prepare operational reports,2576,c685851e31a3,10,1.3947768211364746,0.884820818901062,0.5635523200035095,0.20000000298023224,1.0,0.7181130647659302,0
embedding-data/deberta-sentence-transformer,C_lex_sem_strong,31,53acfaed8c01,supervise employees,3566,581ac2a59c21,1,1.2765045166015625,0.5998094081878662,-1.7194322347640991,0.1666666716337204,0.3333333432674408,1.0,0
embedding-data/deberta-sentence-transformer,C_lex_sem_strong,31,53acfaed8c01,supervise employees,3982,926cb54e103a,2,1.0005014109611512,0.9652957320213318,0.8831535577774048,0.0,1.0,0.0,1
embedding-data/deberta-sentence-transformer,C_lex_sem_strong,31,53acfaed8c01,supervise employees,5255,7775d0548a15,3,1.000205295085907,0.9649473428726196,0.8806726932525635,0.0,1.0,0.0,1
embedding-data/deberta-sentence-transformer,C_lex_sem_strong,31,53acfaed8c01,supervise employees,472,f09f0bf4e953,4,1.0043733882904053,0.9698509573936462,0.915590763092041,0.0,1.0,0.0,1
embedding-data/deberta-sentence-transformer,C_lex_sem_strong,31,53acfaed8c01,supervise employees,4096,60fad6d02ffe,5,1.0011194515228272,0.9660228490829468,0.8883312940597534,0.0,1.0,0.0,1
embedding-data/deberta-sentence-transformer,C_lex_sem_strong,31,53acfaed8c01,supervise employees,4532,a276a9a6627c,6,1.0017276573181153,0.9667383432388306,0.893426239490509,0.0,1.0,0.0,1
embedding-data/deberta-sentence-transformer,C_lex_sem_strong,31,53acfaed8c01,supervise employees,2645,13aa445d8f1d,7,1.008749144077301,0.974998950958252,0.9522490501403809,0.0,1.0,0.0,1
embedding-data/deberta-sentence-transformer,C_lex_sem_strong,31,53acfaed8c01,supervise employees,4590,5d45850c5baa,8,1.0087581443786622,0.975009560585022,0.952324628829956,0.0,1.0,0.0,1
embedding-data/deberta-sentence-transformer,C_lex_sem_strong,31,53acfaed8c01,supervise employees,4181,06a0fe0fc852,9,1.0004736948013306,0.9652631282806396,0.8829213976860046,0.0,1.0,0.0,1
embedding-data/deberta-sentence-transformer,C_lex_sem_strong,31,53acfaed8c01,supervise employees,2666,22f5962a5e18,10,1.0021806526184083,0.9672713279724121,0.897221565246582,0.0,1.0,0.0,1
embedding-data/deberta-sentence-transformer,C_lex_sem_strong,32,85a88cfd39f0,"direct sales, marketing, or customer service activities",1265,060dca13af57,1,1.0113002061843872,0.24368658661842346,0.0749054029583931,0.3333333432674408,0.375,1.0,0
embedding-data/deberta-sentence-transformer,C_lex_sem_strong,32,85a88cfd39f0,"direct sales, marketing, or customer service activities",2622,62c0405486a6,2,0.8778060245513916,0.6634631752967834,3.6228437423706055,0.0,0.6153846383094788,0.24617694318294525,1
embedding-data/deberta-sentence-transformer,C_lex_sem_strong,32,85a88cfd39f0,"direct sales, marketing, or customer service activities",3644,f9f626a8a461,3,0.6655315327644348,0.6153311729431152,3.216033458709717,0.0,0.625,0.0,1
embedding-data/deberta-sentence-transformer,C_lex_sem_strong,32,85a88cfd39f0,"direct sales, marketing, or customer service activities",2728,b12a99169d3e,4,0.789909839630127,0.6541734933853149,3.5443274974823,0.0,0.6153846383094788,0.24617694318294525,0
embedding-data/deberta-sentence-transformer,C_lex_sem_strong,32,85a88cfd39f0,"direct sales, marketing, or customer service activities",500,b5af6cc043a0,5,0.6625794172286987,0.661858081817627,3.6092774868011475,0.0,1.0,0.0,0
embedding-data/deberta-sentence-transformer,C_lex_sem_strong,32,85a88cfd39f0,"direct sales, marketing, or customer service activities",4302,5e4a1ccf5b7d,6,0.8170287609100342,0.4882338047027588,2.141810655593872,0.0833333358168602,0.8888888955116272,0.42353498935699463,0
embedding-data/deberta-sentence-transformer,C_lex_sem_strong,32,85a88cfd39f0,"direct sales, marketing, or customer service activities",4671,60dde1b4c54b,7,0.771078884601593,0.4441910684108734,1.7695629596710205,0.125,0.5,0.45502352714538574,0
embedding-data/deberta-sentence-transformer,C_lex_sem_strong,32,85a88cfd39f0,"direct sales, marketing, or customer service activities",2623,5b9cd334c378,8,0.823168933391571,0.6513718962669373,3.52064847946167,0.0,0.7272727489471436,0.28110793232917786,0
embedding-data/deberta-sentence-transformer,C_lex_sem_strong,32,85a88cfd39f0,"direct sales, marketing, or customer service activities",3260,6a7868423f4d,9,0.959831314086914,0.6283933520317078,3.32643461227417,0.1111111119389534,0.75,0.35496383905410767,1
embedding-data/deberta-sentence-transformer,C_lex_sem_strong,32,85a88cfd39f0,"direct sales, marketing, or customer service activities",548,0586134e1b27,10,0.7799667882919311,0.7205491662025452,4.105332851409912,0.0,0.875,0.0,1
embedding-data/deberta-sentence-transformer,C_lex_sem_strong,33,2be03b534579,"direct organizational operations, projects, or services",2446,a18b251c5cc8,1,1.3264546394348145,0.7134345173835754,3.7683560848236084,0.1428571492433548,0.5714285969734192,0.9061728715896606,0
embedding-data/deberta-sentence-transformer,C_lex_sem_strong,33,2be03b534579,"direct organizational operations, projects, or services",802,2d77c69cd997,2,0.9080012440681458,0.4627775251865387,-1.200102686882019,0.125,0.8571428656578064,0.5770372748374939,0
embedding-data/deberta-sentence-transformer,C_lex_sem_strong,33,2be03b534579,"direct organizational operations, projects, or services",2728,b12a99169d3e,3,0.9128906726837158,0.6987776160240173,3.477830648422241,0.0,0.5384615659713745,0.3786907196044922,0
embedding-data/deberta-sentence-transformer,C_lex_sem_strong,33,2be03b534579,"direct organizational operations, projects, or services",1243,14686b75fbe4,4,1.0625900030136108,0.6081916093826294,1.6822580099105835,0.125,0.7142857313156128,0.6417122483253479,0
embedding-data/deberta-sentence-transformer,C_lex_sem_strong,33,2be03b534579,"direct organizational operations, projects, or services",5169,69142a156a26,5,1.0401082038879395,0.5334704518318176,0.20115438103675842,0.125,1.0,0.659511923789978,0
embedding-data/deberta-sentence-transformer,C_lex_sem_strong,33,2be03b534579,"direct organizational operations, projects, or services",2623,5b9cd334c378,6,0.9121884703636169,0.6421821713447571,2.3560101985931396,0.0,0.6363636255264282,0.4324246048927307,0
embedding-data/deberta-sentence-transformer,C_lex_sem_strong,33,2be03b534579,"direct organizational operations, projects, or services",1400,0171c20bcf79,7,1.0924752950668335,0.6337073445320129,2.1880245208740234,0.1428571492433548,0.7142857313156128,0.6483200788497925,0
embedding-data/deberta-sentence-transformer,C_lex_sem_strong,33,2be03b534579,"direct organizational operations, projects, or services",1694,d6c8c0983834,8,1.1603806018829346,0.4912039637565613,-0.6366411447525024,0.0,0.4285714328289032,1.0,0
embedding-data/deberta-sentence-transformer,C_lex_sem_strong,33,2be03b534579,"direct organizational operations, projects, or services",2300,754666b07e71,9,0.9443221092224121,0.5094706416130066,-0.274563729763031,0.0833333358168602,0.5,0.6351505517959595,0
embedding-data/deberta-sentence-transformer,C_lex_sem_strong,33,2be03b534579,"direct organizational operations, projects, or services",3766,94c75e9264bf,10,1.1741822957992554,0.7665247917175293,4.820697784423828,0.0,1.0,0.6037659645080566,0
embedding-data/deberta-sentence-transformer,C_lex_sem_strong,34,614f5f558eca,approve expenditures,3618,082c56a3a156,1,1.0063827204704285,0.972214937210083,1.1845656633377075,0.0,1.0,0.0,1
embedding-data/deberta-sentence-transformer,C_lex_sem_strong,34,614f5f558eca,approve expenditures,1343,3c206bbe526b,2,0.9881807136535644,0.9508007764816284,1.0272345542907715,0.0,1.0,0.0,1
embedding-data/deberta-sentence-transformer,C_lex_sem_strong,34,614f5f558eca,approve expenditures,3310,1b5b70c37d4d,3,0.9931614565849304,0.9566605091094971,1.0702863931655884,0.0,1.0,0.0,1
embedding-data/deberta-sentence-transformer,C_lex_sem_strong,34,614f5f558eca,approve expenditures,2663,876d500a7d79,4,0.991046028137207,0.9541717767715454,1.0520014762878418,0.0,1.0,0.0,1
embedding-data/deberta-sentence-transformer,C_lex_sem_strong,34,614f5f558eca,approve expenditures,4574,21c9cd58de46,5,0.9877489376068115,0.9502928256988525,1.0235027074813843,0.0,1.0,0.0,1
embedding-data/deberta-sentence-transformer,C_lex_sem_strong,34,614f5f558eca,approve expenditures,2532,046df5a4594b,6,0.9917652177810669,0.9550178647041321,1.0582177639007568,0.0,1.0,0.0,1
embedding-data/deberta-sentence-transformer,C_lex_sem_strong,34,614f5f558eca,approve expenditures,4590,5d45850c5baa,7,0.9892040061950683,0.9520046710968018,1.0360796451568604,0.0,1.0,0.0,1
embedding-data/deberta-sentence-transformer,C_lex_sem_strong,34,614f5f558eca,approve expenditures,1607,6544768291be,8,0.9880902934074401,0.9506944417953491,1.0264533758163452,0.0,1.0,0.0,1
embedding-data/deberta-sentence-transformer,C_lex_sem_strong,34,614f5f558eca,approve expenditures,2236,4e7b71da39bd,9,0.9945243167877197,0.9582638740539551,1.0820664167404175,0.0,1.0,0.0,1
embedding-data/deberta-sentence-transformer,C_lex_sem_strong,34,614f5f558eca,approve expenditures,3174,dd299ebe2528,10,0.989394085407257,0.9522282481193542,1.0377223491668701,0.0,1.0,0.0,1
embedding-data/deberta-sentence-transformer,C_lex_sem_strong,35,e19513a85bed,prepare operational budgets,4590,5d45850c5baa,1,1.7068939971923829,0.9434046745300293,1.079437494277954,0.25,0.75,1.0,1
embedding-data/deberta-sentence-transformer,C_lex_sem_strong,35,e19513a85bed,prepare operational budgets,4311,dad8075f10c2,2,1.2009347677230835,0.8092027902603149,0.03558637201786041,0.1666666716337204,0.5714285969734192,0.6037659645080566,0
embedding-data/deberta-sentence-transformer,C_lex_sem_strong,35,e19513a85bed,prepare operational budgets,226,7e56613a2ebc,3,1.4125992822647095,0.8982284069061279,0.7280467748641968,0.1666666716337204,0.6666666865348816,0.6701500415802002,1
embedding-data/deberta-sentence-transformer,C_lex_sem_strong,35,e19513a85bed,prepare operational budgets,4059,966ff254f415,4,1.5350091028213502,0.936343789100647,1.0245164632797241,0.1666666716337204,0.800000011920929,0.7796907424926758,1
embedding-data/deberta-sentence-transformer,C_lex_sem_strong,35,e19513a85bed,prepare operational budgets,4310,506583358173,5,1.3395163583755494,0.8837245106697083,0.6152323484420776,0.1428571492433548,0.5714285969734192,0.6037659645080566,1
embedding-data/deberta-sentence-transformer,C_lex_sem_strong,35,e19513a85bed,prepare operational budgets,4058,74fe0528c27f,6,1.3265771865844727,0.8771346211433411,0.5639747977256775,0.1428571492433548,0.6666666865348816,0.6939637064933777,0
embedding-data/deberta-sentence-transformer,C_lex_sem_strong,35,e19513a85bed,prepare operational budgets,4057,f7d2308e7f34,7,1.1602518558502197,0.8082863092422485,0.02845778502523899,0.125,0.5,0.5688693523406982,0
embedding-data/deberta-sentence-transformer,C_lex_sem_strong,35,e19513a85bed,prepare operational budgets,78,cefdec315735,8,0.9745952653884887,0.934817910194397,1.0126478672027588,0.0,1.0,0.0,1
embedding-data/deberta-sentence-transformer,C_lex_sem_strong,35,e19513a85bed,prepare operational budgets,2664,f14a60909863,9,0.9945750403404235,0.9583235383033752,1.1954796314239502,0.0,1.0,0.0,1
embedding-data/deberta-sentence-transformer,C_lex_sem_strong,35,e19513a85bed,prepare operational budgets,3595,8639c05835d2,10,0.9821559953689575,0.9437128901481628,1.0818349123001099,0.0,1.0,0.0,1
embedding-data/deberta-sentence-transformer,C_lex_sem_strong,36,e5bfe7745119,analyze data to inform operational decisions or activities,2956,3cdbb6503c09,1,1.3875598907470703,0.6893795728683472,1.3942711353302002,0.2857142984867096,0.4444444477558136,1.0,0
embedding-data/deberta-sentence-transformer,C_lex_sem_strong,36,e5bfe7745119,analyze data to inform operational decisions or activities,1337,284a65d8619b,2,0.9545808434486389,0.6336357593536377,0.8080252408981323,0.0,0.75,0.48712924122810364,0
embedding-data/deberta-sentence-transformer,C_lex_sem_strong,36,e5bfe7745119,analyze data to inform operational decisions or activities,4303,0358af5c4ed1,3,1.1057585048675538,0.7964785099029541,2.5206079483032227,0.05882352963089943,0.6000000238418579,0.3956958055496216,1
embedding-data/deberta-sentence-transformer,C_lex_sem_strong,36,e5bfe7745119,analyze data to inform operational decisions or activities,2623,5b9cd334c378,4,1.0215482711791992,0.6759381294250488,1.2529103755950928,0.0,0.8181818127632141,0.5216895341873169,0
embedding-data/deberta-sentence-transformer,C_lex_sem_strong,36,e5bfe7745119,analyze data to inform operational decisions or activities,3707,ae14f32b277d,5,1.1258332300186158,0.7790039777755737,2.336832046508789,0.10000000149011612,0.8888888955116272,0.3925584554672241,1
embedding-data/deberta-sentence-transformer,C_lex_sem_strong,36,e5bfe7745119,analyze data to inform operational decisions or activities,2728,b12a99169d3e,6,1.0074981451034546,0.7113261222839355,1.6250783205032349,0.0833333358168602,0.692307710647583,0.4528193771839142,0
embedding-data/deberta-sentence-transformer,C_lex_sem_strong,36,e5bfe7745119,analyze data to inform operational decisions or activities,1452,41db1b32b4b9,7,1.2206372022628784,0.609902560710907,0.5584282279014587,0.2857142984867096,0.5555555820465088,0.8421736359596252,0
embedding-data/deberta-sentence-transformer,C_lex_sem_strong,36,e5bfe7745119,analyze data to inform operational decisions or activities,4988,2ebd7081bf5a,8,1.0660852956771851,0.8034160137176514,2.5935683250427246,0.06666667014360428,0.75,0.3069261908531189,1
embedding-data/deberta-sentence-transformer,C_lex_sem_strong,36,e5bfe7745119,analyze data to inform operational decisions or activities,5238,e960aa5a3937,9,1.0134336519241334,0.7873122692108154,2.424208641052246,0.10000000149011612,0.8888888955116272,0.22189901769161224,1
embedding-data/deberta-sentence-transformer,C_lex_sem_strong,36,e5bfe7745119,analyze data to inform operational decisions or activities,2384,9f0afa80bca1,10,1.125419020652771,0.8536823391914368,3.122208595275879,0.10000000149011612,0.7777777910232544,0.4314447045326233,0
embedding-data/deberta-sentence-transformer,C_lex_sem_strong,37,78a6d412d86e,monitor organizational procedures to ensure proper functioning,860,fa8ac4b1b38c,1,1.297041416168213,0.6246703863143921,-0.5515601634979248,0.1428571492433548,0.375,1.0,0
embedding-data/deberta-sentence-transformer,C_lex_sem_strong,37,78a6d412d86e,monitor organizational procedures to ensure proper functioning,140,1b6f29f96686,2,1.06131263256073,0.781630277633667,0.9150583148002625,0.07692307978868484,0.800000011920929,0.31648895144462585,1
embedding-data/deberta-sentence-transformer,C_lex_sem_strong,37,78a6d412d86e,monitor organizational procedures to ensure proper functioning,3570,fd16133ef486,3,1.2523421812057496,0.8413649797439575,1.473213791847229,0.0833333358168602,0.6153846383094788,0.5413954854011536,1
embedding-data/deberta-sentence-transformer,C_lex_sem_strong,37,78a6d412d86e,monitor organizational procedures to ensure proper functioning,5171,ea4eaa54728e,4,1.0969508457183839,0.8564721345901489,1.6143735647201538,0.0,0.625,0.3234992027282715,1
embedding-data/deberta-sentence-transformer,C_lex_sem_strong,37,78a6d412d86e,monitor organizational procedures to ensure proper functioning,3736,def255fcf471,5,1.0925722885131837,0.8792385458946228,1.8271008729934692,0.0,1.0,0.23602791130542755,1
embedding-data/deberta-sentence-transformer,C_lex_sem_strong,37,78a6d412d86e,monitor organizational procedures to ensure proper functioning,3666,789a184d765c,6,1.0766654181480408,0.8326070308685303,1.3913803100585938,0.0,0.625,0.3234992027282715,1
embedding-data/deberta-sentence-transformer,C_lex_sem_strong,37,78a6d412d86e,monitor organizational procedures to ensure proper functioning,4099,86bf8f8ad819,7,1.2119982242584229,0.7881752252578735,0.9762136936187744,0.1428571492433548,0.375,0.6799682974815369,0
embedding-data/deberta-sentence-transformer,C_lex_sem_strong,37,78a6d412d86e,monitor organizational procedures to ensure proper functioning,437,3170a26b09e0,8,1.0811609792709351,0.8949560523033142,1.973963737487793,0.0,0.8888888955116272,0.2165134847164154,1
embedding-data/deberta-sentence-transformer,C_lex_sem_strong,37,78a6d412d86e,monitor organizational procedures to ensure proper functioning,181,6e0262463c46,9,1.0725057888031007,0.8847734332084656,1.8788182735443115,0.0,0.8888888955116272,0.2165134847164154,1
embedding-data/deberta-sentence-transformer,C_lex_sem_strong,37,78a6d412d86e,monitor organizational procedures to ensure proper functioning,226,7e56613a2ebc,10,1.107321457862854,0.8832589387893677,1.8646670579910278,0.0,0.75,0.2879304587841034,1
embedding-data/deberta-sentence-transformer,C_lex_sem_strong,38,a3c08ed1a115,confer with organizational members to accomplish work activities,4941,70dc49aedf8d,1,1.3500863313674927,0.6919782161712646,0.9365735054016113,0.1428571492433548,0.3333333432674408,1.0,0
embedding-data/deberta-sentence-transformer,C_lex_sem_strong,38,a3c08ed1a115,confer with organizational members to accomplish work activities,3569,b90a5f932e75,2,1.2441333103179932,0.7667495012283325,1.671004056930542,0.0833333358168602,0.8999999761581421,0.5796136856079102,1
embedding-data/deberta-sentence-transformer,C_lex_sem_strong,38,a3c08ed1a115,confer with organizational members to accomplish work activities,3212,d8505c1983d9,3,1.211104588508606,0.7983538508415222,1.981433391571045,0.0,0.8181818127632141,0.5295507907867432,1
embedding-data/deberta-sentence-transformer,C_lex_sem_strong,38,a3c08ed1a115,confer with organizational members to accomplish work activities,1186,9a8a3ac4f72f,4,1.2965056896209717,0.6868733763694763,0.8864319324493408,0.0833333358168602,1.0,0.8514237403869629,0
embedding-data/deberta-sentence-transformer,C_lex_sem_strong,38,a3c08ed1a115,confer with organizational members to accomplish work activities,3589,959b1bc6a845,5,1.07720299243927,0.787857174873352,1.878331184387207,0.06666667014360428,0.4736842215061188,0.38117516040802,1
embedding-data/deberta-sentence-transformer,C_lex_sem_strong,38,a3c08ed1a115,confer with organizational members to accomplish work activities,4370,330ceef13d7a,6,1.2221775817871094,0.850800633430481,2.49658465385437,0.0,0.5555555820465088,0.5192021727561951,1
embedding-data/deberta-sentence-transformer,C_lex_sem_strong,38,a3c08ed1a115,confer with organizational members to accomplish work activities,4453,d9ea7797e0d6,7,1.3170936870574952,0.8801186084747314,2.7845563888549805,0.0,0.8999999761581421,0.569989800453186,1
embedding-data/deberta-sentence-transformer,C_lex_sem_strong,38,a3c08ed1a115,confer with organizational members to accomplish work activities,2339,51db9c6e8f68,8,1.063681857585907,0.7207556962966919,1.2192362546920776,0.0,0.8999999761581421,0.40148502588272095,1
embedding-data/deberta-sentence-transformer,C_lex_sem_strong,38,a3c08ed1a115,confer with organizational members to accomplish work activities,140,1b6f29f96686,9,1.150035219192505,0.8103144764900208,2.098914861679077,0.07692307978868484,0.8999999761581421,0.39411893486976624,1
embedding-data/deberta-sentence-transformer,C_lex_sem_strong,38,a3c08ed1a115,confer with organizational members to accomplish work activities,4557,a807b9e8d04c,10,1.335126519203186,0.7815794348716736,1.81666898727417,0.125,0.4444444477558136,0.8590565323829651,0
embedding-data/deberta-sentence-transformer,C_lex_sem_strong,39,202cbfb3aef7,evaluate employee performance,4905,a57e4cb16fc4,1,1.6042289733886719,0.9167399406433105,1.2412662506103516,0.25,0.75,1.0,0
embedding-data/deberta-sentence-transformer,C_lex_sem_strong,39,202cbfb3aef7,evaluate employee performance,4507,4308d262ba90,2,1.348317222595215,0.7919041514396667,0.06276923418045044,0.1428571492433548,0.6666666865348816,0.7142292857170105,1
embedding-data/deberta-sentence-transformer,C_lex_sem_strong,39,202cbfb3aef7,evaluate employee performance,1207,cde3daee3654,3,1.3513247537612916,0.8806927800178528,0.9009674191474915,0.1666666716337204,0.800000011920929,0.5848607420921326,1
embedding-data/deberta-sentence-transformer,C_lex_sem_strong,39,202cbfb3aef7,evaluate employee performance,2978,c05f6c233521,4,1.580425934791565,0.8627029657363892,0.7311367988586426,0.3333333432674408,0.5,0.9292311668395996,1
embedding-data/deberta-sentence-transformer,C_lex_sem_strong,39,202cbfb3aef7,evaluate employee performance,3370,a7bdab21d08b,5,1.1008741855621338,0.6801626682281494,-0.9921125769615173,0.1666666716337204,0.800000011920929,0.5848607420921326,0
embedding-data/deberta-sentence-transformer,C_lex_sem_strong,39,202cbfb3aef7,evaluate employee performance,2349,b1c2441516f2,6,1.5503212213516235,0.8533191084861755,0.6425496339797974,0.25,0.75,1.0,0
embedding-data/deberta-sentence-transformer,C_lex_sem_strong,39,202cbfb3aef7,evaluate employee performance,4450,58319ec211bf,7,1.0300737619400024,0.7247841954231262,-0.5708684921264648,0.1428571492433548,0.5714285969734192,0.46898987889289856,0
embedding-data/deberta-sentence-transformer,C_lex_sem_strong,39,202cbfb3aef7,evaluate employee performance,5215,207bb1256670,8,1.2034571170806885,0.8219742774963379,0.3466425836086273,0.125,0.5714285969734192,0.6037659645080566,0
embedding-data/deberta-sentence-transformer,C_lex_sem_strong,39,202cbfb3aef7,evaluate employee performance,3485,ddaa4e1ffefe,9,1.385570764541626,0.8433278799057007,0.5482286214828491,0.25,0.75,0.7767742872238159,0
embedding-data/deberta-sentence-transformer,C_lex_sem_strong,39,202cbfb3aef7,evaluate employee performance,2348,90b862722457,10,1.5576465129852295,0.8619371652603149,0.7239073514938354,0.25,0.75,1.0,0
embedding-data/deberta-sentence-transformer,C_lex_sem_strong,40,f64df278da5d,conduct employee training programs,5297,c91a5c4b0bdb,1,1.6187787055969238,0.8926807641983032,1.0330783128738403,0.5,0.6000000238418579,1.0,0
embedding-data/deberta-sentence-transformer,C_lex_sem_strong,40,f64df278da5d,conduct employee training programs,5215,207bb1256670,2,1.1426850128173829,0.8662130832672119,0.7813044190406799,0.1111111119389534,0.7142857313156128,0.33250439167022705,1
embedding-data/deberta-sentence-transformer,C_lex_sem_strong,40,f64df278da5d,conduct employee training programs,4314,a854f03b07c8,3,0.9545936584472656,0.7360560297966003,-0.4568147659301758,0.1428571492433548,0.8333333134651184,0.31005892157554626,0
embedding-data/deberta-sentence-transformer,C_lex_sem_strong,40,f64df278da5d,conduct employee training programs,1260,63dfa587738c,4,1.0482687950134277,0.7197859883308411,-0.6115835905075073,0.1666666716337204,0.800000011920929,0.4615960717201233,0
embedding-data/deberta-sentence-transformer,C_lex_sem_strong,40,f64df278da5d,conduct employee training programs,4506,c7fa4c787cb9,5,0.9527465271949768,0.9091135263442993,1.1893949508666992,0.0,1.0,0.0,1
embedding-data/deberta-sentence-transformer,C_lex_sem_strong,40,f64df278da5d,conduct employee training programs,398,f60c11ff2b62,6,1.0731298923492432,0.8018519878387451,0.16906939446926117,0.1666666716337204,0.800000011920929,0.3974604904651642,0
embedding-data/deberta-sentence-transformer,C_lex_sem_strong,40,f64df278da5d,conduct employee training programs,206,b49a9e6f7e10,7,1.3250087070465089,0.9045628905296326,1.1461070775985718,0.20000000298023224,0.6000000238418579,0.5373290777206421,1
embedding-data/deberta-sentence-transformer,C_lex_sem_strong,40,f64df278da5d,conduct employee training programs,3054,bee9067ec1e5,8,1.1278407573699951,0.8368300795555115,0.5017985701560974,0.1666666716337204,1.0,0.4045740067958832,0
embedding-data/deberta-sentence-transformer,C_lex_sem_strong,40,f64df278da5d,conduct employee training programs,4045,3837c62f004b,9,0.9389725494384765,0.8929088115692139,1.035247564315796,0.0,1.0,0.0,1
embedding-data/deberta-sentence-transformer,C_lex_sem_strong,40,f64df278da5d,conduct employee training programs,4905,a57e4cb16fc4,10,1.2626025676727295,0.9142357110977173,1.2381197214126587,0.20000000298023224,0.6000000238418579,0.5507173538208008,0
embedding-data/deberta-sentence-transformer,C_lex_sem_strong,41,babe1d93de49,hire personnel,3978,6918d9132472,1,1.751745777130127,0.947151780128479,0.9441778063774109,0.3333333432674408,1.0,1.0,1
embedding-data/deberta-sentence-transformer,C_lex_sem_strong,41,babe1d93de49,hire personnel,4484,2dcbf8ba788e,2,0.9899026918411254,0.9528266191482544,0.9858912229537964,0.0,1.0,0.0,1
embedding-data/deberta-sentence-transformer,C_lex_sem_strong,41,babe1d93de49,hire personnel,4925,d3e5bde64705,3,0.988734917640686,0.9514527916908264,0.9757928252220154,0.0,1.0,0.0,1
embedding-data/deberta-sentence-transformer,C_lex_sem_strong,41,babe1d93de49,hire personnel,1249,95d7d4c08187,4,0.9897968935966491,0.9527021646499634,0.9849764108657837,0.0,1.0,0.0,1
embedding-data/deberta-sentence-transformer,C_lex_sem_strong,41,babe1d93de49,hire personnel,2368,0b023ddd2b5a,5,0.9848710465431213,0.9469070434570312,0.9423788785934448,0.0,1.0,0.0,1
embedding-data/deberta-sentence-transformer,C_lex_sem_strong,41,babe1d93de49,hire personnel,652,1e2e841b9aa1,6,0.9959491062164306,0.9599400758743286,1.0381793975830078,0.0,1.0,0.0,1
embedding-data/deberta-sentence-transformer,C_lex_sem_strong,41,babe1d93de49,hire personnel,999,4c706d283958,7,0.9906581807136535,0.953715443611145,0.9924246072769165,0.0,1.0,0.0,1
embedding-data/deberta-sentence-transformer,C_lex_sem_strong,41,babe1d93de49,hire personnel,47,b9241dcb1d13,8,0.9896631407737732,0.9525448083877563,0.9838197827339172,0.0,1.0,0.0,1
embedding-data/deberta-sentence-transformer,C_lex_sem_strong,41,babe1d93de49,hire personnel,2548,c7ccb5b872ea,9,0.9870030450820922,0.9494153261184692,0.9608162045478821,0.0,1.0,0.0,1
embedding-data/deberta-sentence-transformer,C_lex_sem_strong,41,babe1d93de49,hire personnel,4590,5d45850c5baa,10,0.9872110056877136,0.9496599435806274,0.9626142978668213,0.0,1.0,0.0,1
embedding-data/deberta-sentence-transformer,C_lex_sem_strong,42,853f8faf3522,manage control system activities in organizations,2535,e97f0c698df9,1,1.561328649520874,0.8845380544662476,1.7010551691055298,0.3333333432674408,0.5714285969734192,0.9795167446136475,0
embedding-data/deberta-sentence-transformer,C_lex_sem_strong,42,853f8faf3522,manage control system activities in organizations,3925,35c1bebe9ccc,2,1.306595163345337,0.748207151889801,0.35603001713752747,0.25,0.8571428656578064,0.6498638987541199,1
embedding-data/deberta-sentence-transformer,C_lex_sem_strong,42,853f8faf3522,manage control system activities in organizations,423,d7f334c2fa7d,3,1.2708187866210938,0.8155869245529175,1.0207911729812622,0.125,1.0,0.5322427153587341,1
embedding-data/deberta-sentence-transformer,C_lex_sem_strong,42,853f8faf3522,manage control system activities in organizations,3314,5ccae7640253,4,1.121378140449524,0.8218241930007935,1.0823273658752441,0.125,0.7142857313156128,0.35199853777885437,1
embedding-data/deberta-sentence-transformer,C_lex_sem_strong,42,853f8faf3522,manage control system activities in organizations,1713,be979f0acda4,5,1.299339771270752,0.8042042255401611,0.908490777015686,0.1428571492433548,1.0,0.6959922909736633,0
embedding-data/deberta-sentence-transformer,C_lex_sem_strong,42,853f8faf3522,manage control system activities in organizations,1676,4abb63e41447,6,1.5383870601654053,0.8406793475151062,1.2683501243591309,0.3333333432674408,0.5714285969734192,1.0,0
embedding-data/deberta-sentence-transformer,C_lex_sem_strong,42,853f8faf3522,manage control system activities in organizations,3763,a20bdc3ff554,7,1.07471652507782,0.8294918537139893,1.157975673675537,0.0,0.7142857313156128,0.3117425739765167,1
embedding-data/deberta-sentence-transformer,C_lex_sem_strong,42,853f8faf3522,manage control system activities in organizations,2188,d9811f03b461,8,1.2669836282730103,0.6821416020393372,-0.2957651913166046,0.20000000298023224,0.2857142984867096,0.8837025165557861,0
embedding-data/deberta-sentence-transformer,C_lex_sem_strong,42,853f8faf3522,manage control system activities in organizations,3562,1f7bad34c487,9,1.0862832832336426,0.8603488206863403,1.4624069929122925,0.0,1.0,0.24998106062412262,1
embedding-data/deberta-sentence-transformer,C_lex_sem_strong,42,853f8faf3522,manage control system activities in organizations,2336,a486ea676cd5,10,1.2270214128494263,0.8884220123291016,1.7393739223480225,0.1111111119389534,1.0,0.3852006196975708,1
embedding-data/deberta-sentence-transformer,C_lex_sem_strong,43,61355ce7e829,maintain personnel records,3978,6918d9132472,1,1.6722566652297974,0.9026548862457275,0.6201884150505066,0.25,0.75,1.0,1
embedding-data/deberta-sentence-transformer,C_lex_sem_strong,43,61355ce7e829,maintain personnel records,1321,9bc14bd09c21,2,1.593912320137024,0.9089090824127197,0.6721411943435669,0.20000000298023224,1.0,0.8590565323829651,1
embedding-data/deberta-sentence-transformer,C_lex_sem_strong,43,61355ce7e829,maintain personnel records,215,f3e87868bbce,3,0.9765941667556762,0.9371695518493652,0.906897246837616,0.0,1.0,0.0,1
embedding-data/deberta-sentence-transformer,C_lex_sem_strong,43,61355ce7e829,maintain personnel records,986,27e506caea6e,4,0.9747429656982421,0.9349916577339172,0.8888057470321655,0.0,1.0,0.0,1
embedding-data/deberta-sentence-transformer,C_lex_sem_strong,43,61355ce7e829,maintain personnel records,3431,21ee2ab4106d,5,0.9883383679389953,0.9509862661361694,1.021670937538147,0.0,1.0,0.0,1
embedding-data/deberta-sentence-transformer,C_lex_sem_strong,43,61355ce7e829,maintain personnel records,4596,2e9e2653d517,6,0.981701807975769,0.9431785345077515,0.9568130970001221,0.0,1.0,0.0,1
embedding-data/deberta-sentence-transformer,C_lex_sem_strong,43,61355ce7e829,maintain personnel records,78,cefdec315735,7,0.9750545191764831,0.9353582262992859,0.8918508291244507,0.0,1.0,0.0,1
embedding-data/deberta-sentence-transformer,C_lex_sem_strong,43,61355ce7e829,maintain personnel records,3175,89ed3d47d132,8,0.974822895526886,0.9350857138633728,0.8895870447158813,0.0,1.0,0.0,1
embedding-data/deberta-sentence-transformer,C_lex_sem_strong,43,61355ce7e829,maintain personnel records,2317,4bdd2b965883,9,0.9843594002723693,0.9463051557540894,0.9827855229377747,0.0,1.0,0.0,1
embedding-data/deberta-sentence-transformer,C_lex_sem_strong,43,61355ce7e829,maintain personnel records,1792,0be97b2fe6a9,10,0.97585942029953,0.9363051652908325,0.8997169137001038,0.0,1.0,0.0,1
embedding-data/deberta-sentence-transformer,C_lex_sem_strong,44,2d4009710863,prepare operational progress or status reports,1528,b5a989054bb6,1,1.373398780822754,0.7587236166000366,0.9588572978973389,0.1666666716337204,0.4285714328289032,0.9318475723266602,0
embedding-data/deberta-sentence-transformer,C_lex_sem_strong,44,2d4009710863,prepare operational progress or status reports,4303,0358af5c4ed1,2,1.0497625637054444,0.8128008246421814,1.5135948657989502,0.0625,0.46666666865348816,0.3138788342475891,1
embedding-data/deberta-sentence-transformer,C_lex_sem_strong,44,2d4009710863,prepare operational progress or status reports,4311,dad8075f10c2,3,1.2989401388168336,0.8592090606689453,1.9896620512008667,0.125,1.0,0.5194462537765503,1
embedding-data/deberta-sentence-transformer,C_lex_sem_strong,44,2d4009710863,prepare operational progress or status reports,4310,506583358173,4,1.3013616371154786,0.8653257489204407,2.0524086952209473,0.1111111119389534,1.0,0.5194462537765503,1
embedding-data/deberta-sentence-transformer,C_lex_sem_strong,44,2d4009710863,prepare operational progress or status reports,226,7e56613a2ebc,5,1.2381494045257568,0.8515805602073669,1.9114069938659668,0.125,0.8571428656578064,0.5765593647956848,0
embedding-data/deberta-sentence-transformer,C_lex_sem_strong,44,2d4009710863,prepare operational progress or status reports,2319,defa44749398,6,0.9013920593261718,0.8486964702606201,1.8818212747573853,0.0,1.0,0.0,1
embedding-data/deberta-sentence-transformer,C_lex_sem_strong,44,2d4009710863,prepare operational progress or status reports,4057,f7d2308e7f34,7,1.084242582321167,0.7460545897483826,0.8288952708244324,0.10000000149011612,0.875,0.4894231855869293,0
embedding-data/deberta-sentence-transformer,C_lex_sem_strong,44,2d4009710863,prepare operational progress or status reports,4059,966ff254f415,8,1.2756952047348022,0.8349474668502808,1.7407805919647217,0.125,0.7142857313156128,0.6708019971847534,0
embedding-data/deberta-sentence-transformer,C_lex_sem_strong,44,2d4009710863,prepare operational progress or status reports,3766,94c75e9264bf,9,1.1403943300247192,0.8184564113616943,1.5716112852096558,0.0,1.0,0.4924376904964447,0
embedding-data/deberta-sentence-transformer,C_lex_sem_strong,44,2d4009710863,prepare operational progress or status reports,4589,a8445719836f,10,1.3193165063858032,0.6479353904724121,-0.17763596773147583,0.20000000298023224,0.2857142984867096,1.0,0
embedding-data/deberta-sentence-transformer,C_lex_sem_strong,45,aa03c0034762,evaluate quality of materials or products,2957,3f078e2078e8,1,1.5075786113739014,0.8358067870140076,2.2566795349121094,0.20000000298023224,0.5714285969734192,1.0,0
embedding-data/deberta-sentence-transformer,C_lex_sem_strong,45,aa03c0034762,evaluate quality of materials or products,1080,196c26d7d8e9,2,0.9283636212348938,0.7121411561965942,0.9812108278274536,0.06666667014360428,0.3499999940395355,0.3924432396888733,0
embedding-data/deberta-sentence-transformer,C_lex_sem_strong,45,aa03c0034762,evaluate quality of materials or products,5101,0ab6c77c51b9,3,0.9871420431137085,0.7720251679420471,1.5988454818725586,0.0,0.875,0.23345814645290375,1
embedding-data/deberta-sentence-transformer,C_lex_sem_strong,45,aa03c0034762,evaluate quality of materials or products,5001,76280139c9ae,4,0.9652053880691528,0.7462173104286194,1.3326671123504639,0.0,0.875,0.23345814645290375,1
embedding-data/deberta-sentence-transformer,C_lex_sem_strong,45,aa03c0034762,evaluate quality of materials or products,3410,bfd722d7fa43,5,1.0813597440719604,0.662581741809845,0.4700625240802765,0.1428571492433548,0.7142857313156128,0.5973789691925049,0
embedding-data/deberta-sentence-transformer,C_lex_sem_strong,45,aa03c0034762,evaluate quality of materials or products,4507,4308d262ba90,6,1.1994261741638184,0.7580529451370239,1.4547381401062012,0.125,0.8571428656578064,0.6348097324371338,0
embedding-data/deberta-sentence-transformer,C_lex_sem_strong,45,aa03c0034762,evaluate quality of materials or products,4957,25aa304c3c46,7,1.0724409818649292,0.5080987215042114,-1.123252034187317,0.1666666716337204,0.5714285969734192,0.7858299016952515,0
embedding-data/deberta-sentence-transformer,C_lex_sem_strong,45,aa03c0034762,evaluate quality of materials or products,3154,d74736c2fa1e,8,0.9964804220199585,0.7830114364624023,1.7121561765670776,0.0,0.875,0.23345814645290375,1
embedding-data/deberta-sentence-transformer,C_lex_sem_strong,45,aa03c0034762,evaluate quality of materials or products,1443,3d9cb8ab1a44,9,1.0550770926475526,0.8117716312408447,2.008784532546997,0.0,0.8571428656578064,0.2847955822944641,1
embedding-data/deberta-sentence-transformer,C_lex_sem_strong,45,aa03c0034762,evaluate quality of materials or products,4346,dc00b108ce90,10,1.1864230632781982,0.7938973903656006,1.8244322538375854,0.125,1.0,0.5523004531860352,0
embedding-data/deberta-sentence-transformer,C_lex_sem_strong,46,f64f2eefbcb7,"develop operating strategies, plans, or procedures",3331,bd1098fcfc05,1,1.3363949060440063,0.6478594541549683,-0.22427964210510254,0.1428571492433548,0.5714285969734192,1.0,0
embedding-data/deberta-sentence-transformer,C_lex_sem_strong,46,f64f2eefbcb7,"develop operating strategies, plans, or procedures",2382,2c9191489a0d,2,1.0600746870040894,0.6991006135940552,0.5595853328704834,0.1538461595773697,0.46666666865348816,0.5548617839813232,0
embedding-data/deberta-sentence-transformer,C_lex_sem_strong,46,f64f2eefbcb7,"develop operating strategies, plans, or procedures",545,aaf719c721a1,3,1.0737449097633363,0.4634013772010803,-3.04603910446167,0.125,0.7142857313156128,0.7191788554191589,1
embedding-data/deberta-sentence-transformer,C_lex_sem_strong,46,f64f2eefbcb7,"develop operating strategies, plans, or procedures",2728,b12a99169d3e,4,0.8720254302024841,0.6646826267242432,0.03307393565773964,0.0,0.5384615659713745,0.36171287298202515,0
embedding-data/deberta-sentence-transformer,C_lex_sem_strong,46,f64f2eefbcb7,"develop operating strategies, plans, or procedures",3766,94c75e9264bf,5,1.1982179880142212,0.8170939683914185,2.364596366882324,0.0,1.0,0.5766972899436951,0
embedding-data/deberta-sentence-transformer,C_lex_sem_strong,46,f64f2eefbcb7,"develop operating strategies, plans, or procedures",2337,421e3510a425,6,1.1649534702301025,0.7541100382804871,1.4010955095291138,0.1111111119389534,0.8571428656578064,0.5943191051483154,0
embedding-data/deberta-sentence-transformer,C_lex_sem_strong,46,f64f2eefbcb7,"develop operating strategies, plans, or procedures",2623,5b9cd334c378,7,0.9137983918190002,0.660041868686676,-0.03791835904121399,0.0,0.6363636255264282,0.4130376875400543,0
embedding-data/deberta-sentence-transformer,C_lex_sem_strong,46,f64f2eefbcb7,"develop operating strategies, plans, or procedures",3586,f77f2bcecc27,8,1.0648821592330933,0.7272583246231079,0.9903297424316406,0.09090909361839294,0.875,0.4871867597103119,0
embedding-data/deberta-sentence-transformer,C_lex_sem_strong,46,f64f2eefbcb7,"develop operating strategies, plans, or procedures",3592,fd4ea4fecf63,9,1.2634742259979248,0.7581940293312073,1.4635707139968872,0.1428571492433548,0.5714285969734192,0.7618498802185059,0
embedding-data/deberta-sentence-transformer,C_lex_sem_strong,46,f64f2eefbcb7,"develop operating strategies, plans, or procedures",2319,defa44749398,10,1.1652401685714722,0.7861236333847046,1.890825629234314,0.1111111119389534,1.0,0.5354467630386353,0
embedding-data/deberta-sentence-transformer,C_lex_sem_strong,47,8f3ed6033a9e,implement organizational process or policy changes,3310,1b5b70c37d4d,1,1.4095298051834106,0.7451050877571106,0.9655776023864746,0.1666666716337204,0.4285714328289032,1.0,0
embedding-data/deberta-sentence-transformer,C_lex_sem_strong,47,8f3ed6033a9e,implement organizational process or policy changes,1405,06c62fc8558d,2,1.2553072738647462,0.7606479525566101,1.1591660976409912,0.1111111119389534,0.8571428656578064,0.6011713147163391,1
embedding-data/deberta-sentence-transformer,C_lex_sem_strong,47,8f3ed6033a9e,implement organizational process or policy changes,3766,94c75e9264bf,3,1.2798684406280518,0.8587661981582642,2.3812415599823,0.0,1.0,0.5284530520439148,1
embedding-data/deberta-sentence-transformer,C_lex_sem_strong,47,8f3ed6033a9e,implement organizational process or policy changes,3777,3707333d65ab,4,1.0733778476715088,0.7623506784439087,1.1803736686706543,0.125,0.7142857313156128,0.4699303209781647,0
embedding-data/deberta-sentence-transformer,C_lex_sem_strong,47,8f3ed6033a9e,implement organizational process or policy changes,2528,9fb8b881e40a,5,1.132463812828064,0.7691242694854736,1.2647396326065063,0.125,0.7142857313156128,0.5461136698722839,0
embedding-data/deberta-sentence-transformer,C_lex_sem_strong,47,8f3ed6033a9e,implement organizational process or policy changes,3751,f1ce5e300a4c,6,1.1859370470046997,0.8646762371063232,2.4548518657684326,0.125,0.8571428656578064,0.4860684871673584,0
embedding-data/deberta-sentence-transformer,C_lex_sem_strong,47,8f3ed6033a9e,implement organizational process or policy changes,3522,2ad74838885a,7,1.279247522354126,0.769517183303833,1.2696335315704346,0.1428571492433548,0.5714285969734192,0.7706336379051208,0
embedding-data/deberta-sentence-transformer,C_lex_sem_strong,47,8f3ed6033a9e,implement organizational process or policy changes,3523,26e860c1f814,8,1.2152315378189087,0.7557960748672485,1.0987352132797241,0.1428571492433548,0.7142857313156128,0.6754354238510132,0
embedding-data/deberta-sentence-transformer,C_lex_sem_strong,47,8f3ed6033a9e,implement organizational process or policy changes,2429,f4af8b578957,9,1.18477201461792,0.610598087310791,-0.7097247242927551,0.20000000298023224,0.2857142984867096,0.8531317114830017,0
embedding-data/deberta-sentence-transformer,C_lex_sem_strong,47,8f3ed6033a9e,implement organizational process or policy changes,2981,459b7370f8ce,10,1.1081982851028442,0.6983910799026489,0.38374850153923035,0.1428571492433548,0.5714285969734192,0.6126450300216675,0
embedding-data/deberta-sentence-transformer,C_lex_sem_strong,48,23ca56c5d573,develop organizational methods or procedures,2152,b0b4728d5bc0,1,1.4537409114837647,0.9142993688583374,1.51673424243927,0.1428571492433548,0.8333333134651184,0.6924023032188416,1
embedding-data/deberta-sentence-transformer,C_lex_sem_strong,48,23ca56c5d573,develop organizational methods or procedures,303,308cd878658b,2,1.1971507835388184,0.7016932964324951,-0.8388082981109619,0.1428571492433548,1.0,0.560200035572052,1
embedding-data/deberta-sentence-transformer,C_lex_sem_strong,48,23ca56c5d573,develop organizational methods or procedures,2114,f93bec28cb76,3,1.2755296230316162,0.7188146114349365,-0.6491147875785828,0.20000000298023224,0.5,0.8207674622535706,0
embedding-data/deberta-sentence-transformer,C_lex_sem_strong,48,23ca56c5d573,develop organizational methods or procedures,1577,30283b9c2649,4,1.3864669370651246,0.8279856443405151,0.5604320764541626,0.1666666716337204,0.6666666865348816,0.7181130647659302,1
embedding-data/deberta-sentence-transformer,C_lex_sem_strong,48,23ca56c5d573,develop organizational methods or procedures,1629,a9ac5a6cc3cb,5,1.4514117240905762,0.7859745621681213,0.09497551620006561,0.25,0.3333333432674408,1.0,0
embedding-data/deberta-sentence-transformer,C_lex_sem_strong,48,23ca56c5d573,develop organizational methods or procedures,2319,defa44749398,6,1.1280962228775024,0.7396751642227173,-0.4179929196834564,0.125,0.8571428656578064,0.5552256107330322,0
embedding-data/deberta-sentence-transformer,C_lex_sem_strong,48,23ca56c5d573,develop organizational methods or procedures,3766,94c75e9264bf,7,1.2017498016357422,0.8205124139785767,0.47763335704803467,0.0,0.8571428656578064,0.5979999303817749,0
embedding-data/deberta-sentence-transformer,C_lex_sem_strong,48,23ca56c5d573,develop organizational methods or procedures,2337,421e3510a425,8,1.2502130270004272,0.816261351108551,0.4305342137813568,0.125,1.0,0.6162726879119873,0
embedding-data/deberta-sentence-transformer,C_lex_sem_strong,48,23ca56c5d573,develop organizational methods or procedures,83,09a461e089fd,9,1.3695528078079224,0.8080867528915405,0.33996477723121643,0.1666666716337204,0.6666666865348816,0.7181130647659302,1
embedding-data/deberta-sentence-transformer,C_lex_sem_strong,48,23ca56c5d573,develop organizational methods or procedures,161,0158362822fe,10,1.3493679761886597,0.8784574270248413,1.1196279525756836,0.1666666716337204,0.6666666865348816,0.7181130647659302,0
embedding-data/deberta-sentence-transformer,C_lex_sem_strong,49,824d3015533f,develop specifications for new products or processes,3586,f77f2bcecc27,1,1.506026268005371,0.7980267405509949,1.5801736116409302,0.20000000298023224,1.0,0.9824336767196655,0
embedding-data/deberta-sentence-transformer,C_lex_sem_strong,49,824d3015533f,develop specifications for new products or processes,1694,d6c8c0983834,2,1.3165310621261597,0.7003625631332397,0.28848886489868164,0.0,0.375,0.9767468571662903,0
embedding-data/deberta-sentence-transformer,C_lex_sem_strong,49,824d3015533f,develop specifications for new products or processes,2319,defa44749398,3,1.0896729230880737,0.7019645571708679,0.30967646837234497,0.1111111119389534,0.875,0.547544002532959,0
embedding-data/deberta-sentence-transformer,C_lex_sem_strong,49,824d3015533f,develop specifications for new products or processes,3766,94c75e9264bf,4,1.2088252305984497,0.8335491418838501,2.04998517036438,0.0,0.875,0.5897265076637268,0
embedding-data/deberta-sentence-transformer,C_lex_sem_strong,49,824d3015533f,develop specifications for new products or processes,2337,421e3510a425,5,1.142975091934204,0.7298003435134888,0.6778264045715332,0.1111111119389534,0.75,0.607746422290802,0
embedding-data/deberta-sentence-transformer,C_lex_sem_strong,49,824d3015533f,develop specifications for new products or processes,751,2a63b9d3beeb,6,1.311965184211731,0.8819966912269592,2.690741539001465,0.1111111119389534,0.875,0.5322081446647644,1
embedding-data/deberta-sentence-transformer,C_lex_sem_strong,49,824d3015533f,develop specifications for new products or processes,4282,b462239f8295,7,1.4894633293151855,0.8111332654953003,1.7535176277160645,0.125,0.75,1.0,0
embedding-data/deberta-sentence-transformer,C_lex_sem_strong,49,824d3015533f,develop specifications for new products or processes,3592,fd4ea4fecf63,8,1.2954822778701782,0.7900791764259338,1.4750609397888184,0.1428571492433548,0.5,0.7790622115135193,0
embedding-data/deberta-sentence-transformer,C_lex_sem_strong,49,824d3015533f,develop specifications for new products or processes,754,2af854050699,9,1.502583622932434,0.8486339449882507,2.249493360519409,0.125,0.75,0.9732068777084351,0
embedding-data/deberta-sentence-transformer,C_lex_sem_strong,49,824d3015533f,develop specifications for new products or processes,4346,dc00b108ce90,10,1.379075722694397,0.8869454860687256,2.7561933994293213,0.1111111119389534,0.875,0.6220710277557373,1
embedding-data/deberta-sentence-transformer,C_lex_sem_strong,50,a787a095d9b0,direct facility maintenance or repair activities,3232,d7dbf48fa293,1,1.391455888748169,0.7633882164955139,1.1607640981674194,0.1428571492433548,0.5714285969734192,0.9383736252784729,0
embedding-data/deberta-sentence-transformer,C_lex_sem_strong,50,a787a095d9b0,direct facility maintenance or repair activities,1337,284a65d8619b,2,0.7998505234718323,0.5398502945899963,-1.838145136833191,0.0,0.5833333134651184,0.4037778079509735,0
embedding-data/deberta-sentence-transformer,C_lex_sem_strong,50,a787a095d9b0,direct facility maintenance or repair activities,2623,5b9cd334c378,3,0.9048228859901428,0.6335168480873108,-0.5815463066101074,0.0,0.6363636255264282,0.4324246048927307,0
embedding-data/deberta-sentence-transformer,C_lex_sem_strong,50,a787a095d9b0,direct facility maintenance or repair activities,3766,94c75e9264bf,4,1.3411292600631715,0.8688153028488159,2.5751383304595947,0.0,1.0,0.6037659645080566,1
embedding-data/deberta-sentence-transformer,C_lex_sem_strong,50,a787a095d9b0,direct facility maintenance or repair activities,1675,8335d26464b5,5,1.2628371715545654,0.7654155492782593,1.1879620552062988,0.125,0.7142857313156128,0.7368648648262024,0
embedding-data/deberta-sentence-transformer,C_lex_sem_strong,50,a787a095d9b0,direct facility maintenance or repair activities,2728,b12a99169d3e,6,0.9155956506729126,0.7019599676132202,0.33666345477104187,0.0,0.5384615659713745,0.3786907196044922,0
embedding-data/deberta-sentence-transformer,C_lex_sem_strong,50,a787a095d9b0,direct facility maintenance or repair activities,5169,69142a156a26,7,1.2235456705093384,0.7492792010307312,0.9714822769165039,0.125,1.0,0.659511923789978,0
embedding-data/deberta-sentence-transformer,C_lex_sem_strong,50,a787a095d9b0,direct facility maintenance or repair activities,1694,d6c8c0983834,8,1.3279967308044434,0.6883995532989502,0.15474151074886322,0.0,0.4285714328289032,1.0,0
embedding-data/deberta-sentence-transformer,C_lex_sem_strong,50,a787a095d9b0,direct facility maintenance or repair activities,3630,28ca774567f5,9,0.8049695062637329,0.7688716053962708,1.2343273162841797,0.0,0.7142857313156128,0.0,1
embedding-data/deberta-sentence-transformer,C_lex_sem_strong,50,a787a095d9b0,direct facility maintenance or repair activities,147,575ea3efc7e8,10,1.0855969190597534,0.5929343700408936,-1.12598717212677,0.11764705926179886,0.2800000011920929,0.7572475671768188,0
embedding-data/deberta-sentence-transformer,C_lex_sem_strong,51,6385c0e2eb2e,recommend organizational process or policy changes,3310,1b5b70c37d4d,1,1.3988757133483887,0.7325708866119385,0.9617140293121338,0.1666666716337204,0.4285714328289032,1.0,0
embedding-data/deberta-sentence-transformer,C_lex_sem_strong,51,6385c0e2eb2e,recommend organizational process or policy changes,3766,94c75e9264bf,2,1.2668306398391724,0.8434276580810547,2.327950954437256,0.0,1.0,0.5284530520439148,1
embedding-data/deberta-sentence-transformer,C_lex_sem_strong,51,6385c0e2eb2e,recommend organizational process or policy changes,5132,d1ee55d1b2ed,3,1.076911449432373,0.7245674133300781,0.8630764484405518,0.1428571492433548,0.5714285969734192,0.5361639261245728,0
embedding-data/deberta-sentence-transformer,C_lex_sem_strong,51,6385c0e2eb2e,recommend organizational process or policy changes,2974,cdc6a5d1a136,4,1.08330237865448,0.8253659009933472,2.105351686477661,0.10000000149011612,0.875,0.39177343249320984,0
embedding-data/deberta-sentence-transformer,C_lex_sem_strong,51,6385c0e2eb2e,recommend organizational process or policy changes,3751,f1ce5e300a4c,5,1.1660569906234741,0.8412879705429077,2.3015806674957275,0.125,0.8571428656578064,0.4860684871673584,0
embedding-data/deberta-sentence-transformer,C_lex_sem_strong,51,6385c0e2eb2e,recommend organizational process or policy changes,2528,9fb8b881e40a,6,1.126591682434082,0.7622159719467163,1.3270702362060547,0.125,0.7142857313156128,0.5461136698722839,0
embedding-data/deberta-sentence-transformer,C_lex_sem_strong,51,6385c0e2eb2e,recommend organizational process or policy changes,225,c30ebd0088ed,7,1.110526204109192,0.6925323009490967,0.46826469898223877,0.1428571492433548,0.5714285969734192,0.6230848431587219,0
embedding-data/deberta-sentence-transformer,C_lex_sem_strong,51,6385c0e2eb2e,recommend organizational process or policy changes,2429,f4af8b578957,8,1.1691752672195435,0.5922489166259766,-0.7676622271537781,0.20000000298023224,0.2857142984867096,0.8531317114830017,0
embedding-data/deberta-sentence-transformer,C_lex_sem_strong,51,6385c0e2eb2e,recommend organizational process or policy changes,93,787a1ae5745b,9,1.1468565464019775,0.6722985506057739,0.2188969850540161,0.1666666716337204,0.4285714328289032,0.7131603360176086,0
embedding-data/deberta-sentence-transformer,C_lex_sem_strong,51,6385c0e2eb2e,recommend organizational process or policy changes,1918,50dc77a549a6,10,1.0590145587921143,0.7035122513771057,0.6035853624343872,0.1428571492433548,0.5714285969734192,0.5361639261245728,0
embedding-data/deberta-sentence-transformer,C_lex_sem_strong,52,7f83579eb5ca,maintain knowledge of current developments in area of expertise,4390,3cec85239a89,1,1.2591460943222046,0.5695837736129761,1.2147234678268433,0.125,0.5,1.0,0
embedding-data/deberta-sentence-transformer,C_lex_sem_strong,52,7f83579eb5ca,maintain knowledge of current developments in area of expertise,1780,83769a32bd6e,2,0.8480091857910156,0.5897278189659119,1.4382338523864746,0.0,0.7142857313156128,0.27901700139045715,1
embedding-data/deberta-sentence-transformer,C_lex_sem_strong,52,7f83579eb5ca,maintain knowledge of current developments in area of expertise,1403,3ec5f0c9f8ca,3,0.9933812189102172,0.7792989015579224,3.541640043258667,0.0,1.0,0.21568162739276886,1
embedding-data/deberta-sentence-transformer,C_lex_sem_strong,52,7f83579eb5ca,maintain knowledge of current developments in area of expertise,4677,84aec80a0a66,4,0.9299103784561157,0.727924108505249,2.9716055393218994,0.0,0.9090909361839294,0.20037968456745148,1
embedding-data/deberta-sentence-transformer,C_lex_sem_strong,52,7f83579eb5ca,maintain knowledge of current developments in area of expertise,3705,7e3f91e1936e,5,0.8280202913284301,0.6409845948219299,2.0069589614868164,0.0,0.9090909361839294,0.16039176285266876,1
embedding-data/deberta-sentence-transformer,C_lex_sem_strong,52,7f83579eb5ca,maintain knowledge of current developments in area of expertise,3162,c66b519ff1a2,6,0.9607594013214111,0.5271169543266296,0.7435283660888672,0.10000000149011612,0.6000000238418579,0.618157148361206,0
embedding-data/deberta-sentence-transformer,C_lex_sem_strong,52,7f83579eb5ca,maintain knowledge of current developments in area of expertise,5257,d86f1a5657ec,7,0.9173874425888061,0.5140863656997681,0.5989460349082947,0.07692307978868484,0.8333333134651184,0.4309944808483124,1
embedding-data/deberta-sentence-transformer,C_lex_sem_strong,52,7f83579eb5ca,maintain knowledge of current developments in area of expertise,5101,0ab6c77c51b9,8,0.8910166192054748,0.6922169923782349,2.575413465499878,0.0,0.800000011920929,0.20376025140285492,1
embedding-data/deberta-sentence-transformer,C_lex_sem_strong,52,7f83579eb5ca,maintain knowledge of current developments in area of expertise,3452,d602b9ca2c05,9,1.0128237009048462,0.7623167037963867,3.353212356567383,0.1111111119389534,0.699999988079071,0.38947466015815735,0
embedding-data/deberta-sentence-transformer,C_lex_sem_strong,52,7f83579eb5ca,maintain knowledge of current developments in area of expertise,1443,3d9cb8ab1a44,10,0.9051269292831421,0.7895646095275879,3.6555442810058594,0.0,0.6000000238418579,0.2485671192407608,0
embedding-data/deberta-sentence-transformer,C_lex_sem_strong,53,a68e486bae8e,negotiate sales or lease agreements for products or services,3618,082c56a3a156,1,1.2284581661224365,0.5079900026321411,0.5463679432868958,0.3333333432674408,0.30000001192092896,1.0,0
embedding-data/deberta-sentence-transformer,C_lex_sem_strong,53,a68e486bae8e,negotiate sales or lease agreements for products or services,1337,284a65d8619b,2,1.01940269947052,0.7309000492095947,2.739055871963501,0.0,0.8333333134651184,0.33543479442596436,1
embedding-data/deberta-sentence-transformer,C_lex_sem_strong,53,a68e486bae8e,negotiate sales or lease agreements for products or services,2500,6143866a7d78,3,0.807961778640747,0.7494736909866333,2.9217584133148193,0.0,0.9090909361839294,0.0,1
embedding-data/deberta-sentence-transformer,C_lex_sem_strong,53,a68e486bae8e,negotiate sales or lease agreements for products or services,945,067a1cc4e76f,4,0.7878924775123596,0.6588181257247925,2.0300114154815674,0.0,0.7142857313156128,0.10924067348241806,1
embedding-data/deberta-sentence-transformer,C_lex_sem_strong,53,a68e486bae8e,negotiate sales or lease agreements for products or services,691,5a5622ca97ad,5,0.9670956897735595,0.8106067180633545,3.5231025218963623,0.0,0.8999999761581421,0.15439994633197784,1
embedding-data/deberta-sentence-transformer,C_lex_sem_strong,53,a68e486bae8e,negotiate sales or lease agreements for products or services,4302,5e4a1ccf5b7d,6,0.9099335074424744,0.6636834740638733,2.0778701305389404,0.0833333358168602,0.8999999761581421,0.34162279963493347,0
embedding-data/deberta-sentence-transformer,C_lex_sem_strong,53,a68e486bae8e,negotiate sales or lease agreements for products or services,4677,84aec80a0a66,7,0.7946267890930175,0.7337854504585266,2.7674386501312256,0.0,0.9090909361839294,0.0,1
embedding-data/deberta-sentence-transformer,C_lex_sem_strong,53,a68e486bae8e,negotiate sales or lease agreements for products or services,1400,0171c20bcf79,8,0.7976776361465454,0.5702535510063171,1.1588326692581177,0.125,0.5,0.33994588255882263,0
embedding-data/deberta-sentence-transformer,C_lex_sem_strong,53,a68e486bae8e,negotiate sales or lease agreements for products or services,150,e1b657c11575,9,0.9397742915153503,0.6904568076133728,2.3412299156188965,0.06666667014360428,0.5882353186607361,0.28675588965415955,1
embedding-data/deberta-sentence-transformer,C_lex_sem_strong,53,a68e486bae8e,negotiate sales or lease agreements for products or services,2728,b12a99169d3e,10,0.7812127470970154,0.6650511026382446,2.091322898864746,0.0,0.7692307829856873,0.1985660344362259,0
embedding-data/deberta-sentence-transformer,C_lex_sem_strong,54,00ee16f445cd,determine causes of operational problems or failures,4020,7a78717af7c0,1,1.2987934350967407,0.6064237356185913,-0.38829362392425537,0.1666666716337204,0.5,1.0,0
embedding-data/deberta-sentence-transformer,C_lex_sem_strong,54,00ee16f445cd,determine causes of operational problems or failures,2382,2c9191489a0d,2,1.0256955790519715,0.8177767992019653,1.6831454038619995,0.0714285746216774,0.5333333611488342,0.26138025522232056,1
embedding-data/deberta-sentence-transformer,C_lex_sem_strong,54,00ee16f445cd,determine causes of operational problems or failures,689,f1b8bdf23453,3,1.054429531097412,0.7645561099052429,1.1615376472473145,0.0833333358168602,0.6666666865348816,0.4588906764984131,0
embedding-data/deberta-sentence-transformer,C_lex_sem_strong,54,00ee16f445cd,determine causes of operational problems or failures,2088,ec09f4cecbe4,4,0.9547185468673706,0.7483399510383606,1.0026055574417114,0.0,1.0,0.19804224371910095,1
embedding-data/deberta-sentence-transformer,C_lex_sem_strong,54,00ee16f445cd,determine causes of operational problems or failures,4675,cf7cdcfe72d7,5,1.0039478707313538,0.7998042702674866,1.5069993734359741,0.0,0.75,0.24159173667430878,1
embedding-data/deberta-sentence-transformer,C_lex_sem_strong,54,00ee16f445cd,determine causes of operational problems or failures,1315,a8d783c6d748,6,1.1073091793060303,0.6936253309249878,0.4663558900356293,0.125,0.75,0.48246803879737854,1
embedding-data/deberta-sentence-transformer,C_lex_sem_strong,54,00ee16f445cd,determine causes of operational problems or failures,3766,94c75e9264bf,7,1.0403913259506226,0.7552736401557922,1.0705615282058716,0.0,0.875,0.44415536522865295,0
embedding-data/deberta-sentence-transformer,C_lex_sem_strong,54,00ee16f445cd,determine causes of operational problems or failures,5101,0ab6c77c51b9,8,0.9460569190979004,0.7381497621536255,0.9027330279350281,0.0,1.0,0.19804224371910095,1
embedding-data/deberta-sentence-transformer,C_lex_sem_strong,54,00ee16f445cd,determine causes of operational problems or failures,5001,76280139c9ae,9,0.9239980149269104,0.7121981382369995,0.6483851075172424,0.0,1.0,0.19804224371910095,1
embedding-data/deberta-sentence-transformer,C_lex_sem_strong,54,00ee16f445cd,determine causes of operational problems or failures,1443,3d9cb8ab1a44,10,0.9165782332420349,0.7911341190338135,1.4220246076583862,0.0,0.75,0.24159173667430878,0
embedding-data/deberta-sentence-transformer,C_lex_sem_strong,55,4805101e52c6,monitor the productivity or efficiency of industrial operations,3059,49fffd4c8845,1,1.4009050130844116,0.6994773745536804,0.7489638924598694,0.1428571492433548,0.7777777910232544,1.0,0
embedding-data/deberta-sentence-transformer,C_lex_sem_strong,55,4805101e52c6,monitor the productivity or efficiency of industrial operations,5101,0ab6c77c51b9,2,1.0615661907196046,0.7239843010902405,0.9928412437438965,0.0,0.8888888955116272,0.3961294889450073,1
embedding-data/deberta-sentence-transformer,C_lex_sem_strong,55,4805101e52c6,monitor the productivity or efficiency of industrial operations,2299,4344a6f8e289,3,1.1192701625823975,0.7674838900566101,1.425721526145935,0.0,0.5,0.4812983572483063,1
embedding-data/deberta-sentence-transformer,C_lex_sem_strong,55,4805101e52c6,monitor the productivity or efficiency of industrial operations,2802,16ed96a4ff23,4,1.1201015710830688,0.6962590217590332,0.7169368863105774,0.1428571492433548,0.4444444477558136,0.6503793001174927,0
embedding-data/deberta-sentence-transformer,C_lex_sem_strong,55,4805101e52c6,monitor the productivity or efficiency of industrial operations,3154,d74736c2fa1e,5,1.1353886890411378,0.8108342885971069,1.8571171760559082,0.0,0.8888888955116272,0.3961294889450073,1
embedding-data/deberta-sentence-transformer,C_lex_sem_strong,55,4805101e52c6,monitor the productivity or efficiency of industrial operations,1443,3d9cb8ab1a44,6,0.9897700119018554,0.8044360876083374,1.7934463024139404,0.0,0.6666666865348816,0.2276180386543274,1
embedding-data/deberta-sentence-transformer,C_lex_sem_strong,55,4805101e52c6,monitor the productivity or efficiency of industrial operations,2088,ec09f4cecbe4,7,1.0960959959030152,0.7646076083183289,1.3970985412597656,0.0,0.8888888955116272,0.3961294889450073,1
embedding-data/deberta-sentence-transformer,C_lex_sem_strong,55,4805101e52c6,monitor the productivity or efficiency of industrial operations,4149,737ad5005108,8,1.2478138208389282,0.648961067199707,0.24625766277313232,0.20000000298023224,0.2222222238779068,0.9056781530380249,0
embedding-data/deberta-sentence-transformer,C_lex_sem_strong,55,4805101e52c6,monitor the productivity or efficiency of industrial operations,151,1ac23fe60e17,9,0.9953011441230774,0.7724059820175171,1.474703073501587,0.0,0.40909090638160706,0.31120991706848145,1
embedding-data/deberta-sentence-transformer,C_lex_sem_strong,55,4805101e52c6,monitor the productivity or efficiency of industrial operations,3782,0d6b3a3f8dee,10,1.1913623380661011,0.7977051734924316,1.7264645099639893,0.0,1.0,0.4761611521244049,1
embedding-data/deberta-sentence-transformer,C_lex_sem_strong,56,269bfa3db5c6,conduct validation tests of equipment or processes,2641,414d1ab8da6a,1,1.2526968717575073,0.6305571794509888,1.182167410850525,0.1428571492433548,0.5,0.9116454124450684,0
embedding-data/deberta-sentence-transformer,C_lex_sem_strong,56,269bfa3db5c6,conduct validation tests of equipment or processes,2975,8479908ec09d,2,0.851013855934143,0.7605979442596436,2.7399542331695557,0.0,0.42105263471603394,0.1177147626876831,1
embedding-data/deberta-sentence-transformer,C_lex_sem_strong,56,269bfa3db5c6,conduct validation tests of equipment or processes,548,0586134e1b27,3,0.8883457946777343,0.6358776688575745,1.2459027767181396,0.0,0.875,0.25764256715774536,1
embedding-data/deberta-sentence-transformer,C_lex_sem_strong,56,269bfa3db5c6,conduct validation tests of equipment or processes,3586,f77f2bcecc27,4,0.9814282655715942,0.6600648164749146,1.5356459617614746,0.09090909361839294,1.0,0.4317018687725067,0
embedding-data/deberta-sentence-transformer,C_lex_sem_strong,56,269bfa3db5c6,conduct validation tests of equipment or processes,1443,3d9cb8ab1a44,5,1.0736389327049256,0.8452466726303101,3.7539801597595215,0.0,0.75,0.2859703600406647,1
embedding-data/deberta-sentence-transformer,C_lex_sem_strong,56,269bfa3db5c6,conduct validation tests of equipment or processes,2728,b12a99169d3e,6,0.9640986919403076,0.6571934819221497,1.5012495517730713,0.0,0.6153846383094788,0.49135100841522217,0
embedding-data/deberta-sentence-transformer,C_lex_sem_strong,56,269bfa3db5c6,conduct validation tests of equipment or processes,2088,ec09f4cecbe4,7,0.8441473245620728,0.6824146509170532,1.8033795356750488,0.0,1.0,0.23442114889621735,0
embedding-data/deberta-sentence-transformer,C_lex_sem_strong,56,269bfa3db5c6,conduct validation tests of equipment or processes,3766,94c75e9264bf,8,1.103291630744934,0.762083888053894,2.7577548027038574,0.0,0.875,0.5257434248924255,0
embedding-data/deberta-sentence-transformer,C_lex_sem_strong,56,269bfa3db5c6,conduct validation tests of equipment or processes,4675,cf7cdcfe72d7,9,0.857319176197052,0.6848704814910889,1.8327984809875488,0.0,0.75,0.2859703600406647,0
embedding-data/deberta-sentence-transformer,C_lex_sem_strong,56,269bfa3db5c6,conduct validation tests of equipment or processes,5001,76280139c9ae,10,0.8519888520240784,0.6916400194168091,1.9138922691345215,0.0,1.0,0.23442114889621735,0
embedding-data/deberta-sentence-transformer,C_lex_sem_strong,57,c1933354ef21,determine operational methods,1629,a9ac5a6cc3cb,1,1.6555542516708375,0.8928088545799255,0.5691483616828918,0.3333333432674408,0.5,1.0,1
embedding-data/deberta-sentence-transformer,C_lex_sem_strong,57,c1933354ef21,determine operational methods,303,308cd878658b,2,1.0121855735778809,0.611818253993988,-1.4850205183029175,0.1666666716337204,0.6666666865348816,0.560200035572052,0
embedding-data/deberta-sentence-transformer,C_lex_sem_strong,57,c1933354ef21,determine operational methods,4058,74fe0528c27f,3,1.3253014087677002,0.8500460982322693,0.2565332055091858,0.1428571492433548,0.6666666865348816,0.7250343561172485,0
embedding-data/deberta-sentence-transformer,C_lex_sem_strong,57,c1933354ef21,determine operational methods,2149,ce5275d1f549,4,1.4416440296173096,0.820774495601654,0.042544491589069366,0.1666666716337204,0.800000011920929,0.7866461873054504,1
embedding-data/deberta-sentence-transformer,C_lex_sem_strong,57,c1933354ef21,determine operational methods,83,09a461e089fd,5,1.41864164352417,0.818779468536377,0.02795993722975254,0.20000000298023224,1.0,0.7181130647659302,1
embedding-data/deberta-sentence-transformer,C_lex_sem_strong,57,c1933354ef21,determine operational methods,2043,fd428ffb74e6,6,1.5870923566818238,0.937576174736023,0.8964177966117859,0.25,0.75,0.8359322547912598,1
embedding-data/deberta-sentence-transformer,C_lex_sem_strong,57,c1933354ef21,determine operational methods,3610,084d36cdf1fc,7,1.5261302757263184,0.9452366232872009,0.9524191617965698,0.20000000298023224,1.0,0.7181130647659302,1
embedding-data/deberta-sentence-transformer,C_lex_sem_strong,57,c1933354ef21,determine operational methods,4059,966ff254f415,8,1.5439124870300294,0.9180698990821838,0.7538180351257324,0.1666666716337204,0.800000011920929,0.8145995736122131,1
embedding-data/deberta-sentence-transformer,C_lex_sem_strong,57,c1933354ef21,determine operational methods,3608,6f667a1cbbc5,9,1.5632870960235596,0.9095700979232788,0.6916806697845459,0.25,0.75,0.8359322547912598,1
embedding-data/deberta-sentence-transformer,C_lex_sem_strong,57,c1933354ef21,determine operational methods,161,0158362822fe,10,1.4810438919067384,0.8921938538551331,0.5646524429321289,0.20000000298023224,1.0,0.7181130647659302,1
embedding-data/deberta-sentence-transformer,C_lex_sem_strong,58,224946bca8ba,direct industrial production activities,107,20be59e19f80,1,1.578764991760254,0.8220764398574829,0.3882300853729248,0.20000000298023224,0.6000000238418579,1.0,1
embedding-data/deberta-sentence-transformer,C_lex_sem_strong,58,224946bca8ba,direct industrial production activities,5169,69142a156a26,2,1.2318713235855103,0.7918363809585571,0.056079648435115814,0.1428571492433548,0.7142857313156128,0.5411575436592102,1
embedding-data/deberta-sentence-transformer,C_lex_sem_strong,58,224946bca8ba,direct industrial production activities,2512,5de07ec45ece,3,1.1945441961288452,0.8056425452232361,0.20772364735603333,0.1666666716337204,1.0,0.5377352833747864,0
embedding-data/deberta-sentence-transformer,C_lex_sem_strong,58,224946bca8ba,direct industrial production activities,3799,f53b26701964,4,1.1802458333969117,0.825855016708374,0.42973315715789795,0.125,0.7142857313156128,0.4312007427215576,1
embedding-data/deberta-sentence-transformer,C_lex_sem_strong,58,224946bca8ba,direct industrial production activities,3232,d7dbf48fa293,5,1.4670240449905396,0.8643621802330017,0.8526877164840698,0.1666666716337204,0.800000011920929,0.7699753642082214,1
embedding-data/deberta-sentence-transformer,C_lex_sem_strong,58,224946bca8ba,direct industrial production activities,1675,8335d26464b5,6,1.2794779539108276,0.8560779094696045,0.7616950273513794,0.1428571492433548,1.0,0.60462886095047,0
embedding-data/deberta-sentence-transformer,C_lex_sem_strong,58,224946bca8ba,direct industrial production activities,4874,97baaed1a0ba,7,1.169500708580017,0.7372936010360718,-0.5430067181587219,0.1666666716337204,0.800000011920929,0.6135255098342896,0
embedding-data/deberta-sentence-transformer,C_lex_sem_strong,58,224946bca8ba,direct industrial production activities,3033,fd89784e59c7,8,1.3392808437347412,0.7661534547805786,-0.22601619362831116,0.25,0.4000000059604645,0.8543578386306763,0
embedding-data/deberta-sentence-transformer,C_lex_sem_strong,58,224946bca8ba,direct industrial production activities,1117,3479e025b0d4,9,1.2533398866653442,0.8359279036521912,0.5403716564178467,0.1666666716337204,0.800000011920929,0.6135255098342896,0
embedding-data/deberta-sentence-transformer,C_lex_sem_strong,58,224946bca8ba,direct industrial production activities,1676,4abb63e41447,10,1.3338124752044678,0.8677481412887573,0.8898783922195435,0.1666666716337204,0.800000011920929,0.6898473501205444,0
embedding-data/deberta-sentence-transformer,C_lex_sem_strong,59,da6e8742f6bf,research industrial processes or operations,107,20be59e19f80,1,1.4668360948562622,0.7962778806686401,0.36356571316719055,0.20000000298023224,0.5,1.0,0
embedding-data/deberta-sentence-transformer,C_lex_sem_strong,59,da6e8742f6bf,research industrial processes or operations,3766,94c75e9264bf,2,1.1387343406677246,0.8308578133583069,0.7927738428115845,0.0,0.8571428656578064,0.4954155683517456,0
embedding-data/deberta-sentence-transformer,C_lex_sem_strong,59,da6e8742f6bf,research industrial processes or operations,78,cefdec315735,3,1.2431796789169312,0.8210359811782837,0.6708647012710571,0.1666666716337204,0.6666666865348816,0.6361414194107056,0
embedding-data/deberta-sentence-transformer,C_lex_sem_strong,59,da6e8742f6bf,research industrial processes or operations,1243,14686b75fbe4,4,1.2852006721496583,0.8525992631912231,1.0626299381256104,0.1428571492433548,0.8333333134651184,0.526552140712738,1
embedding-data/deberta-sentence-transformer,C_lex_sem_strong,59,da6e8742f6bf,research industrial processes or operations,754,2af854050699,5,1.2073776721954346,0.8605040311813354,1.1607444286346436,0.1428571492433548,1.0,0.4962539076805115,0
embedding-data/deberta-sentence-transformer,C_lex_sem_strong,59,da6e8742f6bf,research industrial processes or operations,3316,1a73e19bd661,6,1.1912654209136964,0.7850011587142944,0.22359837591648102,0.1666666716337204,0.6666666865348816,0.49144917726516724,1
embedding-data/deberta-sentence-transformer,C_lex_sem_strong,59,da6e8742f6bf,research industrial processes or operations,2515,d7bcb433bafc,7,1.2874808311462402,0.7989680171012878,0.39695584774017334,0.20000000298023224,0.5,0.7405116558074951,0
embedding-data/deberta-sentence-transformer,C_lex_sem_strong,59,da6e8742f6bf,research industrial processes or operations,5227,443680839279,8,1.2798739671707153,0.8239309191703796,0.7067968249320984,0.20000000298023224,0.5,0.6993325352668762,0
embedding-data/deberta-sentence-transformer,C_lex_sem_strong,59,da6e8742f6bf,research industrial processes or operations,425,b06cd44db3d0,9,1.2184038162231445,0.8369964361190796,0.8689667582511902,0.1666666716337204,0.8333333134651184,0.5575573444366455,0
embedding-data/deberta-sentence-transformer,C_lex_sem_strong,59,da6e8742f6bf,research industrial processes or operations,751,2a63b9d3beeb,10,1.1543476581573486,0.859607458114624,1.1496161222457886,0.125,0.8571428656578064,0.44709572196006775,0
embedding-data/deberta-sentence-transformer,C_lex_sem_strong,60,90e3d91fbf4d,design control systems for mechanical or other equipment,3917,d23e50a9caf6,1,1.3949135541915894,0.7838304042816162,1.8139550685882568,0.25,0.7777777910232544,0.8584000468254089,0
embedding-data/deberta-sentence-transformer,C_lex_sem_strong,60,90e3d91fbf4d,design control systems for mechanical or other equipment,2400,536a366e1daa,2,0.9475297498703003,0.626153290271759,-0.03102748468518257,0.07692307978868484,0.8999999761581421,0.3284497559070587,1
embedding-data/deberta-sentence-transformer,C_lex_sem_strong,60,90e3d91fbf4d,design control systems for mechanical or other equipment,3943,1eedfa96d1f9,3,1.039656059741974,0.7863091230392456,1.8429585695266724,0.0714285746216774,0.75,0.2885821759700775,1
embedding-data/deberta-sentence-transformer,C_lex_sem_strong,60,90e3d91fbf4d,design control systems for mechanical or other equipment,2728,b12a99169d3e,4,0.9844035673141479,0.7874690294265747,1.8565306663513184,0.0,0.692307710647583,0.23689153790473938,1
embedding-data/deberta-sentence-transformer,C_lex_sem_strong,60,90e3d91fbf4d,design control systems for mechanical or other equipment,2836,a7810e65d792,5,1.204932451248169,0.675176739692688,0.542596697807312,0.2857142984867096,0.4444444477558136,0.7563498020172119,0
embedding-data/deberta-sentence-transformer,C_lex_sem_strong,60,90e3d91fbf4d,design control systems for mechanical or other equipment,3766,94c75e9264bf,6,1.0531113147735596,0.8364138603210449,2.4292349815368652,0.0,0.7777777910232544,0.3776882588863373,0
embedding-data/deberta-sentence-transformer,C_lex_sem_strong,60,90e3d91fbf4d,design control systems for mechanical or other equipment,4679,aa2e3ac253d9,7,1.0765363740921021,0.8349349498748779,2.4119300842285156,0.07692307978868484,0.6428571343421936,0.2959590554237366,1
embedding-data/deberta-sentence-transformer,C_lex_sem_strong,60,90e3d91fbf4d,design control systems for mechanical or other equipment,733,813e418f098e,8,1.3712080717086792,0.6720095276832581,0.5055370926856995,0.3333333432674408,0.3333333432674408,1.0,0
embedding-data/deberta-sentence-transformer,C_lex_sem_strong,60,90e3d91fbf4d,design control systems for mechanical or other equipment,3925,35c1bebe9ccc,9,1.0254551935195924,0.7539541125297546,1.4643720388412476,0.10000000149011612,0.6666666865348816,0.3113250434398651,1
embedding-data/deberta-sentence-transformer,C_lex_sem_strong,60,90e3d91fbf4d,design control systems for mechanical or other equipment,945,067a1cc4e76f,10,0.9438504743576049,0.717780590057373,1.041105031967163,0.06666667014360428,0.6428571343421936,0.2515971064567566,1
embedding-data/deberta-sentence-transformer,C_lex_sem_strong,61,dc17b84d2d6b,review technical documents to plan work,4558,7b0342e1d11a,1,1.4776651859283447,0.7552363276481628,0.8932088017463684,0.25,0.8571428656578064,1.0,0
embedding-data/deberta-sentence-transformer,C_lex_sem_strong,61,dc17b84d2d6b,review technical documents to plan work,4453,d9ea7797e0d6,2,1.275671319961548,0.8858287334442139,2.158399820327759,0.10000000149011612,0.699999988079071,0.5038812160491943,1
embedding-data/deberta-sentence-transformer,C_lex_sem_strong,61,dc17b84d2d6b,review technical documents to plan work,2820,21f64da1e579,3,1.303043007850647,0.6510014533996582,-0.11662804335355759,0.20000000298023224,0.2857142984867096,0.9730290770530701,0
embedding-data/deberta-sentence-transformer,C_lex_sem_strong,61,dc17b84d2d6b,review technical documents to plan work,4557,a807b9e8d04c,4,1.256713628768921,0.843772292137146,1.750953197479248,0.1428571492433548,0.5714285969734192,0.6482753753662109,0
embedding-data/deberta-sentence-transformer,C_lex_sem_strong,61,dc17b84d2d6b,review technical documents to plan work,4310,506583358173,5,1.2436978387832642,0.883658230304718,2.137371778488159,0.1111111119389534,1.0,0.4148085117340088,1
embedding-data/deberta-sentence-transformer,C_lex_sem_strong,61,dc17b84d2d6b,review technical documents to plan work,4183,3d50ffa95952,6,1.1093242168426514,0.7240122556686401,0.5907071828842163,0.1428571492433548,0.5714285969734192,0.5831420421600342,0
embedding-data/deberta-sentence-transformer,C_lex_sem_strong,61,dc17b84d2d6b,review technical documents to plan work,3215,d4793dfe8103,7,1.3230963945388794,0.8712479472160339,2.0171399116516113,0.125,1.0,0.6536223888397217,0
embedding-data/deberta-sentence-transformer,C_lex_sem_strong,61,dc17b84d2d6b,review technical documents to plan work,1652,ebcee30ccff3,8,1.2084310054779053,0.7869691848754883,1.2006396055221558,0.1428571492433548,0.5714285969734192,0.6482753753662109,0
embedding-data/deberta-sentence-transformer,C_lex_sem_strong,61,dc17b84d2d6b,review technical documents to plan work,1551,a91e30b789fc,9,1.0968942213058472,0.8619560599327087,1.927119255065918,0.0,0.7142857313156128,0.3040043115615845,1
embedding-data/deberta-sentence-transformer,C_lex_sem_strong,61,dc17b84d2d6b,review technical documents to plan work,4941,70dc49aedf8d,10,1.2804954051971436,0.7953640818595886,1.2819701433181763,0.1666666716337204,0.4285714328289032,0.7546364665031433,0
embedding-data/deberta-sentence-transformer,C_lex_sem_strong,62,c6d9ce80244c,confer with other personnel to resolve design or operational problems,3211,bf363c434df6,1,1.288181381225586,0.8466681241989136,3.746652126312256,0.07692307978868484,1.0,0.5330410599708557,1
embedding-data/deberta-sentence-transformer,C_lex_sem_strong,62,c6d9ce80244c,confer with other personnel to resolve design or operational problems,3978,6918d9132472,2,1.0924268960952759,0.4001813530921936,-0.15567979216575623,0.125,0.27272728085517883,1.0,0
embedding-data/deberta-sentence-transformer,C_lex_sem_strong,62,c6d9ce80244c,confer with other personnel to resolve design or operational problems,1337,284a65d8619b,3,1.1357827949523926,0.718536376953125,2.626769781112671,0.0,0.9166666865348816,0.5048002600669861,1
embedding-data/deberta-sentence-transformer,C_lex_sem_strong,62,c6d9ce80244c,confer with other personnel to resolve design or operational problems,2623,5b9cd334c378,4,1.0124053955078125,0.6282063722610474,1.8372780084609985,0.0,1.0,0.5406143069267273,0
embedding-data/deberta-sentence-transformer,C_lex_sem_strong,62,c6d9ce80244c,confer with other personnel to resolve design or operational problems,3943,1eedfa96d1f9,5,1.2319806385040284,0.7771387100219727,3.1389591693878174,0.06666667014360428,0.9166666865348816,0.5520181059837341,1
embedding-data/deberta-sentence-transformer,C_lex_sem_strong,62,c6d9ce80244c,confer with other personnel to resolve design or operational problems,2622,62c0405486a6,6,0.9601020979881286,0.545977771282196,1.1185930967330933,0.0,0.8461538553237915,0.47343653440475464,1
embedding-data/deberta-sentence-transformer,C_lex_sem_strong,62,c6d9ce80244c,confer with other personnel to resolve design or operational problems,2620,89d5c7b39619,7,1.0601793694496155,0.7469198107719421,2.8748433589935303,0.0,0.8461538553237915,0.37240296602249146,1
embedding-data/deberta-sentence-transformer,C_lex_sem_strong,62,c6d9ce80244c,confer with other personnel to resolve design or operational problems,2974,cdc6a5d1a136,8,1.2219401597976685,0.7747374176979065,3.117971658706665,0.0833333358168602,0.7272727489471436,0.6771705746650696,0
embedding-data/deberta-sentence-transformer,C_lex_sem_strong,62,c6d9ce80244c,confer with other personnel to resolve design or operational problems,2728,b12a99169d3e,9,1.0002726483345032,0.7272293567657471,2.702747106552124,0.0,0.8461538553237915,0.31073179841041565,1
embedding-data/deberta-sentence-transformer,C_lex_sem_strong,62,c6d9ce80244c,confer with other personnel to resolve design or operational problems,3527,187e50d43d0d,10,0.9807192850112915,0.6562580466270447,2.0824520587921143,0.0,0.6111111044883728,0.40255552530288696,1
embedding-data/deberta-sentence-transformer,C_lex_sem_strong,63,50171927f859,analyze design or requirements information for mechanical equipment or systems,3917,d23e50a9caf6,1,1.4182376861572266,0.834443211555481,2.4671740531921387,0.2222222238779068,0.6363636255264282,0.8584000468254089,0
embedding-data/deberta-sentence-transformer,C_lex_sem_strong,63,50171927f859,analyze design or requirements information for mechanical equipment or systems,3569,b90a5f932e75,2,0.9640806484222412,0.7930322885513306,2.0741655826568604,0.0,0.9090909361839294,0.17013442516326904,1
embedding-data/deberta-sentence-transformer,C_lex_sem_strong,63,50171927f859,analyze design or requirements information for mechanical equipment or systems,2728,b12a99169d3e,3,0.9852343964576721,0.7703469395637512,1.858871340751648,0.0,0.8461538553237915,0.23689153790473938,1
embedding-data/deberta-sentence-transformer,C_lex_sem_strong,63,50171927f859,analyze design or requirements information for mechanical equipment or systems,3813,d4fec0ffd15c,4,1.0183964967727661,0.7311554551124573,1.4869264364242554,0.07692307978868484,1.0,0.40218546986579895,0
embedding-data/deberta-sentence-transformer,C_lex_sem_strong,63,50171927f859,analyze design or requirements information for mechanical equipment or systems,3707,ae14f32b277d,5,1.041761474609375,0.7691311836242676,1.847333312034607,0.09090909361839294,0.7272727489471436,0.310129851102829,1
embedding-data/deberta-sentence-transformer,C_lex_sem_strong,63,50171927f859,analyze design or requirements information for mechanical equipment or systems,3147,979ff1a4970d,6,1.105392336845398,0.5220974683761597,-0.4971289038658142,0.2857142984867096,0.27272728085517883,0.824562668800354,0
embedding-data/deberta-sentence-transformer,C_lex_sem_strong,63,50171927f859,analyze design or requirements information for mechanical equipment or systems,3766,94c75e9264bf,7,1.0029305219650269,0.794014573097229,2.0834879875183105,0.0,0.6363636255264282,0.3776882588863373,0
embedding-data/deberta-sentence-transformer,C_lex_sem_strong,63,50171927f859,analyze design or requirements information for mechanical equipment or systems,1712,0d23c5fd52ea,8,1.0279384422302247,0.8674042820930481,2.779989719390869,0.0,1.0,0.15806391835212708,1
embedding-data/deberta-sentence-transformer,C_lex_sem_strong,63,50171927f859,analyze design or requirements information for mechanical equipment or systems,4999,f2070a56a7d1,9,0.9809895920753479,0.8121703267097473,2.2557942867279053,0.0,1.0,0.15806391835212708,1
embedding-data/deberta-sentence-transformer,C_lex_sem_strong,63,50171927f859,analyze design or requirements information for mechanical equipment or systems,733,813e418f098e,10,1.3423527479171753,0.6563966274261475,0.7774311304092407,0.2857142984867096,0.27272728085517883,1.0,0
embedding-data/deberta-sentence-transformer,C_lex_sem_strong,64,445ae625480e,direct installation activities,2233,d334de0d305d,1,1.7048551607131959,0.941006064414978,1.0128051042556763,0.25,0.75,1.0,1
embedding-data/deberta-sentence-transformer,C_lex_sem_strong,64,445ae625480e,direct installation activities,3491,5e80ebd97e31,2,1.5800952482223511,0.8514845967292786,0.32171201705932617,0.20000000298023224,0.800000011920929,0.9376189708709717,1
embedding-data/deberta-sentence-transformer,C_lex_sem_strong,64,445ae625480e,direct installation activities,5169,69142a156a26,3,1.344115333557129,0.8257793188095093,0.1232708990573883,0.1666666716337204,0.5714285969734192,0.6738953590393066,1
embedding-data/deberta-sentence-transformer,C_lex_sem_strong,64,445ae625480e,direct installation activities,3232,d7dbf48fa293,4,1.6197697687149049,0.8571560382843018,0.3654947280883789,0.20000000298023224,1.0,0.9588387608528137,1
embedding-data/deberta-sentence-transformer,C_lex_sem_strong,64,445ae625480e,direct installation activities,1676,4abb63e41447,5,1.6229497957229615,0.9430708289146423,1.0287448167800903,0.20000000298023224,1.0,0.8590565323829651,1
embedding-data/deberta-sentence-transformer,C_lex_sem_strong,64,445ae625480e,direct installation activities,1675,8335d26464b5,6,1.5179937648773194,0.9383596777915955,0.992375373840332,0.1666666716337204,0.800000011920929,0.7529352307319641,1
embedding-data/deberta-sentence-transformer,C_lex_sem_strong,64,445ae625480e,direct installation activities,1047,aa556f470629,7,1.6099135446548463,0.9277340173721313,0.9103467464447021,0.20000000298023224,1.0,0.8590565323829651,1
embedding-data/deberta-sentence-transformer,C_lex_sem_strong,64,445ae625480e,direct installation activities,2664,f14a60909863,8,0.9800275135040283,0.9412087798118591,1.014370083808899,0.0,1.0,0.0,1
embedding-data/deberta-sentence-transformer,C_lex_sem_strong,64,445ae625480e,direct installation activities,5176,a4cece74a4d9,9,0.9775265622138977,0.9382664561271667,0.991655707359314,0.0,1.0,0.0,1
embedding-data/deberta-sentence-transformer,C_lex_sem_strong,64,445ae625480e,direct installation activities,917,2426eb82f8bf,10,0.9764061737060546,0.9369484186172485,0.9814806580543518,0.0,1.0,0.0,1
embedding-data/deberta-sentence-transformer,C_lex_sem_strong,65,8da0e9e0dffc,direct equipment maintenance or repair activities,2641,414d1ab8da6a,1,1.4407660961151123,0.7706490755081177,1.8314319849014282,0.1428571492433548,0.5714285969734192,1.0,0
embedding-data/deberta-sentence-transformer,C_lex_sem_strong,65,8da0e9e0dffc,direct equipment maintenance or repair activities,147,575ea3efc7e8,2,1.0778061151504517,0.6117272973060608,-0.3902759552001953,0.11764705926179886,0.2800000011920929,0.7232978940010071,0
embedding-data/deberta-sentence-transformer,C_lex_sem_strong,65,8da0e9e0dffc,direct equipment maintenance or repair activities,5169,69142a156a26,3,1.1406179666519165,0.6760672330856323,0.5091888308525085,0.125,1.0,0.6299440264701843,0
embedding-data/deberta-sentence-transformer,C_lex_sem_strong,65,8da0e9e0dffc,direct equipment maintenance or repair activities,2623,5b9cd334c378,4,1.032041804790497,0.7050341367721558,0.9141427874565125,0.0,0.6363636255264282,0.4130376875400543,1
embedding-data/deberta-sentence-transformer,C_lex_sem_strong,65,8da0e9e0dffc,direct equipment maintenance or repair activities,3766,94c75e9264bf,5,1.307173686027527,0.851159393787384,2.9569568634033203,0.0,1.0,0.5766972899436951,1
embedding-data/deberta-sentence-transformer,C_lex_sem_strong,65,8da0e9e0dffc,direct equipment maintenance or repair activities,1675,8335d26464b5,6,1.2102004289627075,0.7306961417198181,1.2728946208953857,0.125,0.7142857313156128,0.7038289308547974,0
embedding-data/deberta-sentence-transformer,C_lex_sem_strong,65,8da0e9e0dffc,direct equipment maintenance or repair activities,3232,d7dbf48fa293,7,1.3169445991516113,0.7103738784790039,0.9887917637825012,0.1428571492433548,0.5714285969734192,0.8963034749031067,0
embedding-data/deberta-sentence-transformer,C_lex_sem_strong,65,8da0e9e0dffc,direct equipment maintenance or repair activities,2728,b12a99169d3e,8,0.8957088589668274,0.6925454139709473,0.7395519018173218,0.0,0.5384615659713745,0.36171287298202515,0
embedding-data/deberta-sentence-transformer,C_lex_sem_strong,65,8da0e9e0dffc,direct equipment maintenance or repair activities,4426,b25b2aa78ecd,9,0.8095746803283691,0.7574827671051025,1.6473685503005981,0.0,0.8571428656578064,0.0,1
embedding-data/deberta-sentence-transformer,C_lex_sem_strong,65,8da0e9e0dffc,direct equipment maintenance or repair activities,2499,f86f9d6f10a8,10,0.8286414313316345,0.7778134346008301,1.931588888168335,0.0,0.875,0.0,1
embedding-data/deberta-sentence-transformer,C_lex_sem_strong,66,196087c93944,"test performance of electrical, electronic, mechanical, or integrated systems or equipment",3917,d23e50a9caf6,1,1.2409721612930298,0.5207515954971313,1.7707254886627197,0.20000000298023224,0.5833333134651184,1.0,0
embedding-data/deberta-sentence-transformer,C_lex_sem_strong,66,196087c93944,"test performance of electrical, electronic, mechanical, or integrated systems or equipment",2622,62c0405486a6,2,0.9035393762588501,0.6330041885375977,2.747260808944702,0.0,0.9230769276618958,0.2759687006473541,1
embedding-data/deberta-sentence-transformer,C_lex_sem_strong,66,196087c93944,"test performance of electrical, electronic, mechanical, or integrated systems or equipment",2055,90a42546d7b7,3,0.8396832346916199,0.4972248673439026,1.5660558938980103,0.0833333358168602,0.5,0.500536322593689,0
embedding-data/deberta-sentence-transformer,C_lex_sem_strong,66,196087c93944,"test performance of electrical, electronic, mechanical, or integrated systems or equipment",548,0586134e1b27,4,0.8987353014945983,0.7170217037200928,3.4781668186187744,0.0,0.5833333134651184,0.2156192511320114,1
embedding-data/deberta-sentence-transformer,C_lex_sem_strong,66,196087c93944,"test performance of electrical, electronic, mechanical, or integrated systems or equipment",150,e1b657c11575,5,0.7946311998367309,0.6684932708740234,3.0559961795806885,0.0,0.7058823704719543,0.10831952840089798,1
embedding-data/deberta-sentence-transformer,C_lex_sem_strong,66,196087c93944,"test performance of electrical, electronic, mechanical, or integrated systems or equipment",2728,b12a99169d3e,6,1.1140057611465455,0.7692380547523499,3.932420015335083,0.0,0.9230769276618958,0.41120821237564087,1
embedding-data/deberta-sentence-transformer,C_lex_sem_strong,66,196087c93944,"test performance of electrical, electronic, mechanical, or integrated systems or equipment",2623,5b9cd334c378,7,0.8802382946014404,0.6682150363922119,3.0535757541656494,0.0,0.9166666865348816,0.3151269555091858,0
embedding-data/deberta-sentence-transformer,C_lex_sem_strong,66,196087c93944,"test performance of electrical, electronic, mechanical, or integrated systems or equipment",1337,284a65d8619b,8,1.065827922821045,0.7998262643814087,4.198520660400391,0.0,1.0,0.2942507565021515,1
embedding-data/deberta-sentence-transformer,C_lex_sem_strong,66,196087c93944,"test performance of electrical, electronic, mechanical, or integrated systems or equipment",116,7588597f0f7f,9,0.8546488881111145,0.5033255219459534,1.6191282272338867,0.10000000149011612,0.3333333432674408,0.5335555076599121,0
embedding-data/deberta-sentence-transformer,C_lex_sem_strong,66,196087c93944,"test performance of electrical, electronic, mechanical, or integrated systems or equipment",2299,4344a6f8e289,10,0.7974010109901428,0.6633862257003784,3.0115678310394287,0.0,0.6666666865348816,0.2383657842874527,0
embedding-data/deberta-sentence-transformer,C_lex_sem_strong,67,3574e4789085,coordinate safety or regulatory compliance activities,3872,4e4ff7039f22,1,1.4683808088302612,0.7594394683837891,1.5124350786209106,0.4000000059604645,0.4285714328289032,1.0,0
embedding-data/deberta-sentence-transformer,C_lex_sem_strong,67,3574e4789085,coordinate safety or regulatory compliance activities,1443,3d9cb8ab1a44,2,0.8515936303138733,0.8069168329238892,2.155010223388672,0.0,0.8571428656578064,0.0,1
embedding-data/deberta-sentence-transformer,C_lex_sem_strong,67,3574e4789085,coordinate safety or regulatory compliance activities,3766,94c75e9264bf,3,1.121473150253296,0.8512930870056152,2.7556138038635254,0.0,1.0,0.31124863028526306,1
embedding-data/deberta-sentence-transformer,C_lex_sem_strong,67,3574e4789085,coordinate safety or regulatory compliance activities,4394,3110ca79819b,4,0.829161422252655,0.7637192606925964,1.570359230041504,0.0,1.0,0.0,1
embedding-data/deberta-sentence-transformer,C_lex_sem_strong,67,3574e4789085,coordinate safety or regulatory compliance activities,426,4869b25d1df5,5,0.8467337656021118,0.799098551273346,2.049194812774658,0.0,0.875,0.0,1
embedding-data/deberta-sentence-transformer,C_lex_sem_strong,67,3574e4789085,coordinate safety or regulatory compliance activities,160,edf835e6e9a8,6,0.8414165544509887,0.7949438095092773,1.9929630756378174,0.0,0.8571428656578064,0.0,1
embedding-data/deberta-sentence-transformer,C_lex_sem_strong,67,3574e4789085,coordinate safety or regulatory compliance activities,4044,32a696162ad2,7,0.8943350481986999,0.8572008609771729,2.835571527481079,0.0,0.8571428656578064,0.0,1
embedding-data/deberta-sentence-transformer,C_lex_sem_strong,67,3574e4789085,coordinate safety or regulatory compliance activities,2976,333e029b0118,8,0.9169320034980774,0.8931225538253784,3.3217482566833496,0.0,0.7777777910232544,0.0,1
embedding-data/deberta-sentence-transformer,C_lex_sem_strong,67,3574e4789085,coordinate safety or regulatory compliance activities,2699,485d26352e99,9,1.0464268922805786,0.692389965057373,0.6049638390541077,0.1428571492433548,0.7142857313156128,0.5112791061401367,0
embedding-data/deberta-sentence-transformer,C_lex_sem_strong,67,3574e4789085,coordinate safety or regulatory compliance activities,691,5a5622ca97ad,10,0.8300113248825073,0.7908629179000854,1.9377309083938599,0.0,0.7777777910232544,0.0,1
embedding-data/deberta-sentence-transformer,C_lex_sem_strong,68,7a9450b42a26,document technical design details,1529,8c8790508d02,1,1.5342686176300049,0.8638454675674438,1.1245161294937134,0.20000000298023224,0.6000000238418579,1.0,0
embedding-data/deberta-sentence-transformer,C_lex_sem_strong,68,7a9450b42a26,document technical design details,2266,c9f8e62f3075,2,1.3441620635986329,0.7159245014190674,-0.3330002725124359,0.1428571492433548,1.0,0.7529352307319641,1
embedding-data/deberta-sentence-transformer,C_lex_sem_strong,68,7a9450b42a26,document technical design details,1285,f34f1d6abba9,3,1.1973672676086426,0.7965457439422607,0.4613886773586273,0.1666666716337204,0.800000011920929,0.46710005402565,1
embedding-data/deberta-sentence-transformer,C_lex_sem_strong,68,7a9450b42a26,document technical design details,4414,2206578a8a45,4,1.187319712638855,0.8087149858474731,0.581296443939209,0.1666666716337204,1.0,0.40939807891845703,1
embedding-data/deberta-sentence-transformer,C_lex_sem_strong,68,7a9450b42a26,document technical design details,3215,d4793dfe8103,5,1.2969979810714722,0.8763988018035889,1.2482084035873413,0.1428571492433548,0.7142857313156128,0.5315126776695251,1
embedding-data/deberta-sentence-transformer,C_lex_sem_strong,68,7a9450b42a26,document technical design details,4558,7b0342e1d11a,6,1.2127292156219482,0.813446044921875,0.6279131770133972,0.125,0.8333333134651184,0.5899524688720703,0
embedding-data/deberta-sentence-transformer,C_lex_sem_strong,68,7a9450b42a26,document technical design details,4183,3d50ffa95952,7,1.3492439985275269,0.8312163949012756,0.8030105829238892,0.1666666716337204,0.800000011920929,0.7562524080276489,0
embedding-data/deberta-sentence-transformer,C_lex_sem_strong,68,7a9450b42a26,document technical design details,4025,12c794a0d7a1,8,1.4427721500396729,0.7562025189399719,0.06387295573949814,0.20000000298023224,0.6000000238418579,1.0,0
embedding-data/deberta-sentence-transformer,C_lex_sem_strong,68,7a9450b42a26,document technical design details,2708,1bc0636dfbec,9,1.2456750440597535,0.8533782958984375,1.0213794708251953,0.1666666716337204,0.800000011920929,0.46710005402565,1
embedding-data/deberta-sentence-transformer,C_lex_sem_strong,68,7a9450b42a26,document technical design details,2363,3f7cc27a4b2e,10,1.3337240982055665,0.9095399379730225,1.5747594833374023,0.20000000298023224,0.6000000238418579,0.5437361001968384,1
embedding-data/deberta-sentence-transformer,C_lex_sem_strong,69,636981831618,identify new applications for existing technologies,4282,b462239f8295,1,1.6548094320297242,0.8989353179931641,1.7255780696868896,0.125,0.8571428656578064,1.0,1
embedding-data/deberta-sentence-transformer,C_lex_sem_strong,69,636981831618,identify new applications for existing technologies,691,5a5622ca97ad,2,1.1638215780258179,0.6943113207817078,-0.5648424029350281,0.1111111119389534,0.7777777910232544,0.6766526699066162,0
embedding-data/deberta-sentence-transformer,C_lex_sem_strong,69,636981831618,identify new applications for existing technologies,5239,ad194b21665d,3,1.5332034397125245,0.8356735110282898,1.017468810081482,0.20000000298023224,0.6363636255264282,0.9132068157196045,1
embedding-data/deberta-sentence-transformer,C_lex_sem_strong,69,636981831618,identify new applications for existing technologies,2342,d9000beaf680,4,1.4127554893493652,0.7852181792259216,0.45270654559135437,0.1666666716337204,0.4285714328289032,0.9558994770050049,0
embedding-data/deberta-sentence-transformer,C_lex_sem_strong,69,636981831618,identify new applications for existing technologies,2135,ac79098e2790,5,1.200313925743103,0.7482626438140869,0.039051663130521774,0.1428571492433548,0.5714285969734192,0.6836804151535034,0
embedding-data/deberta-sentence-transformer,C_lex_sem_strong,69,636981831618,identify new applications for existing technologies,4349,d007e0bd579b,6,1.166204810142517,0.8025330305099487,0.6465170979499817,0.125,0.8571428656578064,0.5333390831947327,0
embedding-data/deberta-sentence-transformer,C_lex_sem_strong,69,636981831618,identify new applications for existing technologies,3292,3d874392629b,7,1.2779490947723389,0.7507333159446716,0.06670667231082916,0.1428571492433548,0.5714285969734192,0.7915876507759094,0
embedding-data/deberta-sentence-transformer,C_lex_sem_strong,69,636981831618,identify new applications for existing technologies,654,01ec6bcd7725,8,1.4343454837799072,0.8106180429458618,0.7370151281356812,0.1666666716337204,0.4285714328289032,0.9558994770050049,0
embedding-data/deberta-sentence-transformer,C_lex_sem_strong,69,636981831618,identify new applications for existing technologies,2121,fe0479069367,9,1.2361228466033936,0.8072552680969238,0.6993745565414429,0.1428571492433548,0.5714285969734192,0.6632022261619568,0
embedding-data/deberta-sentence-transformer,C_lex_sem_strong,69,636981831618,identify new applications for existing technologies,75,eccdaab2ae71,10,1.3816208839416504,0.8727002739906311,1.4319210052490234,0.1428571492433548,0.5714285969734192,0.7915876507759094,0
embedding-data/deberta-sentence-transformer,C_lex_sem_strong,70,d5bb4574fc4d,design electronic or computer equipment or instrumentation,61,7e243ce316f8,1,1.322574453353882,0.5489681959152222,1.9480010271072388,0.2857142984867096,0.625,0.9375837445259094,1
embedding-data/deberta-sentence-transformer,C_lex_sem_strong,70,d5bb4574fc4d,design electronic or computer equipment or instrumentation,215,f3e87868bbce,2,1.0720648765563965,0.4930749535560608,1.2556865215301514,0.1428571492433548,0.5,0.8205423951148987,0
embedding-data/deberta-sentence-transformer,C_lex_sem_strong,70,d5bb4574fc4d,design electronic or computer equipment or instrumentation,1337,284a65d8619b,3,1.015522496700287,0.7045683860778809,3.8753230571746826,0.0,0.6666666865348816,0.38567522168159485,1
embedding-data/deberta-sentence-transformer,C_lex_sem_strong,70,d5bb4574fc4d,design electronic or computer equipment or instrumentation,3265,f5115287696e,4,1.1388326454162598,0.6884506940841675,3.6756834983825684,0.1428571492433548,0.625,0.5465402007102966,1
embedding-data/deberta-sentence-transformer,C_lex_sem_strong,70,d5bb4574fc4d,design electronic or computer equipment or instrumentation,672,89221d65a143,5,0.8457231521606445,0.3890019655227661,-0.03340040147304535,0.1428571492433548,0.5,0.6235714554786682,0
embedding-data/deberta-sentence-transformer,C_lex_sem_strong,70,d5bb4574fc4d,design electronic or computer equipment or instrumentation,76,442beb6b5d69,6,0.9824907779693604,0.5499050617218018,1.9596054553985596,0.1428571492433548,0.5,0.6235714554786682,0
embedding-data/deberta-sentence-transformer,C_lex_sem_strong,70,d5bb4574fc4d,design electronic or computer equipment or instrumentation,126,102c15dfbc00,7,1.0307836532592773,0.6067202687263489,2.663339853286743,0.1428571492433548,0.5,0.6235714554786682,0
embedding-data/deberta-sentence-transformer,C_lex_sem_strong,70,d5bb4574fc4d,design electronic or computer equipment or instrumentation,2654,3a5295154385,8,0.9192783403396606,0.5275245904922485,1.6823925971984863,0.1428571492433548,0.5,0.4461585581302643,1
embedding-data/deberta-sentence-transformer,C_lex_sem_strong,70,d5bb4574fc4d,design electronic or computer equipment or instrumentation,2117,541d0acdc4f9,9,1.0242795944213867,0.6616012454032898,3.343116044998169,0.125,0.75,0.517026424407959,0
embedding-data/deberta-sentence-transformer,C_lex_sem_strong,70,d5bb4574fc4d,design electronic or computer equipment or instrumentation,2623,5b9cd334c378,10,1.0736780333518983,0.7433228492736816,4.355350494384766,0.0,0.7272727489471436,0.4130376875400543,1
embedding-data/deberta-sentence-transformer,C_lex_sem_strong,71,1cb040da80f9,evaluate plans or specifications to determine technological or environmental implications,1337,284a65d8619b,1,1.213230848312378,0.5744963884353638,0.6698206067085266,0.07692307978868484,0.9166666865348816,0.8826537132263184,0
embedding-data/deberta-sentence-transformer,C_lex_sem_strong,71,1cb040da80f9,evaluate plans or specifications to determine technological or environmental implications,4187,2d883d5e00ea,2,0.9712271690368652,0.4309537410736084,-0.7679529190063477,0.125,0.27272728085517883,0.7894912362098694,0
embedding-data/deberta-sentence-transformer,C_lex_sem_strong,71,1cb040da80f9,evaluate plans or specifications to determine technological or environmental implications,1692,31d24bb1ddd1,3,0.9617444443702697,0.7418825626373291,2.346419095993042,0.0,0.7272727489471436,0.2548814117908478,1
embedding-data/deberta-sentence-transformer,C_lex_sem_strong,71,1cb040da80f9,evaluate plans or specifications to determine technological or environmental implications,3946,d77de4fdc1c2,4,1.076774733066559,0.6527591347694397,1.4537277221679688,0.0714285746216774,0.7857142686843872,0.4986746311187744,1
embedding-data/deberta-sentence-transformer,C_lex_sem_strong,71,1cb040da80f9,evaluate plans or specifications to determine technological or environmental implications,2951,14b0ec412e5c,5,1.1156615018844604,0.7543526887893677,2.4713244438171387,0.07692307978868484,0.9166666865348816,0.5248718857765198,0
embedding-data/deberta-sentence-transformer,C_lex_sem_strong,71,1cb040da80f9,evaluate plans or specifications to determine technological or environmental implications,2623,5b9cd334c378,6,1.033190369606018,0.6170965433120728,1.096518635749817,0.0,1.0,0.5837976336479187,0
embedding-data/deberta-sentence-transformer,C_lex_sem_strong,71,1cb040da80f9,evaluate plans or specifications to determine technological or environmental implications,4507,4308d262ba90,7,1.171116590499878,0.7580508589744568,2.508366584777832,0.09090909361839294,0.5454545617103577,0.6486372947692871,0
embedding-data/deberta-sentence-transformer,C_lex_sem_strong,71,1cb040da80f9,evaluate plans or specifications to determine technological or environmental implications,3766,94c75e9264bf,8,1.0971837043762207,0.7753593325614929,2.681734323501587,0.0,0.6363636255264282,0.534988522529602,0
embedding-data/deberta-sentence-transformer,C_lex_sem_strong,71,1cb040da80f9,evaluate plans or specifications to determine technological or environmental implications,5216,5f28836331e0,9,0.9037048387527465,0.6861907839775085,1.7885907888412476,0.0,1.0,0.2006322592496872,1
embedding-data/deberta-sentence-transformer,C_lex_sem_strong,71,1cb040da80f9,evaluate plans or specifications to determine technological or environmental implications,2149,ce5275d1f549,10,1.0985907316207886,0.6358897686004639,1.28475821018219,0.10000000149011612,0.4545454680919647,0.703757107257843,0
embedding-data/deberta-sentence-transformer,C_lex_sem_strong,72,91e3b64a6f04,advise others regarding green practices or environmental concerns,4247,310c23fd2d02,1,1.3937665224075317,0.6854768991470337,1.9661542177200317,0.2222222238779068,0.6666666865348816,1.0,0
embedding-data/deberta-sentence-transformer,C_lex_sem_strong,72,91e3b64a6f04,advise others regarding green practices or environmental concerns,688,675b456b5403,2,0.8969507217407227,0.7635302543640137,2.7724032402038574,0.0625,0.529411792755127,0.26072683930397034,0
embedding-data/deberta-sentence-transformer,C_lex_sem_strong,72,91e3b64a6f04,advise others regarding green practices or environmental concerns,2623,5b9cd334c378,3,0.9843196439743042,0.6997164487838745,2.113240957260132,0.0,0.8181818127632141,0.325346440076828,1
embedding-data/deberta-sentence-transformer,C_lex_sem_strong,72,91e3b64a6f04,advise others regarding green practices or environmental concerns,3056,4b76c705aa42,4,0.8404286074638366,0.7900466918945312,3.0463037490844727,0.0,0.8888888955116272,0.0,1
embedding-data/deberta-sentence-transformer,C_lex_sem_strong,72,91e3b64a6f04,advise others regarding green practices or environmental concerns,4370,330ceef13d7a,5,1.1030195951461792,0.7140572667121887,2.261373996734619,0.1111111119389534,0.5555555820465088,0.5975615382194519,0
embedding-data/deberta-sentence-transformer,C_lex_sem_strong,72,91e3b64a6f04,advise others regarding green practices or environmental concerns,1177,8ef1306520ed,6,1.1447112560272217,0.6832784414291382,1.9434453248977661,0.125,0.3333333432674408,0.7222732305526733,0
embedding-data/deberta-sentence-transformer,C_lex_sem_strong,72,91e3b64a6f04,advise others regarding green practices or environmental concerns,3559,d592234a226d,7,1.081530408859253,0.7131624817848206,2.252131223678589,0.07692307978868484,1.0,0.39993956685066223,1
embedding-data/deberta-sentence-transformer,C_lex_sem_strong,72,91e3b64a6f04,advise others regarding green practices or environmental concerns,2499,f86f9d6f10a8,8,0.8483785557746887,0.7993996143341064,3.142914295196533,0.0,0.8888888955116272,0.0,1
embedding-data/deberta-sentence-transformer,C_lex_sem_strong,72,91e3b64a6f04,advise others regarding green practices or environmental concerns,2409,e51f982823a7,9,0.8666742444038391,0.3561760485172272,-1.4353457689285278,0.125,0.3333333432674408,0.7222732305526733,0
embedding-data/deberta-sentence-transformer,C_lex_sem_strong,72,91e3b64a6f04,advise others regarding green practices or environmental concerns,3766,94c75e9264bf,10,0.97214275598526,0.6780977845191956,1.8899319171905518,0.0,0.7777777910232544,0.4542597830295563,0
embedding-data/deberta-sentence-transformer,C_lex_sem_strong,73,a40c650a049f,"select tools, equipment, or technologies for use in operations or projects",1337,284a65d8619b,1,1.38951726436615,0.6989178657531738,3.6218159198760986,0.07692307978868484,1.0,0.8572176098823547,1
embedding-data/deberta-sentence-transformer,C_lex_sem_strong,73,a40c650a049f,"select tools, equipment, or technologies for use in operations or projects",4787,015c39f2afbc,2,0.9648747444152832,0.2527938485145569,-0.8202031850814819,0.125,0.25,1.0,0
embedding-data/deberta-sentence-transformer,C_lex_sem_strong,73,a40c650a049f,"select tools, equipment, or technologies for use in operations or projects",210,d9adf671a46c,3,0.8661895990371704,0.5294537544250488,1.9344761371612549,0.10000000149011612,0.4166666567325592,0.5064103603363037,0
embedding-data/deberta-sentence-transformer,C_lex_sem_strong,73,a40c650a049f,"select tools, equipment, or technologies for use in operations or projects",437,3170a26b09e0,4,0.9292336106300354,0.5703725814819336,2.3419015407562256,0.0833333358168602,0.75,0.5039290189743042,0
embedding-data/deberta-sentence-transformer,C_lex_sem_strong,73,a40c650a049f,"select tools, equipment, or technologies for use in operations or projects",1691,19ae2b3326d0,5,0.9823075532913208,0.6377326250076294,3.0125997066497803,0.0,0.8333333134651184,0.5098592638969421,0
embedding-data/deberta-sentence-transformer,C_lex_sem_strong,73,a40c650a049f,"select tools, equipment, or technologies for use in operations or projects",2446,a18b251c5cc8,6,1.1245976686477661,0.5745150446891785,2.3831474781036377,0.1111111119389534,0.3333333432674408,0.8295775651931763,0
embedding-data/deberta-sentence-transformer,C_lex_sem_strong,73,a40c650a049f,"select tools, equipment, or technologies for use in operations or projects",3498,9e69de35c497,7,0.9113895297050476,0.6186801195144653,2.8228955268859863,0.10000000149011612,0.5,0.450730562210083,0
embedding-data/deberta-sentence-transformer,C_lex_sem_strong,73,a40c650a049f,"select tools, equipment, or technologies for use in operations or projects",4677,84aec80a0a66,8,0.9426645803451538,0.7074607610702515,3.706876754760742,0.0,0.9166666865348816,0.2423660159111023,1
embedding-data/deberta-sentence-transformer,C_lex_sem_strong,73,a40c650a049f,"select tools, equipment, or technologies for use in operations or projects",2622,62c0405486a6,9,0.9307272005081176,0.6067559123039246,2.704167127609253,0.0,0.9230769276618958,0.3466814458370209,1
embedding-data/deberta-sentence-transformer,C_lex_sem_strong,73,a40c650a049f,"select tools, equipment, or technologies for use in operations or projects",1766,bcc458a13c9c,10,1.1156296730041504,0.5496395230293274,2.1354641914367676,0.10000000149011612,0.5,0.8263372778892517,0
embedding-data/deberta-sentence-transformer,C_lex_sem_strong,74,318da22b73fb,install production equipment or systems,2641,414d1ab8da6a,1,1.4910376071929932,0.812985360622406,0.15140166878700256,0.1666666716337204,0.6666666865348816,1.0,0
embedding-data/deberta-sentence-transformer,C_lex_sem_strong,74,318da22b73fb,install production equipment or systems,3799,f53b26701964,2,1.2440828847885133,0.8258891701698303,0.2781047523021698,0.125,0.8571428656578064,0.5019468665122986,1
embedding-data/deberta-sentence-transformer,C_lex_sem_strong,74,318da22b73fb,install production equipment or systems,1466,106269d3e3cb,3,1.2257366943359376,0.7810310125350952,-0.16235950589179993,0.1666666716337204,0.6666666865348816,0.545514702796936,1
embedding-data/deberta-sentence-transformer,C_lex_sem_strong,74,318da22b73fb,install production equipment or systems,1694,d6c8c0983834,4,1.4556043148040771,0.8670440912246704,0.6822067499160767,0.0,0.5,0.9551669359207153,0
embedding-data/deberta-sentence-transformer,C_lex_sem_strong,74,318da22b73fb,install production equipment or systems,1117,3479e025b0d4,5,1.3156781196594238,0.8420568704605103,0.43685612082481384,0.1666666716337204,0.6666666865348816,0.7141852974891663,0
embedding-data/deberta-sentence-transformer,C_lex_sem_strong,74,318da22b73fb,install production equipment or systems,3766,94c75e9264bf,6,1.284273819923401,0.8410251140594482,0.42672526836395264,0.0,0.8571428656578064,0.5766972899436951,1
embedding-data/deberta-sentence-transformer,C_lex_sem_strong,74,318da22b73fb,install production equipment or systems,2690,7cdbf2771715,7,1.253502802848816,0.8136969804763794,0.15838909149169922,0.1666666716337204,0.6666666865348816,0.545514702796936,1
embedding-data/deberta-sentence-transformer,C_lex_sem_strong,74,318da22b73fb,install production equipment or systems,2512,5de07ec45ece,8,1.2502588033676147,0.8181410431861877,0.20202554762363434,0.1666666716337204,0.8333333134651184,0.6259602904319763,0
embedding-data/deberta-sentence-transformer,C_lex_sem_strong,74,318da22b73fb,install production equipment or systems,1336,da0ab31c2bf5,9,1.2933345603942872,0.9020488262176514,1.025919795036316,0.1428571492433548,0.8333333134651184,0.4781259596347809,1
embedding-data/deberta-sentence-transformer,C_lex_sem_strong,74,318da22b73fb,install production equipment or systems,4348,b75ac8ea7b39,10,1.2490526008605958,0.8736375570297241,0.7469483017921448,0.1428571492433548,1.0,0.4255560338497162,1
embedding-data/deberta-sentence-transformer,C_lex_sem_strong,75,f634ee56b726,design industrial equipment,107,20be59e19f80,1,1.6814722585678101,0.913496732711792,0.5520035028457642,0.25,0.75,1.0,1
embedding-data/deberta-sentence-transformer,C_lex_sem_strong,75,f634ee56b726,design industrial equipment,2641,414d1ab8da6a,2,1.573145227432251,0.8844772577285767,0.33123472332954407,0.20000000298023224,1.0,0.8590565323829651,1
embedding-data/deberta-sentence-transformer,C_lex_sem_strong,75,f634ee56b726,design industrial equipment,3919,b81d3a27898d,3,1.2676643896102906,0.916907787322998,0.5779534578323364,0.20000000298023224,1.0,0.38327541947364807,1
embedding-data/deberta-sentence-transformer,C_lex_sem_strong,75,f634ee56b726,design industrial equipment,727,31c13f47ad87,4,1.3012681770324708,0.859992265701294,0.14496254920959473,0.3333333432674408,0.5,0.5337257385253906,1
embedding-data/deberta-sentence-transformer,C_lex_sem_strong,75,f634ee56b726,design industrial equipment,922,f5a64221d2a6,5,1.3204712438583375,0.9448943734169006,0.7908643484115601,0.25,0.75,0.4461585581302643,1
embedding-data/deberta-sentence-transformer,C_lex_sem_strong,75,f634ee56b726,design industrial equipment,2969,d7b75427e092,6,1.2922232913970948,0.9116615653038025,0.5380422472953796,0.25,0.75,0.4461585581302643,1
embedding-data/deberta-sentence-transformer,C_lex_sem_strong,75,f634ee56b726,design industrial equipment,1174,1013182300d6,7,1.26938946723938,0.8847982287406921,0.3336765468120575,0.25,0.75,0.4461585581302643,1
embedding-data/deberta-sentence-transformer,C_lex_sem_strong,75,f634ee56b726,design industrial equipment,2732,787c9983bd1c,8,1.2848726081848145,0.9030135869979858,0.472251832485199,0.25,0.75,0.4461585581302643,1
embedding-data/deberta-sentence-transformer,C_lex_sem_strong,75,f634ee56b726,design industrial equipment,2190,18691e5ad816,9,1.2809388208389283,0.9325248003005981,0.6967615485191345,0.20000000298023224,1.0,0.38327541947364807,1
embedding-data/deberta-sentence-transformer,C_lex_sem_strong,75,f634ee56b726,design industrial equipment,1841,e649d3f24f2b,10,1.2884227800369263,0.9413294792175293,0.763744056224823,0.20000000298023224,1.0,0.38327541947364807,1
embedding-data/deberta-sentence-transformer,C_lex_sem_strong,76,298036041aa4,"investigate system, equipment, or product failures",2641,414d1ab8da6a,1,1.2314188480377197,0.5243582129478455,1.7500135898590088,0.1428571492433548,0.5714285969734192,1.0,0
embedding-data/deberta-sentence-transformer,C_lex_sem_strong,76,298036041aa4,"investigate system, equipment, or product failures",2622,62c0405486a6,2,0.8006547856330871,0.48659947514533997,1.3525992631912231,0.0,0.5384615659713745,0.36171287298202515,1
embedding-data/deberta-sentence-transformer,C_lex_sem_strong,76,298036041aa4,"investigate system, equipment, or product failures",2623,5b9cd334c378,3,1.0716954636573792,0.7516855001449585,4.142654895782471,0.0,0.6363636255264282,0.4130376875400543,1
embedding-data/deberta-sentence-transformer,C_lex_sem_strong,76,298036041aa4,"investigate system, equipment, or product failures",4970,c31178fc73b6,4,1.0696260929107666,0.6234434843063354,2.7928953170776367,0.1428571492433548,0.5714285969734192,0.6485496759414673,0
embedding-data/deberta-sentence-transformer,C_lex_sem_strong,76,298036041aa4,"investigate system, equipment, or product failures",3314,5ccae7640253,5,0.858084499835968,0.4866390526294708,1.3530158996582031,0.125,0.7142857313156128,0.49716097116470337,0
embedding-data/deberta-sentence-transformer,C_lex_sem_strong,76,298036041aa4,"investigate system, equipment, or product failures",1337,284a65d8619b,6,0.8890785574913025,0.6597324013710022,3.174839735031128,0.0,0.5833333134651184,0.38567522168159485,0
embedding-data/deberta-sentence-transformer,C_lex_sem_strong,76,298036041aa4,"investigate system, equipment, or product failures",545,aaf719c721a1,7,0.7801306843757629,0.3949286937713623,0.38775569200515747,0.125,0.7142857313156128,0.49716097116470337,0
embedding-data/deberta-sentence-transformer,C_lex_sem_strong,76,298036041aa4,"investigate system, equipment, or product failures",3766,94c75e9264bf,8,1.0776721239089966,0.6752753257751465,3.338430404663086,0.0,1.0,0.5766972899436951,0
embedding-data/deberta-sentence-transformer,C_lex_sem_strong,76,298036041aa4,"investigate system, equipment, or product failures",4394,3110ca79819b,9,0.8810842037200928,0.5644664764404297,2.172156810760498,0.1111111119389534,1.0,0.3986649215221405,0
embedding-data/deberta-sentence-transformer,C_lex_sem_strong,76,298036041aa4,"investigate system, equipment, or product failures",3925,35c1bebe9ccc,10,0.8557713031768799,0.5153954029083252,1.6556791067123413,0.1111111119389534,0.8571428656578064,0.442498117685318,0
embedding-data/deberta-sentence-transformer,C_lex_sem_strong,77,9b108680399f,prepare proposal documents,2820,21f64da1e579,1,1.6229972410202027,0.8545064926147461,0.3202018141746521,0.3333333432674408,0.5,1.0,1
embedding-data/deberta-sentence-transformer,C_lex_sem_strong,77,9b108680399f,prepare proposal documents,3782,0d6b3a3f8dee,2,0.9990319609642029,0.7080841064453125,-0.8833359479904175,0.1666666716337204,0.4444444477558136,0.45626100897789,0
embedding-data/deberta-sentence-transformer,C_lex_sem_strong,77,9b108680399f,prepare proposal documents,226,7e56613a2ebc,3,1.3406889009475709,0.9041750431060791,0.7284588813781738,0.1666666716337204,0.6666666865348816,0.560200035572052,1
embedding-data/deberta-sentence-transformer,C_lex_sem_strong,77,9b108680399f,prepare proposal documents,4558,7b0342e1d11a,4,1.2872391510009766,0.8468950986862183,0.25763896107673645,0.1428571492433548,0.6666666865348816,0.560200035572052,1
embedding-data/deberta-sentence-transformer,C_lex_sem_strong,77,9b108680399f,prepare proposal documents,4590,5d45850c5baa,5,1.5950632858276368,0.9469537734985352,1.080084204673767,0.25,0.75,0.8359322547912598,1
embedding-data/deberta-sentence-transformer,C_lex_sem_strong,77,9b108680399f,prepare proposal documents,1702,6b306e6c84b1,6,1.4714109468460084,0.8808609247207642,0.5368254780769348,0.20000000298023224,1.0,0.7181130647659302,1
embedding-data/deberta-sentence-transformer,C_lex_sem_strong,77,9b108680399f,prepare proposal documents,4578,c3464dd13139,7,1.488516526222229,0.9544910788536072,1.142038106918335,0.20000000298023224,0.800000011920929,0.6817130446434021,1
embedding-data/deberta-sentence-transformer,C_lex_sem_strong,77,9b108680399f,prepare proposal documents,4311,dad8075f10c2,8,1.126922845840454,0.8037075996398926,-0.09734626114368439,0.1666666716337204,0.5714285969734192,0.5047074556350708,0
embedding-data/deberta-sentence-transformer,C_lex_sem_strong,77,9b108680399f,prepare proposal documents,4310,506583358173,9,1.2558589744567872,0.8668816089630127,0.42192068696022034,0.1428571492433548,0.5714285969734192,0.5047074556350708,1
embedding-data/deberta-sentence-transformer,C_lex_sem_strong,77,9b108680399f,prepare proposal documents,2899,02494e9ed104,10,0.9704406428337097,0.9299300909042358,0.9401558637619019,0.0,1.0,0.0,1
embedding-data/deberta-sentence-transformer,C_lex_sem_strong,78,98d9410b9c2c,supervise production or support personnel,3978,6918d9132472,1,1.4540741443634033,0.7812638878822327,0.5160450339317322,0.20000000298023224,0.5,1.0,0
embedding-data/deberta-sentence-transformer,C_lex_sem_strong,78,98d9410b9c2c,supervise production or support personnel,2728,b12a99169d3e,2,0.9581163692474365,0.7228826284408569,-0.14415687322616577,0.0,0.4615384638309479,0.31073179841041565,1
embedding-data/deberta-sentence-transformer,C_lex_sem_strong,78,98d9410b9c2c,supervise production or support personnel,1150,edd1e4370c68,3,1.0615858602523804,0.5752524137496948,-1.813626766204834,0.1428571492433548,0.8333333134651184,0.5438807606697083,1
embedding-data/deberta-sentence-transformer,C_lex_sem_strong,78,98d9410b9c2c,supervise production or support personnel,3766,94c75e9264bf,4,1.2247442770004273,0.837928295135498,1.156831979751587,0.0,0.8571428656578064,0.4954155683517456,1
embedding-data/deberta-sentence-transformer,C_lex_sem_strong,78,98d9410b9c2c,supervise production or support personnel,1334,51d17dc5df8a,5,1.121043519973755,0.7835847735404968,0.5422906875610352,0.1111111119389534,0.75,0.3968202769756317,1
embedding-data/deberta-sentence-transformer,C_lex_sem_strong,78,98d9410b9c2c,supervise production or support personnel,2512,5de07ec45ece,6,1.1661601066589355,0.7918573021888733,0.6358402371406555,0.1666666716337204,0.8333333134651184,0.5377352833747864,0
embedding-data/deberta-sentence-transformer,C_lex_sem_strong,78,98d9410b9c2c,supervise production or support personnel,1117,3479e025b0d4,7,1.2377878427505493,0.8333176374435425,1.1046925783157349,0.1666666716337204,0.6666666865348816,0.6135255098342896,0
embedding-data/deberta-sentence-transformer,C_lex_sem_strong,78,98d9410b9c2c,supervise production or support personnel,4782,373d8167828d,8,1.1907589435577393,0.8157361149787903,0.9058727622032166,0.1666666716337204,0.8333333134651184,0.5438807606697083,0
embedding-data/deberta-sentence-transformer,C_lex_sem_strong,78,98d9410b9c2c,supervise production or support personnel,3799,f53b26701964,9,1.0715968608856201,0.7753435969352722,0.4490956962108612,0.125,0.8571428656578064,0.4312007427215576,0
embedding-data/deberta-sentence-transformer,C_lex_sem_strong,78,98d9410b9c2c,supervise production or support personnel,1336,da0ab31c2bf5,10,1.2321960926055908,0.8700878024101257,1.5205063819885254,0.1428571492433548,0.8333333134651184,0.5438807606697083,0
embedding-data/deberta-sentence-transformer,C_lex_sem_strong,79,5b935f6121b7,perform marketing activities,2233,d334de0d305d,1,1.7066062259674073,0.9430661201477051,0.9861621260643005,0.25,0.75,1.0,1
embedding-data/deberta-sentence-transformer,C_lex_sem_strong,79,5b935f6121b7,perform marketing activities,4207,1d1b9ec01466,2,1.272185206413269,0.7942052483558655,-0.19694072008132935,0.25,0.75,0.6744439005851746,0
embedding-data/deberta-sentence-transformer,C_lex_sem_strong,79,5b935f6121b7,perform marketing activities,3839,3a30a0b6467c,3,1.3134271669387818,0.7486076354980469,-0.5593372583389282,0.25,0.75,0.6744439005851746,1
embedding-data/deberta-sentence-transformer,C_lex_sem_strong,79,5b935f6121b7,perform marketing activities,4510,bb73a53780de,4,1.1403743028640747,0.7900848388671875,-0.22968852519989014,0.1666666716337204,0.800000011920929,0.5078126192092896,0
embedding-data/deberta-sentence-transformer,C_lex_sem_strong,79,5b935f6121b7,perform marketing activities,1675,8335d26464b5,5,1.4958486127853394,0.9123066067695618,0.7416945099830627,0.1666666716337204,0.800000011920929,0.7529352307319641,1
embedding-data/deberta-sentence-transformer,C_lex_sem_strong,79,5b935f6121b7,perform marketing activities,4708,917c5a35fdf5,6,1.1398045587539674,0.8050399422645569,-0.11082971841096878,0.1666666716337204,0.5714285969734192,0.407206267118454,1
embedding-data/deberta-sentence-transformer,C_lex_sem_strong,79,5b935f6121b7,perform marketing activities,1676,4abb63e41447,7,1.5806293058395386,0.8932820558547974,0.5904929041862488,0.20000000298023224,1.0,0.8590565323829651,1
embedding-data/deberta-sentence-transformer,C_lex_sem_strong,79,5b935f6121b7,perform marketing activities,250,c769c2bd1550,8,1.5007563400268555,0.8697860240936279,0.40375328063964844,0.3333333432674408,0.5,0.8068164587020874,1
embedding-data/deberta-sentence-transformer,C_lex_sem_strong,79,5b935f6121b7,perform marketing activities,1047,aa556f470629,9,1.598635392189026,0.914465606212616,0.7588536143302917,0.20000000298023224,1.0,0.8590565323829651,1
embedding-data/deberta-sentence-transformer,C_lex_sem_strong,79,5b935f6121b7,perform marketing activities,894,eb6bfd073e36,10,1.3976764249801636,0.8477243185043335,0.22841326892375946,0.25,0.75,0.6744439005851746,1
embedding-data/deberta-sentence-transformer,C_lex_sem_strong,80,4e4d6d43dbf9,advise others on logistics topics,4845,537673b823b1,1,1.510915994644165,0.8481365442276001,1.1879844665527344,0.20000000298023224,0.5,1.0,0
embedding-data/deberta-sentence-transformer,C_lex_sem_strong,80,4e4d6d43dbf9,advise others on logistics topics,3559,d592234a226d,2,1.0053110122680664,0.6657576560974121,-0.6873514652252197,0.10000000149011612,0.6666666865348816,0.5039290189743042,0
embedding-data/deberta-sentence-transformer,C_lex_sem_strong,80,4e4d6d43dbf9,advise others on logistics topics,1556,62317ddbee32,3,1.1744495630264282,0.6729543805122375,-0.6133501529693604,0.1666666716337204,1.0,0.6701500415802002,0
embedding-data/deberta-sentence-transformer,C_lex_sem_strong,80,4e4d6d43dbf9,advise others on logistics topics,2499,f86f9d6f10a8,4,1.0743763613700867,0.7648442983627319,0.33152052760124207,0.0,0.75,0.38465526700019836,1
embedding-data/deberta-sentence-transformer,C_lex_sem_strong,80,4e4d6d43dbf9,advise others on logistics topics,4370,330ceef13d7a,5,1.3359771966934204,0.8144186735153198,0.8412758111953735,0.1666666716337204,0.8333333134651184,0.7529352307319641,0
embedding-data/deberta-sentence-transformer,C_lex_sem_strong,80,4e4d6d43dbf9,advise others on logistics topics,4092,13573f8171ba,6,1.3155990409851075,0.8219729661941528,0.9189538955688477,0.1428571492433548,0.8571428656578064,0.6037659645080566,1
embedding-data/deberta-sentence-transformer,C_lex_sem_strong,80,4e4d6d43dbf9,advise others on logistics topics,4420,6bc76a3eb886,7,1.086385726928711,0.745890736579895,0.1366279274225235,0.0,0.8333333134651184,0.5272074341773987,0
embedding-data/deberta-sentence-transformer,C_lex_sem_strong,80,4e4d6d43dbf9,advise others on logistics topics,5238,e960aa5a3937,8,1.1345178651809693,0.8355989456176758,1.0590648651123047,0.0,0.75,0.38465526700019836,1
embedding-data/deberta-sentence-transformer,C_lex_sem_strong,80,4e4d6d43dbf9,advise others on logistics topics,1800,bd60ddc5bb14,9,1.3911975622177124,0.8037543892860413,0.7316188812255859,0.20000000298023224,0.6666666865348816,0.8590565323829651,0
embedding-data/deberta-sentence-transformer,C_lex_sem_strong,80,4e4d6d43dbf9,advise others on logistics topics,3796,5f5cb9491767,10,1.2780596780776978,0.8772718906402588,1.4875726699829102,0.0,0.8333333134651184,0.5272074341773987,1
embedding-data/deberta-sentence-transformer,C_lex_sem_strong,81,e9ce432833f3,identify opportunities to improve operational efficiency,4045,3837c62f004b,1,1.5155326890945435,0.9007196426391602,1.6120578050613403,0.125,0.7142857313156128,0.8192750811576843,1
embedding-data/deberta-sentence-transformer,C_lex_sem_strong,81,e9ce432833f3,identify opportunities to improve operational efficiency,2086,d3c09cf6632a,2,1.3779144287109375,0.662905752658844,-0.8633090257644653,0.2222222238779068,0.699999988079071,1.0,0
embedding-data/deberta-sentence-transformer,C_lex_sem_strong,81,e9ce432833f3,identify opportunities to improve operational efficiency,3211,bf363c434df6,3,1.0245423316955566,0.6912941932678223,-0.567818284034729,0.09090909361839294,0.6363636255264282,0.5073200464248657,0
embedding-data/deberta-sentence-transformer,C_lex_sem_strong,81,e9ce432833f3,identify opportunities to improve operational efficiency,3165,0b78f857d28c,4,1.464280128479004,0.8298787474632263,0.8746861815452576,0.1666666716337204,0.4285714328289032,0.9752752780914307,0
embedding-data/deberta-sentence-transformer,C_lex_sem_strong,81,e9ce432833f3,identify opportunities to improve operational efficiency,2381,b814ba42c9b1,5,1.099743323326111,0.8012586832046509,0.5767845511436462,0.07692307978868484,0.46666666865348816,0.39517441391944885,1
embedding-data/deberta-sentence-transformer,C_lex_sem_strong,81,e9ce432833f3,identify opportunities to improve operational efficiency,2592,bf659a897a82,6,1.1794851589202882,0.7788546681404114,0.34358471632003784,0.0714285746216774,0.5,0.533104419708252,1
embedding-data/deberta-sentence-transformer,C_lex_sem_strong,81,e9ce432833f3,identify opportunities to improve operational efficiency,4058,74fe0528c27f,7,1.4050927925109864,0.8937054872512817,1.5390485525131226,0.1111111119389534,0.8571428656578064,0.6535807847976685,1
embedding-data/deberta-sentence-transformer,C_lex_sem_strong,81,e9ce432833f3,identify opportunities to improve operational efficiency,3780,5279f5c334f7,8,1.2794260549545289,0.91314697265625,1.741411805152893,0.125,1.0,0.42607298493385315,1
embedding-data/deberta-sentence-transformer,C_lex_sem_strong,81,e9ce432833f3,identify opportunities to improve operational efficiency,3059,49fffd4c8845,9,1.2282676696777344,0.8088346719741821,0.6556417942047119,0.1428571492433548,1.0,0.5888380408287048,0
embedding-data/deberta-sentence-transformer,C_lex_sem_strong,81,e9ce432833f3,identify opportunities to improve operational efficiency,4989,f216a9fa6c2b,10,1.1336662340164185,0.7598931193351746,0.1462169736623764,0.10000000149011612,0.699999988079071,0.4539385735988617,1
embedding-data/deberta-sentence-transformer,C_lex_sem_strong,82,68d8248a643f,"analyze jobs using observation, survey, or interview techniques",500,b5af6cc043a0,1,1.1208425331115723,0.8295037150382996,4.863942623138428,0.0833333358168602,0.8888888955116272,0.3288697600364685,1
embedding-data/deberta-sentence-transformer,C_lex_sem_strong,82,68d8248a643f,"analyze jobs using observation, survey, or interview techniques",3345,27a06a9e3d5e,2,0.71763014793396,-0.039015866816043854,-0.6032294034957886,0.1428571492433548,0.2222222238779068,1.0,0
embedding-data/deberta-sentence-transformer,C_lex_sem_strong,82,68d8248a643f,"analyze jobs using observation, survey, or interview techniques",437,3170a26b09e0,3,1.0244485139846802,0.5364243984222412,3.019062042236328,0.1818181872367859,1.0,0.6173202395439148,0
embedding-data/deberta-sentence-transformer,C_lex_sem_strong,82,68d8248a643f,"analyze jobs using observation, survey, or interview techniques",2622,62c0405486a6,4,0.8876375722885131,0.6215724349021912,3.555053234100342,0.0,0.692307710647583,0.30010029673576355,1
embedding-data/deberta-sentence-transformer,C_lex_sem_strong,82,68d8248a643f,"analyze jobs using observation, survey, or interview techniques",2623,5b9cd334c378,5,0.7747319340705872,0.5329833626747131,2.997401237487793,0.0,0.8181818127632141,0.34268268942832947,0
embedding-data/deberta-sentence-transformer,C_lex_sem_strong,82,68d8248a643f,"analyze jobs using observation, survey, or interview techniques",2728,b12a99169d3e,6,0.7209045886993408,0.519533634185791,2.9127376079559326,0.0,0.692307710647583,0.30010029673576355,0
embedding-data/deberta-sentence-transformer,C_lex_sem_strong,82,68d8248a643f,"analyze jobs using observation, survey, or interview techniques",2383,52749a5221fd,7,0.6885523962974548,0.645355761051178,3.7047650814056396,0.0,0.6000000238418579,0.0,1
embedding-data/deberta-sentence-transformer,C_lex_sem_strong,82,68d8248a643f,"analyze jobs using observation, survey, or interview techniques",1691,19ae2b3326d0,8,0.714839117527008,0.6409872174263,3.6772658824920654,0.0,0.8999999761581421,0.0,1
embedding-data/deberta-sentence-transformer,C_lex_sem_strong,82,68d8248a643f,"analyze jobs using observation, survey, or interview techniques",5218,c440d73a48c6,9,0.7192191052436828,0.6343753933906555,3.635645627975464,0.0,1.0,0.0,1
embedding-data/deberta-sentence-transformer,C_lex_sem_strong,82,68d8248a643f,"analyze jobs using observation, survey, or interview techniques",3999,929aa650de1b,10,0.6600563693046569,0.5778440833091736,3.2797913551330566,0.0,0.8888888955116272,0.0,1
embedding-data/deberta-sentence-transformer,C_lex_sem_strong,83,4ffdd533affb,plan facility layouts or designs,3635,d576be9a21f8,1,1.4938609600067139,0.8280717134475708,0.8605195879936218,0.20000000298023224,0.5,1.0,0
embedding-data/deberta-sentence-transformer,C_lex_sem_strong,83,4ffdd533affb,plan facility layouts or designs,3766,94c75e9264bf,2,1.1109963655471802,0.7710175514221191,0.18603236973285675,0.0,0.8571428656578064,0.5284530520439148,0
embedding-data/deberta-sentence-transformer,C_lex_sem_strong,83,4ffdd533affb,plan facility layouts or designs,4720,c544867c514b,3,1.2440123128890992,0.8514193892478943,1.1365329027175903,0.125,0.8571428656578064,0.47084492444992065,1
embedding-data/deberta-sentence-transformer,C_lex_sem_strong,83,4ffdd533affb,plan facility layouts or designs,4771,1e1ed8101e5b,4,1.3598288297653198,0.8424793481826782,1.030844807624817,0.1666666716337204,0.8333333134651184,0.7529352307319641,0
embedding-data/deberta-sentence-transformer,C_lex_sem_strong,83,4ffdd533affb,plan facility layouts or designs,4828,0207b591a5d5,5,1.4528253078460693,0.7797945737838745,0.2897932231426239,0.20000000298023224,0.5,1.0,0
embedding-data/deberta-sentence-transformer,C_lex_sem_strong,83,4ffdd533affb,plan facility layouts or designs,2686,2e522a60ddc9,6,1.3639987707138062,0.7795990705490112,0.28748202323913574,0.1666666716337204,0.6666666865348816,0.8590565323829651,0
embedding-data/deberta-sentence-transformer,C_lex_sem_strong,83,4ffdd533affb,plan facility layouts or designs,1371,5fc25157650d,7,1.395540714263916,0.7754973769187927,0.23899230360984802,0.25,0.3333333432674408,0.9329066276550293,0
embedding-data/deberta-sentence-transformer,C_lex_sem_strong,83,4ffdd533affb,plan facility layouts or designs,2215,9a2f8f73fd58,8,1.2876150608062744,0.8454850912094116,1.0663783550262451,0.1666666716337204,0.6666666865348816,0.66993248462677,0
embedding-data/deberta-sentence-transformer,C_lex_sem_strong,83,4ffdd533affb,plan facility layouts or designs,1162,6e30b56f66e2,9,1.3552693128585815,0.8463255167007446,1.0763137340545654,0.20000000298023224,0.5,0.7798467874526978,0
embedding-data/deberta-sentence-transformer,C_lex_sem_strong,83,4ffdd533affb,plan facility layouts or designs,4129,c0c66eb294df,10,1.3434853553771973,0.8324620127677917,0.9124211668968201,0.20000000298023224,0.5,0.7798467874526978,0
embedding-data/deberta-sentence-transformer,C_lex_sem_strong,84,c6940290ea74,develop technical specifications for systems or equipment,2641,414d1ab8da6a,1,1.3377095460891724,0.6578096151351929,0.7582134008407593,0.1428571492433548,0.5,1.0,0
embedding-data/deberta-sentence-transformer,C_lex_sem_strong,84,c6940290ea74,develop technical specifications for systems or equipment,140,1b6f29f96686,2,1.0157259273529053,0.7927994728088379,2.286787748336792,0.0,0.800000011920929,0.25978055596351624,1
embedding-data/deberta-sentence-transformer,C_lex_sem_strong,84,c6940290ea74,develop technical specifications for systems or equipment,4450,58319ec211bf,3,1.1911081075668335,0.6789628267288208,0.9977444410324097,0.1111111119389534,0.875,0.720382034778595,0
embedding-data/deberta-sentence-transformer,C_lex_sem_strong,84,c6940290ea74,develop technical specifications for systems or equipment,2319,defa44749398,4,1.140411615371704,0.7716195583343506,2.046954393386841,0.1111111119389534,0.875,0.5354467630386353,0
embedding-data/deberta-sentence-transformer,C_lex_sem_strong,84,c6940290ea74,develop technical specifications for systems or equipment,2337,421e3510a425,5,1.1299816370010376,0.7255716919898987,1.525525689125061,0.1111111119389534,0.75,0.5943191051483154,0
embedding-data/deberta-sentence-transformer,C_lex_sem_strong,84,c6940290ea74,develop technical specifications for systems or equipment,3766,94c75e9264bf,6,1.1439133882522583,0.7679120898246765,2.004972457885742,0.0,0.875,0.5766972899436951,0
embedding-data/deberta-sentence-transformer,C_lex_sem_strong,84,c6940290ea74,develop technical specifications for systems or equipment,3592,fd4ea4fecf63,7,1.2579219341278076,0.7600653767585754,1.9161192178726196,0.1428571492433548,0.5,0.7618498802185059,0
embedding-data/deberta-sentence-transformer,C_lex_sem_strong,84,c6940290ea74,develop technical specifications for systems or equipment,1694,d6c8c0983834,8,1.194819450378418,0.5749441981315613,-0.18012341856956482,0.0,0.375,0.9551669359207153,0
embedding-data/deberta-sentence-transformer,C_lex_sem_strong,84,c6940290ea74,develop technical specifications for systems or equipment,3344,73655dd507f9,9,1.0167690515518188,0.7765918374061584,2.1032586097717285,0.0,0.625,0.42023709416389465,0
embedding-data/deberta-sentence-transformer,C_lex_sem_strong,84,c6940290ea74,develop technical specifications for systems or equipment,4309,e1cc24239d78,10,1.033341543674469,0.7853782176971436,2.2027523517608643,0.0,0.8888888955116272,0.28125882148742676,1
embedding-data/deberta-sentence-transformer,C_lex_sem_strong,85,e9ceea91a9c3,analyze logistics processes,4845,537673b823b1,1,1.724736409187317,0.9643957614898682,0.9861080050468445,0.25,0.75,1.0,1
embedding-data/deberta-sentence-transformer,C_lex_sem_strong,85,e9ceea91a9c3,analyze logistics processes,3707,ae14f32b277d,2,0.9865270853042603,0.6811318397521973,-1.262132167816162,0.1428571492433548,0.5,0.4699907898902893,0
embedding-data/deberta-sentence-transformer,C_lex_sem_strong,85,e9ceea91a9c3,analyze logistics processes,1452,41db1b32b4b9,3,1.211958885192871,0.7541661858558655,-0.682465136051178,0.20000000298023224,0.800000011920929,0.6441680192947388,0
embedding-data/deberta-sentence-transformer,C_lex_sem_strong,85,e9ceea91a9c3,analyze logistics processes,4092,13573f8171ba,4,1.2977027463912965,0.8289299011230469,-0.08907229453325272,0.1666666716337204,0.5714285969734192,0.6037659645080566,1
embedding-data/deberta-sentence-transformer,C_lex_sem_strong,85,e9ceea91a9c3,analyze logistics processes,2384,9f0afa80bca1,5,1.1715354919433594,0.8520447015762329,0.09438778460025787,0.1428571492433548,0.5714285969734192,0.5165473818778992,0
embedding-data/deberta-sentence-transformer,C_lex_sem_strong,85,e9ceea91a9c3,analyze logistics processes,78,cefdec315735,6,1.5182210969924927,0.9220582246780396,0.6500787734985352,0.20000000298023224,1.0,0.7349593043327332,1
embedding-data/deberta-sentence-transformer,C_lex_sem_strong,85,e9ceea91a9c3,analyze logistics processes,4841,e1b150754821,7,1.5874104070663453,0.8894950747489929,0.3916279971599579,0.25,1.0,0.8590565323829651,1
embedding-data/deberta-sentence-transformer,C_lex_sem_strong,85,e9ceea91a9c3,analyze logistics processes,3227,7165fea5801a,8,1.693619327545166,0.9277874231338501,0.6955509185791016,0.25,0.75,1.0,1
embedding-data/deberta-sentence-transformer,C_lex_sem_strong,85,e9ceea91a9c3,analyze logistics processes,3814,55c7fc3d9a9c,9,1.0323903560638428,0.8101693391799927,-0.2379731833934784,0.125,0.4000000059604645,0.3982093334197998,0
embedding-data/deberta-sentence-transformer,C_lex_sem_strong,85,e9ceea91a9c3,analyze logistics processes,2515,d7bcb433bafc,10,1.6044312286376954,0.941825270652771,0.8069680333137512,0.25,0.75,0.8555424213409424,1
embedding-data/deberta-sentence-transformer,C_lex_sem_strong,86,19ea31d71f7c,maintain data in information systems or databases,5284,44e862edbe4f,1,1.1388370990753174,0.36333781480789185,-0.07473460584878922,0.4000000059604645,0.5,1.0,0
embedding-data/deberta-sentence-transformer,C_lex_sem_strong,86,19ea31d71f7c,maintain data in information systems or databases,1337,284a65d8619b,2,1.017185823917389,0.7641439437866211,3.5293619632720947,0.0,0.6666666865348816,0.3157097101211548,1
embedding-data/deberta-sentence-transformer,C_lex_sem_strong,86,19ea31d71f7c,maintain data in information systems or databases,1873,0084fa936ea8,3,0.979173481464386,0.3134482502937317,-0.5233474969863892,0.2857142984867096,0.625,0.8472851514816284,0
embedding-data/deberta-sentence-transformer,C_lex_sem_strong,86,19ea31d71f7c,maintain data in information systems or databases,1334,51d17dc5df8a,4,1.0636998414993286,0.6585025787353516,2.5794219970703125,0.10000000149011612,1.0,0.5485324263572693,0
embedding-data/deberta-sentence-transformer,C_lex_sem_strong,86,19ea31d71f7c,maintain data in information systems or databases,1443,3d9cb8ab1a44,5,0.9431034922599792,0.7717568278312683,3.597817897796631,0.125,0.75,0.2673003077507019,0
embedding-data/deberta-sentence-transformer,C_lex_sem_strong,86,19ea31d71f7c,maintain data in information systems or databases,2728,b12a99169d3e,6,1.0018688440322876,0.7166466116905212,3.102260112762451,0.09090909361839294,0.6153846383094788,0.4471413791179657,0
embedding-data/deberta-sentence-transformer,C_lex_sem_strong,86,19ea31d71f7c,maintain data in information systems or databases,3038,8a8d5a00aa0e,7,0.8250876235961914,0.7618750333786011,3.5089595317840576,0.0,0.29629629850387573,0.09694886207580566,1
embedding-data/deberta-sentence-transformer,C_lex_sem_strong,86,19ea31d71f7c,maintain data in information systems or databases,3766,94c75e9264bf,8,0.9851733446121216,0.6673158407211304,2.6586720943450928,0.0,0.875,0.472078412771225,0
embedding-data/deberta-sentence-transformer,C_lex_sem_strong,86,19ea31d71f7c,maintain data in information systems or databases,3925,35c1bebe9ccc,9,0.877515435218811,0.5838280916213989,1.9079402685165405,0.1111111119389534,0.75,0.4057704508304596,0
embedding-data/deberta-sentence-transformer,C_lex_sem_strong,86,19ea31d71f7c,maintain data in information systems or databases,4449,4a4024b6d82b,10,0.825372040271759,0.6436170339584351,2.4455695152282715,0.1111111119389534,0.875,0.2408219426870346,0
embedding-data/deberta-sentence-transformer,C_lex_sem_strong,87,bd28ef3a0af3,establish organizational guidelines or policies,1310,dee03d615f1d,1,1.4401017427444458,0.8691319227218628,2.5035488605499268,0.1666666716337204,0.6666666865348816,0.8590565323829651,0
embedding-data/deberta-sentence-transformer,C_lex_sem_strong,87,bd28ef3a0af3,establish organizational guidelines or policies,2623,5b9cd334c378,2,0.8323988318443298,0.5891082286834717,-1.1246960163116455,0.0,0.5454545617103577,0.39587342739105225,0
embedding-data/deberta-sentence-transformer,C_lex_sem_strong,87,bd28ef3a0af3,establish organizational guidelines or policies,140,1b6f29f96686,3,0.9128203392028809,0.6911356449127197,0.19726517796516418,0.09090909361839294,0.6000000238418579,0.3531046509742737,0
embedding-data/deberta-sentence-transformer,C_lex_sem_strong,87,bd28ef3a0af3,establish organizational guidelines or policies,2728,b12a99169d3e,4,0.8509356379508972,0.6612997651100159,-0.18931597471237183,0.0,0.4615384638309479,0.3466814458370209,0
embedding-data/deberta-sentence-transformer,C_lex_sem_strong,87,bd28ef3a0af3,establish organizational guidelines or policies,4426,b25b2aa78ecd,5,1.2197086811065674,0.7318024635314941,0.7241819500923157,0.1428571492433548,1.0,0.6701500415802002,0
embedding-data/deberta-sentence-transformer,C_lex_sem_strong,87,bd28ef3a0af3,establish organizational guidelines or policies,2114,f93bec28cb76,6,1.1200066804885864,0.5870133638381958,-1.151839017868042,0.20000000298023224,0.5,0.7586362361907959,0
embedding-data/deberta-sentence-transformer,C_lex_sem_strong,87,bd28ef3a0af3,establish organizational guidelines or policies,4306,01c767aac2ad,7,0.9187866449356079,0.6344962120056152,-0.5366075038909912,0.1111111119389534,0.5454545617103577,0.4324246048927307,0
embedding-data/deberta-sentence-transformer,C_lex_sem_strong,87,bd28ef3a0af3,establish organizational guidelines or policies,1712,0d23c5fd52ea,8,0.9489530920982361,0.7585535645484924,1.070793867111206,0.10000000149011612,0.5454545617103577,0.32805296778678894,0
embedding-data/deberta-sentence-transformer,C_lex_sem_strong,87,bd28ef3a0af3,establish organizational guidelines or policies,3766,94c75e9264bf,9,1.1673729419708252,0.8173484206199646,1.8325941562652588,0.0,0.8571428656578064,0.5527319312095642,0
embedding-data/deberta-sentence-transformer,C_lex_sem_strong,87,bd28ef3a0af3,establish organizational guidelines or policies,5081,0ddf1bae68b2,10,1.4322023391723633,0.7555323243141174,1.0316479206085205,0.20000000298023224,0.5,1.0,0
embedding-data/deberta-sentence-transformer,C_lex_sem_strong,88,d1809a4492b8,estimate costs of goods or services,3702,f492b215b3fe,1,1.269052267074585,0.5719942450523376,1.0685150623321533,0.20000000298023224,0.4285714328289032,1.0,0
embedding-data/deberta-sentence-transformer,C_lex_sem_strong,88,d1809a4492b8,estimate costs of goods or services,3705,7e3f91e1936e,2,0.83593763589859,0.6712749004364014,2.164778470993042,0.0,0.6363636255264282,0.17388221621513367,1
embedding-data/deberta-sentence-transformer,C_lex_sem_strong,88,d1809a4492b8,estimate costs of goods or services,2728,b12a99169d3e,3,0.8441247940063477,0.5484395623207092,0.8084228038787842,0.0,0.5384615659713745,0.4630070924758911,0
embedding-data/deberta-sentence-transformer,C_lex_sem_strong,88,d1809a4492b8,estimate costs of goods or services,3353,48515a626c44,4,0.9290713834762573,0.6655398607254028,2.101451873779297,0.0,0.7142857313156128,0.3027627170085907,1
embedding-data/deberta-sentence-transformer,C_lex_sem_strong,88,d1809a4492b8,estimate costs of goods or services,5101,0ab6c77c51b9,5,1.0359943079948426,0.8398417234420776,4.026103973388672,0.0,0.875,0.22089840471744537,1
embedding-data/deberta-sentence-transformer,C_lex_sem_strong,88,d1809a4492b8,estimate costs of goods or services,3845,5bcb52a0b91e,6,0.9794498252868652,0.7733187675476074,3.291553497314453,0.0,0.875,0.22089840471744537,1
embedding-data/deberta-sentence-transformer,C_lex_sem_strong,88,d1809a4492b8,estimate costs of goods or services,4675,cf7cdcfe72d7,7,0.790883481502533,0.6076911091804504,1.4626821279525757,0.0,0.8571428656578064,0.26947396993637085,0
embedding-data/deberta-sentence-transformer,C_lex_sem_strong,88,d1809a4492b8,estimate costs of goods or services,3766,94c75e9264bf,8,1.0077214241027832,0.6599182486534119,2.0393776893615723,0.0,1.0,0.4954155683517456,0
embedding-data/deberta-sentence-transformer,C_lex_sem_strong,88,d1809a4492b8,estimate costs of goods or services,2623,5b9cd334c378,9,1.0122246313095093,0.7296615839004517,2.80948805809021,0.0,0.6363636255264282,0.35482272505760193,1
embedding-data/deberta-sentence-transformer,C_lex_sem_strong,88,d1809a4492b8,estimate costs of goods or services,548,0586134e1b27,10,0.7748311161994934,0.5939822196960449,1.3113077878952026,0.0,1.0,0.24278026819229126,0
embedding-data/deberta-sentence-transformer,C_lex_sem_strong,89,b03b706832f2,"assess the cost effectiveness of products, projects, or services",2300,754666b07e71,1,1.2203975915908813,0.5333446264266968,2.1223692893981934,0.07692307978868484,0.7142857313156128,0.9717735648155212,0
embedding-data/deberta-sentence-transformer,C_lex_sem_strong,89,b03b706832f2,"assess the cost effectiveness of products, projects, or services",2179,ae365297905a,2,0.8876811265945435,0.2905052900314331,-0.7025782465934753,0.1428571492433548,0.30000001192092896,0.8316859006881714,0
embedding-data/deberta-sentence-transformer,C_lex_sem_strong,89,b03b706832f2,"assess the cost effectiveness of products, projects, or services",3881,9d47012eb2ca,3,1.0167484283447266,0.5534440279006958,2.3561854362487793,0.125,0.4000000059604645,0.6876015663146973,0
embedding-data/deberta-sentence-transformer,C_lex_sem_strong,89,b03b706832f2,"assess the cost effectiveness of products, projects, or services",548,0586134e1b27,4,0.9386728572845459,0.6924978494644165,3.973797082901001,0.0,0.699999988079071,0.2857852578163147,1
embedding-data/deberta-sentence-transformer,C_lex_sem_strong,89,b03b706832f2,"assess the cost effectiveness of products, projects, or services",2623,5b9cd334c378,5,1.1149632501602174,0.7666847705841064,4.836812973022461,0.0,0.9090909361839294,0.4176744222640991,1
embedding-data/deberta-sentence-transformer,C_lex_sem_strong,89,b03b706832f2,"assess the cost effectiveness of products, projects, or services",2446,a18b251c5cc8,6,1.1850606203079224,0.5969136953353882,2.861867666244507,0.125,0.4000000059604645,0.875262975692749,0
embedding-data/deberta-sentence-transformer,C_lex_sem_strong,89,b03b706832f2,"assess the cost effectiveness of products, projects, or services",1337,284a65d8619b,7,1.0264638662338257,0.6116259694099426,3.033015489578247,0.0,0.8333333134651184,0.6046406626701355,0
embedding-data/deberta-sentence-transformer,C_lex_sem_strong,89,b03b706832f2,"assess the cost effectiveness of products, projects, or services",2973,b3e3e74956d8,8,0.9546878504753112,0.7076421976089478,4.149971008300781,0.0,1.0,0.2474171221256256,1
embedding-data/deberta-sentence-transformer,C_lex_sem_strong,89,b03b706832f2,"assess the cost effectiveness of products, projects, or services",2728,b12a99169d3e,9,0.9768080115318298,0.6098464727401733,3.012314558029175,0.0,0.7692307829856873,0.5450220704078674,0
embedding-data/deberta-sentence-transformer,C_lex_sem_strong,89,b03b706832f2,"assess the cost effectiveness of products, projects, or services",5101,0ab6c77c51b9,10,1.1413032579421998,0.6998499035835266,4.059323310852051,0.0,0.800000011920929,0.5520440340042114,1
embedding-data/deberta-sentence-transformer,C_lex_sem_strong,90,2e4769a8f723,apply mathematical models of financial or business conditions,5038,d81a55777dc2,1,1.3528492450714111,0.6485435366630554,0.711742639541626,0.2857142984867096,0.4444444477558136,1.0,0
embedding-data/deberta-sentence-transformer,C_lex_sem_strong,90,2e4769a8f723,apply mathematical models of financial or business conditions,151,1ac23fe60e17,2,1.0781932640075684,0.7673933506011963,1.9069792032241821,0.0625,0.40909090638160706,0.4178568720817566,1
embedding-data/deberta-sentence-transformer,C_lex_sem_strong,90,2e4769a8f723,apply mathematical models of financial or business conditions,4104,530aa5cc0969,3,1.0856496858596802,0.6520295739173889,0.7468006610870361,0.0833333358168602,0.8181818127632141,0.5041995644569397,1
embedding-data/deberta-sentence-transformer,C_lex_sem_strong,90,2e4769a8f723,apply mathematical models of financial or business conditions,2088,ec09f4cecbe4,4,1.1755111980438233,0.7499198913574219,1.7312538623809814,0.1111111119389534,0.8888888955116272,0.4956687092781067,1
embedding-data/deberta-sentence-transformer,C_lex_sem_strong,90,2e4769a8f723,apply mathematical models of financial or business conditions,2728,b12a99169d3e,5,1.1356639432907105,0.7825247049331665,2.0591506958007812,0.0,0.692307710647583,0.4589817225933075,1
embedding-data/deberta-sentence-transformer,C_lex_sem_strong,90,2e4769a8f723,apply mathematical models of financial or business conditions,502,aa10612f6849,6,0.9859442114830017,0.7773891687393188,2.0075039863586426,0.1111111119389534,0.6666666865348816,0.3375350832939148,0
embedding-data/deberta-sentence-transformer,C_lex_sem_strong,90,2e4769a8f723,apply mathematical models of financial or business conditions,437,3170a26b09e0,7,1.1763102579116822,0.8322811126708984,2.5595357418060303,0.09090909361839294,1.0,0.3866993188858032,1
embedding-data/deberta-sentence-transformer,C_lex_sem_strong,90,2e4769a8f723,apply mathematical models of financial or business conditions,4983,98b7e7188c21,8,1.0486153364181519,0.6803520917892456,1.031631588935852,0.10000000149011612,1.0,0.5004515051841736,0
embedding-data/deberta-sentence-transformer,C_lex_sem_strong,90,2e4769a8f723,apply mathematical models of financial or business conditions,1335,c04c02182a7a,9,1.0544337797164918,0.749340295791626,1.7254250049591064,0.10000000149011612,0.8888888955116272,0.3265794515609741,1
embedding-data/deberta-sentence-transformer,C_lex_sem_strong,90,2e4769a8f723,apply mathematical models of financial or business conditions,4676,54c6ed2210a9,10,0.9865222144126892,0.6773611903190613,1.0015530586242676,0.0833333358168602,0.8181818127632141,0.3318290710449219,1
embedding-data/deberta-sentence-transformer,C_lex_sem_strong,91,b1f99c3dcd62,develop business or financial information systems,4145,7915162f0c8c,1,1.2406363487243652,0.49038442969322205,0.08854755759239197,0.3333333432674408,0.5714285969734192,1.0,0
embedding-data/deberta-sentence-transformer,C_lex_sem_strong,91,b1f99c3dcd62,develop business or financial information systems,688,675b456b5403,2,0.9305881857872009,0.7627588510513306,3.1933341026306152,0.0714285746216774,0.4117647111415863,0.3239727020263672,0
embedding-data/deberta-sentence-transformer,C_lex_sem_strong,91,b1f99c3dcd62,develop business or financial information systems,1873,0084fa936ea8,3,1.2044275999069214,0.47839927673339844,-0.04807078093290329,0.2857142984867096,0.7142857313156128,0.9560241103172302,0
embedding-data/deberta-sentence-transformer,C_lex_sem_strong,91,b1f99c3dcd62,develop business or financial information systems,2623,5b9cd334c378,4,1.0292860436439515,0.7277638912200928,2.7944276332855225,0.0,0.6363636255264282,0.3815005421638489,1
embedding-data/deberta-sentence-transformer,C_lex_sem_strong,91,b1f99c3dcd62,develop business or financial information systems,3592,fd4ea4fecf63,5,1.1307830810546875,0.6499918699264526,1.9079071283340454,0.1428571492433548,0.5714285969734192,0.7036794424057007,0
embedding-data/deberta-sentence-transformer,C_lex_sem_strong,91,b1f99c3dcd62,develop business or financial information systems,4359,c6bf4f94d21e,6,0.9371854662895203,0.615253746509552,1.5119285583496094,0.1428571492433548,0.5714285969734192,0.4692935645580292,0
embedding-data/deberta-sentence-transformer,C_lex_sem_strong,91,b1f99c3dcd62,develop business or financial information systems,3925,35c1bebe9ccc,7,0.9634160995483398,0.6293967962265015,1.6731446981430054,0.1111111119389534,0.8571428656578064,0.4578462243080139,0
embedding-data/deberta-sentence-transformer,C_lex_sem_strong,91,b1f99c3dcd62,develop business or financial information systems,502,aa10612f6849,8,1.0276601314544678,0.7772690653800964,3.3587355613708496,0.125,0.8571428656578064,0.3660959005355835,0
embedding-data/deberta-sentence-transformer,C_lex_sem_strong,91,b1f99c3dcd62,develop business or financial information systems,3766,94c75e9264bf,9,1.0740382671356201,0.7072628736495972,2.560737371444702,0.0,1.0,0.5326640605926514,0
embedding-data/deberta-sentence-transformer,C_lex_sem_strong,91,b1f99c3dcd62,develop business or financial information systems,4420,6bc76a3eb886,10,0.9584324359893799,0.6462342739105225,1.8650745153427124,0.1428571492433548,0.7142857313156128,0.44161903858184814,0
embedding-data/deberta-sentence-transformer,C_lex_sem_strong,92,3f67b920ee49,evaluate logistics methods to reduce environmental impact,2999,a4a640d71221,1,1.5055969953536987,0.8217108249664307,1.0586326122283936,0.2857142984867096,0.5,1.0,0
embedding-data/deberta-sentence-transformer,C_lex_sem_strong,92,3f67b920ee49,evaluate logistics methods to reduce environmental impact,4507,4308d262ba90,2,1.0907641649246216,0.7857946157455444,0.7077059149742126,0.10000000149011612,0.75,0.46834105253219604,0
embedding-data/deberta-sentence-transformer,C_lex_sem_strong,92,3f67b920ee49,evaluate logistics methods to reduce environmental impact,1554,ba67eebc2f04,3,0.9963746237754821,0.8049674034118652,0.8950375914573669,0.0,0.75,0.224503293633461,1
embedding-data/deberta-sentence-transformer,C_lex_sem_strong,92,3f67b920ee49,evaluate logistics methods to reduce environmental impact,2626,d7c46c558d85,4,1.337012529373169,0.8433769345283508,1.2703258991241455,0.1111111119389534,0.75,0.7470283508300781,0
embedding-data/deberta-sentence-transformer,C_lex_sem_strong,92,3f67b920ee49,evaluate logistics methods to reduce environmental impact,181,6e0262463c46,5,1.028645055294037,0.8724508285522461,1.5543984174728394,0.0,0.8888888955116272,0.16881850361824036,1
embedding-data/deberta-sentence-transformer,C_lex_sem_strong,92,3f67b920ee49,evaluate logistics methods to reduce environmental impact,3588,a6818b8d1354,6,1.137396173477173,0.8899519443511963,1.7253966331481934,0.0833333358168602,0.7272727489471436,0.30220428109169006,1
embedding-data/deberta-sentence-transformer,C_lex_sem_strong,92,3f67b920ee49,evaluate logistics methods to reduce environmental impact,3666,789a184d765c,7,1.014484362602234,0.8181395530700684,1.0237388610839844,0.0,0.625,0.2522367238998413,1
embedding-data/deberta-sentence-transformer,C_lex_sem_strong,92,3f67b920ee49,evaluate logistics methods to reduce environmental impact,1577,30283b9c2649,8,1.0014514923095703,0.70793217420578,-0.053065259009599686,0.125,0.5,0.46387019753456116,0
embedding-data/deberta-sentence-transformer,C_lex_sem_strong,92,3f67b920ee49,evaluate logistics methods to reduce environmental impact,1629,a9ac5a6cc3cb,9,1.116102933883667,0.712470293045044,-0.008724628016352654,0.1666666716337204,0.25,0.6459570527076721,0
embedding-data/deberta-sentence-transformer,C_lex_sem_strong,92,3f67b920ee49,evaluate logistics methods to reduce environmental impact,4092,13573f8171ba,10,1.0903983116149902,0.8181741833686829,1.0240771770477295,0.1111111119389534,0.875,0.4074685275554657,0
embedding-data/deberta-sentence-transformer,C_lex_sem_strong,93,4b8b2b6692c3,develop business or market strategies,2189,114fb0d53fa1,1,1.5166469812393188,0.7842904925346375,0.7748099565505981,0.5,0.5,1.0,0
embedding-data/deberta-sentence-transformer,C_lex_sem_strong,93,4b8b2b6692c3,develop business or market strategies,3766,94c75e9264bf,2,1.182402687072754,0.8447964787483215,1.4759235382080078,0.0,0.8571428656578064,0.4265875518321991,1
embedding-data/deberta-sentence-transformer,C_lex_sem_strong,93,4b8b2b6692c3,develop business or market strategies,2319,defa44749398,3,1.1926500368118287,0.8525691628456116,1.5659894943237305,0.125,0.8571428656578064,0.39607420563697815,1
embedding-data/deberta-sentence-transformer,C_lex_sem_strong,93,4b8b2b6692c3,develop business or market strategies,3592,fd4ea4fecf63,4,1.200831651687622,0.830998957157135,1.316044569015503,0.1666666716337204,0.6666666865348816,0.5635464191436768,0
embedding-data/deberta-sentence-transformer,C_lex_sem_strong,93,4b8b2b6692c3,develop business or market strategies,751,2a63b9d3beeb,5,1.1432203817367554,0.9030622243881226,2.151078224182129,0.125,0.8571428656578064,0.2641473710536957,1
embedding-data/deberta-sentence-transformer,C_lex_sem_strong,93,4b8b2b6692c3,develop business or market strategies,4584,e5e5aa4d50fb,6,1.1630295085906983,0.881441056728363,1.9005427360534668,0.1428571492433548,1.0,0.2931903600692749,1
embedding-data/deberta-sentence-transformer,C_lex_sem_strong,93,4b8b2b6692c3,develop business or market strategies,2337,421e3510a425,7,1.0914849042892456,0.7749989032745361,0.6671436429023743,0.125,1.0,0.43962255120277405,0
embedding-data/deberta-sentence-transformer,C_lex_sem_strong,93,4b8b2b6692c3,develop business or market strategies,2976,333e029b0118,8,1.1536351013183594,0.8888964653015137,1.986932396888733,0.10000000149011612,0.6666666865348816,0.33058056235313416,1
embedding-data/deberta-sentence-transformer,C_lex_sem_strong,93,4b8b2b6692c3,develop business or market strategies,3748,34fad830f97b,9,1.1760610342025757,0.870298445224762,1.7714276313781738,0.1428571492433548,1.0,0.43962255120277405,0
embedding-data/deberta-sentence-transformer,C_lex_sem_strong,93,4b8b2b6692c3,develop business or market strategies,4575,22371842c319,10,1.2138658332824708,0.9067999124526978,2.1943886280059814,0.1666666716337204,0.6666666865348816,0.37583687901496887,1
embedding-data/deberta-sentence-transformer,C_lex_sem_strong,94,832ecabbf00a,develop sustainable business strategies or practices,127,975c4e764bff,1,1.5207971334457397,0.8211057186126709,0.660068690776825,0.4000000059604645,0.4285714328289032,1.0,0
embedding-data/deberta-sentence-transformer,C_lex_sem_strong,94,832ecabbf00a,develop sustainable business strategies or practices,3586,f77f2bcecc27,2,1.1454617547988892,0.8603430986404419,1.0644991397857666,0.09090909361839294,0.875,0.3264118432998657,1
embedding-data/deberta-sentence-transformer,C_lex_sem_strong,94,832ecabbf00a,develop sustainable business strategies or practices,3766,94c75e9264bf,3,1.1673597860336304,0.8434016704559326,0.8898791670799255,0.0,1.0,0.3863832950592041,1
embedding-data/deberta-sentence-transformer,C_lex_sem_strong,94,832ecabbf00a,develop sustainable business strategies or practices,3592,fd4ea4fecf63,4,1.251810030937195,0.8574020266532898,1.0341846942901611,0.1428571492433548,0.5714285969734192,0.5104342699050903,1
embedding-data/deberta-sentence-transformer,C_lex_sem_strong,94,832ecabbf00a,develop sustainable business strategies or practices,2976,333e029b0118,5,1.1200279760360718,0.8640837669372559,1.1030552387237549,0.09090909361839294,0.7777777910232544,0.29942458868026733,1
embedding-data/deberta-sentence-transformer,C_lex_sem_strong,94,832ecabbf00a,develop sustainable business strategies or practices,4875,65b169807624,6,1.2259095478057862,0.8561283946037292,1.0210570096969604,0.1428571492433548,0.7142857313156128,0.4545719027519226,1
embedding-data/deberta-sentence-transformer,C_lex_sem_strong,94,832ecabbf00a,develop sustainable business strategies or practices,4584,e5e5aa4d50fb,7,1.1477075386047364,0.9071793556213379,1.5472532510757446,0.125,0.8571428656578064,0.26555827260017395,1
embedding-data/deberta-sentence-transformer,C_lex_sem_strong,94,832ecabbf00a,develop sustainable business strategies or practices,2189,114fb0d53fa1,8,1.4393051862716675,0.8028475046157837,0.47187626361846924,0.4000000059604645,0.4285714328289032,0.9057537913322449,0
embedding-data/deberta-sentence-transformer,C_lex_sem_strong,94,832ecabbf00a,develop sustainable business strategies or practices,2417,470181123b08,9,1.2421135473251343,0.8793936967849731,1.2608588933944702,0.125,0.7142857313156128,0.4545719027519226,1
embedding-data/deberta-sentence-transformer,C_lex_sem_strong,94,832ecabbf00a,develop sustainable business strategies or practices,3748,34fad830f97b,10,1.248458104133606,0.9164833426475525,1.6431519985198975,0.125,0.8571428656578064,0.39818981289863586,1
embedding-data/deberta-sentence-transformer,C_lex_sem_strong,95,7c80e08ee743,prepare financial documents,2820,21f64da1e579,1,1.645594792366028,0.881091833114624,0.42383918166160583,0.3333333432674408,0.5,1.0,1
embedding-data/deberta-sentence-transformer,C_lex_sem_strong,95,7c80e08ee743,prepare financial documents,226,7e56613a2ebc,2,1.6372469234466553,0.8919114470481873,0.5135053992271423,0.4000000059604645,0.6666666865348816,0.932079017162323,1
embedding-data/deberta-sentence-transformer,C_lex_sem_strong,95,7c80e08ee743,prepare financial documents,4558,7b0342e1d11a,3,1.2837856578826905,0.8428323268890381,0.10676829516887665,0.1428571492433548,0.6666666865348816,0.560200035572052,1
embedding-data/deberta-sentence-transformer,C_lex_sem_strong,95,7c80e08ee743,prepare financial documents,2573,f5d5121e9328,4,1.3104409742355347,0.8902896642684937,0.50006502866745,0.20000000298023224,1.0,0.4767068326473236,1
embedding-data/deberta-sentence-transformer,C_lex_sem_strong,95,7c80e08ee743,prepare financial documents,1702,6b306e6c84b1,5,1.4914042520523072,0.904382586479187,0.6168583631515503,0.20000000298023224,1.0,0.7181130647659302,1
embedding-data/deberta-sentence-transformer,C_lex_sem_strong,95,7c80e08ee743,prepare financial documents,4590,5d45850c5baa,6,1.6071290540695191,0.9611487984657288,1.087301254272461,0.25,0.75,0.8359322547912598,1
embedding-data/deberta-sentence-transformer,C_lex_sem_strong,95,7c80e08ee743,prepare financial documents,4598,e3849dfc2aec,7,1.2845304775238038,0.8598067164421082,0.24744142591953278,0.20000000298023224,1.0,0.4767068326473236,1
embedding-data/deberta-sentence-transformer,C_lex_sem_strong,95,7c80e08ee743,prepare financial documents,4311,dad8075f10c2,8,1.1231664419174194,0.7992883324623108,-0.2540971338748932,0.1666666716337204,0.5714285969734192,0.5047074556350708,0
embedding-data/deberta-sentence-transformer,C_lex_sem_strong,95,7c80e08ee743,prepare financial documents,4310,506583358173,9,1.2557825613021851,0.8667917251586914,0.3053288161754608,0.1428571492433548,0.5714285969734192,0.5047074556350708,1
embedding-data/deberta-sentence-transformer,C_lex_sem_strong,95,7c80e08ee743,prepare financial documents,1168,097ea84a5976,10,1.2830359506607056,0.8112853765487671,-0.15467311441898346,0.25,0.75,0.5549190640449524,1
embedding-data/deberta-sentence-transformer,C_lex_sem_strong,96,1cbedefabffc,analyze environmental regulations to ensure organizational compliance,5276,24d301adf7f0,1,1.3633547592163087,0.8987493515014648,2.238234281539917,0.09090909361839294,1.0,0.5731942057609558,1
embedding-data/deberta-sentence-transformer,C_lex_sem_strong,96,1cbedefabffc,analyze environmental regulations to ensure organizational compliance,3401,ee6929dafa83,2,1.3347684144973755,0.6781588792800903,-0.09928125143051147,0.1666666716337204,0.25,1.0,0
embedding-data/deberta-sentence-transformer,C_lex_sem_strong,96,1cbedefabffc,analyze environmental regulations to ensure organizational compliance,2699,485d26352e99,3,1.2748247385025024,0.7992573380470276,1.1839542388916016,0.125,0.625,0.7256515026092529,0
embedding-data/deberta-sentence-transformer,C_lex_sem_strong,96,1cbedefabffc,analyze environmental regulations to ensure organizational compliance,2384,9f0afa80bca1,4,1.2128099966049195,0.877934455871582,2.0176665782928467,0.10000000149011612,0.875,0.39866524934768677,1
embedding-data/deberta-sentence-transformer,C_lex_sem_strong,96,1cbedefabffc,analyze environmental regulations to ensure organizational compliance,3707,ae14f32b277d,5,1.092054443359375,0.7507541179656982,0.6699836254119873,0.10000000149011612,1.0,0.3627334237098694,1
embedding-data/deberta-sentence-transformer,C_lex_sem_strong,96,1cbedefabffc,analyze environmental regulations to ensure organizational compliance,3589,959b1bc6a845,6,1.0554553437232972,0.8576003909111023,1.8021939992904663,0.06666667014360428,0.42105263471603394,0.2729378044605255,1
embedding-data/deberta-sentence-transformer,C_lex_sem_strong,96,1cbedefabffc,analyze environmental regulations to ensure organizational compliance,2999,a4a640d71221,7,1.179050326347351,0.8376914262771606,1.5912261009216309,0.125,0.5,0.5600181818008423,0
embedding-data/deberta-sentence-transformer,C_lex_sem_strong,96,1cbedefabffc,analyze environmental regulations to ensure organizational compliance,179,490e0bd0d96e,8,1.2962723541259766,0.8719285726547241,1.9540244340896606,0.09090909361839294,0.8888888955116272,0.5258033871650696,1
embedding-data/deberta-sentence-transformer,C_lex_sem_strong,96,1cbedefabffc,analyze environmental regulations to ensure organizational compliance,4305,c17b06904856,9,1.1118405628204346,0.9229623079299927,2.494810104370117,0.0,1.0,0.2104608118534088,1
embedding-data/deberta-sentence-transformer,C_lex_sem_strong,96,1cbedefabffc,analyze environmental regulations to ensure organizational compliance,3570,fd16133ef486,10,1.2417512702941895,0.8772012591362,2.009897232055664,0.0833333358168602,0.6153846383094788,0.48275020718574524,1
embedding-data/deberta-sentence-transformer,C_lex_sem_strong,97,48c561c86be0,create graphical representations of industrial production systems,4268,5ac20d595bff,1,1.3463506698608398,0.7341663241386414,0.589468777179718,0.1428571492433548,0.375,0.9374826550483704,0
embedding-data/deberta-sentence-transformer,C_lex_sem_strong,97,48c561c86be0,create graphical representations of industrial production systems,548,0586134e1b27,2,1.2902359533309937,0.6312655806541443,-0.8488758206367493,0.10000000149011612,0.875,0.8088003396987915,1
embedding-data/deberta-sentence-transformer,C_lex_sem_strong,97,48c561c86be0,create graphical representations of industrial production systems,3843,40611b9ae5eb,3,1.0440353322029114,0.7496064901351929,0.8052911162376404,0.0833333358168602,0.8888888955116272,0.31616321206092834,1
embedding-data/deberta-sentence-transformer,C_lex_sem_strong,97,48c561c86be0,create graphical representations of industrial production systems,4044,32a696162ad2,4,1.1772174406051636,0.8328266143798828,1.9685403108596802,0.10000000149011612,0.75,0.4204496443271637,1
embedding-data/deberta-sentence-transformer,C_lex_sem_strong,97,48c561c86be0,create graphical representations of industrial production systems,4420,6bc76a3eb886,5,1.1190822887420655,0.7812542915344238,1.2476634979248047,0.125,0.625,0.4107372462749481,1
embedding-data/deberta-sentence-transformer,C_lex_sem_strong,97,48c561c86be0,create graphical representations of industrial production systems,3909,9c124312bc5f,6,1.176135139465332,0.8008713722229004,1.5218706130981445,0.1111111119389534,0.625,0.47238877415657043,1
embedding-data/deberta-sentence-transformer,C_lex_sem_strong,97,48c561c86be0,create graphical representations of industrial production systems,2948,63c5028892f6,7,1.0424009561538696,0.7657222747802734,1.0305572748184204,0.1111111119389534,0.75,0.4204496443271637,0
embedding-data/deberta-sentence-transformer,C_lex_sem_strong,97,48c561c86be0,create graphical representations of industrial production systems,3799,f53b26701964,8,1.0692964792251587,0.7764188051223755,1.1800731420516968,0.10000000149011612,0.875,0.4312007427215576,0
embedding-data/deberta-sentence-transformer,C_lex_sem_strong,97,48c561c86be0,create graphical representations of industrial production systems,2512,5de07ec45ece,9,1.1410616636276245,0.7966434955596924,1.4627734422683716,0.125,0.625,0.5377352833747864,0
embedding-data/deberta-sentence-transformer,C_lex_sem_strong,97,48c561c86be0,create graphical representations of industrial production systems,3955,5ceeb0faa0fc,10,1.227145986557007,0.8576163053512573,2.3150501251220703,0.125,0.625,0.47238877415657043,1
embedding-data/deberta-sentence-transformer,C_lex_sem_strong,98,207462e43a8e,estimate technical or resource requirements for development or production projects,2873,443ab50a6351,1,1.3367919921875,0.6475628614425659,0.9073098301887512,0.25,0.3636363744735718,1.0,0
embedding-data/deberta-sentence-transformer,C_lex_sem_strong,98,207462e43a8e,estimate technical or resource requirements for development or production projects,1337,284a65d8619b,2,1.0906662511825562,0.6924020648002625,1.3837593793869019,0.0,0.9166666865348816,0.47208261489868164,1
embedding-data/deberta-sentence-transformer,C_lex_sem_strong,98,207462e43a8e,estimate technical or resource requirements for development or production projects,2300,754666b07e71,3,1.1872185039520264,0.8073675632476807,2.6053524017333984,0.0714285746216774,0.7857142686843872,0.46871286630630493,1
embedding-data/deberta-sentence-transformer,C_lex_sem_strong,98,207462e43a8e,estimate technical or resource requirements for development or production projects,2623,5b9cd334c378,4,0.9983541536331176,0.6999729871749878,1.4642059803009033,0.0,1.0,0.31911012530326843,1
embedding-data/deberta-sentence-transformer,C_lex_sem_strong,98,207462e43a8e,estimate technical or resource requirements for development or production projects,2728,b12a99169d3e,5,1.0368750858306885,0.7960468530654907,2.4850616455078125,0.0,0.8461538553237915,0.2794569134712219,1
embedding-data/deberta-sentence-transformer,C_lex_sem_strong,98,207462e43a8e,estimate technical or resource requirements for development or production projects,4306,01c767aac2ad,6,0.9753661322593689,0.7821651697158813,2.3375585079193115,0.0,1.0,0.1864653080701828,1
embedding-data/deberta-sentence-transformer,C_lex_sem_strong,98,207462e43a8e,estimate technical or resource requirements for development or production projects,3766,94c75e9264bf,7,1.1678119468688966,0.8379870653152466,2.9307072162628174,0.0,0.6363636255264282,0.44555240869522095,1
embedding-data/deberta-sentence-transformer,C_lex_sem_strong,98,207462e43a8e,estimate technical or resource requirements for development or production projects,4453,d9ea7797e0d6,8,1.123743371963501,0.852359414100647,3.0834240913391113,0.0833333358168602,0.9090909361839294,0.3023744225502014,1
embedding-data/deberta-sentence-transformer,C_lex_sem_strong,98,207462e43a8e,estimate technical or resource requirements for development or production projects,691,5a5622ca97ad,9,1.0259237456321717,0.8376429677009583,2.927051067352295,0.0,0.8181818127632141,0.21729864180088043,1
embedding-data/deberta-sentence-transformer,C_lex_sem_strong,98,207462e43a8e,estimate technical or resource requirements for development or production projects,2446,a18b251c5cc8,10,1.1108157634735107,0.687210738658905,1.3285976648330688,0.1111111119389534,0.3636363744735718,0.6687152981758118,0
embedding-data/deberta-sentence-transformer,C_lex_sem_strong,99,78b76b55f875,assess product or process usefulness,3303,8dee13915ca0,1,1.4514005184173584,0.871890664100647,1.6865923404693604,0.2857142984867096,0.75,0.8259292840957642,0
embedding-data/deberta-sentence-transformer,C_lex_sem_strong,99,78b76b55f875,assess product or process usefulness,4970,c31178fc73b6,2,1.2741453218460084,0.7280606627464294,-0.19255726039409637,0.1666666716337204,0.6666666865348816,0.67899090051651,1
embedding-data/deberta-sentence-transformer,C_lex_sem_strong,99,78b76b55f875,assess product or process usefulness,4061,d08315cf2b4b,3,1.1948840618133545,0.7126216888427734,-0.39426860213279724,0.20000000298023224,0.5,0.7130796313285828,0
embedding-data/deberta-sentence-transformer,C_lex_sem_strong,99,78b76b55f875,assess product or process usefulness,2518,00d4173079db,4,1.2877410650253296,0.8381733298301697,1.2460728883743286,0.1666666716337204,0.6666666865348816,0.67899090051651,0
embedding-data/deberta-sentence-transformer,C_lex_sem_strong,99,78b76b55f875,assess product or process usefulness,3766,94c75e9264bf,5,1.32342942237854,0.8647986650466919,1.5939348936080933,0.0,0.8571428656578064,0.6037659645080566,1
embedding-data/deberta-sentence-transformer,C_lex_sem_strong,99,78b76b55f875,assess product or process usefulness,4834,1d8e86f4a956,6,1.4381273984909058,0.8280075192451477,1.1132558584213257,0.1666666716337204,0.6666666865348816,0.9061728715896606,0
embedding-data/deberta-sentence-transformer,C_lex_sem_strong,99,78b76b55f875,assess product or process usefulness,3777,3707333d65ab,7,1.1492745876312256,0.7782797813415527,0.46355924010276794,0.1428571492433548,0.8333333134651184,0.5369027853012085,0
embedding-data/deberta-sentence-transformer,C_lex_sem_strong,99,78b76b55f875,assess product or process usefulness,4616,d3c7b924a0bc,8,1.3424370288848877,0.8225449323654175,1.0418866872787476,0.20000000298023224,0.5,0.7903913855552673,0
embedding-data/deberta-sentence-transformer,C_lex_sem_strong,99,78b76b55f875,assess product or process usefulness,1924,43b2f85042f0,9,1.2434152364730835,0.8407202363014221,1.279348373413086,0.1666666716337204,0.6666666865348816,0.6125757098197937,0
embedding-data/deberta-sentence-transformer,C_lex_sem_strong,99,78b76b55f875,assess product or process usefulness,78,cefdec315735,10,1.2870179414749146,0.8373227119445801,1.2349594831466675,0.1666666716337204,0.6666666865348816,0.67899090051651,0
embedding-data/deberta-sentence-transformer,C_lex_sem_strong,100,6002eddcd7d0,resolve operational performance problems,4058,74fe0528c27f,1,1.4842418003082276,0.8916137218475342,1.347535490989685,0.125,0.8333333134651184,0.768623948097229,1
embedding-data/deberta-sentence-transformer,C_lex_sem_strong,100,6002eddcd7d0,resolve operational performance problems,1315,a8d783c6d748,2,1.254810528755188,0.683364748954773,-0.7906345129013062,0.1428571492433548,0.8333333134651184,0.6886365413665771,1
embedding-data/deberta-sentence-transformer,C_lex_sem_strong,100,6002eddcd7d0,resolve operational performance problems,2978,c05f6c233521,3,1.4754116535186768,0.8063668012619019,0.4722735285758972,0.25,0.4000000059604645,1.0,0
embedding-data/deberta-sentence-transformer,C_lex_sem_strong,100,6002eddcd7d0,resolve operational performance problems,4306,01c767aac2ad,4,0.9862250089645386,0.7147069573402405,-0.4688323438167572,0.1111111119389534,0.4545454680919647,0.444353312253952,0
embedding-data/deberta-sentence-transformer,C_lex_sem_strong,100,6002eddcd7d0,resolve operational performance problems,3370,a7bdab21d08b,5,1.1337652206420898,0.664249062538147,-0.9869024157524109,0.1428571492433548,1.0,0.6294028759002686,0
embedding-data/deberta-sentence-transformer,C_lex_sem_strong,100,6002eddcd7d0,resolve operational performance problems,1207,cde3daee3654,6,1.4167395401000977,0.9030423760414124,1.4648778438568115,0.1428571492433548,1.0,0.6294028759002686,1
embedding-data/deberta-sentence-transformer,C_lex_sem_strong,100,6002eddcd7d0,resolve operational performance problems,4834,1d8e86f4a956,7,1.4736653566360474,0.873416543006897,1.1606982946395874,0.1666666716337204,0.800000011920929,0.8827541470527649,0
embedding-data/deberta-sentence-transformer,C_lex_sem_strong,100,6002eddcd7d0,resolve operational performance problems,4468,adccc776448d,8,1.1233867406845093,0.6270679831504822,-1.368654489517212,0.125,0.8333333134651184,0.6886365413665771,0
embedding-data/deberta-sentence-transformer,C_lex_sem_strong,100,6002eddcd7d0,resolve operational performance problems,3211,bf363c434df6,9,0.9473687410354614,0.6716080904006958,-0.9113445281982422,0.10000000149011612,0.4545454680919647,0.444353312253952,0
embedding-data/deberta-sentence-transformer,C_lex_sem_strong,100,6002eddcd7d0,resolve operational performance problems,3891,6579f5e89913,10,1.3519168663024903,0.9033786654472351,1.4683306217193604,0.1428571492433548,0.8333333134651184,0.560200035572052,1
embedding-data/deberta-sentence-transformer,C_lex_sem_strong,101,ae138f31c069,"purchase materials, equipment, or other resources",2641,414d1ab8da6a,1,1.3506286144256592,0.7003705501556396,2.250638484954834,0.1428571492433548,0.5714285969734192,0.9565705060958862,0
embedding-data/deberta-sentence-transformer,C_lex_sem_strong,101,ae138f31c069,"purchase materials, equipment, or other resources",1337,284a65d8619b,2,0.779096782207489,0.5441359877586365,-0.15405389666557312,0.0,0.5833333134651184,0.368925541639328,0
embedding-data/deberta-sentence-transformer,C_lex_sem_strong,101,ae138f31c069,"purchase materials, equipment, or other resources",3212,d8505c1983d9,3,0.8760596513748169,0.6367142796516418,1.2708696126937866,0.09090909361839294,0.6363636255264282,0.36147767305374146,0
embedding-data/deberta-sentence-transformer,C_lex_sem_strong,101,ae138f31c069,"purchase materials, equipment, or other resources",2623,5b9cd334c378,4,1.0128952431678773,0.6972812414169312,2.2030892372131348,0.0,0.6363636255264282,0.3950996696949005,1
embedding-data/deberta-sentence-transformer,C_lex_sem_strong,101,ae138f31c069,"purchase materials, equipment, or other resources",3766,94c75e9264bf,5,1.1630232334136963,0.7963141798973083,3.7273597717285156,0.0,1.0,0.5516515970230103,0
embedding-data/deberta-sentence-transformer,C_lex_sem_strong,101,ae138f31c069,"purchase materials, equipment, or other resources",3410,bfd722d7fa43,6,1.0737277269363403,0.6314319372177124,1.1895661354064941,0.125,0.7142857313156128,0.6294028759002686,0
embedding-data/deberta-sentence-transformer,C_lex_sem_strong,101,ae138f31c069,"purchase materials, equipment, or other resources",2003,af05ac064c3c,7,0.7463048267364502,0.6830476522445679,1.9840121269226074,0.0,0.8571428656578064,0.0,1
embedding-data/deberta-sentence-transformer,C_lex_sem_strong,101,ae138f31c069,"purchase materials, equipment, or other resources",989,4ec4f7a20f54,8,1.1886706352233887,0.7624571919441223,3.2062480449676514,0.1428571492433548,0.7142857313156128,0.6294028759002686,0
embedding-data/deberta-sentence-transformer,C_lex_sem_strong,101,ae138f31c069,"purchase materials, equipment, or other resources",3943,1eedfa96d1f9,9,0.9756408929824829,0.7139655351638794,2.459886312484741,0.07692307978868484,0.5833333134651184,0.4215032160282135,0
embedding-data/deberta-sentence-transformer,C_lex_sem_strong,101,ae138f31c069,"purchase materials, equipment, or other resources",5098,e3454a3aaa1c,10,1.1491249799728394,0.6596841216087341,1.6244111061096191,0.1428571492433548,0.5714285969734192,0.7181130647659302,0
embedding-data/deberta-sentence-transformer,C_lex_sem_strong,102,f2c8cd5b27ab,evaluate designs or specifications to ensure quality,4828,0207b591a5d5,1,1.3731423616409302,0.7085989117622375,0.7067809104919434,0.1666666716337204,0.375,1.0,0
embedding-data/deberta-sentence-transformer,C_lex_sem_strong,102,f2c8cd5b27ab,evaluate designs or specifications to ensure quality,2300,754666b07e71,2,1.0590485501289368,0.784264326095581,1.3842710256576538,0.0833333358168602,0.5714285969734192,0.34087759256362915,1
embedding-data/deberta-sentence-transformer,C_lex_sem_strong,102,f2c8cd5b27ab,evaluate designs or specifications to ensure quality,4507,4308d262ba90,3,1.2102409601211548,0.7817872762680054,1.362092137336731,0.1111111119389534,0.75,0.6407135128974915,0
embedding-data/deberta-sentence-transformer,C_lex_sem_strong,102,f2c8cd5b27ab,evaluate designs or specifications to ensure quality,3766,94c75e9264bf,4,1.1025049686431885,0.7589268684387207,1.1574054956436157,0.0,0.875,0.5284530520439148,0
embedding-data/deberta-sentence-transformer,C_lex_sem_strong,102,f2c8cd5b27ab,evaluate designs or specifications to ensure quality,2591,31c7feecacfd,5,1.0809801387786866,0.8828527331352234,2.2670083045959473,0.0,0.8888888955116272,0.23095199465751648,1
embedding-data/deberta-sentence-transformer,C_lex_sem_strong,102,f2c8cd5b27ab,evaluate designs or specifications to ensure quality,3666,789a184d765c,6,1.1024733352661134,0.8452032804489136,1.9299039840698242,0.0,0.625,0.3450721800327301,1
embedding-data/deberta-sentence-transformer,C_lex_sem_strong,102,f2c8cd5b27ab,evaluate designs or specifications to ensure quality,2957,3f078e2078e8,7,1.22935950756073,0.8205245137214661,1.7089362144470215,0.1666666716337204,0.5,0.6408291459083557,0
embedding-data/deberta-sentence-transformer,C_lex_sem_strong,102,f2c8cd5b27ab,evaluate designs or specifications to ensure quality,4312,e1d150ca0e67,8,1.0881404447555543,0.8610622882843018,2.071901798248291,0.0,1.0,0.2517677843570709,1
embedding-data/deberta-sentence-transformer,C_lex_sem_strong,102,f2c8cd5b27ab,evaluate designs or specifications to ensure quality,2814,05eb79523820,9,0.9958112406730651,0.7466070652008057,1.047096848487854,0.0,0.875,0.2767075300216675,1
embedding-data/deberta-sentence-transformer,C_lex_sem_strong,102,f2c8cd5b27ab,evaluate designs or specifications to ensure quality,3570,fd16133ef486,10,1.1549077033996582,0.7893388867378235,1.4297075271606445,0.09090909361839294,0.6153846383094788,0.5774992108345032,0
embedding-data/deberta-sentence-transformer,C_lex_sem_strong,103,6680fc36f234,provide technical guidance to other personnel,3978,6918d9132472,1,1.4213595390319824,0.7590224742889404,0.5786731839179993,0.1666666716337204,0.4285714328289032,1.0,0
embedding-data/deberta-sentence-transformer,C_lex_sem_strong,103,6680fc36f234,provide technical guidance to other personnel,3943,1eedfa96d1f9,2,1.023521065711975,0.6628122329711914,-0.4261511266231537,0.07692307978868484,0.5833333134651184,0.5520181059837341,0
embedding-data/deberta-sentence-transformer,C_lex_sem_strong,103,6680fc36f234,provide technical guidance to other personnel,5214,4d29d09f4c1d,3,1.0301022696495057,0.7350028157234192,0.32781076431274414,0.10000000149011612,0.699999988079071,0.3362140953540802,1
embedding-data/deberta-sentence-transformer,C_lex_sem_strong,103,6680fc36f234,provide technical guidance to other personnel,437,3170a26b09e0,4,1.0171245503425599,0.832690954208374,1.3480702638626099,0.0,0.7777777910232544,0.2165134847164154,1
embedding-data/deberta-sentence-transformer,C_lex_sem_strong,103,6680fc36f234,provide technical guidance to other personnel,3215,d4793dfe8103,5,1.3357816934585571,0.8516537547111511,1.5461187362670898,0.125,1.0,0.6955372095108032,0
embedding-data/deberta-sentence-transformer,C_lex_sem_strong,103,6680fc36f234,provide technical guidance to other personnel,751,2a63b9d3beeb,6,1.1077738571166993,0.877868115901947,1.819902777671814,0.0,1.0,0.25940850377082825,1
embedding-data/deberta-sentence-transformer,C_lex_sem_strong,103,6680fc36f234,provide technical guidance to other personnel,5171,ea4eaa54728e,7,1.1076045799255372,0.8585018515586853,1.617640495300293,0.0,0.7142857313156128,0.3234992027282715,1
embedding-data/deberta-sentence-transformer,C_lex_sem_strong,103,6680fc36f234,provide technical guidance to other personnel,4558,7b0342e1d11a,8,1.096376895904541,0.7642159461975098,0.6329140663146973,0.1111111119389534,0.8571428656578064,0.48408105969429016,0
embedding-data/deberta-sentence-transformer,C_lex_sem_strong,103,6680fc36f234,provide technical guidance to other personnel,4453,d9ea7797e0d6,9,1.1317585706710815,0.784027099609375,0.8398227095603943,0.10000000149011612,0.699999988079071,0.5361936092376709,0
embedding-data/deberta-sentence-transformer,C_lex_sem_strong,103,6680fc36f234,provide technical guidance to other personnel,3666,789a184d765c,10,0.9517541527748108,0.7692660093307495,0.6856572031974792,0.0,0.7142857313156128,0.3234992027282715,0
embedding-data/deberta-sentence-transformer,C_lex_sem_strong,104,985eed507e3a,analyze costs and benefits of proposed designs or projects,1585,22ab77af0930,1,1.3022267818450928,0.6278297901153564,1.2944658994674683,0.1428571492433548,0.4000000059604645,1.0,0
embedding-data/deberta-sentence-transformer,C_lex_sem_strong,104,985eed507e3a,analyze costs and benefits of proposed designs or projects,151,1ac23fe60e17,2,1.117236213684082,0.777756929397583,2.6487786769866943,0.0625,0.4545454680919647,0.4545547366142273,1
embedding-data/deberta-sentence-transformer,C_lex_sem_strong,104,985eed507e3a,analyze costs and benefits of proposed designs or projects,3845,5bcb52a0b91e,3,1.0907600688934327,0.7946627140045166,2.8014910221099854,0.0,0.800000011920929,0.3647095859050751,1
embedding-data/deberta-sentence-transformer,C_lex_sem_strong,104,985eed507e3a,analyze costs and benefits of proposed designs or projects,3814,55c7fc3d9a9c,4,0.9754438996315002,0.6328826546669006,1.34010910987854,0.09090909361839294,1.0,0.45615971088409424,0
embedding-data/deberta-sentence-transformer,C_lex_sem_strong,104,985eed507e3a,analyze costs and benefits of proposed designs or projects,2623,5b9cd334c378,5,0.9692273139953613,0.6576802730560303,1.564109444618225,0.0,0.9090909361839294,0.45612844824790955,0
embedding-data/deberta-sentence-transformer,C_lex_sem_strong,104,985eed507e3a,analyze costs and benefits of proposed designs or projects,5101,0ab6c77c51b9,6,0.962339060306549,0.7739726901054382,2.6145951747894287,0.0,0.800000011920929,0.2063746601343155,1
embedding-data/deberta-sentence-transformer,C_lex_sem_strong,104,985eed507e3a,analyze costs and benefits of proposed designs or projects,2621,3e1289abfafa,7,1.0289362835884095,0.7975961565971375,2.827989339828491,0.0,0.8333333134651184,0.26806604862213135,1
embedding-data/deberta-sentence-transformer,C_lex_sem_strong,104,985eed507e3a,analyze costs and benefits of proposed designs or projects,2728,b12a99169d3e,8,0.982440173625946,0.6191980838775635,1.2164944410324097,0.0,0.7692307829856873,0.5417125225067139,0
embedding-data/deberta-sentence-transformer,C_lex_sem_strong,104,985eed507e3a,analyze costs and benefits of proposed designs or projects,3707,ae14f32b277d,9,1.0557324886322021,0.681013286113739,1.774879813194275,0.10000000149011612,0.800000011920929,0.5383873581886292,0
embedding-data/deberta-sentence-transformer,C_lex_sem_strong,104,985eed507e3a,analyze costs and benefits of proposed designs or projects,2300,754666b07e71,10,1.2527910041809083,0.7663379907608032,2.5456299781799316,0.07692307978868484,0.7142857313156128,0.6208434700965881,1
embedding-data/deberta-sentence-transformer,C_lex_sem_strong,105,8bb47fa10a52,investigate the environmental impact of projects,2999,a4a640d71221,1,1.5440315008163452,0.8316336274147034,1.5045191049575806,0.4000000059604645,0.5714285969734192,1.0,0
embedding-data/deberta-sentence-transformer,C_lex_sem_strong,105,8bb47fa10a52,investigate the environmental impact of projects,2300,754666b07e71,2,1.0953272581100464,0.6783124804496765,-0.3633573651313782,0.09090909361839294,0.5,0.643685519695282,0
embedding-data/deberta-sentence-transformer,C_lex_sem_strong,105,8bb47fa10a52,investigate the environmental impact of projects,2088,ec09f4cecbe4,3,1.0570181179046632,0.7453566789627075,0.4534268081188202,0.0,0.875,0.36566415429115295,1
embedding-data/deberta-sentence-transformer,C_lex_sem_strong,105,8bb47fa10a52,investigate the environmental impact of projects,4998,8ce14d15a94f,4,0.9653916525840759,0.7968534231185913,1.0807998180389404,0.0,0.875,0.17223748564720154,1
embedding-data/deberta-sentence-transformer,C_lex_sem_strong,105,8bb47fa10a52,investigate the environmental impact of projects,382,ebda78d8469a,5,1.2622267007827759,0.8050274848937988,1.1803826093673706,0.1428571492433548,0.8571428656578064,0.6623822450637817,0
embedding-data/deberta-sentence-transformer,C_lex_sem_strong,105,8bb47fa10a52,investigate the environmental impact of projects,2446,a18b251c5cc8,6,1.1463204622268677,0.7647215127944946,0.6893441677093506,0.1666666716337204,0.5714285969734192,0.5797586441040039,0
embedding-data/deberta-sentence-transformer,C_lex_sem_strong,105,8bb47fa10a52,investigate the environmental impact of projects,1710,d548ad3bd5cf,7,1.0195187330245972,0.7459558248519897,0.4607260525226593,0.0,0.7777777910232544,0.4395408034324646,0
embedding-data/deberta-sentence-transformer,C_lex_sem_strong,105,8bb47fa10a52,investigate the environmental impact of projects,3782,0d6b3a3f8dee,8,1.0314476490020752,0.7599897384643555,0.6316980123519897,0.0,0.7777777910232544,0.4395408034324646,0
embedding-data/deberta-sentence-transformer,C_lex_sem_strong,105,8bb47fa10a52,investigate the environmental impact of projects,4247,310c23fd2d02,9,1.2398630380630493,0.8365745544433594,1.5647133588790894,0.1428571492433548,0.8571428656578064,0.5921268463134766,0
embedding-data/deberta-sentence-transformer,C_lex_sem_strong,105,8bb47fa10a52,investigate the environmental impact of projects,682,b4837b36e1b6,10,1.1198627948760986,0.8492903709411621,1.7196272611618042,0.0,0.8571428656578064,0.4460737109184265,0
embedding-data/deberta-sentence-transformer,C_lex_sem_strong,106,48548f20bc23,estimate labor requirements,1649,bd1d85f33bd2,1,1.7103741931915284,0.9474989771842957,1.025569200515747,0.25,0.75,1.0,1
embedding-data/deberta-sentence-transformer,C_lex_sem_strong,106,48548f20bc23,estimate labor requirements,2098,fdf6f5dbede6,2,1.587122278213501,0.9340633153915405,0.9176120758056641,0.25,0.75,0.8402405977249146,1
embedding-data/deberta-sentence-transformer,C_lex_sem_strong,106,48548f20bc23,estimate labor requirements,2539,8657d3271db0,3,1.4995016622543336,0.9087611436843872,0.7143062353134155,0.20000000298023224,0.800000011920929,0.7529352307319641,1
embedding-data/deberta-sentence-transformer,C_lex_sem_strong,106,48548f20bc23,estimate labor requirements,2093,bc30fde7977a,4,1.502258496284485,0.9141042232513428,0.7572384476661682,0.20000000298023224,1.0,0.7218141555786133,1
embedding-data/deberta-sentence-transformer,C_lex_sem_strong,106,48548f20bc23,estimate labor requirements,4258,2edf95aa0513,5,1.4631984233856201,0.8492456674575806,0.2360924780368805,0.20000000298023224,1.0,0.8590565323829651,0
embedding-data/deberta-sentence-transformer,C_lex_sem_strong,106,48548f20bc23,estimate labor requirements,4492,77bb92ac8bda,6,1.5566199588775635,0.8981782793998718,0.6292716860771179,0.25,0.75,0.8402405977249146,1
embedding-data/deberta-sentence-transformer,C_lex_sem_strong,106,48548f20bc23,estimate labor requirements,617,3893cbb4049e,7,1.5893741416931153,0.9367126822471619,0.9389000535011292,0.25,0.75,0.8402405977249146,1
embedding-data/deberta-sentence-transformer,C_lex_sem_strong,106,48548f20bc23,estimate labor requirements,3981,c3c0e3736c09,8,1.5982719230651856,0.9471806287765503,1.0230112075805664,0.25,0.75,0.8402405977249146,1
embedding-data/deberta-sentence-transformer,C_lex_sem_strong,106,48548f20bc23,estimate labor requirements,2661,a40ee5969123,9,1.4431196022033692,0.9414904713630676,0.977290153503418,0.20000000298023224,0.800000011920929,0.6326467394828796,1
embedding-data/deberta-sentence-transformer,C_lex_sem_strong,106,48548f20bc23,estimate labor requirements,1397,674593793bab,10,1.594954447746277,0.9432777166366577,0.9916508793830872,0.25,0.75,0.8402405977249146,1
embedding-data/deberta-sentence-transformer,C_lex_sem_strong,107,750257b28f11,perform human resources activities,3223,fdc84c4c4b02,1,1.7398966121673585,0.9410548210144043,0.975867509841919,0.4000000059604645,0.800000011920929,1.0,1
embedding-data/deberta-sentence-transformer,C_lex_sem_strong,107,750257b28f11,perform human resources activities,395,4faf806bf7de,2,1.5408156681060792,0.7068418264389038,-1.0291671752929688,0.4000000059604645,0.800000011920929,1.0,1
embedding-data/deberta-sentence-transformer,C_lex_sem_strong,107,750257b28f11,perform human resources activities,1293,2c9ee3397278,3,1.707518892288208,0.9029632210731506,0.6497755646705627,0.4000000059604645,0.800000011920929,1.0,1
embedding-data/deberta-sentence-transformer,C_lex_sem_strong,107,750257b28f11,perform human resources activities,3050,c06738d7cb15,4,1.6461323070526124,0.9246331453323364,0.8352859616279602,0.3333333432674408,1.0,0.8764676451683044,1
embedding-data/deberta-sentence-transformer,C_lex_sem_strong,107,750257b28f11,perform human resources activities,1333,94e01be7879d,5,1.010604739189148,0.802388072013855,-0.2112213671207428,0.1111111119389534,0.7142857313156128,0.3356057107448578,0
embedding-data/deberta-sentence-transformer,C_lex_sem_strong,107,750257b28f11,perform human resources activities,5098,e3454a3aaa1c,6,1.1737604141235352,0.8172752857208252,-0.08377592265605927,0.1666666716337204,0.800000011920929,0.5224900245666504,0
embedding-data/deberta-sentence-transformer,C_lex_sem_strong,107,750257b28f11,perform human resources activities,1675,8335d26464b5,7,1.324376301765442,0.909299910068512,0.704022228717804,0.1428571492433548,1.0,0.48985692858695984,1
embedding-data/deberta-sentence-transformer,C_lex_sem_strong,107,750257b28f11,perform human resources activities,1797,b08da67facc1,8,1.22082670211792,0.8406210541725159,0.11608095467090607,0.1666666716337204,1.0,0.41852205991744995,1
embedding-data/deberta-sentence-transformer,C_lex_sem_strong,107,750257b28f11,perform human resources activities,2079,047e0f25229c,9,1.222985463142395,0.8773699998855591,0.4306788444519043,0.1428571492433548,0.8333333134651184,0.4075944423675537,1
embedding-data/deberta-sentence-transformer,C_lex_sem_strong,107,750257b28f11,perform human resources activities,3138,ccf02218bea1,10,1.251787977218628,0.8770461082458496,0.4279060959815979,0.1666666716337204,1.0,0.41852205991744995,1
embedding-data/deberta-sentence-transformer,C_lex_sem_strong,108,3f3251058257,administer standardized physical or psychological tests,3595,8639c05835d2,1,1.2931768894195557,0.7373626232147217,2.100310802459717,0.1428571492433548,0.5714285969734192,0.8295775651931763,0
embedding-data/deberta-sentence-transformer,C_lex_sem_strong,108,3f3251058257,administer standardized physical or psychological tests,1337,284a65d8619b,2,0.8120542168617249,0.5823143720626831,0.43531346321105957,0.0,0.5833333134651184,0.3696480393409729,0
embedding-data/deberta-sentence-transformer,C_lex_sem_strong,108,3f3251058257,administer standardized physical or psychological tests,2201,d1ae9adeb7d6,3,1.2081682252883912,0.593747079372406,0.5580844879150391,0.125,0.7142857313156128,0.7529352307319641,1
embedding-data/deberta-sentence-transformer,C_lex_sem_strong,108,3f3251058257,administer standardized physical or psychological tests,5101,0ab6c77c51b9,4,0.7764117288589477,0.7163667678833008,1.874845266342163,0.0,0.875,0.0,1
embedding-data/deberta-sentence-transformer,C_lex_sem_strong,108,3f3251058257,administer standardized physical or psychological tests,2623,5b9cd334c378,5,0.9006465077400208,0.6587043404579163,1.2556328773498535,0.0,0.6363636255264282,0.39587342739105225,0
embedding-data/deberta-sentence-transformer,C_lex_sem_strong,108,3f3251058257,administer standardized physical or psychological tests,1419,ea280e15fe28,6,0.868876039981842,0.6295558214187622,0.9426193237304688,0.0833333358168602,0.5833333134651184,0.3696480393409729,0
embedding-data/deberta-sentence-transformer,C_lex_sem_strong,108,3f3251058257,administer standardized physical or psychological tests,3766,94c75e9264bf,7,1.1391487121582031,0.7673368453979492,2.4221911430358887,0.0,1.0,0.5527319312095642,0
embedding-data/deberta-sentence-transformer,C_lex_sem_strong,108,3f3251058257,administer standardized physical or psychological tests,2081,e5eed4bfc9b4,8,0.7769146132469177,0.7526726126670837,2.2647182941436768,0.0,0.5714285969734192,0.0,1
embedding-data/deberta-sentence-transformer,C_lex_sem_strong,108,3f3251058257,administer standardized physical or psychological tests,2003,af05ac064c3c,9,0.7926653790473938,0.7375894784927368,2.1027469635009766,0.0,0.8571428656578064,0.0,1
embedding-data/deberta-sentence-transformer,C_lex_sem_strong,108,3f3251058257,administer standardized physical or psychological tests,2301,6d7d5c1c49a4,10,0.7785313296318054,0.7531740665435791,2.2701032161712646,0.0,0.5833333134651184,0.0,1
embedding-data/deberta-sentence-transformer,C_lex_sem_strong,109,d052bd1e246e,manage human resources activities,3223,fdc84c4c4b02,1,1.7068091201782227,0.9021281599998474,0.746016263961792,0.4000000059604645,0.800000011920929,1.0,1
embedding-data/deberta-sentence-transformer,C_lex_sem_strong,109,d052bd1e246e,manage human resources activities,395,4faf806bf7de,2,1.5925374794006348,0.7676911354064941,-0.5449296236038208,0.4000000059604645,0.800000011920929,1.0,1
embedding-data/deberta-sentence-transformer,C_lex_sem_strong,109,d052bd1e246e,manage human resources activities,2444,d44779bdbd31,3,0.949016809463501,0.5899134874343872,-2.252058506011963,0.1666666716337204,0.800000011920929,0.477510005235672,0
embedding-data/deberta-sentence-transformer,C_lex_sem_strong,109,d052bd1e246e,manage human resources activities,1293,2c9ee3397278,4,1.693327980041504,0.8862680196762085,0.5937175750732422,0.4000000059604645,0.800000011920929,1.0,1
embedding-data/deberta-sentence-transformer,C_lex_sem_strong,109,d052bd1e246e,manage human resources activities,3050,c06738d7cb15,5,1.638337450027466,0.9154626727104187,0.8740623593330383,0.3333333432674408,1.0,0.8764676451683044,1
embedding-data/deberta-sentence-transformer,C_lex_sem_strong,109,d052bd1e246e,manage human resources activities,5098,e3454a3aaa1c,6,1.1907461881637573,0.8372585773468018,0.1230991780757904,0.1666666716337204,0.800000011920929,0.5224900245666504,0
embedding-data/deberta-sentence-transformer,C_lex_sem_strong,109,d052bd1e246e,manage human resources activities,5053,de7b151e0afe,7,0.9889885187149048,0.7768458127975464,-0.4570208489894867,0.125,0.625,0.3445279598236084,0
embedding-data/deberta-sentence-transformer,C_lex_sem_strong,109,d052bd1e246e,manage human resources activities,3138,ccf02218bea1,8,1.2496505546569825,0.8745314478874207,0.4810158908367157,0.1666666716337204,1.0,0.41852205991744995,1
embedding-data/deberta-sentence-transformer,C_lex_sem_strong,109,d052bd1e246e,manage human resources activities,532,3efa3e01c322,9,1.3000472354888917,0.8599406480789185,0.34090617299079895,0.20000000298023224,0.6000000238418579,0.5558539628982544,1
embedding-data/deberta-sentence-transformer,C_lex_sem_strong,109,d052bd1e246e,manage human resources activities,2535,e97f0c698df9,10,1.354215340614319,0.9220556616783142,0.9373722076416016,0.1666666716337204,0.800000011920929,0.5387638211250305,1
embedding-data/deberta-sentence-transformer,C_lex_sem_strong,110,d9dbdf9d5d1a,coordinate special events or programs,206,b49a9e6f7e10,1,1.4413402080535889,0.7662827372550964,0.735234797000885,0.20000000298023224,0.5,1.0,0
embedding-data/deberta-sentence-transformer,C_lex_sem_strong,110,d9dbdf9d5d1a,coordinate special events or programs,2623,5b9cd334c378,2,0.9236202836036682,0.6663265228271484,-0.5724997520446777,0.0,0.5454545617103577,0.4324246048927307,0
embedding-data/deberta-sentence-transformer,C_lex_sem_strong,110,d9dbdf9d5d1a,coordinate special events or programs,3766,94c75e9264bf,3,1.3076380062103272,0.8462206125259399,1.781067967414856,0.0,0.8571428656578064,0.6037659645080566,1
embedding-data/deberta-sentence-transformer,C_lex_sem_strong,110,d9dbdf9d5d1a,coordinate special events or programs,1260,63dfa587738c,4,1.2817661762237549,0.6828547716140747,-0.35625943541526794,0.1666666716337204,0.6666666865348816,0.8590565323829651,0
embedding-data/deberta-sentence-transformer,C_lex_sem_strong,110,d9dbdf9d5d1a,coordinate special events or programs,1033,3a022d09b816,5,0.8558689522743225,0.7951399087905884,1.1127753257751465,0.0,1.0,0.0,1
embedding-data/deberta-sentence-transformer,C_lex_sem_strong,110,d9dbdf9d5d1a,coordinate special events or programs,2972,aa4eda621a1f,6,0.9972471594810486,0.7874625325202942,1.0123316049575806,0.0833333358168602,0.4615384638309479,0.3786907196044922,0
embedding-data/deberta-sentence-transformer,C_lex_sem_strong,110,d9dbdf9d5d1a,coordinate special events or programs,2728,b12a99169d3e,7,0.8610357046127319,0.6468216180801392,-0.8276838660240173,0.0,0.4615384638309479,0.3786907196044922,0
embedding-data/deberta-sentence-transformer,C_lex_sem_strong,110,d9dbdf9d5d1a,coordinate special events or programs,4507,4308d262ba90,8,0.8616629409790039,0.8019563555717468,1.2019554376602173,0.0,1.0,0.0,1
embedding-data/deberta-sentence-transformer,C_lex_sem_strong,110,d9dbdf9d5d1a,coordinate special events or programs,4568,aa54a115f48b,9,0.8426168727874755,0.7991570830345154,1.165332317352295,0.0,0.8333333134651184,0.0,1
embedding-data/deberta-sentence-transformer,C_lex_sem_strong,110,d9dbdf9d5d1a,coordinate special events or programs,3344,73655dd507f9,10,0.9063074159622192,0.8740871548652649,2.1456480026245117,0.0,0.8333333134651184,0.0,1
embedding-data/deberta-sentence-transformer,C_lex_sem_strong,111,059770361813,advise others on career or personal development,1203,3fe3042b3298,1,1.3886195421218872,0.6719052791595459,1.0566173791885376,0.4000000059604645,0.375,1.0,0
embedding-data/deberta-sentence-transformer,C_lex_sem_strong,111,059770361813,advise others on career or personal development,3559,d592234a226d,2,1.043673233985901,0.737115740776062,1.892590045928955,0.09090909361839294,0.8888888955116272,0.32864874601364136,1
embedding-data/deberta-sentence-transformer,C_lex_sem_strong,111,059770361813,advise others on career or personal development,1556,62317ddbee32,3,0.9553191065788269,0.64212965965271,0.67490553855896,0.1428571492433548,0.75,0.43705353140830994,0
embedding-data/deberta-sentence-transformer,C_lex_sem_strong,111,059770361813,advise others on career or personal development,2499,f86f9d6f10a8,4,1.041882531642914,0.8073874711990356,2.7934463024139404,0.0,1.0,0.25086164474487305,1
embedding-data/deberta-sentence-transformer,C_lex_sem_strong,111,059770361813,advise others on career or personal development,3782,0d6b3a3f8dee,5,1.0618666410446167,0.7673356533050537,2.2799975872039795,0.125,0.8888888955116272,0.42248913645744324,0
embedding-data/deberta-sentence-transformer,C_lex_sem_strong,111,059770361813,advise others on career or personal development,1443,3d9cb8ab1a44,6,1.1280992794036866,0.8216078877449036,2.9757463932037354,0.125,0.75,0.35676082968711853,1
embedding-data/deberta-sentence-transformer,C_lex_sem_strong,111,059770361813,advise others on career or personal development,3766,94c75e9264bf,7,1.0332177877426147,0.80519700050354,2.7653653621673584,0.0,0.875,0.3732861578464508,0
embedding-data/deberta-sentence-transformer,C_lex_sem_strong,111,059770361813,advise others on career or personal development,4370,330ceef13d7a,8,1.1265977621078491,0.8138771057128906,2.876640796661377,0.1428571492433548,0.625,0.4910437762737274,0
embedding-data/deberta-sentence-transformer,C_lex_sem_strong,111,059770361813,advise others on career or personal development,5106,c983325cad2b,9,1.0975568294525146,0.6671344041824341,0.9954566359519958,0.125,0.875,0.5971322655677795,0
embedding-data/deberta-sentence-transformer,C_lex_sem_strong,111,059770361813,advise others on career or personal development,4420,6bc76a3eb886,10,0.8840473294258118,0.683371901512146,1.2036149501800537,0.0,0.625,0.34383025765419006,0
embedding-data/deberta-sentence-transformer,C_lex_sem_strong,112,6379204aa590,administer compensation or benefits programs,1585,22ab77af0930,1,1.5777286291122437,0.8365433812141418,1.4255375862121582,0.5,0.6666666865348816,1.0,0
embedding-data/deberta-sentence-transformer,C_lex_sem_strong,112,6379204aa590,administer compensation or benefits programs,2972,aa4eda621a1f,2,0.8776657581329346,0.7934299111366272,0.925328254699707,0.0833333358168602,0.4615384638309479,0.20061399042606354,0
embedding-data/deberta-sentence-transformer,C_lex_sem_strong,112,6379204aa590,administer compensation or benefits programs,3766,94c75e9264bf,3,0.9920662045478821,0.8028911352157593,1.035098910331726,0.0,0.8571428656578064,0.3198491334915161,0
embedding-data/deberta-sentence-transformer,C_lex_sem_strong,112,6379204aa590,administer compensation or benefits programs,1260,63dfa587738c,4,1.0455273389816284,0.7376040816307068,0.2776280641555786,0.1666666716337204,0.6666666865348816,0.45509108901023865,0
embedding-data/deberta-sentence-transformer,C_lex_sem_strong,112,6379204aa590,administer compensation or benefits programs,4591,7152fca0e366,5,1.016943097114563,0.6542508602142334,-0.6894493103027344,0.20000000298023224,0.5,0.5297568440437317,0
embedding-data/deberta-sentence-transformer,C_lex_sem_strong,112,6379204aa590,administer compensation or benefits programs,749,7804655e3154,6,0.9113891291618347,0.8604577779769897,1.7029962539672852,0.0,1.0,0.0,1
embedding-data/deberta-sentence-transformer,C_lex_sem_strong,112,6379204aa590,administer compensation or benefits programs,502,aa10612f6849,7,0.8746551442146301,0.8172413110733032,1.201591968536377,0.0,1.0,0.0,1
embedding-data/deberta-sentence-transformer,C_lex_sem_strong,112,6379204aa590,administer compensation or benefits programs,3963,91bd8992e298,8,0.9245925116539001,0.8955990076065063,2.110710382461548,0.0,0.8333333134651184,0.0,1
embedding-data/deberta-sentence-transformer,C_lex_sem_strong,112,6379204aa590,administer compensation or benefits programs,5127,afe8fed27705,9,0.9020278024673462,0.8494443893432617,1.5752172470092773,0.0,1.0,0.0,1
embedding-data/deberta-sentence-transformer,C_lex_sem_strong,112,6379204aa590,administer compensation or benefits programs,3765,fd67069418cd,10,0.8798663187026977,0.8625878095626831,1.7277092933654785,0.0,0.6666666865348816,0.0,1
embedding-data/deberta-sentence-transformer,C_lex_sem_strong,113,322cdff981bb,"interview employees, customers, or others to collect information",1337,284a65d8619b,1,1.1690836715698243,0.7177072763442993,4.26131010055542,0.0,0.75,0.5771891474723816,1
embedding-data/deberta-sentence-transformer,C_lex_sem_strong,113,322cdff981bb,"interview employees, customers, or others to collect information",404,04980744f74f,2,0.8148410320281982,0.06974761188030243,-0.37040847539901733,0.1666666716337204,0.2222222238779068,1.0,0
embedding-data/deberta-sentence-transformer,C_lex_sem_strong,113,322cdff981bb,"interview employees, customers, or others to collect information",1852,e777e212e8b7,3,0.7504657506942749,0.47836560010910034,2.5504579544067383,0.0714285746216774,0.75,0.36367034912109375,0
embedding-data/deberta-sentence-transformer,C_lex_sem_strong,113,322cdff981bb,"interview employees, customers, or others to collect information",3566,581ac2a59c21,4,0.9908931255340576,0.5500682592391968,3.063000202178955,0.10000000149011612,1.0,0.5761929750442505,0
embedding-data/deberta-sentence-transformer,C_lex_sem_strong,113,322cdff981bb,"interview employees, customers, or others to collect information",606,fd9ec3e29291,5,0.7627868223190307,0.4333043694496155,2.228353261947632,0.0,0.5555555820465088,0.3698893189430237,1
embedding-data/deberta-sentence-transformer,C_lex_sem_strong,113,322cdff981bb,"interview employees, customers, or others to collect information",2623,5b9cd334c378,6,0.9977099299430847,0.5684641599655151,3.1944968700408936,0.0,0.8181818127632141,0.6181389093399048,0
embedding-data/deberta-sentence-transformer,C_lex_sem_strong,113,322cdff981bb,"interview employees, customers, or others to collect information",2622,62c0405486a6,7,1.080050187110901,0.6492822170257568,3.7721970081329346,0.0,0.692307710647583,0.5413278341293335,1
embedding-data/deberta-sentence-transformer,C_lex_sem_strong,113,322cdff981bb,"interview employees, customers, or others to collect information",1418,9261737dd80c,8,0.9521953630447387,0.6884044408798218,4.051848888397217,0.0,0.692307710647583,0.31117257475852966,1
embedding-data/deberta-sentence-transformer,C_lex_sem_strong,113,322cdff981bb,"interview employees, customers, or others to collect information",4504,1f9d54874a38,9,0.8973764181137085,0.3855677545070648,1.8871243000030518,0.1111111119389534,0.6666666865348816,0.6867927312850952,0
embedding-data/deberta-sentence-transformer,C_lex_sem_strong,113,322cdff981bb,"interview employees, customers, or others to collect information",1916,c2162f90818e,10,0.9725978374481201,0.4139983355998993,2.09035062789917,0.125,0.5555555820465088,0.7716339230537415,0
embedding-data/deberta-sentence-transformer,C_lex_sem_strong,114,98e7b9000779,recruit personnel,3978,6918d9132472,1,1.773888783454895,0.9732024073600769,0.9154150485992432,0.3333333432674408,1.0,1.0,1
embedding-data/deberta-sentence-transformer,C_lex_sem_strong,114,98e7b9000779,recruit personnel,2714,d9855438ae33,2,0.9985284376144409,0.9629745483398438,0.8440967202186584,0.0,1.0,0.0,1
embedding-data/deberta-sentence-transformer,C_lex_sem_strong,114,98e7b9000779,recruit personnel,4590,5d45850c5baa,3,1.0020707416534425,0.9671419858932495,0.8731560707092285,0.0,1.0,0.0,1
embedding-data/deberta-sentence-transformer,C_lex_sem_strong,114,98e7b9000779,recruit personnel,999,4c706d283958,4,0.9983567762374878,0.9627726078033447,0.8426886200904846,0.0,1.0,0.0,1
embedding-data/deberta-sentence-transformer,C_lex_sem_strong,114,98e7b9000779,recruit personnel,4729,1d83ab47ce3e,5,1.0088275837898255,0.9750912189483643,0.9285856485366821,0.0,1.0,0.0,1
embedding-data/deberta-sentence-transformer,C_lex_sem_strong,114,98e7b9000779,recruit personnel,2043,fd428ffb74e6,6,0.9992046523094177,0.9637700915336609,0.8496440052986145,0.0,1.0,0.0,1
embedding-data/deberta-sentence-transformer,C_lex_sem_strong,114,98e7b9000779,recruit personnel,2523,1c3843614a27,7,1.0001844930648804,0.9649229049682617,0.8576825261116028,0.0,1.0,0.0,1
embedding-data/deberta-sentence-transformer,C_lex_sem_strong,114,98e7b9000779,recruit personnel,1397,674593793bab,8,0.9982521700859069,0.9626495838165283,0.8418307304382324,0.0,1.0,0.0,1
embedding-data/deberta-sentence-transformer,C_lex_sem_strong,114,98e7b9000779,recruit personnel,2724,4898b0838030,9,1.0029950308799744,0.9682294130325317,0.8807386159896851,0.0,1.0,0.0,1
embedding-data/deberta-sentence-transformer,C_lex_sem_strong,114,98e7b9000779,recruit personnel,1599,afa25b53b685,10,1.0084359216690064,0.9746304750442505,0.9253728985786438,0.0,1.0,0.0,1
embedding-data/deberta-sentence-transformer,C_lex_sem_strong,115,830e9df61ddd,communicate organizational policies and procedures,3751,f1ce5e300a4c,1,1.5016299057006837,0.9126031398773193,2.3440017700195312,0.1428571492433548,1.0,0.7390652298927307,1
embedding-data/deberta-sentence-transformer,C_lex_sem_strong,115,830e9df61ddd,communicate organizational policies and procedures,4426,b25b2aa78ecd,2,1.3896961212158203,0.741828203201294,0.5288432836532593,0.1428571492433548,1.0,0.9008151888847351,0
embedding-data/deberta-sentence-transformer,C_lex_sem_strong,115,830e9df61ddd,communicate organizational policies and procedures,2114,f93bec28cb76,3,1.0935145616531372,0.5558462142944336,-1.4479503631591797,0.20000000298023224,0.5,0.7586362361907959,0
embedding-data/deberta-sentence-transformer,C_lex_sem_strong,115,830e9df61ddd,communicate organizational policies and procedures,140,1b6f29f96686,4,1.069229679107666,0.7810289263725281,0.9455058574676514,0.09090909361839294,0.6000000238418579,0.3531046509742737,1
embedding-data/deberta-sentence-transformer,C_lex_sem_strong,115,830e9df61ddd,communicate organizational policies and procedures,5081,0ddf1bae68b2,5,1.4606037139892578,0.7889456748962402,1.0296525955200195,0.20000000298023224,0.5,1.0,0
embedding-data/deberta-sentence-transformer,C_lex_sem_strong,115,830e9df61ddd,communicate organizational policies and procedures,1712,0d23c5fd52ea,6,1.0708643198013306,0.7794042825698853,0.9282376170158386,0.10000000149011612,0.5454545617103577,0.47689321637153625,0
embedding-data/deberta-sentence-transformer,C_lex_sem_strong,115,830e9df61ddd,communicate organizational policies and procedures,1555,5f8ae87ccde0,7,1.2727795839309692,0.7613462805747986,0.736299991607666,0.1666666716337204,0.8333333134651184,0.7270978689193726,0
embedding-data/deberta-sentence-transformer,C_lex_sem_strong,115,830e9df61ddd,communicate organizational policies and procedures,3095,250ff4c36d7a,8,1.371677279472351,0.7886325716972351,1.0263246297836304,0.1666666716337204,0.6666666865348816,0.8590565323829651,0
embedding-data/deberta-sentence-transformer,C_lex_sem_strong,115,830e9df61ddd,communicate organizational policies and procedures,1554,ba67eebc2f04,9,1.2434606552124023,0.7786843180656433,0.9205851554870605,0.1428571492433548,1.0,0.6471534967422485,0
embedding-data/deberta-sentence-transformer,C_lex_sem_strong,115,830e9df61ddd,communicate organizational policies and procedures,4080,6ad2b3f5b307,10,1.020394163131714,0.8230545520782471,1.3921942710876465,0.0,0.6000000238418579,0.25828254222869873,1
embedding-data/deberta-sentence-transformer,C_lex_sem_strong,116,1cf7420e0aac,advise others on legal or regulatory compliance matters,3872,4e4ff7039f22,1,1.1797679662704468,0.4467858672142029,0.9949107766151428,0.3333333432674408,0.3333333432674408,1.0,0
embedding-data/deberta-sentence-transformer,C_lex_sem_strong,116,1cf7420e0aac,advise others on legal or regulatory compliance matters,2622,62c0405486a6,2,0.8404643702507019,0.5337017178535461,1.8453874588012695,0.0,0.692307710647583,0.3394101560115814,1
embedding-data/deberta-sentence-transformer,C_lex_sem_strong,116,1cf7420e0aac,advise others on legal or regulatory compliance matters,2623,5b9cd334c378,3,0.9329450893402099,0.7236268520355225,3.7038161754608154,0.0,0.8181818127632141,0.22292008996009827,1
embedding-data/deberta-sentence-transformer,C_lex_sem_strong,116,1cf7420e0aac,advise others on legal or regulatory compliance matters,5218,c440d73a48c6,4,0.7014346289634704,0.6134524941444397,2.625753402709961,0.0,1.0,0.0,1
embedding-data/deberta-sentence-transformer,C_lex_sem_strong,116,1cf7420e0aac,advise others on legal or regulatory compliance matters,5214,4d29d09f4c1d,5,0.6960741281509399,0.7130284309387207,3.600109815597534,0.0,0.8999999761581421,0.0,0
embedding-data/deberta-sentence-transformer,C_lex_sem_strong,116,1cf7420e0aac,advise others on legal or regulatory compliance matters,5237,de203e0fba6e,6,0.9173835086822509,0.7083240747451782,3.554077625274658,0.0,0.8888888955116272,0.20917020738124847,1
embedding-data/deberta-sentence-transformer,C_lex_sem_strong,116,1cf7420e0aac,advise others on legal or regulatory compliance matters,1337,284a65d8619b,7,0.9173966813087463,0.725517749786377,3.722318649291992,0.0,0.75,0.20815232396125793,1
embedding-data/deberta-sentence-transformer,C_lex_sem_strong,116,1cf7420e0aac,advise others on legal or regulatory compliance matters,4707,e509e322d71a,8,0.8757906126976013,0.7043732404708862,3.515418291091919,0.0,0.8181818127632141,0.16465026140213013,1
embedding-data/deberta-sentence-transformer,C_lex_sem_strong,116,1cf7420e0aac,advise others on legal or regulatory compliance matters,3845,5bcb52a0b91e,9,0.7069143652915955,0.7270888090133667,3.737691640853882,0.0,0.8888888955116272,0.0,0
embedding-data/deberta-sentence-transformer,C_lex_sem_strong,116,1cf7420e0aac,advise others on legal or regulatory compliance matters,1556,62317ddbee32,10,0.7808720469474792,0.5107207298278809,1.6205171346664429,0.125,0.6666666865348816,0.36441829800605774,0
embedding-data/deberta-sentence-transformer,C_lex_sem_strong,117,f2f5eb941075,liaise between departments or other groups to improve function or communication,4942,765bf972fcf8,1,1.564271764755249,0.8213655352592468,2.7693145275115967,0.2222222238779068,0.4166666567325592,1.0,1
embedding-data/deberta-sentence-transformer,C_lex_sem_strong,117,f2f5eb941075,liaise between departments or other groups to improve function or communication,1337,284a65d8619b,2,0.9676389098167419,0.6615685224533081,1.3873133659362793,0.0,1.0,0.4361508786678314,0
embedding-data/deberta-sentence-transformer,C_lex_sem_strong,117,f2f5eb941075,liaise between departments or other groups to improve function or communication,3072,25fdfe893f0e,3,0.925412118434906,0.47268062829971313,-0.246279776096344,0.1111111119389534,0.25,0.680587649345398,0
embedding-data/deberta-sentence-transformer,C_lex_sem_strong,117,f2f5eb941075,liaise between departments or other groups to improve function or communication,2728,b12a99169d3e,4,1.167930202484131,0.7718272805213928,2.34088397026062,0.0714285746216774,0.9230769276618958,0.4646907448768616,1
embedding-data/deberta-sentence-transformer,C_lex_sem_strong,117,f2f5eb941075,liaise between departments or other groups to improve function or communication,1711,48410a978891,5,0.9273408222198486,0.7557849287986755,2.2021420001983643,0.0,1.0,0.14989088475704193,1
embedding-data/deberta-sentence-transformer,C_lex_sem_strong,117,f2f5eb941075,liaise between departments or other groups to improve function or communication,1135,7fc2f1313cb4,6,0.9640726613998413,0.6756964921951294,1.5094988346099854,0.0833333358168602,0.5,0.34723424911499023,1
embedding-data/deberta-sentence-transformer,C_lex_sem_strong,117,f2f5eb941075,liaise between departments or other groups to improve function or communication,3766,94c75e9264bf,7,1.0161992311477661,0.7743955850601196,2.363095998764038,0.0,0.5833333134651184,0.428042471408844,0
embedding-data/deberta-sentence-transformer,C_lex_sem_strong,117,f2f5eb941075,liaise between departments or other groups to improve function or communication,1418,9261737dd80c,8,0.9800397324562072,0.7566311955451965,2.209460973739624,0.0,0.9230769276618958,0.23513643443584442,1
embedding-data/deberta-sentence-transformer,C_lex_sem_strong,117,f2f5eb941075,liaise between departments or other groups to improve function or communication,3943,1eedfa96d1f9,9,1.060110330581665,0.7220554947853088,1.9104336500167847,0.0625,1.0,0.47694745659828186,0
embedding-data/deberta-sentence-transformer,C_lex_sem_strong,117,f2f5eb941075,liaise between departments or other groups to improve function or communication,5277,3d26f42de07f,10,0.9256516695022583,0.6637454032897949,1.4061400890350342,0.07692307978868484,0.6666666865348816,0.3991668224334717,0
embedding-data/deberta-sentence-transformer,C_lex_sem_strong,118,eb485b5cf6a6,compile operational data,4059,966ff254f415,1,1.6738340425491334,0.9182360172271729,0.8011627793312073,0.1666666716337204,0.800000011920929,1.0,1
embedding-data/deberta-sentence-transformer,C_lex_sem_strong,118,eb485b5cf6a6,compile operational data,1928,01b7a4a42439,2,1.384196834564209,0.8764921426773071,0.4644111692905426,0.25,0.75,0.6202549934387207,1
embedding-data/deberta-sentence-transformer,C_lex_sem_strong,118,eb485b5cf6a6,compile operational data,1918,50dc77a549a6,3,1.3982891607284547,0.9474179148674011,1.0365757942199707,0.20000000298023224,1.0,0.5328341126441956,1
embedding-data/deberta-sentence-transformer,C_lex_sem_strong,118,eb485b5cf6a6,compile operational data,3249,3c2df2b6d93c,4,1.4183010625839234,0.9166147708892822,0.7880840301513672,0.25,0.75,0.6202549934387207,1
embedding-data/deberta-sentence-transformer,C_lex_sem_strong,118,eb485b5cf6a6,compile operational data,1970,22ae97739144,5,1.4433719682693482,0.9461098909378052,1.0260238647460938,0.25,0.75,0.6202549934387207,1
embedding-data/deberta-sentence-transformer,C_lex_sem_strong,118,eb485b5cf6a6,compile operational data,4058,74fe0528c27f,6,1.445746898651123,0.855851411819458,0.297900527715683,0.1428571492433548,0.6666666865348816,0.8900499939918518,0
embedding-data/deberta-sentence-transformer,C_lex_sem_strong,118,eb485b5cf6a6,compile operational data,3744,77dd99e7e863,7,1.4275061655044556,0.9274442791938782,0.875446617603302,0.25,0.75,0.6202549934387207,1
embedding-data/deberta-sentence-transformer,C_lex_sem_strong,118,eb485b5cf6a6,compile operational data,529,876a8f680ffb,8,1.4088865089416505,0.9055388569831848,0.6987336277961731,0.25,0.75,0.6202549934387207,1
embedding-data/deberta-sentence-transformer,C_lex_sem_strong,118,eb485b5cf6a6,compile operational data,1958,d2e2b19fe803,9,1.3871982860565186,0.8800233006477356,0.4928973317146301,0.25,0.75,0.6202549934387207,1
embedding-data/deberta-sentence-transformer,C_lex_sem_strong,118,eb485b5cf6a6,compile operational data,525,41a7464b2f8c,10,1.4526644515991212,0.9570422768592834,1.1142163276672363,0.25,0.75,0.6202549934387207,1
embedding-data/deberta-sentence-transformer,C_lex_sem_strong,119,b729f6985724,analyze data to inform personnel decisions,2956,3cdbb6503c09,1,1.5159034729003906,0.8142280578613281,1.6539204120635986,0.3333333432674408,0.5714285969734192,1.0,0
embedding-data/deberta-sentence-transformer,C_lex_sem_strong,119,b729f6985724,analyze data to inform personnel decisions,2814,05eb79523820,2,1.0118138957023621,0.7724523544311523,1.1310698986053467,0.0,1.0,0.2503276467323303,1
embedding-data/deberta-sentence-transformer,C_lex_sem_strong,119,b729f6985724,analyze data to inform personnel decisions,1452,41db1b32b4b9,3,1.3449283838272095,0.7262488603591919,0.5528027415275574,0.3333333432674408,0.7142857313156128,0.8421736359596252,0
embedding-data/deberta-sentence-transformer,C_lex_sem_strong,119,b729f6985724,analyze data to inform personnel decisions,5276,24d301adf7f0,4,1.2588754892349243,0.8437044620513916,2.022836923599243,0.10000000149011612,0.875,0.6203239560127258,0
embedding-data/deberta-sentence-transformer,C_lex_sem_strong,119,b729f6985724,analyze data to inform personnel decisions,1405,06c62fc8558d,5,1.1979416179656983,0.7687308192253113,1.0844924449920654,0.1111111119389534,0.8571428656578064,0.5094053745269775,1
embedding-data/deberta-sentence-transformer,C_lex_sem_strong,119,b729f6985724,analyze data to inform personnel decisions,2267,e167e89ff1aa,6,1.050398349761963,0.6495653390884399,-0.4069420397281647,0.1428571492433548,0.8571428656578064,0.548545777797699,0
embedding-data/deberta-sentence-transformer,C_lex_sem_strong,119,b729f6985724,analyze data to inform personnel decisions,3978,6918d9132472,7,1.3620096445083618,0.7180274724960327,0.44990667700767517,0.1666666716337204,0.4285714328289032,0.9649940133094788,0
embedding-data/deberta-sentence-transformer,C_lex_sem_strong,119,b729f6985724,analyze data to inform personnel decisions,501,7e5e0cba4215,8,1.1068057584762574,0.8398962616920471,1.975174903869629,0.1428571492433548,0.7142857313156128,0.30413416028022766,1
embedding-data/deberta-sentence-transformer,C_lex_sem_strong,119,b729f6985724,analyze data to inform personnel decisions,4507,4308d262ba90,9,1.0674668121337891,0.8118165731430054,1.6237391233444214,0.1111111119389534,0.8571428656578064,0.2706946134567261,1
embedding-data/deberta-sentence-transformer,C_lex_sem_strong,119,b729f6985724,analyze data to inform personnel decisions,3707,ae14f32b277d,10,1.1330611276626588,0.7865269184112549,1.3072223663330078,0.1111111119389534,0.875,0.3925584554672241,1
embedding-data/deberta-sentence-transformer,C_lex_sem_strong,120,a04637eaf44a,investigate industrial or transportation accidents,3229,095a703ccc5d,1,1.2855056524276733,0.6936743855476379,0.7973952293395996,0.20000000298023224,0.5,0.8655464053153992,0
embedding-data/deberta-sentence-transformer,C_lex_sem_strong,120,a04637eaf44a,investigate industrial or transportation accidents,2623,5b9cd334c378,2,0.996143536567688,0.7214378714561462,1.1372123956680298,0.0,0.5454545617103577,0.35482272505760193,1
embedding-data/deberta-sentence-transformer,C_lex_sem_strong,120,a04637eaf44a,investigate industrial or transportation accidents,5082,12408b06820b,3,1.1455739736557007,0.7229903936386108,1.1562148332595825,0.125,1.0,0.5800459384918213,0
embedding-data/deberta-sentence-transformer,C_lex_sem_strong,120,a04637eaf44a,investigate industrial or transportation accidents,2728,b12a99169d3e,4,0.7936251759529114,0.623481273651123,-0.061748605221509933,0.0,0.4615384638309479,0.31073179841041565,0
embedding-data/deberta-sentence-transformer,C_lex_sem_strong,120,a04637eaf44a,investigate industrial or transportation accidents,2003,af05ac064c3c,5,0.8076275753974914,0.7383853197097778,1.3446444272994995,0.0,1.0,0.0,1
embedding-data/deberta-sentence-transformer,C_lex_sem_strong,120,a04637eaf44a,investigate industrial or transportation accidents,3766,94c75e9264bf,6,1.1272845268249512,0.8173874616622925,2.31160831451416,0.0,0.8571428656578064,0.4954155683517456,0
embedding-data/deberta-sentence-transformer,C_lex_sem_strong,120,a04637eaf44a,investigate industrial or transportation accidents,1443,3d9cb8ab1a44,7,0.901683645248413,0.8490395545959473,2.6990208625793457,0.0,1.0,0.0,1
embedding-data/deberta-sentence-transformer,C_lex_sem_strong,120,a04637eaf44a,investigate industrial or transportation accidents,2319,defa44749398,8,0.8691077995300293,0.8275217413902283,2.4356489181518555,0.0,0.8571428656578064,0.0,1
embedding-data/deberta-sentence-transformer,C_lex_sem_strong,120,a04637eaf44a,investigate industrial or transportation accidents,107,20be59e19f80,9,1.2667049169540405,0.5608294606208801,-0.8285890817642212,0.20000000298023224,0.5,1.0,0
embedding-data/deberta-sentence-transformer,C_lex_sem_strong,120,a04637eaf44a,investigate industrial or transportation accidents,4838,53dd4fb611bb,10,1.2824925184249878,0.7709864974021912,1.74367356300354,0.20000000298023224,0.6666666865348816,0.7435532808303833,0
embedding-data/deberta-sentence-transformer,C_lex_sem_strong,121,66497e9d2189,prepare reports related to compliance matters,226,7e56613a2ebc,1,1.4497854709625244,0.8648703098297119,1.932792067527771,0.125,0.8571428656578064,0.8627591133117676,0
embedding-data/deberta-sentence-transformer,C_lex_sem_strong,121,66497e9d2189,prepare reports related to compliance matters,3943,1eedfa96d1f9,2,1.18385799407959,0.7736695408821106,0.8216767907142639,0.07692307978868484,0.5833333134651184,0.5321727395057678,1
embedding-data/deberta-sentence-transformer,C_lex_sem_strong,121,66497e9d2189,prepare reports related to compliance matters,4589,a8445719836f,3,1.347704529762268,0.681333065032959,-0.3032749593257904,0.20000000298023224,0.2857142984867096,1.0,0
embedding-data/deberta-sentence-transformer,C_lex_sem_strong,121,66497e9d2189,prepare reports related to compliance matters,4969,fb98139a2c39,4,0.9853547978401184,0.7162798643112183,0.12248813360929489,0.0,0.7142857313156128,0.32155469059944153,1
embedding-data/deberta-sentence-transformer,C_lex_sem_strong,121,66497e9d2189,prepare reports related to compliance matters,4311,dad8075f10c2,5,1.3400702047348023,0.9075973629951477,2.453343391418457,0.125,1.0,0.5194462537765503,1
embedding-data/deberta-sentence-transformer,C_lex_sem_strong,121,66497e9d2189,prepare reports related to compliance matters,2699,485d26352e99,6,1.334412693977356,0.7860864996910095,0.9729548096656799,0.1428571492433548,0.7142857313156128,0.8089131116867065,0
embedding-data/deberta-sentence-transformer,C_lex_sem_strong,121,66497e9d2189,prepare reports related to compliance matters,1419,ea280e15fe28,7,1.007692472934723,0.787791907787323,0.9937320947647095,0.0,0.5833333134651184,0.2853371500968933,1
embedding-data/deberta-sentence-transformer,C_lex_sem_strong,121,66497e9d2189,prepare reports related to compliance matters,4310,506583358173,8,1.3171245622634888,0.8838704228401184,2.164273738861084,0.1111111119389534,1.0,0.5194462537765503,1
embedding-data/deberta-sentence-transformer,C_lex_sem_strong,121,66497e9d2189,prepare reports related to compliance matters,2267,e167e89ff1aa,9,0.9887182879447937,0.7325460910797119,0.3206624686717987,0.0,0.8571428656578064,0.28619974851608276,1
embedding-data/deberta-sentence-transformer,C_lex_sem_strong,121,66497e9d2189,prepare reports related to compliance matters,690,32402d5443a6,10,1.0571635961532593,0.7811051607131958,0.9122663140296936,0.0714285746216774,0.5,0.46991226077079773,0
embedding-data/deberta-sentence-transformer,C_lex_sem_strong,122,4e4a52d4b158,represent the organization in external relations,1710,d548ad3bd5cf,1,1.4463849067687988,0.7529832124710083,0.34687384963035583,0.1428571492433548,0.7777777910232544,1.0,0
embedding-data/deberta-sentence-transformer,C_lex_sem_strong,122,4e4a52d4b158,represent the organization in external relations,4250,00800930c78d,2,1.3350917100906372,0.7541991472244263,0.35922518372535706,0.20000000298023224,0.4285714328289032,0.87309330701828,0
embedding-data/deberta-sentence-transformer,C_lex_sem_strong,122,4e4a52d4b158,represent the organization in external relations,3889,e7fd9e578cbd,3,1.2189694213867188,0.6925564408302307,-0.26693469285964966,0.0,0.8571428656578064,0.6636886596679688,1
embedding-data/deberta-sentence-transformer,C_lex_sem_strong,122,4e4a52d4b158,represent the organization in external relations,2151,b2b7074805f7,4,1.3563485908508301,0.8691273331642151,1.5266531705856323,0.1111111119389534,0.7777777910232544,0.6251290440559387,1
embedding-data/deberta-sentence-transformer,C_lex_sem_strong,122,4e4a52d4b158,represent the organization in external relations,2384,9f0afa80bca1,5,1.3591063022613525,0.861298680305481,1.447130560874939,0.125,1.0,0.7171462178230286,0
embedding-data/deberta-sentence-transformer,C_lex_sem_strong,122,4e4a52d4b158,represent the organization in external relations,423,d7f334c2fa7d,6,1.1245639324188232,0.7129442691802979,-0.05983736366033554,0.0,1.0,0.5979446768760681,0
embedding-data/deberta-sentence-transformer,C_lex_sem_strong,122,4e4a52d4b158,represent the organization in external relations,4106,7a6199e2dfd9,7,1.2891099452972412,0.6755371689796448,-0.43981459736824036,0.1666666716337204,0.46666666865348816,0.9070048928260803,0
embedding-data/deberta-sentence-transformer,C_lex_sem_strong,122,4e4a52d4b158,represent the organization in external relations,1191,00db8beb6226,8,1.3704135417938232,0.847503662109375,1.307002305984497,0.1666666716337204,0.5714285969734192,0.7993703484535217,0
embedding-data/deberta-sentence-transformer,C_lex_sem_strong,122,4e4a52d4b158,represent the organization in external relations,1713,be979f0acda4,9,1.1591943502426147,0.7536858320236206,0.35401099920272827,0.0,1.0,0.5979446768760681,0
embedding-data/deberta-sentence-transformer,C_lex_sem_strong,122,4e4a52d4b158,represent the organization in external relations,1243,14686b75fbe4,10,1.1169874668121338,0.7506481409072876,0.3231544494628906,0.1428571492433548,0.7142857313156128,0.5413379073143005,0
embedding-data/deberta-sentence-transformer,C_lex_sem_strong,123,05f356a221b7,negotiate labor disputes,4258,2edf95aa0513,1,1.6804587411880494,0.8946572542190552,0.6036440134048462,0.20000000298023224,1.0,1.0,1
embedding-data/deberta-sentence-transformer,C_lex_sem_strong,123,05f356a221b7,negotiate labor disputes,2539,8657d3271db0,2,1.5822815465927125,0.9044166207313538,0.6939177513122559,0.20000000298023224,0.800000011920929,0.8764676451683044,1
embedding-data/deberta-sentence-transformer,C_lex_sem_strong,123,05f356a221b7,negotiate labor disputes,4191,16cd43d3af63,3,0.9642837214469909,0.9226866960525513,0.8629151582717896,0.0,1.0,0.0,1
embedding-data/deberta-sentence-transformer,C_lex_sem_strong,123,05f356a221b7,negotiate labor disputes,2317,4bdd2b965883,4,0.9720768499374389,0.9318550825119019,0.9477223753929138,0.0,1.0,0.0,1
embedding-data/deberta-sentence-transformer,C_lex_sem_strong,123,05f356a221b7,negotiate labor disputes,4722,24baac04910a,5,0.9791193175315857,0.9401403069496155,1.0243604183197021,0.0,1.0,0.0,1
embedding-data/deberta-sentence-transformer,C_lex_sem_strong,123,05f356a221b7,negotiate labor disputes,2436,ab61345d6450,6,0.9662176537513733,0.9249619245529175,0.8839609622955322,0.0,1.0,0.0,1
embedding-data/deberta-sentence-transformer,C_lex_sem_strong,123,05f356a221b7,negotiate labor disputes,4596,2e9e2653d517,7,0.9782093930244445,0.9390698075294495,1.0144582986831665,0.0,1.0,0.0,1
embedding-data/deberta-sentence-transformer,C_lex_sem_strong,123,05f356a221b7,negotiate labor disputes,4514,4b7555920681,8,0.9648885297775268,0.9233981966972351,0.8694965243339539,0.0,1.0,0.0,1
embedding-data/deberta-sentence-transformer,C_lex_sem_strong,123,05f356a221b7,negotiate labor disputes,5175,a4eedaf74db1,9,0.9697193074226379,0.9290814995765686,0.922066867351532,0.0,1.0,0.0,1
embedding-data/deberta-sentence-transformer,C_lex_sem_strong,123,05f356a221b7,negotiate labor disputes,2673,4bef47d4bca5,10,0.9762733745574951,0.9367921352386475,0.993389904499054,0.0,1.0,0.0,1
embedding-data/deberta-sentence-transformer,C_lex_sem_strong,124,3b11edaeeba4,document design or operational test results,2208,8a2fe72edc40,1,1.5042552947998047,0.856546938419342,0.8834355473518372,0.1666666716337204,0.4285714328289032,1.0,0
embedding-data/deberta-sentence-transformer,C_lex_sem_strong,124,3b11edaeeba4,document design or operational test results,2266,c9f8e62f3075,2,1.2856114673614503,0.7372684478759766,-0.2999359965324402,0.125,0.7142857313156128,0.6892925500869751,1
embedding-data/deberta-sentence-transformer,C_lex_sem_strong,124,3b11edaeeba4,document design or operational test results,116,7588597f0f7f,3,1.1600207090377808,0.7119020223617554,-0.5515983700752258,0.1428571492433548,0.5714285969734192,0.6702709197998047,0
embedding-data/deberta-sentence-transformer,C_lex_sem_strong,124,3b11edaeeba4,document design or operational test results,3766,94c75e9264bf,4,1.1913166046142578,0.8287108540534973,0.6072714924812317,0.0,1.0,0.5527319312095642,0
embedding-data/deberta-sentence-transformer,C_lex_sem_strong,124,3b11edaeeba4,document design or operational test results,4058,74fe0528c27f,5,1.4208985137939454,0.8986550569534302,1.3011935949325562,0.1111111119389534,0.8571428656578064,0.6701500415802002,1
embedding-data/deberta-sentence-transformer,C_lex_sem_strong,124,3b11edaeeba4,document design or operational test results,3459,cc4e09d0f3d3,6,1.288765983581543,0.7692493200302124,0.01734880544245243,0.1428571492433548,0.5714285969734192,0.6702709197998047,1
embedding-data/deberta-sentence-transformer,C_lex_sem_strong,124,3b11edaeeba4,document design or operational test results,4057,f7d2308e7f34,7,1.2937333154678345,0.849046528339386,0.809023380279541,0.10000000149011612,0.875,0.5493482947349548,1
embedding-data/deberta-sentence-transformer,C_lex_sem_strong,124,3b11edaeeba4,document design or operational test results,4025,12c794a0d7a1,8,1.3708912134170532,0.769257664680481,0.0174315944314003,0.1666666716337204,0.4285714328289032,0.9154738783836365,0
embedding-data/deberta-sentence-transformer,C_lex_sem_strong,124,3b11edaeeba4,document design or operational test results,2688,0950dcce7437,9,1.249238133430481,0.8168636560440063,0.4897344708442688,0.1428571492433548,0.5714285969734192,0.6702709197998047,0
embedding-data/deberta-sentence-transformer,C_lex_sem_strong,124,3b11edaeeba4,document design or operational test results,3057,801d465b0d9e,10,1.2671097087860108,0.8615902066230774,0.9334701895713806,0.125,1.0,0.47108280658721924,1
embedding-data/deberta-sentence-transformer,C_lex_sem_strong,125,12a1310a48ad,create graphical representations of mechanical equipment,3917,d23e50a9caf6,1,1.4281415939331055,0.8333324193954468,2.4217708110809326,0.125,1.0,0.8497270345687866,0
embedding-data/deberta-sentence-transformer,C_lex_sem_strong,125,12a1310a48ad,create graphical representations of mechanical equipment,548,0586134e1b27,2,1.372904019355774,0.6667838096618652,-0.08728931844234467,0.1111111119389534,1.0,0.8627363443374634,1
embedding-data/deberta-sentence-transformer,C_lex_sem_strong,125,12a1310a48ad,create graphical representations of mechanical equipment,4044,32a696162ad2,3,1.216767864227295,0.8410467505455017,2.537987470626831,0.1111111119389534,0.8571428656578064,0.44848793745040894,1
embedding-data/deberta-sentence-transformer,C_lex_sem_strong,125,12a1310a48ad,create graphical representations of mechanical equipment,427,fcfc414e359f,4,1.0580917596817017,0.716399610042572,0.6601743102073669,0.125,0.7142857313156128,0.5038906931877136,0
embedding-data/deberta-sentence-transformer,C_lex_sem_strong,125,12a1310a48ad,create graphical representations of mechanical equipment,64,23f7245fccee,5,1.2656455039978027,0.639021635055542,-0.5055273771286011,0.1666666716337204,0.4285714328289032,0.923266589641571,0
embedding-data/deberta-sentence-transformer,C_lex_sem_strong,125,12a1310a48ad,create graphical representations of mechanical equipment,3910,b7142dd86deb,6,1.127008752822876,0.7519596815109253,1.1958879232406616,0.125,1.0,0.40406137704849243,1
embedding-data/deberta-sentence-transformer,C_lex_sem_strong,125,12a1310a48ad,create graphical representations of mechanical equipment,3843,40611b9ae5eb,7,0.944521963596344,0.7205758094787598,0.7230888605117798,0.09090909361839294,0.7777777910232544,0.33724701404571533,0
embedding-data/deberta-sentence-transformer,C_lex_sem_strong,125,12a1310a48ad,create graphical representations of mechanical equipment,3955,5ceeb0faa0fc,8,1.2804761695861817,0.879709005355835,3.1204354763031006,0.1428571492433548,0.7142857313156128,0.5038906931877136,1
embedding-data/deberta-sentence-transformer,C_lex_sem_strong,125,12a1310a48ad,create graphical representations of mechanical equipment,4322,111b01115aeb,9,0.9786684679985046,0.7196979522705078,0.7098639011383057,0.0,0.8571428656578064,0.28744420409202576,1
embedding-data/deberta-sentence-transformer,C_lex_sem_strong,125,12a1310a48ad,create graphical representations of mechanical equipment,3183,ee3ed123e7c9,10,0.930467562675476,0.6505552530288696,-0.331773042678833,0.0,0.7142857313156128,0.32295289635658264,1
embedding-data/deberta-sentence-transformer,C_lex_sem_strong,126,ebdb003908ef,research engineering applications of emerging technologies,2342,d9000beaf680,1,1.4482437372207642,0.7357487678527832,0.45235055685043335,0.4000000059604645,0.4285714328289032,1.0,0
embedding-data/deberta-sentence-transformer,C_lex_sem_strong,126,ebdb003908ef,research engineering applications of emerging technologies,2951,14b0ec412e5c,2,0.9500553774833679,0.8102750182151794,1.505995273590088,0.09090909361839294,0.5833333134651184,0.14972355961799622,1
embedding-data/deberta-sentence-transformer,C_lex_sem_strong,126,ebdb003908ef,research engineering applications of emerging technologies,1458,b36a6998874b,3,1.088521318435669,0.8394824862480164,1.9189276695251465,0.1428571492433548,0.5714285969734192,0.29892414808273315,1
embedding-data/deberta-sentence-transformer,C_lex_sem_strong,126,ebdb003908ef,research engineering applications of emerging technologies,2519,fff0695681d5,4,0.9361602234840393,0.7018874883651733,-0.026376869529485703,0.125,0.8571428656578064,0.21263079345226288,1
embedding-data/deberta-sentence-transformer,C_lex_sem_strong,126,ebdb003908ef,research engineering applications of emerging technologies,4990,a08b50631e6a,5,0.9565638470649719,0.834705114364624,1.8513855934143066,0.07692307978868484,0.46666666865348816,0.1500188112258911,1
embedding-data/deberta-sentence-transformer,C_lex_sem_strong,126,ebdb003908ef,research engineering applications of emerging technologies,3142,ed60f88fd612,6,1.0529449152946473,0.7684433460235596,0.9145832657814026,0.1666666716337204,0.4285714328289032,0.3479679524898529,1
embedding-data/deberta-sentence-transformer,C_lex_sem_strong,126,ebdb003908ef,research engineering applications of emerging technologies,4682,e7b1f13719d5,7,0.9687961935997009,0.8295756578445435,1.7788658142089844,0.125,0.7142857313156128,0.23889759182929993,0
embedding-data/deberta-sentence-transformer,C_lex_sem_strong,126,ebdb003908ef,research engineering applications of emerging technologies,4502,98c2bfc7d4aa,8,0.9286814332008362,0.747423529624939,0.6174072027206421,0.125,0.7777777910232544,0.2722766101360321,0
embedding-data/deberta-sentence-transformer,C_lex_sem_strong,126,ebdb003908ef,research engineering applications of emerging technologies,4708,917c5a35fdf5,9,0.9646339583396911,0.8122093677520752,1.533342957496643,0.0,1.0,0.1346513330936432,1
embedding-data/deberta-sentence-transformer,C_lex_sem_strong,126,ebdb003908ef,research engineering applications of emerging technologies,3314,5ccae7640253,10,0.9252236485481262,0.7592905163764954,0.78518146276474,0.125,0.7142857313156128,0.2619973123073578,0
embedding-data/deberta-sentence-transformer,C_lex_sem_strong,127,3d77dabe7560,design electromechanical equipment or systems,4723,66fe44b4fefa,1,1.5306545495986938,0.8007700443267822,0.9536964893341064,0.5,0.5,1.0,0
embedding-data/deberta-sentence-transformer,C_lex_sem_strong,127,3d77dabe7560,design electromechanical equipment or systems,2117,541d0acdc4f9,2,1.1597858238220216,0.7502298355102539,0.21283502876758575,0.1428571492433548,1.0,0.44788438081741333,1
embedding-data/deberta-sentence-transformer,C_lex_sem_strong,127,3d77dabe7560,design electromechanical equipment or systems,3766,94c75e9264bf,3,1.1386445760726929,0.8273264169692993,1.3429824113845825,0.0,0.8571428656578064,0.4995754063129425,0
embedding-data/deberta-sentence-transformer,C_lex_sem_strong,127,3d77dabe7560,design electromechanical equipment or systems,4420,6bc76a3eb886,4,1.15472562789917,0.7860337495803833,0.7376793026924133,0.1666666716337204,0.8333333134651184,0.4141860604286194,1
embedding-data/deberta-sentence-transformer,C_lex_sem_strong,127,3d77dabe7560,design electromechanical equipment or systems,3650,67d0281c5215,5,1.127656774520874,0.7257208228111267,-0.14643897116184235,0.1666666716337204,0.6666666865348816,0.47256287932395935,1
embedding-data/deberta-sentence-transformer,C_lex_sem_strong,127,3d77dabe7560,design electromechanical equipment or systems,2641,414d1ab8da6a,6,1.4183552265167236,0.8376075029373169,1.493691325187683,0.1666666716337204,0.6666666865348816,0.8662697672843933,0
embedding-data/deberta-sentence-transformer,C_lex_sem_strong,127,3d77dabe7560,design electromechanical equipment or systems,4582,bde8c91972ff,7,1.3515454530715942,0.7778321504592896,0.6174532771110535,0.4000000059604645,0.8333333134651184,0.7529352307319641,0
embedding-data/deberta-sentence-transformer,C_lex_sem_strong,127,3d77dabe7560,design electromechanical equipment or systems,2690,7cdbf2771715,8,1.2010312843322755,0.8120438456535339,1.11895751953125,0.1666666716337204,0.6666666865348816,0.47256287932395935,1
embedding-data/deberta-sentence-transformer,C_lex_sem_strong,127,3d77dabe7560,design electromechanical equipment or systems,3663,9b1383e434a5,9,1.4136226177215576,0.8508641719818115,1.6880189180374146,0.4000000059604645,0.8333333134651184,0.7529352307319641,0
embedding-data/deberta-sentence-transformer,C_lex_sem_strong,127,3d77dabe7560,design electromechanical equipment or systems,4035,02bd3f0a6aec,10,1.0871893930435181,0.7853710651397705,0.7279651165008545,0.1428571492433548,1.0,0.3015037178993225,1
embedding-data/deberta-sentence-transformer,C_lex_sem_strong,128,54e485ae84d0,design environmental control systems,4873,6483104c7cb1,1,1.7249344158172608,0.9234522581100464,0.9706537127494812,0.5,0.6000000238418579,1.0,1
embedding-data/deberta-sentence-transformer,C_lex_sem_strong,128,54e485ae84d0,design environmental control systems,2836,a7810e65d792,2,1.5392247009277344,0.8884987235069275,0.6345516443252563,0.4000000059604645,0.800000011920929,0.7771439552307129,1
embedding-data/deberta-sentence-transformer,C_lex_sem_strong,128,54e485ae84d0,design environmental control systems,3918,d4c62f1a558b,3,1.6332546043395997,0.8941187262535095,0.6885918378829956,0.5,0.6000000238418579,0.9046481847763062,1
embedding-data/deberta-sentence-transformer,C_lex_sem_strong,128,54e485ae84d0,design environmental control systems,4723,66fe44b4fefa,4,1.5546274948120118,0.9068998098373413,0.8114906549453735,0.5,0.6000000238418579,0.7768035531044006,1
embedding-data/deberta-sentence-transformer,C_lex_sem_strong,128,54e485ae84d0,design environmental control systems,4582,bde8c91972ff,5,1.44595356464386,0.9135711789131165,0.8756403923034668,0.4000000059604645,1.0,0.5848827958106995,1
embedding-data/deberta-sentence-transformer,C_lex_sem_strong,128,54e485ae84d0,design environmental control systems,3663,9b1383e434a5,6,1.4573741722106934,0.9270071983337402,1.004836916923523,0.4000000059604645,1.0,0.5848827958106995,1
embedding-data/deberta-sentence-transformer,C_lex_sem_strong,128,54e485ae84d0,design environmental control systems,2999,a4a640d71221,7,1.2960861492156983,0.892206072807312,0.6702003479003906,0.1666666716337204,0.800000011920929,0.4919680058956146,1
embedding-data/deberta-sentence-transformer,C_lex_sem_strong,128,54e485ae84d0,design environmental control systems,4247,310c23fd2d02,8,1.2224121856689454,0.8963038921356201,0.7096036672592163,0.1428571492433548,0.8333333134651184,0.3837842345237732,1
embedding-data/deberta-sentence-transformer,C_lex_sem_strong,128,54e485ae84d0,design environmental control systems,4949,93c12cf36ef1,9,1.2397421169281007,0.9287608861923218,1.0216997861862183,0.1666666716337204,0.800000011920929,0.36708852648735046,1
embedding-data/deberta-sentence-transformer,C_lex_sem_strong,128,54e485ae84d0,design environmental control systems,3250,688e91eeecce,10,1.3313166666030884,0.933653712272644,1.068747639656067,0.1666666716337204,0.800000011920929,0.4919680058956146,1
embedding-data/deberta-sentence-transformer,C_lex_sem_strong,129,06f6e71fddcf,calibrate scientific or technical equipment,2641,414d1ab8da6a,1,1.2622374296188354,0.6127020120620728,2.2359251976013184,0.1666666716337204,0.6666666865348816,0.9163439273834229,0
embedding-data/deberta-sentence-transformer,C_lex_sem_strong,129,06f6e71fddcf,calibrate scientific or technical equipment,3213,e73f40d83ac6,2,0.6724070906639099,0.45463839173316956,-0.07112499326467514,0.09090909361839294,0.5,0.31111809611320496,0
embedding-data/deberta-sentence-transformer,C_lex_sem_strong,129,06f6e71fddcf,calibrate scientific or technical equipment,5214,4d29d09f4c1d,3,0.9532380700111389,0.7293780446052551,3.938894510269165,0.1111111119389534,0.6000000238418579,0.3586350083351135,0
embedding-data/deberta-sentence-transformer,C_lex_sem_strong,129,06f6e71fddcf,calibrate scientific or technical equipment,548,0586134e1b27,4,0.766836838722229,0.7072029709815979,3.6152336597442627,0.0,0.8571428656578064,0.0,1
embedding-data/deberta-sentence-transformer,C_lex_sem_strong,129,06f6e71fddcf,calibrate scientific or technical equipment,3337,77c74b3d95ae,5,1.245625615119934,0.7081226110458374,3.6286563873291016,0.1666666716337204,0.8333333134651184,0.7529352307319641,0
embedding-data/deberta-sentence-transformer,C_lex_sem_strong,129,06f6e71fddcf,calibrate scientific or technical equipment,2623,5b9cd334c378,6,0.8960304260253906,0.6782891154289246,3.1932153701782227,0.0,0.5454545617103577,0.3784845769405365,0
embedding-data/deberta-sentence-transformer,C_lex_sem_strong,129,06f6e71fddcf,calibrate scientific or technical equipment,4453,d9ea7797e0d6,7,0.8043252825737,0.5541865229606628,1.3818503618240356,0.1111111119389534,0.6000000238418579,0.3586350083351135,0
embedding-data/deberta-sentence-transformer,C_lex_sem_strong,129,06f6e71fddcf,calibrate scientific or technical equipment,1337,284a65d8619b,8,0.8077556490898132,0.6004326939582825,2.0568459033966064,0.0,0.5,0.35341116786003113,0
embedding-data/deberta-sentence-transformer,C_lex_sem_strong,129,06f6e71fddcf,calibrate scientific or technical equipment,3766,94c75e9264bf,9,1.0515336990356445,0.7010614275932312,3.5255935192108154,0.0,0.8571428656578064,0.5284530520439148,0
embedding-data/deberta-sentence-transformer,C_lex_sem_strong,129,06f6e71fddcf,calibrate scientific or technical equipment,3265,f5115287696e,10,0.759632544517517,0.7015284895896912,3.5324106216430664,0.0,0.8333333134651184,0.0,1
embedding-data/deberta-sentence-transformer,C_lex_sem_strong,130,cbb58925807f,select project materials,3477,3f64988b53ad,1,1.6460521984100343,0.8734356760978699,0.5823954939842224,0.25,0.75,0.9980454444885254,1
embedding-data/deberta-sentence-transformer,C_lex_sem_strong,130,cbb58925807f,select project materials,437,3170a26b09e0,2,1.078648328781128,0.773109495639801,-0.3047053813934326,0.125,0.4444444477558136,0.5029440522193909,0
embedding-data/deberta-sentence-transformer,C_lex_sem_strong,130,cbb58925807f,select project materials,4132,7fb0f980839b,3,1.4708439874649049,0.9138991832733154,0.9401805996894836,0.25,0.75,0.6986138224601746,1
embedding-data/deberta-sentence-transformer,C_lex_sem_strong,130,cbb58925807f,select project materials,74,2d2ac038a838,4,1.6337872314453126,0.8672006726264954,0.5272645950317383,0.3333333432674408,0.5,1.0,1
embedding-data/deberta-sentence-transformer,C_lex_sem_strong,130,cbb58925807f,select project materials,3410,bfd722d7fa43,5,1.186859130859375,0.7446397542953491,-0.5564395785331726,0.1666666716337204,0.800000011920929,0.6294028759002686,0
embedding-data/deberta-sentence-transformer,C_lex_sem_strong,130,cbb58925807f,select project materials,4342,2ee8e7421336,6,1.4381472635269166,0.9388742446899414,1.1610143184661865,0.20000000298023224,1.0,0.6001487970352173,1
embedding-data/deberta-sentence-transformer,C_lex_sem_strong,130,cbb58925807f,select project materials,4787,015c39f2afbc,7,1.5920209455490113,0.8098695278167725,0.020332980901002884,0.25,0.75,0.9980454444885254,1
embedding-data/deberta-sentence-transformer,C_lex_sem_strong,130,cbb58925807f,select project materials,504,74434e985ee7,8,1.0662716627120972,0.7512334585189819,-0.498136967420578,0.1666666716337204,0.6666666865348816,0.46817606687545776,0
embedding-data/deberta-sentence-transformer,C_lex_sem_strong,130,cbb58925807f,select project materials,2880,c19e220921cb,9,1.4866063165664674,0.9324430227279663,1.1041483879089355,0.25,0.75,0.6986138224601746,1
embedding-data/deberta-sentence-transformer,C_lex_sem_strong,130,cbb58925807f,select project materials,4580,8ff3d17c8e2b,10,1.3139092493057252,0.8772958517074585,0.6165278553962708,0.20000000298023224,0.800000011920929,0.5260109901428223,1
embedding-data/deberta-sentence-transformer,C_lex_sem_strong,131,c3b47654a283,create physical models or prototypes,138,800f68468dea,1,1.32193922996521,0.6258108615875244,0.12077457457780838,0.20000000298023224,0.5,1.0,0
embedding-data/deberta-sentence-transformer,C_lex_sem_strong,131,c3b47654a283,create physical models or prototypes,2623,5b9cd334c378,2,1.0097348856925965,0.7036212682723999,1.2463364601135254,0.0,0.5454545617103577,0.39587342739105225,1
embedding-data/deberta-sentence-transformer,C_lex_sem_strong,131,c3b47654a283,create physical models or prototypes,2201,d1ae9adeb7d6,3,1.2649958896636964,0.6423957347869873,0.36068210005760193,0.1428571492433548,0.8333333134651184,0.7529352307319641,1
embedding-data/deberta-sentence-transformer,C_lex_sem_strong,131,c3b47654a283,create physical models or prototypes,3843,40611b9ae5eb,4,0.9422935247421265,0.7161270380020142,1.4272379875183105,0.10000000149011612,0.6666666865348816,0.3527412414550781,0
embedding-data/deberta-sentence-transformer,C_lex_sem_strong,131,c3b47654a283,create physical models or prototypes,3909,9c124312bc5f,5,1.0928794145584106,0.7200537919998169,1.4840401411056519,0.1428571492433548,0.8333333134651184,0.5270410776138306,0
embedding-data/deberta-sentence-transformer,C_lex_sem_strong,131,c3b47654a283,create physical models or prototypes,3766,94c75e9264bf,6,1.161684513092041,0.8106561899185181,2.7946438789367676,0.0,0.8571428656578064,0.5527319312095642,0
embedding-data/deberta-sentence-transformer,C_lex_sem_strong,131,c3b47654a283,create physical models or prototypes,2003,af05ac064c3c,7,1.0253643989562988,0.6687387228012085,0.7417450547218323,0.1428571492433548,1.0,0.4690929353237152,0
embedding-data/deberta-sentence-transformer,C_lex_sem_strong,131,c3b47654a283,create physical models or prototypes,4276,4dfb629a5a70,8,0.9265656471252441,0.5435517430305481,-1.069139838218689,0.1428571492433548,0.8333333134651184,0.503774106502533,0
embedding-data/deberta-sentence-transformer,C_lex_sem_strong,131,c3b47654a283,create physical models or prototypes,2948,63c5028892f6,9,1.094497799873352,0.750072181224823,1.918269395828247,0.1428571492433548,1.0,0.4690929353237152,0
embedding-data/deberta-sentence-transformer,C_lex_sem_strong,131,c3b47654a283,create physical models or prototypes,4044,32a696162ad2,10,1.1332136392593384,0.7998218536376953,2.637920379638672,0.125,1.0,0.4690929353237152,0
embedding-data/deberta-sentence-transformer,C_lex_sem_strong,132,22f88df4c22c,program robotic equipment,4537,725d6ba749ff,1,1.708436803817749,0.9452198147773743,1.0320996046066284,0.25,0.75,1.0,1
embedding-data/deberta-sentence-transformer,C_lex_sem_strong,132,22f88df4c22c,program robotic equipment,610,8e727206b35b,2,1.4369276332855225,0.7242212295532227,-0.9298896789550781,0.20000000298023224,1.0,0.8590565323829651,1
embedding-data/deberta-sentence-transformer,C_lex_sem_strong,132,22f88df4c22c,program robotic equipment,2641,414d1ab8da6a,3,1.5051194429397583,0.8167161345481873,-0.10873503237962723,0.20000000298023224,1.0,0.958443820476532,0
embedding-data/deberta-sentence-transformer,C_lex_sem_strong,132,22f88df4c22c,program robotic equipment,2747,dad3cc4f5ae4,4,1.4888254404067993,0.880746603012085,0.4597170054912567,0.25,0.75,0.8788440227508545,0
embedding-data/deberta-sentence-transformer,C_lex_sem_strong,132,22f88df4c22c,program robotic equipment,986,27e506caea6e,5,1.533158974647522,0.9231473803520203,0.836144208908081,0.20000000298023224,1.0,0.7549766898155212,1
embedding-data/deberta-sentence-transformer,C_lex_sem_strong,132,22f88df4c22c,program robotic equipment,4536,d5ec9cc158c6,6,1.6986788082122803,0.9337398409843445,0.9301823377609253,0.25,0.75,1.0,1
embedding-data/deberta-sentence-transformer,C_lex_sem_strong,132,22f88df4c22c,program robotic equipment,343,cf9f1132f395,7,1.2558403778076173,0.8455232381820679,0.1470097303390503,0.1428571492433548,0.5714285969734192,0.5306161046028137,1
embedding-data/deberta-sentence-transformer,C_lex_sem_strong,132,22f88df4c22c,program robotic equipment,2649,b21cfc0fb42f,8,1.5461984443664551,0.9384879469871521,0.9723352193832397,0.20000000298023224,1.0,0.7549766898155212,1
embedding-data/deberta-sentence-transformer,C_lex_sem_strong,132,22f88df4c22c,program robotic equipment,4320,ffb47dd70a93,9,1.6157582569122315,0.9359616637229919,0.9499073028564453,0.25,0.75,0.8788440227508545,1
embedding-data/deberta-sentence-transformer,C_lex_sem_strong,132,22f88df4c22c,program robotic equipment,3818,e5cabcf75cb6,10,1.6087758111953736,0.9277470707893372,0.8769794702529907,0.25,0.75,0.8788440227508545,1
embedding-data/deberta-sentence-transformer,C_lex_sem_strong,133,70f88532846f,fabricate products or components using machine tools,2497,a83108244e71,1,1.2422709465026855,0.7607595324516296,3.8290750980377197,0.1538461595773697,0.7272727489471436,0.703041136264801,0
embedding-data/deberta-sentence-transformer,C_lex_sem_strong,133,70f88532846f,fabricate products or components using machine tools,2622,62c0405486a6,2,0.8446176815032959,0.5152891278266907,1.4228904247283936,0.0,0.6153846383094788,0.3786907196044922,1
embedding-data/deberta-sentence-transformer,C_lex_sem_strong,133,70f88532846f,fabricate products or components using machine tools,3480,25cde7ea7caa,3,0.8939854502677917,0.2572314441204071,-1.1066789627075195,0.1428571492433548,0.375,0.8703818917274475,0
embedding-data/deberta-sentence-transformer,C_lex_sem_strong,133,70f88532846f,fabricate products or components using machine tools,500,b5af6cc043a0,4,1.1068979072570801,0.7273176312446594,3.5012660026550293,0.09090909361839294,1.0,0.41499432921409607,1
embedding-data/deberta-sentence-transformer,C_lex_sem_strong,133,70f88532846f,fabricate products or components using machine tools,2728,b12a99169d3e,5,0.8855760097503662,0.6575930118560791,2.8178017139434814,0.0,0.6153846383094788,0.3786907196044922,0
embedding-data/deberta-sentence-transformer,C_lex_sem_strong,133,70f88532846f,fabricate products or components using machine tools,426,4869b25d1df5,6,1.0025088787078857,0.696485698223114,3.1990408897399902,0.10000000149011612,1.0,0.41499432921409607,0
embedding-data/deberta-sentence-transformer,C_lex_sem_strong,133,70f88532846f,fabricate products or components using machine tools,738,ac287266dca9,7,0.8967491984367371,0.43232840299606323,0.6096811294555664,0.125,0.5,0.6489572525024414,0
embedding-data/deberta-sentence-transformer,C_lex_sem_strong,133,70f88532846f,fabricate products or components using machine tools,3766,94c75e9264bf,8,1.0726405382156372,0.6617698669433594,2.8587446212768555,0.0,0.875,0.6037659645080566,0
embedding-data/deberta-sentence-transformer,C_lex_sem_strong,133,70f88532846f,fabricate products or components using machine tools,2623,5b9cd334c378,9,0.9082027077674866,0.6267978549003601,2.515937089920044,0.0,0.7272727489471436,0.4324246048927307,0
embedding-data/deberta-sentence-transformer,C_lex_sem_strong,133,70f88532846f,fabricate products or components using machine tools,215,f3e87868bbce,10,1.09220290184021,0.5398547053337097,1.6636905670166016,0.125,0.5,0.7976091504096985,0
embedding-data/deberta-sentence-transformer,C_lex_sem_strong,134,469df54e4928,inspect facilities or sites to determine if they meet specifications or standards,2382,2c9191489a0d,1,1.2366630601882935,0.8449017405509949,4.53849458694458,0.0555555559694767,0.8666666746139526,0.4867410361766815,1
embedding-data/deberta-sentence-transformer,C_lex_sem_strong,134,469df54e4928,inspect facilities or sites to determine if they meet specifications or standards,3462,86f1e94b0dce,2,0.9779165387153625,0.27628186345100403,-0.16272269189357758,0.10000000149011612,0.23076923191547394,1.0,0
embedding-data/deberta-sentence-transformer,C_lex_sem_strong,134,469df54e4928,inspect facilities or sites to determine if they meet specifications or standards,2622,62c0405486a6,3,0.9505382347106933,0.47151896357536316,1.4514524936676025,0.0,1.0,0.5282101035118103,1
embedding-data/deberta-sentence-transformer,C_lex_sem_strong,134,469df54e4928,inspect facilities or sites to determine if they meet specifications or standards,3946,d77de4fdc1c2,4,1.0527712273597718,0.5961935520172119,2.4822330474853516,0.0625,0.9285714030265808,0.515213668346405,1
embedding-data/deberta-sentence-transformer,C_lex_sem_strong,134,469df54e4928,inspect facilities or sites to determine if they meet specifications or standards,2623,5b9cd334c378,5,1.0537071228027344,0.6433880925178528,2.8724265098571777,0.0,0.8461538553237915,0.6031598448753357,0
embedding-data/deberta-sentence-transformer,C_lex_sem_strong,134,469df54e4928,inspect facilities or sites to determine if they meet specifications or standards,426,4869b25d1df5,6,0.9466829299926758,0.5185021162033081,1.8398982286453247,0.07692307978868484,0.6153846383094788,0.6129043698310852,0
embedding-data/deberta-sentence-transformer,C_lex_sem_strong,134,469df54e4928,inspect facilities or sites to determine if they meet specifications or standards,1337,284a65d8619b,7,1.007498025894165,0.6128808259963989,2.620199680328369,0.0,0.9230769276618958,0.5632023811340332,0
embedding-data/deberta-sentence-transformer,C_lex_sem_strong,134,469df54e4928,inspect facilities or sites to determine if they meet specifications or standards,5216,5f28836331e0,8,0.8988311457633972,0.6930766701698303,3.28324031829834,0.0,0.8461538553237915,0.20728643238544464,1
embedding-data/deberta-sentence-transformer,C_lex_sem_strong,134,469df54e4928,inspect facilities or sites to determine if they meet specifications or standards,1777,62955ffe255a,9,1.1695199775695801,0.7756650447845459,3.96606183052063,0.0625,0.7692307829856873,0.4868307411670685,1
embedding-data/deberta-sentence-transformer,C_lex_sem_strong,134,469df54e4928,inspect facilities or sites to determine if they meet specifications or standards,181,6e0262463c46,10,1.108335256576538,0.6070961952209473,2.572373628616333,0.06666667014360428,0.692307710647583,0.7281991243362427,0
embedding-data/deberta-sentence-transformer,C_lex_sem_strong,135,4055e1544ee0,assemble equipment or components,2641,414d1ab8da6a,1,1.5183852910995483,0.8216297626495361,0.34303805232048035,0.20000000298023224,0.800000011920929,1.0,0
embedding-data/deberta-sentence-transformer,C_lex_sem_strong,135,4055e1544ee0,assemble equipment or components,3707,ae14f32b277d,2,1.0137042999267578,0.6842377781867981,-1.0268291234970093,0.1428571492433548,0.625,0.4871867597103119,0
embedding-data/deberta-sentence-transformer,C_lex_sem_strong,135,4055e1544ee0,assemble equipment or components,5278,e8225f9a3276,3,1.4087516069412231,0.8887725472450256,1.012485384941101,0.20000000298023224,0.800000011920929,0.7618498802185059,0
embedding-data/deberta-sentence-transformer,C_lex_sem_strong,135,4055e1544ee0,assemble equipment or components,3766,94c75e9264bf,4,1.1627938747406006,0.8090319633483887,0.2174316644668579,0.0,0.7142857313156128,0.5766972899436951,0
embedding-data/deberta-sentence-transformer,C_lex_sem_strong,135,4055e1544ee0,assemble equipment or components,1706,a81766caa389,5,1.3229295015335083,0.841780960559845,0.5439556241035461,0.20000000298023224,1.0,0.6677367687225342,0
embedding-data/deberta-sentence-transformer,C_lex_sem_strong,135,4055e1544ee0,assemble equipment or components,1140,d08dec64d953,6,1.3576468229293823,0.8168846368789673,0.2957267761230469,0.25,0.800000011920929,0.7618498802185059,0
embedding-data/deberta-sentence-transformer,C_lex_sem_strong,135,4055e1544ee0,assemble equipment or components,215,f3e87868bbce,7,1.4082943201065063,0.8882344961166382,1.0071207284927368,0.20000000298023224,0.800000011920929,0.7618498802185059,0
embedding-data/deberta-sentence-transformer,C_lex_sem_strong,135,4055e1544ee0,assemble equipment or components,1694,d6c8c0983834,8,1.4555737972259521,0.8552436232566833,0.6781851649284363,0.0,0.6000000238418579,0.9551669359207153,0
embedding-data/deberta-sentence-transformer,C_lex_sem_strong,135,4055e1544ee0,assemble equipment or components,1708,2a145fc7beb8,9,1.3615844249725342,0.8872573375701904,0.9973779916763306,0.20000000298023224,1.0,0.6677367687225342,0
embedding-data/deberta-sentence-transformer,C_lex_sem_strong,135,4055e1544ee0,assemble equipment or components,3955,5ceeb0faa0fc,10,0.9411462116241455,0.8954660892486572,1.079223394393921,0.0,1.0,0.0,1
embedding-data/deberta-sentence-transformer,C_lex_sem_strong,136,ded8762bb927,maintain electromechanical equipment,2641,414d1ab8da6a,1,1.5505098104476929,0.8358939290046692,0.11257828027009964,0.20000000298023224,1.0,1.0,0
embedding-data/deberta-sentence-transformer,C_lex_sem_strong,136,ded8762bb927,maintain electromechanical equipment,3957,b230fd553e55,2,0.9660666155815124,0.9247841835021973,0.8620336055755615,0.0,1.0,0.0,1
embedding-data/deberta-sentence-transformer,C_lex_sem_strong,136,ded8762bb927,maintain electromechanical equipment,78,cefdec315735,3,0.9613621401786804,0.9192495346069336,0.8153696060180664,0.0,1.0,0.0,1
embedding-data/deberta-sentence-transformer,C_lex_sem_strong,136,ded8762bb927,maintain electromechanical equipment,3783,9d099b0af1fd,4,0.9606188106536865,0.9183750152587891,0.8079963326454163,0.0,1.0,0.0,1
embedding-data/deberta-sentence-transformer,C_lex_sem_strong,136,ded8762bb927,maintain electromechanical equipment,2317,4bdd2b965883,5,0.964885549545288,0.9233946800231934,0.8503183722496033,0.0,1.0,0.0,1
embedding-data/deberta-sentence-transformer,C_lex_sem_strong,136,ded8762bb927,maintain electromechanical equipment,2673,4bef47d4bca5,6,0.9718222784996032,0.9315555691719055,0.9191247820854187,0.0,1.0,0.0,1
embedding-data/deberta-sentence-transformer,C_lex_sem_strong,136,ded8762bb927,maintain electromechanical equipment,5173,edcf4d54a745,7,0.9763451385498046,0.9368765950202942,0.9639876484870911,0.0,1.0,0.0,1
embedding-data/deberta-sentence-transformer,C_lex_sem_strong,136,ded8762bb927,maintain electromechanical equipment,3983,1292506f4417,8,0.9605241584777832,0.9182636737823486,0.8070575594902039,0.0,1.0,0.0,1
embedding-data/deberta-sentence-transformer,C_lex_sem_strong,136,ded8762bb927,maintain electromechanical equipment,2331,ed9db89f4fae,9,0.9673059153556823,0.9262421727180481,0.874326229095459,0.0,1.0,0.0,1
embedding-data/deberta-sentence-transformer,C_lex_sem_strong,136,ded8762bb927,maintain electromechanical equipment,2366,078c62a4ef11,10,0.9784018564224243,0.9392962455749512,0.9843882918357849,0.0,1.0,0.0,1
embedding-data/deberta-sentence-transformer,C_lex_sem_strong,137,a4f4cc8a14a2,operate industrial equipment,107,20be59e19f80,1,1.640300350189209,0.8650592565536499,0.2534404993057251,0.25,0.75,1.0,1
embedding-data/deberta-sentence-transformer,C_lex_sem_strong,137,a4f4cc8a14a2,operate industrial equipment,2641,414d1ab8da6a,2,1.5859159994125367,0.8995016813278198,0.5524927377700806,0.20000000298023224,1.0,0.8590565323829651,1
embedding-data/deberta-sentence-transformer,C_lex_sem_strong,137,a4f4cc8a14a2,operate industrial equipment,4524,f0e415744ae6,3,0.9716082382202148,0.9313037395477295,0.8286195993423462,0.0,1.0,0.0,1
embedding-data/deberta-sentence-transformer,C_lex_sem_strong,137,a4f4cc8a14a2,operate industrial equipment,4929,494c8f51df54,4,0.9599159526824951,0.9175481200218201,0.7091840505599976,0.0,1.0,0.0,1
embedding-data/deberta-sentence-transformer,C_lex_sem_strong,137,a4f4cc8a14a2,operate industrial equipment,1702,6b306e6c84b1,5,0.9582007694244384,0.915530264377594,0.6916636824607849,0.0,1.0,0.0,1
embedding-data/deberta-sentence-transformer,C_lex_sem_strong,137,a4f4cc8a14a2,operate industrial equipment,32,988eb2e6f3f1,6,0.9584263134002685,0.915795624256134,0.6939677000045776,0.0,1.0,0.0,1
embedding-data/deberta-sentence-transformer,C_lex_sem_strong,137,a4f4cc8a14a2,operate industrial equipment,4083,3d65c29f4c5e,7,0.9637119936943054,0.922014057636261,0.7479603290557861,0.0,1.0,0.0,1
embedding-data/deberta-sentence-transformer,C_lex_sem_strong,137,a4f4cc8a14a2,operate industrial equipment,3544,6ec2fb10fe10,8,0.9673783946037292,0.9263274669647217,0.7854122519493103,0.0,1.0,0.0,1
embedding-data/deberta-sentence-transformer,C_lex_sem_strong,137,a4f4cc8a14a2,operate industrial equipment,5135,96ffdbb9fa5c,9,0.9677357840538025,0.9267479181289673,0.7890628576278687,0.0,1.0,0.0,1
embedding-data/deberta-sentence-transformer,C_lex_sem_strong,137,a4f4cc8a14a2,operate industrial equipment,3622,f5058aa8b4e1,10,0.9675187039375305,0.9264925718307495,0.7868458032608032,0.0,1.0,0.0,1
embedding-data/deberta-sentence-transformer,C_lex_sem_strong,138,ef5aeb4ce41e,repair electronic equipment,2641,414d1ab8da6a,1,1.6820900011062623,0.8965765237808228,0.7344526052474976,0.20000000298023224,1.0,1.0,1
embedding-data/deberta-sentence-transformer,C_lex_sem_strong,138,ef5aeb4ce41e,repair electronic equipment,3391,3ace9da3b108,2,1.573852972984314,0.9170272946357727,0.9034631252288818,0.20000000298023224,1.0,0.8205423951148987,1
embedding-data/deberta-sentence-transformer,C_lex_sem_strong,138,ef5aeb4ce41e,repair electronic equipment,4164,a84a40642a3c,3,1.6531782913208009,0.9171311855316162,0.9043216705322266,0.25,0.75,0.9551669359207153,1
embedding-data/deberta-sentence-transformer,C_lex_sem_strong,138,ef5aeb4ce41e,repair electronic equipment,3955,5ceeb0faa0fc,4,1.3293365240097046,0.8304839134216309,0.18824607133865356,0.20000000298023224,0.800000011920929,0.7191788554191589,0
embedding-data/deberta-sentence-transformer,C_lex_sem_strong,138,ef5aeb4ce41e,repair electronic equipment,215,f3e87868bbce,5,1.4098186492919922,0.8181635141372681,0.08642707765102386,0.20000000298023224,1.0,0.8205423951148987,0
embedding-data/deberta-sentence-transformer,C_lex_sem_strong,138,ef5aeb4ce41e,repair electronic equipment,2304,4a96d68a92ef,6,1.5727419424057008,0.9157202243804932,0.8926611542701721,0.20000000298023224,1.0,0.8205423951148987,1
embedding-data/deberta-sentence-transformer,C_lex_sem_strong,138,ef5aeb4ce41e,repair electronic equipment,1321,9bc14bd09c21,7,1.5564152765274049,0.8965123891830444,0.7339226007461548,0.20000000298023224,1.0,0.8205423951148987,1
embedding-data/deberta-sentence-transformer,C_lex_sem_strong,138,ef5aeb4ce41e,repair electronic equipment,2758,cb749fca8306,8,0.9588996934890747,0.9163525104522705,0.8978865146636963,0.0,1.0,0.0,1
embedding-data/deberta-sentence-transformer,C_lex_sem_strong,138,ef5aeb4ce41e,repair electronic equipment,4480,7fb0a83a1950,9,0.9540620613098144,0.9106612205505371,0.8508521914482117,0.0,1.0,0.0,1
embedding-data/deberta-sentence-transformer,C_lex_sem_strong,138,ef5aeb4ce41e,repair electronic equipment,123,4a0d5cbe9087,10,0.9614814090728759,0.9193898439407349,0.9229878187179565,0.0,1.0,0.0,1
embedding-data/deberta-sentence-transformer,C_lex_sem_strong,139,80c1c070d6f0,"maintain inventories of materials, equipment, or products",2641,414d1ab8da6a,1,1.3181039094924927,0.6705094575881958,1.1583545207977295,0.1428571492433548,0.5,0.9565705060958862,0
embedding-data/deberta-sentence-transformer,C_lex_sem_strong,139,80c1c070d6f0,"maintain inventories of materials, equipment, or products",2728,b12a99169d3e,2,0.9812130928039551,0.6573877334594727,0.9607865810394287,0.0,0.6153846383094788,0.5155643224716187,0
embedding-data/deberta-sentence-transformer,C_lex_sem_strong,139,80c1c070d6f0,"maintain inventories of materials, equipment, or products",3566,581ac2a59c21,3,0.8766606450080872,0.7409719824790955,2.2192776203155518,0.0,0.8888888955116272,0.22563651204109192,0
embedding-data/deberta-sentence-transformer,C_lex_sem_strong,139,80c1c070d6f0,"maintain inventories of materials, equipment, or products",2623,5b9cd334c378,4,0.9067845940589905,0.6558677554130554,0.9379009008407593,0.0,0.7272727489471436,0.3950996696949005,0
embedding-data/deberta-sentence-transformer,C_lex_sem_strong,139,80c1c070d6f0,"maintain inventories of materials, equipment, or products",4998,8ce14d15a94f,5,0.8666537404060364,0.6993793249130249,1.593035340309143,0.0,1.0,0.24597321450710297,0
embedding-data/deberta-sentence-transformer,C_lex_sem_strong,139,80c1c070d6f0,"maintain inventories of materials, equipment, or products",3410,bfd722d7fa43,6,1.1132944822311401,0.688485324382782,1.429009199142456,0.125,0.625,0.6294028759002686,0
embedding-data/deberta-sentence-transformer,C_lex_sem_strong,139,80c1c070d6f0,"maintain inventories of materials, equipment, or products",3766,94c75e9264bf,7,1.170013427734375,0.8192439079284668,3.3977832794189453,0.0,0.875,0.5516515970230103,0
embedding-data/deberta-sentence-transformer,C_lex_sem_strong,139,80c1c070d6f0,"maintain inventories of materials, equipment, or products",3845,5bcb52a0b91e,8,0.9095761179924011,0.7498762607574463,2.3533453941345215,0.0,1.0,0.24597321450710297,0
embedding-data/deberta-sentence-transformer,C_lex_sem_strong,139,80c1c070d6f0,"maintain inventories of materials, equipment, or products",4957,25aa304c3c46,9,1.1040802001953125,0.5246347188949585,-1.038016676902771,0.1428571492433548,0.5,0.8279561400413513,0
embedding-data/deberta-sentence-transformer,C_lex_sem_strong,139,80c1c070d6f0,"maintain inventories of materials, equipment, or products",989,4ec4f7a20f54,10,1.2028979063034058,0.7896992564201355,2.952942371368408,0.1428571492433548,0.625,0.6294028759002686,0
embedding-data/deberta-sentence-transformer,C_lex_sem_strong,140,f07eaef01260,determine operational criteria or specifications,2800,02ac2ff76b94,1,1.5326929092407227,0.8737564086914062,0.8551921248435974,0.20000000298023224,0.5,1.0,0
embedding-data/deberta-sentence-transformer,C_lex_sem_strong,140,f07eaef01260,determine operational criteria or specifications,3766,94c75e9264bf,2,1.105124592781067,0.7913168668746948,0.10253715515136719,0.0,0.8571428656578064,0.4954155683517456,0
embedding-data/deberta-sentence-transformer,C_lex_sem_strong,140,f07eaef01260,determine operational criteria or specifications,2149,ce5275d1f549,3,1.253890872001648,0.8068184852600098,0.24406354129314423,0.1428571492433548,0.8333333134651184,0.6517003774642944,0
embedding-data/deberta-sentence-transformer,C_lex_sem_strong,140,f07eaef01260,determine operational criteria or specifications,4058,74fe0528c27f,4,1.2888574600219727,0.8745846748352051,0.8627539873123169,0.125,1.0,0.6006578207015991,0
embedding-data/deberta-sentence-transformer,C_lex_sem_strong,140,f07eaef01260,determine operational criteria or specifications,4059,966ff254f415,5,1.4409721660614014,0.9137250781059265,1.220097303390503,0.1428571492433548,0.8333333134651184,0.6748585104942322,1
embedding-data/deberta-sentence-transformer,C_lex_sem_strong,140,f07eaef01260,determine operational criteria or specifications,1694,d6c8c0983834,6,1.4480557012557984,0.8749129772186279,0.865751326084137,0.0,0.5,0.8205423951148987,1
embedding-data/deberta-sentence-transformer,C_lex_sem_strong,140,f07eaef01260,determine operational criteria or specifications,4057,f7d2308e7f34,7,1.1358393430709839,0.8164106011390686,0.331637442111969,0.1111111119389534,0.75,0.49238282442092896,0
embedding-data/deberta-sentence-transformer,C_lex_sem_strong,140,f07eaef01260,determine operational criteria or specifications,689,f1b8bdf23453,8,1.158951120376587,0.9013264179229736,1.1069002151489258,0.09090909361839294,0.5,0.34948843717575073,1
embedding-data/deberta-sentence-transformer,C_lex_sem_strong,140,f07eaef01260,determine operational criteria or specifications,3891,6579f5e89913,9,0.9413252639770507,0.8956767320632935,1.0553197860717773,0.0,1.0,0.0,1
embedding-data/deberta-sentence-transformer,C_lex_sem_strong,140,f07eaef01260,determine operational criteria or specifications,4561,7dbb7909a0ac,10,0.9557057785987854,0.9125949740409851,1.2097797393798828,0.0,1.0,0.0,1
embedding-data/deberta-sentence-transformer,C_lex_sem_strong,141,dbc0d59bd942,research advanced engineering designs or applications,4828,0207b591a5d5,1,1.4153242111206055,0.7519219517707825,0.3430505692958832,0.1666666716337204,0.4285714328289032,1.0,0
embedding-data/deberta-sentence-transformer,C_lex_sem_strong,141,dbc0d59bd942,research advanced engineering designs or applications,3378,d2e5330ba975,2,1.1897023487091065,0.8015940189361572,0.9256484508514404,0.1666666716337204,0.5,0.49287739396095276,1
embedding-data/deberta-sentence-transformer,C_lex_sem_strong,141,dbc0d59bd942,research advanced engineering designs or applications,2142,7283b3452da1,3,1.144291000366211,0.8029994964599609,0.9421331286430359,0.10000000149011612,0.875,0.39177343249320984,1
embedding-data/deberta-sentence-transformer,C_lex_sem_strong,141,dbc0d59bd942,research advanced engineering designs or applications,3766,94c75e9264bf,4,1.2760626840591431,0.8542888760566711,1.5437002182006836,0.0,1.0,0.5284530520439148,1
embedding-data/deberta-sentence-transformer,C_lex_sem_strong,141,dbc0d59bd942,research advanced engineering designs or applications,4349,d007e0bd579b,5,1.2450781631469727,0.8468432426452637,1.4563713073730469,0.125,0.8571428656578064,0.4779244065284729,1
embedding-data/deberta-sentence-transformer,C_lex_sem_strong,141,dbc0d59bd942,research advanced engineering designs or applications,4682,e7b1f13719d5,6,1.209439949989319,0.8369256854057312,1.340049386024475,0.125,0.7142857313156128,0.4594637453556061,1
embedding-data/deberta-sentence-transformer,C_lex_sem_strong,141,dbc0d59bd942,research advanced engineering designs or applications,2135,ac79098e2790,7,1.1438829898834229,0.7403730750083923,0.20759513974189758,0.1428571492433548,0.5714285969734192,0.6126450300216675,0
embedding-data/deberta-sentence-transformer,C_lex_sem_strong,141,dbc0d59bd942,research advanced engineering designs or applications,2821,e4de9d1b89bb,8,1.1385250091552734,0.7340695261955261,0.13366155326366425,0.1428571492433548,0.5714285969734192,0.6126450300216675,0
embedding-data/deberta-sentence-transformer,C_lex_sem_strong,141,dbc0d59bd942,research advanced engineering designs or applications,3963,91bd8992e298,9,1.1430342197418213,0.8163319826126099,1.0985082387924194,0.125,0.7142857313156128,0.5038906931877136,0
embedding-data/deberta-sentence-transformer,C_lex_sem_strong,141,dbc0d59bd942,research advanced engineering designs or applications,301,b3202b182771,10,1.3104983568191528,0.8855990171432495,1.910933256149292,0.125,0.7142857313156128,0.6590151786804199,0
embedding-data/deberta-sentence-transformer,C_lex_sem_strong,142,c71cb5036aef,"coordinate activities with suppliers, contractors, clients, or other departments",147,575ea3efc7e8,1,1.1153612899780274,0.7307882308959961,3.472306728363037,0.05000000074505806,0.4000000059604645,0.5202733278274536,1
embedding-data/deberta-sentence-transformer,C_lex_sem_strong,142,c71cb5036aef,"coordinate activities with suppliers, contractors, clients, or other departments",1694,d6c8c0983834,2,0.9328631162643433,0.23866252601146698,-0.5367652177810669,0.0,0.30000001192092896,1.0,0
embedding-data/deberta-sentence-transformer,C_lex_sem_strong,142,c71cb5036aef,"coordinate activities with suppliers, contractors, clients, or other departments",3265,f5115287696e,3,0.8361989855766296,0.5064877867698669,1.6450568437576294,0.0,0.5,0.5081204771995544,0
embedding-data/deberta-sentence-transformer,C_lex_sem_strong,142,c71cb5036aef,"coordinate activities with suppliers, contractors, clients, or other departments",1852,e777e212e8b7,4,0.7645625472068787,0.5770421624183655,2.2198238372802734,0.0,0.8333333134651184,0.27249059081077576,0
embedding-data/deberta-sentence-transformer,C_lex_sem_strong,142,c71cb5036aef,"coordinate activities with suppliers, contractors, clients, or other departments",2622,62c0405486a6,5,0.923991994857788,0.5905711054801941,2.3300364017486572,0.0,0.7692307829856873,0.3786907196044922,1
embedding-data/deberta-sentence-transformer,C_lex_sem_strong,142,c71cb5036aef,"coordinate activities with suppliers, contractors, clients, or other departments",2623,5b9cd334c378,6,0.9074842929840088,0.6045622825622559,2.44401478767395,0.0,0.9090909361839294,0.4324246048927307,0
embedding-data/deberta-sentence-transformer,C_lex_sem_strong,142,c71cb5036aef,"coordinate activities with suppliers, contractors, clients, or other departments",3766,94c75e9264bf,7,1.0502725839614868,0.6560428142547607,2.8633978366851807,0.0,0.699999988079071,0.6037659645080566,0
embedding-data/deberta-sentence-transformer,C_lex_sem_strong,142,c71cb5036aef,"coordinate activities with suppliers, contractors, clients, or other departments",2620,89d5c7b39619,8,0.9492230582237243,0.7216560244560242,3.397911787033081,0.0,0.7692307829856873,0.2555604875087738,1
embedding-data/deberta-sentence-transformer,C_lex_sem_strong,142,c71cb5036aef,"coordinate activities with suppliers, contractors, clients, or other departments",4982,5e70d02c328a,9,0.8367528486251831,0.5139732360839844,1.7060366868972778,0.0,1.0,0.3141079545021057,1
embedding-data/deberta-sentence-transformer,C_lex_sem_strong,142,c71cb5036aef,"coordinate activities with suppliers, contractors, clients, or other departments",4449,4a4024b6d82b,10,0.857551634311676,0.5909817218780518,2.3333816528320312,0.0,0.699999988079071,0.40745314955711365,0
embedding-data/deberta-sentence-transformer,C_lex_sem_strong,143,fd635c6ca5be,conduct quantitative failure analyses of operational data,4058,74fe0528c27f,1,1.3349651861190797,0.9033236503601074,2.5860729217529297,0.10000000149011612,0.75,0.560200035572052,1
embedding-data/deberta-sentence-transformer,C_lex_sem_strong,143,fd635c6ca5be,conduct quantitative failure analyses of operational data,2784,1732ea38dce6,2,1.0772455930709839,0.4915056824684143,-1.6157236099243164,0.25,0.75,0.7635224461555481,0
embedding-data/deberta-sentence-transformer,C_lex_sem_strong,143,fd635c6ca5be,conduct quantitative failure analyses of operational data,5269,c7f2db9e17f8,3,1.1498991250991821,0.6689983606338501,0.19524189829826355,0.1428571492433548,0.5,0.7181130647659302,0
embedding-data/deberta-sentence-transformer,C_lex_sem_strong,143,fd635c6ca5be,conduct quantitative failure analyses of operational data,3665,3ee28fe1a60c,4,1.24691641330719,0.5748037099838257,-0.7658301591873169,0.1666666716337204,0.25,1.0,0
embedding-data/deberta-sentence-transformer,C_lex_sem_strong,143,fd635c6ca5be,conduct quantitative failure analyses of operational data,1443,3d9cb8ab1a44,5,1.0258797407150269,0.670114278793335,0.20662766695022583,0.1111111119389534,0.75,0.5129433870315552,0
embedding-data/deberta-sentence-transformer,C_lex_sem_strong,143,fd635c6ca5be,conduct quantitative failure analyses of operational data,1577,30283b9c2649,6,1.1926313638687134,0.7850163578987122,1.3789784908294678,0.125,0.5,0.6433821320533752,0
embedding-data/deberta-sentence-transformer,C_lex_sem_strong,143,fd635c6ca5be,conduct quantitative failure analyses of operational data,4983,98b7e7188c21,7,1.217516975402832,0.8925027847290039,2.4756672382354736,0.10000000149011612,0.8888888955116272,0.38571521639823914,1
embedding-data/deberta-sentence-transformer,C_lex_sem_strong,143,fd635c6ca5be,conduct quantitative failure analyses of operational data,3335,088ad8c73ee2,8,1.1756901741027832,0.786249041557312,1.391555666923523,0.1111111119389534,0.75,0.5859374403953552,0
embedding-data/deberta-sentence-transformer,C_lex_sem_strong,143,fd635c6ca5be,conduct quantitative failure analyses of operational data,2563,3936108bda0b,9,1.1027414798736572,0.7030415534973145,0.542586088180542,0.10000000149011612,0.75,0.5859374403953552,0
embedding-data/deberta-sentence-transformer,C_lex_sem_strong,143,fd635c6ca5be,conduct quantitative failure analyses of operational data,3336,b4854fe5d64d,10,1.1699415016174317,0.8386707305908203,1.9264163970947266,0.09090909361839294,0.8888888955116272,0.38571521639823914,1
embedding-data/deberta-sentence-transformer,C_lex_sem_strong,144,7a053b14e6ec,determine design criteria or specifications,2800,02ac2ff76b94,1,1.484468936920166,0.8170223236083984,0.6571913361549377,0.20000000298023224,0.5,1.0,0
embedding-data/deberta-sentence-transformer,C_lex_sem_strong,144,7a053b14e6ec,determine design criteria or specifications,3766,94c75e9264bf,2,1.1219228506088257,0.8110795021057129,0.5968903303146362,0.0,0.8571428656578064,0.4954155683517456,0
embedding-data/deberta-sentence-transformer,C_lex_sem_strong,144,7a053b14e6ec,determine design criteria or specifications,2149,ce5275d1f549,3,1.2515395879745483,0.8040522336959839,0.5255856513977051,0.1428571492433548,0.8333333134651184,0.6517003774642944,0
embedding-data/deberta-sentence-transformer,C_lex_sem_strong,144,7a053b14e6ec,determine design criteria or specifications,482,5a5e54a2b902,4,1.0968119668960572,0.8029608726501465,0.51451176404953,0.125,1.0,0.29899317026138306,1
embedding-data/deberta-sentence-transformer,C_lex_sem_strong,144,7a053b14e6ec,determine design criteria or specifications,689,f1b8bdf23453,5,1.1652746963500977,0.908765971660614,1.5881011486053467,0.09090909361839294,0.5,0.34948843717575073,1
embedding-data/deberta-sentence-transformer,C_lex_sem_strong,144,7a053b14e6ec,determine design criteria or specifications,2512,5de07ec45ece,6,1.15230544090271,0.8476338386535645,0.9678020477294922,0.1666666716337204,0.8333333134651184,0.3359284996986389,1
embedding-data/deberta-sentence-transformer,C_lex_sem_strong,144,7a053b14e6ec,determine design criteria or specifications,4202,28ce6bceb890,7,1.2082483339309693,0.8940652012825012,1.438934564590454,0.1666666716337204,0.6666666865348816,0.38327541947364807,1
embedding-data/deberta-sentence-transformer,C_lex_sem_strong,144,7a053b14e6ec,determine design criteria or specifications,4078,cb7e0b7eceef,8,1.142650203704834,0.8568882942199707,1.0617057085037231,0.125,1.0,0.29899317026138306,1
embedding-data/deberta-sentence-transformer,C_lex_sem_strong,144,7a053b14e6ec,determine design criteria or specifications,514,4771395651ce,9,1.1493986415863038,0.8442140817642212,0.9331022500991821,0.1666666716337204,0.8333333134651184,0.3359284996986389,1
embedding-data/deberta-sentence-transformer,C_lex_sem_strong,144,7a053b14e6ec,determine design criteria or specifications,3963,91bd8992e298,10,1.180110411643982,0.8859477043151855,1.3565673828125,0.1428571492433548,0.8333333134651184,0.3359284996986389,1
embedding-data/deberta-sentence-transformer,C_lex_sem_strong,145,7809c19536e4,evaluate technical data to determine effect on designs or plans,4507,4308d262ba90,1,1.359621524810791,0.7142612338066101,1.9256948232650757,0.20000000298023224,0.5454545617103577,0.9399343132972717,0
embedding-data/deberta-sentence-transformer,C_lex_sem_strong,145,7809c19536e4,evaluate technical data to determine effect on designs or plans,2622,62c0405486a6,2,0.9943112730979919,0.4527299404144287,-0.3176533579826355,0.0,0.8461538553237915,0.7498220205307007,0
embedding-data/deberta-sentence-transformer,C_lex_sem_strong,145,7809c19536e4,evaluate technical data to determine effect on designs or plans,2728,b12a99169d3e,3,1.1417810487747193,0.71929931640625,1.9689102172851562,0.07692307978868484,0.8461538553237915,0.5005381107330322,1
embedding-data/deberta-sentence-transformer,C_lex_sem_strong,145,7809c19536e4,evaluate technical data to determine effect on designs or plans,823,b72c3acb9785,4,0.9911623597145081,0.4087405800819397,-0.6949827671051025,0.1111111119389534,0.4545454680919647,0.8229372501373291,0
embedding-data/deberta-sentence-transformer,C_lex_sem_strong,145,7809c19536e4,evaluate technical data to determine effect on designs or plans,2623,5b9cd334c378,5,0.9947140216827393,0.5777032971382141,0.7543359994888306,0.0,1.0,0.5766659379005432,0
embedding-data/deberta-sentence-transformer,C_lex_sem_strong,145,7809c19536e4,evaluate technical data to determine effect on designs or plans,2300,754666b07e71,6,1.2874363231658936,0.8407292366027832,3.010504961013794,0.0714285746216774,0.7857142686843872,0.571370542049408,1
embedding-data/deberta-sentence-transformer,C_lex_sem_strong,145,7809c19536e4,evaluate technical data to determine effect on designs or plans,3215,d4793dfe8103,7,1.2344107627868652,0.7428592443466187,2.1710011959075928,0.10000000149011612,0.6363636255264282,0.7419200539588928,0
embedding-data/deberta-sentence-transformer,C_lex_sem_strong,145,7809c19536e4,evaluate technical data to determine effect on designs or plans,3213,e73f40d83ac6,8,1.1137427854537965,0.5831336379051208,0.8009160757064819,0.0714285746216774,0.9166666865348816,0.6173239350318909,1
embedding-data/deberta-sentence-transformer,C_lex_sem_strong,145,7809c19536e4,evaluate technical data to determine effect on designs or plans,5238,e960aa5a3937,9,1.1574360132217407,0.7602719664573669,2.3203630447387695,0.09090909361839294,0.7272727489471436,0.6004224419593811,0
embedding-data/deberta-sentence-transformer,C_lex_sem_strong,145,7809c19536e4,evaluate technical data to determine effect on designs or plans,1337,284a65d8619b,10,0.99714195728302,0.6218244433403015,1.132795810699463,0.0,0.9166666865348816,0.5384635925292969,0
embedding-data/deberta-sentence-transformer,C_lex_sem_strong,146,284cc33eb902,direct design or development activities,2233,d334de0d305d,1,1.4428858757019043,0.7856782674789429,0.8905065655708313,0.20000000298023224,0.5,0.9786563515663147,0
embedding-data/deberta-sentence-transformer,C_lex_sem_strong,146,284cc33eb902,direct design or development activities,116,7588597f0f7f,2,1.20522029876709,0.7693322896957397,0.714873731136322,0.1666666716337204,0.6666666865348816,0.5304111838340759,1
embedding-data/deberta-sentence-transformer,C_lex_sem_strong,146,284cc33eb902,direct design or development activities,5169,69142a156a26,3,1.3627384471893311,0.8315227031707764,1.3830918073654175,0.1428571492433548,0.8571428656578064,0.659511923789978,1
embedding-data/deberta-sentence-transformer,C_lex_sem_strong,146,284cc33eb902,direct design or development activities,3766,94c75e9264bf,4,1.308633999824524,0.8473923206329346,1.5536062717437744,0.0,0.8571428656578064,0.6037659645080566,1
embedding-data/deberta-sentence-transformer,C_lex_sem_strong,146,284cc33eb902,direct design or development activities,3232,d7dbf48fa293,5,1.4211345911026,0.7814977169036865,0.8455877304077148,0.1666666716337204,0.6666666865348816,0.9383736252784729,0
embedding-data/deberta-sentence-transformer,C_lex_sem_strong,146,284cc33eb902,direct design or development activities,1288,bd5a418c1f8f,6,1.2070509958267213,0.8114403486251831,1.167312741279602,0.1428571492433548,0.8333333134651184,0.46488824486732483,1
embedding-data/deberta-sentence-transformer,C_lex_sem_strong,146,284cc33eb902,direct design or development activities,1947,978da67e4402,7,1.353754997253418,0.8472294807434082,1.5518566370010376,0.2857142984867096,0.8571428656578064,0.7010753154754639,0
embedding-data/deberta-sentence-transformer,C_lex_sem_strong,146,284cc33eb902,direct design or development activities,2137,c3df8722fd71,8,1.278865532875061,0.8559737205505371,1.6458109617233276,0.1666666716337204,0.6666666865348816,0.5304111838340759,1
embedding-data/deberta-sentence-transformer,C_lex_sem_strong,146,284cc33eb902,direct design or development activities,1051,e96a04d6b1fd,9,1.1626810598373414,0.8049384355545044,1.0974515676498413,0.1428571492433548,0.8333333134651184,0.40939807891845703,1
embedding-data/deberta-sentence-transformer,C_lex_sem_strong,146,284cc33eb902,direct design or development activities,1675,8335d26464b5,10,1.329655647277832,0.8258180618286133,1.3217971324920654,0.1428571492433548,0.8333333134651184,0.7368648648262024,0
embedding-data/deberta-sentence-transformer,C_lex_sem_strong,147,a2140782858a,design energy-efficient vehicles or vehicle components,5080,572c09481298,1,1.3411846160888672,0.5799651145935059,1.1164113283157349,0.4285714328289032,0.625,1.0,0
embedding-data/deberta-sentence-transformer,C_lex_sem_strong,147,a2140782858a,design energy-efficient vehicles or vehicle components,2400,536a366e1daa,2,0.8063893485069275,0.6287865042686462,1.7793605327606201,0.07692307978868484,0.800000011920929,0.1379089057445526,1
embedding-data/deberta-sentence-transformer,C_lex_sem_strong,147,a2140782858a,design energy-efficient vehicles or vehicle components,4034,dbff6612e94e,3,0.8349917101860046,0.5903747081756592,1.2577639818191528,0.125,0.5,0.2545330822467804,1
embedding-data/deberta-sentence-transformer,C_lex_sem_strong,147,a2140782858a,design energy-efficient vehicles or vehicle components,5237,de203e0fba6e,4,0.7832398581504821,0.7096939086914062,2.8780081272125244,0.0,1.0,0.0,1
embedding-data/deberta-sentence-transformer,C_lex_sem_strong,147,a2140782858a,design energy-efficient vehicles or vehicle components,2359,2ba7a0e1ca32,5,0.7857513427734375,0.5466437935829163,0.6639386415481567,0.125,0.5,0.3515773415565491,0
embedding-data/deberta-sentence-transformer,C_lex_sem_strong,147,a2140782858a,design energy-efficient vehicles or vehicle components,1691,19ae2b3326d0,6,0.7710145878791809,0.7188406586647034,3.0022125244140625,0.0,0.800000011920929,0.0,1
embedding-data/deberta-sentence-transformer,C_lex_sem_strong,147,a2140782858a,design energy-efficient vehicles or vehicle components,3766,94c75e9264bf,7,0.9772718548774719,0.7758448719978333,3.7762768268585205,0.0,0.875,0.32900530099868774,0
embedding-data/deberta-sentence-transformer,C_lex_sem_strong,147,a2140782858a,design energy-efficient vehicles or vehicle components,2623,5b9cd334c378,8,0.8090481162071228,0.6722053289413452,2.368947982788086,0.0,0.7272727489471436,0.23563764989376068,0
embedding-data/deberta-sentence-transformer,C_lex_sem_strong,147,a2140782858a,design energy-efficient vehicles or vehicle components,3707,ae14f32b277d,9,0.9252207279205322,0.7184270024299622,2.9965953826904297,0.10000000149011612,1.0,0.2779396176338196,0
embedding-data/deberta-sentence-transformer,C_lex_sem_strong,147,a2140782858a,design energy-efficient vehicles or vehicle components,2728,b12a99169d3e,10,0.7649413347244263,0.6575918197631836,2.1705100536346436,0.0,0.6153846383094788,0.20635688304901123,0
embedding-data/deberta-sentence-transformer,C_lex_sem_strong,148,253c9a1feb09,research design or application of green technologies,3868,064ff392e022,1,1.4397348165512085,0.8078426718711853,0.3591713309288025,0.4000000059604645,0.375,0.9079549312591553,0
embedding-data/deberta-sentence-transformer,C_lex_sem_strong,148,253c9a1feb09,research design or application of green technologies,3114,7da6305c256e,2,1.1247992086410523,0.7502102851867676,-0.29993554949760437,0.1428571492433548,0.5,0.4693557918071747,1
embedding-data/deberta-sentence-transformer,C_lex_sem_strong,148,253c9a1feb09,research design or application of green technologies,4502,98c2bfc7d4aa,3,1.094020962715149,0.8254368305206299,0.5603851079940796,0.125,0.8888888955116272,0.3978724181652069,0
embedding-data/deberta-sentence-transformer,C_lex_sem_strong,148,253c9a1feb09,research design or application of green technologies,1177,8ef1306520ed,4,1.4179344177246094,0.7063933610916138,-0.8010432720184326,0.4000000059604645,0.375,1.0,0
embedding-data/deberta-sentence-transformer,C_lex_sem_strong,148,253c9a1feb09,research design or application of green technologies,429,2531bc498841,5,1.1482400465011597,0.8108304738998413,0.3933410048484802,0.1428571492433548,0.625,0.41137516498565674,1
embedding-data/deberta-sentence-transformer,C_lex_sem_strong,148,253c9a1feb09,research design or application of green technologies,2269,dac9cdf4049e,6,1.4372694063186646,0.8818361759185791,1.205390453338623,0.3333333432674408,0.625,0.6836312413215637,1
embedding-data/deberta-sentence-transformer,C_lex_sem_strong,148,253c9a1feb09,research design or application of green technologies,4887,18879a4e7460,7,1.1308098602294923,0.8157987594604492,0.45016029477119446,0.1428571492433548,0.5,0.3982991576194763,1
embedding-data/deberta-sentence-transformer,C_lex_sem_strong,148,253c9a1feb09,research design or application of green technologies,4480,7fb0a83a1950,8,1.3739503622055054,0.7716988921165466,-0.054183296859264374,0.3333333432674408,0.5,0.8590565323829651,0
embedding-data/deberta-sentence-transformer,C_lex_sem_strong,148,253c9a1feb09,research design or application of green technologies,2409,e51f982823a7,9,1.1645642518997192,0.7609953284263611,-0.17659349739551544,0.1666666716337204,0.375,0.6384069919586182,0
embedding-data/deberta-sentence-transformer,C_lex_sem_strong,148,253c9a1feb09,research design or application of green technologies,1189,a3c583a2df53,10,1.205135064125061,0.904510498046875,1.4647029638290405,0.125,0.75,0.36614447832107544,1
embedding-data/deberta-sentence-transformer,C_lex_sem_strong,149,c9b79bbec6f3,monitor processes for compliance with standards,754,2af854050699,1,1.422690749168396,0.8660080432891846,2.0055646896362305,0.1428571492433548,0.8571428656578064,0.8175685405731201,0
embedding-data/deberta-sentence-transformer,C_lex_sem_strong,149,c9b79bbec6f3,monitor processes for compliance with standards,835,e9aecb868cc4,2,1.2903996706008911,0.6861025094985962,0.03654122352600098,0.25,0.2857142984867096,0.8980587720870972,0
embedding-data/deberta-sentence-transformer,C_lex_sem_strong,149,c9b79bbec6f3,monitor processes for compliance with standards,989,4ec4f7a20f54,3,1.208404302597046,0.8392379283905029,1.7125722169876099,0.1666666716337204,0.7142857313156128,0.5575573444366455,0
embedding-data/deberta-sentence-transformer,C_lex_sem_strong,149,c9b79bbec6f3,monitor processes for compliance with standards,2699,485d26352e99,4,1.3229453563690186,0.7629647850990295,0.8777806758880615,0.1666666716337204,0.7142857313156128,0.8138048052787781,0
embedding-data/deberta-sentence-transformer,C_lex_sem_strong,149,c9b79bbec6f3,monitor processes for compliance with standards,4370,330ceef13d7a,5,1.1554833221435548,0.8378831148147583,1.6977441310882568,0.0,0.7142857313156128,0.41693440079689026,1
embedding-data/deberta-sentence-transformer,C_lex_sem_strong,149,c9b79bbec6f3,monitor processes for compliance with standards,181,6e0262463c46,6,1.1055060625076294,0.8263605833053589,1.571632742881775,0.10000000149011612,0.7777777910232544,0.4361739456653595,0
embedding-data/deberta-sentence-transformer,C_lex_sem_strong,149,c9b79bbec6f3,monitor processes for compliance with standards,4983,98b7e7188c21,7,1.1552533674240113,0.7447172999382019,0.6780662536621094,0.0,0.7777777910232544,0.5206655859947205,1
embedding-data/deberta-sentence-transformer,C_lex_sem_strong,149,c9b79bbec6f3,monitor processes for compliance with standards,860,fa8ac4b1b38c,8,1.3122934103012085,0.6228662133216858,-0.655565083026886,0.20000000298023224,0.4285714328289032,1.0,0
embedding-data/deberta-sentence-transformer,C_lex_sem_strong,149,c9b79bbec6f3,monitor processes for compliance with standards,4304,752a4c697549,9,1.2760791349411011,0.8868652582168579,2.233842134475708,0.0,0.7777777910232544,0.5206655859947205,1
embedding-data/deberta-sentence-transformer,C_lex_sem_strong,149,c9b79bbec6f3,monitor processes for compliance with standards,425,b06cd44db3d0,10,1.1957051753997803,0.8242977857589722,1.549055814743042,0.1666666716337204,0.7142857313156128,0.5575573444366455,0
embedding-data/deberta-sentence-transformer,C_lex_sem_strong,150,3ffc9e8eaffb,test products for functionality or quality,1845,3dc588613e79,1,1.1469355821609497,0.41936400532722473,0.7650994062423706,0.1666666716337204,0.5714285969734192,1.0,0
embedding-data/deberta-sentence-transformer,C_lex_sem_strong,150,3ffc9e8eaffb,test products for functionality or quality,1337,284a65d8619b,2,0.9824358820915222,0.5839729905128479,2.2038331031799316,0.0,0.5833333134651184,0.6110364198684692,0
embedding-data/deberta-sentence-transformer,C_lex_sem_strong,150,3ffc9e8eaffb,test products for functionality or quality,5101,0ab6c77c51b9,3,0.8225688505172729,0.7706692218780518,3.835616111755371,0.0,0.875,0.0,1
embedding-data/deberta-sentence-transformer,C_lex_sem_strong,150,3ffc9e8eaffb,test products for functionality or quality,1691,19ae2b3326d0,4,0.8950961399078369,0.6626467704772949,2.8914663791656494,0.0,0.699999988079071,0.25978055596351624,1
embedding-data/deberta-sentence-transformer,C_lex_sem_strong,150,3ffc9e8eaffb,test products for functionality or quality,116,7588597f0f7f,5,1.0784369707107544,0.58638596534729,2.2249231338500977,0.1666666716337204,0.5714285969734192,0.6993325352668762,0
embedding-data/deberta-sentence-transformer,C_lex_sem_strong,150,3ffc9e8eaffb,test products for functionality or quality,2623,5b9cd334c378,6,0.8580802083015442,0.5944911241531372,2.295764923095703,0.0,0.6363636255264282,0.4130376875400543,0
embedding-data/deberta-sentence-transformer,C_lex_sem_strong,150,3ffc9e8eaffb,test products for functionality or quality,3766,94c75e9264bf,7,1.0232900381088257,0.6112963557243347,2.442647695541382,0.0,1.0,0.5766972899436951,0
embedding-data/deberta-sentence-transformer,C_lex_sem_strong,150,3ffc9e8eaffb,test products for functionality or quality,3056,4b76c705aa42,8,0.9440337419509888,0.6099859476089478,2.431194305419922,0.125,0.875,0.4472082257270813,0
embedding-data/deberta-sentence-transformer,C_lex_sem_strong,150,3ffc9e8eaffb,test products for functionality or quality,3569,b90a5f932e75,9,1.0007525849342347,0.7869484424591064,3.9779014587402344,0.0,0.699999988079071,0.25978055596351624,1
embedding-data/deberta-sentence-transformer,C_lex_sem_strong,150,3ffc9e8eaffb,test products for functionality or quality,4599,2e23622f45cc,10,0.8112526535987854,0.4923330247402191,1.4028713703155518,0.0,0.5714285969734192,0.4794667661190033,0
embedding-data/deberta-sentence-transformer,C_lex_sem_strong,151,506120811a05,inspect operational processes,2795,0270e82e5a44,1,1.6943360137939454,0.9286306500434875,1.2059447765350342,0.25,0.75,1.0,1
embedding-data/deberta-sentence-transformer,C_lex_sem_strong,151,506120811a05,inspect operational processes,4058,74fe0528c27f,2,1.5025319623947144,0.8935253620147705,0.9009024500846863,0.1428571492433548,0.6666666865348816,0.8111388683319092,1
embedding-data/deberta-sentence-transformer,C_lex_sem_strong,151,506120811a05,inspect operational processes,989,4ec4f7a20f54,3,1.4978186655044556,0.9067810773849487,1.0160861015319824,0.20000000298023224,0.800000011920929,0.7529352307319641,1
embedding-data/deberta-sentence-transformer,C_lex_sem_strong,151,506120811a05,inspect operational processes,4059,966ff254f415,4,1.6033277082443238,0.9083008170127869,1.0292916297912598,0.1666666716337204,0.800000011920929,0.9113407731056213,1
embedding-data/deberta-sentence-transformer,C_lex_sem_strong,151,506120811a05,inspect operational processes,2515,d7bcb433bafc,5,1.6730331945419312,0.9035684466362,0.9881703853607178,0.25,0.75,1.0,1
embedding-data/deberta-sentence-transformer,C_lex_sem_strong,151,506120811a05,inspect operational processes,78,cefdec315735,6,1.6156067419052125,0.9344318509101868,1.2563533782958984,0.20000000298023224,1.0,0.8590565323829651,1
embedding-data/deberta-sentence-transformer,C_lex_sem_strong,151,506120811a05,inspect operational processes,425,b06cd44db3d0,7,1.5224864053726197,0.9358020424842834,1.2682595252990723,0.20000000298023224,0.800000011920929,0.7529352307319641,1
embedding-data/deberta-sentence-transformer,C_lex_sem_strong,151,506120811a05,inspect operational processes,3757,0c29bb383513,8,1.6922182607650758,0.9261391162872314,1.1842949390411377,0.25,0.75,1.0,1
embedding-data/deberta-sentence-transformer,C_lex_sem_strong,151,506120811a05,inspect operational processes,80,5402ba93471c,9,1.6255254316329957,0.9461010694503784,1.3577513694763184,0.20000000298023224,1.0,0.8590565323829651,1
embedding-data/deberta-sentence-transformer,C_lex_sem_strong,151,506120811a05,inspect operational processes,2661,a40ee5969123,10,1.523227767944336,0.9366742372512817,1.2758382558822632,0.20000000298023224,0.800000011920929,0.7529352307319641,1
embedding-data/deberta-sentence-transformer,C_lex_sem_strong,152,fbe465293a7d,monitor activities affecting environmental quality,860,fa8ac4b1b38c,1,1.394256830215454,0.7187336683273315,-0.40343451499938965,0.1666666716337204,0.5,1.0,0
embedding-data/deberta-sentence-transformer,C_lex_sem_strong,152,fbe465293a7d,monitor activities affecting environmental quality,3766,94c75e9264bf,2,0.8908453750610351,0.8530954122543335,1.2653610706329346,0.0,0.8571428656578064,0.0,1
embedding-data/deberta-sentence-transformer,C_lex_sem_strong,152,fbe465293a7d,monitor activities affecting environmental quality,4247,310c23fd2d02,3,1.3043596315383912,0.8898827433586121,1.7222659587860107,0.125,1.0,0.4899418354034424,1
embedding-data/deberta-sentence-transformer,C_lex_sem_strong,152,fbe465293a7d,monitor activities affecting environmental quality,5134,29c1e14899e6,4,1.2050542831420898,0.8109173774719238,0.7415027618408203,0.1428571492433548,0.6666666865348816,0.6007661819458008,0
embedding-data/deberta-sentence-transformer,C_lex_sem_strong,152,fbe465293a7d,monitor activities affecting environmental quality,2052,d66636b253cb,5,1.3141347169876099,0.7708100080490112,0.2433624416589737,0.20000000298023224,0.3333333432674408,0.8365899324417114,0
embedding-data/deberta-sentence-transformer,C_lex_sem_strong,152,fbe465293a7d,monitor activities affecting environmental quality,2999,a4a640d71221,6,1.2712271213531494,0.8662986755371094,1.4293478727340698,0.1428571492433548,0.6666666865348816,0.6280500292778015,0
embedding-data/deberta-sentence-transformer,C_lex_sem_strong,152,fbe465293a7d,monitor activities affecting environmental quality,986,27e506caea6e,7,1.228520154953003,0.8385242819786072,1.0843851566314697,0.1428571492433548,0.6666666865348816,0.6007661819458008,0
embedding-data/deberta-sentence-transformer,C_lex_sem_strong,152,fbe465293a7d,monitor activities affecting environmental quality,2233,d334de0d305d,8,1.3399920463562012,0.8171040415763855,0.8183422088623047,0.1666666716337204,0.5,0.8030290603637695,0
embedding-data/deberta-sentence-transformer,C_lex_sem_strong,152,fbe465293a7d,monitor activities affecting environmental quality,2957,3f078e2078e8,9,1.2551548480987549,0.8642570376396179,1.403990387916565,0.1666666716337204,0.6666666865348816,0.6007661819458008,0
embedding-data/deberta-sentence-transformer,C_lex_sem_strong,152,fbe465293a7d,monitor activities affecting environmental quality,3344,73655dd507f9,10,0.8861783909797668,0.8504059314727783,1.2319573163986206,0.0,0.8333333134651184,0.0,1
embedding-data/deberta-sentence-transformer,C_lex_sem_strong,153,8594b6595861,prepare drawings or diagrams of products or services,4590,5d45850c5baa,1,1.2048792839050293,0.5155442953109741,0.40607890486717224,0.1666666716337204,0.3333333432674408,1.0,0
embedding-data/deberta-sentence-transformer,C_lex_sem_strong,153,8594b6595861,prepare drawings or diagrams of products or services,1337,284a65d8619b,2,0.9955121445655822,0.6736043691635132,2.133669137954712,0.0,0.75,0.382783442735672,1
embedding-data/deberta-sentence-transformer,C_lex_sem_strong,153,8594b6595861,prepare drawings or diagrams of products or services,5101,0ab6c77c51b9,3,0.9404813814163208,0.6975806951522827,2.3957293033599854,0.0,0.8888888955116272,0.255212664604187,1
embedding-data/deberta-sentence-transformer,C_lex_sem_strong,153,8594b6595861,prepare drawings or diagrams of products or services,2623,5b9cd334c378,4,1.0862522888183594,0.7499712705612183,2.968356132507324,0.0,0.8181818127632141,0.4099407494068146,1
embedding-data/deberta-sentence-transformer,C_lex_sem_strong,153,8594b6595861,prepare drawings or diagrams of products or services,5214,4d29d09f4c1d,5,0.9416299629211425,0.7297247648239136,2.7470626831054688,0.0,0.8999999761581421,0.21623414754867554,1
embedding-data/deberta-sentence-transformer,C_lex_sem_strong,153,8594b6595861,prepare drawings or diagrams of products or services,3845,5bcb52a0b91e,6,1.0004022884368897,0.7680759429931641,3.1662395000457764,0.0,0.8888888955116272,0.255212664604187,1
embedding-data/deberta-sentence-transformer,C_lex_sem_strong,153,8594b6595861,prepare drawings or diagrams of products or services,4675,cf7cdcfe72d7,7,0.8788827061653137,0.6991556286811829,2.4129433631896973,0.0,0.6666666865348816,0.31133392453193665,0
embedding-data/deberta-sentence-transformer,C_lex_sem_strong,153,8594b6595861,prepare drawings or diagrams of products or services,1400,0171c20bcf79,8,1.0058026313781738,0.5781742334365845,1.0906215906143188,0.1428571492433548,0.5555555820465088,0.6146107912063599,0
embedding-data/deberta-sentence-transformer,C_lex_sem_strong,153,8594b6595861,prepare drawings or diagrams of products or services,4311,dad8075f10c2,9,1.1358745098114014,0.7181888818740845,2.620975971221924,0.125,0.7777777910232544,0.6037659645080566,0
embedding-data/deberta-sentence-transformer,C_lex_sem_strong,153,8594b6595861,prepare drawings or diagrams of products or services,2728,b12a99169d3e,10,1.000511646270752,0.6550936698913574,1.9313479661941528,0.0,0.692307710647583,0.534930408000946,0
embedding-data/deberta-sentence-transformer,C_lex_sem_strong,154,17f9d29c543d,"explain engineering drawings, specifications, or other technical information",3943,1eedfa96d1f9,1,1.0390615034103394,0.7775304317474365,3.995649576187134,0.06666667014360428,0.75,0.2997533082962036,1
embedding-data/deberta-sentence-transformer,C_lex_sem_strong,154,17f9d29c543d,"explain engineering drawings, specifications, or other technical information",1929,17803db9ce31,2,0.8989434838294983,0.1276085376739502,-1.3143385648727417,0.2857142984867096,0.3333333432674408,1.0,0
embedding-data/deberta-sentence-transformer,C_lex_sem_strong,154,17f9d29c543d,"explain engineering drawings, specifications, or other technical information",2622,62c0405486a6,3,0.8271183538436889,0.5948757529258728,2.5033254623413086,0.0,0.692307710647583,0.24606168270111084,1
embedding-data/deberta-sentence-transformer,C_lex_sem_strong,154,17f9d29c543d,"explain engineering drawings, specifications, or other technical information",548,0586134e1b27,4,0.7253735828399658,0.6677597165107727,3.098801374435425,0.0,0.7777777910232544,0.0,1
embedding-data/deberta-sentence-transformer,C_lex_sem_strong,154,17f9d29c543d,"explain engineering drawings, specifications, or other technical information",2383,52749a5221fd,5,0.6986553835868835,0.46852535009384155,1.4710180759429932,0.06666667014360428,0.6000000238418579,0.21010789275169373,1
embedding-data/deberta-sentence-transformer,C_lex_sem_strong,154,17f9d29c543d,"explain engineering drawings, specifications, or other technical information",5214,4d29d09f4c1d,6,0.7989692091941833,0.5952166318893433,2.506110429763794,0.0833333358168602,0.8999999761581421,0.26624056696891785,0
embedding-data/deberta-sentence-transformer,C_lex_sem_strong,154,17f9d29c543d,"explain engineering drawings, specifications, or other technical information",149,a1be0f01fcf6,7,0.7535597252845764,0.6747760772705078,3.1561264991760254,0.0,1.0,0.0,1
embedding-data/deberta-sentence-transformer,C_lex_sem_strong,154,17f9d29c543d,"explain engineering drawings, specifications, or other technical information",3314,5ccae7640253,8,0.762047529220581,0.4995763897895813,1.7247110605239868,0.10000000149011612,0.5555555820465088,0.3740743100643158,0
embedding-data/deberta-sentence-transformer,C_lex_sem_strong,154,17f9d29c543d,"explain engineering drawings, specifications, or other technical information",2623,5b9cd334c378,9,0.9490483570098877,0.6947609186172485,3.319406509399414,0.0,0.8181818127632141,0.2809763252735138,1
embedding-data/deberta-sentence-transformer,C_lex_sem_strong,154,17f9d29c543d,"explain engineering drawings, specifications, or other technical information",3213,e73f40d83ac6,10,0.8296265769004821,0.5866647958755493,2.4362401962280273,0.0714285746216774,0.75,0.23096533119678497,1
embedding-data/deberta-sentence-transformer,C_lex_sem_strong,155,f6d7dbe3f71e,design structures or facilities,4100,9acc1e5cd5a6,1,1.5596697330474854,0.8819645047187805,0.8764552474021912,0.25,0.6000000238418579,1.0,0
embedding-data/deberta-sentence-transformer,C_lex_sem_strong,155,f6d7dbe3f71e,design structures or facilities,1984,1a9e3f7fab12,2,1.3463241624832154,0.6411582231521606,-1.5686721801757812,0.20000000298023224,0.800000011920929,0.8590565323829651,1
embedding-data/deberta-sentence-transformer,C_lex_sem_strong,155,f6d7dbe3f71e,design structures or facilities,4377,be15d0f71d80,3,1.35769935131073,0.7262487411499023,-0.7046700119972229,0.1666666716337204,1.0,0.7529352307319641,1
embedding-data/deberta-sentence-transformer,C_lex_sem_strong,155,f6d7dbe3f71e,design structures or facilities,2198,d24136be4b15,4,1.2200123834609986,0.8475301861763,0.526811957359314,0.20000000298023224,1.0,0.39944538474082947,1
embedding-data/deberta-sentence-transformer,C_lex_sem_strong,155,f6d7dbe3f71e,design structures or facilities,2512,5de07ec45ece,5,1.2217695283889771,0.8495973944664001,0.547802209854126,0.20000000298023224,1.0,0.39944538474082947,1
embedding-data/deberta-sentence-transformer,C_lex_sem_strong,155,f6d7dbe3f71e,design structures or facilities,268,24817736836a,6,1.3398023843765259,0.7276031970977783,-0.6909169554710388,0.20000000298023224,0.800000011920929,0.8590565323829651,0
embedding-data/deberta-sentence-transformer,C_lex_sem_strong,155,f6d7dbe3f71e,design structures or facilities,1177,8ef1306520ed,7,1.2621165084838868,0.8244167566299438,0.2921200692653656,0.25,0.6000000238418579,0.530517578125,1
embedding-data/deberta-sentence-transformer,C_lex_sem_strong,155,f6d7dbe3f71e,design structures or facilities,1694,d6c8c0983834,8,1.4393136501312256,0.8192130327224731,0.23928187787532806,0.0,0.6000000238418579,0.9756894111633301,0
embedding-data/deberta-sentence-transformer,C_lex_sem_strong,155,f6d7dbe3f71e,design structures or facilities,1436,e735abf1166a,9,1.253263192176819,0.8866487741470337,0.924018919467926,0.20000000298023224,1.0,0.39944538474082947,1
embedding-data/deberta-sentence-transformer,C_lex_sem_strong,155,f6d7dbe3f71e,design structures or facilities,5132,d1ee55d1b2ed,10,1.2271679210662843,0.8331137299537659,0.3804284334182739,0.20000000298023224,0.800000011920929,0.45574459433555603,1
embedding-data/deberta-sentence-transformer,C_lex_sem_strong,156,ae5e42c6c3d0,direct quality control activities,1676,4abb63e41447,1,1.7139205503463746,0.9104946255683899,1.0185860395431519,0.4000000059604645,0.800000011920929,1.0,1
embedding-data/deberta-sentence-transformer,C_lex_sem_strong,156,ae5e42c6c3d0,direct quality control activities,5127,afe8fed27705,2,0.9784414172172546,0.7422815561294556,-0.4399285316467285,0.1428571492433548,0.8333333134651184,0.33656761050224304,0
embedding-data/deberta-sentence-transformer,C_lex_sem_strong,156,ae5e42c6c3d0,direct quality control activities,5169,69142a156a26,3,1.216366367340088,0.8519511818885803,0.510977029800415,0.1428571492433548,0.7142857313156128,0.4460112154483795,1
embedding-data/deberta-sentence-transformer,C_lex_sem_strong,156,ae5e42c6c3d0,direct quality control activities,2957,3f078e2078e8,4,1.2098369598388672,0.8743991851806641,0.7056155204772949,0.20000000298023224,0.800000011920929,0.495139479637146,0
embedding-data/deberta-sentence-transformer,C_lex_sem_strong,156,ae5e42c6c3d0,direct quality control activities,858,8bf014b9239c,5,1.0312158036231995,0.7144531607627869,-0.6812184453010559,0.125,0.8333333134651184,0.33656761050224304,1
embedding-data/deberta-sentence-transformer,C_lex_sem_strong,156,ae5e42c6c3d0,direct quality control activities,1634,b32316e8cebb,6,1.2086975145339967,0.8392411470413208,0.40077292919158936,0.1666666716337204,0.800000011920929,0.43144160509109497,1
embedding-data/deberta-sentence-transformer,C_lex_sem_strong,156,ae5e42c6c3d0,direct quality control activities,3232,d7dbf48fa293,7,1.37378080368042,0.8661513328552246,0.634101390838623,0.1666666716337204,0.800000011920929,0.6345983147621155,1
embedding-data/deberta-sentence-transformer,C_lex_sem_strong,156,ae5e42c6c3d0,direct quality control activities,986,27e506caea6e,8,1.3478625583648682,0.9505077600479126,1.3655253648757935,0.1666666716337204,0.800000011920929,0.495139479637146,1
embedding-data/deberta-sentence-transformer,C_lex_sem_strong,156,ae5e42c6c3d0,direct quality control activities,244,9ad42139630f,9,1.2030751276016236,0.8585910797119141,0.5685491561889648,0.1428571492433548,1.0,0.37814459204673767,1
embedding-data/deberta-sentence-transformer,C_lex_sem_strong,156,ae5e42c6c3d0,direct quality control activities,2052,d66636b253cb,10,1.2517063617706299,0.7988893389701843,0.0508970245718956,0.25,0.4000000059604645,0.6895007491111755,0
embedding-data/deberta-sentence-transformer,C_lex_sem_strong,157,018f6a0e7f9a,research human performance or health factors related to engineering or design activities,2714,d9855438ae33,1,1.235088586807251,0.5976109504699707,0.7720034122467041,0.2222222238779068,0.23076923191547394,0.9422828555107117,0
embedding-data/deberta-sentence-transformer,C_lex_sem_strong,157,018f6a0e7f9a,research human performance or health factors related to engineering or design activities,1337,284a65d8619b,2,1.071111695766449,0.6925317049026489,1.8415963649749756,0.0,0.9230769276618958,0.44307437539100647,1
embedding-data/deberta-sentence-transformer,C_lex_sem_strong,157,018f6a0e7f9a,research human performance or health factors related to engineering or design activities,3212,d8505c1983d9,3,0.9492840933799743,0.7888438701629639,2.926868200302124,0.0,0.8461538553237915,0.1630733609199524,1
embedding-data/deberta-sentence-transformer,C_lex_sem_strong,157,018f6a0e7f9a,research human performance or health factors related to engineering or design activities,2623,5b9cd334c378,4,0.9965851902961731,0.6821333169937134,1.7244244813919067,0.0,0.8461538553237915,0.4745091199874878,0
embedding-data/deberta-sentence-transformer,C_lex_sem_strong,157,018f6a0e7f9a,research human performance or health factors related to engineering or design activities,2627,13827adf3ebe,5,0.9267003536224365,0.7130146622657776,2.072403907775879,0.0555555559694767,0.6842105388641357,0.3444367051124573,0
embedding-data/deberta-sentence-transformer,C_lex_sem_strong,157,018f6a0e7f9a,research human performance or health factors related to engineering or design activities,945,067a1cc4e76f,6,0.9882269072532653,0.7204758524894714,2.1564786434173584,0.0555555559694767,0.9285714030265808,0.2740773856639862,1
embedding-data/deberta-sentence-transformer,C_lex_sem_strong,157,018f6a0e7f9a,research human performance or health factors related to engineering or design activities,3370,a7bdab21d08b,7,1.1740989685058594,0.5643318891525269,0.3970058858394623,0.1818181872367859,0.38461539149284363,0.8851309418678284,0
embedding-data/deberta-sentence-transformer,C_lex_sem_strong,157,018f6a0e7f9a,research human performance or health factors related to engineering or design activities,3766,94c75e9264bf,8,1.0391539335250854,0.8010843396186829,3.0647971630096436,0.0,0.5384615659713745,0.4348372220993042,0
embedding-data/deberta-sentence-transformer,C_lex_sem_strong,157,018f6a0e7f9a,research human performance or health factors related to engineering or design activities,2339,51db9c6e8f68,9,0.950324432849884,0.7003699541091919,1.929919958114624,0.0,0.7692307829856873,0.2829812467098236,1
embedding-data/deberta-sentence-transformer,C_lex_sem_strong,157,018f6a0e7f9a,research human performance or health factors related to engineering or design activities,2728,b12a99169d3e,10,1.0460229086875916,0.7942441701889038,2.987720251083374,0.0,1.0,0.27273619174957275,1
embedding-data/deberta-sentence-transformer,C_lex_sem_strong,158,16ac0e74dbe1,analyze test or validation data,2265,7d614c5b9ae3,1,1.4585602283477783,0.7159532308578491,0.7472028136253357,0.5,0.5,1.0,0
embedding-data/deberta-sentence-transformer,C_lex_sem_strong,158,16ac0e74dbe1,analyze test or validation data,2728,b12a99169d3e,2,1.0758258867263795,0.7733809947967529,1.4731686115264893,0.10000000149011612,0.4615384638309479,0.38899746537208557,1
embedding-data/deberta-sentence-transformer,C_lex_sem_strong,158,16ac0e74dbe1,analyze test or validation data,1443,3d9cb8ab1a44,3,0.9534246325492859,0.7789103388786316,1.5430670976638794,0.1428571492433548,1.0,0.2325419783592224,0
embedding-data/deberta-sentence-transformer,C_lex_sem_strong,158,16ac0e74dbe1,analyze test or validation data,4794,93639d1253d3,4,0.9779267907142639,0.633256196975708,-0.298201322555542,0.1666666716337204,1.0,0.4376080334186554,0
embedding-data/deberta-sentence-transformer,C_lex_sem_strong,158,16ac0e74dbe1,analyze test or validation data,116,7588597f0f7f,5,1.0778684616088867,0.7402945756912231,1.0549108982086182,0.1666666716337204,0.6666666865348816,0.4980258047580719,0
embedding-data/deberta-sentence-transformer,C_lex_sem_strong,158,16ac0e74dbe1,analyze test or validation data,1452,41db1b32b4b9,6,1.2409958839416504,0.6720354557037354,0.19202178716659546,0.4000000059604645,0.8333333134651184,0.7234748005867004,0
embedding-data/deberta-sentence-transformer,C_lex_sem_strong,158,16ac0e74dbe1,analyze test or validation data,3766,94c75e9264bf,7,1.0798583030700684,0.8313642740249634,2.2061569690704346,0.0,0.8571428656578064,0.4106917977333069,0
embedding-data/deberta-sentence-transformer,C_lex_sem_strong,158,16ac0e74dbe1,analyze test or validation data,5239,ad194b21665d,8,1.0376062560081483,0.8368957042694092,2.2760818004608154,0.10000000149011612,0.5454545617103577,0.2452850043773651,1
embedding-data/deberta-sentence-transformer,C_lex_sem_strong,158,16ac0e74dbe1,analyze test or validation data,2053,aa22525ff7c0,9,1.1279206275939941,0.7904105186462402,1.6884452104568481,0.1428571492433548,0.8333333134651184,0.4916667938232422,0
embedding-data/deberta-sentence-transformer,C_lex_sem_strong,158,16ac0e74dbe1,analyze test or validation data,2384,9f0afa80bca1,10,1.0755386352539062,0.8298582434654236,2.1871187686920166,0.125,0.8571428656578064,0.37063539028167725,0
embedding-data/deberta-sentence-transformer,C_lex_sem_strong,159,3319e1abdfb1,analyze green technology design requirements,2875,38cb82650562,1,1.5739141702651978,0.8751932382583618,0.7771517038345337,0.4000000059604645,0.5,1.0,0
embedding-data/deberta-sentence-transformer,C_lex_sem_strong,159,3319e1abdfb1,analyze green technology design requirements,1177,8ef1306520ed,2,1.399751901626587,0.7886555790901184,-0.11660519242286682,0.4000000059604645,0.5,0.8562780022621155,0
embedding-data/deberta-sentence-transformer,C_lex_sem_strong,159,3319e1abdfb1,analyze green technology design requirements,4480,7fb0a83a1950,3,1.485298113822937,0.8906480073928833,0.9367678165435791,0.3333333432674408,0.6666666865348816,0.7355912327766418,1
embedding-data/deberta-sentence-transformer,C_lex_sem_strong,159,3319e1abdfb1,analyze green technology design requirements,1452,41db1b32b4b9,4,1.1747959423065186,0.8376922011375427,0.3898427188396454,0.1428571492433548,0.8333333134651184,0.3869324028491974,1
embedding-data/deberta-sentence-transformer,C_lex_sem_strong,159,3319e1abdfb1,analyze green technology design requirements,4347,90fea52781c2,5,1.2151137161254884,0.9268730878829956,1.310898780822754,0.125,0.8333333134651184,0.34134024381637573,1
embedding-data/deberta-sentence-transformer,C_lex_sem_strong,159,3319e1abdfb1,analyze green technology design requirements,1224,791cb55f196f,6,1.2331927585601807,0.8853142857551575,0.8816813826560974,0.1666666716337204,0.5,0.4533461034297943,1
embedding-data/deberta-sentence-transformer,C_lex_sem_strong,159,3319e1abdfb1,analyze green technology design requirements,2098,fdf6f5dbede6,7,1.2003451585769653,0.8639460206031799,0.6609909534454346,0.1666666716337204,0.5,0.5466539263725281,0
embedding-data/deberta-sentence-transformer,C_lex_sem_strong,159,3319e1abdfb1,analyze green technology design requirements,3420,8fee66db8c49,8,1.1666522789001466,0.8698596358299255,0.7220664620399475,0.125,0.8333333134651184,0.34134024381637573,1
embedding-data/deberta-sentence-transformer,C_lex_sem_strong,159,3319e1abdfb1,analyze green technology design requirements,2409,e51f982823a7,9,1.2378738689422608,0.8139798641204834,0.14494283497333527,0.1666666716337204,0.5,0.5466539263725281,1
embedding-data/deberta-sentence-transformer,C_lex_sem_strong,159,3319e1abdfb1,analyze green technology design requirements,2269,dac9cdf4049e,10,1.1279707717895509,0.9092671871185303,1.1290658712387085,0.1428571492433548,0.8333333134651184,0.2331269085407257,1
embedding-data/deberta-sentence-transformer,C_lex_sem_strong,160,56c85bc2a8f3,assist engineers or scientists with research,4182,da00d82f03cd,1,1.238724946975708,0.5363151431083679,0.534834623336792,0.20000000298023224,0.4285714328289032,1.0,0
embedding-data/deberta-sentence-transformer,C_lex_sem_strong,160,56c85bc2a8f3,assist engineers or scientists with research,4505,18e16d21f7b2,2,1.0070007610321046,0.6401122808456421,1.664212703704834,0.125,1.0,0.36843615770339966,1
embedding-data/deberta-sentence-transformer,C_lex_sem_strong,160,56c85bc2a8f3,assist engineers or scientists with research,3265,f5115287696e,3,1.027404980659485,0.6643053889274597,1.9274489879608154,0.0,0.7142857313156128,0.4447382688522339,1
embedding-data/deberta-sentence-transformer,C_lex_sem_strong,160,56c85bc2a8f3,assist engineers or scientists with research,3378,d2e5330ba975,4,0.895011842250824,0.6809036731719971,2.108048677444458,0.0833333358168602,0.5,0.35653865337371826,0
embedding-data/deberta-sentence-transformer,C_lex_sem_strong,160,56c85bc2a8f3,assist engineers or scientists with research,2623,5b9cd334c378,5,0.9065109491348267,0.6799240112304688,2.0973894596099854,0.0,0.6363636255264282,0.3784845769405365,0
embedding-data/deberta-sentence-transformer,C_lex_sem_strong,160,56c85bc2a8f3,assist engineers or scientists with research,3766,94c75e9264bf,6,1.115309238433838,0.7592848539352417,2.9608852863311768,0.0,1.0,0.5284530520439148,0
embedding-data/deberta-sentence-transformer,C_lex_sem_strong,160,56c85bc2a8f3,assist engineers or scientists with research,4498,d53778b95365,7,1.0729083585739136,0.666496217250824,1.9512865543365479,0.1666666716337204,0.7142857313156128,0.4594637453556061,1
embedding-data/deberta-sentence-transformer,C_lex_sem_strong,160,56c85bc2a8f3,assist engineers or scientists with research,3316,1a73e19bd661,8,0.8832079768180847,0.5009132027626038,0.149639293551445,0.1666666716337204,0.5714285969734192,0.5242221355438232,0
embedding-data/deberta-sentence-transformer,C_lex_sem_strong,160,56c85bc2a8f3,assist engineers or scientists with research,2620,89d5c7b39619,9,0.9099536705017089,0.7288587093353271,2.6298296451568604,0.0,0.5384615659713745,0.2236822545528412,1
embedding-data/deberta-sentence-transformer,C_lex_sem_strong,160,56c85bc2a8f3,assist engineers or scientists with research,3782,0d6b3a3f8dee,10,0.9668680429458618,0.7591292858123779,2.9591925144195557,0.1428571492433548,0.7777777910232544,0.30751267075538635,0
embedding-data/deberta-sentence-transformer,C_lex_sem_strong,161,f1f35b083d3a,assemble mechanical components or machine parts,3917,d23e50a9caf6,1,1.397792100906372,0.7394684553146362,2.9085330963134766,0.125,1.0,0.9203485250473022,0
embedding-data/deberta-sentence-transformer,C_lex_sem_strong,161,f1f35b083d3a,assemble mechanical components or machine parts,4275,c947338e8b44,2,0.9652936458587646,0.3463940918445587,-2.8660309314727783,0.1428571492433548,0.7142857313156128,0.8155122995376587,0
embedding-data/deberta-sentence-transformer,C_lex_sem_strong,161,f1f35b083d3a,assemble mechanical components or machine parts,1337,284a65d8619b,3,0.9883780646324157,0.684819221496582,2.105693817138672,0.0,0.5833333134651184,0.382783442735672,1
embedding-data/deberta-sentence-transformer,C_lex_sem_strong,161,f1f35b083d3a,assemble mechanical components or machine parts,2071,262341378030,4,0.9047622084617615,0.5069206357002258,-0.5077728033065796,0.125,0.7142857313156128,0.5392158627510071,0
embedding-data/deberta-sentence-transformer,C_lex_sem_strong,161,f1f35b083d3a,assemble mechanical components or machine parts,2623,5b9cd334c378,5,1.0502003598213197,0.7289475798606873,2.7539732456207275,0.0,0.6363636255264282,0.4099407494068146,1
embedding-data/deberta-sentence-transformer,C_lex_sem_strong,161,f1f35b083d3a,assemble mechanical components or machine parts,2728,b12a99169d3e,6,1.042459683418274,0.7733094096183777,3.4056825637817383,0.0,0.5384615659713745,0.3590007424354553,1
embedding-data/deberta-sentence-transformer,C_lex_sem_strong,161,f1f35b083d3a,assemble mechanical components or machine parts,3766,94c75e9264bf,7,1.135903000831604,0.7473431825637817,3.024218797683716,0.0,1.0,0.5723732113838196,0
embedding-data/deberta-sentence-transformer,C_lex_sem_strong,161,f1f35b083d3a,assemble mechanical components or machine parts,64,23f7245fccee,8,1.2027779817581177,0.5018676519393921,-0.5820050239562988,0.1666666716337204,0.4285714328289032,1.0,0
embedding-data/deberta-sentence-transformer,C_lex_sem_strong,161,f1f35b083d3a,assemble mechanical components or machine parts,3176,8d8b7db66ec8,9,1.2362556457519531,0.5817201733589172,0.5910897850990295,0.1666666716337204,0.5714285969734192,0.9304534196853638,0
embedding-data/deberta-sentence-transformer,C_lex_sem_strong,161,f1f35b083d3a,assemble mechanical components or machine parts,3707,ae14f32b277d,10,1.0331324338912964,0.6881605982780457,2.1547813415527344,0.1111111119389534,0.875,0.4835338294506073,0
embedding-data/deberta-sentence-transformer,C_lex_sem_strong,162,957f012e4031,fabricate devices or components,289,09156eaf9ed2,1,1.50093674659729,0.8458178639411926,1.3802363872528076,0.25,0.6000000238418579,0.9599880576133728,0
embedding-data/deberta-sentence-transformer,C_lex_sem_strong,162,957f012e4031,fabricate devices or components,2623,5b9cd334c378,2,0.8718352913856506,0.6160982251167297,-1.34258234500885,0.0,0.4545454680919647,0.4324246048927307,0
embedding-data/deberta-sentence-transformer,C_lex_sem_strong,162,957f012e4031,fabricate devices or components,3707,ae14f32b277d,3,1.040326476097107,0.6967260837554932,-0.38691723346710205,0.1428571492433548,0.625,0.5100540518760681,0
embedding-data/deberta-sentence-transformer,C_lex_sem_strong,162,957f012e4031,fabricate devices or components,3494,58423b2c3dcf,4,1.0398297309875488,0.6283576488494873,-1.1972739696502686,0.1428571492433548,0.7142857313156128,0.579608142375946,0
embedding-data/deberta-sentence-transformer,C_lex_sem_strong,162,957f012e4031,fabricate devices or components,5278,e8225f9a3276,5,1.3428603410720825,0.7818046808242798,0.6215015649795532,0.20000000298023224,0.800000011920929,0.7976091504096985,0
embedding-data/deberta-sentence-transformer,C_lex_sem_strong,162,957f012e4031,fabricate devices or components,3766,94c75e9264bf,6,1.1756378412246704,0.8018506765365601,0.8591025471687317,0.0,0.7142857313156128,0.6037659645080566,0
embedding-data/deberta-sentence-transformer,C_lex_sem_strong,162,957f012e4031,fabricate devices or components,215,f3e87868bbce,7,1.4150174856185913,0.8666954040527344,1.6276935338974,0.20000000298023224,0.800000011920929,0.7976091504096985,0
embedding-data/deberta-sentence-transformer,C_lex_sem_strong,162,957f012e4031,fabricate devices or components,3337,77c74b3d95ae,8,0.8625791835784912,0.8030343055725098,0.8731318712234497,0.0,1.0,0.0,1
embedding-data/deberta-sentence-transformer,C_lex_sem_strong,162,957f012e4031,fabricate devices or components,1705,53b592783e35,9,1.312678337097168,0.8039097785949707,0.8835086226463318,0.20000000298023224,1.0,0.6990785598754883,0
embedding-data/deberta-sentence-transformer,C_lex_sem_strong,162,957f012e4031,fabricate devices or components,1694,d6c8c0983834,10,1.3905177116394043,0.7417855262756348,0.14716289937496185,0.0,0.6000000238418579,1.0,0
embedding-data/deberta-sentence-transformer,C_lex_sem_strong,163,3ac212a9f7c3,collaborate with others to develop or refine designs,4370,330ceef13d7a,1,1.5244926977157593,0.8786332607269287,2.9214963912963867,0.1428571492433548,0.5555555820465088,0.8764676451683044,1
embedding-data/deberta-sentence-transformer,C_lex_sem_strong,163,3ac212a9f7c3,collaborate with others to develop or refine designs,4828,0207b591a5d5,2,1.1129705905914307,0.5977342128753662,0.17136995494365692,0.1666666716337204,0.3333333432674408,0.7688999176025391,0
embedding-data/deberta-sentence-transformer,C_lex_sem_strong,163,3ac212a9f7c3,collaborate with others to develop or refine designs,3734,ce2b24a76bd2,3,1.0529562997817994,0.7882205247879028,2.036315679550171,0.0,0.75,0.3256697952747345,1
embedding-data/deberta-sentence-transformer,C_lex_sem_strong,163,3ac212a9f7c3,collaborate with others to develop or refine designs,1556,62317ddbee32,4,1.2636592388153076,0.7321776747703552,1.4876312017440796,0.1428571492433548,0.6666666865348816,0.7800999879837036,0
embedding-data/deberta-sentence-transformer,C_lex_sem_strong,163,3ac212a9f7c3,collaborate with others to develop or refine designs,3559,d592234a226d,5,0.9454812407493591,0.6786848306655884,0.9639124870300293,0.09090909361839294,1.0,0.35773900151252747,0
embedding-data/deberta-sentence-transformer,C_lex_sem_strong,163,3ac212a9f7c3,collaborate with others to develop or refine designs,2319,defa44749398,6,1.0109919309616089,0.7610676884651184,1.7704771757125854,0.1111111119389534,0.7777777910232544,0.3772633373737335,0
embedding-data/deberta-sentence-transformer,C_lex_sem_strong,163,3ac212a9f7c3,collaborate with others to develop or refine designs,1800,bd60ddc5bb14,7,1.396865963935852,0.7283391356468201,1.4500501155853271,0.1666666716337204,0.4444444477558136,1.0,0
embedding-data/deberta-sentence-transformer,C_lex_sem_strong,163,3ac212a9f7c3,collaborate with others to develop or refine designs,2814,05eb79523820,8,0.9595724511146545,0.7680733799934387,1.8390660285949707,0.0,0.7777777910232544,0.21276037395000458,1
embedding-data/deberta-sentence-transformer,C_lex_sem_strong,163,3ac212a9f7c3,collaborate with others to develop or refine designs,2337,421e3510a425,9,1.0170472860336304,0.7471034526824951,1.6337611675262451,0.1111111119389534,0.6666666865348816,0.41874343156814575,0
embedding-data/deberta-sentence-transformer,C_lex_sem_strong,163,3ac212a9f7c3,collaborate with others to develop or refine designs,3766,94c75e9264bf,10,1.0216827392578125,0.77585369348526,1.9152387380599976,0.0,0.7777777910232544,0.4063275158405304,0
embedding-data/deberta-sentence-transformer,C_lex_sem_strong,164,0c9fad019eee,schedule operational activities,1654,799855594adc,1,1.6367551851272584,0.870692253112793,0.41495025157928467,0.3333333432674408,0.5,1.0,1
embedding-data/deberta-sentence-transformer,C_lex_sem_strong,164,0c9fad019eee,schedule operational activities,4058,74fe0528c27f,2,1.2028740644454956,0.8417598009109497,0.1798277348279953,0.1428571492433548,0.6666666865348816,0.560200035572052,0
embedding-data/deberta-sentence-transformer,C_lex_sem_strong,164,0c9fad019eee,schedule operational activities,3636,e9974dc13540,3,1.4763674306869508,0.8866921663284302,0.5449751615524292,0.20000000298023224,1.0,0.7181130647659302,1
embedding-data/deberta-sentence-transformer,C_lex_sem_strong,164,0c9fad019eee,schedule operational activities,1676,4abb63e41447,4,1.4438501167297364,0.909979522228241,0.7342222332954407,0.20000000298023224,1.0,0.6433821320533752,1
embedding-data/deberta-sentence-transformer,C_lex_sem_strong,164,0c9fad019eee,schedule operational activities,2233,d334de0d305d,5,1.5287725496292115,0.9406050443649292,0.9831036329269409,0.25,0.75,0.7489403486251831,1
embedding-data/deberta-sentence-transformer,C_lex_sem_strong,164,0c9fad019eee,schedule operational activities,1675,8335d26464b5,6,1.3804127740859986,0.9321727752685547,0.9145779609680176,0.1666666716337204,0.800000011920929,0.5639036297798157,1
embedding-data/deberta-sentence-transformer,C_lex_sem_strong,164,0c9fad019eee,schedule operational activities,4059,966ff254f415,7,1.4171554613113404,0.9214589595794678,0.8275110125541687,0.1666666716337204,0.800000011920929,0.6294028759002686,1
embedding-data/deberta-sentence-transformer,C_lex_sem_strong,164,0c9fad019eee,schedule operational activities,1047,aa556f470629,8,1.4345714616775513,0.8990634679794312,0.6455118060112,0.20000000298023224,1.0,0.6433821320533752,1
embedding-data/deberta-sentence-transformer,C_lex_sem_strong,164,0c9fad019eee,schedule operational activities,4057,f7d2308e7f34,9,1.1841887998580933,0.8326308727264404,0.10564058274030685,0.125,0.5,0.45921799540519714,1
embedding-data/deberta-sentence-transformer,C_lex_sem_strong,164,0c9fad019eee,schedule operational activities,2985,a5a78f6c9b8c,10,0.9939152002334595,0.7756890058517456,-0.35710325837135315,0.1111111119389534,0.4000000059604645,0.38908183574676514,0
embedding-data/deberta-sentence-transformer,C_lex_sem_strong,165,72ea80489538,test characteristics of materials or structures,2657,805fc5c1d17a,1,1.3771874904632568,0.6992121934890747,0.04649251326918602,0.20000000298023224,0.4285714328289032,1.0,0
embedding-data/deberta-sentence-transformer,C_lex_sem_strong,165,72ea80489538,test characteristics of materials or structures,1443,3d9cb8ab1a44,2,0.9379317164421082,0.780689001083374,1.1825666427612305,0.0,0.8571428656578064,0.26947396993637085,0
embedding-data/deberta-sentence-transformer,C_lex_sem_strong,165,72ea80489538,test characteristics of materials or structures,1984,1a9e3f7fab12,3,1.124799370765686,0.6218874454498291,-1.0316872596740723,0.1666666716337204,0.5714285969734192,0.7224556803703308,0
embedding-data/deberta-sentence-transformer,C_lex_sem_strong,165,72ea80489538,test characteristics of materials or structures,116,7588597f0f7f,4,1.0875887870788574,0.6783250570297241,-0.24474786221981049,0.1666666716337204,0.5714285969734192,0.6007661819458008,0
embedding-data/deberta-sentence-transformer,C_lex_sem_strong,165,72ea80489538,test characteristics of materials or structures,3410,bfd722d7fa43,5,1.2278533744812012,0.7672762274742126,0.9955453276634216,0.1428571492433548,0.7142857313156128,0.5652408003807068,1
embedding-data/deberta-sentence-transformer,C_lex_sem_strong,165,72ea80489538,test characteristics of materials or structures,2728,b12a99169d3e,6,0.9702101945877075,0.6967753171920776,0.012513858266174793,0.0,0.5384615659713745,0.4630070924758911,0
embedding-data/deberta-sentence-transformer,C_lex_sem_strong,165,72ea80489538,test characteristics of materials or structures,3056,4b76c705aa42,7,1.0112963914871216,0.7410263419151306,0.6295292973518372,0.125,0.875,0.38417714834213257,0
embedding-data/deberta-sentence-transformer,C_lex_sem_strong,165,72ea80489538,test characteristics of materials or structures,3766,94c75e9264bf,8,1.1425261497497559,0.8185120820999146,1.7099539041519165,0.0,1.0,0.4954155683517456,0
embedding-data/deberta-sentence-transformer,C_lex_sem_strong,165,72ea80489538,test characteristics of materials or structures,4322,111b01115aeb,9,0.9572597312927246,0.7093101739883423,0.18729399144649506,0.0,0.8571428656578064,0.26947396993637085,1
embedding-data/deberta-sentence-transformer,C_lex_sem_strong,165,72ea80489538,test characteristics of materials or structures,268,24817736836a,10,1.1830871105194092,0.6904611587524414,-0.07552778720855713,0.1666666716337204,0.5714285969734192,0.7224556803703308,0
embedding-data/deberta-sentence-transformer,C_lex_sem_strong,166,505ab84c8d87,implement transportation changes to reduce environmental impact,2999,a4a640d71221,1,1.4835361242294312,0.7957568168640137,1.3138147592544556,0.2857142984867096,0.5,1.0,0
embedding-data/deberta-sentence-transformer,C_lex_sem_strong,166,505ab84c8d87,implement transportation changes to reduce environmental impact,3025,5653d4592b47,2,1.006668107509613,0.7487772703170776,0.8411858677864075,0.0833333358168602,0.800000011920929,0.2764867842197418,1
embedding-data/deberta-sentence-transformer,C_lex_sem_strong,166,505ab84c8d87,implement transportation changes to reduce environmental impact,1405,06c62fc8558d,3,1.1734988260269166,0.8128151893615723,1.4854273796081543,0.10000000149011612,0.75,0.43943697214126587,1
embedding-data/deberta-sentence-transformer,C_lex_sem_strong,166,505ab84c8d87,implement transportation changes to reduce environmental impact,1406,469aed97fb6f,4,0.9585803318023681,0.8110960721969604,1.468132495880127,0.0,0.800000011920929,0.15592671930789948,1
embedding-data/deberta-sentence-transformer,C_lex_sem_strong,166,505ab84c8d87,implement transportation changes to reduce environmental impact,2987,7768723ebcc0,5,1.0075740385055543,0.822058916091919,1.57842218875885,0.0,1.0,0.18403418362140656,1
embedding-data/deberta-sentence-transformer,C_lex_sem_strong,166,505ab84c8d87,implement transportation changes to reduce environmental impact,2626,d7c46c558d85,6,1.2777340412139893,0.7736374139785767,1.0912866592407227,0.1111111119389534,0.75,0.7470283508300781,0
embedding-data/deberta-sentence-transformer,C_lex_sem_strong,166,505ab84c8d87,implement transportation changes to reduce environmental impact,5000,e635f4af9676,7,0.9909869599342346,0.8492214679718018,1.851685881614685,0.0,0.800000011920929,0.15592671930789948,1
embedding-data/deberta-sentence-transformer,C_lex_sem_strong,166,505ab84c8d87,implement transportation changes to reduce environmental impact,3310,1b5b70c37d4d,8,1.2023413181304932,0.7348142862319946,0.7007139325141907,0.1428571492433548,0.375,0.7309679388999939,0
embedding-data/deberta-sentence-transformer,C_lex_sem_strong,166,505ab84c8d87,implement transportation changes to reduce environmental impact,3666,789a184d765c,9,1.0227602291107178,0.8278758525848389,1.6369423866271973,0.0,0.625,0.2522367238998413,1
embedding-data/deberta-sentence-transformer,C_lex_sem_strong,166,505ab84c8d87,implement transportation changes to reduce environmental impact,4247,310c23fd2d02,10,1.1832233238220216,0.8689305782318115,2.0499656200408936,0.1111111119389534,0.75,0.38201433420181274,1
embedding-data/deberta-sentence-transformer,C_lex_sem_strong,167,00c6f12023ab,document organizational or operational procedures,1529,8c8790508d02,1,1.3687667846679688,0.6809021234512329,1.1959505081176758,0.20000000298023224,0.5,1.0,0
embedding-data/deberta-sentence-transformer,C_lex_sem_strong,167,00c6f12023ab,document organizational or operational procedures,1337,284a65d8619b,2,0.7681019902229309,0.5123029947280884,-1.6989678144454956,0.0,0.5,0.4037778079509735,0
embedding-data/deberta-sentence-transformer,C_lex_sem_strong,167,00c6f12023ab,document organizational or operational procedures,140,1b6f29f96686,3,0.8826125264167786,0.6287480592727661,0.30044323205947876,0.09090909361839294,0.6000000238418579,0.38570699095726013,0
embedding-data/deberta-sentence-transformer,C_lex_sem_strong,167,00c6f12023ab,document organizational or operational procedures,2266,c9f8e62f3075,4,1.3160279560089112,0.7024333477020264,1.5656508207321167,0.1428571492433548,0.8333333134651184,0.7529352307319641,1
embedding-data/deberta-sentence-transformer,C_lex_sem_strong,167,00c6f12023ab,document organizational or operational procedures,2623,5b9cd334c378,5,0.8720229268074036,0.6056237816810608,-0.0966104045510292,0.0,0.5454545617103577,0.4324246048927307,0
embedding-data/deberta-sentence-transformer,C_lex_sem_strong,167,00c6f12023ab,document organizational or operational procedures,3766,94c75e9264bf,6,1.1950486898422241,0.807880163192749,3.3762171268463135,0.0,0.8571428656578064,0.6037659645080566,0
embedding-data/deberta-sentence-transformer,C_lex_sem_strong,167,00c6f12023ab,document organizational or operational procedures,548,0586134e1b27,7,0.7677819895744323,0.7083149552345276,1.6666405200958252,0.0,0.8571428656578064,0.0,1
embedding-data/deberta-sentence-transformer,C_lex_sem_strong,167,00c6f12023ab,document organizational or operational procedures,2728,b12a99169d3e,8,1.0224518942832947,0.7426053285598755,2.255420684814453,0.0,0.4615384638309479,0.3786907196044922,1
embedding-data/deberta-sentence-transformer,C_lex_sem_strong,167,00c6f12023ab,document organizational or operational procedures,4058,74fe0528c27f,9,1.2702045440673828,0.7444550395011902,2.2871809005737305,0.125,1.0,0.7320252656936646,0
embedding-data/deberta-sentence-transformer,C_lex_sem_strong,167,00c6f12023ab,document organizational or operational procedures,4369,da96e99c6eae,10,0.8142448234558105,0.7657782435417175,2.6533093452453613,0.0,0.8333333134651184,0.0,1
embedding-data/deberta-sentence-transformer,C_lex_sem_strong,168,ab35d13698b5,"negotiate contracts for transportation, distribution, or logistics services",4841,e1b150754821,1,1.4388463497161865,0.7385120391845703,1.9955968856811523,0.3333333432674408,0.4444444477558136,1.0,0
embedding-data/deberta-sentence-transformer,C_lex_sem_strong,168,ab35d13698b5,"negotiate contracts for transportation, distribution, or logistics services",1337,284a65d8619b,2,0.9853048491477966,0.6676197052001953,1.2270982265472412,0.0,0.75,0.37546873092651367,1
embedding-data/deberta-sentence-transformer,C_lex_sem_strong,168,ab35d13698b5,"negotiate contracts for transportation, distribution, or logistics services",2623,5b9cd334c378,3,0.9714844393730163,0.743534505367279,2.050042152404785,0.0,0.8181818127632141,0.2538027763366699,1
embedding-data/deberta-sentence-transformer,C_lex_sem_strong,168,ab35d13698b5,"negotiate contracts for transportation, distribution, or logistics services",3567,b9a61efec89c,4,0.8745327591896057,0.7688864469528198,2.324866533279419,0.0,1.0,0.17282748222351074,0
embedding-data/deberta-sentence-transformer,C_lex_sem_strong,168,ab35d13698b5,"negotiate contracts for transportation, distribution, or logistics services",4306,01c767aac2ad,5,0.9243555235862732,0.774969756603241,2.3908119201660156,0.0,0.8181818127632141,0.14830432832241058,1
embedding-data/deberta-sentence-transformer,C_lex_sem_strong,168,ab35d13698b5,"negotiate contracts for transportation, distribution, or logistics services",691,5a5622ca97ad,6,0.9611291456222534,0.7766469120979309,2.4089927673339844,0.0,1.0,0.17282748222351074,1
embedding-data/deberta-sentence-transformer,C_lex_sem_strong,168,ab35d13698b5,"negotiate contracts for transportation, distribution, or logistics services",3344,73655dd507f9,7,0.877409040927887,0.7542291879653931,2.1659765243530273,0.0,0.5555555820465088,0.2582266330718994,0
embedding-data/deberta-sentence-transformer,C_lex_sem_strong,168,ab35d13698b5,"negotiate contracts for transportation, distribution, or logistics services",3766,94c75e9264bf,8,0.9869080185890198,0.7777323722839355,2.420759677886963,0.0,0.7777777910232544,0.35436806082725525,0
embedding-data/deberta-sentence-transformer,C_lex_sem_strong,168,ab35d13698b5,"negotiate contracts for transportation, distribution, or logistics services",1400,0171c20bcf79,9,0.88747239112854,0.6359459161758423,0.8837428689002991,0.125,0.5555555820465088,0.38051822781562805,0
embedding-data/deberta-sentence-transformer,C_lex_sem_strong,168,ab35d13698b5,"negotiate contracts for transportation, distribution, or logistics services",4309,e1cc24239d78,10,0.9868896174430847,0.8069533109664917,2.737525224685669,0.0,1.0,0.17282748222351074,1
embedding-data/deberta-sentence-transformer,C_lex_sem_strong,169,2d10ff099811,coordinate with external parties to exchange information,5120,399c4f53685e,1,1.3769216537475586,0.7130451202392578,1.121820092201233,0.1666666716337204,0.375,1.0,0
embedding-data/deberta-sentence-transformer,C_lex_sem_strong,169,2d10ff099811,coordinate with external parties to exchange information,3734,ce2b24a76bd2,2,1.1371861267089844,0.8004832863807678,2.033865213394165,0.0,0.6666666865348816,0.4430123567581177,1
embedding-data/deberta-sentence-transformer,C_lex_sem_strong,169,2d10ff099811,coordinate with external parties to exchange information,4449,4a4024b6d82b,3,1.082594828605652,0.7693952322006226,1.7095937728881836,0.0,0.875,0.3730126917362213,1
embedding-data/deberta-sentence-transformer,C_lex_sem_strong,169,2d10ff099811,coordinate with external parties to exchange information,1556,62317ddbee32,4,1.1143708992004395,0.7877094745635986,1.9006248712539673,0.0,0.75,0.4140254557132721,1
embedding-data/deberta-sentence-transformer,C_lex_sem_strong,169,2d10ff099811,coordinate with external parties to exchange information,2026,1793cca3a80b,5,1.049580693244934,0.6222912073135376,0.17518912255764008,0.125,0.875,0.5830474495887756,0
embedding-data/deberta-sentence-transformer,C_lex_sem_strong,169,2d10ff099811,coordinate with external parties to exchange information,2509,7f374572eafc,6,1.0817988681793214,0.8440757989883423,2.488567590713501,0.0,1.0,0.26333481073379517,1
embedding-data/deberta-sentence-transformer,C_lex_sem_strong,169,2d10ff099811,coordinate with external parties to exchange information,2814,05eb79523820,7,1.0171283054351807,0.7612165212631226,1.6242836713790894,0.0,0.875,0.28942036628723145,1
embedding-data/deberta-sentence-transformer,C_lex_sem_strong,169,2d10ff099811,coordinate with external parties to exchange information,3228,63e9d907bdd4,8,1.1896287202835083,0.6239446997642517,0.19243627786636353,0.1428571492433548,0.5,0.8295775651931763,0
embedding-data/deberta-sentence-transformer,C_lex_sem_strong,169,2d10ff099811,coordinate with external parties to exchange information,4453,d9ea7797e0d6,9,1.2162000703811646,0.8220336437225342,2.2586514949798584,0.0,0.800000011920929,0.5106734037399292,1
embedding-data/deberta-sentence-transformer,C_lex_sem_strong,169,2d10ff099811,coordinate with external parties to exchange information,4370,330ceef13d7a,10,1.1899438667297364,0.8492047786712646,2.542066812515259,0.0,0.625,0.4651710093021393,1
embedding-data/deberta-sentence-transformer,C_lex_sem_strong,170,57e3b12b8497,develop procedures to evaluate organizational activities,2233,d334de0d305d,1,1.5037480592727661,0.855950117111206,0.9211872220039368,0.1666666716337204,0.4285714328289032,1.0,0
embedding-data/deberta-sentence-transformer,C_lex_sem_strong,170,57e3b12b8497,develop procedures to evaluate organizational activities,4507,4308d262ba90,2,1.2828681468963623,0.7662805318832397,0.09611327201128006,0.1111111119389534,0.8571428656578064,0.7479901313781738,0
embedding-data/deberta-sentence-transformer,C_lex_sem_strong,170,57e3b12b8497,develop procedures to evaluate organizational activities,3586,f77f2bcecc27,3,1.3275720643997193,0.9141950011253357,1.4571139812469482,0.09090909361839294,0.875,0.5211778879165649,1
embedding-data/deberta-sentence-transformer,C_lex_sem_strong,170,57e3b12b8497,develop procedures to evaluate organizational activities,3592,fd4ea4fecf63,4,1.4655608701705933,0.8580511212348938,0.9405190944671631,0.1428571492433548,0.5714285969734192,0.8150043487548828,1
embedding-data/deberta-sentence-transformer,C_lex_sem_strong,170,57e3b12b8497,develop procedures to evaluate organizational activities,2319,defa44749398,5,1.1127383708953857,0.693591296672821,-0.572719931602478,0.1111111119389534,1.0,0.5728049874305725,0
embedding-data/deberta-sentence-transformer,C_lex_sem_strong,170,57e3b12b8497,develop procedures to evaluate organizational activities,3748,34fad830f97b,6,1.4206893014907838,0.9234418869018555,1.5421971082687378,0.125,0.8571428656578064,0.6357848644256592,1
embedding-data/deberta-sentence-transformer,C_lex_sem_strong,170,57e3b12b8497,develop procedures to evaluate organizational activities,2337,421e3510a425,7,1.227035403251648,0.792999267578125,0.34195953607559204,0.1111111119389534,0.8571428656578064,0.6357848644256592,0
embedding-data/deberta-sentence-transformer,C_lex_sem_strong,170,57e3b12b8497,develop procedures to evaluate organizational activities,1675,8335d26464b5,8,1.4706291723251343,0.9025246500968933,1.3497320413589478,0.125,0.7142857313156128,0.7529352307319641,1
embedding-data/deberta-sentence-transformer,C_lex_sem_strong,170,57e3b12b8497,develop procedures to evaluate organizational activities,2114,f93bec28cb76,9,1.220966100692749,0.6494677066802979,-0.9787129163742065,0.1666666716337204,0.4285714328289032,0.8467543125152588,0
embedding-data/deberta-sentence-transformer,C_lex_sem_strong,170,57e3b12b8497,develop procedures to evaluate organizational activities,2528,9fb8b881e40a,10,1.2502285242080688,0.8323696255683899,0.7042167782783508,0.125,0.7142857313156128,0.6375511884689331,0
embedding-data/deberta-sentence-transformer,C_lex_sem_strong,171,02b5b4014078,develop organizational goals or objectives,3730,667727a74b62,1,1.4645962715148926,0.7936426997184753,0.38724812865257263,0.20000000298023224,0.5,1.0,0
embedding-data/deberta-sentence-transformer,C_lex_sem_strong,171,02b5b4014078,develop organizational goals or objectives,2319,defa44749398,2,1.0755845308303833,0.7563351392745972,-0.10467081516981125,0.125,0.8571428656578064,0.45997902750968933,0
embedding-data/deberta-sentence-transformer,C_lex_sem_strong,171,02b5b4014078,develop organizational goals or objectives,3766,94c75e9264bf,3,1.1368279457092285,0.8286149501800537,0.8483748435974121,0.0,0.8571428656578064,0.4954155683517456,0
embedding-data/deberta-sentence-transformer,C_lex_sem_strong,171,02b5b4014078,develop organizational goals or objectives,2337,421e3510a425,4,1.1467843055725098,0.7816430926322937,0.22902728617191315,0.125,1.0,0.5105537176132202,0
embedding-data/deberta-sentence-transformer,C_lex_sem_strong,171,02b5b4014078,develop organizational goals or objectives,3586,f77f2bcecc27,5,1.0454775094985962,0.773544430732727,0.12224235385656357,0.10000000149011612,0.75,0.4185209572315216,0
embedding-data/deberta-sentence-transformer,C_lex_sem_strong,171,02b5b4014078,develop organizational goals or objectives,4598,e3849dfc2aec,6,1.3989566135406495,0.8767938017845154,1.4836372137069702,0.1666666716337204,0.6666666865348816,0.6766882538795471,1
embedding-data/deberta-sentence-transformer,C_lex_sem_strong,171,02b5b4014078,develop organizational goals or objectives,3592,fd4ea4fecf63,7,1.2502142190933228,0.814216136932373,0.6585192680358887,0.1666666716337204,0.6666666865348816,0.6544721126556396,0
embedding-data/deberta-sentence-transformer,C_lex_sem_strong,171,02b5b4014078,develop organizational goals or objectives,225,c30ebd0088ed,8,1.1820025444030762,0.7918948531150818,0.3642019033432007,0.1666666716337204,0.6666666865348816,0.5841312408447266,0
embedding-data/deberta-sentence-transformer,C_lex_sem_strong,171,02b5b4014078,develop organizational goals or objectives,3576,152c8d094c15,9,1.4033496379852295,0.7769367694854736,0.16697204113006592,0.25,0.3333333432674408,0.9423143267631531,0
embedding-data/deberta-sentence-transformer,C_lex_sem_strong,171,02b5b4014078,develop organizational goals or objectives,2114,f93bec28cb76,10,1.178856372833252,0.7210336327552795,-0.5701389312744141,0.20000000298023224,0.5,0.6799682974815369,0
embedding-data/deberta-sentence-transformer,C_lex_sem_strong,172,2c5271f1a3e4,analyze data to assess operational or project effectiveness,5276,24d301adf7f0,1,1.4329242277145386,0.8591189384460449,2.8086531162261963,0.09090909361839294,0.8888888955116272,0.7365748882293701,1
embedding-data/deberta-sentence-transformer,C_lex_sem_strong,172,2c5271f1a3e4,analyze data to assess operational or project effectiveness,1223,46f86faa6bbf,2,1.153146743774414,0.5830559730529785,-0.29796984791755676,0.1666666716337204,0.2222222238779068,0.8599908351898193,0
embedding-data/deberta-sentence-transformer,C_lex_sem_strong,172,2c5271f1a3e4,analyze data to assess operational or project effectiveness,2623,5b9cd334c378,3,1.1019048690795898,0.6899616718292236,0.9050734639167786,0.0,0.8181818127632141,0.6194560527801514,0
embedding-data/deberta-sentence-transformer,C_lex_sem_strong,172,2c5271f1a3e4,analyze data to assess operational or project effectiveness,1452,41db1b32b4b9,4,1.3648772239685059,0.6496220827102661,0.45111945271492004,0.2857142984867096,0.5555555820465088,1.0,0
embedding-data/deberta-sentence-transformer,C_lex_sem_strong,172,2c5271f1a3e4,analyze data to assess operational or project effectiveness,2728,b12a99169d3e,5,1.1889377403259278,0.7607821226119995,1.7020381689071655,0.0833333358168602,0.692307710647583,0.5376793742179871,1
embedding-data/deberta-sentence-transformer,C_lex_sem_strong,172,2c5271f1a3e4,analyze data to assess operational or project effectiveness,4106,7a6199e2dfd9,6,1.299900131225586,0.8204928040504456,2.373981237411499,0.1428571492433548,0.6000000238418579,0.6198710799217224,1
embedding-data/deberta-sentence-transformer,C_lex_sem_strong,172,2c5271f1a3e4,analyze data to assess operational or project effectiveness,1947,978da67e4402,7,1.290740966796875,0.778799295425415,1.9047911167144775,0.2222222238779068,0.7777777910232544,0.7236277461051941,0
embedding-data/deberta-sentence-transformer,C_lex_sem_strong,172,2c5271f1a3e4,analyze data to assess operational or project effectiveness,2339,51db9c6e8f68,8,1.0583282279968262,0.7408615946769714,1.477866291999817,0.0,0.8999999761581421,0.36942270398139954,1
embedding-data/deberta-sentence-transformer,C_lex_sem_strong,172,2c5271f1a3e4,analyze data to assess operational or project effectiveness,3766,94c75e9264bf,9,1.2834643888473511,0.856847882270813,2.7830963134765625,0.0,0.7777777910232544,0.5676656365394592,1
embedding-data/deberta-sentence-transformer,C_lex_sem_strong,172,2c5271f1a3e4,analyze data to assess operational or project effectiveness,1443,3d9cb8ab1a44,10,1.1089453268051148,0.8412467241287231,2.6075315475463867,0.1111111119389534,0.6666666865348816,0.32142373919487,1
embedding-data/deberta-sentence-transformer,C_lex_sem_strong,173,49c0d2367c5d,"manage operations, research, or logistics projects",4845,537673b823b1,1,1.3723556995391846,0.7013709545135498,0.6543816328048706,0.1666666716337204,0.4285714328289032,1.0,0
embedding-data/deberta-sentence-transformer,C_lex_sem_strong,173,49c0d2367c5d,"manage operations, research, or logistics projects",2300,754666b07e71,2,1.1060054302215576,0.726883053779602,1.017181396484375,0.0833333358168602,0.5,0.6021260023117065,0
embedding-data/deberta-sentence-transformer,C_lex_sem_strong,173,49c0d2367c5d,"manage operations, research, or logistics projects",3766,94c75e9264bf,3,1.3176548051834107,0.8670513033866882,3.0104708671569824,0.0,1.0,0.5723732113838196,1
embedding-data/deberta-sentence-transformer,C_lex_sem_strong,173,49c0d2367c5d,"manage operations, research, or logistics projects",2446,a18b251c5cc8,4,1.3374383449554443,0.7651580572128296,1.5614783763885498,0.1428571492433548,0.5714285969734192,0.8590565323829651,0
embedding-data/deberta-sentence-transformer,C_lex_sem_strong,173,49c0d2367c5d,"manage operations, research, or logistics projects",4501,7e31f9e44f69,5,1.3440511226654053,0.850438117980957,2.7742199897766113,0.2222222238779068,0.699999988079071,0.7239060997962952,0
embedding-data/deberta-sentence-transformer,C_lex_sem_strong,173,49c0d2367c5d,"manage operations, research, or logistics projects",3316,1a73e19bd661,6,1.0758494138717651,0.697272539138794,0.596099317073822,0.1428571492433548,0.5714285969734192,0.567790687084198,0
embedding-data/deberta-sentence-transformer,C_lex_sem_strong,173,49c0d2367c5d,"manage operations, research, or logistics projects",4092,13573f8171ba,7,1.159433364868164,0.7197614312171936,0.9159069657325745,0.125,1.0,0.6037659645080566,0
embedding-data/deberta-sentence-transformer,C_lex_sem_strong,173,49c0d2367c5d,"manage operations, research, or logistics projects",4682,e7b1f13719d5,8,1.1148362159729004,0.7882972359657288,1.8905335664749146,0.125,0.7142857313156128,0.497650146484375,0
embedding-data/deberta-sentence-transformer,C_lex_sem_strong,173,49c0d2367c5d,"manage operations, research, or logistics projects",379,55cbbefb6882,9,1.2329363822937012,0.7683730125427246,1.6071972846984863,0.125,0.8571428656578064,0.6701500415802002,0
embedding-data/deberta-sentence-transformer,C_lex_sem_strong,173,49c0d2367c5d,"manage operations, research, or logistics projects",3596,12d4317a17e7,10,1.2399073839187622,0.7865148782730103,1.865187168121338,0.1428571492433548,0.7142857313156128,0.6733852028846741,0
embedding-data/deberta-sentence-transformer,C_lex_sem_strong,174,003763627ff4,evaluate environmental impact of operational or development activities,2999,a4a640d71221,1,1.3940966129302979,0.6970697641372681,1.7799434661865234,0.2857142984867096,0.4444444477558136,1.0,0
embedding-data/deberta-sentence-transformer,C_lex_sem_strong,174,003763627ff4,evaluate environmental impact of operational or development activities,151,1ac23fe60e17,2,0.9493960905075073,0.729733943939209,2.139305830001831,0.0625,0.40909090638160706,0.2795901298522949,1
embedding-data/deberta-sentence-transformer,C_lex_sem_strong,174,003763627ff4,evaluate environmental impact of operational or development activities,3782,0d6b3a3f8dee,3,1.1217695045471192,0.787768542766571,2.7777862548828125,0.1111111119389534,1.0,0.3570628762245178,1
embedding-data/deberta-sentence-transformer,C_lex_sem_strong,174,003763627ff4,evaluate environmental impact of operational or development activities,2728,b12a99169d3e,4,0.9056779146194458,0.686750590801239,1.666414737701416,0.0,0.692307710647583,0.36101293563842773,0
embedding-data/deberta-sentence-transformer,C_lex_sem_strong,174,003763627ff4,evaluate environmental impact of operational or development activities,1443,3d9cb8ab1a44,5,1.0034573245048524,0.8349551558494568,3.2969202995300293,0.0,0.6666666865348816,0.21011251211166382,1
embedding-data/deberta-sentence-transformer,C_lex_sem_strong,174,003763627ff4,evaluate environmental impact of operational or development activities,3559,d592234a226d,6,1.011109130382538,0.711647093296051,1.9403191804885864,0.0833333358168602,1.0,0.29934629797935486,1
embedding-data/deberta-sentence-transformer,C_lex_sem_strong,174,003763627ff4,evaluate environmental impact of operational or development activities,4507,4308d262ba90,7,1.0484883785247803,0.7458623647689819,2.316746234893799,0.10000000149011612,0.6666666865348816,0.46834105253219604,0
embedding-data/deberta-sentence-transformer,C_lex_sem_strong,174,003763627ff4,evaluate environmental impact of operational or development activities,147,575ea3efc7e8,8,0.9861293601989746,0.6811586618423462,1.6048939228057861,0.05263157933950424,0.36000001430511475,0.40088316798210144,1
embedding-data/deberta-sentence-transformer,C_lex_sem_strong,174,003763627ff4,evaluate environmental impact of operational or development activities,1777,62955ffe255a,9,1.0359308290481568,0.7729476094245911,2.6147305965423584,0.07692307978868484,0.8999999761581421,0.2764867842197418,1
embedding-data/deberta-sentence-transformer,C_lex_sem_strong,174,003763627ff4,evaluate environmental impact of operational or development activities,3766,94c75e9264bf,10,1.0263680219650269,0.7978737950325012,2.8889615535736084,0.0,0.7777777910232544,0.3862822651863098,0
embedding-data/deberta-sentence-transformer,C_lex_sem_strong,175,825fff3275ff,develop sustainable organizational policies or practices,5081,0ddf1bae68b2,1,1.4730989933013916,0.8198922872543335,0.8339499235153198,0.1666666716337204,0.4285714328289032,1.0,0
embedding-data/deberta-sentence-transformer,C_lex_sem_strong,175,825fff3275ff,develop sustainable organizational policies or practices,1712,0d23c5fd52ea,2,0.9885964393615723,0.796636700630188,0.5942726135253906,0.09090909361839294,0.6363636255264282,0.32805296778678894,0
embedding-data/deberta-sentence-transformer,C_lex_sem_strong,175,825fff3275ff,develop sustainable organizational policies or practices,3766,94c75e9264bf,3,1.2825022506713868,0.8418704271316528,1.0604615211486816,0.0,1.0,0.5527319312095642,1
embedding-data/deberta-sentence-transformer,C_lex_sem_strong,175,825fff3275ff,develop sustainable organizational policies or practices,4426,b25b2aa78ecd,4,1.1928107738494873,0.7211663722991943,-0.1835414171218872,0.125,0.8571428656578064,0.6701500415802002,0
embedding-data/deberta-sentence-transformer,C_lex_sem_strong,175,825fff3275ff,develop sustainable organizational policies or practices,3587,f687024e11a9,5,1.1378314065933228,0.8736307621002197,1.387790560722351,0.0833333358168602,0.5833333134651184,0.3432075083255768,1
embedding-data/deberta-sentence-transformer,C_lex_sem_strong,175,825fff3275ff,develop sustainable organizational policies or practices,3592,fd4ea4fecf63,6,1.4155330228805543,0.8690416812896729,1.3404945135116577,0.1428571492433548,0.5714285969734192,0.7301903367042542,1
embedding-data/deberta-sentence-transformer,C_lex_sem_strong,175,825fff3275ff,develop sustainable organizational policies or practices,4875,65b169807624,7,1.3655805158615113,0.8592778444290161,1.2398662567138672,0.1428571492433548,0.7142857313156128,0.6502776145935059,1
embedding-data/deberta-sentence-transformer,C_lex_sem_strong,175,825fff3275ff,develop sustainable organizational policies or practices,2152,b0b4728d5bc0,8,1.4129931497573853,0.9277327060699463,1.9453773498535156,0.125,0.7142857313156128,0.6399881839752197,1
embedding-data/deberta-sentence-transformer,C_lex_sem_strong,175,825fff3275ff,develop sustainable organizational policies or practices,140,1b6f29f96686,9,0.953803300857544,0.7293686866760254,-0.0990065336227417,0.0833333358168602,0.699999988079071,0.3531046509742737,0
embedding-data/deberta-sentence-transformer,C_lex_sem_strong,175,825fff3275ff,develop sustainable organizational policies or practices,2319,defa44749398,10,1.152698278427124,0.7896929979324341,0.522709310054779,0.1111111119389534,1.0,0.5131956338882446,0
embedding-data/deberta-sentence-transformer,C_lex_sem_strong,176,62eda05f366c,identify opportunities for green initiatives,3165,0b78f857d28c,1,1.5509072542190552,0.895185112953186,0.8851974606513977,0.20000000298023224,0.5,1.0,0
embedding-data/deberta-sentence-transformer,C_lex_sem_strong,176,62eda05f366c,identify opportunities for green initiatives,691,5a5622ca97ad,2,1.1308332681655884,0.7002624273300171,-1.1302881240844727,0.125,0.6666666865348816,0.6342050433158875,0
embedding-data/deberta-sentence-transformer,C_lex_sem_strong,176,62eda05f366c,identify opportunities for green initiatives,2086,d3c09cf6632a,3,1.3777752685546876,0.7367181181907654,-0.7533391118049622,0.25,0.6000000238418579,0.8022356629371643,1
embedding-data/deberta-sentence-transformer,C_lex_sem_strong,176,62eda05f366c,identify opportunities for green initiatives,4989,f216a9fa6c2b,4,1.1846903133392335,0.8195945024490356,0.10359635204076767,0.1111111119389534,0.6000000238418579,0.4654465913772583,1
embedding-data/deberta-sentence-transformer,C_lex_sem_strong,176,62eda05f366c,identify opportunities for green initiatives,3750,4e46877e9689,5,1.426814274787903,0.8813384771347046,0.742024302482605,0.1428571492433548,1.0,0.6701500415802002,1
embedding-data/deberta-sentence-transformer,C_lex_sem_strong,176,62eda05f366c,identify opportunities for green initiatives,4480,7fb0a83a1950,6,1.3970331716537476,0.8100581765174866,0.004991474095731974,0.1666666716337204,0.6666666865348816,0.7549766898155212,1
embedding-data/deberta-sentence-transformer,C_lex_sem_strong,176,62eda05f366c,identify opportunities for green initiatives,2384,9f0afa80bca1,7,1.259782314300537,0.8546257019042969,0.46581628918647766,0.125,0.8571428656578064,0.6037659645080566,0
embedding-data/deberta-sentence-transformer,C_lex_sem_strong,176,62eda05f366c,identify opportunities for green initiatives,2409,e51f982823a7,8,1.4480872917175294,0.7798782587051392,-0.30706655979156494,0.20000000298023224,0.5,0.8788440227508545,1
embedding-data/deberta-sentence-transformer,C_lex_sem_strong,176,62eda05f366c,identify opportunities for green initiatives,3749,d53499e514eb,9,1.4397229719161988,0.8965251445770264,0.8990533351898193,0.1428571492433548,1.0,0.6701500415802002,1
embedding-data/deberta-sentence-transformer,C_lex_sem_strong,176,62eda05f366c,identify opportunities for green initiatives,4599,2e23622f45cc,10,1.1197374629974366,0.76634281873703,-0.4470219910144806,0.0,0.6666666865348816,0.4595419466495514,1
embedding-data/deberta-sentence-transformer,C_lex_sem_strong,177,ff18586218d4,estimate cost or material requirements,1649,bd1d85f33bd2,1,1.5644288063049316,0.84050452709198,1.1716187000274658,0.5,0.5,1.0,0
embedding-data/deberta-sentence-transformer,C_lex_sem_strong,177,ff18586218d4,estimate cost or material requirements,3766,94c75e9264bf,2,0.9910671710968018,0.8128788471221924,0.8928671479225159,0.0,0.8571428656578064,0.3062940239906311,0
embedding-data/deberta-sentence-transformer,C_lex_sem_strong,177,ff18586218d4,estimate cost or material requirements,2948,63c5028892f6,3,0.9330241847038269,0.8859107494354248,1.6297813653945923,0.0,1.0,0.0,1
embedding-data/deberta-sentence-transformer,C_lex_sem_strong,177,ff18586218d4,estimate cost or material requirements,5168,f0b0f47d58ce,4,1.1674282121658326,0.8642682433128357,1.4114018678665161,0.1666666716337204,0.6666666865348816,0.3611430823802948,1
embedding-data/deberta-sentence-transformer,C_lex_sem_strong,177,ff18586218d4,estimate cost or material requirements,5134,29c1e14899e6,5,1.1996354627609254,0.9021592140197754,1.7937332391738892,0.1666666716337204,0.6666666865348816,0.3611430823802948,1
embedding-data/deberta-sentence-transformer,C_lex_sem_strong,177,ff18586218d4,estimate cost or material requirements,3891,6579f5e89913,6,1.0738343000411987,0.8800628185272217,1.570773959159851,0.1428571492433548,1.0,0.28172773122787476,0
embedding-data/deberta-sentence-transformer,C_lex_sem_strong,177,ff18586218d4,estimate cost or material requirements,2093,bc30fde7977a,7,1.1121952533721924,0.8462803363800049,1.2298983335494995,0.1666666716337204,0.6666666865348816,0.41836708784103394,0
embedding-data/deberta-sentence-transformer,C_lex_sem_strong,177,ff18586218d4,estimate cost or material requirements,1375,38b024ca010b,8,1.1491972208023071,0.8179235458374023,0.9437696933746338,0.20000000298023224,0.5,0.5199460983276367,0
embedding-data/deberta-sentence-transformer,C_lex_sem_strong,177,ff18586218d4,estimate cost or material requirements,2355,221146bfcce6,9,1.001637578010559,0.6443238854408264,-0.8079038858413696,0.20000000298023224,0.5,0.5199460983276367,0
embedding-data/deberta-sentence-transformer,C_lex_sem_strong,177,ff18586218d4,estimate cost or material requirements,2098,fdf6f5dbede6,10,1.145748496055603,0.8409919738769531,1.1765371561050415,0.20000000298023224,0.5,0.48700761795043945,0
embedding-data/deberta-sentence-transformer,C_lex_sem_strong,178,78b65ab85b19,manage inventories of products or organizational resources,4346,dc00b108ce90,1,1.40142174243927,0.9010389447212219,2.4929065704345703,0.1111111119389534,0.875,0.6368804574012756,1
embedding-data/deberta-sentence-transformer,C_lex_sem_strong,178,78b65ab85b19,manage inventories of products or organizational resources,395,4faf806bf7de,2,1.111225962638855,0.5676321983337402,-1.53787100315094,0.1428571492433548,0.5,0.7859529852867126,0
embedding-data/deberta-sentence-transformer,C_lex_sem_strong,178,78b65ab85b19,manage inventories of products or organizational resources,1694,d6c8c0983834,3,1.3475202322006226,0.7176709175109863,0.27604764699935913,0.0,0.375,1.0,0
embedding-data/deberta-sentence-transformer,C_lex_sem_strong,178,78b65ab85b19,manage inventories of products or organizational resources,2728,b12a99169d3e,4,1.1785774993896485,0.7553532719612122,0.731614887714386,0.0,0.6153846383094788,0.5642695426940918,1
embedding-data/deberta-sentence-transformer,C_lex_sem_strong,178,78b65ab85b19,manage inventories of products or organizational resources,690,32402d5443a6,5,1.1678709554672242,0.8379780054092407,1.7305206060409546,0.0714285746216774,0.5714285969734192,0.4345157742500305,1
embedding-data/deberta-sentence-transformer,C_lex_sem_strong,178,78b65ab85b19,manage inventories of products or organizational resources,5098,e3454a3aaa1c,6,1.3243054151535034,0.8183140158653259,1.4927895069122314,0.1428571492433548,0.5,0.7859529852867126,0
embedding-data/deberta-sentence-transformer,C_lex_sem_strong,178,78b65ab85b19,manage inventories of products or organizational resources,3596,12d4317a17e7,7,1.2873228788375854,0.8223867416381836,1.5420273542404175,0.1428571492433548,0.625,0.7103180885314941,0
embedding-data/deberta-sentence-transformer,C_lex_sem_strong,178,78b65ab85b19,manage inventories of products or organizational resources,3766,94c75e9264bf,8,1.3170861768722535,0.8552352786064148,1.9391553401947021,0.0,0.875,0.6037659645080566,1
embedding-data/deberta-sentence-transformer,C_lex_sem_strong,178,78b65ab85b19,manage inventories of products or organizational resources,3212,d8505c1983d9,9,1.1481627988815308,0.8239002227783203,1.5603249073028564,0.09090909361839294,0.7272727489471436,0.39562636613845825,1
embedding-data/deberta-sentence-transformer,C_lex_sem_strong,178,78b65ab85b19,manage inventories of products or organizational resources,3336,b4854fe5d64d,10,1.038037793636322,0.8191555738449097,1.502963662147522,0.0,0.8888888955116272,0.24695232510566711,1
embedding-data/deberta-sentence-transformer,C_lex_sem_strong,179,6a5f3442d709,monitor performance of organizational members or partners,2528,9fb8b881e40a,1,1.409462571144104,0.6939055919647217,0.832917332649231,0.2857142984867096,0.625,1.0,0
embedding-data/deberta-sentence-transformer,C_lex_sem_strong,179,6a5f3442d709,monitor performance of organizational members or partners,3569,b90a5f932e75,2,1.0203008651733398,0.7030004262924194,0.9521716237068176,0.09090909361839294,0.800000011920929,0.4636695683002472,0
embedding-data/deberta-sentence-transformer,C_lex_sem_strong,179,6a5f3442d709,monitor performance of organizational members or partners,5214,4d29d09f4c1d,3,0.9430786538124084,0.7677251100540161,1.8008614778518677,0.0,0.800000011920929,0.18644613027572632,1
embedding-data/deberta-sentence-transformer,C_lex_sem_strong,179,6a5f3442d709,monitor performance of organizational members or partners,3766,94c75e9264bf,4,1.2333362865447999,0.8474934101104736,2.8468079566955566,0.0,0.875,0.49352410435676575,1
embedding-data/deberta-sentence-transformer,C_lex_sem_strong,179,6a5f3442d709,monitor performance of organizational members or partners,5001,76280139c9ae,5,0.9411654043197631,0.714266836643219,1.099900245666504,0.0,1.0,0.22005502879619598,1
embedding-data/deberta-sentence-transformer,C_lex_sem_strong,179,6a5f3442d709,monitor performance of organizational members or partners,2728,b12a99169d3e,6,0.9686322212219238,0.6873248815536499,0.7466290593147278,0.0,0.6153846383094788,0.46123936772346497,0
embedding-data/deberta-sentence-transformer,C_lex_sem_strong,179,6a5f3442d709,monitor performance of organizational members or partners,3845,5bcb52a0b91e,7,0.9837082195281982,0.7643172740936279,1.7561769485473633,0.0,1.0,0.22005502879619598,1
embedding-data/deberta-sentence-transformer,C_lex_sem_strong,179,6a5f3442d709,monitor performance of organizational members or partners,3782,0d6b3a3f8dee,8,0.9876990485191345,0.797067403793335,2.1856067180633545,0.0,0.8888888955116272,0.2018612027168274,1
embedding-data/deberta-sentence-transformer,C_lex_sem_strong,179,6a5f3442d709,monitor performance of organizational members or partners,2978,c05f6c233521,9,1.144691824913025,0.6291179656982422,-0.016597870737314224,0.20000000298023224,0.25,0.778488039970398,0
embedding-data/deberta-sentence-transformer,C_lex_sem_strong,179,6a5f3442d709,monitor performance of organizational members or partners,3567,b9a61efec89c,10,0.9839437007904053,0.7594093084335327,1.6918221712112427,0.10000000149011612,0.8888888955116272,0.3279384970664978,0
embedding-data/deberta-sentence-transformer,C_lex_sem_strong,180,893bb3cbc01a,"evaluate potential of products, technologies, or resources",2342,d9000beaf680,1,1.3389486074447632,0.6859480142593384,1.5630470514297485,0.1666666716337204,0.375,0.9786563515663147,0
embedding-data/deberta-sentence-transformer,C_lex_sem_strong,180,893bb3cbc01a,"evaluate potential of products, technologies, or resources",2300,754666b07e71,2,0.9652410745620728,0.5841232538223267,-0.07497360557317734,0.0833333358168602,0.5714285969734192,0.5641811490058899,0
embedding-data/deberta-sentence-transformer,C_lex_sem_strong,180,893bb3cbc01a,"evaluate potential of products, technologies, or resources",2623,5b9cd334c378,3,1.102053360939026,0.760739803314209,2.766197443008423,0.0,0.7272727489471436,0.4324246048927307,1
embedding-data/deberta-sentence-transformer,C_lex_sem_strong,180,893bb3cbc01a,"evaluate potential of products, technologies, or resources",4507,4308d262ba90,4,1.2050493955612183,0.700481653213501,1.7968448400497437,0.1111111119389534,0.75,0.7320252656936646,0
embedding-data/deberta-sentence-transformer,C_lex_sem_strong,180,893bb3cbc01a,"evaluate potential of products, technologies, or resources",3766,94c75e9264bf,5,1.1718169450759888,0.7784479856491089,3.051063060760498,0.0,0.875,0.6037659645080566,0
embedding-data/deberta-sentence-transformer,C_lex_sem_strong,180,893bb3cbc01a,"evaluate potential of products, technologies, or resources",395,4faf806bf7de,6,1.0799428224563599,0.530828595161438,-0.9323068857192993,0.1428571492433548,0.5,0.7859529852867126,0
embedding-data/deberta-sentence-transformer,C_lex_sem_strong,180,893bb3cbc01a,"evaluate potential of products, technologies, or resources",2728,b12a99169d3e,7,0.9595842361450195,0.5918319225311279,0.04903315380215645,0.0,0.6153846383094788,0.5642695426940918,0
embedding-data/deberta-sentence-transformer,C_lex_sem_strong,180,893bb3cbc01a,"evaluate potential of products, technologies, or resources",4246,e4810972a5ab,8,0.9374682474136352,0.7008384466171265,1.8025844097137451,0.0,0.8888888955116272,0.24695232510566711,1
embedding-data/deberta-sentence-transformer,C_lex_sem_strong,180,893bb3cbc01a,"evaluate potential of products, technologies, or resources",1443,3d9cb8ab1a44,9,0.9619808793067932,0.7730520367622375,2.9642601013183594,0.0,0.75,0.3284095525741577,0
embedding-data/deberta-sentence-transformer,C_lex_sem_strong,180,893bb3cbc01a,"evaluate potential of products, technologies, or resources",3588,a6818b8d1354,10,1.0678515434265137,0.585834264755249,-0.04744914919137955,0.09090909361839294,0.7272727489471436,0.6842618584632874,0
embedding-data/deberta-sentence-transformer,C_lex_sem_strong,181,49ccfbfcfc0a,analyze chemical compounds or substances,3804,f02b8c39d3be,1,1.3405592441558838,0.6477168798446655,0.8578082919120789,0.20000000298023224,0.5,1.0,0
embedding-data/deberta-sentence-transformer,C_lex_sem_strong,181,49ccfbfcfc0a,analyze chemical compounds or substances,1337,284a65d8619b,2,0.7601431012153625,0.5444179773330688,-0.8367295265197754,0.0,0.5,0.35341116786003113,0
embedding-data/deberta-sentence-transformer,C_lex_sem_strong,181,49ccfbfcfc0a,analyze chemical compounds or substances,3707,ae14f32b277d,3,0.9640355706214905,0.6591609716415405,1.0455396175384521,0.125,0.75,0.4339267909526825,0
embedding-data/deberta-sentence-transformer,C_lex_sem_strong,181,49ccfbfcfc0a,analyze chemical compounds or substances,2623,5b9cd334c378,4,1.0536626744270325,0.7696211934089661,2.857553243637085,0.0,0.5454545617103577,0.3784845769405365,1
embedding-data/deberta-sentence-transformer,C_lex_sem_strong,181,49ccfbfcfc0a,analyze chemical compounds or substances,3766,94c75e9264bf,5,1.060532569885254,0.7116482853889465,1.906553030014038,0.0,0.8571428656578064,0.5284530520439148,0
embedding-data/deberta-sentence-transformer,C_lex_sem_strong,181,49ccfbfcfc0a,analyze chemical compounds or substances,548,0586134e1b27,6,0.7496422100067138,0.686974048614502,1.5017914772033691,0.0,0.8571428656578064,0.0,1
embedding-data/deberta-sentence-transformer,C_lex_sem_strong,181,49ccfbfcfc0a,analyze chemical compounds or substances,523,910ef5c9cb44,7,0.7702431845664978,0.7336194515228271,2.266972780227661,0.0,0.6666666865348816,0.0,1
embedding-data/deberta-sentence-transformer,C_lex_sem_strong,181,49ccfbfcfc0a,analyze chemical compounds or substances,2003,af05ac064c3c,8,0.7645166087150573,0.6876665353775024,1.5131511688232422,0.0,1.0,0.0,1
embedding-data/deberta-sentence-transformer,C_lex_sem_strong,181,49ccfbfcfc0a,analyze chemical compounds or substances,1452,41db1b32b4b9,9,1.109797477722168,0.678604245185852,1.36449134349823,0.1666666716337204,0.8333333134651184,0.5947388410568237,0
embedding-data/deberta-sentence-transformer,C_lex_sem_strong,181,49ccfbfcfc0a,analyze chemical compounds or substances,4106,7a6199e2dfd9,10,0.7588191032409668,0.6084585785865784,0.21380649507045746,0.07692307978868484,0.4000000059604645,0.2660638391971588,0
embedding-data/deberta-sentence-transformer,C_lex_sem_strong,182,8729852fc4b8,develop new or advanced products or production methods,301,b3202b182771,1,1.4265873432159424,0.7306256294250488,2.186455726623535,0.25,0.5555555820465088,1.0,0
embedding-data/deberta-sentence-transformer,C_lex_sem_strong,182,8729852fc4b8,develop new or advanced products or production methods,2382,2c9191489a0d,2,0.8449795246124268,0.7223173379898071,2.0837607383728027,0.06666667014360428,0.6000000238418579,0.22525207698345184,0
embedding-data/deberta-sentence-transformer,C_lex_sem_strong,182,8729852fc4b8,develop new or advanced products or production methods,3766,94c75e9264bf,3,1.0517356395721436,0.7877107858657837,2.892059326171875,0.0,0.7777777910232544,0.4348624050617218,0
embedding-data/deberta-sentence-transformer,C_lex_sem_strong,182,8729852fc4b8,develop new or advanced products or production methods,303,308cd878658b,4,0.8941671848297119,0.6119013428688049,0.7189592123031616,0.1111111119389534,0.6666666865348816,0.4073745012283325,0
embedding-data/deberta-sentence-transformer,C_lex_sem_strong,182,8729852fc4b8,develop new or advanced products or production methods,2976,333e029b0118,5,1.0398615598678589,0.808587908744812,3.1501119136810303,0.0833333358168602,1.0,0.3369930684566498,0
embedding-data/deberta-sentence-transformer,C_lex_sem_strong,182,8729852fc4b8,develop new or advanced products or production methods,3033,fd89784e59c7,6,1.0207411050796509,0.5179210901260376,-0.44268766045570374,0.1666666716337204,0.2222222238779068,0.7499321699142456,0
embedding-data/deberta-sentence-transformer,C_lex_sem_strong,182,8729852fc4b8,develop new or advanced products or production methods,4346,dc00b108ce90,7,1.1332837343215942,0.8404785394668579,3.544297456741333,0.10000000149011612,0.7777777910232544,0.4587131142616272,0
embedding-data/deberta-sentence-transformer,C_lex_sem_strong,182,8729852fc4b8,develop new or advanced products or production methods,5239,ad194b21665d,8,0.9767459630966187,0.7912747859954834,2.93611216545105,0.0833333358168602,0.8181818127632141,0.29382508993148804,0
embedding-data/deberta-sentence-transformer,C_lex_sem_strong,182,8729852fc4b8,develop new or advanced products or production methods,437,3170a26b09e0,9,0.9843701124191284,0.7201410531997681,2.0568606853485107,0.09090909361839294,1.0,0.36295485496520996,0
embedding-data/deberta-sentence-transformer,C_lex_sem_strong,182,8729852fc4b8,develop new or advanced products or production methods,4874,97baaed1a0ba,10,0.9181696176528931,0.5549998879432678,0.01562637649476528,0.125,0.4444444477558136,0.5385361313819885,0
embedding-data/deberta-sentence-transformer,C_lex_sem_strong,183,ff9c96c6d776,collaborate on research activities with scientists or technical specialists,4453,d9ea7797e0d6,1,1.1954938173294067,0.6713107228279114,3.19438099861145,0.09090909361839294,1.0,0.723854124546051,0
embedding-data/deberta-sentence-transformer,C_lex_sem_strong,183,ff9c96c6d776,collaborate on research activities with scientists or technical specialists,2622,62c0405486a6,2,1.1650971937179566,0.6438801288604736,2.98966646194458,0.0,0.7692307829856873,0.6583942174911499,1
embedding-data/deberta-sentence-transformer,C_lex_sem_strong,183,ff9c96c6d776,collaborate on research activities with scientists or technical specialists,4498,d53778b95365,3,0.8907939791679382,0.5274503827095032,2.12075138092041,0.125,0.5,0.524944543838501,0
embedding-data/deberta-sentence-transformer,C_lex_sem_strong,183,ff9c96c6d776,collaborate on research activities with scientists or technical specialists,5237,de203e0fba6e,4,0.9519924521446228,0.6917245388031006,3.346729278564453,0.0,0.800000011920929,0.4057523012161255,0
embedding-data/deberta-sentence-transformer,C_lex_sem_strong,183,ff9c96c6d776,collaborate on research activities with scientists or technical specialists,1694,d6c8c0983834,5,0.8560476303100586,0.14829128980636597,-0.7089126110076904,0.0,0.30000001192092896,1.0,0
embedding-data/deberta-sentence-transformer,C_lex_sem_strong,183,ff9c96c6d776,collaborate on research activities with scientists or technical specialists,1337,284a65d8619b,6,1.1439135837554932,0.8211008906364441,4.312264919281006,0.0,0.8333333134651184,0.4037778079509735,1
embedding-data/deberta-sentence-transformer,C_lex_sem_strong,183,ff9c96c6d776,collaborate on research activities with scientists or technical specialists,5214,4d29d09f4c1d,7,1.1232192087173463,0.7508413195610046,3.7879178524017334,0.09090909361839294,1.0,0.4097461402416229,1
embedding-data/deberta-sentence-transformer,C_lex_sem_strong,183,ff9c96c6d776,collaborate on research activities with scientists or technical specialists,2620,89d5c7b39619,8,0.9706924128532409,0.7469140291213989,3.758608341217041,0.0,0.7692307829856873,0.2555604875087738,1
embedding-data/deberta-sentence-transformer,C_lex_sem_strong,183,ff9c96c6d776,collaborate on research activities with scientists or technical specialists,3213,e73f40d83ac6,9,0.995582537651062,0.6682876348495483,3.1718196868896484,0.07692307978868484,0.8333333134651184,0.3554573059082031,1
embedding-data/deberta-sentence-transformer,C_lex_sem_strong,183,ff9c96c6d776,collaborate on research activities with scientists or technical specialists,3782,0d6b3a3f8dee,10,1.1539233922958374,0.6296714544296265,2.88362717628479,0.1111111119389534,0.8999999761581421,0.7235434055328369,0
embedding-data/deberta-sentence-transformer,C_lex_sem_strong,184,389dd43f303d,supervise scientific or technical personnel,3337,77c74b3d95ae,1,1.3800291585922242,0.8108916282653809,3.1142590045928955,0.1666666716337204,0.8333333134651184,0.7058637142181396,1
embedding-data/deberta-sentence-transformer,C_lex_sem_strong,184,389dd43f303d,supervise scientific or technical personnel,2912,65b13af81036,2,1.0115113258361816,0.4892566204071045,-1.0447012186050415,0.20000000298023224,0.5,0.7223473191261292,0
embedding-data/deberta-sentence-transformer,C_lex_sem_strong,184,389dd43f303d,supervise scientific or technical personnel,1337,284a65d8619b,3,0.8025938868522644,0.6125553846359253,0.5496359467506409,0.0,0.5,0.33131682872772217,0
embedding-data/deberta-sentence-transformer,C_lex_sem_strong,184,389dd43f303d,supervise scientific or technical personnel,2623,5b9cd334c378,4,0.866330623626709,0.6628344058990479,1.1997779607772827,0.0,0.5454545617103577,0.35482272505760193,0
embedding-data/deberta-sentence-transformer,C_lex_sem_strong,184,389dd43f303d,supervise scientific or technical personnel,3766,94c75e9264bf,5,1.1111037731170654,0.7983511686325073,2.9521021842956543,0.0,0.8571428656578064,0.4954155683517456,0
embedding-data/deberta-sentence-transformer,C_lex_sem_strong,184,389dd43f303d,supervise scientific or technical personnel,5214,4d29d09f4c1d,6,1.0552985239028931,0.7737957239151001,2.6345834732055664,0.1111111119389534,0.6000000238418579,0.3362140953540802,1
embedding-data/deberta-sentence-transformer,C_lex_sem_strong,184,389dd43f303d,supervise scientific or technical personnel,2081,e5eed4bfc9b4,7,0.7570002841949462,0.7180395126342773,1.913617730140686,0.0,0.6666666865348816,0.0,1
embedding-data/deberta-sentence-transformer,C_lex_sem_strong,184,389dd43f303d,supervise scientific or technical personnel,2003,af05ac064c3c,8,0.7777144479751587,0.7031934261322021,1.7216476202011108,0.0,1.0,0.0,1
embedding-data/deberta-sentence-transformer,C_lex_sem_strong,184,389dd43f303d,supervise scientific or technical personnel,2728,b12a99169d3e,9,0.8474087119102478,0.6867560148239136,1.5091006755828857,0.0,0.4615384638309479,0.31073179841041565,0
embedding-data/deberta-sentence-transformer,C_lex_sem_strong,184,389dd43f303d,supervise scientific or technical personnel,4453,d9ea7797e0d6,10,0.9206857681274414,0.7095454335212708,1.8037834167480469,0.1111111119389534,0.6000000238418579,0.3362140953540802,0
embedding-data/deberta-sentence-transformer,C_lex_sem_strong,185,7b03e0901b8c,"establish standards for products, processes, or procedures",754,2af854050699,1,1.2843502759933472,0.6154726147651672,2.0411136150360107,0.125,0.75,0.9445692896842957,0
embedding-data/deberta-sentence-transformer,C_lex_sem_strong,185,7b03e0901b8c,"establish standards for products, processes, or procedures",1337,284a65d8619b,2,0.9633375406265259,0.5554734468460083,1.1999688148498535,0.0,0.6666666865348816,0.6064549088478088,0
embedding-data/deberta-sentence-transformer,C_lex_sem_strong,185,7b03e0901b8c,"establish standards for products, processes, or procedures",4306,01c767aac2ad,3,1.1105520725250244,0.6314036250114441,2.2644548416137695,0.10000000149011612,0.7272727489471436,0.6873310208320618,0
embedding-data/deberta-sentence-transformer,C_lex_sem_strong,185,7b03e0901b8c,"establish standards for products, processes, or procedures",2623,5b9cd334c378,4,0.9441551566123962,0.6876110434532166,3.0524420738220215,0.0,0.7272727489471436,0.4099407494068146,0
embedding-data/deberta-sentence-transformer,C_lex_sem_strong,185,7b03e0901b8c,"establish standards for products, processes, or procedures",989,4ec4f7a20f54,5,1.1363848447799683,0.699289083480835,3.2161598205566406,0.1428571492433548,0.625,0.6441680192947388,0
embedding-data/deberta-sentence-transformer,C_lex_sem_strong,185,7b03e0901b8c,"establish standards for products, processes, or procedures",2728,b12a99169d3e,6,0.8578130602836609,0.6411459445953369,2.4010350704193115,0.0,0.6153846383094788,0.3590007424354553,0
embedding-data/deberta-sentence-transformer,C_lex_sem_strong,185,7b03e0901b8c,"establish standards for products, processes, or procedures",3766,94c75e9264bf,7,1.096721887588501,0.7159537076950073,3.4497857093811035,0.0,0.875,0.5723732113838196,0
embedding-data/deberta-sentence-transformer,C_lex_sem_strong,185,7b03e0901b8c,"establish standards for products, processes, or procedures",1430,583225957a3f,8,1.1087517738342285,0.3975510895252228,-1.0139882564544678,0.1666666716337204,0.375,1.0,0
embedding-data/deberta-sentence-transformer,C_lex_sem_strong,185,7b03e0901b8c,"establish standards for products, processes, or procedures",140,1b6f29f96686,9,0.7874965071678162,0.6200159788131714,2.1048083305358887,0.0,0.800000011920929,0.25783270597457886,0
embedding-data/deberta-sentence-transformer,C_lex_sem_strong,185,7b03e0901b8c,"establish standards for products, processes, or procedures",2973,b3e3e74956d8,10,0.7627518343925476,0.7091197967529297,3.3539793491363525,0.0,0.800000011920929,0.0,1
embedding-data/deberta-sentence-transformer,C_lex_sem_strong,186,4c7ceb754866,prepare scientific or technical reports or presentations,3337,77c74b3d95ae,1,1.158521294593811,0.6780178546905518,3.3231537342071533,0.1428571492433548,0.625,0.701620876789093,0
embedding-data/deberta-sentence-transformer,C_lex_sem_strong,186,4c7ceb754866,prepare scientific or technical reports or presentations,2622,62c0405486a6,2,0.7791713047027587,0.49579763412475586,1.7574981451034546,0.0,0.6153846383094788,0.308864027261734,1
embedding-data/deberta-sentence-transformer,C_lex_sem_strong,186,4c7ceb754866,prepare scientific or technical reports or presentations,3999,929aa650de1b,3,0.6912204790115356,0.6014357805252075,2.6651523113250732,0.0,1.0,0.0,1
embedding-data/deberta-sentence-transformer,C_lex_sem_strong,186,4c7ceb754866,prepare scientific or technical reports or presentations,2912,65b13af81036,4,0.7089012265205383,0.15936949849128723,-1.1331285238265991,0.1666666716337204,0.375,0.718005359172821,0
embedding-data/deberta-sentence-transformer,C_lex_sem_strong,186,4c7ceb754866,prepare scientific or technical reports or presentations,4505,18e16d21f7b2,5,0.7827599215507507,0.7238352298736572,3.7168216705322266,0.0,0.875,0.0,1
embedding-data/deberta-sentence-transformer,C_lex_sem_strong,186,4c7ceb754866,prepare scientific or technical reports or presentations,2623,5b9cd334c378,6,0.8933925032615662,0.6750379800796509,3.2975504398345947,0.0,0.7272727489471436,0.3526899218559265,0
embedding-data/deberta-sentence-transformer,C_lex_sem_strong,186,4c7ceb754866,prepare scientific or technical reports or presentations,4677,84aec80a0a66,7,0.7714812326431274,0.7279458045959473,3.7521400451660156,0.0,0.7272727489471436,0.0,1
embedding-data/deberta-sentence-transformer,C_lex_sem_strong,186,4c7ceb754866,prepare scientific or technical reports or presentations,4453,d9ea7797e0d6,8,0.8317681550979614,0.5856858491897583,2.529827356338501,0.10000000149011612,0.800000011920929,0.3341931700706482,0
embedding-data/deberta-sentence-transformer,C_lex_sem_strong,186,4c7ceb754866,prepare scientific or technical reports or presentations,5214,4d29d09f4c1d,9,0.9375805258750916,0.7101709842681885,3.599416971206665,0.10000000149011612,0.800000011920929,0.3341931700706482,0
embedding-data/deberta-sentence-transformer,C_lex_sem_strong,186,4c7ceb754866,prepare scientific or technical reports or presentations,1337,284a65d8619b,10,0.9998473691940307,0.7325329184532166,3.791553020477295,0.0,0.6666666865348816,0.3293253183364868,1
embedding-data/deberta-sentence-transformer,C_lex_sem_strong,187,02b0fa193387,research methods to improve food products,332,444510b9c3c3,1,1.5478492975234985,0.852931797504425,0.5243932604789734,0.4000000059604645,0.4285714328289032,1.0,0
embedding-data/deberta-sentence-transformer,C_lex_sem_strong,187,02b0fa193387,research methods to improve food products,4045,3837c62f004b,2,1.3415110874176026,0.8803654313087463,0.8045346736907959,0.125,0.7142857313156128,0.5953884720802307,1
embedding-data/deberta-sentence-transformer,C_lex_sem_strong,187,02b0fa193387,research methods to improve food products,3316,1a73e19bd661,3,1.100220160484314,0.7793813943862915,-0.2266743779182434,0.1428571492433548,0.5714285969734192,0.3886166512966156,1
embedding-data/deberta-sentence-transformer,C_lex_sem_strong,187,02b0fa193387,research methods to improve food products,2626,d7c46c558d85,4,1.3998648691177369,0.9298313856124878,1.3096615076065063,0.125,0.8571428656578064,0.5982770323753357,1
embedding-data/deberta-sentence-transformer,C_lex_sem_strong,187,02b0fa193387,research methods to improve food products,4957,25aa304c3c46,5,1.2692788410186768,0.8141008019447327,0.1278664916753769,0.1428571492433548,0.5714285969734192,0.5879696011543274,1
embedding-data/deberta-sentence-transformer,C_lex_sem_strong,187,02b0fa193387,research methods to improve food products,1577,30283b9c2649,6,1.1850333976745606,0.8117778897285461,0.1041458249092102,0.1428571492433548,0.5714285969734192,0.4704398810863495,1
embedding-data/deberta-sentence-transformer,C_lex_sem_strong,187,02b0fa193387,research methods to improve food products,3975,994bfc535485,7,1.1331404447555542,0.841040313243866,0.4029621183872223,0.1428571492433548,0.5714285969734192,0.47505977749824524,0
embedding-data/deberta-sentence-transformer,C_lex_sem_strong,187,02b0fa193387,research methods to improve food products,1402,dbd9760e276e,8,1.174249725341797,0.8268088102340698,0.2576356530189514,0.1428571492433548,0.7142857313156128,0.416374534368515,1
embedding-data/deberta-sentence-transformer,C_lex_sem_strong,187,02b0fa193387,research methods to improve food products,2067,9c7403fc6e17,9,1.3292945194244385,0.8847075700759888,0.8488749265670776,0.1428571492433548,0.5714285969734192,0.5879696011543274,1
embedding-data/deberta-sentence-transformer,C_lex_sem_strong,187,02b0fa193387,research methods to improve food products,1937,9577cc9be047,10,1.2063184547424317,0.904202938079834,1.0479538440704346,0.1428571492433548,0.5714285969734192,0.3886166512966156,1
embedding-data/deberta-sentence-transformer,C_lex_sem_strong,188,be19a52818cf,prepare compounds or solutions for products or testing,4311,dad8075f10c2,1,1.4739928245544434,0.8405423164367676,2.5700156688690186,0.125,0.7777777910232544,0.9382202625274658,0
embedding-data/deberta-sentence-transformer,C_lex_sem_strong,188,be19a52818cf,prepare compounds or solutions for products or testing,4957,25aa304c3c46,2,1.1937847137451172,0.6110931038856506,-0.4430815875530243,0.1428571492433548,0.4444444477558136,0.8590565323829651,0
embedding-data/deberta-sentence-transformer,C_lex_sem_strong,188,be19a52818cf,prepare compounds or solutions for products or testing,4306,01c767aac2ad,3,1.0585238933563232,0.6310701966285706,-0.18074502050876617,0.10000000149011612,0.8181818127632141,0.6004229784011841,0
embedding-data/deberta-sentence-transformer,C_lex_sem_strong,188,be19a52818cf,prepare compounds or solutions for products or testing,2728,b12a99169d3e,4,1.0553865599632264,0.7704179286956787,1.6491512060165405,0.0,0.692307710647583,0.3590007424354553,1
embedding-data/deberta-sentence-transformer,C_lex_sem_strong,188,be19a52818cf,prepare compounds or solutions for products or testing,4439,966cd618091d,5,1.0220520496368408,0.6388301849365234,-0.07884186506271362,0.1428571492433548,0.5555555820465088,0.5641706585884094,0
embedding-data/deberta-sentence-transformer,C_lex_sem_strong,188,be19a52818cf,prepare compounds or solutions for products or testing,931,affe3f6ec267,6,1.1344492435455322,0.7186501026153564,0.9693428874015808,0.1428571492433548,0.4444444477558136,0.643686830997467,0
embedding-data/deberta-sentence-transformer,C_lex_sem_strong,188,be19a52818cf,prepare compounds or solutions for products or testing,226,7e56613a2ebc,7,1.2442888021469116,0.804137647151947,2.091954231262207,0.125,0.6666666865348816,0.6701500415802002,0
embedding-data/deberta-sentence-transformer,C_lex_sem_strong,188,be19a52818cf,prepare compounds or solutions for products or testing,4346,dc00b108ce90,8,1.370063500404358,0.9028555750846863,3.388305187225342,0.1111111119389534,0.7777777910232544,0.6037659645080566,1
embedding-data/deberta-sentence-transformer,C_lex_sem_strong,188,be19a52818cf,prepare compounds or solutions for products or testing,4590,5d45850c5baa,9,1.353961706161499,0.6909353733062744,0.6053966879844666,0.1666666716337204,0.3333333432674408,1.0,0
embedding-data/deberta-sentence-transformer,C_lex_sem_strong,188,be19a52818cf,prepare compounds or solutions for products or testing,4983,98b7e7188c21,10,1.026426570415497,0.7659077644348145,1.5899243354797363,0.0,1.0,0.2791499197483063,1
embedding-data/deberta-sentence-transformer,C_lex_sem_strong,189,a49d5a99c1d7,maintain laboratory or technical equipment,2641,414d1ab8da6a,1,1.3850665092468262,0.6883134841918945,1.3609554767608643,0.1666666716337204,0.6666666865348816,1.0,0
embedding-data/deberta-sentence-transformer,C_lex_sem_strong,189,a49d5a99c1d7,maintain laboratory or technical equipment,1337,284a65d8619b,2,0.7851622700691223,0.5472819209098816,-0.6120452880859375,0.0,0.5,0.38567522168159485,0
embedding-data/deberta-sentence-transformer,C_lex_sem_strong,189,a49d5a99c1d7,maintain laboratory or technical equipment,5214,4d29d09f4c1d,3,1.0929903554916383,0.7727116346359253,2.5416672229766846,0.1111111119389534,0.6000000238418579,0.39137598872184753,1
embedding-data/deberta-sentence-transformer,C_lex_sem_strong,189,a49d5a99c1d7,maintain laboratory or technical equipment,2623,5b9cd334c378,4,0.8779630064964294,0.6285778880119324,0.5252675414085388,0.0,0.5454545617103577,0.4130376875400543,0
embedding-data/deberta-sentence-transformer,C_lex_sem_strong,189,a49d5a99c1d7,maintain laboratory or technical equipment,4453,d9ea7797e0d6,5,0.9678158760070801,0.7195652723312378,1.7981611490249634,0.1111111119389534,0.6000000238418579,0.39137598872184753,0
embedding-data/deberta-sentence-transformer,C_lex_sem_strong,189,a49d5a99c1d7,maintain laboratory or technical equipment,2081,e5eed4bfc9b4,6,0.7619162964820861,0.723823070526123,1.857726812362671,0.0,0.6666666865348816,0.0,1
embedding-data/deberta-sentence-transformer,C_lex_sem_strong,189,a49d5a99c1d7,maintain laboratory or technical equipment,3766,94c75e9264bf,7,1.1677031517028809,0.7980008125305176,2.8954572677612305,0.0,0.8571428656578064,0.5766972899436951,0
embedding-data/deberta-sentence-transformer,C_lex_sem_strong,189,a49d5a99c1d7,maintain laboratory or technical equipment,4183,3d50ffa95952,8,1.0615108013153076,0.5363147854804993,-0.7654731273651123,0.1666666716337204,0.6666666865348816,0.7223473191261292,0
embedding-data/deberta-sentence-transformer,C_lex_sem_strong,189,a49d5a99c1d7,maintain laboratory or technical equipment,3265,f5115287696e,9,0.7627431321144104,0.7051880359649658,1.5970268249511719,0.0,0.8333333134651184,0.0,1
embedding-data/deberta-sentence-transformer,C_lex_sem_strong,189,a49d5a99c1d7,maintain laboratory or technical equipment,4558,7b0342e1d11a,10,1.1119173765182495,0.6970179080963135,1.4827284812927246,0.125,1.0,0.5635031461715698,0
embedding-data/deberta-sentence-transformer,C_lex_sem_strong,190,c2a2570c95d4,test quality of materials or finished products,2957,3f078e2078e8,1,1.406419277191162,0.7330424189567566,2.3740148544311523,0.1666666716337204,0.5,1.0,0
embedding-data/deberta-sentence-transformer,C_lex_sem_strong,190,c2a2570c95d4,test quality of materials or finished products,1080,196c26d7d8e9,2,1.0798791217803956,0.7913751006126404,2.9130873680114746,0.0625,0.4000000059604645,0.3924432396888733,1
embedding-data/deberta-sentence-transformer,C_lex_sem_strong,190,c2a2570c95d4,test quality of materials or finished products,5101,0ab6c77c51b9,3,0.9961608219146728,0.7679294347763062,2.696417808532715,0.0,1.0,0.23345814645290375,1
embedding-data/deberta-sentence-transformer,C_lex_sem_strong,190,c2a2570c95d4,test quality of materials or finished products,5001,76280139c9ae,4,0.9513184595108032,0.7151737213134766,2.2088840007781982,0.0,1.0,0.23345814645290375,1
embedding-data/deberta-sentence-transformer,C_lex_sem_strong,190,c2a2570c95d4,test quality of materials or finished products,3410,bfd722d7fa43,5,1.0300028324127197,0.6168676614761353,1.300403356552124,0.125,0.625,0.5973789691925049,0
embedding-data/deberta-sentence-transformer,C_lex_sem_strong,190,c2a2570c95d4,test quality of materials or finished products,116,7588597f0f7f,6,1.0886991024017334,0.6655066013336182,1.7498927116394043,0.1428571492433548,0.5,0.6349242925643921,0
embedding-data/deberta-sentence-transformer,C_lex_sem_strong,190,c2a2570c95d4,test quality of materials or finished products,3845,5bcb52a0b91e,7,0.8989874124526978,0.7477255463600159,2.509706735610962,0.0,1.0,0.23345814645290375,0
embedding-data/deberta-sentence-transformer,C_lex_sem_strong,190,c2a2570c95d4,test quality of materials or finished products,3154,d74736c2fa1e,8,0.9742810297012329,0.7421886324882507,2.458538055419922,0.0,1.0,0.23345814645290375,1
embedding-data/deberta-sentence-transformer,C_lex_sem_strong,190,c2a2570c95d4,test quality of materials or finished products,1443,3d9cb8ab1a44,9,1.0424840021133424,0.8095612525939941,3.0811519622802734,0.0,0.75,0.2847955822944641,1
embedding-data/deberta-sentence-transformer,C_lex_sem_strong,190,c2a2570c95d4,test quality of materials or finished products,3782,0d6b3a3f8dee,10,0.9954083728790283,0.7960119247436523,2.9559378623962402,0.0,0.8888888955116272,0.21415618062019348,1
embedding-data/deberta-sentence-transformer,C_lex_sem_strong,191,a9be4c9c15a1,monitor operational procedures in technical environments to ensure conformance to standards,4453,d9ea7797e0d6,1,1.2662739324569703,0.8379062414169312,3.100447177886963,0.07692307978868484,0.8333333134651184,0.5361936092376709,1
embedding-data/deberta-sentence-transformer,C_lex_sem_strong,191,a9be4c9c15a1,monitor operational procedures in technical environments to ensure conformance to standards,860,fa8ac4b1b38c,2,1.0710395574569702,0.38096150755882263,-0.8421525359153748,0.1111111119389534,0.25,1.0,0
embedding-data/deberta-sentence-transformer,C_lex_sem_strong,191,a9be4c9c15a1,monitor operational procedures in technical environments to ensure conformance to standards,4454,bfc3dbee3d73,3,1.0274829435348511,0.602465808391571,1.0690256357192993,0.0625,0.800000011920929,0.4898386001586914,1
embedding-data/deberta-sentence-transformer,C_lex_sem_strong,191,a9be4c9c15a1,monitor operational procedures in technical environments to ensure conformance to standards,5214,4d29d09f4c1d,4,1.0358106660842896,0.7314622402191162,2.1820294857025146,0.07692307978868484,0.8333333134651184,0.3362140953540802,1
embedding-data/deberta-sentence-transformer,C_lex_sem_strong,191,a9be4c9c15a1,monitor operational procedures in technical environments to ensure conformance to standards,5216,5f28836331e0,5,1.0637818145751954,0.717644214630127,2.06280517578125,0.0,0.9166666865348816,0.4030250608921051,1
embedding-data/deberta-sentence-transformer,C_lex_sem_strong,191,a9be4c9c15a1,monitor operational procedures in technical environments to ensure conformance to standards,3707,ae14f32b277d,6,1.004105703830719,0.7814810872077942,2.613600969314575,0.0,0.6666666865348816,0.27597150206565857,1
embedding-data/deberta-sentence-transformer,C_lex_sem_strong,191,a9be4c9c15a1,monitor operational procedures in technical environments to ensure conformance to standards,1692,31d24bb1ddd1,7,0.9894801545143127,0.7971693277359009,2.748961925506592,0.0,0.6666666865348816,0.23602791130542755,1
embedding-data/deberta-sentence-transformer,C_lex_sem_strong,191,a9be4c9c15a1,monitor operational procedures in technical environments to ensure conformance to standards,3736,def255fcf471,8,1.073358416557312,0.7626966238021851,2.4515254497528076,0.0,0.6666666865348816,0.5119994282722473,0
embedding-data/deberta-sentence-transformer,C_lex_sem_strong,191,a9be4c9c15a1,monitor operational procedures in technical environments to ensure conformance to standards,3943,1eedfa96d1f9,9,0.9802224802970886,0.7985694408416748,2.761042356491089,0.0,1.0,0.17348343133926392,1
embedding-data/deberta-sentence-transformer,C_lex_sem_strong,191,a9be4c9c15a1,monitor operational procedures in technical environments to ensure conformance to standards,2339,51db9c6e8f68,10,0.9843640494346618,0.7004091739654541,1.9140982627868652,0.0,0.8333333134651184,0.322404146194458,1
embedding-data/deberta-sentence-transformer,C_lex_sem_strong,192,8562bf3caec4,manage scientific or technical project resources,3337,77c74b3d95ae,1,1.2614175081253052,0.7463091611862183,2.3747289180755615,0.1428571492433548,0.7142857313156128,0.7529352307319641,0
embedding-data/deberta-sentence-transformer,C_lex_sem_strong,192,8562bf3caec4,manage scientific or technical project resources,2912,65b13af81036,2,1.0109976530075073,0.46522894501686096,-0.8407341837882996,0.1666666716337204,0.4285714328289032,0.7705180644989014,0
embedding-data/deberta-sentence-transformer,C_lex_sem_strong,192,8562bf3caec4,manage scientific or technical project resources,3212,d8505c1983d9,3,1.0546742248535157,0.7652499675750732,2.5914053916931152,0.09090909361839294,0.6363636255264282,0.34627649188041687,1
embedding-data/deberta-sentence-transformer,C_lex_sem_strong,192,8562bf3caec4,manage scientific or technical project resources,4339,98453720648f,4,0.9831137657165527,0.727368950843811,2.1580593585968018,0.10000000149011612,0.875,0.36764317750930786,0
embedding-data/deberta-sentence-transformer,C_lex_sem_strong,192,8562bf3caec4,manage scientific or technical project resources,3766,94c75e9264bf,5,1.1434835195541382,0.7924309968948364,2.9023470878601074,0.0,1.0,0.5284530520439148,0
embedding-data/deberta-sentence-transformer,C_lex_sem_strong,192,8562bf3caec4,manage scientific or technical project resources,5214,4d29d09f4c1d,6,1.0610412526130677,0.752937376499176,2.4505534172058105,0.10000000149011612,0.699999988079071,0.3586350083351135,1
embedding-data/deberta-sentence-transformer,C_lex_sem_strong,192,8562bf3caec4,manage scientific or technical project resources,5098,e3454a3aaa1c,7,1.1596368551254272,0.6969205141067505,1.809739351272583,0.1428571492433548,0.5714285969734192,0.6879143714904785,0
embedding-data/deberta-sentence-transformer,C_lex_sem_strong,192,8562bf3caec4,manage scientific or technical project resources,504,74434e985ee7,8,1.0155022144317627,0.6951134204864502,1.7890667915344238,0.125,0.8571428656578064,0.44848793745040894,0
embedding-data/deberta-sentence-transformer,C_lex_sem_strong,192,8562bf3caec4,manage scientific or technical project resources,2728,b12a99169d3e,9,0.9980813431739807,0.7437856197357178,2.345860481262207,0.0,0.5384615659713745,0.3314533829689026,1
embedding-data/deberta-sentence-transformer,C_lex_sem_strong,192,8562bf3caec4,manage scientific or technical project resources,3596,12d4317a17e7,10,1.1410878896713257,0.7128093838691711,1.9915026426315308,0.1428571492433548,0.7142857313156128,0.6217140555381775,0
embedding-data/deberta-sentence-transformer,C_lex_sem_strong,193,adb21e5e1a03,inspect condition or functioning of facilities or equipment,2641,414d1ab8da6a,1,1.225883960723877,0.5327858328819275,1.1568446159362793,0.1428571492433548,0.4444444477558136,1.0,0
embedding-data/deberta-sentence-transformer,C_lex_sem_strong,193,adb21e5e1a03,inspect condition or functioning of facilities or equipment,1337,284a65d8619b,2,0.8719379305839539,0.6199591159820557,2.0197641849517822,0.0,0.75,0.38567522168159485,0
embedding-data/deberta-sentence-transformer,C_lex_sem_strong,193,adb21e5e1a03,inspect condition or functioning of facilities or equipment,5101,0ab6c77c51b9,3,0.9819417762756347,0.744769811630249,3.2552525997161865,0.0,0.8888888955116272,0.2571406960487366,1
embedding-data/deberta-sentence-transformer,C_lex_sem_strong,193,adb21e5e1a03,inspect condition or functioning of facilities or equipment,3336,b4854fe5d64d,4,0.7947326302528381,0.6230777502059937,2.05063533782959,0.0,1.0,0.23588070273399353,0
embedding-data/deberta-sentence-transformer,C_lex_sem_strong,193,adb21e5e1a03,inspect condition or functioning of facilities or equipment,2623,5b9cd334c378,5,0.9469959139823914,0.6777074337005615,2.5914089679718018,0.0,0.8181818127632141,0.4130376875400543,0
embedding-data/deberta-sentence-transformer,C_lex_sem_strong,193,adb21e5e1a03,inspect condition or functioning of facilities or equipment,5214,4d29d09f4c1d,6,0.8140791654586792,0.6724373698234558,2.539241075515747,0.0,0.8999999761581421,0.21786773204803467,0
embedding-data/deberta-sentence-transformer,C_lex_sem_strong,193,adb21e5e1a03,inspect condition or functioning of facilities or equipment,4707,e509e322d71a,7,0.9040298628807067,0.7064990997314453,2.8764147758483887,0.0,0.8181818127632141,0.20241068303585052,1
embedding-data/deberta-sentence-transformer,C_lex_sem_strong,193,adb21e5e1a03,inspect condition or functioning of facilities or equipment,4675,cf7cdcfe72d7,8,0.8915248513221741,0.7120917439460754,2.9317758083343506,0.0,0.6666666865348816,0.31368595361709595,0
embedding-data/deberta-sentence-transformer,C_lex_sem_strong,193,adb21e5e1a03,inspect condition or functioning of facilities or equipment,2728,b12a99169d3e,9,0.9300559759140015,0.5688765048980713,1.514102578163147,0.0,0.692307710647583,0.5389716029167175,0
embedding-data/deberta-sentence-transformer,C_lex_sem_strong,193,adb21e5e1a03,inspect condition or functioning of facilities or equipment,3766,94c75e9264bf,10,1.0482507944107056,0.6668057441711426,2.483494281768799,0.0,0.7777777910232544,0.5766972899436951,0
embedding-data/deberta-sentence-transformer,C_lex_sem_strong,194,094e12b11051,review details of technical drawings or specifications,4453,d9ea7797e0d6,1,1.135720090866089,0.8290300369262695,3.390280246734619,0.10000000149011612,0.800000011920929,0.3586350083351135,1
embedding-data/deberta-sentence-transformer,C_lex_sem_strong,194,094e12b11051,review details of technical drawings or specifications,3298,22bd137c51e5,2,1.1327296495437622,0.42576032876968384,-0.4140002727508545,0.1666666716337204,0.375,1.0,0
embedding-data/deberta-sentence-transformer,C_lex_sem_strong,194,094e12b11051,review details of technical drawings or specifications,2623,5b9cd334c378,3,0.8478882908821106,0.6002609729766846,1.2321670055389404,0.0,0.7272727489471436,0.3784845769405365,0
embedding-data/deberta-sentence-transformer,C_lex_sem_strong,194,094e12b11051,review details of technical drawings or specifications,1337,284a65d8619b,4,0.8307949304580688,0.6079299449920654,1.304512858390808,0.0,0.6666666865348816,0.35341116786003113,0
embedding-data/deberta-sentence-transformer,C_lex_sem_strong,194,094e12b11051,review details of technical drawings or specifications,5214,4d29d09f4c1d,5,0.9852380752563477,0.5816992521286011,1.057063341140747,0.10000000149011612,0.800000011920929,0.5582767724990845,0
embedding-data/deberta-sentence-transformer,C_lex_sem_strong,194,094e12b11051,review details of technical drawings or specifications,3845,5bcb52a0b91e,6,0.8568094968795776,0.6963163614273071,2.1383140087127686,0.0,1.0,0.23562933504581451,0
embedding-data/deberta-sentence-transformer,C_lex_sem_strong,194,094e12b11051,review details of technical drawings or specifications,3766,94c75e9264bf,7,1.065765142440796,0.7157036066055298,2.3212053775787354,0.0,0.875,0.5284530520439148,0
embedding-data/deberta-sentence-transformer,C_lex_sem_strong,194,094e12b11051,review details of technical drawings or specifications,2728,b12a99169d3e,8,1.0073267221450806,0.7059646248817444,2.2293317317962646,0.0,0.6153846383094788,0.4938833713531494,0
embedding-data/deberta-sentence-transformer,C_lex_sem_strong,194,094e12b11051,review details of technical drawings or specifications,1443,3d9cb8ab1a44,9,0.8726146817207336,0.701651394367218,2.1886425018310547,0.0,0.75,0.28744420409202576,0
embedding-data/deberta-sentence-transformer,C_lex_sem_strong,194,094e12b11051,review details of technical drawings or specifications,3782,0d6b3a3f8dee,10,0.8544566631317139,0.7226638197898865,2.3868651390075684,0.0,0.8888888955116272,0.21614785492420197,0
embedding-data/deberta-sentence-transformer,C_lex_sem_strong,195,6b483cafcca2,evaluate new technologies or methods,2342,d9000beaf680,1,1.419204831123352,0.765515148639679,0.7879638075828552,0.20000000298023224,0.5,0.9693100452423096,0
embedding-data/deberta-sentence-transformer,C_lex_sem_strong,195,6b483cafcca2,evaluate new technologies or methods,2300,754666b07e71,2,0.9072375297546387,0.6778606176376343,-0.21786555647850037,0.09090909361839294,0.4285714328289032,0.38573867082595825,0
embedding-data/deberta-sentence-transformer,C_lex_sem_strong,195,6b483cafcca2,evaluate new technologies or methods,4507,4308d262ba90,3,1.3949386644363404,0.8028407096862793,1.2162718772888184,0.125,1.0,0.7250343561172485,1
embedding-data/deberta-sentence-transformer,C_lex_sem_strong,195,6b483cafcca2,evaluate new technologies or methods,2623,5b9cd334c378,4,0.8668287396430969,0.6029139161109924,-1.0778734683990479,0.0,0.5454545617103577,0.4282948970794678,0
embedding-data/deberta-sentence-transformer,C_lex_sem_strong,195,6b483cafcca2,evaluate new technologies or methods,303,308cd878658b,5,1.0648808479309082,0.6401992440223694,-0.6500270962715149,0.1428571492433548,1.0,0.560200035572052,0
embedding-data/deberta-sentence-transformer,C_lex_sem_strong,195,6b483cafcca2,evaluate new technologies or methods,3766,94c75e9264bf,6,1.209445595741272,0.829566240310669,1.5229454040527344,0.0,0.8571428656578064,0.5979999303817749,0
embedding-data/deberta-sentence-transformer,C_lex_sem_strong,195,6b483cafcca2,evaluate new technologies or methods,3156,5ecce2b1c301,7,1.3052531480789185,0.8686529397964478,1.9714624881744385,0.1428571492433548,1.0,0.62618088722229,0
embedding-data/deberta-sentence-transformer,C_lex_sem_strong,195,6b483cafcca2,evaluate new technologies or methods,3292,3d874392629b,8,1.1924142837524414,0.6241519451141357,-0.8341686725616455,0.1666666716337204,0.6666666865348816,0.8026930689811707,0
embedding-data/deberta-sentence-transformer,C_lex_sem_strong,195,6b483cafcca2,evaluate new technologies or methods,4309,e1cc24239d78,9,0.9874219298362732,0.7069175839424133,0.11556102335453033,0.125,0.6666666865348816,0.42125052213668823,0
embedding-data/deberta-sentence-transformer,C_lex_sem_strong,195,6b483cafcca2,evaluate new technologies or methods,2728,b12a99169d3e,10,0.8284797072410583,0.6114987134933472,-0.9793635606765747,0.0,0.4615384638309479,0.375074177980423,0
embedding-data/deberta-sentence-transformer,C_lex_sem_strong,196,0f2541e582f8,review documents or materials for compliance with policies or regulations,4453,d9ea7797e0d6,1,1.125528335571289,0.7499593496322632,3.205066680908203,0.09090909361839294,0.9090909361839294,0.5413885116577148,0
embedding-data/deberta-sentence-transformer,C_lex_sem_strong,196,0f2541e582f8,review documents or materials for compliance with policies or regulations,3401,ee6929dafa83,2,1.0801550149917603,0.3866352140903473,-0.43235623836517334,0.1666666716337204,0.1818181872367859,1.0,0
embedding-data/deberta-sentence-transformer,C_lex_sem_strong,196,0f2541e582f8,review documents or materials for compliance with policies or regulations,2623,5b9cd334c378,3,0.9942513275146484,0.6973882913589478,2.678750991821289,0.0,1.0,0.31638747453689575,1
embedding-data/deberta-sentence-transformer,C_lex_sem_strong,196,0f2541e582f8,review documents or materials for compliance with policies or regulations,1337,284a65d8619b,4,1.0752269792556763,0.6775551438331604,2.480191469192505,0.0,0.9166666865348816,0.4680548310279846,1
embedding-data/deberta-sentence-transformer,C_lex_sem_strong,196,0f2541e582f8,review documents or materials for compliance with policies or regulations,1691,19ae2b3326d0,5,1.0394383239746094,0.6686594486236572,2.391132116317749,0.0,0.9090909361839294,0.42881229519844055,1
embedding-data/deberta-sentence-transformer,C_lex_sem_strong,196,0f2541e582f8,review documents or materials for compliance with policies or regulations,4426,b25b2aa78ecd,6,1.009110450744629,0.6557971239089966,2.2623608112335205,0.1111111119389534,0.5454545617103577,0.5355930924415588,0
embedding-data/deberta-sentence-transformer,C_lex_sem_strong,196,0f2541e582f8,review documents or materials for compliance with policies or regulations,2699,485d26352e99,7,1.0224988460540771,0.5224568247795105,0.9274230599403381,0.125,0.4545454680919647,0.7256515026092529,0
embedding-data/deberta-sentence-transformer,C_lex_sem_strong,196,0f2541e582f8,review documents or materials for compliance with policies or regulations,3194,e656c681621c,8,0.9026269912719727,0.7252413034439087,2.95760178565979,0.0,0.5454545617103577,0.3308948278427124,0
embedding-data/deberta-sentence-transformer,C_lex_sem_strong,196,0f2541e582f8,review documents or materials for compliance with policies or regulations,3766,94c75e9264bf,9,0.9843442440032959,0.7193908095359802,2.899029493331909,0.0,0.6363636255264282,0.44175097346305847,0
embedding-data/deberta-sentence-transformer,C_lex_sem_strong,196,0f2541e582f8,review documents or materials for compliance with policies or regulations,3498,9e69de35c497,10,0.9535502791404724,0.6055680513381958,1.7594919204711914,0.1111111119389534,0.5454545617103577,0.5172139406204224,0
embedding-data/deberta-sentence-transformer,C_lex_sem_strong,197,3a46124701c0,monitor facilities or operational systems,860,fa8ac4b1b38c,1,1.428239107131958,0.750869631767273,-0.11453365534543991,0.20000000298023224,0.5,1.0,0
embedding-data/deberta-sentence-transformer,C_lex_sem_strong,197,3a46124701c0,monitor facilities or operational systems,3766,94c75e9264bf,2,1.235914068222046,0.8510692119598389,0.9273952841758728,0.0,0.8571428656578064,0.4954155683517456,1
embedding-data/deberta-sentence-transformer,C_lex_sem_strong,197,3a46124701c0,monitor facilities or operational systems,4058,74fe0528c27f,3,1.3792193698883057,0.8867751955986023,1.2986851930618286,0.125,1.0,0.6006578207015991,1
embedding-data/deberta-sentence-transformer,C_lex_sem_strong,197,3a46124701c0,monitor facilities or operational systems,4420,6bc76a3eb886,4,1.0270228385925293,0.7327530384063721,-0.3029196858406067,0.1666666716337204,0.8333333134651184,0.4107372462749481,0
embedding-data/deberta-sentence-transformer,C_lex_sem_strong,197,3a46124701c0,monitor facilities or operational systems,4721,b777b58e53e0,5,1.130737066268921,0.8267029523849487,0.67402184009552,0.1666666716337204,0.6666666865348816,0.4686279594898224,0
embedding-data/deberta-sentence-transformer,C_lex_sem_strong,197,3a46124701c0,monitor facilities or operational systems,1466,106269d3e3cb,6,1.0563017129898071,0.7391319274902344,-0.23658859729766846,0.1666666716337204,0.6666666865348816,0.4686279594898224,0
embedding-data/deberta-sentence-transformer,C_lex_sem_strong,197,3a46124701c0,monitor facilities or operational systems,4057,f7d2308e7f34,7,1.113821029663086,0.7905066609382629,0.29763340950012207,0.1111111119389534,0.75,0.49238282442092896,0
embedding-data/deberta-sentence-transformer,C_lex_sem_strong,197,3a46124701c0,monitor facilities or operational systems,4582,bde8c91972ff,8,1.2432250547409058,0.8929910063743591,1.3633205890655518,0.1666666716337204,0.8333333134651184,0.4107372462749481,1
embedding-data/deberta-sentence-transformer,C_lex_sem_strong,197,3a46124701c0,monitor facilities or operational systems,1694,d6c8c0983834,9,1.3358685970306396,0.8370459079742432,0.7815734148025513,0.0,0.5,0.8205423951148987,0
embedding-data/deberta-sentence-transformer,C_lex_sem_strong,197,3a46124701c0,monitor facilities or operational systems,4059,966ff254f415,10,1.3413511514663696,0.8906415104866028,1.338889241218567,0.1428571492433548,0.8333333134651184,0.6748585104942322,0
embedding-data/deberta-sentence-transformer,C_lex_sem_strong,198,edb3d68bc36f,advise customers on technical or procedural issues,5184,aeaac9d4ac7b,1,1.16270911693573,0.4610303044319153,0.2593694031238556,0.1666666716337204,0.375,1.0,0
embedding-data/deberta-sentence-transformer,C_lex_sem_strong,198,edb3d68bc36f,advise customers on technical or procedural issues,2622,62c0405486a6,2,0.8401075601577759,0.40194863080978394,-0.3115762770175934,0.0,0.6153846383094788,0.6241610646247864,0
embedding-data/deberta-sentence-transformer,C_lex_sem_strong,198,edb3d68bc36f,advise customers on technical or procedural issues,3025,5653d4592b47,3,1.1483798027038574,0.6182936429977417,1.779110074043274,0.09090909361839294,0.800000011920929,0.7494977116584778,0
embedding-data/deberta-sentence-transformer,C_lex_sem_strong,198,edb3d68bc36f,advise customers on technical or procedural issues,2623,5b9cd334c378,4,0.9479132890701294,0.6920323371887207,2.491696357727051,0.0,0.7272727489471436,0.4099407494068146,0
embedding-data/deberta-sentence-transformer,C_lex_sem_strong,198,edb3d68bc36f,advise customers on technical or procedural issues,5214,4d29d09f4c1d,5,0.9643411040306091,0.6969789862632751,2.539499044418335,0.10000000149011612,0.800000011920929,0.38844144344329834,0
embedding-data/deberta-sentence-transformer,C_lex_sem_strong,198,edb3d68bc36f,advise customers on technical or procedural issues,5238,e960aa5a3937,6,0.9425286650657654,0.6744351983070374,2.321643352508545,0.0,1.0,0.38465526700019836,0
embedding-data/deberta-sentence-transformer,C_lex_sem_strong,198,edb3d68bc36f,advise customers on technical or procedural issues,5101,0ab6c77c51b9,7,0.8468291926383972,0.7845048904418945,3.3853204250335693,0.0,1.0,0.0,1
embedding-data/deberta-sentence-transformer,C_lex_sem_strong,198,edb3d68bc36f,advise customers on technical or procedural issues,3766,94c75e9264bf,8,1.0947813987731934,0.7136707901954651,2.700803279876709,0.0,0.875,0.5723732113838196,0
embedding-data/deberta-sentence-transformer,C_lex_sem_strong,198,edb3d68bc36f,advise customers on technical or procedural issues,4707,e509e322d71a,9,0.9826263356208801,0.7269995212554932,2.8296077251434326,0.0,0.7272727489471436,0.3027849495410919,1
embedding-data/deberta-sentence-transformer,C_lex_sem_strong,198,edb3d68bc36f,advise customers on technical or procedural issues,1337,284a65d8619b,10,0.8985386490821838,0.6634395122528076,2.2153847217559814,0.0,0.6666666865348816,0.382783442735672,0
embedding-data/deberta-sentence-transformer,C_lex_sem_strong,199,0d99df7b9f80,communicate organizational information to customers or other stakeholders,675,e1f28709fa97,1,1.317833662033081,0.6409620046615601,1.4906082153320312,0.1428571492433548,0.4444444477558136,1.0,0
embedding-data/deberta-sentence-transformer,C_lex_sem_strong,199,0d99df7b9f80,communicate organizational information to customers or other stakeholders,1337,284a65d8619b,2,1.0542875695228577,0.6709061861038208,1.7284637689590454,0.0,0.75,0.4700247049331665,1
embedding-data/deberta-sentence-transformer,C_lex_sem_strong,199,0d99df7b9f80,communicate organizational information to customers or other stakeholders,5218,c440d73a48c6,3,1.0107518601417542,0.6406805515289307,1.488372564315796,0.0833333358168602,1.0,0.3850095868110657,1
embedding-data/deberta-sentence-transformer,C_lex_sem_strong,199,0d99df7b9f80,communicate organizational information to customers or other stakeholders,3214,38264b2c039c,4,1.1801390218734742,0.8594754338264465,3.2263247966766357,0.0714285746216774,0.75,0.4004274308681488,1
embedding-data/deberta-sentence-transformer,C_lex_sem_strong,199,0d99df7b9f80,communicate organizational information to customers or other stakeholders,3943,1eedfa96d1f9,5,1.1867978143692017,0.7737873196601868,2.5456788539886475,0.0714285746216774,0.75,0.5139897465705872,1
embedding-data/deberta-sentence-transformer,C_lex_sem_strong,199,0d99df7b9f80,communicate organizational information to customers or other stakeholders,1403,3ec5f0c9f8ca,6,0.9444531369209289,0.757777750492096,2.4185101985931396,0.0,0.8999999761581421,0.18620295822620392,1
embedding-data/deberta-sentence-transformer,C_lex_sem_strong,199,0d99df7b9f80,communicate organizational information to customers or other stakeholders,2339,51db9c6e8f68,7,1.0026788878440858,0.7324037551879883,2.2169570922851562,0.0,0.8999999761581421,0.30019381642341614,1
embedding-data/deberta-sentence-transformer,C_lex_sem_strong,199,0d99df7b9f80,communicate organizational information to customers or other stakeholders,1554,ba67eebc2f04,8,1.1958435773849487,0.6367380023002625,1.4570558071136475,0.1111111119389534,0.6666666865348816,0.8081817626953125,0
embedding-data/deberta-sentence-transformer,C_lex_sem_strong,199,0d99df7b9f80,communicate organizational information to customers or other stakeholders,1711,48410a978891,9,0.9741776156425476,0.8307119011878967,2.997847557067871,0.0,0.75,0.1615322083234787,1
embedding-data/deberta-sentence-transformer,C_lex_sem_strong,199,0d99df7b9f80,communicate organizational information to customers or other stakeholders,4300,c825cd049c18,10,1.1662091779708863,0.8457931280136108,3.117642402648926,0.05882352963089943,0.529411792755127,0.43225574493408203,1
embedding-data/deberta-sentence-transformer,C_lex_sem_strong,200,9ff41f315fd5,operate computer systems,1619,39c1280cc062,1,1.6802197265625,0.91202312707901,0.6916463375091553,0.25,0.75,1.0,1
embedding-data/deberta-sentence-transformer,C_lex_sem_strong,200,9ff41f315fd5,operate computer systems,1260,63dfa587738c,2,1.5012601184844971,0.7999064922332764,-0.21633820235729218,0.20000000298023224,1.0,0.8590565323829651,1
embedding-data/deberta-sentence-transformer,C_lex_sem_strong,200,9ff41f315fd5,operate computer systems,1487,80c18801f6ce,3,1.5322268772125245,0.7379140257835388,-0.718388557434082,0.25,0.75,1.0,1
embedding-data/deberta-sentence-transformer,C_lex_sem_strong,200,9ff41f315fd5,operate computer systems,4430,47c1f6cad07a,4,1.4906340408325196,0.8759627342224121,0.39960867166519165,0.20000000298023224,1.0,0.7515224814414978,1
embedding-data/deberta-sentence-transformer,C_lex_sem_strong,200,9ff41f315fd5,operate computer systems,187,4f31d62fd9b2,5,1.5369876194000245,0.841938853263855,0.12406385689973831,0.20000000298023224,1.0,0.8590565323829651,1
embedding-data/deberta-sentence-transformer,C_lex_sem_strong,200,9ff41f315fd5,operate computer systems,2690,7cdbf2771715,6,1.4244203138351441,0.7980642318725586,-0.2312578707933426,0.20000000298023224,1.0,0.7515224814414978,1
embedding-data/deberta-sentence-transformer,C_lex_sem_strong,200,9ff41f315fd5,operate computer systems,4721,b777b58e53e0,7,1.4959122705459595,0.8821724057197571,0.4498981237411499,0.20000000298023224,1.0,0.7515224814414978,1
embedding-data/deberta-sentence-transformer,C_lex_sem_strong,200,9ff41f315fd5,operate computer systems,3979,9e51eeb429ae,8,1.5933521556854249,0.9129128456115723,0.6988517642021179,0.25,0.75,0.8748230934143066,1
embedding-data/deberta-sentence-transformer,C_lex_sem_strong,200,9ff41f315fd5,operate computer systems,1123,2679fa80c6d8,9,1.6098140048980714,0.8291928768157959,0.020839661359786987,0.25,0.75,1.0,1
embedding-data/deberta-sentence-transformer,C_lex_sem_strong,200,9ff41f315fd5,operate computer systems,2205,982952ca09c9,10,1.6008775997161866,0.8186795711517334,-0.06430309265851974,0.25,0.75,1.0,1
embedding-data/deberta-sentence-transformer,C_lex_sem_strong,201,42bb588edac5,maintain test equipment,4895,d9ed0b19f811,1,1.5687849092483521,0.9340418577194214,0.8438428044319153,0.25,0.75,0.814070463180542,1
embedding-data/deberta-sentence-transformer,C_lex_sem_strong,201,42bb588edac5,maintain test equipment,116,7588597f0f7f,2,1.26895272731781,0.7522587776184082,-0.6122852563858032,0.20000000298023224,1.0,0.6993325352668762,0
embedding-data/deberta-sentence-transformer,C_lex_sem_strong,201,42bb588edac5,maintain test equipment,2641,414d1ab8da6a,3,1.5387979745864868,0.8221153616905212,-0.05271648243069649,0.20000000298023224,1.0,1.0,0
embedding-data/deberta-sentence-transformer,C_lex_sem_strong,201,42bb588edac5,maintain test equipment,2688,0950dcce7437,4,1.4816026258468629,0.9083175659179688,0.6377847790718079,0.20000000298023224,1.0,0.6993325352668762,1
embedding-data/deberta-sentence-transformer,C_lex_sem_strong,201,42bb588edac5,maintain test equipment,3459,cc4e09d0f3d3,5,1.371783094406128,0.779118001461029,-0.3971361219882965,0.20000000298023224,1.0,0.6993325352668762,1
embedding-data/deberta-sentence-transformer,C_lex_sem_strong,201,42bb588edac5,maintain test equipment,3262,b0569152a26e,6,1.5238550472259522,0.8811831474304199,0.4204312860965729,0.25,0.75,0.814070463180542,1
embedding-data/deberta-sentence-transformer,C_lex_sem_strong,201,42bb588edac5,maintain test equipment,1894,e2dff2ef2fd2,7,1.547827081680298,0.9093855023384094,0.6463392376899719,0.25,0.75,0.814070463180542,1
embedding-data/deberta-sentence-transformer,C_lex_sem_strong,201,42bb588edac5,maintain test equipment,4217,54a8e7155159,8,1.540955858230591,0.9013018012046814,0.5815867781639099,0.25,0.75,0.814070463180542,1
embedding-data/deberta-sentence-transformer,C_lex_sem_strong,201,42bb588edac5,maintain test equipment,855,834fcfea4206,9,1.5610943603515626,0.9249941110610962,0.7713680863380432,0.25,0.75,0.814070463180542,1
embedding-data/deberta-sentence-transformer,C_lex_sem_strong,201,42bb588edac5,maintain test equipment,4232,16309f7990f0,10,1.5579056310653687,0.9212427139282227,0.7413184642791748,0.25,0.75,0.814070463180542,1
embedding-data/deberta-sentence-transformer,C_lex_sem_strong,202,8747ed85441f,inspect finished products to locate flaws,4346,dc00b108ce90,1,1.1421549320220947,0.6211241483688354,2.2651267051696777,0.1111111119389534,1.0,0.7028244733810425,0
embedding-data/deberta-sentence-transformer,C_lex_sem_strong,202,8747ed85441f,inspect finished products to locate flaws,606,fd9ec3e29291,2,0.8516296315193176,0.46547141671180725,0.8363110423088074,0.0,0.7142857313156128,0.4350719451904297,1
embedding-data/deberta-sentence-transformer,C_lex_sem_strong,202,8747ed85441f,inspect finished products to locate flaws,4859,48b964b8d9a2,3,0.8803568053245544,0.698042631149292,2.971200466156006,0.0,0.5384615659713745,0.21882055699825287,1
embedding-data/deberta-sentence-transformer,C_lex_sem_strong,202,8747ed85441f,inspect finished products to locate flaws,4676,54c6ed2210a9,4,0.9475830960273742,0.7400445342063904,3.356757402420044,0.0,0.6363636255264282,0.24986985325813293,1
embedding-data/deberta-sentence-transformer,C_lex_sem_strong,202,8747ed85441f,inspect finished products to locate flaws,2623,5b9cd334c378,5,0.7764409184455872,0.6328184008598328,2.372474193572998,0.0,0.6363636255264282,0.24986985325813293,0
embedding-data/deberta-sentence-transformer,C_lex_sem_strong,202,8747ed85441f,inspect finished products to locate flaws,4957,25aa304c3c46,6,0.938564658164978,0.17982399463653564,-1.7857919931411743,0.1428571492433548,0.5714285969734192,1.0,0
embedding-data/deberta-sentence-transformer,C_lex_sem_strong,202,8747ed85441f,inspect finished products to locate flaws,4504,1f9d54874a38,7,0.7691839504241943,0.7099642753601074,3.0806353092193604,0.0,0.8571428656578064,0.0,1
embedding-data/deberta-sentence-transformer,C_lex_sem_strong,202,8747ed85441f,inspect finished products to locate flaws,2814,05eb79523820,8,0.9208654761314392,0.6784137487411499,2.7910170555114746,0.0,1.0,0.34887680411338806,0
embedding-data/deberta-sentence-transformer,C_lex_sem_strong,202,8747ed85441f,inspect finished products to locate flaws,5101,0ab6c77c51b9,9,0.8367477226257324,0.7873502969741821,3.791001081466675,0.0,0.875,0.0,1
embedding-data/deberta-sentence-transformer,C_lex_sem_strong,202,8747ed85441f,inspect finished products to locate flaws,4969,fb98139a2c39,10,0.7919912338256836,0.4894261956214905,1.056204080581665,0.0,0.7142857313156128,0.4350719451904297,0
embedding-data/deberta-sentence-transformer,C_lex_sem_strong,203,79676bc4eb6a,collect samples of raw materials or finished products,989,4ec4f7a20f54,1,1.3653322458267212,0.6501574516296387,2.5680277347564697,0.2857142984867096,0.5555555820465088,1.0,0
embedding-data/deberta-sentence-transformer,C_lex_sem_strong,203,79676bc4eb6a,collect samples of raw materials or finished products,1337,284a65d8619b,2,0.9843829441070556,0.7687547206878662,3.6931169033050537,0.0,0.75,0.2513448894023895,1
embedding-data/deberta-sentence-transformer,C_lex_sem_strong,203,79676bc4eb6a,collect samples of raw materials or finished products,548,0586134e1b27,3,0.8639876413345337,0.6791582703590393,2.8431479930877686,0.0,0.7777777910232544,0.18417894840240479,1
embedding-data/deberta-sentence-transformer,C_lex_sem_strong,203,79676bc4eb6a,collect samples of raw materials or finished products,2623,5b9cd334c378,4,0.940129177570343,0.6939848065376282,2.983802080154419,0.0,0.8181818127632141,0.26917704939842224,1
embedding-data/deberta-sentence-transformer,C_lex_sem_strong,203,79676bc4eb6a,collect samples of raw materials or finished products,5101,0ab6c77c51b9,5,0.8931583929061889,0.7140756249427795,3.174396276473999,0.0,0.8888888955116272,0.16757884621620178,1
embedding-data/deberta-sentence-transformer,C_lex_sem_strong,203,79676bc4eb6a,collect samples of raw materials or finished products,3154,d74736c2fa1e,6,0.9646927714347839,0.5612062215805054,1.7241798639297485,0.10000000149011612,0.8888888955116272,0.5411123037338257,0
embedding-data/deberta-sentence-transformer,C_lex_sem_strong,203,79676bc4eb6a,collect samples of raw materials or finished products,3946,d77de4fdc1c2,7,0.7653793859481811,0.6411295533180237,2.4823834896087646,0.0,0.6428571343421936,0.10876219719648361,1
embedding-data/deberta-sentence-transformer,C_lex_sem_strong,203,79676bc4eb6a,collect samples of raw materials or finished products,5214,4d29d09f4c1d,8,0.7599286437034607,0.6712228655815125,2.7678678035736084,0.0,0.8999999761581421,0.14198459684848785,0
embedding-data/deberta-sentence-transformer,C_lex_sem_strong,203,79676bc4eb6a,collect samples of raw materials or finished products,3890,1a65db798a29,9,0.7625090646743774,0.7114485502243042,3.1494741439819336,0.0,0.7777777910232544,0.0,1
embedding-data/deberta-sentence-transformer,C_lex_sem_strong,203,79676bc4eb6a,collect samples of raw materials or finished products,2728,b12a99169d3e,10,0.9056907892227173,0.6948072910308838,2.9916045665740967,0.0,0.692307710647583,0.35124829411506653,0
embedding-data/deberta-sentence-transformer,C_lex_sem_strong,204,62b52b411f3a,develop biological research methods,332,444510b9c3c3,1,1.6061525344848633,0.8778263330459595,0.6490500569343567,0.5,0.6000000238418579,1.0,0
embedding-data/deberta-sentence-transformer,C_lex_sem_strong,204,62b52b411f3a,develop biological research methods,303,308cd878658b,2,1.0498519706726075,0.7071224451065063,-1.1004459857940674,0.1428571492433548,0.8333333134651184,0.36699017882347107,1
embedding-data/deberta-sentence-transformer,C_lex_sem_strong,204,62b52b411f3a,develop biological research methods,3303,8dee13915ca0,3,1.0176774263381958,0.84657883644104,0.32880327105522156,0.125,0.625,0.3008362650871277,0
embedding-data/deberta-sentence-transformer,C_lex_sem_strong,204,62b52b411f3a,develop biological research methods,1611,3444f93619e5,4,1.4139861631393433,0.8766347765922546,0.6368381381034851,0.1666666716337204,0.800000011920929,0.6793045401573181,1
embedding-data/deberta-sentence-transformer,C_lex_sem_strong,204,62b52b411f3a,develop biological research methods,301,b3202b182771,5,1.2871094512939454,0.929306149482727,1.176652193069458,0.1428571492433548,1.0,0.41232532262802124,1
embedding-data/deberta-sentence-transformer,C_lex_sem_strong,204,62b52b411f3a,develop biological research methods,3316,1a73e19bd661,6,1.1376932430267335,0.7909743785858154,-0.2410711646080017,0.1666666716337204,0.800000011920929,0.3886166512966156,1
embedding-data/deberta-sentence-transformer,C_lex_sem_strong,204,62b52b411f3a,develop biological research methods,2337,421e3510a425,7,1.054642915725708,0.780826985836029,-0.34506893157958984,0.125,0.8333333134651184,0.40372368693351746,0
embedding-data/deberta-sentence-transformer,C_lex_sem_strong,204,62b52b411f3a,develop biological research methods,4682,e7b1f13719d5,8,1.1554221677780152,0.8334397077560425,0.19414404034614563,0.1428571492433548,1.0,0.34060990810394287,1
embedding-data/deberta-sentence-transformer,C_lex_sem_strong,204,62b52b411f3a,develop biological research methods,1937,9577cc9be047,9,1.2447127866744996,0.9168797731399536,1.04929780960083,0.1666666716337204,0.800000011920929,0.3886166512966156,1
embedding-data/deberta-sentence-transformer,C_lex_sem_strong,204,62b52b411f3a,develop biological research methods,5205,cd8659de9085,10,1.1725780534744263,0.8480208516120911,0.34358206391334534,0.1666666716337204,1.0,0.34060990810394287,1
embedding-data/deberta-sentence-transformer,C_lex_sem_strong,205,45b6fa08d56b,research diseases or parasites,1193,48ee2655e93b,1,1.5859874057769776,0.8188087940216064,0.11451362818479538,0.25,0.6000000238418579,1.0,1
embedding-data/deberta-sentence-transformer,C_lex_sem_strong,205,45b6fa08d56b,research diseases or parasites,4498,d53778b95365,2,0.9728955030441284,0.5580793619155884,-2.3218488693237305,0.20000000298023224,1.0,0.5121828317642212,0
embedding-data/deberta-sentence-transformer,C_lex_sem_strong,205,45b6fa08d56b,research diseases or parasites,3766,94c75e9264bf,3,1.1644887924194336,0.8008219599723816,-0.0535627081990242,0.0,0.7142857313156128,0.5890880227088928,0
embedding-data/deberta-sentence-transformer,C_lex_sem_strong,205,45b6fa08d56b,research diseases or parasites,4019,6b55f944d0bc,4,1.5520782041549683,0.8714571595191956,0.6064814925193787,0.25,0.800000011920929,0.8590565323829651,1
embedding-data/deberta-sentence-transformer,C_lex_sem_strong,205,45b6fa08d56b,research diseases or parasites,1475,886332682111,5,1.2737911939620972,0.8643894195556641,0.540437638759613,0.25,0.800000011920929,0.5843716859817505,0
embedding-data/deberta-sentence-transformer,C_lex_sem_strong,205,45b6fa08d56b,research diseases or parasites,2172,895ce8e2039e,6,1.5398345756530762,0.93268221616745,1.1785935163497925,0.20000000298023224,1.0,0.7529352307319641,1
embedding-data/deberta-sentence-transformer,C_lex_sem_strong,205,45b6fa08d56b,research diseases or parasites,2519,fff0695681d5,7,0.9951633214950562,0.658104419708252,-1.3871737718582153,0.1666666716337204,0.8333333134651184,0.45586836338043213,0
embedding-data/deberta-sentence-transformer,C_lex_sem_strong,205,45b6fa08d56b,research diseases or parasites,1318,d61a9bb433bc,8,1.4604656267166138,0.8393070101737976,0.306057333946228,0.20000000298023224,1.0,0.7529352307319641,1
embedding-data/deberta-sentence-transformer,C_lex_sem_strong,205,45b6fa08d56b,research diseases or parasites,1694,d6c8c0983834,9,1.4711461067199707,0.8566630482673645,0.4682392477989197,0.0,0.6000000238418579,0.9756894111633301,0
embedding-data/deberta-sentence-transformer,C_lex_sem_strong,205,45b6fa08d56b,research diseases or parasites,4682,e7b1f13719d5,10,1.1523431539535522,0.777037501335144,-0.275814414024353,0.1666666716337204,1.0,0.5121828317642212,0
embedding-data/deberta-sentence-transformer,C_lex_sem_strong,206,c32f9f13a109,research microbiological or chemical processes or structures,3804,f02b8c39d3be,1,1.247912883758545,0.5612701177597046,-0.07180999219417572,0.1666666716337204,0.375,1.0,0
embedding-data/deberta-sentence-transformer,C_lex_sem_strong,206,c32f9f13a109,research microbiological or chemical processes or structures,2623,5b9cd334c378,2,1.0462702679634095,0.7395339012145996,2.6304798126220703,0.0,0.7272727489471436,0.3784845769405365,1
embedding-data/deberta-sentence-transformer,C_lex_sem_strong,206,c32f9f13a109,research microbiological or chemical processes or structures,3766,94c75e9264bf,3,1.1423566341400146,0.8058111667633057,3.6351728439331055,0.0,0.875,0.5284530520439148,0
embedding-data/deberta-sentence-transformer,C_lex_sem_strong,206,c32f9f13a109,research microbiological or chemical processes or structures,4498,d53778b95365,4,1.0726055073738099,0.6822464466094971,1.7620627880096436,0.1428571492433548,0.625,0.4594637453556061,1
embedding-data/deberta-sentence-transformer,C_lex_sem_strong,206,c32f9f13a109,research microbiological or chemical processes or structures,1984,1a9e3f7fab12,5,1.070969581604004,0.5328878164291382,-0.5020555853843689,0.1428571492433548,0.5,0.7706336379051208,0
embedding-data/deberta-sentence-transformer,C_lex_sem_strong,206,c32f9f13a109,research microbiological or chemical processes or structures,989,4ec4f7a20f54,6,1.14557945728302,0.7508127093315125,2.801454544067383,0.1428571492433548,0.625,0.5947388410568237,0
embedding-data/deberta-sentence-transformer,C_lex_sem_strong,206,c32f9f13a109,research microbiological or chemical processes or structures,268,24817736836a,7,1.167488932609558,0.6464399695396423,1.2192745208740234,0.1428571492433548,0.5,0.7706336379051208,0
embedding-data/deberta-sentence-transformer,C_lex_sem_strong,206,c32f9f13a109,research microbiological or chemical processes or structures,3586,f77f2bcecc27,8,0.9577587842941284,0.6303860545158386,0.9759142398834229,0.09090909361839294,1.0,0.4339267909526825,0
embedding-data/deberta-sentence-transformer,C_lex_sem_strong,206,c32f9f13a109,research microbiological or chemical processes or structures,751,2a63b9d3beeb,9,1.1248224973678589,0.8014854192733765,3.569598913192749,0.1111111119389534,0.875,0.47691094875335693,0
embedding-data/deberta-sentence-transformer,C_lex_sem_strong,206,c32f9f13a109,research microbiological or chemical processes or structures,425,b06cd44db3d0,10,1.0548985004425049,0.6441292762756348,1.1842468976974487,0.1428571492433548,0.625,0.5947388410568237,0
embedding-data/deberta-sentence-transformer,C_lex_sem_strong,207,7663c229a426,analyze biological samples,1611,3444f93619e5,1,1.61756320476532,0.8206626176834106,0.22461673617362976,0.20000000298023224,1.0,1.0,1
embedding-data/deberta-sentence-transformer,C_lex_sem_strong,207,7663c229a426,analyze biological samples,2384,9f0afa80bca1,2,1.1857192516326904,0.8655178546905518,0.6701100468635559,0.1428571492433548,0.5714285969734192,0.520449697971344,0
embedding-data/deberta-sentence-transformer,C_lex_sem_strong,207,7663c229a426,analyze biological samples,2536,62bb27f24dab,3,1.4296354055404663,0.9073849320411682,1.085925579071045,0.20000000298023224,1.0,0.7405116558074951,0
embedding-data/deberta-sentence-transformer,C_lex_sem_strong,207,7663c229a426,analyze biological samples,1452,41db1b32b4b9,4,1.305437641143799,0.7660157680511475,-0.3181249499320984,0.20000000298023224,0.800000011920929,0.6490345001220703,1
embedding-data/deberta-sentence-transformer,C_lex_sem_strong,207,7663c229a426,analyze biological samples,3707,ae14f32b277d,5,1.0386484861373901,0.7395271062850952,-0.5812051296234131,0.1428571492433548,0.5,0.47354140877723694,0
embedding-data/deberta-sentence-transformer,C_lex_sem_strong,207,7663c229a426,analyze biological samples,5276,24d301adf7f0,6,1.0959091186523438,0.811094343662262,0.12958653271198273,0.125,0.5,0.47354140877723694,0
embedding-data/deberta-sentence-transformer,C_lex_sem_strong,207,7663c229a426,analyze biological samples,3814,55c7fc3d9a9c,7,0.9877591729164124,0.755184531211853,-0.4256986677646637,0.125,0.4000000059604645,0.40121763944625854,0
embedding-data/deberta-sentence-transformer,C_lex_sem_strong,207,7663c229a426,analyze biological samples,4084,6253c95514c8,8,0.9433322715759277,0.8980379104614258,0.9930928349494934,0.0,1.0,0.0,1
embedding-data/deberta-sentence-transformer,C_lex_sem_strong,207,7663c229a426,analyze biological samples,125,7a7248fc102e,9,0.9458385872840881,0.9009864926338196,1.022377610206604,0.0,1.0,0.0,1
embedding-data/deberta-sentence-transformer,C_lex_sem_strong,207,7663c229a426,analyze biological samples,179,490e0bd0d96e,10,1.0602036714553833,0.8078663349151611,0.09752658754587173,0.125,0.4444444477558136,0.43438971042633057,0
embedding-data/deberta-sentence-transformer,C_lex_sem_strong,208,c1c0caaa937b,research genetic characteristics or expression,2657,805fc5c1d17a,1,1.4039558172225952,0.7777705192565918,0.33778372406959534,0.20000000298023224,0.5,0.9326441884040833,0
embedding-data/deberta-sentence-transformer,C_lex_sem_strong,208,c1c0caaa937b,research genetic characteristics or expression,3766,94c75e9264bf,2,1.2060460615158082,0.843410849571228,1.1449047327041626,0.0,0.8571428656578064,0.46204647421836853,1
embedding-data/deberta-sentence-transformer,C_lex_sem_strong,208,c1c0caaa937b,research genetic characteristics or expression,4682,e7b1f13719d5,3,1.1859672832489014,0.8386515378952026,1.0863837003707886,0.1428571492433548,0.8333333134651184,0.40172651410102844,1
embedding-data/deberta-sentence-transformer,C_lex_sem_strong,208,c1c0caaa937b,research genetic characteristics or expression,4766,63973cd3ad7c,4,1.3875997066497803,0.71090167760849,-0.4844432473182678,0.25,0.3333333432674408,1.0,0
embedding-data/deberta-sentence-transformer,C_lex_sem_strong,208,c1c0caaa937b,research genetic characteristics or expression,2519,fff0695681d5,5,0.9338569045066833,0.6529361605644226,-1.19719398021698,0.1428571492433548,1.0,0.35755667090415955,0
embedding-data/deberta-sentence-transformer,C_lex_sem_strong,208,c1c0caaa937b,research genetic characteristics or expression,3780,5279f5c334f7,6,1.0413062572479248,0.8253225088119507,0.9224884510040283,0.1428571492433548,0.8571428656578064,0.32213765382766724,0
embedding-data/deberta-sentence-transformer,C_lex_sem_strong,208,c1c0caaa937b,research genetic characteristics or expression,3481,0bbaaaf2c5ee,7,1.178680181503296,0.6776483058929443,-0.8933305144309998,0.1666666716337204,0.6666666865348816,0.7181130647659302,0
embedding-data/deberta-sentence-transformer,C_lex_sem_strong,208,c1c0caaa937b,research genetic characteristics or expression,4502,98c2bfc7d4aa,8,0.9531732201576233,0.7879131436347961,0.46249860525131226,0.1428571492433548,0.6666666865348816,0.26886993646621704,0
embedding-data/deberta-sentence-transformer,C_lex_sem_strong,208,c1c0caaa937b,research genetic characteristics or expression,990,bd47bba637ff,9,1.3569400310516357,0.770474910736084,0.24807608127593994,0.20000000298023224,0.5,0.8743377327919006,0
embedding-data/deberta-sentence-transformer,C_lex_sem_strong,208,c1c0caaa937b,research genetic characteristics or expression,3781,22b12fb7265d,10,1.0919357538223267,0.8165417909622192,0.8145197629928589,0.1666666716337204,0.8333333134651184,0.40172651410102844,0
embedding-data/deberta-sentence-transformer,C_lex_sem_strong,209,2ac9980eb5e6,design research studies to obtain scientific information,3337,77c74b3d95ae,1,1.3100080060958863,0.806674599647522,2.8940014839172363,0.125,0.625,0.6526209712028503,1
embedding-data/deberta-sentence-transformer,C_lex_sem_strong,209,2ac9980eb5e6,design research studies to obtain scientific information,3147,979ff1a4970d,2,1.2299320697784424,0.5009003281593323,-0.5070558190345764,0.3333333432674408,0.375,1.0,0
embedding-data/deberta-sentence-transformer,C_lex_sem_strong,209,2ac9980eb5e6,design research studies to obtain scientific information,1077,1ab00f837c57,3,1.0700229406356812,0.7695682644844055,2.481276273727417,0.0555555559694767,0.47058823704719543,0.511028528213501,0
embedding-data/deberta-sentence-transformer,C_lex_sem_strong,209,2ac9980eb5e6,design research studies to obtain scientific information,3925,35c1bebe9ccc,4,0.9304482340812683,0.6586488485336304,1.2475448846817017,0.10000000149011612,0.75,0.3937096893787384,0
embedding-data/deberta-sentence-transformer,C_lex_sem_strong,209,2ac9980eb5e6,design research studies to obtain scientific information,4104,530aa5cc0969,5,0.986144917011261,0.6725207567214966,1.401839017868042,0.0833333358168602,0.7272727489471436,0.3501548171043396,1
embedding-data/deberta-sentence-transformer,C_lex_sem_strong,209,2ac9980eb5e6,design research studies to obtain scientific information,2117,541d0acdc4f9,6,0.9737792015075684,0.693058967590332,1.63028085231781,0.1111111119389534,0.75,0.41065269708633423,0
embedding-data/deberta-sentence-transformer,C_lex_sem_strong,209,2ac9980eb5e6,design research studies to obtain scientific information,4682,e7b1f13719d5,7,1.038849115371704,0.7945324182510376,2.7589468955993652,0.1111111119389534,0.625,0.39824897050857544,0
embedding-data/deberta-sentence-transformer,C_lex_sem_strong,209,2ac9980eb5e6,design research studies to obtain scientific information,1475,886332682111,8,1.1909149885177612,0.5977964401245117,0.5706974864006042,0.3333333432674408,0.5,0.8087447881698608,0
embedding-data/deberta-sentence-transformer,C_lex_sem_strong,209,2ac9980eb5e6,design research studies to obtain scientific information,1078,4656b1965a99,9,0.9534832406044006,0.781243085861206,2.6111326217651367,0.0,0.800000011920929,0.18489518761634827,1
embedding-data/deberta-sentence-transformer,C_lex_sem_strong,209,2ac9980eb5e6,design research studies to obtain scientific information,3211,bf363c434df6,10,0.9294619727134704,0.7723417282104492,2.51212477684021,0.0,0.7272727489471436,0.17177744209766388,1
embedding-data/deberta-sentence-transformer,C_lex_sem_strong,210,39fb30c0c188,instruct college students in physical or life sciences,4516,f4283dfbb653,1,1.1565048694610596,0.44229334592819214,0.692813515663147,0.125,0.5555555820465088,1.0,0
embedding-data/deberta-sentence-transformer,C_lex_sem_strong,210,39fb30c0c188,instruct college students in physical or life sciences,1780,83769a32bd6e,2,0.8212062883377075,0.576160192489624,2.086825370788574,0.0,0.6428571343421936,0.2674063444137573,1
embedding-data/deberta-sentence-transformer,C_lex_sem_strong,210,39fb30c0c188,instruct college students in physical or life sciences,3966,69e2adcf9255,3,0.7889910936355591,0.4519532024860382,0.7934057116508484,0.1111111119389534,0.6666666865348816,0.4513457417488098,0
embedding-data/deberta-sentence-transformer,C_lex_sem_strong,210,39fb30c0c188,instruct college students in physical or life sciences,2622,62c0405486a6,4,0.7795846033096313,0.5153717994689941,1.4538103342056274,0.0,0.692307710647583,0.27469679713249207,1
embedding-data/deberta-sentence-transformer,C_lex_sem_strong,210,39fb30c0c188,instruct college students in physical or life sciences,2623,5b9cd334c378,5,1.0219775605201722,0.7536318898200989,3.934913158416748,0.0,0.8181818127632141,0.31367459893226624,1
embedding-data/deberta-sentence-transformer,C_lex_sem_strong,210,39fb30c0c188,instruct college students in physical or life sciences,4677,84aec80a0a66,6,1.0100603103637695,0.6744471788406372,3.1103293895721436,0.0833333358168602,0.8181818127632141,0.48327910900115967,0
embedding-data/deberta-sentence-transformer,C_lex_sem_strong,210,39fb30c0c188,instruct college students in physical or life sciences,2201,d1ae9adeb7d6,7,1.0872033405303956,0.6021270751953125,2.357229471206665,0.1111111119389534,0.5555555820465088,0.5965964198112488,1
embedding-data/deberta-sentence-transformer,C_lex_sem_strong,210,39fb30c0c188,instruct college students in physical or life sciences,4531,0788ed572edd,8,0.8143900036811829,0.33063000440597534,-0.46998393535614014,0.1428571492433548,0.3333333432674408,0.673499584197998,0
embedding-data/deberta-sentence-transformer,C_lex_sem_strong,210,39fb30c0c188,instruct college students in physical or life sciences,1337,284a65d8619b,9,0.9847915339469909,0.7350180149078369,3.7410788536071777,0.0,0.75,0.2928946316242218,1
embedding-data/deberta-sentence-transformer,C_lex_sem_strong,210,39fb30c0c188,instruct college students in physical or life sciences,4599,2e23622f45cc,10,0.955186665058136,0.4124322533607483,0.38185736536979675,0.1428571492433548,0.4444444477558136,0.7594333291053772,0
embedding-data/deberta-sentence-transformer,C_lex_sem_strong,211,c7ea79acedc2,set up laboratory or field equipment,2496,f056cc76ec32,1,1.4790581464767456,0.7484716176986694,0.5498350858688354,0.2857142984867096,0.8571428656578064,1.0,0
embedding-data/deberta-sentence-transformer,C_lex_sem_strong,211,c7ea79acedc2,set up laboratory or field equipment,2016,e7063ae2cab0,2,1.1138681173324585,0.7589667439460754,0.6741396188735962,0.1111111119389534,0.8571428656578064,0.5154425501823425,0
embedding-data/deberta-sentence-transformer,C_lex_sem_strong,211,c7ea79acedc2,set up laboratory or field equipment,2499,f86f9d6f10a8,3,1.2804124355316162,0.6695234775543213,-0.38522815704345703,0.25,0.875,0.8197393417358398,0
embedding-data/deberta-sentence-transformer,C_lex_sem_strong,211,c7ea79acedc2,set up laboratory or field equipment,5103,31563c6ec4b8,4,1.307681918144226,0.5468525290489197,-1.8381452560424805,0.2857142984867096,0.8571428656578064,1.0,0
embedding-data/deberta-sentence-transformer,C_lex_sem_strong,211,c7ea79acedc2,set up laboratory or field equipment,3766,94c75e9264bf,5,1.2537247705459595,0.8648322820663452,1.9280130863189697,0.0,1.0,0.48373889923095703,1
embedding-data/deberta-sentence-transformer,C_lex_sem_strong,211,c7ea79acedc2,set up laboratory or field equipment,2236,4e7b71da39bd,6,1.4148370027542114,0.8210303783416748,1.4092224836349487,0.1666666716337204,0.4285714328289032,0.9153866767883301,0
embedding-data/deberta-sentence-transformer,C_lex_sem_strong,211,c7ea79acedc2,set up laboratory or field equipment,4313,1d0debea8ecf,7,0.9451024103164672,0.7581295967102051,0.66422438621521,0.07692307978868484,0.4375,0.23079660534858704,1
embedding-data/deberta-sentence-transformer,C_lex_sem_strong,211,c7ea79acedc2,set up laboratory or field equipment,4359,c6bf4f94d21e,8,1.0352661609649658,0.6055862903594971,-1.1425014734268188,0.1428571492433548,0.5714285969734192,0.621147871017456,0
embedding-data/deberta-sentence-transformer,C_lex_sem_strong,211,c7ea79acedc2,set up laboratory or field equipment,4717,020a7ac32766,9,1.3656507301330567,0.8059147596359253,1.23019278049469,0.2222222238779068,0.699999988079071,0.6945409178733826,1
embedding-data/deberta-sentence-transformer,C_lex_sem_strong,211,c7ea79acedc2,set up laboratory or field equipment,4972,120d6106bcc8,10,1.1573752927780152,0.81130051612854,1.2939817905426025,0.1111111119389534,0.875,0.3972108066082001,1
embedding-data/deberta-sentence-transformer,C_lex_sem_strong,212,0cf60304ef43,write grant proposals,1563,50c51c20afba,1,1.6727548408508301,0.9032410383224487,0.7145833969116211,0.25,0.75,1.0,1
embedding-data/deberta-sentence-transformer,C_lex_sem_strong,212,0cf60304ef43,write grant proposals,1704,357ff6cf3fd9,2,1.2145918607711792,0.7938988208770752,-0.21619653701782227,0.1666666716337204,0.6666666865348816,0.6282539963722229,0
embedding-data/deberta-sentence-transformer,C_lex_sem_strong,212,0cf60304ef43,write grant proposals,2976,333e029b0118,3,1.0698758363723755,0.7652456164360046,-0.46010807156562805,0.1111111119389534,0.4444444477558136,0.5039290189743042,0
embedding-data/deberta-sentence-transformer,C_lex_sem_strong,212,0cf60304ef43,write grant proposals,3911,4e03bcdb6727,4,1.1656630039215088,0.7419376373291016,-0.6585181355476379,0.1428571492433548,0.6666666865348816,0.6282539963722229,0
embedding-data/deberta-sentence-transformer,C_lex_sem_strong,212,0cf60304ef43,write grant proposals,78,cefdec315735,5,0.966994183063507,0.9258754253387451,0.9072595238685608,0.0,1.0,0.0,1
embedding-data/deberta-sentence-transformer,C_lex_sem_strong,212,0cf60304ef43,write grant proposals,399,63d29bfd492f,6,0.9681902694702148,0.9272826313972473,0.9192383885383606,0.0,1.0,0.0,1
embedding-data/deberta-sentence-transformer,C_lex_sem_strong,212,0cf60304ef43,write grant proposals,4226,55a7577113cd,7,0.966855661869049,0.9257124662399292,0.9058722853660583,0.0,1.0,0.0,1
embedding-data/deberta-sentence-transformer,C_lex_sem_strong,212,0cf60304ef43,write grant proposals,4162,5fbe19fd273c,8,0.9702070522308349,0.9296553134918213,0.9394359588623047,0.0,1.0,0.0,1
embedding-data/deberta-sentence-transformer,C_lex_sem_strong,212,0cf60304ef43,write grant proposals,2673,4bef47d4bca5,9,0.9815279412269592,0.9429739713668823,1.0528115034103394,0.0,1.0,0.0,1
embedding-data/deberta-sentence-transformer,C_lex_sem_strong,212,0cf60304ef43,write grant proposals,1310,dee03d615f1d,10,0.97849454164505,0.9394053220748901,1.0224332809448242,0.0,1.0,0.0,1
embedding-data/deberta-sentence-transformer,C_lex_sem_strong,213,f1b4c19341de,"cultivate micro-organisms for study, testing, or medical preparations",1337,284a65d8619b,1,1.1607696580886842,0.7411715984344482,4.406427383422852,0.0,0.8333333134651184,0.5249148607254028,1
embedding-data/deberta-sentence-transformer,C_lex_sem_strong,213,f1b4c19341de,"cultivate micro-organisms for study, testing, or medical preparations",2171,8ddf566de36e,2,0.7364510297775269,0.19963066279888153,-0.6378086805343628,0.125,0.30000001192092896,0.7310928106307983,0
embedding-data/deberta-sentence-transformer,C_lex_sem_strong,213,f1b4c19341de,"cultivate micro-organisms for study, testing, or medical preparations",4827,d98cfde26a3d,3,0.9711655378341675,0.4888455271720886,2.0561113357543945,0.1111111119389534,0.4000000059604645,0.7048923373222351,0
embedding-data/deberta-sentence-transformer,C_lex_sem_strong,213,f1b4c19341de,"cultivate micro-organisms for study, testing, or medical preparations",3766,94c75e9264bf,4,0.9531853795051575,0.6310523748397827,3.380711078643799,0.0,0.699999988079071,0.4954155683517456,0
embedding-data/deberta-sentence-transformer,C_lex_sem_strong,213,f1b4c19341de,"cultivate micro-organisms for study, testing, or medical preparations",548,0586134e1b27,5,0.7210039663314819,0.671769380569458,3.7599735260009766,0.0,0.699999988079071,0.0,1
embedding-data/deberta-sentence-transformer,C_lex_sem_strong,213,f1b4c19341de,"cultivate micro-organisms for study, testing, or medical preparations",3706,f35d80d38c13,6,0.8620998430252075,0.662644624710083,3.6749801635742188,0.0,0.8333333134651184,0.19359803199768066,1
embedding-data/deberta-sentence-transformer,C_lex_sem_strong,213,f1b4c19341de,"cultivate micro-organisms for study, testing, or medical preparations",2623,5b9cd334c378,7,0.9097640514373779,0.671151876449585,3.7542216777801514,0.0,0.9090909361839294,0.35482272505760193,0
embedding-data/deberta-sentence-transformer,C_lex_sem_strong,213,f1b4c19341de,"cultivate micro-organisms for study, testing, or medical preparations",2622,62c0405486a6,8,0.8857883977890014,0.6015918254852295,3.1062979698181152,0.0,0.7692307829856873,0.31073179841041565,1
embedding-data/deberta-sentence-transformer,C_lex_sem_strong,213,f1b4c19341de,"cultivate micro-organisms for study, testing, or medical preparations",4309,e1cc24239d78,9,0.7858018279075623,0.6196115016937256,3.274143934249878,0.0,0.8999999761581421,0.24161721765995026,0
embedding-data/deberta-sentence-transformer,C_lex_sem_strong,213,f1b4c19341de,"cultivate micro-organisms for study, testing, or medical preparations",3999,929aa650de1b,10,0.7086842823028564,0.6455109119415283,3.5153865814208984,0.0,0.800000011920929,0.0,1
embedding-data/deberta-sentence-transformer,C_lex_sem_strong,214,fc824bfe7bf0,prepare biological samples for testing or analysis,4311,dad8075f10c2,1,1.4728639125823975,0.8277761936187744,2.510911464691162,0.125,0.875,0.9382202625274658,0
embedding-data/deberta-sentence-transformer,C_lex_sem_strong,214,fc824bfe7bf0,prepare biological samples for testing or analysis,1337,284a65d8619b,2,1.043179988861084,0.6494056582450867,0.7245182394981384,0.0,0.6666666865348816,0.6064549088478088,0
embedding-data/deberta-sentence-transformer,C_lex_sem_strong,214,fc824bfe7bf0,prepare biological samples for testing or analysis,1611,3444f93619e5,3,1.2833997011184692,0.6000902652740479,0.23062120378017426,0.1428571492433548,0.5,0.9925020337104797,0
embedding-data/deberta-sentence-transformer,C_lex_sem_strong,214,fc824bfe7bf0,prepare biological samples for testing or analysis,2728,b12a99169d3e,4,1.164145827293396,0.7107284665107727,1.3386703729629517,0.09090909361839294,0.6153846383094788,0.6861518621444702,0
embedding-data/deberta-sentence-transformer,C_lex_sem_strong,214,fc824bfe7bf0,prepare biological samples for testing or analysis,4306,01c767aac2ad,5,1.0152452158927918,0.8174585103988647,2.407579183578491,0.0,0.7272727489471436,0.23954027891159058,1
embedding-data/deberta-sentence-transformer,C_lex_sem_strong,214,fc824bfe7bf0,prepare biological samples for testing or analysis,4590,5d45850c5baa,6,1.3211544752120972,0.6474367380142212,0.7047994136810303,0.1666666716337204,0.375,1.0,0
embedding-data/deberta-sentence-transformer,C_lex_sem_strong,214,fc824bfe7bf0,prepare biological samples for testing or analysis,502,aa10612f6849,7,0.9944623708724976,0.7672643661499023,1.9048813581466675,0.125,0.75,0.3461252748966217,0
embedding-data/deberta-sentence-transformer,C_lex_sem_strong,214,fc824bfe7bf0,prepare biological samples for testing or analysis,226,7e56613a2ebc,8,1.2369065284729004,0.7856487035751343,2.0890016555786133,0.125,0.75,0.6701500415802002,0
embedding-data/deberta-sentence-transformer,C_lex_sem_strong,214,fc824bfe7bf0,prepare biological samples for testing or analysis,4309,e1cc24239d78,9,1.0518403816223145,0.8088783025741577,2.321647882461548,0.0,0.8888888955116272,0.2791499197483063,1
embedding-data/deberta-sentence-transformer,C_lex_sem_strong,214,fc824bfe7bf0,prepare biological samples for testing or analysis,1712,0d23c5fd52ea,10,1.0570143032073975,0.8665986657142639,2.899721145629883,0.0,0.7272727489471436,0.23954027891159058,1
embedding-data/deberta-sentence-transformer,C_lex_sem_strong,215,79b70e0eb0dc,monitor environmental impacts of production or development activities,5020,d5543f5402aa,1,1.2903263568878174,0.5768544673919678,0.8758045434951782,0.3333333432674408,0.3333333432674408,1.0,0
embedding-data/deberta-sentence-transformer,C_lex_sem_strong,215,79b70e0eb0dc,monitor environmental impacts of production or development activities,4159,85b33a7f44f2,2,0.8455665278434753,0.7592027187347412,2.683803081512451,0.0,0.4285714328289032,0.11055292189121246,1
embedding-data/deberta-sentence-transformer,C_lex_sem_strong,215,79b70e0eb0dc,monitor environmental impacts of production or development activities,5101,0ab6c77c51b9,3,0.871580855846405,0.7149127125740051,2.244663953781128,0.0,0.8888888955116272,0.1357373148202896,1
embedding-data/deberta-sentence-transformer,C_lex_sem_strong,215,79b70e0eb0dc,monitor environmental impacts of production or development activities,3782,0d6b3a3f8dee,4,0.9741949439048767,0.7705837488174438,2.796647071838379,0.1111111119389534,1.0,0.28139492869377136,0
embedding-data/deberta-sentence-transformer,C_lex_sem_strong,215,79b70e0eb0dc,monitor environmental impacts of production or development activities,2499,f86f9d6f10a8,5,0.8198558855056762,0.7658435106277466,2.7496471405029297,0.0,0.8888888955116272,0.0,1
embedding-data/deberta-sentence-transformer,C_lex_sem_strong,215,79b70e0eb0dc,monitor environmental impacts of production or development activities,4675,cf7cdcfe72d7,6,0.8968681859970092,0.746225118637085,2.555129051208496,0.0,0.6666666865348816,0.1655859500169754,1
embedding-data/deberta-sentence-transformer,C_lex_sem_strong,215,79b70e0eb0dc,monitor environmental impacts of production or development activities,4991,7b3164b0aa43,7,0.8143150210380554,0.6488209366798401,1.5893582105636597,0.0714285746216774,0.8181818127632141,0.2381618320941925,0
embedding-data/deberta-sentence-transformer,C_lex_sem_strong,215,79b70e0eb0dc,monitor environmental impacts of production or development activities,5001,76280139c9ae,8,0.8594368863105774,0.7006257176399231,2.1030070781707764,0.0,0.8888888955116272,0.1357373148202896,1
embedding-data/deberta-sentence-transformer,C_lex_sem_strong,215,79b70e0eb0dc,monitor environmental impacts of production or development activities,1443,3d9cb8ab1a44,9,0.9869632291793823,0.85221928358078,3.6060702800750732,0.0,0.6666666865348816,0.1655859500169754,1
embedding-data/deberta-sentence-transformer,C_lex_sem_strong,215,79b70e0eb0dc,monitor environmental impacts of production or development activities,116,7588597f0f7f,10,0.8246675729751587,0.6682561039924622,1.7820595502853394,0.125,0.4444444477558136,0.26743632555007935,0
embedding-data/deberta-sentence-transformer,C_lex_sem_strong,216,f20501abeeb8,inspect condition of natural environments,4993,36ac737cbc98,1,1.4274452924728394,0.7499357461929321,1.4393136501312256,0.20000000298023224,0.5,1.0,0
embedding-data/deberta-sentence-transformer,C_lex_sem_strong,216,f20501abeeb8,inspect condition of natural environments,5101,0ab6c77c51b9,2,0.9355412888526916,0.7081087231636047,1.0176382064819336,0.0,0.75,0.255212664604187,1
embedding-data/deberta-sentence-transformer,C_lex_sem_strong,216,f20501abeeb8,inspect condition of natural environments,390,4ebe376cc0fb,3,1.0013656616210938,0.4439539611339569,-1.645415186882019,0.1428571492433548,0.8333333134651184,0.7315713763237,0
embedding-data/deberta-sentence-transformer,C_lex_sem_strong,216,f20501abeeb8,inspect condition of natural environments,4675,cf7cdcfe72d7,4,1.1177587080001832,0.8468528985977173,2.4163756370544434,0.0,1.0,0.31133392453193665,1
embedding-data/deberta-sentence-transformer,C_lex_sem_strong,216,f20501abeeb8,inspect condition of natural environments,4322,111b01115aeb,5,1.0095347929000855,0.7195305824279785,1.1327866315841675,0.0,1.0,0.31133392453193665,1
embedding-data/deberta-sentence-transformer,C_lex_sem_strong,216,f20501abeeb8,inspect condition of natural environments,1443,3d9cb8ab1a44,6,0.9617053270339966,0.7573782801628113,1.5143449306488037,0.0,1.0,0.31133392453193665,0
embedding-data/deberta-sentence-transformer,C_lex_sem_strong,216,f20501abeeb8,inspect condition of natural environments,3154,d74736c2fa1e,7,0.9800118374824524,0.7604269981384277,1.545080304145813,0.0,0.75,0.255212664604187,1
embedding-data/deberta-sentence-transformer,C_lex_sem_strong,216,f20501abeeb8,inspect condition of natural environments,2088,ec09f4cecbe4,8,0.9624452757835388,0.7397605180740356,1.3367329835891724,0.0,0.75,0.255212664604187,1
embedding-data/deberta-sentence-transformer,C_lex_sem_strong,216,f20501abeeb8,inspect condition of natural environments,4404,cf5f0f0580d7,9,0.9247993230819702,0.353875994682312,-2.553528308868408,0.1428571492433548,0.8333333134651184,0.7315713763237,0
embedding-data/deberta-sentence-transformer,C_lex_sem_strong,216,f20501abeeb8,inspect condition of natural environments,2627,13827adf3ebe,10,0.9343065786361694,0.783173680305481,1.7743990421295166,0.0,0.31578946113586426,0.22432854771614075,1
embedding-data/deberta-sentence-transformer,C_lex_sem_strong,217,e2bfb92834a7,classify organisms based on their characteristics or behavior,2975,8479908ec09d,1,1.2349017429351807,0.8071542978286743,3.680285930633545,0.125,0.4736842215061188,0.5663602948188782,1
embedding-data/deberta-sentence-transformer,C_lex_sem_strong,217,e2bfb92834a7,classify organisms based on their characteristics or behavior,551,56a1ae1d8f62,2,0.8923814296722412,0.3671981990337372,-0.8230407238006592,0.1428571492433548,0.3333333432674408,0.7405116558074951,0
embedding-data/deberta-sentence-transformer,C_lex_sem_strong,217,e2bfb92834a7,classify organisms based on their characteristics or behavior,4451,3e4d8275fe68,3,0.9155582189559937,0.3856225609779358,-0.6344516277313232,0.09090909361839294,0.8888888955116272,0.6867262721061707,0
embedding-data/deberta-sentence-transformer,C_lex_sem_strong,217,e2bfb92834a7,classify organisms based on their characteristics or behavior,2623,5b9cd334c378,4,0.8968022465705872,0.666597843170166,2.241570472717285,0.0,0.8181818127632141,0.35482272505760193,0
embedding-data/deberta-sentence-transformer,C_lex_sem_strong,217,e2bfb92834a7,classify organisms based on their characteristics or behavior,3766,94c75e9264bf,5,1.0079007148742676,0.6862730383872986,2.442963123321533,0.0,0.7777777910232544,0.4954155683517456,0
embedding-data/deberta-sentence-transformer,C_lex_sem_strong,217,e2bfb92834a7,classify organisms based on their characteristics or behavior,1078,4656b1965a99,6,1.0969109535217285,0.6858285069465637,2.43841290473938,0.0833333358168602,0.8999999761581421,0.5818428993225098,0
embedding-data/deberta-sentence-transformer,C_lex_sem_strong,217,e2bfb92834a7,classify organisms based on their characteristics or behavior,1855,20dc1dc3600c,7,1.110480785369873,0.6486291885375977,2.0576460361480713,0.09090909361839294,1.0,0.6299487948417664,0
embedding-data/deberta-sentence-transformer,C_lex_sem_strong,217,e2bfb92834a7,classify organisms based on their characteristics or behavior,1597,a45107a6bd34,8,0.9327093362808228,0.5599910020828247,1.1503584384918213,0.125,0.4444444477558136,0.5532464981079102,0
embedding-data/deberta-sentence-transformer,C_lex_sem_strong,217,e2bfb92834a7,classify organisms based on their characteristics or behavior,2088,ec09f4cecbe4,9,0.8307156133651733,0.778619647026062,3.388209581375122,0.0,0.8888888955116272,0.0,1
embedding-data/deberta-sentence-transformer,C_lex_sem_strong,217,e2bfb92834a7,classify organisms based on their characteristics or behavior,1337,284a65d8619b,10,0.8423165678977966,0.6298761963844299,1.8656930923461914,0.0,0.75,0.33131682872772217,0
embedding-data/deberta-sentence-transformer,C_lex_sem_strong,218,2f93e8f923e8,examine characteristics or behavior of living organisms,1797,b08da67facc1,1,1.3576940298080444,0.7816452980041504,2.2732808589935303,0.1428571492433548,0.625,0.8603200316429138,0
embedding-data/deberta-sentence-transformer,C_lex_sem_strong,218,2f93e8f923e8,examine characteristics or behavior of living organisms,548,0586134e1b27,2,0.8900752830505371,0.6501518487930298,0.4770737886428833,0.0,0.875,0.24278026819229126,1
embedding-data/deberta-sentence-transformer,C_lex_sem_strong,218,2f93e8f923e8,examine characteristics or behavior of living organisms,5101,0ab6c77c51b9,3,0.9182320404052734,0.6865919232368469,0.9748470187187195,0.0,1.0,0.22089840471744537,1
embedding-data/deberta-sentence-transformer,C_lex_sem_strong,218,2f93e8f923e8,examine characteristics or behavior of living organisms,2728,b12a99169d3e,4,1.1121928262710572,0.7606463432312012,1.9864342212677002,0.0,0.6153846383094788,0.4630070924758911,1
embedding-data/deberta-sentence-transformer,C_lex_sem_strong,218,2f93e8f923e8,examine characteristics or behavior of living organisms,3353,48515a626c44,5,0.8617551493644714,0.5968484878540039,-0.2510528266429901,0.0,0.625,0.3027627170085907,1
embedding-data/deberta-sentence-transformer,C_lex_sem_strong,218,2f93e8f923e8,examine characteristics or behavior of living organisms,2623,5b9cd334c378,6,0.8649354577064514,0.6398026943206787,0.3357038199901581,0.0,0.7272727489471436,0.35482272505760193,0
embedding-data/deberta-sentence-transformer,C_lex_sem_strong,218,2f93e8f923e8,examine characteristics or behavior of living organisms,3845,5bcb52a0b91e,7,0.9749790596961975,0.7533531188964844,1.8868083953857422,0.0,1.0,0.22089840471744537,1
embedding-data/deberta-sentence-transformer,C_lex_sem_strong,218,2f93e8f923e8,examine characteristics or behavior of living organisms,3766,94c75e9264bf,8,1.1005756855010986,0.783864438533783,2.3035945892333984,0.0,0.875,0.4954155683517456,0
embedding-data/deberta-sentence-transformer,C_lex_sem_strong,218,2f93e8f923e8,examine characteristics or behavior of living organisms,4031,c41b00b05cd5,9,1.0725727081298828,0.5388447046279907,-1.0433874130249023,0.125,0.625,0.7529352307319641,0
embedding-data/deberta-sentence-transformer,C_lex_sem_strong,218,2f93e8f923e8,examine characteristics or behavior of living organisms,2657,805fc5c1d17a,10,1.3058263063430786,0.6294034719467163,0.19364991784095764,0.1666666716337204,0.375,1.0,0
embedding-data/deberta-sentence-transformer,C_lex_sem_strong,219,573d5b3bbb3d,operate laboratory or field equipment,2236,4e7b71da39bd,1,1.39955735206604,0.7171263098716736,1.6912312507629395,0.20000000298023224,0.5,1.0,0
embedding-data/deberta-sentence-transformer,C_lex_sem_strong,219,573d5b3bbb3d,operate laboratory or field equipment,1337,284a65d8619b,2,0.8250855207443237,0.6208208203315735,0.3696356415748596,0.0,0.5,0.35341116786003113,0
embedding-data/deberta-sentence-transformer,C_lex_sem_strong,219,573d5b3bbb3d,operate laboratory or field equipment,2623,5b9cd334c378,3,0.8460473418235779,0.6194854974746704,0.351311057806015,0.0,0.5454545617103577,0.3784845769405365,0
embedding-data/deberta-sentence-transformer,C_lex_sem_strong,219,573d5b3bbb3d,operate laboratory or field equipment,4991,7b3164b0aa43,4,0.7611501383781433,0.7371819615364075,1.9664539098739624,0.0,0.5454545617103577,0.0,1
embedding-data/deberta-sentence-transformer,C_lex_sem_strong,219,573d5b3bbb3d,operate laboratory or field equipment,3766,94c75e9264bf,5,1.2519962358474732,0.8427820205688477,3.4155983924865723,0.0,0.8571428656578064,0.5284530520439148,1
embedding-data/deberta-sentence-transformer,C_lex_sem_strong,219,573d5b3bbb3d,operate laboratory or field equipment,2641,414d1ab8da6a,6,1.3094240427017212,0.6682155132293701,1.0200307369232178,0.1666666716337204,0.6666666865348816,0.9163439273834229,0
embedding-data/deberta-sentence-transformer,C_lex_sem_strong,219,573d5b3bbb3d,operate laboratory or field equipment,2728,b12a99169d3e,7,0.8562037348747253,0.6800382733345032,1.1822738647460938,0.0,0.4615384638309479,0.3314533829689026,0
embedding-data/deberta-sentence-transformer,C_lex_sem_strong,219,573d5b3bbb3d,operate laboratory or field equipment,4269,9c6603bfae00,8,1.1849950551986694,0.5690064430236816,-0.3414105772972107,0.1666666716337204,0.6666666865348816,0.8590565323829651,0
embedding-data/deberta-sentence-transformer,C_lex_sem_strong,219,573d5b3bbb3d,operate laboratory or field equipment,3498,9e69de35c497,9,0.7958849835395813,0.7245705127716064,1.7933876514434814,0.0,1.0,0.0,1
embedding-data/deberta-sentence-transformer,C_lex_sem_strong,219,573d5b3bbb3d,operate laboratory or field equipment,4369,da96e99c6eae,10,0.8058650660514831,0.7559196949005127,2.2235910892486572,0.0,0.8333333134651184,0.0,1
embedding-data/deberta-sentence-transformer,C_lex_sem_strong,220,7cd42be784e2,interpret design or operational test results,2208,8a2fe72edc40,1,1.4561508893966675,0.7999534010887146,1.0239880084991455,0.1666666716337204,0.4285714328289032,1.0,0
embedding-data/deberta-sentence-transformer,C_lex_sem_strong,220,7cd42be784e2,interpret design or operational test results,1284,294af0829fde,2,1.0811510848999024,0.7248284220695496,0.21089263260364532,0.1428571492433548,0.5714285969734192,0.4276179075241089,1
embedding-data/deberta-sentence-transformer,C_lex_sem_strong,220,7cd42be784e2,interpret design or operational test results,3766,94c75e9264bf,3,1.2978789377212525,0.8599606156349182,1.6734601259231567,0.0,1.0,0.5527319312095642,1
embedding-data/deberta-sentence-transformer,C_lex_sem_strong,220,7cd42be784e2,interpret design or operational test results,501,7e5e0cba4215,4,1.1715707778930664,0.6788750290870667,-0.28647175431251526,0.1428571492433548,0.7142857313156128,0.7064671516418457,0
embedding-data/deberta-sentence-transformer,C_lex_sem_strong,220,7cd42be784e2,interpret design or operational test results,4058,74fe0528c27f,5,1.4352911281585694,0.9155876040458679,2.275524139404297,0.1111111119389534,0.8571428656578064,0.6701500415802002,1
embedding-data/deberta-sentence-transformer,C_lex_sem_strong,220,7cd42be784e2,interpret design or operational test results,116,7588597f0f7f,6,1.1949172019958496,0.7529566287994385,0.5153308510780334,0.1428571492433548,0.5714285969734192,0.6702709197998047,0
embedding-data/deberta-sentence-transformer,C_lex_sem_strong,220,7cd42be784e2,interpret design or operational test results,4035,02bd3f0a6aec,7,1.0980165767669678,0.792697548866272,0.9454561471939087,0.125,0.8571428656578064,0.333584725856781,1
embedding-data/deberta-sentence-transformer,C_lex_sem_strong,220,7cd42be784e2,interpret design or operational test results,3459,cc4e09d0f3d3,8,1.1028451919555664,0.6446366310119629,-0.6570419669151306,0.1428571492433548,0.5714285969734192,0.6702709197998047,0
embedding-data/deberta-sentence-transformer,C_lex_sem_strong,220,7cd42be784e2,interpret design or operational test results,4860,73e5e6cb0b2a,9,1.2154693174362183,0.8314253687858582,1.3646165132522583,0.10000000149011612,0.7777777910232544,0.47282859683036804,1
embedding-data/deberta-sentence-transformer,C_lex_sem_strong,220,7cd42be784e2,interpret design or operational test results,2688,0950dcce7437,10,1.2263826131820679,0.7899748086929321,0.9159873127937317,0.1428571492433548,0.5714285969734192,0.6702709197998047,0
